ISO-10303-21;
HEADER;
/* Generated by software containing ST-Developer
 * from STEP Tools, Inc. (www.steptools.com) 
 */

FILE_DESCRIPTION(
/* description */ (''),
/* implementation_level */ '2;1');

FILE_NAME(
/* name */ '',
/* time_stamp */ '2026-09-21T11:58:58+08:00',
/* author */ (''),
/* organization */ (''),
/* preprocessor_version */ 'ST-DEVELOPER v20.2',
/* originating_system */ 'Autodesk Translation Framework v15.15.0.0',
/* authorisation */ '');

FILE_SCHEMA (('AUTOMOTIVE_DESIGN { 1 0 10303 214 3 1 1 }'));
ENDSEC;

DATA;
#10=MECHANICAL_DESIGN_GEOMETRIC_PRESENTATION_REPRESENTATION('',(#13),#10605);
#11=SHAPE_REPRESENTATION_RELATIONSHIP('SRR','None',#10612,#12);
#12=ADVANCED_BREP_SHAPE_REPRESENTATION('',(#14),#10604);
#13=STYLED_ITEM('',(#10622),#14);
#14=MANIFOLD_SOLID_BREP('\X2\5B9E4F53\X0\1',#971);
#15=ELLIPSE('',#1035,9.19239227851339,6.50000008046899);
#16=ELLIPSE('',#1038,9.19239237355017,6.50000008046896);
#17=ELLIPSE('',#1041,9.19239332759165,6.50000008046893);
#18=ELLIPSE('',#1043,9.19239333432142,6.50000008046893);
#19=ELLIPSE('',#1045,9.1923926797341,6.50000008046893);
#20=ELLIPSE('',#1047,9.19239354976468,6.50000008046895);
#21=ELLIPSE('',#1048,9.19239354976474,6.50000008046895);
#22=ELLIPSE('',#1050,9.19239267973408,6.50000008046893);
#23=CONICAL_SURFACE('',#1015,7.900724330323,0.000481472511082935);
#24=B_SPLINE_SURFACE_WITH_KNOTS('',5,5,((#1459,#1460,#1461,#1462,#1463,
#1464,#1465,#1466,#1467,#1468,#1469,#1470,#1471,#1472,#1473,#1474,#1475,
#1476,#1477,#1478,#1479,#1480,#1481,#1482,#1483,#1484,#1485,#1486,#1487,
#1488,#1489,#1490,#1491,#1492,#1493,#1494,#1495,#1496,#1497,#1498,#1499,
#1500,#1501,#1502,#1503,#1504,#1505,#1506,#1507,#1508,#1509,#1510,#1511,
#1512,#1513,#1514,#1515,#1516,#1517,#1518,#1519,#1520,#1521,#1522,#1523,
#1524,#1525,#1526,#1527,#1528,#1529,#1530,#1531,#1532,#1533,#1534,#1535,
#1536,#1537,#1538,#1539,#1540,#1541,#1542,#1543,#1544,#1545),(#1546,#1547,
#1548,#1549,#1550,#1551,#1552,#1553,#1554,#1555,#1556,#1557,#1558,#1559,
#1560,#1561,#1562,#1563,#1564,#1565,#1566,#1567,#1568,#1569,#1570,#1571,
#1572,#1573,#1574,#1575,#1576,#1577,#1578,#1579,#1580,#1581,#1582,#1583,
#1584,#1585,#1586,#1587,#1588,#1589,#1590,#1591,#1592,#1593,#1594,#1595,
#1596,#1597,#1598,#1599,#1600,#1601,#1602,#1603,#1604,#1605,#1606,#1607,
#1608,#1609,#1610,#1611,#1612,#1613,#1614,#1615,#1616,#1617,#1618,#1619,
#1620,#1621,#1622,#1623,#1624,#1625,#1626,#1627,#1628,#1629,#1630,#1631,
#1632),(#1633,#1634,#1635,#1636,#1637,#1638,#1639,#1640,#1641,#1642,#1643,
#1644,#1645,#1646,#1647,#1648,#1649,#1650,#1651,#1652,#1653,#1654,#1655,
#1656,#1657,#1658,#1659,#1660,#1661,#1662,#1663,#1664,#1665,#1666,#1667,
#1668,#1669,#1670,#1671,#1672,#1673,#1674,#1675,#1676,#1677,#1678,#1679,
#1680,#1681,#1682,#1683,#1684,#1685,#1686,#1687,#1688,#1689,#1690,#1691,
#1692,#1693,#1694,#1695,#1696,#1697,#1698,#1699,#1700,#1701,#1702,#1703,
#1704,#1705,#1706,#1707,#1708,#1709,#1710,#1711,#1712,#1713,#1714,#1715,
#1716,#1717,#1718,#1719),(#1720,#1721,#1722,#1723,#1724,#1725,#1726,#1727,
#1728,#1729,#1730,#1731,#1732,#1733,#1734,#1735,#1736,#1737,#1738,#1739,
#1740,#1741,#1742,#1743,#1744,#1745,#1746,#1747,#1748,#1749,#1750,#1751,
#1752,#1753,#1754,#1755,#1756,#1757,#1758,#1759,#1760,#1761,#1762,#1763,
#1764,#1765,#1766,#1767,#1768,#1769,#1770,#1771,#1772,#1773,#1774,#1775,
#1776,#1777,#1778,#1779,#1780,#1781,#1782,#1783,#1784,#1785,#1786,#1787,
#1788,#1789,#1790,#1791,#1792,#1793,#1794,#1795,#1796,#1797,#1798,#1799,
#1800,#1801,#1802,#1803,#1804,#1805,#1806),(#1807,#1808,#1809,#1810,#1811,
#1812,#1813,#1814,#1815,#1816,#1817,#1818,#1819,#1820,#1821,#1822,#1823,
#1824,#1825,#1826,#1827,#1828,#1829,#1830,#1831,#1832,#1833,#1834,#1835,
#1836,#1837,#1838,#1839,#1840,#1841,#1842,#1843,#1844,#1845,#1846,#1847,
#1848,#1849,#1850,#1851,#1852,#1853,#1854,#1855,#1856,#1857,#1858,#1859,
#1860,#1861,#1862,#1863,#1864,#1865,#1866,#1867,#1868,#1869,#1870,#1871,
#1872,#1873,#1874,#1875,#1876,#1877,#1878,#1879,#1880,#1881,#1882,#1883,
#1884,#1885,#1886,#1887,#1888,#1889,#1890,#1891,#1892,#1893),(#1894,#1895,
#1896,#1897,#1898,#1899,#1900,#1901,#1902,#1903,#1904,#1905,#1906,#1907,
#1908,#1909,#1910,#1911,#1912,#1913,#1914,#1915,#1916,#1917,#1918,#1919,
#1920,#1921,#1922,#1923,#1924,#1925,#1926,#1927,#1928,#1929,#1930,#1931,
#1932,#1933,#1934,#1935,#1936,#1937,#1938,#1939,#1940,#1941,#1942,#1943,
#1944,#1945,#1946,#1947,#1948,#1949,#1950,#1951,#1952,#1953,#1954,#1955,
#1956,#1957,#1958,#1959,#1960,#1961,#1962,#1963,#1964,#1965,#1966,#1967,
#1968,#1969,#1970,#1971,#1972,#1973,#1974,#1975,#1976,#1977,#1978,#1979,
#1980),(#1981,#1982,#1983,#1984,#1985,#1986,#1987,#1988,#1989,#1990,#1991,
#1992,#1993,#1994,#1995,#1996,#1997,#1998,#1999,#2000,#2001,#2002,#2003,
#2004,#2005,#2006,#2007,#2008,#2009,#2010,#2011,#2012,#2013,#2014,#2015,
#2016,#2017,#2018,#2019,#2020,#2021,#2022,#2023,#2024,#2025,#2026,#2027,
#2028,#2029,#2030,#2031,#2032,#2033,#2034,#2035,#2036,#2037,#2038,#2039,
#2040,#2041,#2042,#2043,#2044,#2045,#2046,#2047,#2048,#2049,#2050,#2051,
#2052,#2053,#2054,#2055,#2056,#2057,#2058,#2059,#2060,#2061,#2062,#2063,
#2064,#2065,#2066,#2067),(#2068,#2069,#2070,#2071,#2072,#2073,#2074,#2075,
#2076,#2077,#2078,#2079,#2080,#2081,#2082,#2083,#2084,#2085,#2086,#2087,
#2088,#2089,#2090,#2091,#2092,#2093,#2094,#2095,#2096,#2097,#2098,#2099,
#2100,#2101,#2102,#2103,#2104,#2105,#2106,#2107,#2108,#2109,#2110,#2111,
#2112,#2113,#2114,#2115,#2116,#2117,#2118,#2119,#2120,#2121,#2122,#2123,
#2124,#2125,#2126,#2127,#2128,#2129,#2130,#2131,#2132,#2133,#2134,#2135,
#2136,#2137,#2138,#2139,#2140,#2141,#2142,#2143,#2144,#2145,#2146,#2147,
#2148,#2149,#2150,#2151,#2152,#2153,#2154),(#2155,#2156,#2157,#2158,#2159,
#2160,#2161,#2162,#2163,#2164,#2165,#2166,#2167,#2168,#2169,#2170,#2171,
#2172,#2173,#2174,#2175,#2176,#2177,#2178,#2179,#2180,#2181,#2182,#2183,
#2184,#2185,#2186,#2187,#2188,#2189,#2190,#2191,#2192,#2193,#2194,#2195,
#2196,#2197,#2198,#2199,#2200,#2201,#2202,#2203,#2204,#2205,#2206,#2207,
#2208,#2209,#2210,#2211,#2212,#2213,#2214,#2215,#2216,#2217,#2218,#2219,
#2220,#2221,#2222,#2223,#2224,#2225,#2226,#2227,#2228,#2229,#2230,#2231,
#2232,#2233,#2234,#2235,#2236,#2237,#2238,#2239,#2240,#2241),(#2242,#2243,
#2244,#2245,#2246,#2247,#2248,#2249,#2250,#2251,#2252,#2253,#2254,#2255,
#2256,#2257,#2258,#2259,#2260,#2261,#2262,#2263,#2264,#2265,#2266,#2267,
#2268,#2269,#2270,#2271,#2272,#2273,#2274,#2275,#2276,#2277,#2278,#2279,
#2280,#2281,#2282,#2283,#2284,#2285,#2286,#2287,#2288,#2289,#2290,#2291,
#2292,#2293,#2294,#2295,#2296,#2297,#2298,#2299,#2300,#2301,#2302,#2303,
#2304,#2305,#2306,#2307,#2308,#2309,#2310,#2311,#2312,#2313,#2314,#2315,
#2316,#2317,#2318,#2319,#2320,#2321,#2322,#2323,#2324,#2325,#2326,#2327,
#2328),(#2329,#2330,#2331,#2332,#2333,#2334,#2335,#2336,#2337,#2338,#2339,
#2340,#2341,#2342,#2343,#2344,#2345,#2346,#2347,#2348,#2349,#2350,#2351,
#2352,#2353,#2354,#2355,#2356,#2357,#2358,#2359,#2360,#2361,#2362,#2363,
#2364,#2365,#2366,#2367,#2368,#2369,#2370,#2371,#2372,#2373,#2374,#2375,
#2376,#2377,#2378,#2379,#2380,#2381,#2382,#2383,#2384,#2385,#2386,#2387,
#2388,#2389,#2390,#2391,#2392,#2393,#2394,#2395,#2396,#2397,#2398,#2399,
#2400,#2401,#2402,#2403,#2404,#2405,#2406,#2407,#2408,#2409,#2410,#2411,
#2412,#2413,#2414,#2415),(#2416,#2417,#2418,#2419,#2420,#2421,#2422,#2423,
#2424,#2425,#2426,#2427,#2428,#2429,#2430,#2431,#2432,#2433,#2434,#2435,
#2436,#2437,#2438,#2439,#2440,#2441,#2442,#2443,#2444,#2445,#2446,#2447,
#2448,#2449,#2450,#2451,#2452,#2453,#2454,#2455,#2456,#2457,#2458,#2459,
#2460,#2461,#2462,#2463,#2464,#2465,#2466,#2467,#2468,#2469,#2470,#2471,
#2472,#2473,#2474,#2475,#2476,#2477,#2478,#2479,#2480,#2481,#2482,#2483,
#2484,#2485,#2486,#2487,#2488,#2489,#2490,#2491,#2492,#2493,#2494,#2495,
#2496,#2497,#2498,#2499,#2500,#2501,#2502),(#2503,#2504,#2505,#2506,#2507,
#2508,#2509,#2510,#2511,#2512,#2513,#2514,#2515,#2516,#2517,#2518,#2519,
#2520,#2521,#2522,#2523,#2524,#2525,#2526,#2527,#2528,#2529,#2530,#2531,
#2532,#2533,#2534,#2535,#2536,#2537,#2538,#2539,#2540,#2541,#2542,#2543,
#2544,#2545,#2546,#2547,#2548,#2549,#2550,#2551,#2552,#2553,#2554,#2555,
#2556,#2557,#2558,#2559,#2560,#2561,#2562,#2563,#2564,#2565,#2566,#2567,
#2568,#2569,#2570,#2571,#2572,#2573,#2574,#2575,#2576,#2577,#2578,#2579,
#2580,#2581,#2582,#2583,#2584,#2585,#2586,#2587,#2588,#2589),(#2590,#2591,
#2592,#2593,#2594,#2595,#2596,#2597,#2598,#2599,#2600,#2601,#2602,#2603,
#2604,#2605,#2606,#2607,#2608,#2609,#2610,#2611,#2612,#2613,#2614,#2615,
#2616,#2617,#2618,#2619,#2620,#2621,#2622,#2623,#2624,#2625,#2626,#2627,
#2628,#2629,#2630,#2631,#2632,#2633,#2634,#2635,#2636,#2637,#2638,#2639,
#2640,#2641,#2642,#2643,#2644,#2645,#2646,#2647,#2648,#2649,#2650,#2651,
#2652,#2653,#2654,#2655,#2656,#2657,#2658,#2659,#2660,#2661,#2662,#2663,
#2664,#2665,#2666,#2667,#2668,#2669,#2670,#2671,#2672,#2673,#2674,#2675,
#2676),(#2677,#2678,#2679,#2680,#2681,#2682,#2683,#2684,#2685,#2686,#2687,
#2688,#2689,#2690,#2691,#2692,#2693,#2694,#2695,#2696,#2697,#2698,#2699,
#2700,#2701,#2702,#2703,#2704,#2705,#2706,#2707,#2708,#2709,#2710,#2711,
#2712,#2713,#2714,#2715,#2716,#2717,#2718,#2719,#2720,#2721,#2722,#2723,
#2724,#2725,#2726,#2727,#2728,#2729,#2730,#2731,#2732,#2733,#2734,#2735,
#2736,#2737,#2738,#2739,#2740,#2741,#2742,#2743,#2744,#2745,#2746,#2747,
#2748,#2749,#2750,#2751,#2752,#2753,#2754,#2755,#2756,#2757,#2758,#2759,
#2760,#2761,#2762,#2763),(#2764,#2765,#2766,#2767,#2768,#2769,#2770,#2771,
#2772,#2773,#2774,#2775,#2776,#2777,#2778,#2779,#2780,#2781,#2782,#2783,
#2784,#2785,#2786,#2787,#2788,#2789,#2790,#2791,#2792,#2793,#2794,#2795,
#2796,#2797,#2798,#2799,#2800,#2801,#2802,#2803,#2804,#2805,#2806,#2807,
#2808,#2809,#2810,#2811,#2812,#2813,#2814,#2815,#2816,#2817,#2818,#2819,
#2820,#2821,#2822,#2823,#2824,#2825,#2826,#2827,#2828,#2829,#2830,#2831,
#2832,#2833,#2834,#2835,#2836,#2837,#2838,#2839,#2840,#2841,#2842,#2843,
#2844,#2845,#2846,#2847,#2848,#2849,#2850),(#2851,#2852,#2853,#2854,#2855,
#2856,#2857,#2858,#2859,#2860,#2861,#2862,#2863,#2864,#2865,#2866,#2867,
#2868,#2869,#2870,#2871,#2872,#2873,#2874,#2875,#2876,#2877,#2878,#2879,
#2880,#2881,#2882,#2883,#2884,#2885,#2886,#2887,#2888,#2889,#2890,#2891,
#2892,#2893,#2894,#2895,#2896,#2897,#2898,#2899,#2900,#2901,#2902,#2903,
#2904,#2905,#2906,#2907,#2908,#2909,#2910,#2911,#2912,#2913,#2914,#2915,
#2916,#2917,#2918,#2919,#2920,#2921,#2922,#2923,#2924,#2925,#2926,#2927,
#2928,#2929,#2930,#2931,#2932,#2933,#2934,#2935,#2936,#2937),(#2938,#2939,
#2940,#2941,#2942,#2943,#2944,#2945,#2946,#2947,#2948,#2949,#2950,#2951,
#2952,#2953,#2954,#2955,#2956,#2957,#2958,#2959,#2960,#2961,#2962,#2963,
#2964,#2965,#2966,#2967,#2968,#2969,#2970,#2971,#2972,#2973,#2974,#2975,
#2976,#2977,#2978,#2979,#2980,#2981,#2982,#2983,#2984,#2985,#2986,#2987,
#2988,#2989,#2990,#2991,#2992,#2993,#2994,#2995,#2996,#2997,#2998,#2999,
#3000,#3001,#3002,#3003,#3004,#3005,#3006,#3007,#3008,#3009,#3010,#3011,
#3012,#3013,#3014,#3015,#3016,#3017,#3018,#3019,#3020,#3021,#3022,#3023,
#3024),(#3025,#3026,#3027,#3028,#3029,#3030,#3031,#3032,#3033,#3034,#3035,
#3036,#3037,#3038,#3039,#3040,#3041,#3042,#3043,#3044,#3045,#3046,#3047,
#3048,#3049,#3050,#3051,#3052,#3053,#3054,#3055,#3056,#3057,#3058,#3059,
#3060,#3061,#3062,#3063,#3064,#3065,#3066,#3067,#3068,#3069,#3070,#3071,
#3072,#3073,#3074,#3075,#3076,#3077,#3078,#3079,#3080,#3081,#3082,#3083,
#3084,#3085,#3086,#3087,#3088,#3089,#3090,#3091,#3092,#3093,#3094,#3095,
#3096,#3097,#3098,#3099,#3100,#3101,#3102,#3103,#3104,#3105,#3106,#3107,
#3108,#3109,#3110,#3111),(#3112,#3113,#3114,#3115,#3116,#3117,#3118,#3119,
#3120,#3121,#3122,#3123,#3124,#3125,#3126,#3127,#3128,#3129,#3130,#3131,
#3132,#3133,#3134,#3135,#3136,#3137,#3138,#3139,#3140,#3141,#3142,#3143,
#3144,#3145,#3146,#3147,#3148,#3149,#3150,#3151,#3152,#3153,#3154,#3155,
#3156,#3157,#3158,#3159,#3160,#3161,#3162,#3163,#3164,#3165,#3166,#3167,
#3168,#3169,#3170,#3171,#3172,#3173,#3174,#3175,#3176,#3177,#3178,#3179,
#3180,#3181,#3182,#3183,#3184,#3185,#3186,#3187,#3188,#3189,#3190,#3191,
#3192,#3193,#3194,#3195,#3196,#3197,#3198),(#3199,#3200,#3201,#3202,#3203,
#3204,#3205,#3206,#3207,#3208,#3209,#3210,#3211,#3212,#3213,#3214,#3215,
#3216,#3217,#3218,#3219,#3220,#3221,#3222,#3223,#3224,#3225,#3226,#3227,
#3228,#3229,#3230,#3231,#3232,#3233,#3234,#3235,#3236,#3237,#3238,#3239,
#3240,#3241,#3242,#3243,#3244,#3245,#3246,#3247,#3248,#3249,#3250,#3251,
#3252,#3253,#3254,#3255,#3256,#3257,#3258,#3259,#3260,#3261,#3262,#3263,
#3264,#3265,#3266,#3267,#3268,#3269,#3270,#3271,#3272,#3273,#3274,#3275,
#3276,#3277,#3278,#3279,#3280,#3281,#3282,#3283,#3284,#3285),(#3286,#3287,
#3288,#3289,#3290,#3291,#3292,#3293,#3294,#3295,#3296,#3297,#3298,#3299,
#3300,#3301,#3302,#3303,#3304,#3305,#3306,#3307,#3308,#3309,#3310,#3311,
#3312,#3313,#3314,#3315,#3316,#3317,#3318,#3319,#3320,#3321,#3322,#3323,
#3324,#3325,#3326,#3327,#3328,#3329,#3330,#3331,#3332,#3333,#3334,#3335,
#3336,#3337,#3338,#3339,#3340,#3341,#3342,#3343,#3344,#3345,#3346,#3347,
#3348,#3349,#3350,#3351,#3352,#3353,#3354,#3355,#3356,#3357,#3358,#3359,
#3360,#3361,#3362,#3363,#3364,#3365,#3366,#3367,#3368,#3369,#3370,#3371,
#3372),(#3373,#3374,#3375,#3376,#3377,#3378,#3379,#3380,#3381,#3382,#3383,
#3384,#3385,#3386,#3387,#3388,#3389,#3390,#3391,#3392,#3393,#3394,#3395,
#3396,#3397,#3398,#3399,#3400,#3401,#3402,#3403,#3404,#3405,#3406,#3407,
#3408,#3409,#3410,#3411,#3412,#3413,#3414,#3415,#3416,#3417,#3418,#3419,
#3420,#3421,#3422,#3423,#3424,#3425,#3426,#3427,#3428,#3429,#3430,#3431,
#3432,#3433,#3434,#3435,#3436,#3437,#3438,#3439,#3440,#3441,#3442,#3443,
#3444,#3445,#3446,#3447,#3448,#3449,#3450,#3451,#3452,#3453,#3454,#3455,
#3456,#3457,#3458,#3459),(#3460,#3461,#3462,#3463,#3464,#3465,#3466,#3467,
#3468,#3469,#3470,#3471,#3472,#3473,#3474,#3475,#3476,#3477,#3478,#3479,
#3480,#3481,#3482,#3483,#3484,#3485,#3486,#3487,#3488,#3489,#3490,#3491,
#3492,#3493,#3494,#3495,#3496,#3497,#3498,#3499,#3500,#3501,#3502,#3503,
#3504,#3505,#3506,#3507,#3508,#3509,#3510,#3511,#3512,#3513,#3514,#3515,
#3516,#3517,#3518,#3519,#3520,#3521,#3522,#3523,#3524,#3525,#3526,#3527,
#3528,#3529,#3530,#3531,#3532,#3533,#3534,#3535,#3536,#3537,#3538,#3539,
#3540,#3541,#3542,#3543,#3544,#3545,#3546),(#3547,#3548,#3549,#3550,#3551,
#3552,#3553,#3554,#3555,#3556,#3557,#3558,#3559,#3560,#3561,#3562,#3563,
#3564,#3565,#3566,#3567,#3568,#3569,#3570,#3571,#3572,#3573,#3574,#3575,
#3576,#3577,#3578,#3579,#3580,#3581,#3582,#3583,#3584,#3585,#3586,#3587,
#3588,#3589,#3590,#3591,#3592,#3593,#3594,#3595,#3596,#3597,#3598,#3599,
#3600,#3601,#3602,#3603,#3604,#3605,#3606,#3607,#3608,#3609,#3610,#3611,
#3612,#3613,#3614,#3615,#3616,#3617,#3618,#3619,#3620,#3621,#3622,#3623,
#3624,#3625,#3626,#3627,#3628,#3629,#3630,#3631,#3632,#3633),(#3634,#3635,
#3636,#3637,#3638,#3639,#3640,#3641,#3642,#3643,#3644,#3645,#3646,#3647,
#3648,#3649,#3650,#3651,#3652,#3653,#3654,#3655,#3656,#3657,#3658,#3659,
#3660,#3661,#3662,#3663,#3664,#3665,#3666,#3667,#3668,#3669,#3670,#3671,
#3672,#3673,#3674,#3675,#3676,#3677,#3678,#3679,#3680,#3681,#3682,#3683,
#3684,#3685,#3686,#3687,#3688,#3689,#3690,#3691,#3692,#3693,#3694,#3695,
#3696,#3697,#3698,#3699,#3700,#3701,#3702,#3703,#3704,#3705,#3706,#3707,
#3708,#3709,#3710,#3711,#3712,#3713,#3714,#3715,#3716,#3717,#3718,#3719,
#3720),(#3721,#3722,#3723,#3724,#3725,#3726,#3727,#3728,#3729,#3730,#3731,
#3732,#3733,#3734,#3735,#3736,#3737,#3738,#3739,#3740,#3741,#3742,#3743,
#3744,#3745,#3746,#3747,#3748,#3749,#3750,#3751,#3752,#3753,#3754,#3755,
#3756,#3757,#3758,#3759,#3760,#3761,#3762,#3763,#3764,#3765,#3766,#3767,
#3768,#3769,#3770,#3771,#3772,#3773,#3774,#3775,#3776,#3777,#3778,#3779,
#3780,#3781,#3782,#3783,#3784,#3785,#3786,#3787,#3788,#3789,#3790,#3791,
#3792,#3793,#3794,#3795,#3796,#3797,#3798,#3799,#3800,#3801,#3802,#3803,
#3804,#3805,#3806,#3807),(#3808,#3809,#3810,#3811,#3812,#3813,#3814,#3815,
#3816,#3817,#3818,#3819,#3820,#3821,#3822,#3823,#3824,#3825,#3826,#3827,
#3828,#3829,#3830,#3831,#3832,#3833,#3834,#3835,#3836,#3837,#3838,#3839,
#3840,#3841,#3842,#3843,#3844,#3845,#3846,#3847,#3848,#3849,#3850,#3851,
#3852,#3853,#3854,#3855,#3856,#3857,#3858,#3859,#3860,#3861,#3862,#3863,
#3864,#3865,#3866,#3867,#3868,#3869,#3870,#3871,#3872,#3873,#3874,#3875,
#3876,#3877,#3878,#3879,#3880,#3881,#3882,#3883,#3884,#3885,#3886,#3887,
#3888,#3889,#3890,#3891,#3892,#3893,#3894),(#3895,#3896,#3897,#3898,#3899,
#3900,#3901,#3902,#3903,#3904,#3905,#3906,#3907,#3908,#3909,#3910,#3911,
#3912,#3913,#3914,#3915,#3916,#3917,#3918,#3919,#3920,#3921,#3922,#3923,
#3924,#3925,#3926,#3927,#3928,#3929,#3930,#3931,#3932,#3933,#3934,#3935,
#3936,#3937,#3938,#3939,#3940,#3941,#3942,#3943,#3944,#3945,#3946,#3947,
#3948,#3949,#3950,#3951,#3952,#3953,#3954,#3955,#3956,#3957,#3958,#3959,
#3960,#3961,#3962,#3963,#3964,#3965,#3966,#3967,#3968,#3969,#3970,#3971,
#3972,#3973,#3974,#3975,#3976,#3977,#3978,#3979,#3980,#3981),(#3982,#3983,
#3984,#3985,#3986,#3987,#3988,#3989,#3990,#3991,#3992,#3993,#3994,#3995,
#3996,#3997,#3998,#3999,#4000,#4001,#4002,#4003,#4004,#4005,#4006,#4007,
#4008,#4009,#4010,#4011,#4012,#4013,#4014,#4015,#4016,#4017,#4018,#4019,
#4020,#4021,#4022,#4023,#4024,#4025,#4026,#4027,#4028,#4029,#4030,#4031,
#4032,#4033,#4034,#4035,#4036,#4037,#4038,#4039,#4040,#4041,#4042,#4043,
#4044,#4045,#4046,#4047,#4048,#4049,#4050,#4051,#4052,#4053,#4054,#4055,
#4056,#4057,#4058,#4059,#4060,#4061,#4062,#4063,#4064,#4065,#4066,#4067,
#4068),(#4069,#4070,#4071,#4072,#4073,#4074,#4075,#4076,#4077,#4078,#4079,
#4080,#4081,#4082,#4083,#4084,#4085,#4086,#4087,#4088,#4089,#4090,#4091,
#4092,#4093,#4094,#4095,#4096,#4097,#4098,#4099,#4100,#4101,#4102,#4103,
#4104,#4105,#4106,#4107,#4108,#4109,#4110,#4111,#4112,#4113,#4114,#4115,
#4116,#4117,#4118,#4119,#4120,#4121,#4122,#4123,#4124,#4125,#4126,#4127,
#4128,#4129,#4130,#4131,#4132,#4133,#4134,#4135,#4136,#4137,#4138,#4139,
#4140,#4141,#4142,#4143,#4144,#4145,#4146,#4147,#4148,#4149,#4150,#4151,
#4152,#4153,#4154,#4155),(#4156,#4157,#4158,#4159,#4160,#4161,#4162,#4163,
#4164,#4165,#4166,#4167,#4168,#4169,#4170,#4171,#4172,#4173,#4174,#4175,
#4176,#4177,#4178,#4179,#4180,#4181,#4182,#4183,#4184,#4185,#4186,#4187,
#4188,#4189,#4190,#4191,#4192,#4193,#4194,#4195,#4196,#4197,#4198,#4199,
#4200,#4201,#4202,#4203,#4204,#4205,#4206,#4207,#4208,#4209,#4210,#4211,
#4212,#4213,#4214,#4215,#4216,#4217,#4218,#4219,#4220,#4221,#4222,#4223,
#4224,#4225,#4226,#4227,#4228,#4229,#4230,#4231,#4232,#4233,#4234,#4235,
#4236,#4237,#4238,#4239,#4240,#4241,#4242),(#4243,#4244,#4245,#4246,#4247,
#4248,#4249,#4250,#4251,#4252,#4253,#4254,#4255,#4256,#4257,#4258,#4259,
#4260,#4261,#4262,#4263,#4264,#4265,#4266,#4267,#4268,#4269,#4270,#4271,
#4272,#4273,#4274,#4275,#4276,#4277,#4278,#4279,#4280,#4281,#4282,#4283,
#4284,#4285,#4286,#4287,#4288,#4289,#4290,#4291,#4292,#4293,#4294,#4295,
#4296,#4297,#4298,#4299,#4300,#4301,#4302,#4303,#4304,#4305,#4306,#4307,
#4308,#4309,#4310,#4311,#4312,#4313,#4314,#4315,#4316,#4317,#4318,#4319,
#4320,#4321,#4322,#4323,#4324,#4325,#4326,#4327,#4328,#4329),(#4330,#4331,
#4332,#4333,#4334,#4335,#4336,#4337,#4338,#4339,#4340,#4341,#4342,#4343,
#4344,#4345,#4346,#4347,#4348,#4349,#4350,#4351,#4352,#4353,#4354,#4355,
#4356,#4357,#4358,#4359,#4360,#4361,#4362,#4363,#4364,#4365,#4366,#4367,
#4368,#4369,#4370,#4371,#4372,#4373,#4374,#4375,#4376,#4377,#4378,#4379,
#4380,#4381,#4382,#4383,#4384,#4385,#4386,#4387,#4388,#4389,#4390,#4391,
#4392,#4393,#4394,#4395,#4396,#4397,#4398,#4399,#4400,#4401,#4402,#4403,
#4404,#4405,#4406,#4407,#4408,#4409,#4410,#4411,#4412,#4413,#4414,#4415,
#4416),(#4417,#4418,#4419,#4420,#4421,#4422,#4423,#4424,#4425,#4426,#4427,
#4428,#4429,#4430,#4431,#4432,#4433,#4434,#4435,#4436,#4437,#4438,#4439,
#4440,#4441,#4442,#4443,#4444,#4445,#4446,#4447,#4448,#4449,#4450,#4451,
#4452,#4453,#4454,#4455,#4456,#4457,#4458,#4459,#4460,#4461,#4462,#4463,
#4464,#4465,#4466,#4467,#4468,#4469,#4470,#4471,#4472,#4473,#4474,#4475,
#4476,#4477,#4478,#4479,#4480,#4481,#4482,#4483,#4484,#4485,#4486,#4487,
#4488,#4489,#4490,#4491,#4492,#4493,#4494,#4495,#4496,#4497,#4498,#4499,
#4500,#4501,#4502,#4503),(#4504,#4505,#4506,#4507,#4508,#4509,#4510,#4511,
#4512,#4513,#4514,#4515,#4516,#4517,#4518,#4519,#4520,#4521,#4522,#4523,
#4524,#4525,#4526,#4527,#4528,#4529,#4530,#4531,#4532,#4533,#4534,#4535,
#4536,#4537,#4538,#4539,#4540,#4541,#4542,#4543,#4544,#4545,#4546,#4547,
#4548,#4549,#4550,#4551,#4552,#4553,#4554,#4555,#4556,#4557,#4558,#4559,
#4560,#4561,#4562,#4563,#4564,#4565,#4566,#4567,#4568,#4569,#4570,#4571,
#4572,#4573,#4574,#4575,#4576,#4577,#4578,#4579,#4580,#4581,#4582,#4583,
#4584,#4585,#4586,#4587,#4588,#4589,#4590),(#4591,#4592,#4593,#4594,#4595,
#4596,#4597,#4598,#4599,#4600,#4601,#4602,#4603,#4604,#4605,#4606,#4607,
#4608,#4609,#4610,#4611,#4612,#4613,#4614,#4615,#4616,#4617,#4618,#4619,
#4620,#4621,#4622,#4623,#4624,#4625,#4626,#4627,#4628,#4629,#4630,#4631,
#4632,#4633,#4634,#4635,#4636,#4637,#4638,#4639,#4640,#4641,#4642,#4643,
#4644,#4645,#4646,#4647,#4648,#4649,#4650,#4651,#4652,#4653,#4654,#4655,
#4656,#4657,#4658,#4659,#4660,#4661,#4662,#4663,#4664,#4665,#4666,#4667,
#4668,#4669,#4670,#4671,#4672,#4673,#4674,#4675,#4676,#4677),(#4678,#4679,
#4680,#4681,#4682,#4683,#4684,#4685,#4686,#4687,#4688,#4689,#4690,#4691,
#4692,#4693,#4694,#4695,#4696,#4697,#4698,#4699,#4700,#4701,#4702,#4703,
#4704,#4705,#4706,#4707,#4708,#4709,#4710,#4711,#4712,#4713,#4714,#4715,
#4716,#4717,#4718,#4719,#4720,#4721,#4722,#4723,#4724,#4725,#4726,#4727,
#4728,#4729,#4730,#4731,#4732,#4733,#4734,#4735,#4736,#4737,#4738,#4739,
#4740,#4741,#4742,#4743,#4744,#4745,#4746,#4747,#4748,#4749,#4750,#4751,
#4752,#4753,#4754,#4755,#4756,#4757,#4758,#4759,#4760,#4761,#4762,#4763,
#4764),(#4765,#4766,#4767,#4768,#4769,#4770,#4771,#4772,#4773,#4774,#4775,
#4776,#4777,#4778,#4779,#4780,#4781,#4782,#4783,#4784,#4785,#4786,#4787,
#4788,#4789,#4790,#4791,#4792,#4793,#4794,#4795,#4796,#4797,#4798,#4799,
#4800,#4801,#4802,#4803,#4804,#4805,#4806,#4807,#4808,#4809,#4810,#4811,
#4812,#4813,#4814,#4815,#4816,#4817,#4818,#4819,#4820,#4821,#4822,#4823,
#4824,#4825,#4826,#4827,#4828,#4829,#4830,#4831,#4832,#4833,#4834,#4835,
#4836,#4837,#4838,#4839,#4840,#4841,#4842,#4843,#4844,#4845,#4846,#4847,
#4848,#4849,#4850,#4851),(#4852,#4853,#4854,#4855,#4856,#4857,#4858,#4859,
#4860,#4861,#4862,#4863,#4864,#4865,#4866,#4867,#4868,#4869,#4870,#4871,
#4872,#4873,#4874,#4875,#4876,#4877,#4878,#4879,#4880,#4881,#4882,#4883,
#4884,#4885,#4886,#4887,#4888,#4889,#4890,#4891,#4892,#4893,#4894,#4895,
#4896,#4897,#4898,#4899,#4900,#4901,#4902,#4903,#4904,#4905,#4906,#4907,
#4908,#4909,#4910,#4911,#4912,#4913,#4914,#4915,#4916,#4917,#4918,#4919,
#4920,#4921,#4922,#4923,#4924,#4925,#4926,#4927,#4928,#4929,#4930,#4931,
#4932,#4933,#4934,#4935,#4936,#4937,#4938),(#4939,#4940,#4941,#4942,#4943,
#4944,#4945,#4946,#4947,#4948,#4949,#4950,#4951,#4952,#4953,#4954,#4955,
#4956,#4957,#4958,#4959,#4960,#4961,#4962,#4963,#4964,#4965,#4966,#4967,
#4968,#4969,#4970,#4971,#4972,#4973,#4974,#4975,#4976,#4977,#4978,#4979,
#4980,#4981,#4982,#4983,#4984,#4985,#4986,#4987,#4988,#4989,#4990,#4991,
#4992,#4993,#4994,#4995,#4996,#4997,#4998,#4999,#5000,#5001,#5002,#5003,
#5004,#5005,#5006,#5007,#5008,#5009,#5010,#5011,#5012,#5013,#5014,#5015,
#5016,#5017,#5018,#5019,#5020,#5021,#5022,#5023,#5024,#5025),(#5026,#5027,
#5028,#5029,#5030,#5031,#5032,#5033,#5034,#5035,#5036,#5037,#5038,#5039,
#5040,#5041,#5042,#5043,#5044,#5045,#5046,#5047,#5048,#5049,#5050,#5051,
#5052,#5053,#5054,#5055,#5056,#5057,#5058,#5059,#5060,#5061,#5062,#5063,
#5064,#5065,#5066,#5067,#5068,#5069,#5070,#5071,#5072,#5073,#5074,#5075,
#5076,#5077,#5078,#5079,#5080,#5081,#5082,#5083,#5084,#5085,#5086,#5087,
#5088,#5089,#5090,#5091,#5092,#5093,#5094,#5095,#5096,#5097,#5098,#5099,
#5100,#5101,#5102,#5103,#5104,#5105,#5106,#5107,#5108,#5109,#5110,#5111,
#5112),(#5113,#5114,#5115,#5116,#5117,#5118,#5119,#5120,#5121,#5122,#5123,
#5124,#5125,#5126,#5127,#5128,#5129,#5130,#5131,#5132,#5133,#5134,#5135,
#5136,#5137,#5138,#5139,#5140,#5141,#5142,#5143,#5144,#5145,#5146,#5147,
#5148,#5149,#5150,#5151,#5152,#5153,#5154,#5155,#5156,#5157,#5158,#5159,
#5160,#5161,#5162,#5163,#5164,#5165,#5166,#5167,#5168,#5169,#5170,#5171,
#5172,#5173,#5174,#5175,#5176,#5177,#5178,#5179,#5180,#5181,#5182,#5183,
#5184,#5185,#5186,#5187,#5188,#5189,#5190,#5191,#5192,#5193,#5194,#5195,
#5196,#5197,#5198,#5199),(#5200,#5201,#5202,#5203,#5204,#5205,#5206,#5207,
#5208,#5209,#5210,#5211,#5212,#5213,#5214,#5215,#5216,#5217,#5218,#5219,
#5220,#5221,#5222,#5223,#5224,#5225,#5226,#5227,#5228,#5229,#5230,#5231,
#5232,#5233,#5234,#5235,#5236,#5237,#5238,#5239,#5240,#5241,#5242,#5243,
#5244,#5245,#5246,#5247,#5248,#5249,#5250,#5251,#5252,#5253,#5254,#5255,
#5256,#5257,#5258,#5259,#5260,#5261,#5262,#5263,#5264,#5265,#5266,#5267,
#5268,#5269,#5270,#5271,#5272,#5273,#5274,#5275,#5276,#5277,#5278,#5279,
#5280,#5281,#5282,#5283,#5284,#5285,#5286),(#5287,#5288,#5289,#5290,#5291,
#5292,#5293,#5294,#5295,#5296,#5297,#5298,#5299,#5300,#5301,#5302,#5303,
#5304,#5305,#5306,#5307,#5308,#5309,#5310,#5311,#5312,#5313,#5314,#5315,
#5316,#5317,#5318,#5319,#5320,#5321,#5322,#5323,#5324,#5325,#5326,#5327,
#5328,#5329,#5330,#5331,#5332,#5333,#5334,#5335,#5336,#5337,#5338,#5339,
#5340,#5341,#5342,#5343,#5344,#5345,#5346,#5347,#5348,#5349,#5350,#5351,
#5352,#5353,#5354,#5355,#5356,#5357,#5358,#5359,#5360,#5361,#5362,#5363,
#5364,#5365,#5366,#5367,#5368,#5369,#5370,#5371,#5372,#5373),(#5374,#5375,
#5376,#5377,#5378,#5379,#5380,#5381,#5382,#5383,#5384,#5385,#5386,#5387,
#5388,#5389,#5390,#5391,#5392,#5393,#5394,#5395,#5396,#5397,#5398,#5399,
#5400,#5401,#5402,#5403,#5404,#5405,#5406,#5407,#5408,#5409,#5410,#5411,
#5412,#5413,#5414,#5415,#5416,#5417,#5418,#5419,#5420,#5421,#5422,#5423,
#5424,#5425,#5426,#5427,#5428,#5429,#5430,#5431,#5432,#5433,#5434,#5435,
#5436,#5437,#5438,#5439,#5440,#5441,#5442,#5443,#5444,#5445,#5446,#5447,
#5448,#5449,#5450,#5451,#5452,#5453,#5454,#5455,#5456,#5457,#5458,#5459,
#5460),(#5461,#5462,#5463,#5464,#5465,#5466,#5467,#5468,#5469,#5470,#5471,
#5472,#5473,#5474,#5475,#5476,#5477,#5478,#5479,#5480,#5481,#5482,#5483,
#5484,#5485,#5486,#5487,#5488,#5489,#5490,#5491,#5492,#5493,#5494,#5495,
#5496,#5497,#5498,#5499,#5500,#5501,#5502,#5503,#5504,#5505,#5506,#5507,
#5508,#5509,#5510,#5511,#5512,#5513,#5514,#5515,#5516,#5517,#5518,#5519,
#5520,#5521,#5522,#5523,#5524,#5525,#5526,#5527,#5528,#5529,#5530,#5531,
#5532,#5533,#5534,#5535,#5536,#5537,#5538,#5539,#5540,#5541,#5542,#5543,
#5544,#5545,#5546,#5547),(#5548,#5549,#5550,#5551,#5552,#5553,#5554,#5555,
#5556,#5557,#5558,#5559,#5560,#5561,#5562,#5563,#5564,#5565,#5566,#5567,
#5568,#5569,#5570,#5571,#5572,#5573,#5574,#5575,#5576,#5577,#5578,#5579,
#5580,#5581,#5582,#5583,#5584,#5585,#5586,#5587,#5588,#5589,#5590,#5591,
#5592,#5593,#5594,#5595,#5596,#5597,#5598,#5599,#5600,#5601,#5602,#5603,
#5604,#5605,#5606,#5607,#5608,#5609,#5610,#5611,#5612,#5613,#5614,#5615,
#5616,#5617,#5618,#5619,#5620,#5621,#5622,#5623,#5624,#5625,#5626,#5627,
#5628,#5629,#5630,#5631,#5632,#5633,#5634),(#5635,#5636,#5637,#5638,#5639,
#5640,#5641,#5642,#5643,#5644,#5645,#5646,#5647,#5648,#5649,#5650,#5651,
#5652,#5653,#5654,#5655,#5656,#5657,#5658,#5659,#5660,#5661,#5662,#5663,
#5664,#5665,#5666,#5667,#5668,#5669,#5670,#5671,#5672,#5673,#5674,#5675,
#5676,#5677,#5678,#5679,#5680,#5681,#5682,#5683,#5684,#5685,#5686,#5687,
#5688,#5689,#5690,#5691,#5692,#5693,#5694,#5695,#5696,#5697,#5698,#5699,
#5700,#5701,#5702,#5703,#5704,#5705,#5706,#5707,#5708,#5709,#5710,#5711,
#5712,#5713,#5714,#5715,#5716,#5717,#5718,#5719,#5720,#5721),(#5722,#5723,
#5724,#5725,#5726,#5727,#5728,#5729,#5730,#5731,#5732,#5733,#5734,#5735,
#5736,#5737,#5738,#5739,#5740,#5741,#5742,#5743,#5744,#5745,#5746,#5747,
#5748,#5749,#5750,#5751,#5752,#5753,#5754,#5755,#5756,#5757,#5758,#5759,
#5760,#5761,#5762,#5763,#5764,#5765,#5766,#5767,#5768,#5769,#5770,#5771,
#5772,#5773,#5774,#5775,#5776,#5777,#5778,#5779,#5780,#5781,#5782,#5783,
#5784,#5785,#5786,#5787,#5788,#5789,#5790,#5791,#5792,#5793,#5794,#5795,
#5796,#5797,#5798,#5799,#5800,#5801,#5802,#5803,#5804,#5805,#5806,#5807,
#5808),(#5809,#5810,#5811,#5812,#5813,#5814,#5815,#5816,#5817,#5818,#5819,
#5820,#5821,#5822,#5823,#5824,#5825,#5826,#5827,#5828,#5829,#5830,#5831,
#5832,#5833,#5834,#5835,#5836,#5837,#5838,#5839,#5840,#5841,#5842,#5843,
#5844,#5845,#5846,#5847,#5848,#5849,#5850,#5851,#5852,#5853,#5854,#5855,
#5856,#5857,#5858,#5859,#5860,#5861,#5862,#5863,#5864,#5865,#5866,#5867,
#5868,#5869,#5870,#5871,#5872,#5873,#5874,#5875,#5876,#5877,#5878,#5879,
#5880,#5881,#5882,#5883,#5884,#5885,#5886,#5887,#5888,#5889,#5890,#5891,
#5892,#5893,#5894,#5895),(#5896,#5897,#5898,#5899,#5900,#5901,#5902,#5903,
#5904,#5905,#5906,#5907,#5908,#5909,#5910,#5911,#5912,#5913,#5914,#5915,
#5916,#5917,#5918,#5919,#5920,#5921,#5922,#5923,#5924,#5925,#5926,#5927,
#5928,#5929,#5930,#5931,#5932,#5933,#5934,#5935,#5936,#5937,#5938,#5939,
#5940,#5941,#5942,#5943,#5944,#5945,#5946,#5947,#5948,#5949,#5950,#5951,
#5952,#5953,#5954,#5955,#5956,#5957,#5958,#5959,#5960,#5961,#5962,#5963,
#5964,#5965,#5966,#5967,#5968,#5969,#5970,#5971,#5972,#5973,#5974,#5975,
#5976,#5977,#5978,#5979,#5980,#5981,#5982),(#5983,#5984,#5985,#5986,#5987,
#5988,#5989,#5990,#5991,#5992,#5993,#5994,#5995,#5996,#5997,#5998,#5999,
#6000,#6001,#6002,#6003,#6004,#6005,#6006,#6007,#6008,#6009,#6010,#6011,
#6012,#6013,#6014,#6015,#6016,#6017,#6018,#6019,#6020,#6021,#6022,#6023,
#6024,#6025,#6026,#6027,#6028,#6029,#6030,#6031,#6032,#6033,#6034,#6035,
#6036,#6037,#6038,#6039,#6040,#6041,#6042,#6043,#6044,#6045,#6046,#6047,
#6048,#6049,#6050,#6051,#6052,#6053,#6054,#6055,#6056,#6057,#6058,#6059,
#6060,#6061,#6062,#6063,#6064,#6065,#6066,#6067,#6068,#6069),(#6070,#6071,
#6072,#6073,#6074,#6075,#6076,#6077,#6078,#6079,#6080,#6081,#6082,#6083,
#6084,#6085,#6086,#6087,#6088,#6089,#6090,#6091,#6092,#6093,#6094,#6095,
#6096,#6097,#6098,#6099,#6100,#6101,#6102,#6103,#6104,#6105,#6106,#6107,
#6108,#6109,#6110,#6111,#6112,#6113,#6114,#6115,#6116,#6117,#6118,#6119,
#6120,#6121,#6122,#6123,#6124,#6125,#6126,#6127,#6128,#6129,#6130,#6131,
#6132,#6133,#6134,#6135,#6136,#6137,#6138,#6139,#6140,#6141,#6142,#6143,
#6144,#6145,#6146,#6147,#6148,#6149,#6150,#6151,#6152,#6153,#6154,#6155,
#6156),(#6157,#6158,#6159,#6160,#6161,#6162,#6163,#6164,#6165,#6166,#6167,
#6168,#6169,#6170,#6171,#6172,#6173,#6174,#6175,#6176,#6177,#6178,#6179,
#6180,#6181,#6182,#6183,#6184,#6185,#6186,#6187,#6188,#6189,#6190,#6191,
#6192,#6193,#6194,#6195,#6196,#6197,#6198,#6199,#6200,#6201,#6202,#6203,
#6204,#6205,#6206,#6207,#6208,#6209,#6210,#6211,#6212,#6213,#6214,#6215,
#6216,#6217,#6218,#6219,#6220,#6221,#6222,#6223,#6224,#6225,#6226,#6227,
#6228,#6229,#6230,#6231,#6232,#6233,#6234,#6235,#6236,#6237,#6238,#6239,
#6240,#6241,#6242,#6243),(#6244,#6245,#6246,#6247,#6248,#6249,#6250,#6251,
#6252,#6253,#6254,#6255,#6256,#6257,#6258,#6259,#6260,#6261,#6262,#6263,
#6264,#6265,#6266,#6267,#6268,#6269,#6270,#6271,#6272,#6273,#6274,#6275,
#6276,#6277,#6278,#6279,#6280,#6281,#6282,#6283,#6284,#6285,#6286,#6287,
#6288,#6289,#6290,#6291,#6292,#6293,#6294,#6295,#6296,#6297,#6298,#6299,
#6300,#6301,#6302,#6303,#6304,#6305,#6306,#6307,#6308,#6309,#6310,#6311,
#6312,#6313,#6314,#6315,#6316,#6317,#6318,#6319,#6320,#6321,#6322,#6323,
#6324,#6325,#6326,#6327,#6328,#6329,#6330),(#6331,#6332,#6333,#6334,#6335,
#6336,#6337,#6338,#6339,#6340,#6341,#6342,#6343,#6344,#6345,#6346,#6347,
#6348,#6349,#6350,#6351,#6352,#6353,#6354,#6355,#6356,#6357,#6358,#6359,
#6360,#6361,#6362,#6363,#6364,#6365,#6366,#6367,#6368,#6369,#6370,#6371,
#6372,#6373,#6374,#6375,#6376,#6377,#6378,#6379,#6380,#6381,#6382,#6383,
#6384,#6385,#6386,#6387,#6388,#6389,#6390,#6391,#6392,#6393,#6394,#6395,
#6396,#6397,#6398,#6399,#6400,#6401,#6402,#6403,#6404,#6405,#6406,#6407,
#6408,#6409,#6410,#6411,#6412,#6413,#6414,#6415,#6416,#6417),(#6418,#6419,
#6420,#6421,#6422,#6423,#6424,#6425,#6426,#6427,#6428,#6429,#6430,#6431,
#6432,#6433,#6434,#6435,#6436,#6437,#6438,#6439,#6440,#6441,#6442,#6443,
#6444,#6445,#6446,#6447,#6448,#6449,#6450,#6451,#6452,#6453,#6454,#6455,
#6456,#6457,#6458,#6459,#6460,#6461,#6462,#6463,#6464,#6465,#6466,#6467,
#6468,#6469,#6470,#6471,#6472,#6473,#6474,#6475,#6476,#6477,#6478,#6479,
#6480,#6481,#6482,#6483,#6484,#6485,#6486,#6487,#6488,#6489,#6490,#6491,
#6492,#6493,#6494,#6495,#6496,#6497,#6498,#6499,#6500,#6501,#6502,#6503,
#6504),(#6505,#6506,#6507,#6508,#6509,#6510,#6511,#6512,#6513,#6514,#6515,
#6516,#6517,#6518,#6519,#6520,#6521,#6522,#6523,#6524,#6525,#6526,#6527,
#6528,#6529,#6530,#6531,#6532,#6533,#6534,#6535,#6536,#6537,#6538,#6539,
#6540,#6541,#6542,#6543,#6544,#6545,#6546,#6547,#6548,#6549,#6550,#6551,
#6552,#6553,#6554,#6555,#6556,#6557,#6558,#6559,#6560,#6561,#6562,#6563,
#6564,#6565,#6566,#6567,#6568,#6569,#6570,#6571,#6572,#6573,#6574,#6575,
#6576,#6577,#6578,#6579,#6580,#6581,#6582,#6583,#6584,#6585,#6586,#6587,
#6588,#6589,#6590,#6591),(#6592,#6593,#6594,#6595,#6596,#6597,#6598,#6599,
#6600,#6601,#6602,#6603,#6604,#6605,#6606,#6607,#6608,#6609,#6610,#6611,
#6612,#6613,#6614,#6615,#6616,#6617,#6618,#6619,#6620,#6621,#6622,#6623,
#6624,#6625,#6626,#6627,#6628,#6629,#6630,#6631,#6632,#6633,#6634,#6635,
#6636,#6637,#6638,#6639,#6640,#6641,#6642,#6643,#6644,#6645,#6646,#6647,
#6648,#6649,#6650,#6651,#6652,#6653,#6654,#6655,#6656,#6657,#6658,#6659,
#6660,#6661,#6662,#6663,#6664,#6665,#6666,#6667,#6668,#6669,#6670,#6671,
#6672,#6673,#6674,#6675,#6676,#6677,#6678),(#6679,#6680,#6681,#6682,#6683,
#6684,#6685,#6686,#6687,#6688,#6689,#6690,#6691,#6692,#6693,#6694,#6695,
#6696,#6697,#6698,#6699,#6700,#6701,#6702,#6703,#6704,#6705,#6706,#6707,
#6708,#6709,#6710,#6711,#6712,#6713,#6714,#6715,#6716,#6717,#6718,#6719,
#6720,#6721,#6722,#6723,#6724,#6725,#6726,#6727,#6728,#6729,#6730,#6731,
#6732,#6733,#6734,#6735,#6736,#6737,#6738,#6739,#6740,#6741,#6742,#6743,
#6744,#6745,#6746,#6747,#6748,#6749,#6750,#6751,#6752,#6753,#6754,#6755,
#6756,#6757,#6758,#6759,#6760,#6761,#6762,#6763,#6764,#6765),(#6766,#6767,
#6768,#6769,#6770,#6771,#6772,#6773,#6774,#6775,#6776,#6777,#6778,#6779,
#6780,#6781,#6782,#6783,#6784,#6785,#6786,#6787,#6788,#6789,#6790,#6791,
#6792,#6793,#6794,#6795,#6796,#6797,#6798,#6799,#6800,#6801,#6802,#6803,
#6804,#6805,#6806,#6807,#6808,#6809,#6810,#6811,#6812,#6813,#6814,#6815,
#6816,#6817,#6818,#6819,#6820,#6821,#6822,#6823,#6824,#6825,#6826,#6827,
#6828,#6829,#6830,#6831,#6832,#6833,#6834,#6835,#6836,#6837,#6838,#6839,
#6840,#6841,#6842,#6843,#6844,#6845,#6846,#6847,#6848,#6849,#6850,#6851,
#6852),(#6853,#6854,#6855,#6856,#6857,#6858,#6859,#6860,#6861,#6862,#6863,
#6864,#6865,#6866,#6867,#6868,#6869,#6870,#6871,#6872,#6873,#6874,#6875,
#6876,#6877,#6878,#6879,#6880,#6881,#6882,#6883,#6884,#6885,#6886,#6887,
#6888,#6889,#6890,#6891,#6892,#6893,#6894,#6895,#6896,#6897,#6898,#6899,
#6900,#6901,#6902,#6903,#6904,#6905,#6906,#6907,#6908,#6909,#6910,#6911,
#6912,#6913,#6914,#6915,#6916,#6917,#6918,#6919,#6920,#6921,#6922,#6923,
#6924,#6925,#6926,#6927,#6928,#6929,#6930,#6931,#6932,#6933,#6934,#6935,
#6936,#6937,#6938,#6939),(#6940,#6941,#6942,#6943,#6944,#6945,#6946,#6947,
#6948,#6949,#6950,#6951,#6952,#6953,#6954,#6955,#6956,#6957,#6958,#6959,
#6960,#6961,#6962,#6963,#6964,#6965,#6966,#6967,#6968,#6969,#6970,#6971,
#6972,#6973,#6974,#6975,#6976,#6977,#6978,#6979,#6980,#6981,#6982,#6983,
#6984,#6985,#6986,#6987,#6988,#6989,#6990,#6991,#6992,#6993,#6994,#6995,
#6996,#6997,#6998,#6999,#7000,#7001,#7002,#7003,#7004,#7005,#7006,#7007,
#7008,#7009,#7010,#7011,#7012,#7013,#7014,#7015,#7016,#7017,#7018,#7019,
#7020,#7021,#7022,#7023,#7024,#7025,#7026),(#7027,#7028,#7029,#7030,#7031,
#7032,#7033,#7034,#7035,#7036,#7037,#7038,#7039,#7040,#7041,#7042,#7043,
#7044,#7045,#7046,#7047,#7048,#7049,#7050,#7051,#7052,#7053,#7054,#7055,
#7056,#7057,#7058,#7059,#7060,#7061,#7062,#7063,#7064,#7065,#7066,#7067,
#7068,#7069,#7070,#7071,#7072,#7073,#7074,#7075,#7076,#7077,#7078,#7079,
#7080,#7081,#7082,#7083,#7084,#7085,#7086,#7087,#7088,#7089,#7090,#7091,
#7092,#7093,#7094,#7095,#7096,#7097,#7098,#7099,#7100,#7101,#7102,#7103,
#7104,#7105,#7106,#7107,#7108,#7109,#7110,#7111,#7112,#7113),(#7114,#7115,
#7116,#7117,#7118,#7119,#7120,#7121,#7122,#7123,#7124,#7125,#7126,#7127,
#7128,#7129,#7130,#7131,#7132,#7133,#7134,#7135,#7136,#7137,#7138,#7139,
#7140,#7141,#7142,#7143,#7144,#7145,#7146,#7147,#7148,#7149,#7150,#7151,
#7152,#7153,#7154,#7155,#7156,#7157,#7158,#7159,#7160,#7161,#7162,#7163,
#7164,#7165,#7166,#7167,#7168,#7169,#7170,#7171,#7172,#7173,#7174,#7175,
#7176,#7177,#7178,#7179,#7180,#7181,#7182,#7183,#7184,#7185,#7186,#7187,
#7188,#7189,#7190,#7191,#7192,#7193,#7194,#7195,#7196,#7197,#7198,#7199,
#7200),(#7201,#7202,#7203,#7204,#7205,#7206,#7207,#7208,#7209,#7210,#7211,
#7212,#7213,#7214,#7215,#7216,#7217,#7218,#7219,#7220,#7221,#7222,#7223,
#7224,#7225,#7226,#7227,#7228,#7229,#7230,#7231,#7232,#7233,#7234,#7235,
#7236,#7237,#7238,#7239,#7240,#7241,#7242,#7243,#7244,#7245,#7246,#7247,
#7248,#7249,#7250,#7251,#7252,#7253,#7254,#7255,#7256,#7257,#7258,#7259,
#7260,#7261,#7262,#7263,#7264,#7265,#7266,#7267,#7268,#7269,#7270,#7271,
#7272,#7273,#7274,#7275,#7276,#7277,#7278,#7279,#7280,#7281,#7282,#7283,
#7284,#7285,#7286,#7287),(#7288,#7289,#7290,#7291,#7292,#7293,#7294,#7295,
#7296,#7297,#7298,#7299,#7300,#7301,#7302,#7303,#7304,#7305,#7306,#7307,
#7308,#7309,#7310,#7311,#7312,#7313,#7314,#7315,#7316,#7317,#7318,#7319,
#7320,#7321,#7322,#7323,#7324,#7325,#7326,#7327,#7328,#7329,#7330,#7331,
#7332,#7333,#7334,#7335,#7336,#7337,#7338,#7339,#7340,#7341,#7342,#7343,
#7344,#7345,#7346,#7347,#7348,#7349,#7350,#7351,#7352,#7353,#7354,#7355,
#7356,#7357,#7358,#7359,#7360,#7361,#7362,#7363,#7364,#7365,#7366,#7367,
#7368,#7369,#7370,#7371,#7372,#7373,#7374),(#7375,#7376,#7377,#7378,#7379,
#7380,#7381,#7382,#7383,#7384,#7385,#7386,#7387,#7388,#7389,#7390,#7391,
#7392,#7393,#7394,#7395,#7396,#7397,#7398,#7399,#7400,#7401,#7402,#7403,
#7404,#7405,#7406,#7407,#7408,#7409,#7410,#7411,#7412,#7413,#7414,#7415,
#7416,#7417,#7418,#7419,#7420,#7421,#7422,#7423,#7424,#7425,#7426,#7427,
#7428,#7429,#7430,#7431,#7432,#7433,#7434,#7435,#7436,#7437,#7438,#7439,
#7440,#7441,#7442,#7443,#7444,#7445,#7446,#7447,#7448,#7449,#7450,#7451,
#7452,#7453,#7454,#7455,#7456,#7457,#7458,#7459,#7460,#7461),(#7462,#7463,
#7464,#7465,#7466,#7467,#7468,#7469,#7470,#7471,#7472,#7473,#7474,#7475,
#7476,#7477,#7478,#7479,#7480,#7481,#7482,#7483,#7484,#7485,#7486,#7487,
#7488,#7489,#7490,#7491,#7492,#7493,#7494,#7495,#7496,#7497,#7498,#7499,
#7500,#7501,#7502,#7503,#7504,#7505,#7506,#7507,#7508,#7509,#7510,#7511,
#7512,#7513,#7514,#7515,#7516,#7517,#7518,#7519,#7520,#7521,#7522,#7523,
#7524,#7525,#7526,#7527,#7528,#7529,#7530,#7531,#7532,#7533,#7534,#7535,
#7536,#7537,#7538,#7539,#7540,#7541,#7542,#7543,#7544,#7545,#7546,#7547,
#7548),(#7549,#7550,#7551,#7552,#7553,#7554,#7555,#7556,#7557,#7558,#7559,
#7560,#7561,#7562,#7563,#7564,#7565,#7566,#7567,#7568,#7569,#7570,#7571,
#7572,#7573,#7574,#7575,#7576,#7577,#7578,#7579,#7580,#7581,#7582,#7583,
#7584,#7585,#7586,#7587,#7588,#7589,#7590,#7591,#7592,#7593,#7594,#7595,
#7596,#7597,#7598,#7599,#7600,#7601,#7602,#7603,#7604,#7605,#7606,#7607,
#7608,#7609,#7610,#7611,#7612,#7613,#7614,#7615,#7616,#7617,#7618,#7619,
#7620,#7621,#7622,#7623,#7624,#7625,#7626,#7627,#7628,#7629,#7630,#7631,
#7632,#7633,#7634,#7635),(#7636,#7637,#7638,#7639,#7640,#7641,#7642,#7643,
#7644,#7645,#7646,#7647,#7648,#7649,#7650,#7651,#7652,#7653,#7654,#7655,
#7656,#7657,#7658,#7659,#7660,#7661,#7662,#7663,#7664,#7665,#7666,#7667,
#7668,#7669,#7670,#7671,#7672,#7673,#7674,#7675,#7676,#7677,#7678,#7679,
#7680,#7681,#7682,#7683,#7684,#7685,#7686,#7687,#7688,#7689,#7690,#7691,
#7692,#7693,#7694,#7695,#7696,#7697,#7698,#7699,#7700,#7701,#7702,#7703,
#7704,#7705,#7706,#7707,#7708,#7709,#7710,#7711,#7712,#7713,#7714,#7715,
#7716,#7717,#7718,#7719,#7720,#7721,#7722),(#7723,#7724,#7725,#7726,#7727,
#7728,#7729,#7730,#7731,#7732,#7733,#7734,#7735,#7736,#7737,#7738,#7739,
#7740,#7741,#7742,#7743,#7744,#7745,#7746,#7747,#7748,#7749,#7750,#7751,
#7752,#7753,#7754,#7755,#7756,#7757,#7758,#7759,#7760,#7761,#7762,#7763,
#7764,#7765,#7766,#7767,#7768,#7769,#7770,#7771,#7772,#7773,#7774,#7775,
#7776,#7777,#7778,#7779,#7780,#7781,#7782,#7783,#7784,#7785,#7786,#7787,
#7788,#7789,#7790,#7791,#7792,#7793,#7794,#7795,#7796,#7797,#7798,#7799,
#7800,#7801,#7802,#7803,#7804,#7805,#7806,#7807,#7808,#7809),(#7810,#7811,
#7812,#7813,#7814,#7815,#7816,#7817,#7818,#7819,#7820,#7821,#7822,#7823,
#7824,#7825,#7826,#7827,#7828,#7829,#7830,#7831,#7832,#7833,#7834,#7835,
#7836,#7837,#7838,#7839,#7840,#7841,#7842,#7843,#7844,#7845,#7846,#7847,
#7848,#7849,#7850,#7851,#7852,#7853,#7854,#7855,#7856,#7857,#7858,#7859,
#7860,#7861,#7862,#7863,#7864,#7865,#7866,#7867,#7868,#7869,#7870,#7871,
#7872,#7873,#7874,#7875,#7876,#7877,#7878,#7879,#7880,#7881,#7882,#7883,
#7884,#7885,#7886,#7887,#7888,#7889,#7890,#7891,#7892,#7893,#7894,#7895,
#7896),(#7897,#7898,#7899,#7900,#7901,#7902,#7903,#7904,#7905,#7906,#7907,
#7908,#7909,#7910,#7911,#7912,#7913,#7914,#7915,#7916,#7917,#7918,#7919,
#7920,#7921,#7922,#7923,#7924,#7925,#7926,#7927,#7928,#7929,#7930,#7931,
#7932,#7933,#7934,#7935,#7936,#7937,#7938,#7939,#7940,#7941,#7942,#7943,
#7944,#7945,#7946,#7947,#7948,#7949,#7950,#7951,#7952,#7953,#7954,#7955,
#7956,#7957,#7958,#7959,#7960,#7961,#7962,#7963,#7964,#7965,#7966,#7967,
#7968,#7969,#7970,#7971,#7972,#7973,#7974,#7975,#7976,#7977,#7978,#7979,
#7980,#7981,#7982,#7983),(#7984,#7985,#7986,#7987,#7988,#7989,#7990,#7991,
#7992,#7993,#7994,#7995,#7996,#7997,#7998,#7999,#8000,#8001,#8002,#8003,
#8004,#8005,#8006,#8007,#8008,#8009,#8010,#8011,#8012,#8013,#8014,#8015,
#8016,#8017,#8018,#8019,#8020,#8021,#8022,#8023,#8024,#8025,#8026,#8027,
#8028,#8029,#8030,#8031,#8032,#8033,#8034,#8035,#8036,#8037,#8038,#8039,
#8040,#8041,#8042,#8043,#8044,#8045,#8046,#8047,#8048,#8049,#8050,#8051,
#8052,#8053,#8054,#8055,#8056,#8057,#8058,#8059,#8060,#8061,#8062,#8063,
#8064,#8065,#8066,#8067,#8068,#8069,#8070),(#8071,#8072,#8073,#8074,#8075,
#8076,#8077,#8078,#8079,#8080,#8081,#8082,#8083,#8084,#8085,#8086,#8087,
#8088,#8089,#8090,#8091,#8092,#8093,#8094,#8095,#8096,#8097,#8098,#8099,
#8100,#8101,#8102,#8103,#8104,#8105,#8106,#8107,#8108,#8109,#8110,#8111,
#8112,#8113,#8114,#8115,#8116,#8117,#8118,#8119,#8120,#8121,#8122,#8123,
#8124,#8125,#8126,#8127,#8128,#8129,#8130,#8131,#8132,#8133,#8134,#8135,
#8136,#8137,#8138,#8139,#8140,#8141,#8142,#8143,#8144,#8145,#8146,#8147,
#8148,#8149,#8150,#8151,#8152,#8153,#8154,#8155,#8156,#8157),(#8158,#8159,
#8160,#8161,#8162,#8163,#8164,#8165,#8166,#8167,#8168,#8169,#8170,#8171,
#8172,#8173,#8174,#8175,#8176,#8177,#8178,#8179,#8180,#8181,#8182,#8183,
#8184,#8185,#8186,#8187,#8188,#8189,#8190,#8191,#8192,#8193,#8194,#8195,
#8196,#8197,#8198,#8199,#8200,#8201,#8202,#8203,#8204,#8205,#8206,#8207,
#8208,#8209,#8210,#8211,#8212,#8213,#8214,#8215,#8216,#8217,#8218,#8219,
#8220,#8221,#8222,#8223,#8224,#8225,#8226,#8227,#8228,#8229,#8230,#8231,
#8232,#8233,#8234,#8235,#8236,#8237,#8238,#8239,#8240,#8241,#8242,#8243,
#8244),(#8245,#8246,#8247,#8248,#8249,#8250,#8251,#8252,#8253,#8254,#8255,
#8256,#8257,#8258,#8259,#8260,#8261,#8262,#8263,#8264,#8265,#8266,#8267,
#8268,#8269,#8270,#8271,#8272,#8273,#8274,#8275,#8276,#8277,#8278,#8279,
#8280,#8281,#8282,#8283,#8284,#8285,#8286,#8287,#8288,#8289,#8290,#8291,
#8292,#8293,#8294,#8295,#8296,#8297,#8298,#8299,#8300,#8301,#8302,#8303,
#8304,#8305,#8306,#8307,#8308,#8309,#8310,#8311,#8312,#8313,#8314,#8315,
#8316,#8317,#8318,#8319,#8320,#8321,#8322,#8323,#8324,#8325,#8326,#8327,
#8328,#8329,#8330,#8331),(#8332,#8333,#8334,#8335,#8336,#8337,#8338,#8339,
#8340,#8341,#8342,#8343,#8344,#8345,#8346,#8347,#8348,#8349,#8350,#8351,
#8352,#8353,#8354,#8355,#8356,#8357,#8358,#8359,#8360,#8361,#8362,#8363,
#8364,#8365,#8366,#8367,#8368,#8369,#8370,#8371,#8372,#8373,#8374,#8375,
#8376,#8377,#8378,#8379,#8380,#8381,#8382,#8383,#8384,#8385,#8386,#8387,
#8388,#8389,#8390,#8391,#8392,#8393,#8394,#8395,#8396,#8397,#8398,#8399,
#8400,#8401,#8402,#8403,#8404,#8405,#8406,#8407,#8408,#8409,#8410,#8411,
#8412,#8413,#8414,#8415,#8416,#8417,#8418),(#8419,#8420,#8421,#8422,#8423,
#8424,#8425,#8426,#8427,#8428,#8429,#8430,#8431,#8432,#8433,#8434,#8435,
#8436,#8437,#8438,#8439,#8440,#8441,#8442,#8443,#8444,#8445,#8446,#8447,
#8448,#8449,#8450,#8451,#8452,#8453,#8454,#8455,#8456,#8457,#8458,#8459,
#8460,#8461,#8462,#8463,#8464,#8465,#8466,#8467,#8468,#8469,#8470,#8471,
#8472,#8473,#8474,#8475,#8476,#8477,#8478,#8479,#8480,#8481,#8482,#8483,
#8484,#8485,#8486,#8487,#8488,#8489,#8490,#8491,#8492,#8493,#8494,#8495,
#8496,#8497,#8498,#8499,#8500,#8501,#8502,#8503,#8504,#8505),(#8506,#8507,
#8508,#8509,#8510,#8511,#8512,#8513,#8514,#8515,#8516,#8517,#8518,#8519,
#8520,#8521,#8522,#8523,#8524,#8525,#8526,#8527,#8528,#8529,#8530,#8531,
#8532,#8533,#8534,#8535,#8536,#8537,#8538,#8539,#8540,#8541,#8542,#8543,
#8544,#8545,#8546,#8547,#8548,#8549,#8550,#8551,#8552,#8553,#8554,#8555,
#8556,#8557,#8558,#8559,#8560,#8561,#8562,#8563,#8564,#8565,#8566,#8567,
#8568,#8569,#8570,#8571,#8572,#8573,#8574,#8575,#8576,#8577,#8578,#8579,
#8580,#8581,#8582,#8583,#8584,#8585,#8586,#8587,#8588,#8589,#8590,#8591,
#8592),(#8593,#8594,#8595,#8596,#8597,#8598,#8599,#8600,#8601,#8602,#8603,
#8604,#8605,#8606,#8607,#8608,#8609,#8610,#8611,#8612,#8613,#8614,#8615,
#8616,#8617,#8618,#8619,#8620,#8621,#8622,#8623,#8624,#8625,#8626,#8627,
#8628,#8629,#8630,#8631,#8632,#8633,#8634,#8635,#8636,#8637,#8638,#8639,
#8640,#8641,#8642,#8643,#8644,#8645,#8646,#8647,#8648,#8649,#8650,#8651,
#8652,#8653,#8654,#8655,#8656,#8657,#8658,#8659,#8660,#8661,#8662,#8663,
#8664,#8665,#8666,#8667,#8668,#8669,#8670,#8671,#8672,#8673,#8674,#8675,
#8676,#8677,#8678,#8679),(#8680,#8681,#8682,#8683,#8684,#8685,#8686,#8687,
#8688,#8689,#8690,#8691,#8692,#8693,#8694,#8695,#8696,#8697,#8698,#8699,
#8700,#8701,#8702,#8703,#8704,#8705,#8706,#8707,#8708,#8709,#8710,#8711,
#8712,#8713,#8714,#8715,#8716,#8717,#8718,#8719,#8720,#8721,#8722,#8723,
#8724,#8725,#8726,#8727,#8728,#8729,#8730,#8731,#8732,#8733,#8734,#8735,
#8736,#8737,#8738,#8739,#8740,#8741,#8742,#8743,#8744,#8745,#8746,#8747,
#8748,#8749,#8750,#8751,#8752,#8753,#8754,#8755,#8756,#8757,#8758,#8759,
#8760,#8761,#8762,#8763,#8764,#8765,#8766),(#8767,#8768,#8769,#8770,#8771,
#8772,#8773,#8774,#8775,#8776,#8777,#8778,#8779,#8780,#8781,#8782,#8783,
#8784,#8785,#8786,#8787,#8788,#8789,#8790,#8791,#8792,#8793,#8794,#8795,
#8796,#8797,#8798,#8799,#8800,#8801,#8802,#8803,#8804,#8805,#8806,#8807,
#8808,#8809,#8810,#8811,#8812,#8813,#8814,#8815,#8816,#8817,#8818,#8819,
#8820,#8821,#8822,#8823,#8824,#8825,#8826,#8827,#8828,#8829,#8830,#8831,
#8832,#8833,#8834,#8835,#8836,#8837,#8838,#8839,#8840,#8841,#8842,#8843,
#8844,#8845,#8846,#8847,#8848,#8849,#8850,#8851,#8852,#8853),(#8854,#8855,
#8856,#8857,#8858,#8859,#8860,#8861,#8862,#8863,#8864,#8865,#8866,#8867,
#8868,#8869,#8870,#8871,#8872,#8873,#8874,#8875,#8876,#8877,#8878,#8879,
#8880,#8881,#8882,#8883,#8884,#8885,#8886,#8887,#8888,#8889,#8890,#8891,
#8892,#8893,#8894,#8895,#8896,#8897,#8898,#8899,#8900,#8901,#8902,#8903,
#8904,#8905,#8906,#8907,#8908,#8909,#8910,#8911,#8912,#8913,#8914,#8915,
#8916,#8917,#8918,#8919,#8920,#8921,#8922,#8923,#8924,#8925,#8926,#8927,
#8928,#8929,#8930,#8931,#8932,#8933,#8934,#8935,#8936,#8937,#8938,#8939,
#8940),(#8941,#8942,#8943,#8944,#8945,#8946,#8947,#8948,#8949,#8950,#8951,
#8952,#8953,#8954,#8955,#8956,#8957,#8958,#8959,#8960,#8961,#8962,#8963,
#8964,#8965,#8966,#8967,#8968,#8969,#8970,#8971,#8972,#8973,#8974,#8975,
#8976,#8977,#8978,#8979,#8980,#8981,#8982,#8983,#8984,#8985,#8986,#8987,
#8988,#8989,#8990,#8991,#8992,#8993,#8994,#8995,#8996,#8997,#8998,#8999,
#9000,#9001,#9002,#9003,#9004,#9005,#9006,#9007,#9008,#9009,#9010,#9011,
#9012,#9013,#9014,#9015,#9016,#9017,#9018,#9019,#9020,#9021,#9022,#9023,
#9024,#9025,#9026,#9027),(#9028,#9029,#9030,#9031,#9032,#9033,#9034,#9035,
#9036,#9037,#9038,#9039,#9040,#9041,#9042,#9043,#9044,#9045,#9046,#9047,
#9048,#9049,#9050,#9051,#9052,#9053,#9054,#9055,#9056,#9057,#9058,#9059,
#9060,#9061,#9062,#9063,#9064,#9065,#9066,#9067,#9068,#9069,#9070,#9071,
#9072,#9073,#9074,#9075,#9076,#9077,#9078,#9079,#9080,#9081,#9082,#9083,
#9084,#9085,#9086,#9087,#9088,#9089,#9090,#9091,#9092,#9093,#9094,#9095,
#9096,#9097,#9098,#9099,#9100,#9101,#9102,#9103,#9104,#9105,#9106,#9107,
#9108,#9109,#9110,#9111,#9112,#9113,#9114),(#9115,#9116,#9117,#9118,#9119,
#9120,#9121,#9122,#9123,#9124,#9125,#9126,#9127,#9128,#9129,#9130,#9131,
#9132,#9133,#9134,#9135,#9136,#9137,#9138,#9139,#9140,#9141,#9142,#9143,
#9144,#9145,#9146,#9147,#9148,#9149,#9150,#9151,#9152,#9153,#9154,#9155,
#9156,#9157,#9158,#9159,#9160,#9161,#9162,#9163,#9164,#9165,#9166,#9167,
#9168,#9169,#9170,#9171,#9172,#9173,#9174,#9175,#9176,#9177,#9178,#9179,
#9180,#9181,#9182,#9183,#9184,#9185,#9186,#9187,#9188,#9189,#9190,#9191,
#9192,#9193,#9194,#9195,#9196,#9197,#9198,#9199,#9200,#9201),(#9202,#9203,
#9204,#9205,#9206,#9207,#9208,#9209,#9210,#9211,#9212,#9213,#9214,#9215,
#9216,#9217,#9218,#9219,#9220,#9221,#9222,#9223,#9224,#9225,#9226,#9227,
#9228,#9229,#9230,#9231,#9232,#9233,#9234,#9235,#9236,#9237,#9238,#9239,
#9240,#9241,#9242,#9243,#9244,#9245,#9246,#9247,#9248,#9249,#9250,#9251,
#9252,#9253,#9254,#9255,#9256,#9257,#9258,#9259,#9260,#9261,#9262,#9263,
#9264,#9265,#9266,#9267,#9268,#9269,#9270,#9271,#9272,#9273,#9274,#9275,
#9276,#9277,#9278,#9279,#9280,#9281,#9282,#9283,#9284,#9285,#9286,#9287,
#9288),(#9289,#9290,#9291,#9292,#9293,#9294,#9295,#9296,#9297,#9298,#9299,
#9300,#9301,#9302,#9303,#9304,#9305,#9306,#9307,#9308,#9309,#9310,#9311,
#9312,#9313,#9314,#9315,#9316,#9317,#9318,#9319,#9320,#9321,#9322,#9323,
#9324,#9325,#9326,#9327,#9328,#9329,#9330,#9331,#9332,#9333,#9334,#9335,
#9336,#9337,#9338,#9339,#9340,#9341,#9342,#9343,#9344,#9345,#9346,#9347,
#9348,#9349,#9350,#9351,#9352,#9353,#9354,#9355,#9356,#9357,#9358,#9359,
#9360,#9361,#9362,#9363,#9364,#9365,#9366,#9367,#9368,#9369,#9370,#9371,
#9372,#9373,#9374,#9375),(#9376,#9377,#9378,#9379,#9380,#9381,#9382,#9383,
#9384,#9385,#9386,#9387,#9388,#9389,#9390,#9391,#9392,#9393,#9394,#9395,
#9396,#9397,#9398,#9399,#9400,#9401,#9402,#9403,#9404,#9405,#9406,#9407,
#9408,#9409,#9410,#9411,#9412,#9413,#9414,#9415,#9416,#9417,#9418,#9419,
#9420,#9421,#9422,#9423,#9424,#9425,#9426,#9427,#9428,#9429,#9430,#9431,
#9432,#9433,#9434,#9435,#9436,#9437,#9438,#9439,#9440,#9441,#9442,#9443,
#9444,#9445,#9446,#9447,#9448,#9449,#9450,#9451,#9452,#9453,#9454,#9455,
#9456,#9457,#9458,#9459,#9460,#9461,#9462),(#9463,#9464,#9465,#9466,#9467,
#9468,#9469,#9470,#9471,#9472,#9473,#9474,#9475,#9476,#9477,#9478,#9479,
#9480,#9481,#9482,#9483,#9484,#9485,#9486,#9487,#9488,#9489,#9490,#9491,
#9492,#9493,#9494,#9495,#9496,#9497,#9498,#9499,#9500,#9501,#9502,#9503,
#9504,#9505,#9506,#9507,#9508,#9509,#9510,#9511,#9512,#9513,#9514,#9515,
#9516,#9517,#9518,#9519,#9520,#9521,#9522,#9523,#9524,#9525,#9526,#9527,
#9528,#9529,#9530,#9531,#9532,#9533,#9534,#9535,#9536,#9537,#9538,#9539,
#9540,#9541,#9542,#9543,#9544,#9545,#9546,#9547,#9548,#9549),(#9550,#9551,
#9552,#9553,#9554,#9555,#9556,#9557,#9558,#9559,#9560,#9561,#9562,#9563,
#9564,#9565,#9566,#9567,#9568,#9569,#9570,#9571,#9572,#9573,#9574,#9575,
#9576,#9577,#9578,#9579,#9580,#9581,#9582,#9583,#9584,#9585,#9586,#9587,
#9588,#9589,#9590,#9591,#9592,#9593,#9594,#9595,#9596,#9597,#9598,#9599,
#9600,#9601,#9602,#9603,#9604,#9605,#9606,#9607,#9608,#9609,#9610,#9611,
#9612,#9613,#9614,#9615,#9616,#9617,#9618,#9619,#9620,#9621,#9622,#9623,
#9624,#9625,#9626,#9627,#9628,#9629,#9630,#9631,#9632,#9633,#9634,#9635,
#9636),(#9637,#9638,#9639,#9640,#9641,#9642,#9643,#9644,#9645,#9646,#9647,
#9648,#9649,#9650,#9651,#9652,#9653,#9654,#9655,#9656,#9657,#9658,#9659,
#9660,#9661,#9662,#9663,#9664,#9665,#9666,#9667,#9668,#9669,#9670,#9671,
#9672,#9673,#9674,#9675,#9676,#9677,#9678,#9679,#9680,#9681,#9682,#9683,
#9684,#9685,#9686,#9687,#9688,#9689,#9690,#9691,#9692,#9693,#9694,#9695,
#9696,#9697,#9698,#9699,#9700,#9701,#9702,#9703,#9704,#9705,#9706,#9707,
#9708,#9709,#9710,#9711,#9712,#9713,#9714,#9715,#9716,#9717,#9718,#9719,
#9720,#9721,#9722,#9723),(#9724,#9725,#9726,#9727,#9728,#9729,#9730,#9731,
#9732,#9733,#9734,#9735,#9736,#9737,#9738,#9739,#9740,#9741,#9742,#9743,
#9744,#9745,#9746,#9747,#9748,#9749,#9750,#9751,#9752,#9753,#9754,#9755,
#9756,#9757,#9758,#9759,#9760,#9761,#9762,#9763,#9764,#9765,#9766,#9767,
#9768,#9769,#9770,#9771,#9772,#9773,#9774,#9775,#9776,#9777,#9778,#9779,
#9780,#9781,#9782,#9783,#9784,#9785,#9786,#9787,#9788,#9789,#9790,#9791,
#9792,#9793,#9794,#9795,#9796,#9797,#9798,#9799,#9800,#9801,#9802,#9803,
#9804,#9805,#9806,#9807,#9808,#9809,#9810),(#9811,#9812,#9813,#9814,#9815,
#9816,#9817,#9818,#9819,#9820,#9821,#9822,#9823,#9824,#9825,#9826,#9827,
#9828,#9829,#9830,#9831,#9832,#9833,#9834,#9835,#9836,#9837,#9838,#9839,
#9840,#9841,#9842,#9843,#9844,#9845,#9846,#9847,#9848,#9849,#9850,#9851,
#9852,#9853,#9854,#9855,#9856,#9857,#9858,#9859,#9860,#9861,#9862,#9863,
#9864,#9865,#9866,#9867,#9868,#9869,#9870,#9871,#9872,#9873,#9874,#9875,
#9876,#9877,#9878,#9879,#9880,#9881,#9882,#9883,#9884,#9885,#9886,#9887,
#9888,#9889,#9890,#9891,#9892,#9893,#9894,#9895,#9896,#9897),(#9898,#9899,
#9900,#9901,#9902,#9903,#9904,#9905,#9906,#9907,#9908,#9909,#9910,#9911,
#9912,#9913,#9914,#9915,#9916,#9917,#9918,#9919,#9920,#9921,#9922,#9923,
#9924,#9925,#9926,#9927,#9928,#9929,#9930,#9931,#9932,#9933,#9934,#9935,
#9936,#9937,#9938,#9939,#9940,#9941,#9942,#9943,#9944,#9945,#9946,#9947,
#9948,#9949,#9950,#9951,#9952,#9953,#9954,#9955,#9956,#9957,#9958,#9959,
#9960,#9961,#9962,#9963,#9964,#9965,#9966,#9967,#9968,#9969,#9970,#9971,
#9972,#9973,#9974,#9975,#9976,#9977,#9978,#9979,#9980,#9981,#9982,#9983,
#9984),(#9985,#9986,#9987,#9988,#9989,#9990,#9991,#9992,#9993,#9994,#9995,
#9996,#9997,#9998,#9999,#10000,#10001,#10002,#10003,#10004,#10005,#10006,
#10007,#10008,#10009,#10010,#10011,#10012,#10013,#10014,#10015,#10016,#10017,
#10018,#10019,#10020,#10021,#10022,#10023,#10024,#10025,#10026,#10027,#10028,
#10029,#10030,#10031,#10032,#10033,#10034,#10035,#10036,#10037,#10038,#10039,
#10040,#10041,#10042,#10043,#10044,#10045,#10046,#10047,#10048,#10049,#10050,
#10051,#10052,#10053,#10054,#10055,#10056,#10057,#10058,#10059,#10060,#10061,
#10062,#10063,#10064,#10065,#10066,#10067,#10068,#10069,#10070,#10071)),
 .UNSPECIFIED.,.F.,.F.,.F.,(6,3,3,3,3,3,3,3,3,3,3,3,3,3,3,3,3,3,3,3,3,3,
3,3,3,3,3,3,3,3,3,3,6),(6,3,3,3,3,3,3,3,3,3,3,3,3,3,3,3,3,3,3,3,3,3,3,3,
3,3,3,3,6),(-0.0438426890310412,0.0810365030361671,0.143476099069771,0.174695897086573,
0.205915695103375,0.237135493120177,0.26835529113698,0.283965190145381,
0.299575089153782,0.315184988162183,0.330794887170584,0.346404786178985,
0.362014685187386,0.377624584195787,0.393234483204188,0.42445428122099,
0.455674079237792,0.518113675271396,0.549333473288198,0.564943372296599,
0.580553271305,0.611773069321802,0.627382968330203,0.635187917834404,0.642992867338605,
0.658602766347006,0.674212665355407,0.705432463372209,0.736652261389011,
0.767872059405813,0.830311655439417,0.892751251473021,0.955190847506625),
(-0.272506264154651,-0.157236725297613,-0.0996019558690943,-0.0419671864405753,
-0.0131498017263158,0.0156675829879437,0.0444849677022032,0.0588936600593329,
0.0733023524164627,0.0877110447735924,0.102119737130722,0.116528429487852,
0.130937121844982,0.159754506559241,0.188571891273501,0.21738927598776,
0.24620666070202,0.275024045416279,0.289432737773409,0.303841430130539,
0.318250122487668,0.332658814844798,0.361476199559058,0.390293584273317,
0.419110968987577,0.447928353701836,0.476745738416096,0.534380507844615,
0.649650046701652),.UNSPECIFIED.);
#25=FACE_BOUND('',#156,.T.);
#26=FACE_BOUND('',#157,.T.);
#27=FACE_BOUND('',#158,.T.);
#28=FACE_BOUND('',#163,.T.);
#29=FACE_BOUND('',#168,.T.);
#30=FACE_BOUND('',#170,.T.);
#31=FACE_BOUND('',#173,.T.);
#32=FACE_BOUND('',#181,.T.);
#33=FACE_BOUND('',#182,.T.);
#34=FACE_BOUND('',#183,.T.);
#35=FACE_BOUND('',#195,.T.);
#36=FACE_BOUND('',#198,.T.);
#37=FACE_BOUND('',#200,.T.);
#38=FACE_BOUND('',#201,.T.);
#39=FACE_BOUND('',#202,.T.);
#40=B_SPLINE_CURVE_WITH_KNOTS('',3,(#1373,#1374,#1375,#1376,#1377,#1378,
#1379,#1380,#1381,#1382,#1383,#1384,#1385,#1386,#1387,#1388,#1389,#1390,
#1391,#1392,#1393,#1394,#1395,#1396,#1397,#1398,#1399,#1400,#1401,#1402),
 .UNSPECIFIED.,.F.,.F.,(4,2,2,2,2,2,2,2,2,2,2,2,2,2,4),(9.99999826625797E-7,
0.0879955421549692,0.466652184206507,0.579610911621661,0.815464861489628,
1.12646232556492,1.70895599893007,2.09009203069409,2.68217267704695,3.00893016568375,
3.3199868369247,3.37897264745288,3.43102999135789,3.47736335357256,3.49356114422885),
 .UNSPECIFIED.);
#41=B_SPLINE_CURVE_WITH_KNOTS('',3,(#10074,#10075,#10076,#10077,#10078,
#10079,#10080,#10081,#10082,#10083,#10084,#10085,#10086,#10087,#10088,#10089,
#10090,#10091,#10092,#10093,#10094,#10095,#10096,#10097,#10098,#10099,#10100,
#10101,#10102,#10103),.UNSPECIFIED.,.F.,.F.,(4,2,2,2,2,2,2,2,2,2,2,2,2,
2,4),(-17.4492616677132,-17.0445377847414,-16.6779993312946,-15.955307018603,
-15.4823168443916,-14.9791708812764,-14.366918777196,-13.6532068802862,
-11.1934033065321,-9.91230005146978,-7.47528304265093,-5.31247701201658,
-3.44645714215796,-2.48019418003596,-9.99841841320404E-7),.UNSPECIFIED.);
#42=B_SPLINE_CURVE_WITH_KNOTS('',3,(#10105,#10106,#10107,#10108,#10109,
#10110,#10111,#10112,#10113,#10114,#10115,#10116,#10117,#10118,#10119,#10120,
#10121,#10122,#10123,#10124,#10125,#10126,#10127,#10128,#10129,#10130,#10131,
#10132,#10133,#10134,#10135,#10136,#10137,#10138,#10139,#10140,#10141,#10142,
#10143,#10144,#10145,#10146,#10147,#10148,#10149,#10150,#10151,#10152,#10153,
#10154,#10155,#10156,#10157,#10158,#10159,#10160,#10161,#10162,#10163,#10164,
#10165,#10166,#10167,#10168,#10169,#10170,#10171,#10172,#10173,#10174,#10175,
#10176,#10177,#10178,#10179,#10180,#10181,#10182,#10183,#10184,#10185,#10186,
#10187,#10188,#10189),.UNSPECIFIED.,.F.,.F.,(4,3,3,3,3,3,3,3,3,3,3,3,3,
3,3,3,3,3,3,3,3,3,3,3,3,3,3,3,4),(1.03730906382601E-7,0.0467401735880081,
0.124105427116787,0.212809472171986,0.343029851019476,0.411029601140919,
0.500550293318702,0.594026479416354,0.743557039581294,0.825609588674282,
0.848198270018973,1.04111077917254,1.09787773361502,1.24359663523389,1.34843650696764,
1.47938575178587,1.60271816105767,1.67625982014915,1.82947153962062,1.96566689442758,
2.10186224923453,2.11665017916964,2.2905612830154,2.44379825617206,2.53805581206473,
2.640429962442,2.77191275413406,2.92893430987077,2.97424937489492),
 .UNSPECIFIED.);
#43=B_SPLINE_CURVE_WITH_KNOTS('',3,(#10192,#10193,#10194,#10195,#10196,
#10197,#10198,#10199,#10200,#10201,#10202,#10203,#10204,#10205,#10206,#10207,
#10208,#10209,#10210,#10211,#10212,#10213,#10214,#10215,#10216,#10217,#10218,
#10219,#10220,#10221),.UNSPECIFIED.,.F.,.F.,(4,2,2,2,2,2,2,2,2,2,2,2,2,
2,4),(-18.8595442461358,-16.7184489695443,-14.5092172024839,-13.5958981930383,
-12.2545354356527,-9.90062682542969,-9.74694416117195,-9.16040120908673,
-6.62586413448431,-4.31670437903396,-2.55246626678374,-1.33533863089398,
-0.678048328159848,-0.339350240981691,-2.51268799872837E-5),
 .UNSPECIFIED.);
#44=B_SPLINE_CURVE_WITH_KNOTS('',3,(#10223,#10224,#10225,#10226,#10227,
#10228,#10229,#10230,#10231,#10232,#10233,#10234,#10235,#10236,#10237,#10238,
#10239,#10240,#10241,#10242,#10243,#10244,#10245,#10246,#10247,#10248,#10249,
#10250,#10251,#10252,#10253,#10254,#10255,#10256,#10257,#10258),
 .UNSPECIFIED.,.F.,.F.,(4,2,2,2,2,2,2,2,2,2,2,2,2,2,2,2,2,4),(10.2534012255209,
10.605714887355,11.1529580925009,12.341038684013,13.2476956345648,13.6694410944004,
14.0093706995361,14.3670714651678,15.5301789783825,16.4270467612703,17.714700053665,
18.6706164588539,19.3601652476509,20.0057688940604,20.6281386504785,20.9063511020181,
21.0988894566698,21.1642413529265),.UNSPECIFIED.);
#45=B_SPLINE_CURVE_WITH_KNOTS('',3,(#10260,#10261,#10262,#10263,#10264,
#10265,#10266,#10267,#10268,#10269,#10270,#10271,#10272,#10273,#10274,#10275,
#10276,#10277,#10278,#10279,#10280,#10281,#10282,#10283,#10284,#10285,#10286,
#10287,#10288,#10289,#10290,#10291,#10292,#10293,#10294,#10295,#10296,#10297),
 .UNSPECIFIED.,.F.,.F.,(4,2,2,2,2,2,2,2,2,2,2,2,2,2,2,2,2,2,4),(10.3745496603992,
10.4235711200507,10.6251626889248,10.796216952402,10.9882287258514,11.3056426777254,
11.7854741428055,12.231746161766,12.9288709755287,13.4417819475543,13.8402647706336,
14.3347713446872,14.7645320270848,15.1314507085523,15.4493859158843,15.7958507426924,
16.2509478218313,16.5461200931283,16.7046559341405),.UNSPECIFIED.);
#46=B_SPLINE_CURVE_WITH_KNOTS('',3,(#10300,#10301,#10302,#10303,#10304,
#10305),.UNSPECIFIED.,.F.,.F.,(4,2,4),(-11.7320417176908,-11.2617675892613,
-10.102700106894),.UNSPECIFIED.);
#47=B_SPLINE_CURVE_WITH_KNOTS('',3,(#10314,#10315,#10316,#10317,#10318,
#10319,#10320,#10321,#10322,#10323,#10324,#10325,#10326,#10327,#10328,#10329),
 .UNSPECIFIED.,.F.,.F.,(4,2,2,2,2,2,2,4),(-13.3388205001572,-13.043800045694,
-12.6897429683109,-12.3356858909278,-11.9816288135447,-11.6599680451577,
-11.3383072767706,-11.1478351570382),.UNSPECIFIED.);
#48=B_SPLINE_CURVE_WITH_KNOTS('',3,(#10331,#10332,#10333,#10334,#10335,
#10336,#10337,#10338,#10339,#10340,#10341,#10342,#10343,#10344,#10345,#10346,
#10347,#10348,#10349,#10350,#10351,#10352,#10353,#10354,#10355,#10356,#10357,
#10358,#10359,#10360,#10361,#10362,#10363,#10364,#10365,#10366,#10367,#10368,
#10369,#10370,#10371,#10372,#10373,#10374,#10375,#10376,#10377,#10378,#10379,
#10380,#10381,#10382,#10383,#10384,#10385,#10386,#10387,#10388,#10389),
 .UNSPECIFIED.,.F.,.F.,(4,2,2,2,2,2,2,2,2,2,2,2,2,2,2,2,2,2,2,2,2,2,2,2,
2,2,2,3,4),(-8.94895052781035,-8.75847840791282,-8.43681763922517,-8.11515687053752,
-7.76109979328777,-7.40704271603803,-7.05298563878828,-6.69892856153853,
-6.34487148473986,-5.99081440794119,-5.63675733114252,-5.28270025434385,
-4.96103948492979,-4.63937871551573,-4.31690010714404,-3.99442149877235,
-3.67194289040066,-3.34946428202897,-3.02698567318621,-2.70450706434346,
-2.3820284555007,-2.05954984665794,-1.7378890789973,-1.41622831133666,-1.0621712335025,
-0.70811415566833,-0.354057077834165,0.,0.0590366229198494),
 .UNSPECIFIED.);
#49=B_SPLINE_CURVE_WITH_KNOTS('',3,(#10390,#10391,#10392,#10393,#10394,
#10395,#10396,#10397,#10398,#10399,#10400,#10401,#10402,#10403,#10404,#10405,
#10406,#10407),.UNSPECIFIED.,.F.,.F.,(4,2,2,2,2,2,2,2,4),(-11.1478351570382,
-11.0158286683989,-10.6933500600272,-10.3708714516555,-10.0483928432838,
-9.72591423444109,-9.40343562559833,-9.08095701675558,-8.94895052781033),
 .UNSPECIFIED.);
#50=B_SPLINE_CURVE_WITH_KNOTS('',3,(#10409,#10410,#10411,#10412,#10413,
#10414,#10415,#10416,#10417,#10418,#10419,#10420,#10421,#10422),
 .UNSPECIFIED.,.F.,.F.,(4,2,2,2,2,2,4),(3.45599568920928,3.96953947227732,
4.23344262091644,4.49734576955557,4.76281764900421,5.02828952845286,5.53876813015673),
 .UNSPECIFIED.);
#51=B_SPLINE_CURVE_WITH_KNOTS('',3,(#10428,#10429,#10430,#10431,#10432,
#10433,#10434,#10435,#10436,#10437,#10438,#10439,#10440,#10441),
 .UNSPECIFIED.,.F.,.F.,(4,2,2,2,2,2,4),(3.45589793132107,3.96637662086515,
4.23184850019075,4.49732037951635,4.76122352827813,5.0251266770399,5.53867057606908),
 .UNSPECIFIED.);
#52=CIRCLE('',#987,1.39999987105432);
#53=CIRCLE('',#988,1.39999987105432);
#54=CIRCLE('',#989,1.39999987105432);
#55=CIRCLE('',#993,4.99999987276541);
#56=CIRCLE('',#994,1.39999985898678);
#57=CIRCLE('',#995,1.3999998560325);
#58=CIRCLE('',#996,1.39999985588291);
#59=CIRCLE('',#998,3.25);
#60=CIRCLE('',#999,3.25);
#61=CIRCLE('',#1002,4.);
#62=CIRCLE('',#1003,4.);
#63=CIRCLE('',#1005,4.00000003971527);
#64=CIRCLE('',#1007,4.00000003971527);
#65=CIRCLE('',#1009,3.99999961057165);
#66=CIRCLE('',#1010,3.99999961057165);
#67=CIRCLE('',#1012,6.50000008046893);
#68=CIRCLE('',#1013,6.50000008046893);
#69=CIRCLE('',#1017,1.42499997157913);
#70=CIRCLE('',#1018,1.42499997157913);
#71=CIRCLE('',#1020,3.);
#72=CIRCLE('',#1021,3.);
#73=CIRCLE('',#1023,1.39999985588291);
#74=CIRCLE('',#1025,1.39999985898678);
#75=CIRCLE('',#1027,1.3999998560325);
#76=CIRCLE('',#1029,1.39999987105432);
#77=CIRCLE('',#1030,1.39999987105432);
#78=CIRCLE('',#1032,4.99999987276541);
#79=CIRCLE('',#1034,6.50000008046893);
#80=CIRCLE('',#1036,6.50000008046893);
#81=CIRCLE('',#1037,6.50000008046893);
#82=CIRCLE('',#1039,6.50000008046893);
#83=CIRCLE('',#1040,6.50000008046893);
#84=CIRCLE('',#1042,6.50000008046893);
#85=CIRCLE('',#1044,6.50000008046893);
#86=CIRCLE('',#1046,6.50000008046893);
#87=CIRCLE('',#1049,6.50000008046893);
#88=CIRCLE('',#1051,6.50000008046893);
#89=CYLINDRICAL_SURFACE('',#986,1.39999987105432);
#90=CYLINDRICAL_SURFACE('',#997,3.25);
#91=CYLINDRICAL_SURFACE('',#1001,4.);
#92=CYLINDRICAL_SURFACE('',#1006,4.00000003971527);
#93=CYLINDRICAL_SURFACE('',#1008,3.99999961057165);
#94=CYLINDRICAL_SURFACE('',#1011,6.50000008046893);
#95=CYLINDRICAL_SURFACE('',#1016,1.42499997157913);
#96=CYLINDRICAL_SURFACE('',#1019,3.);
#97=CYLINDRICAL_SURFACE('',#1022,1.39999985588291);
#98=CYLINDRICAL_SURFACE('',#1024,1.39999985898678);
#99=CYLINDRICAL_SURFACE('',#1026,1.3999998560325);
#100=CYLINDRICAL_SURFACE('',#1028,1.39999987105432);
#101=CYLINDRICAL_SURFACE('',#1031,4.99999987276541);
#102=CYLINDRICAL_SURFACE('',#1033,6.50000008046893);
#103=FACE_OUTER_BOUND('',#151,.T.);
#104=FACE_OUTER_BOUND('',#152,.T.);
#105=FACE_OUTER_BOUND('',#153,.T.);
#106=FACE_OUTER_BOUND('',#154,.T.);
#107=FACE_OUTER_BOUND('',#155,.T.);
#108=FACE_OUTER_BOUND('',#159,.T.);
#109=FACE_OUTER_BOUND('',#160,.T.);
#110=FACE_OUTER_BOUND('',#161,.T.);
#111=FACE_OUTER_BOUND('',#162,.T.);
#112=FACE_OUTER_BOUND('',#164,.T.);
#113=FACE_OUTER_BOUND('',#165,.T.);
#114=FACE_OUTER_BOUND('',#166,.T.);
#115=FACE_OUTER_BOUND('',#167,.T.);
#116=FACE_OUTER_BOUND('',#169,.T.);
#117=FACE_OUTER_BOUND('',#171,.T.);
#118=FACE_OUTER_BOUND('',#172,.T.);
#119=FACE_OUTER_BOUND('',#174,.T.);
#120=FACE_OUTER_BOUND('',#175,.T.);
#121=FACE_OUTER_BOUND('',#176,.T.);
#122=FACE_OUTER_BOUND('',#177,.T.);
#123=FACE_OUTER_BOUND('',#178,.T.);
#124=FACE_OUTER_BOUND('',#179,.T.);
#125=FACE_OUTER_BOUND('',#180,.T.);
#126=FACE_OUTER_BOUND('',#184,.T.);
#127=FACE_OUTER_BOUND('',#185,.T.);
#128=FACE_OUTER_BOUND('',#186,.T.);
#129=FACE_OUTER_BOUND('',#187,.T.);
#130=FACE_OUTER_BOUND('',#188,.T.);
#131=FACE_OUTER_BOUND('',#189,.T.);
#132=FACE_OUTER_BOUND('',#190,.T.);
#133=FACE_OUTER_BOUND('',#191,.T.);
#134=FACE_OUTER_BOUND('',#192,.T.);
#135=FACE_OUTER_BOUND('',#193,.T.);
#136=FACE_OUTER_BOUND('',#194,.T.);
#137=FACE_OUTER_BOUND('',#196,.T.);
#138=FACE_OUTER_BOUND('',#197,.T.);
#139=FACE_OUTER_BOUND('',#199,.T.);
#140=FACE_OUTER_BOUND('',#203,.T.);
#141=FACE_OUTER_BOUND('',#204,.T.);
#142=FACE_OUTER_BOUND('',#205,.T.);
#143=FACE_OUTER_BOUND('',#206,.T.);
#144=FACE_OUTER_BOUND('',#207,.T.);
#145=FACE_OUTER_BOUND('',#208,.T.);
#146=FACE_OUTER_BOUND('',#209,.T.);
#147=FACE_OUTER_BOUND('',#210,.T.);
#148=FACE_OUTER_BOUND('',#211,.T.);
#149=FACE_OUTER_BOUND('',#212,.T.);
#150=FACE_OUTER_BOUND('',#213,.T.);
#151=EDGE_LOOP('',(#611,#612,#613,#614));
#152=EDGE_LOOP('',(#615,#616,#617,#618,#619));
#153=EDGE_LOOP('',(#620,#621,#622,#623));
#154=EDGE_LOOP('',(#624,#625,#626,#627));
#155=EDGE_LOOP('',(#628,#629,#630,#631,#632,#633,#634,#635,#636,#637));
#156=EDGE_LOOP('',(#638));
#157=EDGE_LOOP('',(#639));
#158=EDGE_LOOP('',(#640));
#159=EDGE_LOOP('',(#641,#642,#643,#644));
#160=EDGE_LOOP('',(#645));
#161=EDGE_LOOP('',(#646,#647,#648,#649));
#162=EDGE_LOOP('',(#650,#651));
#163=EDGE_LOOP('',(#652));
#164=EDGE_LOOP('',(#653,#654,#655,#656,#657,#658));
#165=EDGE_LOOP('',(#659,#660,#661,#662));
#166=EDGE_LOOP('',(#663,#664,#665,#666));
#167=EDGE_LOOP('',(#667));
#168=EDGE_LOOP('',(#668,#669));
#169=EDGE_LOOP('',(#670,#671,#672,#673));
#170=EDGE_LOOP('',(#674,#675,#676,#677));
#171=EDGE_LOOP('',(#678,#679,#680));
#172=EDGE_LOOP('',(#681,#682,#683,#684));
#173=EDGE_LOOP('',(#685,#686,#687));
#174=EDGE_LOOP('',(#688,#689,#690,#691,#692,#693,#694,#695));
#175=EDGE_LOOP('',(#696,#697,#698,#699));
#176=EDGE_LOOP('',(#700,#701,#702,#703));
#177=EDGE_LOOP('',(#704,#705,#706,#707));
#178=EDGE_LOOP('',(#708,#709,#710,#711,#712,#713,#714,#715,#716,#717,#718,
#719,#720));
#179=EDGE_LOOP('',(#721,#722,#723,#724,#725));
#180=EDGE_LOOP('',(#726,#727,#728,#729,#730,#731,#732,#733,#734,#735,#736,
#737,#738,#739,#740,#741));
#181=EDGE_LOOP('',(#742,#743,#744,#745,#746,#747));
#182=EDGE_LOOP('',(#748,#749,#750,#751,#752,#753));
#183=EDGE_LOOP('',(#754,#755,#756,#757,#758,#759));
#184=EDGE_LOOP('',(#760,#761));
#185=EDGE_LOOP('',(#762,#763,#764,#765));
#186=EDGE_LOOP('',(#766,#767,#768,#769));
#187=EDGE_LOOP('',(#770,#771,#772,#773));
#188=EDGE_LOOP('',(#774,#775,#776,#777));
#189=EDGE_LOOP('',(#778,#779,#780,#781));
#190=EDGE_LOOP('',(#782,#783,#784,#785));
#191=EDGE_LOOP('',(#786,#787,#788,#789));
#192=EDGE_LOOP('',(#790,#791,#792,#793));
#193=EDGE_LOOP('',(#794,#795,#796,#797));
#194=EDGE_LOOP('',(#798,#799,#800,#801,#802));
#195=EDGE_LOOP('',(#803));
#196=EDGE_LOOP('',(#804,#805,#806,#807));
#197=EDGE_LOOP('',(#808,#809,#810,#811,#812));
#198=EDGE_LOOP('',(#813));
#199=EDGE_LOOP('',(#814,#815,#816,#817,#818,#819,#820,#821,#822,#823,#824));
#200=EDGE_LOOP('',(#825));
#201=EDGE_LOOP('',(#826));
#202=EDGE_LOOP('',(#827));
#203=EDGE_LOOP('',(#828,#829,#830,#831,#832));
#204=EDGE_LOOP('',(#833,#834,#835,#836));
#205=EDGE_LOOP('',(#837,#838,#839,#840));
#206=EDGE_LOOP('',(#841,#842,#843,#844));
#207=EDGE_LOOP('',(#845,#846,#847,#848));
#208=EDGE_LOOP('',(#849,#850,#851,#852,#853,#854,#855,#856,#857,#858,#859,
#860,#861));
#209=EDGE_LOOP('',(#862,#863,#864,#865,#866,#867,#868,#869,#870,#871,#872,
#873,#874));
#210=EDGE_LOOP('',(#875,#876,#877,#878));
#211=EDGE_LOOP('',(#879,#880,#881,#882));
#212=EDGE_LOOP('',(#883,#884,#885,#886));
#213=EDGE_LOOP('',(#887,#888,#889,#890));
#214=LINE('',#1350,#297);
#215=LINE('',#1352,#298);
#216=LINE('',#1354,#299);
#217=LINE('',#1355,#300);
#218=LINE('',#1363,#301);
#219=LINE('',#1366,#302);
#220=LINE('',#1368,#303);
#221=LINE('',#1369,#304);
#222=LINE('',#1404,#305);
#223=LINE('',#1406,#306);
#224=LINE('',#1407,#307);
#225=LINE('',#1410,#308);
#226=LINE('',#1412,#309);
#227=LINE('',#1414,#310);
#228=LINE('',#1415,#311);
#229=LINE('',#1418,#312);
#230=LINE('',#1429,#313);
#231=LINE('',#1437,#314);
#232=LINE('',#1440,#315);
#233=LINE('',#1447,#316);
#234=LINE('',#1448,#317);
#235=LINE('',#1456,#318);
#236=LINE('',#10191,#319);
#237=LINE('',#10298,#320);
#238=LINE('',#10310,#321);
#239=LINE('',#10426,#322);
#240=LINE('',#10443,#323);
#241=LINE('',#10448,#324);
#242=LINE('',#10452,#325);
#243=LINE('',#10456,#326);
#244=LINE('',#10461,#327);
#245=LINE('',#10462,#328);
#246=LINE('',#10466,#329);
#247=LINE('',#10469,#330);
#248=LINE('',#10473,#331);
#249=LINE('',#10478,#332);
#250=LINE('',#10484,#333);
#251=LINE('',#10492,#334);
#252=LINE('',#10496,#335);
#253=LINE('',#10500,#336);
#254=LINE('',#10504,#337);
#255=LINE('',#10518,#338);
#256=LINE('',#10521,#339);
#257=LINE('',#10525,#340);
#258=LINE('',#10527,#341);
#259=LINE('',#10528,#342);
#260=LINE('',#10530,#343);
#261=LINE('',#10531,#344);
#262=LINE('',#10535,#345);
#263=LINE('',#10536,#346);
#264=LINE('',#10537,#347);
#265=LINE('',#10539,#348);
#266=LINE('',#10540,#349);
#267=LINE('',#10543,#350);
#268=LINE('',#10545,#351);
#269=LINE('',#10546,#352);
#270=LINE('',#10548,#353);
#271=LINE('',#10549,#354);
#272=LINE('',#10552,#355);
#273=LINE('',#10554,#356);
#274=LINE('',#10555,#357);
#275=LINE('',#10557,#358);
#276=LINE('',#10558,#359);
#277=LINE('',#10561,#360);
#278=LINE('',#10563,#361);
#279=LINE('',#10564,#362);
#280=LINE('',#10566,#363);
#281=LINE('',#10569,#364);
#282=LINE('',#10570,#365);
#283=LINE('',#10572,#366);
#284=LINE('',#10574,#367);
#285=LINE('',#10578,#368);
#286=LINE('',#10579,#369);
#287=LINE('',#10582,#370);
#288=LINE('',#10583,#371);
#289=LINE('',#10586,#372);
#290=LINE('',#10587,#373);
#291=LINE('',#10590,#374);
#292=LINE('',#10591,#375);
#293=LINE('',#10594,#376);
#294=LINE('',#10595,#377);
#295=LINE('',#10596,#378);
#296=LINE('',#10597,#379);
#297=VECTOR('',#1081,1.);
#298=VECTOR('',#1082,1.);
#299=VECTOR('',#1083,1.);
#300=VECTOR('',#1084,1.);
#301=VECTOR('',#1093,1.);
#302=VECTOR('',#1096,1.);
#303=VECTOR('',#1097,1.);
#304=VECTOR('',#1098,1.);
#305=VECTOR('',#1101,1.);
#306=VECTOR('',#1102,1.);
#307=VECTOR('',#1103,1.);
#308=VECTOR('',#1106,1.);
#309=VECTOR('',#1107,1.);
#310=VECTOR('',#1108,1.);
#311=VECTOR('',#1109,1.);
#312=VECTOR('',#1112,1.);
#313=VECTOR('',#1123,3.25);
#314=VECTOR('',#1132,1.);
#315=VECTOR('',#1135,1.);
#316=VECTOR('',#1144,1.);
#317=VECTOR('',#1145,1.);
#318=VECTOR('',#1156,6.50000008046893);
#319=VECTOR('',#1161,1.);
#320=VECTOR('',#1162,1.);
#321=VECTOR('',#1169,1.42499997157913);
#322=VECTOR('',#1176,1.);
#323=VECTOR('',#1177,1.);
#324=VECTOR('',#1184,1.39999985588291);
#325=VECTOR('',#1189,1.39999985898678);
#326=VECTOR('',#1194,1.3999998560325);
#327=VECTOR('',#1201,1.39999987105432);
#328=VECTOR('',#1202,1.39999987105432);
#329=VECTOR('',#1207,1.);
#330=VECTOR('',#1210,6.50000008046893);
#331=VECTOR('',#1213,1.);
#332=VECTOR('',#1218,6.50000008046893);
#333=VECTOR('',#1223,1.);
#334=VECTOR('',#1230,1.);
#335=VECTOR('',#1233,1.);
#336=VECTOR('',#1236,1.);
#337=VECTOR('',#1239,1.);
#338=VECTOR('',#1252,1.);
#339=VECTOR('',#1255,1.);
#340=VECTOR('',#1260,1.);
#341=VECTOR('',#1261,1.);
#342=VECTOR('',#1262,1.);
#343=VECTOR('',#1265,1.);
#344=VECTOR('',#1266,1.);
#345=VECTOR('',#1269,1.);
#346=VECTOR('',#1270,1.);
#347=VECTOR('',#1271,1.);
#348=VECTOR('',#1274,1.);
#349=VECTOR('',#1275,1.);
#350=VECTOR('',#1278,1.);
#351=VECTOR('',#1279,1.);
#352=VECTOR('',#1280,1.);
#353=VECTOR('',#1283,1.);
#354=VECTOR('',#1284,1.);
#355=VECTOR('',#1287,1.);
#356=VECTOR('',#1288,1.);
#357=VECTOR('',#1289,1.);
#358=VECTOR('',#1292,1.);
#359=VECTOR('',#1293,1.);
#360=VECTOR('',#1296,1.);
#361=VECTOR('',#1297,1.);
#362=VECTOR('',#1298,1.);
#363=VECTOR('',#1301,1.);
#364=VECTOR('',#1304,1.);
#365=VECTOR('',#1305,1.);
#366=VECTOR('',#1308,1.);
#367=VECTOR('',#1311,1.);
#368=VECTOR('',#1316,1.);
#369=VECTOR('',#1317,1.);
#370=VECTOR('',#1320,1.);
#371=VECTOR('',#1321,1.);
#372=VECTOR('',#1324,1.);
#373=VECTOR('',#1325,1.);
#374=VECTOR('',#1328,1.);
#375=VECTOR('',#1329,1.);
#376=VECTOR('',#1334,1.);
#377=VECTOR('',#1335,1.);
#378=VECTOR('',#1336,1.);
#379=VECTOR('',#1337,1.);
#380=VERTEX_POINT('',#1348);
#381=VERTEX_POINT('',#1349);
#382=VERTEX_POINT('',#1351);
#383=VERTEX_POINT('',#1353);
#384=VERTEX_POINT('',#1357);
#385=VERTEX_POINT('',#1358);
#386=VERTEX_POINT('',#1361);
#387=VERTEX_POINT('',#1365);
#388=VERTEX_POINT('',#1367);
#389=VERTEX_POINT('',#1371);
#390=VERTEX_POINT('',#1372);
#391=VERTEX_POINT('',#1403);
#392=VERTEX_POINT('',#1405);
#393=VERTEX_POINT('',#1409);
#394=VERTEX_POINT('',#1411);
#395=VERTEX_POINT('',#1413);
#396=VERTEX_POINT('',#1416);
#397=VERTEX_POINT('',#1419);
#398=VERTEX_POINT('',#1421);
#399=VERTEX_POINT('',#1423);
#400=VERTEX_POINT('',#1426);
#401=VERTEX_POINT('',#1428);
#402=VERTEX_POINT('',#1433);
#403=VERTEX_POINT('',#1434);
#404=VERTEX_POINT('',#1436);
#405=VERTEX_POINT('',#1438);
#406=VERTEX_POINT('',#1444);
#407=VERTEX_POINT('',#1445);
#408=VERTEX_POINT('',#1453);
#409=VERTEX_POINT('',#1455);
#410=VERTEX_POINT('',#10072);
#411=VERTEX_POINT('',#10073);
#412=VERTEX_POINT('',#10104);
#413=VERTEX_POINT('',#10190);
#414=VERTEX_POINT('',#10222);
#415=VERTEX_POINT('',#10259);
#416=VERTEX_POINT('',#10307);
#417=VERTEX_POINT('',#10309);
#418=VERTEX_POINT('',#10312);
#419=VERTEX_POINT('',#10313);
#420=VERTEX_POINT('',#10330);
#421=VERTEX_POINT('',#10423);
#422=VERTEX_POINT('',#10425);
#423=VERTEX_POINT('',#10427);
#424=VERTEX_POINT('',#10442);
#425=VERTEX_POINT('',#10446);
#426=VERTEX_POINT('',#10450);
#427=VERTEX_POINT('',#10454);
#428=VERTEX_POINT('',#10458);
#429=VERTEX_POINT('',#10464);
#430=VERTEX_POINT('',#10468);
#431=VERTEX_POINT('',#10470);
#432=VERTEX_POINT('',#10472);
#433=VERTEX_POINT('',#10474);
#434=VERTEX_POINT('',#10476);
#435=VERTEX_POINT('',#10479);
#436=VERTEX_POINT('',#10481);
#437=VERTEX_POINT('',#10483);
#438=VERTEX_POINT('',#10486);
#439=VERTEX_POINT('',#10487);
#440=VERTEX_POINT('',#10489);
#441=VERTEX_POINT('',#10491);
#442=VERTEX_POINT('',#10493);
#443=VERTEX_POINT('',#10495);
#444=VERTEX_POINT('',#10498);
#445=VERTEX_POINT('',#10499);
#446=VERTEX_POINT('',#10501);
#447=VERTEX_POINT('',#10503);
#448=VERTEX_POINT('',#10505);
#449=VERTEX_POINT('',#10507);
#450=VERTEX_POINT('',#10510);
#451=VERTEX_POINT('',#10511);
#452=VERTEX_POINT('',#10513);
#453=VERTEX_POINT('',#10515);
#454=VERTEX_POINT('',#10517);
#455=VERTEX_POINT('',#10519);
#456=VERTEX_POINT('',#10524);
#457=VERTEX_POINT('',#10526);
#458=VERTEX_POINT('',#10533);
#459=VERTEX_POINT('',#10534);
#460=VERTEX_POINT('',#10542);
#461=VERTEX_POINT('',#10544);
#462=VERTEX_POINT('',#10551);
#463=VERTEX_POINT('',#10553);
#464=VERTEX_POINT('',#10560);
#465=VERTEX_POINT('',#10562);
#466=VERTEX_POINT('',#10568);
#467=VERTEX_POINT('',#10577);
#468=VERTEX_POINT('',#10581);
#469=VERTEX_POINT('',#10585);
#470=VERTEX_POINT('',#10589);
#471=EDGE_CURVE('',#380,#381,#214,.T.);
#472=EDGE_CURVE('',#381,#382,#215,.T.);
#473=EDGE_CURVE('',#383,#382,#216,.T.);
#474=EDGE_CURVE('',#380,#383,#217,.T.);
#475=EDGE_CURVE('',#384,#385,#52,.T.);
#476=EDGE_CURVE('',#385,#380,#53,.T.);
#477=EDGE_CURVE('',#386,#383,#54,.T.);
#478=EDGE_CURVE('',#384,#386,#218,.T.);
#479=EDGE_CURVE('',#387,#384,#219,.T.);
#480=EDGE_CURVE('',#388,#386,#220,.T.);
#481=EDGE_CURVE('',#387,#388,#221,.T.);
#482=EDGE_CURVE('',#389,#390,#40,.F.);
#483=EDGE_CURVE('',#389,#391,#222,.T.);
#484=EDGE_CURVE('',#392,#391,#223,.T.);
#485=EDGE_CURVE('',#390,#392,#224,.T.);
#486=EDGE_CURVE('',#382,#393,#225,.T.);
#487=EDGE_CURVE('',#393,#394,#226,.T.);
#488=EDGE_CURVE('',#394,#395,#227,.T.);
#489=EDGE_CURVE('',#395,#392,#228,.T.);
#490=EDGE_CURVE('',#391,#396,#55,.T.);
#491=EDGE_CURVE('',#396,#388,#229,.T.);
#492=EDGE_CURVE('',#397,#397,#56,.T.);
#493=EDGE_CURVE('',#398,#398,#57,.T.);
#494=EDGE_CURVE('',#399,#399,#58,.T.);
#495=EDGE_CURVE('',#400,#400,#59,.T.);
#496=EDGE_CURVE('',#400,#401,#230,.T.);
#497=EDGE_CURVE('',#401,#401,#60,.T.);
#498=EDGE_CURVE('',#402,#403,#61,.T.);
#499=EDGE_CURVE('',#402,#404,#231,.T.);
#500=EDGE_CURVE('',#405,#404,#62,.T.);
#501=EDGE_CURVE('',#403,#405,#232,.T.);
#502=EDGE_CURVE('',#404,#405,#63,.T.);
#503=EDGE_CURVE('',#406,#407,#64,.T.);
#504=EDGE_CURVE('',#406,#403,#233,.T.);
#505=EDGE_CURVE('',#407,#402,#234,.T.);
#506=EDGE_CURVE('',#407,#406,#65,.T.);
#507=EDGE_CURVE('',#403,#402,#66,.T.);
#508=EDGE_CURVE('',#408,#408,#67,.T.);
#509=EDGE_CURVE('',#408,#409,#235,.T.);
#510=EDGE_CURVE('',#409,#409,#68,.T.);
#511=EDGE_CURVE('',#410,#411,#41,.T.);
#512=EDGE_CURVE('',#412,#410,#42,.T.);
#513=EDGE_CURVE('',#413,#412,#236,.T.);
#514=EDGE_CURVE('',#411,#413,#43,.T.);
#515=EDGE_CURVE('',#414,#390,#44,.T.);
#516=EDGE_CURVE('',#415,#414,#45,.F.);
#517=EDGE_CURVE('',#389,#415,#237,.T.);
#518=EDGE_CURVE('',#413,#410,#46,.T.);
#519=EDGE_CURVE('',#416,#416,#69,.T.);
#520=EDGE_CURVE('',#416,#417,#238,.T.);
#521=EDGE_CURVE('',#417,#417,#70,.T.);
#522=EDGE_CURVE('',#418,#419,#47,.T.);
#523=EDGE_CURVE('',#420,#418,#48,.T.);
#524=EDGE_CURVE('',#419,#420,#49,.T.);
#525=EDGE_CURVE('',#384,#380,#50,.T.);
#526=EDGE_CURVE('',#421,#387,#71,.T.);
#527=EDGE_CURVE('',#422,#421,#239,.T.);
#528=EDGE_CURVE('',#423,#422,#51,.T.);
#529=EDGE_CURVE('',#424,#423,#240,.T.);
#530=EDGE_CURVE('',#381,#424,#72,.T.);
#531=EDGE_CURVE('',#425,#425,#73,.T.);
#532=EDGE_CURVE('',#425,#399,#241,.T.);
#533=EDGE_CURVE('',#426,#426,#74,.T.);
#534=EDGE_CURVE('',#426,#397,#242,.T.);
#535=EDGE_CURVE('',#427,#427,#75,.T.);
#536=EDGE_CURVE('',#427,#398,#243,.T.);
#537=EDGE_CURVE('',#423,#428,#76,.T.);
#538=EDGE_CURVE('',#428,#422,#77,.T.);
#539=EDGE_CURVE('',#428,#419,#244,.T.);
#540=EDGE_CURVE('',#420,#385,#245,.T.);
#541=EDGE_CURVE('',#429,#415,#78,.T.);
#542=EDGE_CURVE('',#396,#429,#246,.T.);
#543=EDGE_CURVE('',#409,#430,#247,.T.);
#544=EDGE_CURVE('',#431,#430,#79,.T.);
#545=EDGE_CURVE('',#432,#431,#248,.T.);
#546=EDGE_CURVE('',#433,#432,#15,.T.);
#547=EDGE_CURVE('',#434,#433,#80,.T.);
#548=EDGE_CURVE('',#434,#411,#249,.T.);
#549=EDGE_CURVE('',#435,#434,#81,.T.);
#550=EDGE_CURVE('',#436,#435,#16,.T.);
#551=EDGE_CURVE('',#437,#436,#250,.T.);
#552=EDGE_CURVE('',#430,#437,#82,.T.);
#553=EDGE_CURVE('',#438,#439,#83,.T.);
#554=EDGE_CURVE('',#440,#438,#17,.T.);
#555=EDGE_CURVE('',#441,#440,#251,.T.);
#556=EDGE_CURVE('',#442,#441,#84,.T.);
#557=EDGE_CURVE('',#443,#442,#252,.T.);
#558=EDGE_CURVE('',#439,#443,#18,.T.);
#559=EDGE_CURVE('',#444,#445,#253,.T.);
#560=EDGE_CURVE('',#446,#444,#85,.T.);
#561=EDGE_CURVE('',#447,#446,#254,.T.);
#562=EDGE_CURVE('',#448,#447,#19,.T.);
#563=EDGE_CURVE('',#449,#448,#86,.T.);
#564=EDGE_CURVE('',#445,#449,#20,.T.);
#565=EDGE_CURVE('',#450,#451,#21,.T.);
#566=EDGE_CURVE('',#452,#450,#87,.T.);
#567=EDGE_CURVE('',#453,#452,#22,.T.);
#568=EDGE_CURVE('',#454,#453,#255,.T.);
#569=EDGE_CURVE('',#455,#454,#88,.T.);
#570=EDGE_CURVE('',#451,#455,#256,.T.);
#571=EDGE_CURVE('',#456,#449,#257,.T.);
#572=EDGE_CURVE('',#457,#456,#258,.T.);
#573=EDGE_CURVE('',#445,#457,#259,.T.);
#574=EDGE_CURVE('',#457,#443,#260,.T.);
#575=EDGE_CURVE('',#439,#456,#261,.T.);
#576=EDGE_CURVE('',#458,#459,#262,.T.);
#577=EDGE_CURVE('',#450,#458,#263,.T.);
#578=EDGE_CURVE('',#459,#451,#264,.T.);
#579=EDGE_CURVE('',#458,#438,#265,.T.);
#580=EDGE_CURVE('',#440,#459,#266,.T.);
#581=EDGE_CURVE('',#433,#460,#267,.T.);
#582=EDGE_CURVE('',#461,#432,#268,.T.);
#583=EDGE_CURVE('',#460,#461,#269,.T.);
#584=EDGE_CURVE('',#453,#461,#270,.T.);
#585=EDGE_CURVE('',#460,#452,#271,.T.);
#586=EDGE_CURVE('',#462,#447,#272,.T.);
#587=EDGE_CURVE('',#463,#462,#273,.T.);
#588=EDGE_CURVE('',#448,#463,#274,.T.);
#589=EDGE_CURVE('',#436,#462,#275,.T.);
#590=EDGE_CURVE('',#463,#435,#276,.T.);
#591=EDGE_CURVE('',#464,#393,#277,.T.);
#592=EDGE_CURVE('',#465,#464,#278,.T.);
#593=EDGE_CURVE('',#394,#465,#279,.T.);
#594=EDGE_CURVE('',#421,#429,#280,.T.);
#595=EDGE_CURVE('',#466,#465,#281,.T.);
#596=EDGE_CURVE('',#395,#466,#282,.T.);
#597=EDGE_CURVE('',#464,#424,#283,.T.);
#598=EDGE_CURVE('',#466,#414,#284,.T.);
#599=EDGE_CURVE('',#467,#446,#285,.T.);
#600=EDGE_CURVE('',#462,#467,#286,.T.);
#601=EDGE_CURVE('',#468,#457,#287,.T.);
#602=EDGE_CURVE('',#444,#468,#288,.T.);
#603=EDGE_CURVE('',#469,#455,#289,.T.);
#604=EDGE_CURVE('',#459,#469,#290,.T.);
#605=EDGE_CURVE('',#470,#461,#291,.T.);
#606=EDGE_CURVE('',#454,#470,#292,.T.);
#607=EDGE_CURVE('',#469,#441,#293,.T.);
#608=EDGE_CURVE('',#431,#470,#294,.T.);
#609=EDGE_CURVE('',#467,#437,#295,.T.);
#610=EDGE_CURVE('',#442,#468,#296,.T.);
#611=ORIENTED_EDGE('',*,*,#471,.T.);
#612=ORIENTED_EDGE('',*,*,#472,.T.);
#613=ORIENTED_EDGE('',*,*,#473,.F.);
#614=ORIENTED_EDGE('',*,*,#474,.F.);
#615=ORIENTED_EDGE('',*,*,#475,.T.);
#616=ORIENTED_EDGE('',*,*,#476,.T.);
#617=ORIENTED_EDGE('',*,*,#474,.T.);
#618=ORIENTED_EDGE('',*,*,#477,.F.);
#619=ORIENTED_EDGE('',*,*,#478,.F.);
#620=ORIENTED_EDGE('',*,*,#479,.T.);
#621=ORIENTED_EDGE('',*,*,#478,.T.);
#622=ORIENTED_EDGE('',*,*,#480,.F.);
#623=ORIENTED_EDGE('',*,*,#481,.F.);
#624=ORIENTED_EDGE('',*,*,#482,.F.);
#625=ORIENTED_EDGE('',*,*,#483,.T.);
#626=ORIENTED_EDGE('',*,*,#484,.F.);
#627=ORIENTED_EDGE('',*,*,#485,.F.);
#628=ORIENTED_EDGE('',*,*,#486,.T.);
#629=ORIENTED_EDGE('',*,*,#487,.T.);
#630=ORIENTED_EDGE('',*,*,#488,.T.);
#631=ORIENTED_EDGE('',*,*,#489,.T.);
#632=ORIENTED_EDGE('',*,*,#484,.T.);
#633=ORIENTED_EDGE('',*,*,#490,.T.);
#634=ORIENTED_EDGE('',*,*,#491,.T.);
#635=ORIENTED_EDGE('',*,*,#480,.T.);
#636=ORIENTED_EDGE('',*,*,#477,.T.);
#637=ORIENTED_EDGE('',*,*,#473,.T.);
#638=ORIENTED_EDGE('',*,*,#492,.T.);
#639=ORIENTED_EDGE('',*,*,#493,.T.);
#640=ORIENTED_EDGE('',*,*,#494,.T.);
#641=ORIENTED_EDGE('',*,*,#495,.F.);
#642=ORIENTED_EDGE('',*,*,#496,.T.);
#643=ORIENTED_EDGE('',*,*,#497,.T.);
#644=ORIENTED_EDGE('',*,*,#496,.F.);
#645=ORIENTED_EDGE('',*,*,#497,.F.);
#646=ORIENTED_EDGE('',*,*,#498,.F.);
#647=ORIENTED_EDGE('',*,*,#499,.T.);
#648=ORIENTED_EDGE('',*,*,#500,.F.);
#649=ORIENTED_EDGE('',*,*,#501,.F.);
#650=ORIENTED_EDGE('',*,*,#502,.T.);
#651=ORIENTED_EDGE('',*,*,#500,.T.);
#652=ORIENTED_EDGE('',*,*,#495,.T.);
#653=ORIENTED_EDGE('',*,*,#503,.F.);
#654=ORIENTED_EDGE('',*,*,#504,.T.);
#655=ORIENTED_EDGE('',*,*,#501,.T.);
#656=ORIENTED_EDGE('',*,*,#502,.F.);
#657=ORIENTED_EDGE('',*,*,#499,.F.);
#658=ORIENTED_EDGE('',*,*,#505,.F.);
#659=ORIENTED_EDGE('',*,*,#506,.F.);
#660=ORIENTED_EDGE('',*,*,#505,.T.);
#661=ORIENTED_EDGE('',*,*,#507,.F.);
#662=ORIENTED_EDGE('',*,*,#504,.F.);
#663=ORIENTED_EDGE('',*,*,#508,.F.);
#664=ORIENTED_EDGE('',*,*,#509,.T.);
#665=ORIENTED_EDGE('',*,*,#510,.T.);
#666=ORIENTED_EDGE('',*,*,#509,.F.);
#667=ORIENTED_EDGE('',*,*,#508,.T.);
#668=ORIENTED_EDGE('',*,*,#498,.T.);
#669=ORIENTED_EDGE('',*,*,#507,.T.);
#670=ORIENTED_EDGE('',*,*,#511,.F.);
#671=ORIENTED_EDGE('',*,*,#512,.F.);
#672=ORIENTED_EDGE('',*,*,#513,.F.);
#673=ORIENTED_EDGE('',*,*,#514,.F.);
#674=ORIENTED_EDGE('',*,*,#482,.T.);
#675=ORIENTED_EDGE('',*,*,#515,.F.);
#676=ORIENTED_EDGE('',*,*,#516,.F.);
#677=ORIENTED_EDGE('',*,*,#517,.F.);
#678=ORIENTED_EDGE('',*,*,#513,.T.);
#679=ORIENTED_EDGE('',*,*,#512,.T.);
#680=ORIENTED_EDGE('',*,*,#518,.F.);
#681=ORIENTED_EDGE('',*,*,#519,.F.);
#682=ORIENTED_EDGE('',*,*,#520,.T.);
#683=ORIENTED_EDGE('',*,*,#521,.F.);
#684=ORIENTED_EDGE('',*,*,#520,.F.);
#685=ORIENTED_EDGE('',*,*,#522,.F.);
#686=ORIENTED_EDGE('',*,*,#523,.F.);
#687=ORIENTED_EDGE('',*,*,#524,.F.);
#688=ORIENTED_EDGE('',*,*,#471,.F.);
#689=ORIENTED_EDGE('',*,*,#525,.F.);
#690=ORIENTED_EDGE('',*,*,#479,.F.);
#691=ORIENTED_EDGE('',*,*,#526,.F.);
#692=ORIENTED_EDGE('',*,*,#527,.F.);
#693=ORIENTED_EDGE('',*,*,#528,.F.);
#694=ORIENTED_EDGE('',*,*,#529,.F.);
#695=ORIENTED_EDGE('',*,*,#530,.F.);
#696=ORIENTED_EDGE('',*,*,#531,.F.);
#697=ORIENTED_EDGE('',*,*,#532,.T.);
#698=ORIENTED_EDGE('',*,*,#494,.F.);
#699=ORIENTED_EDGE('',*,*,#532,.F.);
#700=ORIENTED_EDGE('',*,*,#533,.F.);
#701=ORIENTED_EDGE('',*,*,#534,.T.);
#702=ORIENTED_EDGE('',*,*,#492,.F.);
#703=ORIENTED_EDGE('',*,*,#534,.F.);
#704=ORIENTED_EDGE('',*,*,#535,.F.);
#705=ORIENTED_EDGE('',*,*,#536,.T.);
#706=ORIENTED_EDGE('',*,*,#493,.F.);
#707=ORIENTED_EDGE('',*,*,#536,.F.);
#708=ORIENTED_EDGE('',*,*,#537,.F.);
#709=ORIENTED_EDGE('',*,*,#528,.T.);
#710=ORIENTED_EDGE('',*,*,#538,.F.);
#711=ORIENTED_EDGE('',*,*,#539,.T.);
#712=ORIENTED_EDGE('',*,*,#524,.T.);
#713=ORIENTED_EDGE('',*,*,#540,.T.);
#714=ORIENTED_EDGE('',*,*,#475,.F.);
#715=ORIENTED_EDGE('',*,*,#525,.T.);
#716=ORIENTED_EDGE('',*,*,#476,.F.);
#717=ORIENTED_EDGE('',*,*,#540,.F.);
#718=ORIENTED_EDGE('',*,*,#523,.T.);
#719=ORIENTED_EDGE('',*,*,#522,.T.);
#720=ORIENTED_EDGE('',*,*,#539,.F.);
#721=ORIENTED_EDGE('',*,*,#517,.T.);
#722=ORIENTED_EDGE('',*,*,#541,.F.);
#723=ORIENTED_EDGE('',*,*,#542,.F.);
#724=ORIENTED_EDGE('',*,*,#490,.F.);
#725=ORIENTED_EDGE('',*,*,#483,.F.);
#726=ORIENTED_EDGE('',*,*,#510,.F.);
#727=ORIENTED_EDGE('',*,*,#543,.T.);
#728=ORIENTED_EDGE('',*,*,#544,.F.);
#729=ORIENTED_EDGE('',*,*,#545,.F.);
#730=ORIENTED_EDGE('',*,*,#546,.F.);
#731=ORIENTED_EDGE('',*,*,#547,.F.);
#732=ORIENTED_EDGE('',*,*,#548,.T.);
#733=ORIENTED_EDGE('',*,*,#514,.T.);
#734=ORIENTED_EDGE('',*,*,#518,.T.);
#735=ORIENTED_EDGE('',*,*,#511,.T.);
#736=ORIENTED_EDGE('',*,*,#548,.F.);
#737=ORIENTED_EDGE('',*,*,#549,.F.);
#738=ORIENTED_EDGE('',*,*,#550,.F.);
#739=ORIENTED_EDGE('',*,*,#551,.F.);
#740=ORIENTED_EDGE('',*,*,#552,.F.);
#741=ORIENTED_EDGE('',*,*,#543,.F.);
#742=ORIENTED_EDGE('',*,*,#553,.F.);
#743=ORIENTED_EDGE('',*,*,#554,.F.);
#744=ORIENTED_EDGE('',*,*,#555,.F.);
#745=ORIENTED_EDGE('',*,*,#556,.F.);
#746=ORIENTED_EDGE('',*,*,#557,.F.);
#747=ORIENTED_EDGE('',*,*,#558,.F.);
#748=ORIENTED_EDGE('',*,*,#559,.F.);
#749=ORIENTED_EDGE('',*,*,#560,.F.);
#750=ORIENTED_EDGE('',*,*,#561,.F.);
#751=ORIENTED_EDGE('',*,*,#562,.F.);
#752=ORIENTED_EDGE('',*,*,#563,.F.);
#753=ORIENTED_EDGE('',*,*,#564,.F.);
#754=ORIENTED_EDGE('',*,*,#565,.F.);
#755=ORIENTED_EDGE('',*,*,#566,.F.);
#756=ORIENTED_EDGE('',*,*,#567,.F.);
#757=ORIENTED_EDGE('',*,*,#568,.F.);
#758=ORIENTED_EDGE('',*,*,#569,.F.);
#759=ORIENTED_EDGE('',*,*,#570,.F.);
#760=ORIENTED_EDGE('',*,*,#503,.T.);
#761=ORIENTED_EDGE('',*,*,#506,.T.);
#762=ORIENTED_EDGE('',*,*,#564,.T.);
#763=ORIENTED_EDGE('',*,*,#571,.F.);
#764=ORIENTED_EDGE('',*,*,#572,.F.);
#765=ORIENTED_EDGE('',*,*,#573,.F.);
#766=ORIENTED_EDGE('',*,*,#558,.T.);
#767=ORIENTED_EDGE('',*,*,#574,.F.);
#768=ORIENTED_EDGE('',*,*,#572,.T.);
#769=ORIENTED_EDGE('',*,*,#575,.F.);
#770=ORIENTED_EDGE('',*,*,#576,.F.);
#771=ORIENTED_EDGE('',*,*,#577,.F.);
#772=ORIENTED_EDGE('',*,*,#565,.T.);
#773=ORIENTED_EDGE('',*,*,#578,.F.);
#774=ORIENTED_EDGE('',*,*,#579,.F.);
#775=ORIENTED_EDGE('',*,*,#576,.T.);
#776=ORIENTED_EDGE('',*,*,#580,.F.);
#777=ORIENTED_EDGE('',*,*,#554,.T.);
#778=ORIENTED_EDGE('',*,*,#581,.F.);
#779=ORIENTED_EDGE('',*,*,#546,.T.);
#780=ORIENTED_EDGE('',*,*,#582,.F.);
#781=ORIENTED_EDGE('',*,*,#583,.F.);
#782=ORIENTED_EDGE('',*,*,#583,.T.);
#783=ORIENTED_EDGE('',*,*,#584,.F.);
#784=ORIENTED_EDGE('',*,*,#567,.T.);
#785=ORIENTED_EDGE('',*,*,#585,.F.);
#786=ORIENTED_EDGE('',*,*,#562,.T.);
#787=ORIENTED_EDGE('',*,*,#586,.F.);
#788=ORIENTED_EDGE('',*,*,#587,.F.);
#789=ORIENTED_EDGE('',*,*,#588,.F.);
#790=ORIENTED_EDGE('',*,*,#587,.T.);
#791=ORIENTED_EDGE('',*,*,#589,.F.);
#792=ORIENTED_EDGE('',*,*,#550,.T.);
#793=ORIENTED_EDGE('',*,*,#590,.F.);
#794=ORIENTED_EDGE('',*,*,#591,.F.);
#795=ORIENTED_EDGE('',*,*,#592,.F.);
#796=ORIENTED_EDGE('',*,*,#593,.F.);
#797=ORIENTED_EDGE('',*,*,#487,.F.);
#798=ORIENTED_EDGE('',*,*,#542,.T.);
#799=ORIENTED_EDGE('',*,*,#594,.F.);
#800=ORIENTED_EDGE('',*,*,#526,.T.);
#801=ORIENTED_EDGE('',*,*,#481,.T.);
#802=ORIENTED_EDGE('',*,*,#491,.F.);
#803=ORIENTED_EDGE('',*,*,#519,.T.);
#804=ORIENTED_EDGE('',*,*,#593,.T.);
#805=ORIENTED_EDGE('',*,*,#595,.F.);
#806=ORIENTED_EDGE('',*,*,#596,.F.);
#807=ORIENTED_EDGE('',*,*,#488,.F.);
#808=ORIENTED_EDGE('',*,*,#597,.F.);
#809=ORIENTED_EDGE('',*,*,#591,.T.);
#810=ORIENTED_EDGE('',*,*,#486,.F.);
#811=ORIENTED_EDGE('',*,*,#472,.F.);
#812=ORIENTED_EDGE('',*,*,#530,.T.);
#813=ORIENTED_EDGE('',*,*,#521,.T.);
#814=ORIENTED_EDGE('',*,*,#529,.T.);
#815=ORIENTED_EDGE('',*,*,#537,.T.);
#816=ORIENTED_EDGE('',*,*,#538,.T.);
#817=ORIENTED_EDGE('',*,*,#527,.T.);
#818=ORIENTED_EDGE('',*,*,#594,.T.);
#819=ORIENTED_EDGE('',*,*,#541,.T.);
#820=ORIENTED_EDGE('',*,*,#516,.T.);
#821=ORIENTED_EDGE('',*,*,#598,.F.);
#822=ORIENTED_EDGE('',*,*,#595,.T.);
#823=ORIENTED_EDGE('',*,*,#592,.T.);
#824=ORIENTED_EDGE('',*,*,#597,.T.);
#825=ORIENTED_EDGE('',*,*,#533,.T.);
#826=ORIENTED_EDGE('',*,*,#535,.T.);
#827=ORIENTED_EDGE('',*,*,#531,.T.);
#828=ORIENTED_EDGE('',*,*,#596,.T.);
#829=ORIENTED_EDGE('',*,*,#598,.T.);
#830=ORIENTED_EDGE('',*,*,#515,.T.);
#831=ORIENTED_EDGE('',*,*,#485,.T.);
#832=ORIENTED_EDGE('',*,*,#489,.F.);
#833=ORIENTED_EDGE('',*,*,#561,.T.);
#834=ORIENTED_EDGE('',*,*,#599,.F.);
#835=ORIENTED_EDGE('',*,*,#600,.F.);
#836=ORIENTED_EDGE('',*,*,#586,.T.);
#837=ORIENTED_EDGE('',*,*,#573,.T.);
#838=ORIENTED_EDGE('',*,*,#601,.F.);
#839=ORIENTED_EDGE('',*,*,#602,.F.);
#840=ORIENTED_EDGE('',*,*,#559,.T.);
#841=ORIENTED_EDGE('',*,*,#578,.T.);
#842=ORIENTED_EDGE('',*,*,#570,.T.);
#843=ORIENTED_EDGE('',*,*,#603,.F.);
#844=ORIENTED_EDGE('',*,*,#604,.F.);
#845=ORIENTED_EDGE('',*,*,#605,.F.);
#846=ORIENTED_EDGE('',*,*,#606,.F.);
#847=ORIENTED_EDGE('',*,*,#568,.T.);
#848=ORIENTED_EDGE('',*,*,#584,.T.);
#849=ORIENTED_EDGE('',*,*,#575,.T.);
#850=ORIENTED_EDGE('',*,*,#571,.T.);
#851=ORIENTED_EDGE('',*,*,#563,.T.);
#852=ORIENTED_EDGE('',*,*,#588,.T.);
#853=ORIENTED_EDGE('',*,*,#590,.T.);
#854=ORIENTED_EDGE('',*,*,#549,.T.);
#855=ORIENTED_EDGE('',*,*,#547,.T.);
#856=ORIENTED_EDGE('',*,*,#581,.T.);
#857=ORIENTED_EDGE('',*,*,#585,.T.);
#858=ORIENTED_EDGE('',*,*,#566,.T.);
#859=ORIENTED_EDGE('',*,*,#577,.T.);
#860=ORIENTED_EDGE('',*,*,#579,.T.);
#861=ORIENTED_EDGE('',*,*,#553,.T.);
#862=ORIENTED_EDGE('',*,*,#607,.F.);
#863=ORIENTED_EDGE('',*,*,#603,.T.);
#864=ORIENTED_EDGE('',*,*,#569,.T.);
#865=ORIENTED_EDGE('',*,*,#606,.T.);
#866=ORIENTED_EDGE('',*,*,#608,.F.);
#867=ORIENTED_EDGE('',*,*,#544,.T.);
#868=ORIENTED_EDGE('',*,*,#552,.T.);
#869=ORIENTED_EDGE('',*,*,#609,.F.);
#870=ORIENTED_EDGE('',*,*,#599,.T.);
#871=ORIENTED_EDGE('',*,*,#560,.T.);
#872=ORIENTED_EDGE('',*,*,#602,.T.);
#873=ORIENTED_EDGE('',*,*,#610,.F.);
#874=ORIENTED_EDGE('',*,*,#556,.T.);
#875=ORIENTED_EDGE('',*,*,#582,.T.);
#876=ORIENTED_EDGE('',*,*,#545,.T.);
#877=ORIENTED_EDGE('',*,*,#608,.T.);
#878=ORIENTED_EDGE('',*,*,#605,.T.);
#879=ORIENTED_EDGE('',*,*,#580,.T.);
#880=ORIENTED_EDGE('',*,*,#604,.T.);
#881=ORIENTED_EDGE('',*,*,#607,.T.);
#882=ORIENTED_EDGE('',*,*,#555,.T.);
#883=ORIENTED_EDGE('',*,*,#600,.T.);
#884=ORIENTED_EDGE('',*,*,#609,.T.);
#885=ORIENTED_EDGE('',*,*,#551,.T.);
#886=ORIENTED_EDGE('',*,*,#589,.T.);
#887=ORIENTED_EDGE('',*,*,#557,.T.);
#888=ORIENTED_EDGE('',*,*,#610,.T.);
#889=ORIENTED_EDGE('',*,*,#601,.T.);
#890=ORIENTED_EDGE('',*,*,#574,.T.);
#891=PLANE('',#985);
#892=PLANE('',#990);
#893=PLANE('',#991);
#894=PLANE('',#992);
#895=PLANE('',#1000);
#896=PLANE('',#1004);
#897=PLANE('',#1014);
#898=PLANE('',#1052);
#899=PLANE('',#1053);
#900=PLANE('',#1054);
#901=PLANE('',#1055);
#902=PLANE('',#1056);
#903=PLANE('',#1057);
#904=PLANE('',#1058);
#905=PLANE('',#1059);
#906=PLANE('',#1060);
#907=PLANE('',#1061);
#908=PLANE('',#1062);
#909=PLANE('',#1063);
#910=PLANE('',#1064);
#911=PLANE('',#1065);
#912=PLANE('',#1066);
#913=PLANE('',#1067);
#914=PLANE('',#1068);
#915=PLANE('',#1069);
#916=PLANE('',#1070);
#917=PLANE('',#1071);
#918=PLANE('',#1072);
#919=PLANE('',#1073);
#920=PLANE('',#1074);
#921=PLANE('',#1075);
#922=PLANE('',#1076);
#923=ADVANCED_FACE('',(#103),#891,.T.);
#924=ADVANCED_FACE('',(#104),#89,.F.);
#925=ADVANCED_FACE('',(#105),#892,.T.);
#926=ADVANCED_FACE('',(#106),#893,.T.);
#927=ADVANCED_FACE('',(#107,#25,#26,#27),#894,.T.);
#928=ADVANCED_FACE('',(#108),#90,.F.);
#929=ADVANCED_FACE('',(#109),#895,.T.);
#930=ADVANCED_FACE('',(#110),#91,.T.);
#931=ADVANCED_FACE('',(#111,#28),#896,.T.);
#932=ADVANCED_FACE('',(#112),#92,.T.);
#933=ADVANCED_FACE('',(#113),#93,.F.);
#934=ADVANCED_FACE('',(#114),#94,.T.);
#935=ADVANCED_FACE('',(#115,#29),#897,.T.);
#936=ADVANCED_FACE('',(#116,#30),#24,.T.);
#937=ADVANCED_FACE('',(#117),#23,.T.);
#938=ADVANCED_FACE('',(#118,#31),#95,.F.);
#939=ADVANCED_FACE('',(#119),#96,.T.);
#940=ADVANCED_FACE('',(#120),#97,.F.);
#941=ADVANCED_FACE('',(#121),#98,.F.);
#942=ADVANCED_FACE('',(#122),#99,.F.);
#943=ADVANCED_FACE('',(#123),#100,.F.);
#944=ADVANCED_FACE('',(#124),#101,.F.);
#945=ADVANCED_FACE('',(#125,#32,#33,#34),#102,.T.);
#946=ADVANCED_FACE('',(#126),#898,.T.);
#947=ADVANCED_FACE('',(#127),#899,.F.);
#948=ADVANCED_FACE('',(#128),#900,.T.);
#949=ADVANCED_FACE('',(#129),#901,.F.);
#950=ADVANCED_FACE('',(#130),#902,.T.);
#951=ADVANCED_FACE('',(#131),#903,.T.);
#952=ADVANCED_FACE('',(#132),#904,.F.);
#953=ADVANCED_FACE('',(#133),#905,.F.);
#954=ADVANCED_FACE('',(#134),#906,.T.);
#955=ADVANCED_FACE('',(#135),#907,.T.);
#956=ADVANCED_FACE('',(#136,#35),#908,.T.);
#957=ADVANCED_FACE('',(#137),#909,.T.);
#958=ADVANCED_FACE('',(#138,#36),#910,.F.);
#959=ADVANCED_FACE('',(#139,#37,#38,#39),#911,.F.);
#960=ADVANCED_FACE('',(#140),#912,.T.);
#961=ADVANCED_FACE('',(#141),#913,.F.);
#962=ADVANCED_FACE('',(#142),#914,.T.);
#963=ADVANCED_FACE('',(#143),#915,.T.);
#964=ADVANCED_FACE('',(#144),#916,.F.);
#965=ADVANCED_FACE('',(#145),#917,.T.);
#966=ADVANCED_FACE('',(#146),#918,.F.);
#967=ADVANCED_FACE('',(#147),#919,.F.);
#968=ADVANCED_FACE('',(#148),#920,.F.);
#969=ADVANCED_FACE('',(#149),#921,.T.);
#970=ADVANCED_FACE('',(#150),#922,.T.);
#971=CLOSED_SHELL('',(#923,#924,#925,#926,#927,#928,#929,#930,#931,#932,
#933,#934,#935,#936,#937,#938,#939,#940,#941,#942,#943,#944,#945,#946,#947,
#948,#949,#950,#951,#952,#953,#954,#955,#956,#957,#958,#959,#960,#961,#962,
#963,#964,#965,#966,#967,#968,#969,#970));
#972=DERIVED_UNIT_ELEMENT(#974,1.);
#973=DERIVED_UNIT_ELEMENT(#10607,-3.);
#974=(
MASS_UNIT()
NAMED_UNIT(*)
SI_UNIT(.KILO.,.GRAM.)
);
#975=DERIVED_UNIT((#972,#973));
#976=MEASURE_REPRESENTATION_ITEM('density measure',
POSITIVE_RATIO_MEASURE(7850.),#975);
#977=PROPERTY_DEFINITION_REPRESENTATION(#982,#979);
#978=PROPERTY_DEFINITION_REPRESENTATION(#983,#980);
#979=REPRESENTATION('material name',(#981),#10604);
#980=REPRESENTATION('density',(#976),#10604);
#981=DESCRIPTIVE_REPRESENTATION_ITEM('\X2\94A2\X0\','\X2\94A2\X0\');
#982=PROPERTY_DEFINITION('material property','material name',#10614);
#983=PROPERTY_DEFINITION('material property','density of part',#10614);
#984=AXIS2_PLACEMENT_3D('',#1346,#1077,#1078);
#985=AXIS2_PLACEMENT_3D('',#1347,#1079,#1080);
#986=AXIS2_PLACEMENT_3D('',#1356,#1085,#1086);
#987=AXIS2_PLACEMENT_3D('',#1359,#1087,#1088);
#988=AXIS2_PLACEMENT_3D('',#1360,#1089,#1090);
#989=AXIS2_PLACEMENT_3D('',#1362,#1091,#1092);
#990=AXIS2_PLACEMENT_3D('',#1364,#1094,#1095);
#991=AXIS2_PLACEMENT_3D('',#1370,#1099,#1100);
#992=AXIS2_PLACEMENT_3D('',#1408,#1104,#1105);
#993=AXIS2_PLACEMENT_3D('',#1417,#1110,#1111);
#994=AXIS2_PLACEMENT_3D('',#1420,#1113,#1114);
#995=AXIS2_PLACEMENT_3D('',#1422,#1115,#1116);
#996=AXIS2_PLACEMENT_3D('',#1424,#1117,#1118);
#997=AXIS2_PLACEMENT_3D('',#1425,#1119,#1120);
#998=AXIS2_PLACEMENT_3D('',#1427,#1121,#1122);
#999=AXIS2_PLACEMENT_3D('',#1430,#1124,#1125);
#1000=AXIS2_PLACEMENT_3D('',#1431,#1126,#1127);
#1001=AXIS2_PLACEMENT_3D('',#1432,#1128,#1129);
#1002=AXIS2_PLACEMENT_3D('',#1435,#1130,#1131);
#1003=AXIS2_PLACEMENT_3D('',#1439,#1133,#1134);
#1004=AXIS2_PLACEMENT_3D('',#1441,#1136,#1137);
#1005=AXIS2_PLACEMENT_3D('',#1442,#1138,#1139);
#1006=AXIS2_PLACEMENT_3D('',#1443,#1140,#1141);
#1007=AXIS2_PLACEMENT_3D('',#1446,#1142,#1143);
#1008=AXIS2_PLACEMENT_3D('',#1449,#1146,#1147);
#1009=AXIS2_PLACEMENT_3D('',#1450,#1148,#1149);
#1010=AXIS2_PLACEMENT_3D('',#1451,#1150,#1151);
#1011=AXIS2_PLACEMENT_3D('',#1452,#1152,#1153);
#1012=AXIS2_PLACEMENT_3D('',#1454,#1154,#1155);
#1013=AXIS2_PLACEMENT_3D('',#1457,#1157,#1158);
#1014=AXIS2_PLACEMENT_3D('',#1458,#1159,#1160);
#1015=AXIS2_PLACEMENT_3D('',#10299,#1163,#1164);
#1016=AXIS2_PLACEMENT_3D('',#10306,#1165,#1166);
#1017=AXIS2_PLACEMENT_3D('',#10308,#1167,#1168);
#1018=AXIS2_PLACEMENT_3D('',#10311,#1170,#1171);
#1019=AXIS2_PLACEMENT_3D('',#10408,#1172,#1173);
#1020=AXIS2_PLACEMENT_3D('',#10424,#1174,#1175);
#1021=AXIS2_PLACEMENT_3D('',#10444,#1178,#1179);
#1022=AXIS2_PLACEMENT_3D('',#10445,#1180,#1181);
#1023=AXIS2_PLACEMENT_3D('',#10447,#1182,#1183);
#1024=AXIS2_PLACEMENT_3D('',#10449,#1185,#1186);
#1025=AXIS2_PLACEMENT_3D('',#10451,#1187,#1188);
#1026=AXIS2_PLACEMENT_3D('',#10453,#1190,#1191);
#1027=AXIS2_PLACEMENT_3D('',#10455,#1192,#1193);
#1028=AXIS2_PLACEMENT_3D('',#10457,#1195,#1196);
#1029=AXIS2_PLACEMENT_3D('',#10459,#1197,#1198);
#1030=AXIS2_PLACEMENT_3D('',#10460,#1199,#1200);
#1031=AXIS2_PLACEMENT_3D('',#10463,#1203,#1204);
#1032=AXIS2_PLACEMENT_3D('',#10465,#1205,#1206);
#1033=AXIS2_PLACEMENT_3D('',#10467,#1208,#1209);
#1034=AXIS2_PLACEMENT_3D('',#10471,#1211,#1212);
#1035=AXIS2_PLACEMENT_3D('',#10475,#1214,#1215);
#1036=AXIS2_PLACEMENT_3D('',#10477,#1216,#1217);
#1037=AXIS2_PLACEMENT_3D('',#10480,#1219,#1220);
#1038=AXIS2_PLACEMENT_3D('',#10482,#1221,#1222);
#1039=AXIS2_PLACEMENT_3D('',#10485,#1224,#1225);
#1040=AXIS2_PLACEMENT_3D('',#10488,#1226,#1227);
#1041=AXIS2_PLACEMENT_3D('',#10490,#1228,#1229);
#1042=AXIS2_PLACEMENT_3D('',#10494,#1231,#1232);
#1043=AXIS2_PLACEMENT_3D('',#10497,#1234,#1235);
#1044=AXIS2_PLACEMENT_3D('',#10502,#1237,#1238);
#1045=AXIS2_PLACEMENT_3D('',#10506,#1240,#1241);
#1046=AXIS2_PLACEMENT_3D('',#10508,#1242,#1243);
#1047=AXIS2_PLACEMENT_3D('',#10509,#1244,#1245);
#1048=AXIS2_PLACEMENT_3D('',#10512,#1246,#1247);
#1049=AXIS2_PLACEMENT_3D('',#10514,#1248,#1249);
#1050=AXIS2_PLACEMENT_3D('',#10516,#1250,#1251);
#1051=AXIS2_PLACEMENT_3D('',#10520,#1253,#1254);
#1052=AXIS2_PLACEMENT_3D('',#10522,#1256,#1257);
#1053=AXIS2_PLACEMENT_3D('',#10523,#1258,#1259);
#1054=AXIS2_PLACEMENT_3D('',#10529,#1263,#1264);
#1055=AXIS2_PLACEMENT_3D('',#10532,#1267,#1268);
#1056=AXIS2_PLACEMENT_3D('',#10538,#1272,#1273);
#1057=AXIS2_PLACEMENT_3D('',#10541,#1276,#1277);
#1058=AXIS2_PLACEMENT_3D('',#10547,#1281,#1282);
#1059=AXIS2_PLACEMENT_3D('',#10550,#1285,#1286);
#1060=AXIS2_PLACEMENT_3D('',#10556,#1290,#1291);
#1061=AXIS2_PLACEMENT_3D('',#10559,#1294,#1295);
#1062=AXIS2_PLACEMENT_3D('',#10565,#1299,#1300);
#1063=AXIS2_PLACEMENT_3D('',#10567,#1302,#1303);
#1064=AXIS2_PLACEMENT_3D('',#10571,#1306,#1307);
#1065=AXIS2_PLACEMENT_3D('',#10573,#1309,#1310);
#1066=AXIS2_PLACEMENT_3D('',#10575,#1312,#1313);
#1067=AXIS2_PLACEMENT_3D('',#10576,#1314,#1315);
#1068=AXIS2_PLACEMENT_3D('',#10580,#1318,#1319);
#1069=AXIS2_PLACEMENT_3D('',#10584,#1322,#1323);
#1070=AXIS2_PLACEMENT_3D('',#10588,#1326,#1327);
#1071=AXIS2_PLACEMENT_3D('',#10592,#1330,#1331);
#1072=AXIS2_PLACEMENT_3D('',#10593,#1332,#1333);
#1073=AXIS2_PLACEMENT_3D('',#10598,#1338,#1339);
#1074=AXIS2_PLACEMENT_3D('',#10599,#1340,#1341);
#1075=AXIS2_PLACEMENT_3D('',#10600,#1342,#1343);
#1076=AXIS2_PLACEMENT_3D('',#10601,#1344,#1345);
#1077=DIRECTION('axis',(0.,0.,1.));
#1078=DIRECTION('refdir',(1.,0.,0.));
#1079=DIRECTION('center_axis',(-1.,0.,9.85725932784822E-9));
#1080=DIRECTION('ref_axis',(-9.85725932784822E-9,0.,-1.));
#1081=DIRECTION('',(-9.85725932784822E-9,0.,-1.));
#1082=DIRECTION('',(0.,-1.,0.));
#1083=DIRECTION('',(-9.85725932784822E-9,0.,-1.));
#1084=DIRECTION('',(0.,-1.,0.));
#1085=DIRECTION('center_axis',(0.,-1.,0.));
#1086=DIRECTION('ref_axis',(1.,0.,2.78699993901511E-15));
#1087=DIRECTION('center_axis',(0.,1.,0.));
#1088=DIRECTION('ref_axis',(-1.,0.,0.));
#1089=DIRECTION('center_axis',(0.,1.,0.));
#1090=DIRECTION('ref_axis',(-1.,0.,0.));
#1091=DIRECTION('center_axis',(0.,1.,0.));
#1092=DIRECTION('ref_axis',(-1.,0.,0.));
#1093=DIRECTION('',(0.,-1.,0.));
#1094=DIRECTION('center_axis',(-1.,0.,0.));
#1095=DIRECTION('ref_axis',(0.,0.,-1.));
#1096=DIRECTION('',(0.,0.,-1.));
#1097=DIRECTION('',(0.,0.,-1.));
#1098=DIRECTION('',(0.,-1.,0.));
#1099=DIRECTION('center_axis',(0.,0.,1.));
#1100=DIRECTION('ref_axis',(-1.,0.,0.));
#1101=DIRECTION('',(0.,-1.,0.));
#1102=DIRECTION('',(-1.,0.,0.));
#1103=DIRECTION('',(0.,-1.,0.));
#1104=DIRECTION('center_axis',(0.,-1.,0.));
#1105=DIRECTION('ref_axis',(0.,0.,-1.));
#1106=DIRECTION('',(1.,0.,0.));
#1107=DIRECTION('',(0.96740643457597,0.,0.253228731270781));
#1108=DIRECTION('',(0.707106827733141,0.,0.707106734639951));
#1109=DIRECTION('',(0.,0.,1.));
#1110=DIRECTION('center_axis',(0.,1.,0.));
#1111=DIRECTION('ref_axis',(0.,0.,-1.));
#1112=DIRECTION('',(-1.,0.,0.));
#1113=DIRECTION('center_axis',(0.,1.,0.));
#1114=DIRECTION('ref_axis',(0.,0.,1.));
#1115=DIRECTION('center_axis',(0.,1.,0.));
#1116=DIRECTION('ref_axis',(0.,0.,1.));
#1117=DIRECTION('center_axis',(0.,1.,0.));
#1118=DIRECTION('ref_axis',(0.,0.,1.));
#1119=DIRECTION('center_axis',(0.,0.,-1.));
#1120=DIRECTION('ref_axis',(-1.,0.,0.));
#1121=DIRECTION('center_axis',(0.,0.,-1.));
#1122=DIRECTION('ref_axis',(-1.,0.,0.));
#1123=DIRECTION('',(0.,0.,-1.));
#1124=DIRECTION('center_axis',(0.,0.,-1.));
#1125=DIRECTION('ref_axis',(-1.,0.,0.));
#1126=DIRECTION('center_axis',(0.,0.,1.));
#1127=DIRECTION('ref_axis',(-1.,0.,0.));
#1128=DIRECTION('center_axis',(0.,0.,1.));
#1129=DIRECTION('ref_axis',(-1.,0.,0.));
#1130=DIRECTION('center_axis',(0.,0.,-1.));
#1131=DIRECTION('ref_axis',(-1.,0.,0.));
#1132=DIRECTION('',(0.,0.,1.));
#1133=DIRECTION('center_axis',(0.,0.,1.));
#1134=DIRECTION('ref_axis',(-1.,0.,0.));
#1135=DIRECTION('',(0.,0.,1.));
#1136=DIRECTION('center_axis',(0.,0.,1.));
#1137=DIRECTION('ref_axis',(-1.,0.,0.));
#1138=DIRECTION('center_axis',(0.,0.,1.));
#1139=DIRECTION('ref_axis',(0.999541348056532,0.0302835520593459,0.));
#1140=DIRECTION('center_axis',(0.,0.,1.));
#1141=DIRECTION('ref_axis',(0.999541348056532,0.0302835520593459,0.));
#1142=DIRECTION('center_axis',(0.,0.,-1.));
#1143=DIRECTION('ref_axis',(-1.,-1.77279051453417E-16,0.));
#1144=DIRECTION('',(0.,0.,1.));
#1145=DIRECTION('',(0.,0.,1.));
#1146=DIRECTION('center_axis',(0.,0.,1.));
#1147=DIRECTION('ref_axis',(6.34385204095944E-9,1.,0.));
#1148=DIRECTION('center_axis',(0.,0.,1.));
#1149=DIRECTION('ref_axis',(6.34385204095944E-9,1.,0.));
#1150=DIRECTION('center_axis',(0.,0.,-1.));
#1151=DIRECTION('ref_axis',(0.999541350456039,-0.0302834728609001,0.));
#1152=DIRECTION('center_axis',(0.,0.,1.));
#1153=DIRECTION('ref_axis',(-1.,0.,0.));
#1154=DIRECTION('center_axis',(0.,0.,1.));
#1155=DIRECTION('ref_axis',(-1.,0.,0.));
#1156=DIRECTION('',(0.,0.,-1.));
#1157=DIRECTION('center_axis',(0.,0.,1.));
#1158=DIRECTION('ref_axis',(-1.,-3.67669981328016E-18,0.));
#1159=DIRECTION('center_axis',(0.,0.,1.));
#1160=DIRECTION('ref_axis',(-1.,0.,0.));
#1161=DIRECTION('',(0.557057704399146,-0.19106092498444,-0.808197028523147));
#1162=DIRECTION('',(0.,1.,0.));
#1163=DIRECTION('center_axis',(0.573815061341893,-0.00992313906997352,-0.818924786954332));
#1164=DIRECTION('ref_axis',(-0.818752917722061,-0.0307489511559783,-0.57332204015232));
#1165=DIRECTION('center_axis',(3.9420402754107E-9,-4.33917951007671E-9,
-1.));
#1166=DIRECTION('ref_axis',(1.,0.,3.9420402754107E-9));
#1167=DIRECTION('center_axis',(0.,0.,-1.));
#1168=DIRECTION('ref_axis',(1.,-1.71052203909593E-17,0.));
#1169=DIRECTION('',(3.9420402754107E-9,-4.33917951007671E-9,-1.));
#1170=DIRECTION('center_axis',(0.,0.,1.));
#1171=DIRECTION('ref_axis',(1.,-1.71052203909593E-17,0.));
#1172=DIRECTION('center_axis',(9.85725932784822E-9,0.,1.));
#1173=DIRECTION('ref_axis',(-1.,3.31894328114625E-9,9.85725932784822E-9));
#1174=DIRECTION('center_axis',(0.,0.,1.));
#1175=DIRECTION('ref_axis',(1.,0.,0.));
#1176=DIRECTION('',(9.85725932784822E-9,0.,1.));
#1177=DIRECTION('',(0.,0.,1.));
#1178=DIRECTION('center_axis',(0.,0.,-1.));
#1179=DIRECTION('ref_axis',(1.,0.,0.));
#1180=DIRECTION('center_axis',(-3.56711338216405E-17,-1.,-4.35000252559733E-17));
#1181=DIRECTION('ref_axis',(0.,-4.35000252559733E-17,1.));
#1182=DIRECTION('center_axis',(0.,-1.,0.));
#1183=DIRECTION('ref_axis',(0.,0.,1.));
#1184=DIRECTION('',(-3.56711338216405E-17,-1.,-4.35000252559733E-17));
#1185=DIRECTION('center_axis',(-1.07984245039816E-18,-1.,-5.43734121039778E-18));
#1186=DIRECTION('ref_axis',(0.,-5.43734121039778E-18,1.));
#1187=DIRECTION('center_axis',(0.,-1.,0.));
#1188=DIRECTION('ref_axis',(0.,0.,1.));
#1189=DIRECTION('',(-1.07984245039816E-18,-1.,-5.43734121039778E-18));
#1190=DIRECTION('center_axis',(-1.74237786821185E-18,-1.,-2.66843127068824E-18));
#1191=DIRECTION('ref_axis',(0.,-2.66843127068824E-18,1.));
#1192=DIRECTION('center_axis',(0.,-1.,0.));
#1193=DIRECTION('ref_axis',(0.,0.,1.));
#1194=DIRECTION('',(-1.74237786821185E-18,-1.,-2.66843127068824E-18));
#1195=DIRECTION('center_axis',(1.03247488361206E-8,-1.,-9.99308292810799E-9));
#1196=DIRECTION('ref_axis',(0.,-9.99308292810799E-9,1.));
#1197=DIRECTION('center_axis',(0.,-1.,0.));
#1198=DIRECTION('ref_axis',(-1.,0.,0.));
#1199=DIRECTION('center_axis',(0.,-1.,0.));
#1200=DIRECTION('ref_axis',(-1.,0.,0.));
#1201=DIRECTION('',(1.03247488361206E-8,-1.,-9.99308292810799E-9));
#1202=DIRECTION('',(1.03247488361206E-8,-1.,-9.99308292810799E-9));
#1203=DIRECTION('center_axis',(0.,-1.,0.));
#1204=DIRECTION('ref_axis',(0.,0.,-1.));
#1205=DIRECTION('center_axis',(0.,-1.,0.));
#1206=DIRECTION('ref_axis',(0.,0.,-1.));
#1207=DIRECTION('',(0.,1.,0.));
#1208=DIRECTION('center_axis',(-1.00442355501435E-8,-3.66050735760338E-10,
1.));
#1209=DIRECTION('ref_axis',(-1.,0.,-1.00442355501435E-8));
#1210=DIRECTION('',(1.00442355501435E-8,3.66050735760338E-10,-1.));
#1211=DIRECTION('center_axis',(0.,0.,-1.));
#1212=DIRECTION('ref_axis',(-1.,-3.67669981328016E-18,0.));
#1213=DIRECTION('',(-1.01310525165003E-8,0.,1.));
#1214=DIRECTION('center_axis',(8.51162124130921E-8,-0.707107089851879,0.707106472521076));
#1215=DIRECTION('ref_axis',(7.10235016964877E-9,-0.707106472521078,-0.707107089851882));
#1216=DIRECTION('center_axis',(0.,0.,1.));
#1217=DIRECTION('ref_axis',(-1.,-3.67669981328016E-18,0.));
#1218=DIRECTION('',(1.00442355501435E-8,3.66050735760338E-10,-1.));
#1219=DIRECTION('center_axis',(0.,0.,1.));
#1220=DIRECTION('ref_axis',(-1.,-3.67669981328016E-18,0.));
#1221=DIRECTION('center_axis',(6.48359991446399E-8,0.707107096644715,0.707106465728237));
#1222=DIRECTION('ref_axis',(-7.10235023787759E-9,-0.707106465728238,0.707107096644716));
#1223=DIRECTION('',(9.95741949886014E-9,0.,-1.));
#1224=DIRECTION('center_axis',(0.,0.,-1.));
#1225=DIRECTION('ref_axis',(-1.,-3.67669981328016E-18,0.));
#1226=DIRECTION('center_axis',(0.,0.,1.));
#1227=DIRECTION('ref_axis',(-1.,-3.67669981328016E-18,0.));
#1228=DIRECTION('center_axis',(-2.13413586154541E-8,-0.70710717055005,0.707106391822831));
#1229=DIRECTION('ref_axis',(7.10235098020015E-9,-0.707106391822831,-0.70710717055005));
#1230=DIRECTION('',(9.95741912283657E-9,0.,-1.));
#1231=DIRECTION('center_axis',(0.,0.,-1.));
#1232=DIRECTION('ref_axis',(-1.,-3.67669981328016E-18,0.));
#1233=DIRECTION('',(-1.01310521404767E-8,0.,1.));
#1234=DIRECTION('center_axis',(-2.13413586105605E-8,0.70710717055005,0.707106391822831));
#1235=DIRECTION('ref_axis',(-7.10235098020015E-9,-0.707106391822831,0.70710717055005));
#1236=DIRECTION('',(0.,2.74825179509213E-9,-1.));
#1237=DIRECTION('center_axis',(0.,0.,-1.));
#1238=DIRECTION('ref_axis',(-1.,-3.67669981328016E-18,0.));
#1239=DIRECTION('',(0.,2.01614736189315E-9,1.));
#1240=DIRECTION('center_axis',(-0.707107127558463,4.66169909965619E-9,0.707106434814462));
#1241=DIRECTION('ref_axis',(-0.707106434814462,2.58837081704337E-10,-0.707107127558463));
#1242=DIRECTION('center_axis',(0.,0.,1.));
#1243=DIRECTION('ref_axis',(-1.,-3.67669981328016E-18,0.));
#1244=DIRECTION('center_axis',(0.707107180279063,-5.50915972634099E-8,0.707106382093804));
#1245=DIRECTION('ref_axis',(-0.707106382093805,-2.58837106202391E-10,0.707107180279064));
#1246=DIRECTION('center_axis',(0.707107180279067,5.50916040650438E-8,0.7071063820938));
#1247=DIRECTION('ref_axis',(-0.707106382093801,-2.58837106202388E-10,0.707107180279068));
#1248=DIRECTION('center_axis',(0.,0.,1.));
#1249=DIRECTION('ref_axis',(-1.,-3.67669981328016E-18,0.));
#1250=DIRECTION('center_axis',(-0.707107127558462,-4.66169898863389E-9,
0.707106434814463));
#1251=DIRECTION('ref_axis',(-0.707106434814463,2.58837081704336E-10,-0.707107127558462));
#1252=DIRECTION('',(0.,2.74824878707655E-9,-1.));
#1253=DIRECTION('center_axis',(0.,0.,-1.));
#1254=DIRECTION('ref_axis',(-1.,-3.67669981328016E-18,0.));
#1255=DIRECTION('',(0.,2.01615032152548E-9,1.));
#1256=DIRECTION('center_axis',(0.,0.,1.));
#1257=DIRECTION('ref_axis',(1.,0.,0.));
#1258=DIRECTION('center_axis',(-0.707107180279063,5.50915972634099E-8,-0.707106382093804));
#1259=DIRECTION('ref_axis',(-0.707106382093805,-3.30872245021211E-24,0.707107180279064));
#1260=DIRECTION('',(-7.79112400494471E-8,-0.999999999999997,0.));
#1261=DIRECTION('',(0.577350070834868,0.577350059165356,-0.577350677568437));
#1262=DIRECTION('',(0.,0.999999999999997,7.79113279960488E-8));
#1263=DIRECTION('center_axis',(-2.13413586105605E-8,0.70710717055005,0.707106391822831));
#1264=DIRECTION('ref_axis',(1.,2.64697796016969E-23,3.0181255405633E-8));
#1265=DIRECTION('',(-1.,0.,-3.0181255405633E-8));
#1266=DIRECTION('',(1.,3.01812221674394E-8,0.));
#1267=DIRECTION('center_axis',(-0.707107180279067,-5.50916040650438E-8,
-0.7071063820938));
#1268=DIRECTION('ref_axis',(-0.707106382093801,3.30872245021211E-24,0.707107180279068));
#1269=DIRECTION('',(-0.577350070834867,0.577350059165356,0.577350677568437));
#1270=DIRECTION('',(7.79112496684041E-8,-0.999999999999997,0.));
#1271=DIRECTION('',(0.,0.999999999999997,-7.79113376150176E-8));
#1272=DIRECTION('center_axis',(-2.13413586154541E-8,-0.70710717055005,0.707106391822831));
#1273=DIRECTION('ref_axis',(1.,2.31610571514848E-23,3.01812554125537E-8));
#1274=DIRECTION('',(-1.,3.018122217436E-8,0.));
#1275=DIRECTION('',(1.,0.,3.01812554125537E-8));
#1276=DIRECTION('center_axis',(8.51162124130921E-8,-0.707107089851879,0.707106472521076));
#1277=DIRECTION('ref_axis',(0.999999999999993,-1.05879118406788E-22,-1.20372554517318E-7));
#1278=DIRECTION('',(-0.999999999999993,-1.20372449427598E-7,0.));
#1279=DIRECTION('',(0.999999999999993,0.,-1.20372554517318E-7));
#1280=DIRECTION('',(0.577350034420472,0.577350169298364,0.577350603849888));
#1281=DIRECTION('center_axis',(0.707107127558462,4.66169898863389E-9,-0.707106434814463));
#1282=DIRECTION('ref_axis',(-0.707106434814463,-4.13590306276514E-25,-0.707107127558462));
#1283=DIRECTION('',(0.,-1.,-6.59264116279335E-9));
#1284=DIRECTION('',(-6.59263470406536E-9,1.,0.));
#1285=DIRECTION('center_axis',(0.707107127558463,-4.66169909965619E-9,-0.707106434814462));
#1286=DIRECTION('ref_axis',(-0.707106434814462,0.,-0.707107127558463));
#1287=DIRECTION('',(0.,-1.,6.59264131980269E-9));
#1288=DIRECTION('',(0.577350043637587,-0.577350150864117,0.577350613067014));
#1289=DIRECTION('',(6.59263486107451E-9,1.,0.));
#1290=DIRECTION('center_axis',(6.48359991446399E-8,0.707107096644715,0.707106465728237));
#1291=DIRECTION('ref_axis',(0.999999999999996,3.30872245021211E-23,-9.16919902264876E-8));
#1292=DIRECTION('',(-0.999999999999996,0.,9.16919902264876E-8));
#1293=DIRECTION('',(0.999999999999996,-9.16919084142871E-8,0.));
#1294=DIRECTION('center_axis',(0.253228731270781,0.,-0.96740643457597));
#1295=DIRECTION('ref_axis',(-0.96740643457597,0.,-0.253228731270781));
#1296=DIRECTION('',(0.,-1.,0.));
#1297=DIRECTION('',(-0.96740643457597,0.,-0.253228731270781));
#1298=DIRECTION('',(0.,1.,0.));
#1299=DIRECTION('center_axis',(0.,0.,1.));
#1300=DIRECTION('ref_axis',(1.,0.,0.));
#1301=DIRECTION('',(1.,0.,0.));
#1302=DIRECTION('center_axis',(0.707106734639951,0.,-0.707106827733141));
#1303=DIRECTION('ref_axis',(-0.707106827733141,0.,-0.707106734639951));
#1304=DIRECTION('',(-0.707106827733141,0.,-0.707106734639951));
#1305=DIRECTION('',(0.,1.,0.));
#1306=DIRECTION('center_axis',(0.,0.,1.));
#1307=DIRECTION('ref_axis',(1.,0.,0.));
#1308=DIRECTION('',(-1.,0.,0.));
#1309=DIRECTION('center_axis',(0.,-1.,0.));
#1310=DIRECTION('ref_axis',(0.,0.,-1.));
#1311=DIRECTION('',(0.,0.,1.));
#1312=DIRECTION('center_axis',(1.,0.,0.));
#1313=DIRECTION('ref_axis',(0.,0.,-1.));
#1314=DIRECTION('center_axis',(1.,0.,0.));
#1315=DIRECTION('ref_axis',(0.,0.,-1.));
#1316=DIRECTION('',(0.,-1.,0.));
#1317=DIRECTION('',(0.,0.,1.));
#1318=DIRECTION('center_axis',(1.,0.,0.));
#1319=DIRECTION('ref_axis',(0.,0.,-1.));
#1320=DIRECTION('',(0.,0.,-1.));
#1321=DIRECTION('',(0.,1.,0.));
#1322=DIRECTION('center_axis',(1.,0.,0.));
#1323=DIRECTION('ref_axis',(0.,0.,-1.));
#1324=DIRECTION('',(0.,1.,0.));
#1325=DIRECTION('',(0.,0.,1.));
#1326=DIRECTION('center_axis',(1.,0.,0.));
#1327=DIRECTION('ref_axis',(0.,0.,-1.));
#1328=DIRECTION('',(0.,0.,-1.));
#1329=DIRECTION('',(0.,-1.,0.));
#1330=DIRECTION('center_axis',(0.,0.,1.));
#1331=DIRECTION('ref_axis',(1.,0.,0.));
#1332=DIRECTION('center_axis',(0.,0.,1.));
#1333=DIRECTION('ref_axis',(1.,0.,0.));
#1334=DIRECTION('',(-1.,0.,0.));
#1335=DIRECTION('',(-1.,0.,0.));
#1336=DIRECTION('',(1.,0.,0.));
#1337=DIRECTION('',(1.,0.,0.));
#1338=DIRECTION('center_axis',(0.,1.,0.));
#1339=DIRECTION('ref_axis',(0.,0.,1.));
#1340=DIRECTION('center_axis',(0.,1.,0.));
#1341=DIRECTION('ref_axis',(0.,0.,1.));
#1342=DIRECTION('center_axis',(0.,1.,0.));
#1343=DIRECTION('ref_axis',(0.,0.,1.));
#1344=DIRECTION('center_axis',(0.,1.,0.));
#1345=DIRECTION('ref_axis',(0.,0.,1.));
#1346=CARTESIAN_POINT('',(0.,0.,0.));
#1347=CARTESIAN_POINT('Origin',(241.500000476837,5.07900424357909,200.020185933638));
#1348=CARTESIAN_POINT('',(241.500000476837,5.07900424357909,200.020185933638));
#1349=CARTESIAN_POINT('',(241.500000456924,5.07900424357909,197.999982833863));
#1350=CARTESIAN_POINT('',(241.500000456924,5.07900424357909,197.999982833863));
#1351=CARTESIAN_POINT('',(241.500000456924,2.07900424357909,197.999982833863));
#1352=CARTESIAN_POINT('',(241.500000456924,5.07900424357909,197.999982833863));
#1353=CARTESIAN_POINT('',(241.500000476837,2.07900424357909,200.020185933638));
#1354=CARTESIAN_POINT('',(241.500000456924,2.07900424357909,197.999982833863));
#1355=CARTESIAN_POINT('',(241.500000476837,5.07900424357909,200.020185933638));
#1356=CARTESIAN_POINT('Origin',(242.500000803569,5.07900424357909,200.999981313036));
#1357=CARTESIAN_POINT('',(241.500000476837,5.07900424357909,201.979776692433));
#1358=CARTESIAN_POINT('',(242.500000803569,5.07900423596105,199.599981441981));
#1359=CARTESIAN_POINT('Origin',(242.500000803569,5.07900424357909,200.999981313036));
#1360=CARTESIAN_POINT('Origin',(242.500000803569,5.07900424357909,200.999981313036));
#1361=CARTESIAN_POINT('',(241.500000476837,2.07900424357909,201.979776692433));
#1362=CARTESIAN_POINT('Origin',(242.500000803569,2.07900424357909,200.999981313036));
#1363=CARTESIAN_POINT('',(241.500000476837,5.07900424357909,201.979776692433));
#1364=CARTESIAN_POINT('Origin',(241.500000476837,5.07900424357909,203.999981880188));
#1365=CARTESIAN_POINT('',(241.500000476837,5.07900424357909,203.999981880188));
#1366=CARTESIAN_POINT('',(241.500000476837,5.07900424357909,201.598488950148));
#1367=CARTESIAN_POINT('',(241.500000476837,2.07900424357909,203.999981880188));
#1368=CARTESIAN_POINT('',(241.500000476837,2.07900424357909,201.598488950148));
#1369=CARTESIAN_POINT('',(241.500000476837,5.07900424357909,203.999981880188));
#1370=CARTESIAN_POINT('Origin',(269.5,5.07900424357909,207.999980926514));
#1371=CARTESIAN_POINT('',(263.5,5.080091040821,207.999980926514));
#1372=CARTESIAN_POINT('',(269.5,5.07954100532082,207.999980926514));
#1373=CARTESIAN_POINT('Ctrl Pts',(269.5,5.07954100532087,207.999980926514));
#1374=CARTESIAN_POINT('Ctrl Pts',(269.472722161696,5.06875871676249,207.999980926514));
#1375=CARTESIAN_POINT('Ctrl Pts',(269.442934123134,5.06313015139045,207.999980926514));
#1376=CARTESIAN_POINT('Ctrl Pts',(269.288389072451,5.04848402486757,207.999980926514));
#1377=CARTESIAN_POINT('Ctrl Pts',(269.135321651384,5.08587802747636,207.999980926514));
#1378=CARTESIAN_POINT('Ctrl Pts',(268.926221105377,5.0935756385223,207.999980926514));
#1379=CARTESIAN_POINT('Ctrl Pts',(268.88226158572,5.09244431880512,207.999980926514));
#1380=CARTESIAN_POINT('Ctrl Pts',(268.731590373817,5.07951697312691,207.999980926514));
#1381=CARTESIAN_POINT('Ctrl Pts',(268.636695680006,5.05997797304644,207.999980926516));
#1382=CARTESIAN_POINT('Ctrl Pts',(268.290848686881,5.04965527965327,207.999980926516));
#1383=CARTESIAN_POINT('Ctrl Pts',(268.114404555675,5.07343321343209,207.999980926498));
#1384=CARTESIAN_POINT('Ctrl Pts',(267.489845555769,5.10800765145827,207.999980926498));
#1385=CARTESIAN_POINT('Ctrl Pts',(267.307272643261,5.06952203796527,207.999980926516));
#1386=CARTESIAN_POINT('Ctrl Pts',(266.604168960978,5.07062273957039,207.999980926516));
#1387=CARTESIAN_POINT('Ctrl Pts',(266.406477870584,5.08753150881589,207.999980926514));
#1388=CARTESIAN_POINT('Ctrl Pts',(265.748836153337,5.08632221857465,207.999980926514));
#1389=CARTESIAN_POINT('Ctrl Pts',(265.404886726457,5.03601496831737,207.999980926517));
#1390=CARTESIAN_POINT('Ctrl Pts',(264.776762677785,5.10284354728656,207.999980926517));
#1391=CARTESIAN_POINT('Ctrl Pts',(264.598273945042,5.13923944978631,207.99998092651));
#1392=CARTESIAN_POINT('Ctrl Pts',(264.07032247322,5.04976310583361,207.99998092651));
#1393=CARTESIAN_POINT('Ctrl Pts',(263.820287384482,4.94681564287508,207.999980926514));
#1394=CARTESIAN_POINT('Ctrl Pts',(263.625458001311,4.96572154413504,207.999980926514));
#1395=CARTESIAN_POINT('Ctrl Pts',(263.600682668354,4.97267395010515,207.999980926514));
#1396=CARTESIAN_POINT('Ctrl Pts',(263.562585772652,4.99130076751432,207.999980926514));
#1397=CARTESIAN_POINT('Ctrl Pts',(263.547062301081,5.00293730602069,207.999980926514));
#1398=CARTESIAN_POINT('Ctrl Pts',(263.522374876908,5.03125350724929,207.999980926514));
#1399=CARTESIAN_POINT('Ctrl Pts',(263.513425076859,5.04640986135342,207.999980926514));
#1400=CARTESIAN_POINT('Ctrl Pts',(263.504097329532,5.06837554255476,207.999980926514));
#1401=CARTESIAN_POINT('Ctrl Pts',(263.501935183053,5.07419088011507,207.999980926514));
#1402=CARTESIAN_POINT('Ctrl Pts',(263.500000000021,5.08009104082798,207.999980926514));
#1403=CARTESIAN_POINT('',(263.5,2.07900424357909,207.999980926514));
#1404=CARTESIAN_POINT('',(263.5,5.07900424357909,207.999980926514));
#1405=CARTESIAN_POINT('',(269.5,2.07900424357909,207.999980926514));
#1406=CARTESIAN_POINT('',(252.149646242944,2.07900424357909,207.999980926514));
#1407=CARTESIAN_POINT('',(269.5,5.07900424357909,207.999980926514));
#1408=CARTESIAN_POINT('Origin',(252.149646242944,2.07900424357909,201.598488950148));
#1409=CARTESIAN_POINT('',(263.146551132202,2.07900424357909,197.999982833863));
#1410=CARTESIAN_POINT('',(246.855556941096,2.07900424357909,197.999982833863));
#1411=CARTESIAN_POINT('',(267.689046859741,2.07900424357909,199.189028501511));
#1412=CARTESIAN_POINT('',(259.577081934802,2.07900424357909,197.065637016157));
#1413=CARTESIAN_POINT('',(269.5,2.07900424357909,200.999981403351));
#1414=CARTESIAN_POINT('',(264.859299591311,2.07900424357909,196.359281605628));
#1415=CARTESIAN_POINT('',(269.5,2.07900424357909,204.260773436549));
#1416=CARTESIAN_POINT('',(258.601020812988,2.07900424357909,203.999981880188));
#1417=CARTESIAN_POINT('Origin',(258.601020812988,2.07900424357909,208.999981752954));
#1418=CARTESIAN_POINT('',(247.069061076771,2.07900424357909,203.999981880188));
#1419=CARTESIAN_POINT('',(247.500000738094,2.07900424357909,199.59998158795));
#1420=CARTESIAN_POINT('Origin',(247.500000738094,2.07900424357909,200.999981446936));
#1421=CARTESIAN_POINT('',(252.500000902956,2.07900424357909,199.599981544352));
#1422=CARTESIAN_POINT('Origin',(252.500000902956,2.07900424357909,200.999981400384));
#1423=CARTESIAN_POINT('',(257.500000952197,2.07900424357909,199.599981549087));
#1424=CARTESIAN_POINT('Origin',(257.500000952197,2.07900424357909,200.99998140497));
#1425=CARTESIAN_POINT('Origin',(266.500000953674,8.07900381994455,240.999982833863));
#1426=CARTESIAN_POINT('',(269.750000953674,8.07900381994455,240.999982833863));
#1427=CARTESIAN_POINT('Origin',(266.500000953674,8.07900381994455,240.999982833863));
#1428=CARTESIAN_POINT('',(269.750000953674,8.07900381994455,220.999982833863));
#1429=CARTESIAN_POINT('',(269.750000953674,8.07900381994455,240.999982833863));
#1430=CARTESIAN_POINT('Origin',(266.500000953674,8.07900381994455,220.999982833863));
#1431=CARTESIAN_POINT('Origin',(266.500000953674,8.07900381994454,220.999982833863));
#1432=CARTESIAN_POINT('Origin',(266.500000953674,8.07900381994455,234.999982833863));
#1433=CARTESIAN_POINT('',(270.49816616079,7.95786993162296,234.999982833863));
#1434=CARTESIAN_POINT('',(262.50183574416,7.95787001080115,234.999982833863));
#1435=CARTESIAN_POINT('Origin',(266.500000953674,8.07900381994455,234.999982833863));
#1436=CARTESIAN_POINT('',(270.498166161052,7.95786985047759,240.999982833863));
#1437=CARTESIAN_POINT('',(270.498166355499,7.95786992850095,234.999982833863));
#1438=CARTESIAN_POINT('',(262.501835326948,7.95787011878325,240.999982833863));
#1439=CARTESIAN_POINT('Origin',(266.500000953674,8.07900381994455,240.999982833863));
#1440=CARTESIAN_POINT('',(262.501835548782,7.95787002977014,234.999982833863));
#1441=CARTESIAN_POINT('Origin',(266.500000924714,7.95786979525695,240.999982833863));
#1442=CARTESIAN_POINT('Origin',(266.500000534326,7.83673573085409,240.999982833863));
#1443=CARTESIAN_POINT('Origin',(266.500000534326,7.83673573085409,232.999982833863));
#1444=CARTESIAN_POINT('',(262.501835521751,7.95787013482956,233.999982833863));
#1445=CARTESIAN_POINT('',(270.498165959061,7.95786994208866,233.999982833863));
#1446=CARTESIAN_POINT('Origin',(266.500000513007,7.83673572253836,233.999982833863));
#1447=CARTESIAN_POINT('',(262.501835939563,7.95786999102174,232.999982833863));
#1448=CARTESIAN_POINT('',(270.498165966249,7.95786994029419,232.999982833863));
#1449=CARTESIAN_POINT('Origin',(266.500000953674,8.07900381994455,232.999982833863));
#1450=CARTESIAN_POINT('Origin',(266.500000953674,8.07900381994455,233.999982833863));
#1451=CARTESIAN_POINT('Origin',(266.500000953674,8.07900381994455,234.999982833863));
#1452=CARTESIAN_POINT('Origin',(266.500000718673,8.07900435639474,232.999982833863));
#1453=CARTESIAN_POINT('',(273.000000799142,8.07900435639474,234.999982833863));
#1454=CARTESIAN_POINT('Origin',(266.500000718673,8.07900435639474,234.999982833863));
#1455=CARTESIAN_POINT('',(273.000000799142,8.07900435639474,232.999982833863));
#1456=CARTESIAN_POINT('',(273.000000799142,8.07900435639474,232.999982833863));
#1457=CARTESIAN_POINT('Origin',(266.500000718673,8.07900435639474,232.999982833863));
#1458=CARTESIAN_POINT('Origin',(266.500000718673,8.07900435639474,234.999982833863));
#1459=CARTESIAN_POINT('Ctrl Pts',(261.317049093107,13.7756092341246,215.241853600912));
#1460=CARTESIAN_POINT('Ctrl Pts',(261.262915374694,13.5770234324983,215.051971959579));
#1461=CARTESIAN_POINT('Ctrl Pts',(261.208300162064,13.3777723034648,214.867849372426));
#1462=CARTESIAN_POINT('Ctrl Pts',(261.152780452211,13.1779999760439,214.690057319836));
#1463=CARTESIAN_POINT('Ctrl Pts',(261.065599475236,12.8790462729093,214.4355031328));
#1464=CARTESIAN_POINT('Ctrl Pts',(260.967599119881,12.5721152139968,214.201086933123));
#1465=CARTESIAN_POINT('Ctrl Pts',(260.933477900571,12.4684379301508,214.125293799181));
#1466=CARTESIAN_POINT('Ctrl Pts',(260.862022590252,12.2564866564273,213.978144077121));
#1467=CARTESIAN_POINT('Ctrl Pts',(260.785452273416,12.0336549236156,213.840115061081));
#1468=CARTESIAN_POINT('Ctrl Pts',(260.746186557493,11.9190711322928,213.773443965005));
#1469=CARTESIAN_POINT('Ctrl Pts',(260.687007932571,11.7430602739194,213.677683893024));
#1470=CARTESIAN_POINT('Ctrl Pts',(260.627459020097,11.5619049363138,213.590843402102));
#1471=CARTESIAN_POINT('Ctrl Pts',(260.60757521275,11.5010036234665,213.563022102124));
#1472=CARTESIAN_POINT('Ctrl Pts',(260.567660474136,11.378293518164,213.509996368526));
#1473=CARTESIAN_POINT('Ctrl Pts',(260.527503224047,11.2536216080472,213.462218538525));
#1474=CARTESIAN_POINT('Ctrl Pts',(260.507373844827,11.1907613982661,213.439652722914));
#1475=CARTESIAN_POINT('Ctrl Pts',(260.467185790858,11.063705548728,213.396731832192));
#1476=CARTESIAN_POINT('Ctrl Pts',(260.42742449499,10.9339645246663,213.357911767974));
#1477=CARTESIAN_POINT('Ctrl Pts',(260.407720289608,10.8684183250158,213.339446395204));
#1478=CARTESIAN_POINT('Ctrl Pts',(260.378509651377,10.7692046416911,213.313209540736));
#1479=CARTESIAN_POINT('Ctrl Pts',(260.349866442925,10.6684010562432,213.288994759074));
#1480=CARTESIAN_POINT('Ctrl Pts',(260.340384348087,10.6346114164839,213.281139899874));
#1481=CARTESIAN_POINT('Ctrl Pts',(260.32154908116,10.5666292186791,213.265852622649));
#1482=CARTESIAN_POINT('Ctrl Pts',(260.302951746945,10.4978626643681,213.251454519579));
#1483=CARTESIAN_POINT('Ctrl Pts',(260.293707843623,10.4632875689217,213.24448781569));
#1484=CARTESIAN_POINT('Ctrl Pts',(260.275313908004,10.3937956471797,213.231068929989));
#1485=CARTESIAN_POINT('Ctrl Pts',(260.257102854438,10.3236685148766,213.218729606102));
#1486=CARTESIAN_POINT('Ctrl Pts',(260.248041675037,10.2884584837398,213.212842802027));
#1487=CARTESIAN_POINT('Ctrl Pts',(260.230020629597,10.2177453086412,213.201629112686));
#1488=CARTESIAN_POINT('Ctrl Pts',(260.212275708895,10.1463416424066,213.191405143017));
#1489=CARTESIAN_POINT('Ctrl Pts',(260.203490308386,10.110442062602,213.186509049842));
#1490=CARTESIAN_POINT('Ctrl Pts',(260.186153317074,10.0381459750675,213.177027437238));
#1491=CARTESIAN_POINT('Ctrl Pts',(260.169424555071,9.96461121327012,213.167875798373));
#1492=CARTESIAN_POINT('Ctrl Pts',(260.161246356659,9.92747652525855,213.163312970193));
#1493=CARTESIAN_POINT('Ctrl Pts',(260.14534887619,9.85230852503921,213.154024849215));
#1494=CARTESIAN_POINT('Ctrl Pts',(260.130454120728,9.77532665473465,213.144324184954));
#1495=CARTESIAN_POINT('Ctrl Pts',(260.123282170613,9.73636536391209,213.139336937067));
#1496=CARTESIAN_POINT('Ctrl Pts',(260.102497332967,9.6186244500709,213.124424216321));
#1497=CARTESIAN_POINT('Ctrl Pts',(260.083714205835,9.49932254258536,213.110402590022));
#1498=CARTESIAN_POINT('Ctrl Pts',(260.071979991932,9.41966008527109,213.101968185879));
#1499=CARTESIAN_POINT('Ctrl Pts',(260.049947799751,9.26114806426133,213.086302854716));
#1500=CARTESIAN_POINT('Ctrl Pts',(260.031704675122,9.09942169648214,213.07268118772));
#1501=CARTESIAN_POINT('Ctrl Pts',(260.024021764647,9.01509895353579,213.066132425324));
#1502=CARTESIAN_POINT('Ctrl Pts',(260.010057044866,8.84779062318691,213.054505184365));
#1503=CARTESIAN_POINT('Ctrl Pts',(259.997600761057,8.68977104749627,213.046621891532));
#1504=CARTESIAN_POINT('Ctrl Pts',(259.991376695292,8.61501997957799,213.04385295407));
#1505=CARTESIAN_POINT('Ctrl Pts',(259.978439499566,8.47596806397125,213.04098061406));
#1506=CARTESIAN_POINT('Ctrl Pts',(259.964040859782,8.35791097599215,213.043763189912));
#1507=CARTESIAN_POINT('Ctrl Pts',(259.956351839474,8.30418250520942,213.046651127862));
#1508=CARTESIAN_POINT('Ctrl Pts',(259.93992215681,8.20617856552513,213.055471293744));
#1509=CARTESIAN_POINT('Ctrl Pts',(259.921318656487,8.12472306052247,213.070406227424));
#1510=CARTESIAN_POINT('Ctrl Pts',(259.911457868615,8.08752571627314,213.079407896572));
#1511=CARTESIAN_POINT('Ctrl Pts',(259.895843605043,8.03600478949865,213.095185217331));
#1512=CARTESIAN_POINT('Ctrl Pts',(259.879051081002,7.98945386214958,213.114303701827));
#1513=CARTESIAN_POINT('Ctrl Pts',(259.873325816174,7.97440863553725,213.121043813609));
#1514=CARTESIAN_POINT('Ctrl Pts',(259.86162809096,7.94510405081981,213.135248901406));
#1515=CARTESIAN_POINT('Ctrl Pts',(259.84945584982,7.91706784457365,213.150881788392));
#1516=CARTESIAN_POINT('Ctrl Pts',(259.843256068802,7.90329097912356,213.159049699687));
#1517=CARTESIAN_POINT('Ctrl Pts',(259.830640746031,7.87607391576225,213.176076235858));
#1518=CARTESIAN_POINT('Ctrl Pts',(259.817619473075,7.8492536300175,213.194458337865));
#1519=CARTESIAN_POINT('Ctrl Pts',(259.811013741418,7.83587353271007,213.203981814178));
#1520=CARTESIAN_POINT('Ctrl Pts',(259.797626096181,7.80904263238152,213.223679982855));
#1521=CARTESIAN_POINT('Ctrl Pts',(259.783915697375,7.78182583298602,213.244652913285));
#1522=CARTESIAN_POINT('Ctrl Pts',(259.776987212303,7.7680598346859,213.255451149197));
#1523=CARTESIAN_POINT('Ctrl Pts',(259.756005297457,7.72611844040954,213.288760117956));
#1524=CARTESIAN_POINT('Ctrl Pts',(259.734505884661,7.68177749857625,213.324749509084));
#1525=CARTESIAN_POINT('Ctrl Pts',(259.720006896494,7.65073378672929,213.349878173279));
#1526=CARTESIAN_POINT('Ctrl Pts',(259.690810162867,7.58499184636692,213.402299800708));
#1527=CARTESIAN_POINT('Ctrl Pts',(259.661474286569,7.5109799993017,213.45884748536));
#1528=CARTESIAN_POINT('Ctrl Pts',(259.646836221423,7.4716666798715,213.488102078601));
#1529=CARTESIAN_POINT('Ctrl Pts',(259.617745567911,7.38816341429134,213.548476010322));
#1530=CARTESIAN_POINT('Ctrl Pts',(259.589261200017,7.2950261555546,213.612380939309));
#1531=CARTESIAN_POINT('Ctrl Pts',(259.57522930294,7.24607490610133,213.645166749185));
#1532=CARTESIAN_POINT('Ctrl Pts',(259.547696386589,7.14380628134118,213.712301925174));
#1533=CARTESIAN_POINT('Ctrl Pts',(259.521404988317,7.03398115416296,213.782365215236));
#1534=CARTESIAN_POINT('Ctrl Pts',(259.508614693827,6.97747181267327,213.818079204599));
#1535=CARTESIAN_POINT('Ctrl Pts',(259.483811836492,6.86198561257868,213.890779350318));
#1536=CARTESIAN_POINT('Ctrl Pts',(259.460635205168,6.74275251155348,213.965878416007));
#1537=CARTESIAN_POINT('Ctrl Pts',(259.449471416123,6.68250003342718,214.003991063836));
#1538=CARTESIAN_POINT('Ctrl Pts',(259.417261857589,6.50054313660061,214.119937503026));
#1539=CARTESIAN_POINT('Ctrl Pts',(259.388833323827,6.31650932573833,214.24052867161));
#1540=CARTESIAN_POINT('Ctrl Pts',(259.371502225998,6.194246246518,214.322827834766));
#1541=CARTESIAN_POINT('Ctrl Pts',(259.323777999115,5.8301616945003,214.57523639083));
#1542=CARTESIAN_POINT('Ctrl Pts',(259.287035336013,5.47704245438222,214.843550347215));
#1543=CARTESIAN_POINT('Ctrl Pts',(259.265737979201,5.24879837670902,215.028973241934));
#1544=CARTESIAN_POINT('Ctrl Pts',(259.245943325475,5.02690118588121,215.220433872767));
#1545=CARTESIAN_POINT('Ctrl Pts',(259.226858424944,4.81057501998241,215.417343311196));
#1546=CARTESIAN_POINT('Ctrl Pts',(261.521711166391,13.8298572653398,215.048519085309));
#1547=CARTESIAN_POINT('Ctrl Pts',(261.466422651521,13.6302059534277,214.853028675504));
#1548=CARTESIAN_POINT('Ctrl Pts',(261.410885169403,13.4298276525686,214.663006995171));
#1549=CARTESIAN_POINT('Ctrl Pts',(261.354793574584,13.2288579171994,214.478879318611));
#1550=CARTESIAN_POINT('Ctrl Pts',(261.267711607751,12.9300652647149,214.214782980857));
#1551=CARTESIAN_POINT('Ctrl Pts',(261.169111284782,12.6256585854181,213.972084642161));
#1552=CARTESIAN_POINT('Ctrl Pts',(261.134603924878,12.5230510497945,213.893737751298));
#1553=CARTESIAN_POINT('Ctrl Pts',(261.061619105492,12.3128750514937,213.741684163408));
#1554=CARTESIAN_POINT('Ctrl Pts',(260.982508641218,12.0901834941097,213.598381694303));
#1555=CARTESIAN_POINT('Ctrl Pts',(260.941794248463,11.9750423518065,213.528852403749));
#1556=CARTESIAN_POINT('Ctrl Pts',(260.88117433561,11.7977271386508,213.428100811354));
#1557=CARTESIAN_POINT('Ctrl Pts',(260.821048152333,11.6152564124298,213.336206244645));
#1558=CARTESIAN_POINT('Ctrl Pts',(260.801056260216,11.5539507694181,213.306744888867));
#1559=CARTESIAN_POINT('Ctrl Pts',(260.760908484384,11.4307239456997,213.250969622127));
#1560=CARTESIAN_POINT('Ctrl Pts',(260.720345308066,11.3060456391613,213.20160462909));
#1561=CARTESIAN_POINT('Ctrl Pts',(260.699931241909,11.243296665609,213.178571359711));
#1562=CARTESIAN_POINT('Ctrl Pts',(260.659180810317,11.1161725613153,213.134628932126));
#1563=CARTESIAN_POINT('Ctrl Pts',(260.619007942026,10.9859386152114,213.094432590148));
#1564=CARTESIAN_POINT('Ctrl Pts',(260.599167522925,10.9200635218963,213.075135074648));
#1565=CARTESIAN_POINT('Ctrl Pts',(260.569850222738,10.8207105532647,213.047820502759));
#1566=CARTESIAN_POINT('Ctrl Pts',(260.541319669423,10.7198075747384,213.022378544447));
#1567=CARTESIAN_POINT('Ctrl Pts',(260.531902857099,10.6859645661022,213.014078085783));
#1568=CARTESIAN_POINT('Ctrl Pts',(260.513255433885,10.6177578072961,212.997768774203));
#1569=CARTESIAN_POINT('Ctrl Pts',(260.494926821153,10.5485587474594,212.982135926321));
#1570=CARTESIAN_POINT('Ctrl Pts',(260.485829500269,10.5137201588595,212.974508954313));
#1571=CARTESIAN_POINT('Ctrl Pts',(260.467722915687,10.4436878793546,212.959768957605));
#1572=CARTESIAN_POINT('Ctrl Pts',(260.449742934157,10.3731209780087,212.946239155358));
#1573=CARTESIAN_POINT('Ctrl Pts',(260.440771843899,10.3377487976968,212.939823445336));
#1574=CARTESIAN_POINT('Ctrl Pts',(260.422866220536,10.2668721175116,212.927729641463));
#1575=CARTESIAN_POINT('Ctrl Pts',(260.405111252338,10.1956315839024,212.91698015411));
#1576=CARTESIAN_POINT('Ctrl Pts',(260.396290516795,10.1598962225743,212.911909590481));
#1577=CARTESIAN_POINT('Ctrl Pts',(260.378836464912,10.0880652004494,212.902221234978));
#1578=CARTESIAN_POINT('Ctrl Pts',(260.361960716943,10.0150920536534,212.892968028266));
#1579=CARTESIAN_POINT('Ctrl Pts',(260.353715031947,9.97822671212369,212.8883439032));
#1580=CARTESIAN_POINT('Ctrl Pts',(260.337766046701,9.90334104479387,212.878687827605));
#1581=CARTESIAN_POINT('Ctrl Pts',(260.323150025892,9.82563001364181,212.86766137419));
#1582=CARTESIAN_POINT('Ctrl Pts',(260.316260245574,9.78585441309272,212.861587448369));
#1583=CARTESIAN_POINT('Ctrl Pts',(260.296406088554,9.66572374340396,212.843462505382));
#1584=CARTESIAN_POINT('Ctrl Pts',(260.278422317133,9.54543210178463,212.827456052709));
#1585=CARTESIAN_POINT('Ctrl Pts',(260.267165189687,9.46533019063314,212.818294861002));
#1586=CARTESIAN_POINT('Ctrl Pts',(260.245673676498,9.30857928804943,212.801323656561));
#1587=CARTESIAN_POINT('Ctrl Pts',(260.227448154557,9.15174616433163,212.786803384251));
#1588=CARTESIAN_POINT('Ctrl Pts',(260.220780142676,9.06432617477265,212.779364532168));
#1589=CARTESIAN_POINT('Ctrl Pts',(260.208222219255,8.89423236887364,212.766503872769));
#1590=CARTESIAN_POINT('Ctrl Pts',(260.196988067993,8.73418426032342,212.757882530671));
#1591=CARTESIAN_POINT('Ctrl Pts',(260.191294933347,8.65874953956523,212.754887309902));
#1592=CARTESIAN_POINT('Ctrl Pts',(260.17925491959,8.51886277477606,212.751852866686));
#1593=CARTESIAN_POINT('Ctrl Pts',(260.165415045527,8.40071555974814,212.755061334575));
#1594=CARTESIAN_POINT('Ctrl Pts',(260.157919841269,8.34704247001968,212.758310258777));
#1595=CARTESIAN_POINT('Ctrl Pts',(260.141706902713,8.24917470174829,212.768147188788));
#1596=CARTESIAN_POINT('Ctrl Pts',(260.1229790843,8.16766458830025,212.784673790493));
#1597=CARTESIAN_POINT('Ctrl Pts',(260.112971263729,8.13032981169121,212.79461131859));
#1598=CARTESIAN_POINT('Ctrl Pts',(260.09701252015,8.07836521754578,212.811990747461));
#1599=CARTESIAN_POINT('Ctrl Pts',(260.079703283533,8.03092578303546,212.832981538578));
#1600=CARTESIAN_POINT('Ctrl Pts',(260.073787394048,8.01553007020245,212.840374270761));
#1601=CARTESIAN_POINT('Ctrl Pts',(260.061673581417,7.98540736618143,212.855938142673));
#1602=CARTESIAN_POINT('Ctrl Pts',(260.049020222099,7.95630441146403,212.87302933882));
#1603=CARTESIAN_POINT('Ctrl Pts',(260.042564784411,7.94192842829389,212.881949396598));
#1604=CARTESIAN_POINT('Ctrl Pts',(260.029410657372,7.91337583794398,212.90052214855));
#1605=CARTESIAN_POINT('Ctrl Pts',(260.01580152494,7.88493643150596,212.920526145523));
#1606=CARTESIAN_POINT('Ctrl Pts',(260.00889108073,7.87067361688374,212.930877447373));
#1607=CARTESIAN_POINT('Ctrl Pts',(259.994875663124,7.84192775929047,212.952260922728));
#1608=CARTESIAN_POINT('Ctrl Pts',(259.980507415449,7.81249228669454,212.974970739134));
#1609=CARTESIAN_POINT('Ctrl Pts',(259.973244141306,7.79753985035615,212.986648378707));
#1610=CARTESIAN_POINT('Ctrl Pts',(259.951245359743,7.75180560057579,213.022622996263));
#1611=CARTESIAN_POINT('Ctrl Pts',(259.92870650497,7.7029649550111,213.061345904225));
#1612=CARTESIAN_POINT('Ctrl Pts',(259.913517839854,7.66860232710579,213.088314144509));
#1613=CARTESIAN_POINT('Ctrl Pts',(259.882973141439,7.59556975916953,213.144431061058));
#1614=CARTESIAN_POINT('Ctrl Pts',(259.852393539123,7.51292438260646,213.20468338069));
#1615=CARTESIAN_POINT('Ctrl Pts',(259.837170121684,7.46895070959644,213.235786764592));
#1616=CARTESIAN_POINT('Ctrl Pts',(259.806998911255,7.3754198771474,213.299845857129));
#1617=CARTESIAN_POINT('Ctrl Pts',(259.777649647343,7.27102142073911,213.367392691937));
#1618=CARTESIAN_POINT('Ctrl Pts',(259.76324789461,7.21617313261246,213.401984263989));
#1619=CARTESIAN_POINT('Ctrl Pts',(259.735120184012,7.1018107486407,213.472685358359));
#1620=CARTESIAN_POINT('Ctrl Pts',(259.708553472372,6.97988034079818,213.546190212938));
#1621=CARTESIAN_POINT('Ctrl Pts',(259.695712843978,6.91746148813794,213.58358566259));
#1622=CARTESIAN_POINT('Ctrl Pts',(259.670990295946,6.79073496551734,213.65955654902));
#1623=CARTESIAN_POINT('Ctrl Pts',(259.648241282112,6.66166815713285,213.737739669601));
#1624=CARTESIAN_POINT('Ctrl Pts',(259.63737468703,6.59691650087515,213.777346841258));
#1625=CARTESIAN_POINT('Ctrl Pts',(259.606279342793,6.40269461221111,213.897647720569));
#1626=CARTESIAN_POINT('Ctrl Pts',(259.579546117685,6.20984167077733,214.022253932377));
#1627=CARTESIAN_POINT('Ctrl Pts',(259.563523780024,6.08297764152724,214.107124005659));
#1628=CARTESIAN_POINT('Ctrl Pts',(259.520038678827,5.70783406949178,214.367057260887));
#1629=CARTESIAN_POINT('Ctrl Pts',(259.488015063917,5.35037354719059,214.642507290833));
#1630=CARTESIAN_POINT('Ctrl Pts',(259.469660727283,5.12077168596434,214.832675498013));
#1631=CARTESIAN_POINT('Ctrl Pts',(259.452422621927,4.89860304723473,215.028834100031));
#1632=CARTESIAN_POINT('Ctrl Pts',(259.435501718948,4.68261855426186,215.230380785322));
#1633=CARTESIAN_POINT('Ctrl Pts',(261.729450248041,13.8829502725649,214.860680978313));
#1634=CARTESIAN_POINT('Ctrl Pts',(261.672518225798,13.6817347820906,214.659301288421));
#1635=CARTESIAN_POINT('Ctrl Pts',(261.615517165594,13.4794675666291,214.462971904872));
#1636=CARTESIAN_POINT('Ctrl Pts',(261.558242619217,13.2760474665319,214.27186265681));
#1637=CARTESIAN_POINT('Ctrl Pts',(261.471136152048,12.9753330435183,213.996392374785));
#1638=CARTESIAN_POINT('Ctrl Pts',(261.372335083039,12.672952474697,213.744394401771));
#1639=CARTESIAN_POINT('Ctrl Pts',(261.337596012113,12.571528876636,213.663364908363));
#1640=CARTESIAN_POINT('Ctrl Pts',(261.26298611332,12.3634646393351,213.506693139794));
#1641=CARTESIAN_POINT('Ctrl Pts',(261.180408111991,12.1404086464413,213.358833182178));
#1642=CARTESIAN_POINT('Ctrl Pts',(261.137474592234,12.0239868311819,213.286846797));
#1643=CARTESIAN_POINT('Ctrl Pts',(261.074850959158,11.8442317087852,213.181412211949));
#1644=CARTESIAN_POINT('Ctrl Pts',(261.014818061974,11.6587500112681,213.083202176214));
#1645=CARTESIAN_POINT('Ctrl Pts',(260.995095703468,11.5963719260115,213.051432191415));
#1646=CARTESIAN_POINT('Ctrl Pts',(260.955494749393,11.4715365370455,212.991820840116));
#1647=CARTESIAN_POINT('Ctrl Pts',(260.914999046652,11.3465462836019,212.94107105282));
#1648=CARTESIAN_POINT('Ctrl Pts',(260.89436339225,11.2840395783387,212.918212865217));
#1649=CARTESIAN_POINT('Ctrl Pts',(260.853244808381,11.1563388382146,212.873860362506));
#1650=CARTESIAN_POINT('Ctrl Pts',(260.813035913775,11.0237975900968,212.83154813409));
#1651=CARTESIAN_POINT('Ctrl Pts',(260.793306417072,10.9563081486764,212.810630057074));
#1652=CARTESIAN_POINT('Ctrl Pts',(260.764131078819,10.8558555491958,212.781854477437));
#1653=CARTESIAN_POINT('Ctrl Pts',(260.736038715273,10.7543815787692,212.755107833532));
#1654=CARTESIAN_POINT('Ctrl Pts',(260.72681790541,10.7203217787533,212.746316425264));
#1655=CARTESIAN_POINT('Ctrl Pts',(260.708702771831,10.651286196064,212.728627323812));
#1656=CARTESIAN_POINT('Ctrl Pts',(260.691146620088,10.5805066312535,212.710880321959));
#1657=CARTESIAN_POINT('Ctrl Pts',(260.682486619879,10.5446922327241,212.702021623559));
#1658=CARTESIAN_POINT('Ctrl Pts',(260.665308058373,10.4725476216327,212.684665083898));
#1659=CARTESIAN_POINT('Ctrl Pts',(260.648309618497,10.399762870145,212.668418920034));
#1660=CARTESIAN_POINT('Ctrl Pts',(260.639828242935,10.3633148441355,212.66067656945));
#1661=CARTESIAN_POINT('Ctrl Pts',(260.622885445924,10.2904125339496,212.646049990029));
#1662=CARTESIAN_POINT('Ctrl Pts',(260.606033240009,10.2175155325843,212.63311169171));
#1663=CARTESIAN_POINT('Ctrl Pts',(260.59764253873,10.1810718095395,212.627056964642));
#1664=CARTESIAN_POINT('Ctrl Pts',(260.580985645438,10.1081472565812,212.615692090193));
#1665=CARTESIAN_POINT('Ctrl Pts',(260.564703512175,10.0349822521634,212.605573583844));
#1666=CARTESIAN_POINT('Ctrl Pts',(260.556690732352,9.99829015786127,212.600758344147));
#1667=CARTESIAN_POINT('Ctrl Pts',(260.540970795264,9.92462266547862,212.591504691163));
#1668=CARTESIAN_POINT('Ctrl Pts',(260.526964801401,9.84672841084702,212.579536256427));
#1669=CARTESIAN_POINT('Ctrl Pts',(260.520885308317,9.80498598786651,212.571235795834));
#1670=CARTESIAN_POINT('Ctrl Pts',(260.50322145271,9.68037043845205,212.547847078174));
#1671=CARTESIAN_POINT('Ctrl Pts',(260.48599222069,9.56148505934132,212.532392381484));
#1672=CARTESIAN_POINT('Ctrl Pts',(260.475302024968,9.4819413059812,212.522177441061));
#1673=CARTESIAN_POINT('Ctrl Pts',(260.457318560094,9.31357198067619,212.502521042017));
#1674=CARTESIAN_POINT('Ctrl Pts',(260.437892291665,9.17111842590281,212.487817637338));
#1675=CARTESIAN_POINT('Ctrl Pts',(260.431857926207,9.08397043640691,212.479993246563));
#1676=CARTESIAN_POINT('Ctrl Pts',(260.417860200564,8.92889747843444,212.467847883487));
#1677=CARTESIAN_POINT('Ctrl Pts',(260.405134718729,8.78239170381756,212.460341600745));
#1678=CARTESIAN_POINT('Ctrl Pts',(260.398876775362,8.71208759921276,212.457896004359));
#1679=CARTESIAN_POINT('Ctrl Pts',(260.385978907831,8.57949005754723,212.456008495281));
#1680=CARTESIAN_POINT('Ctrl Pts',(260.371658122748,8.46369737433362,212.460571735885));
#1681=CARTESIAN_POINT('Ctrl Pts',(260.363966462358,8.41025908312843,212.464583090929));
#1682=CARTESIAN_POINT('Ctrl Pts',(260.347342200139,8.31157768971411,212.476181371936));
#1683=CARTESIAN_POINT('Ctrl Pts',(260.328067985533,8.22714057072005,212.494988724366));
#1684=CARTESIAN_POINT('Ctrl Pts',(260.317726595279,8.18794226295968,212.506209394634));
#1685=CARTESIAN_POINT('Ctrl Pts',(260.301162996489,8.13262808141803,212.525723951653));
#1686=CARTESIAN_POINT('Ctrl Pts',(260.283091973194,8.08104710012767,212.549138565997));
#1687=CARTESIAN_POINT('Ctrl Pts',(260.276904718027,8.06418491165369,212.557369827562));
#1688=CARTESIAN_POINT('Ctrl Pts',(260.264214504854,8.03095906905737,212.574667802908));
#1689=CARTESIAN_POINT('Ctrl Pts',(260.250921521749,7.9984163957014,212.593597625171));
#1690=CARTESIAN_POINT('Ctrl Pts',(260.244131495357,7.9822373346803,212.603460735486));
#1691=CARTESIAN_POINT('Ctrl Pts',(260.230281551397,7.94991416300889,212.623961643886));
#1692=CARTESIAN_POINT('Ctrl Pts',(260.215930182617,7.91738206069061,212.645966820449));
#1693=CARTESIAN_POINT('Ctrl Pts',(260.208638730222,7.90099403076915,212.657334197003));
#1694=CARTESIAN_POINT('Ctrl Pts',(260.193845461235,7.86784469843247,212.680775144544));
#1695=CARTESIAN_POINT('Ctrl Pts',(260.178675922023,7.83371142091715,212.705582521887));
#1696=CARTESIAN_POINT('Ctrl Pts',(260.171008199893,7.81633941727576,212.71831632262));
#1697=CARTESIAN_POINT('Ctrl Pts',(260.147791091034,7.76314497264777,212.75747420189));
#1698=CARTESIAN_POINT('Ctrl Pts',(260.124037509648,7.7062695300302,212.799405804601));
#1699=CARTESIAN_POINT('Ctrl Pts',(260.108057218124,7.66632221948472,212.8285075233));
#1700=CARTESIAN_POINT('Ctrl Pts',(260.075995257616,7.58170378882431,212.888858888811));
#1701=CARTESIAN_POINT('Ctrl Pts',(260.044072979938,7.48660371605598,212.953263818722));
#1702=CARTESIAN_POINT('Ctrl Pts',(260.028232757199,7.43618047447054,212.986418531263));
#1703=CARTESIAN_POINT('Ctrl Pts',(259.996950431968,7.32922080015061,213.054534123535));
#1704=CARTESIAN_POINT('Ctrl Pts',(259.966770078446,7.21049568513544,213.126035129009));
#1705=CARTESIAN_POINT('Ctrl Pts',(259.952031140177,7.14829352668411,213.162576211923));
#1706=CARTESIAN_POINT('Ctrl Pts',(259.92341233102,7.0191905101194,213.237100815376));
#1707=CARTESIAN_POINT('Ctrl Pts',(259.896763934469,6.8833825065577,213.314227323199));
#1708=CARTESIAN_POINT('Ctrl Pts',(259.883995636391,6.81447133221682,213.353370497747));
#1709=CARTESIAN_POINT('Ctrl Pts',(259.859650047038,6.67606229823,213.432692355948));
#1710=CARTESIAN_POINT('Ctrl Pts',(259.83770415033,6.5380089188466,213.5139519663));
#1711=CARTESIAN_POINT('Ctrl Pts',(259.827336515483,6.46946919189398,213.55503181542));
#1712=CARTESIAN_POINT('Ctrl Pts',(259.797976245412,6.26567942823083,213.67959128167));
#1713=CARTESIAN_POINT('Ctrl Pts',(259.773556986644,6.06777068899032,213.808073357558));
#1714=CARTESIAN_POINT('Ctrl Pts',(259.759209608087,5.93869917288099,213.895446816139));
#1715=CARTESIAN_POINT('Ctrl Pts',(259.720927175012,5.55912128938582,214.162786398633));
#1716=CARTESIAN_POINT('Ctrl Pts',(259.694185064604,5.20223149836862,214.445485870045));
#1717=CARTESIAN_POINT('Ctrl Pts',(259.678986988601,4.97385267740647,214.640545733171));
#1718=CARTESIAN_POINT('Ctrl Pts',(259.664365585452,4.75360700839408,214.841567039261));
#1719=CARTESIAN_POINT('Ctrl Pts',(259.649561427176,4.53978812604242,215.047925261568));
#1720=CARTESIAN_POINT('Ctrl Pts',(261.941361256999,13.9367547664778,214.679743460892));
#1721=CARTESIAN_POINT('Ctrl Pts',(261.881987004835,13.7335937870411,214.47233162006));
#1722=CARTESIAN_POINT('Ctrl Pts',(261.822513095478,13.5285226359377,214.269307528353));
#1723=CARTESIAN_POINT('Ctrl Pts',(261.774311629336,13.3236688264621,214.060050060018));
#1724=CARTESIAN_POINT('Ctrl Pts',(261.663000647133,13.0085879165458,213.788341788756));
#1725=CARTESIAN_POINT('Ctrl Pts',(261.5798492213,12.704218748542,213.509483442439));
#1726=CARTESIAN_POINT('Ctrl Pts',(261.562177141655,12.605877949879,213.410380653218));
#1727=CARTESIAN_POINT('Ctrl Pts',(261.483223264393,12.3996222386749,213.25412691106));
#1728=CARTESIAN_POINT('Ctrl Pts',(261.387618834803,12.1812586280299,213.114810706438));
#1729=CARTESIAN_POINT('Ctrl Pts',(261.340379410152,12.0656297600951,213.042208482305));
#1730=CARTESIAN_POINT('Ctrl Pts',(261.270090721222,11.8841025600449,212.937141626665));
#1731=CARTESIAN_POINT('Ctrl Pts',(261.206209577674,11.6955224688752,212.840178279693));
#1732=CARTESIAN_POINT('Ctrl Pts',(261.185740210439,11.6320688985933,212.808964448567));
#1733=CARTESIAN_POINT('Ctrl Pts',(261.146009442634,11.5040478631185,212.748907705918));
#1734=CARTESIAN_POINT('Ctrl Pts',(261.107725637175,11.3739104288637,212.693661864041));
#1735=CARTESIAN_POINT('Ctrl Pts',(261.088703249291,11.3083396268027,212.667263923363));
#1736=CARTESIAN_POINT('Ctrl Pts',(261.050498208335,11.1761451820833,212.616632506683));
#1737=CARTESIAN_POINT('Ctrl Pts',(261.012116665378,11.0413067002913,212.569658684905));
#1738=CARTESIAN_POINT('Ctrl Pts',(260.992899364302,10.9731017514138,212.546918204256));
#1739=CARTESIAN_POINT('Ctrl Pts',(260.964493781317,10.8692351945973,212.51379208341));
#1740=CARTESIAN_POINT('Ctrl Pts',(260.937098125525,10.7628014244416,212.482100429933));
#1741=CARTESIAN_POINT('Ctrl Pts',(260.928099197292,10.7270256310993,212.471692833107));
#1742=CARTESIAN_POINT('Ctrl Pts',(260.910385607105,10.6548747367904,212.45118795722));
#1743=CARTESIAN_POINT('Ctrl Pts',(260.89324174252,10.5815587022476,212.431306258262));
#1744=CARTESIAN_POINT('Ctrl Pts',(260.884812807595,10.5446175729699,212.421521866659));
#1745=CARTESIAN_POINT('Ctrl Pts',(260.868227999815,10.4702040952592,212.402271998621));
#1746=CARTESIAN_POINT('Ctrl Pts',(260.852176191947,10.3948103391874,212.383683142852));
#1747=CARTESIAN_POINT('Ctrl Pts',(260.844279961934,10.3568890674021,212.374559679358));
#1748=CARTESIAN_POINT('Ctrl Pts',(260.8287476966,10.2806436115432,212.356671608752));
#1749=CARTESIAN_POINT('Ctrl Pts',(260.813757291276,10.2036840331484,212.339536873671));
#1750=CARTESIAN_POINT('Ctrl Pts',(260.806402723305,10.1650487522574,212.331166742874));
#1751=CARTESIAN_POINT('Ctrl Pts',(260.791992324304,10.0875152956837,212.314838986771));
#1752=CARTESIAN_POINT('Ctrl Pts',(260.778204005128,10.0095651066758,212.299362954732));
#1753=CARTESIAN_POINT('Ctrl Pts',(260.77147167716,9.97051298057328,212.291844631896));
#1754=CARTESIAN_POINT('Ctrl Pts',(260.758337999766,9.89231509465451,212.277256125256));
#1755=CARTESIAN_POINT('Ctrl Pts',(260.745870779204,9.81405301736436,212.263573019966));
#1756=CARTESIAN_POINT('Ctrl Pts',(260.739804947065,9.77493676555899,212.256960162759));
#1757=CARTESIAN_POINT('Ctrl Pts',(260.72210818592,9.65772494839635,212.237808813306));
#1758=CARTESIAN_POINT('Ctrl Pts',(260.705895329084,9.54120288408319,212.220725561485));
#1759=CARTESIAN_POINT('Ctrl Pts',(260.695729770248,9.46407463281703,212.210259517699));
#1760=CARTESIAN_POINT('Ctrl Pts',(260.676610218008,9.31145509024869,212.191218338785));
#1761=CARTESIAN_POINT('Ctrl Pts',(260.65960851333,9.16348094058487,212.176224146545));
#1762=CARTESIAN_POINT('Ctrl Pts',(260.65156139143,9.09099270580273,212.169803936604));
#1763=CARTESIAN_POINT('Ctrl Pts',(260.636147830245,8.94983446816527,212.159299422807));
#1764=CARTESIAN_POINT('Ctrl Pts',(260.621530479625,8.81769989259785,212.153884710052));
#1765=CARTESIAN_POINT('Ctrl Pts',(260.614280821862,8.75423506086912,212.152553442651));
#1766=CARTESIAN_POINT('Ctrl Pts',(260.599551900202,8.63304324788931,212.152912601662));
#1767=CARTESIAN_POINT('Ctrl Pts',(260.583697672688,8.52351448793179,212.159878197815));
#1768=CARTESIAN_POINT('Ctrl Pts',(260.575322695133,8.47171775178113,212.165152505677));
#1769=CARTESIAN_POINT('Ctrl Pts',(260.557386199756,8.37370940142522,212.179533268161));
#1770=CARTESIAN_POINT('Ctrl Pts',(260.536805748209,8.2853489789324,212.201691556924));
#1771=CARTESIAN_POINT('Ctrl Pts',(260.525784427026,8.24320514594403,212.214746933388));
#1772=CARTESIAN_POINT('Ctrl Pts',(260.508157431152,8.18218306244495,212.237207997208));
#1773=CARTESIAN_POINT('Ctrl Pts',(260.488957191638,8.12310322968679,212.263803218337));
#1774=CARTESIAN_POINT('Ctrl Pts',(260.482386170449,8.10355105270889,212.273117505258));
#1775=CARTESIAN_POINT('Ctrl Pts',(260.468913603348,8.06457755053952,212.292621602795));
#1776=CARTESIAN_POINT('Ctrl Pts',(260.454808684112,8.02558633473214,212.313829869703));
#1777=CARTESIAN_POINT('Ctrl Pts',(260.44760531828,8.00601628810451,212.324848295331));
#1778=CARTESIAN_POINT('Ctrl Pts',(260.432914360206,7.96660023735646,212.347689573538));
#1779=CARTESIAN_POINT('Ctrl Pts',(260.417696354217,7.92641377686518,212.372090562474));
#1780=CARTESIAN_POINT('Ctrl Pts',(260.409965913327,7.90607300248081,212.3846686917));
#1781=CARTESIAN_POINT('Ctrl Pts',(260.394285979922,7.86480425784365,212.410555122799));
#1782=CARTESIAN_POINT('Ctrl Pts',(260.378217818457,7.82217789979666,212.437850238705));
#1783=CARTESIAN_POINT('Ctrl Pts',(260.370099159633,7.80047970137807,212.451837074471));
#1784=CARTESIAN_POINT('Ctrl Pts',(260.345527985451,7.73408738050899,212.494775394272));
#1785=CARTESIAN_POINT('Ctrl Pts',(260.320423748383,7.66333318131375,212.540528354657));
#1786=CARTESIAN_POINT('Ctrl Pts',(260.303550313354,7.61380403533617,212.572174919082));
#1787=CARTESIAN_POINT('Ctrl Pts',(260.26972745568,7.50916381659628,212.637561523169));
#1788=CARTESIAN_POINT('Ctrl Pts',(260.236145742159,7.39242343668034,212.706866127371));
#1789=CARTESIAN_POINT('Ctrl Pts',(260.219513991081,7.33080146378396,212.742428267752));
#1790=CARTESIAN_POINT('Ctrl Pts',(260.186743955648,7.20072176840631,212.815293676025));
#1791=CARTESIAN_POINT('Ctrl Pts',(260.155380589144,7.05841031273346,212.891384760258));
#1792=CARTESIAN_POINT('Ctrl Pts',(260.140148249967,6.9844854540581,212.930178859493));
#1793=CARTESIAN_POINT('Ctrl Pts',(260.110906535843,6.83378066395648,213.009011437747));
#1794=CARTESIAN_POINT('Ctrl Pts',(260.084761836018,6.68561209359501,213.089648766443));
#1795=CARTESIAN_POINT('Ctrl Pts',(260.072668690609,6.61462877163766,213.130213970119));
#1796=CARTESIAN_POINT('Ctrl Pts',(260.049978254654,6.47673938897158,213.212054045469));
#1797=CARTESIAN_POINT('Ctrl Pts',(260.029870032471,6.34297391282437,213.2955914602));
#1798=CARTESIAN_POINT('Ctrl Pts',(260.020399512542,6.2765215971566,213.33782078487));
#1799=CARTESIAN_POINT('Ctrl Pts',(259.99379265871,6.07924297133991,213.465783728079));
#1800=CARTESIAN_POINT('Ctrl Pts',(259.972519423578,5.88640918170652,213.597741027122));
#1801=CARTESIAN_POINT('Ctrl Pts',(259.960677454268,5.75891405348342,213.687584148873));
#1802=CARTESIAN_POINT('Ctrl Pts',(259.928338127016,5.38675052929624,213.961977286243));
#1803=CARTESIAN_POINT('Ctrl Pts',(259.906941410474,5.03558945970612,214.252244198386));
#1804=CARTESIAN_POINT('Ctrl Pts',(259.895075677136,4.81096749683279,214.45249794156));
#1805=CARTESIAN_POINT('Ctrl Pts',(259.882917548762,4.59478759952262,214.658678689849));
#1806=CARTESIAN_POINT('Ctrl Pts',(259.869998960851,4.38482367692293,214.8701291457));
#1807=CARTESIAN_POINT('Ctrl Pts',(262.272248348406,14.0255244406245,214.421275757582));
#1808=CARTESIAN_POINT('Ctrl Pts',(262.208648538411,13.8218489975813,214.205773866881));
#1809=CARTESIAN_POINT('Ctrl Pts',(262.144060723041,13.615757015915,213.99465320646));
#1810=CARTESIAN_POINT('Ctrl Pts',(262.073140164116,13.4057009122104,213.793225670592));
#1811=CARTESIAN_POINT('Ctrl Pts',(261.991521726437,13.0905353967255,213.465893945581));
#1812=CARTESIAN_POINT('Ctrl Pts',(261.867992397341,12.7717915012002,213.187095318709));
#1813=CARTESIAN_POINT('Ctrl Pts',(261.828437509032,12.665873527655,213.094094840322));
#1814=CARTESIAN_POINT('Ctrl Pts',(261.76315765727,12.4722875322428,212.909015525933));
#1815=CARTESIAN_POINT('Ctrl Pts',(261.677306358142,12.2572003674036,212.753432723791));
#1816=CARTESIAN_POINT('Ctrl Pts',(261.633566149883,12.1377458248773,212.677774379983));
#1817=CARTESIAN_POINT('Ctrl Pts',(261.567171630967,11.9530901075158,212.570417535574));
#1818=CARTESIAN_POINT('Ctrl Pts',(261.500813329432,11.7638173352022,212.472955043518));
#1819=CARTESIAN_POINT('Ctrl Pts',(261.478840009274,11.7004088626395,212.441558352988));
#1820=CARTESIAN_POINT('Ctrl Pts',(261.435844994056,11.5725276736511,212.380670123557));
#1821=CARTESIAN_POINT('Ctrl Pts',(261.395457340252,11.4416532217696,212.323068266188));
#1822=CARTESIAN_POINT('Ctrl Pts',(261.376097074587,11.3752468403122,212.294954906723));
#1823=CARTESIAN_POINT('Ctrl Pts',(261.339008593607,11.2401492674037,212.239882432975));
#1824=CARTESIAN_POINT('Ctrl Pts',(261.304422719478,11.1003881773825,212.18679143177));
#1825=CARTESIAN_POINT('Ctrl Pts',(261.287580933926,11.0293062117476,212.160659056836));
#1826=CARTESIAN_POINT('Ctrl Pts',(261.262394643914,10.9210821142954,212.121986243219));
#1827=CARTESIAN_POINT('Ctrl Pts',(261.237079715814,10.8105491411968,212.084279853869));
#1828=CARTESIAN_POINT('Ctrl Pts',(261.228613719122,10.7734533625274,212.07182791703));
#1829=CARTESIAN_POINT('Ctrl Pts',(261.211642561269,10.6987534625994,212.047193436375));
#1830=CARTESIAN_POINT('Ctrl Pts',(261.19470373591,10.6230061282223,212.023185451287));
#1831=CARTESIAN_POINT('Ctrl Pts',(261.186269447532,10.5848633171686,212.011359929374));
#1832=CARTESIAN_POINT('Ctrl Pts',(261.169561237659,10.5080166930418,211.988116403757));
#1833=CARTESIAN_POINT('Ctrl Pts',(261.153336754513,10.4300508111289,211.965775343961));
#1834=CARTESIAN_POINT('Ctrl Pts',(261.145386504443,10.390788458414,211.954852436215));
#1835=CARTESIAN_POINT('Ctrl Pts',(261.129878261544,10.3117341719198,211.933538295029));
#1836=CARTESIAN_POINT('Ctrl Pts',(261.115214685173,10.2317654445832,211.913337445891));
#1837=CARTESIAN_POINT('Ctrl Pts',(261.108109759125,10.1915880221983,211.903527942259));
#1838=CARTESIAN_POINT('Ctrl Pts',(261.094349165182,10.1109597833801,211.88450556442));
#1839=CARTESIAN_POINT('Ctrl Pts',(261.081445902029,10.0300392644013,211.866692314964));
#1840=CARTESIAN_POINT('Ctrl Pts',(261.075198359802,9.98956945407113,211.858091898957));
#1841=CARTESIAN_POINT('Ctrl Pts',(261.063077569078,9.90874933305484,211.841504684918));
#1842=CARTESIAN_POINT('Ctrl Pts',(261.051652600828,9.82840190066779,211.826133062714));
#1843=CARTESIAN_POINT('Ctrl Pts',(261.046100579498,9.7884052320815,211.818748299514));
#1844=CARTESIAN_POINT('Ctrl Pts',(261.029897529639,9.66908735243546,211.797476592938));
#1845=CARTESIAN_POINT('Ctrl Pts',(261.015010753685,9.55208693625238,211.778772800242));
#1846=CARTESIAN_POINT('Ctrl Pts',(261.005633354614,9.47538348218052,211.767373478828));
#1847=CARTESIAN_POINT('Ctrl Pts',(260.988007006356,9.32475227132577,211.746530084734));
#1848=CARTESIAN_POINT('Ctrl Pts',(260.972399924288,9.18019677555166,211.72967505468));
#1849=CARTESIAN_POINT('Ctrl Pts',(260.96504676062,9.10956076075344,211.722258203555));
#1850=CARTESIAN_POINT('Ctrl Pts',(260.950978614271,8.97188198520819,211.709722414852));
#1851=CARTESIAN_POINT('Ctrl Pts',(260.937484918573,8.84192931156764,211.702618196309));
#1852=CARTESIAN_POINT('Ctrl Pts',(260.930707055281,8.77901760318979,211.700631525177));
#1853=CARTESIAN_POINT('Ctrl Pts',(260.916692147205,8.65750338244279,211.700274407563));
#1854=CARTESIAN_POINT('Ctrl Pts',(260.90112611239,8.54435935356494,211.707812322311));
#1855=CARTESIAN_POINT('Ctrl Pts',(260.892795798641,8.48982089151123,211.713723501164));
#1856=CARTESIAN_POINT('Ctrl Pts',(260.874775745843,8.38439431353215,211.730055961362));
#1857=CARTESIAN_POINT('Ctrl Pts',(260.853609922388,8.28484262022828,211.755704651173));
#1858=CARTESIAN_POINT('Ctrl Pts',(260.842134754024,8.23618130834101,211.770930786124));
#1859=CARTESIAN_POINT('Ctrl Pts',(260.823475218727,8.16410556813227,211.797407948359));
#1860=CARTESIAN_POINT('Ctrl Pts',(260.802691693739,8.09205270980439,211.829117451916));
#1861=CARTESIAN_POINT('Ctrl Pts',(260.795530260724,8.06796284587433,211.840256419881));
#1862=CARTESIAN_POINT('Ctrl Pts',(260.780756141249,8.01947745345801,211.863633352892));
#1863=CARTESIAN_POINT('Ctrl Pts',(260.765130682802,7.97005891883988,211.889107239898));
#1864=CARTESIAN_POINT('Ctrl Pts',(260.757117873066,7.94503610840045,211.902343242815));
#1865=CARTESIAN_POINT('Ctrl Pts',(260.740726980639,7.8942028984119,211.9297521084));
#1866=CARTESIAN_POINT('Ctrl Pts',(260.723686535575,7.84152185840592,211.958907500262));
#1867=CARTESIAN_POINT('Ctrl Pts',(260.715024174848,7.81465122796807,211.973890023982));
#1868=CARTESIAN_POINT('Ctrl Pts',(260.697461220923,7.75973968836704,212.004599212419));
#1869=CARTESIAN_POINT('Ctrl Pts',(260.679518151436,7.70237369766072,212.036678246286));
#1870=CARTESIAN_POINT('Ctrl Pts',(260.67047566838,7.67304809216138,212.053030536974));
#1871=CARTESIAN_POINT('Ctrl Pts',(260.643210984535,7.58313987739432,212.102946447707));
#1872=CARTESIAN_POINT('Ctrl Pts',(260.615753726691,7.48764511452514,212.155245624672));
#1873=CARTESIAN_POINT('Ctrl Pts',(260.597559695575,7.42168766572271,212.190997028239));
#1874=CARTESIAN_POINT('Ctrl Pts',(260.561738407668,7.28621064118437,212.264086600078));
#1875=CARTESIAN_POINT('Ctrl Pts',(260.527530279946,7.14511616024919,212.340111863552));
#1876=CARTESIAN_POINT('Ctrl Pts',(260.510951606787,7.07356009693272,212.378798940343));
#1877=CARTESIAN_POINT('Ctrl Pts',(260.478995770733,6.92899549540314,212.457454288476));
#1878=CARTESIAN_POINT('Ctrl Pts',(260.449627519322,6.78278266078185,212.538482865788));
#1879=CARTESIAN_POINT('Ctrl Pts',(260.435635789008,6.7095644037143,212.579545452109));
#1880=CARTESIAN_POINT('Ctrl Pts',(260.409095428779,6.56386862538435,212.662640766708));
#1881=CARTESIAN_POINT('Ctrl Pts',(260.38542747752,6.42031353556888,212.747571782627));
#1882=CARTESIAN_POINT('Ctrl Pts',(260.374297114571,6.34914314840831,212.790477521249));
#1883=CARTESIAN_POINT('Ctrl Pts',(260.353490454782,6.20855972716466,212.877111425683));
#1884=CARTESIAN_POINT('Ctrl Pts',(260.33555115846,6.07167217813033,212.965366626763));
#1885=CARTESIAN_POINT('Ctrl Pts',(260.327281188582,6.00410274032175,213.009901561042));
#1886=CARTESIAN_POINT('Ctrl Pts',(260.304440182103,5.80371990427123,213.144749132796));
#1887=CARTESIAN_POINT('Ctrl Pts',(260.286842635819,5.61086092187398,213.283315517558));
#1888=CARTESIAN_POINT('Ctrl Pts',(260.276782329752,5.48601533843157,213.377309700909));
#1889=CARTESIAN_POINT('Ctrl Pts',(260.252202412596,5.11790327631689,213.664961227915));
#1890=CARTESIAN_POINT('Ctrl Pts',(260.238909768044,4.77386024706684,213.968287262759));
#1891=CARTESIAN_POINT('Ctrl Pts',(260.231165755754,4.55673652980353,214.176897959706));
#1892=CARTESIAN_POINT('Ctrl Pts',(260.222223312664,4.34759021356004,214.391302639688));
#1893=CARTESIAN_POINT('Ctrl Pts',(260.211453360725,4.14429704453639,214.610846212438));
#1894=CARTESIAN_POINT('Ctrl Pts',(262.632649787679,14.1221377530721,214.182678670184));
#1895=CARTESIAN_POINT('Ctrl Pts',(262.566808770383,13.9206270797446,213.958897492093));
#1896=CARTESIAN_POINT('Ctrl Pts',(262.499576474981,13.7171717450422,213.739583385462));
#1897=CARTESIAN_POINT('Ctrl Pts',(262.421247873292,13.5124824113758,213.535350717472));
#1898=CARTESIAN_POINT('Ctrl Pts',(262.316588332402,13.1965847835574,213.212229192045));
#1899=CARTESIAN_POINT('Ctrl Pts',(262.215088967425,12.8930429041628,212.884673833362));
#1900=CARTESIAN_POINT('Ctrl Pts',(262.167029501579,12.7934383920596,212.789630152794));
#1901=CARTESIAN_POINT('Ctrl Pts',(262.073758135895,12.5986013503841,212.599946707084));
#1902=CARTESIAN_POINT('Ctrl Pts',(261.98189182403,12.3858625521206,212.419946341129));
#1903=CARTESIAN_POINT('Ctrl Pts',(261.936563746387,12.2672828075477,212.333085281735));
#1904=CARTESIAN_POINT('Ctrl Pts',(261.874710092799,12.0769390293842,212.212720775492));
#1905=CARTESIAN_POINT('Ctrl Pts',(261.81299264738,11.8786846806168,212.103302005235));
#1906=CARTESIAN_POINT('Ctrl Pts',(261.792072437534,11.8122399818641,212.067791032609));
#1907=CARTESIAN_POINT('Ctrl Pts',(261.749168514118,11.6791452619258,211.997745937428));
#1908=CARTESIAN_POINT('Ctrl Pts',(261.705940919775,11.5445352090331,211.929346960261));
#1909=CARTESIAN_POINT('Ctrl Pts',(261.684671065679,11.4765946984217,211.895457815436));
#1910=CARTESIAN_POINT('Ctrl Pts',(261.644369204309,11.3381761781236,211.828798454042));
#1911=CARTESIAN_POINT('Ctrl Pts',(261.608214818829,11.1941121754846,211.765392950981));
#1912=CARTESIAN_POINT('Ctrl Pts',(261.591137262262,11.1204998891596,211.734764869181));
#1913=CARTESIAN_POINT('Ctrl Pts',(261.565924180052,11.0080861431783,211.69069993888));
#1914=CARTESIAN_POINT('Ctrl Pts',(261.540857510787,10.8929254261033,211.649526911917));
#1915=CARTESIAN_POINT('Ctrl Pts',(261.532490697039,10.8542477522065,211.636129384584));
#1916=CARTESIAN_POINT('Ctrl Pts',(261.515741211738,10.7763229192928,211.609988963035));
#1917=CARTESIAN_POINT('Ctrl Pts',(261.499056806628,10.6972726223331,211.585153187328));
#1918=CARTESIAN_POINT('Ctrl Pts',(261.490754589631,10.6574696888085,211.573060250864));
#1919=CARTESIAN_POINT('Ctrl Pts',(261.474312032502,10.5773141980793,211.549517931852));
#1920=CARTESIAN_POINT('Ctrl Pts',(261.458331966796,10.4961148935563,211.527249667204));
#1921=CARTESIAN_POINT('Ctrl Pts',(261.450492717023,10.4552677831188,211.516430748525));
#1922=CARTESIAN_POINT('Ctrl Pts',(261.435172001494,10.3731285193875,211.495416953762));
#1923=CARTESIAN_POINT('Ctrl Pts',(261.420619980614,10.2902433843982,211.475642240967));
#1924=CARTESIAN_POINT('Ctrl Pts',(261.413549880332,10.2486501029283,211.46606233176));
#1925=CARTESIAN_POINT('Ctrl Pts',(261.399821006882,10.1652541644101,211.447514552012));
#1926=CARTESIAN_POINT('Ctrl Pts',(261.386883813129,10.081624597409,211.430182414165));
#1927=CARTESIAN_POINT('Ctrl Pts',(261.380605460119,10.0397977896774,211.421818149368));
#1928=CARTESIAN_POINT('Ctrl Pts',(261.368400599652,9.95621158608569,211.405687087169));
#1929=CARTESIAN_POINT('Ctrl Pts',(261.356847582854,9.87291520864924,211.390728856665));
#1930=CARTESIAN_POINT('Ctrl Pts',(261.351220937617,9.83137847091741,211.383537494878));
#1931=CARTESIAN_POINT('Ctrl Pts',(261.334755671743,9.70719940031721,211.362802887547));
#1932=CARTESIAN_POINT('Ctrl Pts',(261.319475860298,9.58455680544817,211.344500821414));
#1933=CARTESIAN_POINT('Ctrl Pts',(261.30975980654,9.50369150603836,211.333304632877));
#1934=CARTESIAN_POINT('Ctrl Pts',(261.291351620911,9.34405977076592,211.312722971573));
#1935=CARTESIAN_POINT('Ctrl Pts',(261.275232825468,9.18926361465615,211.295538558081));
#1936=CARTESIAN_POINT('Ctrl Pts',(261.267802914049,9.11323104457593,211.287742230802));
#1937=CARTESIAN_POINT('Ctrl Pts',(261.254318812563,8.96416316486654,211.273697147965));
#1938=CARTESIAN_POINT('Ctrl Pts',(261.24304370926,8.82131537161374,211.263480128813));
#1939=CARTESIAN_POINT('Ctrl Pts',(261.237833324806,8.75150357362044,211.259501012316));
#1940=CARTESIAN_POINT('Ctrl Pts',(261.227543207018,8.61510045520019,211.254701477507));
#1941=CARTESIAN_POINT('Ctrl Pts',(261.215713519397,8.484887844787,211.258478591239));
#1942=CARTESIAN_POINT('Ctrl Pts',(261.208967686131,8.42126506189065,211.263069713391));
#1943=CARTESIAN_POINT('Ctrl Pts',(261.192895742411,8.29671155787376,211.27880291896));
#1944=CARTESIAN_POINT('Ctrl Pts',(261.17109316537,8.17636746848455,211.308164529996));
#1945=CARTESIAN_POINT('Ctrl Pts',(261.158602419216,8.11695883701962,211.326403788102));
#1946=CARTESIAN_POINT('Ctrl Pts',(261.137716126664,8.02830653570391,211.358665974294));
#1947=CARTESIAN_POINT('Ctrl Pts',(261.114184917437,7.93913250276588,211.397309722867));
#1948=CARTESIAN_POINT('Ctrl Pts',(261.106079056114,7.90928296257225,211.410846699207));
#1949=CARTESIAN_POINT('Ctrl Pts',(261.089415741794,7.84919170922713,211.439112739009));
#1950=CARTESIAN_POINT('Ctrl Pts',(261.07198645372,7.78804396553828,211.469539065776));
#1951=CARTESIAN_POINT('Ctrl Pts',(261.063114785901,7.75713814239674,211.485236133158));
#1952=CARTESIAN_POINT('Ctrl Pts',(261.045122232934,7.69453268180855,211.517493127457));
#1953=CARTESIAN_POINT('Ctrl Pts',(261.026747329694,7.63014623262589,211.551296114351));
#1954=CARTESIAN_POINT('Ctrl Pts',(261.017493419832,7.59745953480035,211.568539044454));
#1955=CARTESIAN_POINT('Ctrl Pts',(260.998904742161,7.53103766830102,211.603632217816));
#1956=CARTESIAN_POINT('Ctrl Pts',(260.980254412409,7.46254123537071,211.639818007286));
#1957=CARTESIAN_POINT('Ctrl Pts',(260.970938794867,7.42777917792939,211.658153497069));
#1958=CARTESIAN_POINT('Ctrl Pts',(260.943093746853,7.32208453849146,211.713817692636));
#1959=CARTESIAN_POINT('Ctrl Pts',(260.915771221975,7.21287102961327,211.771295136712));
#1960=CARTESIAN_POINT('Ctrl Pts',(260.897981284201,7.1391268625121,211.810277860944));
#1961=CARTESIAN_POINT('Ctrl Pts',(260.86361716257,6.99196786484559,211.889455043079));
#1962=CARTESIAN_POINT('Ctrl Pts',(260.831912213858,6.8468809091584,211.970953465091));
#1963=CARTESIAN_POINT('Ctrl Pts',(260.816786227292,6.77524967207065,212.012258056249));
#1964=CARTESIAN_POINT('Ctrl Pts',(260.787867361244,6.63317438082322,212.096005120528));
#1965=CARTESIAN_POINT('Ctrl Pts',(260.761508549161,6.49252818555653,212.182065136918));
#1966=CARTESIAN_POINT('Ctrl Pts',(260.748939314532,6.42231656503304,212.225683087016));
#1967=CARTESIAN_POINT('Ctrl Pts',(260.725052592516,6.28195107491967,212.314101791513));
#1968=CARTESIAN_POINT('Ctrl Pts',(260.703794290247,6.14225242233554,212.404756219673));
#1969=CARTESIAN_POINT('Ctrl Pts',(260.693856050838,6.07272966343064,212.450609062894));
#1970=CARTESIAN_POINT('Ctrl Pts',(260.675385037813,5.9346121340626,212.543255110531));
#1971=CARTESIAN_POINT('Ctrl Pts',(260.659657499333,5.79869397596247,212.637575289213));
#1972=CARTESIAN_POINT('Ctrl Pts',(260.652465374527,5.73140625098781,212.68509945548));
#1973=CARTESIAN_POINT('Ctrl Pts',(260.632795191997,5.53171525125896,212.828649032775));
#1974=CARTESIAN_POINT('Ctrl Pts',(260.618346170686,5.33908256627014,212.975110888598));
#1975=CARTESIAN_POINT('Ctrl Pts',(260.610793883341,5.21377244609878,213.074198703356));
#1976=CARTESIAN_POINT('Ctrl Pts',(260.594059310822,4.84605290187637,213.376862197433));
#1977=CARTESIAN_POINT('Ctrl Pts',(260.587829271516,4.51028847358205,213.694328485019));
#1978=CARTESIAN_POINT('Ctrl Pts',(260.584998626013,4.29992629793248,213.912051292228));
#1979=CARTESIAN_POINT('Ctrl Pts',(260.577829754373,4.09853273779176,214.135679643855));
#1980=CARTESIAN_POINT('Ctrl Pts',(260.567714608293,3.90189547892346,214.364420027123));
#1981=CARTESIAN_POINT('Ctrl Pts',(262.756579174989,14.1550003177171,214.105406268042));
#1982=CARTESIAN_POINT('Ctrl Pts',(262.690345689862,13.9544543019162,213.878766399148));
#1983=CARTESIAN_POINT('Ctrl Pts',(262.622721152706,13.752200954872,213.656554133703));
#1984=CARTESIAN_POINT('Ctrl Pts',(262.597041233595,13.5631878761743,213.404591784976));
#1985=CARTESIAN_POINT('Ctrl Pts',(262.425914801694,13.235874079315,213.136026408016));
#1986=CARTESIAN_POINT('Ctrl Pts',(262.319348848193,12.9319993311145,212.803354573887));
#1987=CARTESIAN_POINT('Ctrl Pts',(262.284055972915,12.8347199206432,212.692698828321));
#1988=CARTESIAN_POINT('Ctrl Pts',(262.190104004615,12.642634014617,212.493226130125));
#1989=CARTESIAN_POINT('Ctrl Pts',(262.088471643431,12.433178624335,212.308662015218));
#1990=CARTESIAN_POINT('Ctrl Pts',(262.04034551052,12.3172969364458,212.217604487615));
#1991=CARTESIAN_POINT('Ctrl Pts',(261.979294846721,12.1256165068077,212.092669129711));
#1992=CARTESIAN_POINT('Ctrl Pts',(261.921094554262,11.9223545792135,211.978352057557));
#1993=CARTESIAN_POINT('Ctrl Pts',(261.901335054047,11.8540619497335,211.94107514135));
#1994=CARTESIAN_POINT('Ctrl Pts',(261.859701958259,11.7178466910203,211.866851988632));
#1995=CARTESIAN_POINT('Ctrl Pts',(261.81586459009,11.5812679053484,211.793394699778));
#1996=CARTESIAN_POINT('Ctrl Pts',(261.793857399756,11.5126490378062,211.756848293237));
#1997=CARTESIAN_POINT('Ctrl Pts',(261.751699076028,11.3731298682691,211.685123254663));
#1998=CARTESIAN_POINT('Ctrl Pts',(261.713313324787,11.2281792035266,211.617673774551));
#1999=CARTESIAN_POINT('Ctrl Pts',(261.695128548232,11.1541008898636,211.585408975581));
#2000=CARTESIAN_POINT('Ctrl Pts',(261.668520332454,11.0407825148357,211.539577183593));
#2001=CARTESIAN_POINT('Ctrl Pts',(261.642667310655,10.9242703266541,211.497688757826));
#2002=CARTESIAN_POINT('Ctrl Pts',(261.634116184147,10.885086165418,211.48416945409));
#2003=CARTESIAN_POINT('Ctrl Pts',(261.617149771645,10.8060438059996,211.457997195207));
#2004=CARTESIAN_POINT('Ctrl Pts',(261.600503627115,10.7257153551486,211.433478749265));
#2005=CARTESIAN_POINT('Ctrl Pts',(261.592272603597,10.6852449964742,211.421613467345));
#2006=CARTESIAN_POINT('Ctrl Pts',(261.576037916281,10.6037341494736,211.398616847171));
#2007=CARTESIAN_POINT('Ctrl Pts',(261.560336114432,10.5211912654065,211.377001656752));
#2008=CARTESIAN_POINT('Ctrl Pts',(261.552638149681,10.4796887600976,211.366517467258));
#2009=CARTESIAN_POINT('Ctrl Pts',(261.537582320718,10.3962877437843,211.346163725177));
#2010=CARTESIAN_POINT('Ctrl Pts',(261.523238430618,10.3122401521464,211.327003988926));
#2011=CARTESIAN_POINT('Ctrl Pts',(261.51625269044,10.2700909939755,211.317713589721));
#2012=CARTESIAN_POINT('Ctrl Pts',(261.502651801367,10.1856204965203,211.299706201193));
#2013=CARTESIAN_POINT('Ctrl Pts',(261.489762460421,10.100952604246,211.282838936837));
#2014=CARTESIAN_POINT('Ctrl Pts',(261.483488403336,10.0586061720165,211.274688734595));
#2015=CARTESIAN_POINT('Ctrl Pts',(261.471255148356,9.97395583719766,211.258953568015));
#2016=CARTESIAN_POINT('Ctrl Pts',(261.459601772702,9.88950647892427,211.244338952379));
#2017=CARTESIAN_POINT('Ctrl Pts',(261.453907536922,9.84736115397877,211.237309350174));
#2018=CARTESIAN_POINT('Ctrl Pts',(261.437187654348,9.72123793466087,211.217042512391));
#2019=CARTESIAN_POINT('Ctrl Pts',(261.421503310707,9.59626203818031,211.199186375585));
#2020=CARTESIAN_POINT('Ctrl Pts',(261.411454620249,9.51363768996898,211.188307970113));
#2021=CARTESIAN_POINT('Ctrl Pts',(261.392295675766,9.35012061533839,211.168395662285));
#2022=CARTESIAN_POINT('Ctrl Pts',(261.375531837114,9.19074634149591,211.151665159198));
#2023=CARTESIAN_POINT('Ctrl Pts',(261.36787135319,9.11226309715161,211.143975621853));
#2024=CARTESIAN_POINT('Ctrl Pts',(261.354326082332,8.95800064338924,211.129690679313));
#2025=CARTESIAN_POINT('Ctrl Pts',(261.34383435822,8.80938211000335,211.118349199489));
#2026=CARTESIAN_POINT('Ctrl Pts',(261.339242574753,8.73654474084058,211.113587059303));
#2027=CARTESIAN_POINT('Ctrl Pts',(261.330449028788,8.59377765157069,211.107021048997));
#2028=CARTESIAN_POINT('Ctrl Pts',(261.320149582146,8.45657924716975,211.109241956195));
#2029=CARTESIAN_POINT('Ctrl Pts',(261.31405826422,8.38930787539252,211.113256936367));
#2030=CARTESIAN_POINT('Ctrl Pts',(261.298825126617,8.2572021284275,211.128578071759));
#2031=CARTESIAN_POINT('Ctrl Pts',(261.276817511427,8.12893083608452,211.159176489976));
#2032=CARTESIAN_POINT('Ctrl Pts',(261.263931785585,8.06549955944082,211.178495869336));
#2033=CARTESIAN_POINT('Ctrl Pts',(261.242149228467,7.97075815743217,211.212895362536));
#2034=CARTESIAN_POINT('Ctrl Pts',(261.217534189415,7.8754825167337,211.254088198902));
#2035=CARTESIAN_POINT('Ctrl Pts',(261.209060634274,7.84360187275123,211.268501138101));
#2036=CARTESIAN_POINT('Ctrl Pts',(261.191677954067,7.77946494873693,211.298532576072));
#2037=CARTESIAN_POINT('Ctrl Pts',(261.173604146815,7.71434133241835,211.330694841148));
#2038=CARTESIAN_POINT('Ctrl Pts',(261.164439750418,7.68147410704935,211.347238234501));
#2039=CARTESIAN_POINT('Ctrl Pts',(261.145935230119,7.61502515937553,211.38112664294));
#2040=CARTESIAN_POINT('Ctrl Pts',(261.127209852794,7.54702107884439,211.416423517755));
#2041=CARTESIAN_POINT('Ctrl Pts',(261.117824757685,7.51259863023016,211.434375152605));
#2042=CARTESIAN_POINT('Ctrl Pts',(261.099062362829,7.44289208137802,211.470811480577));
#2043=CARTESIAN_POINT('Ctrl Pts',(261.080408979927,7.37155118830588,211.50820428392));
#2044=CARTESIAN_POINT('Ctrl Pts',(261.071132845626,7.33549374966819,211.527112354379));
#2045=CARTESIAN_POINT('Ctrl Pts',(261.04351857426,7.22632790392215,211.584416005366));
#2046=CARTESIAN_POINT('Ctrl Pts',(261.016728562073,7.11491788458124,211.643335471569));
#2047=CARTESIAN_POINT('Ctrl Pts',(260.999394568574,7.04029593268396,211.683226463878));
#2048=CARTESIAN_POINT('Ctrl Pts',(260.966088941288,6.89247063341984,211.764153756474));
#2049=CARTESIAN_POINT('Ctrl Pts',(260.935597002926,6.7484197270595,211.847322638631));
#2050=CARTESIAN_POINT('Ctrl Pts',(260.921081380717,6.67761126433765,211.889456032138));
#2051=CARTESIAN_POINT('Ctrl Pts',(260.893285692353,6.53726891665077,211.974873392124));
#2052=CARTESIAN_POINT('Ctrl Pts',(260.867822062697,6.39811968245667,212.06268755688));
#2053=CARTESIAN_POINT('Ctrl Pts',(260.855633128396,6.32848413911499,212.107218159574));
#2054=CARTESIAN_POINT('Ctrl Pts',(260.832449870337,6.18909051390769,212.197555005915));
#2055=CARTESIAN_POINT('Ctrl Pts',(260.811851287031,6.05008651606806,212.290309728203));
#2056=CARTESIAN_POINT('Ctrl Pts',(260.802247889304,5.98083491356569,212.337260758347));
#2057=CARTESIAN_POINT('Ctrl Pts',(260.784469156828,5.84322919541434,212.432153734673));
#2058=CARTESIAN_POINT('Ctrl Pts',(260.769457865129,5.70781025854087,212.528734095327));
#2059=CARTESIAN_POINT('Ctrl Pts',(260.762623731969,5.64075196500986,212.577372102637));
#2060=CARTESIAN_POINT('Ctrl Pts',(260.744004444717,5.44166629810996,212.724159929703));
#2061=CARTESIAN_POINT('Ctrl Pts',(260.730819438567,5.24885798815866,212.87356829199));
#2062=CARTESIAN_POINT('Ctrl Pts',(260.724459768586,5.12258184018793,212.974379654772));
#2063=CARTESIAN_POINT('Ctrl Pts',(260.709278071752,4.75720505071015,213.281875566837));
#2064=CARTESIAN_POINT('Ctrl Pts',(260.706065334517,4.4228053342946,213.60424337057));
#2065=CARTESIAN_POINT('Ctrl Pts',(260.704899812101,4.21470570086578,213.82504839775));
#2066=CARTESIAN_POINT('Ctrl Pts',(260.698125612227,4.01593960852863,214.05186665422));
#2067=CARTESIAN_POINT('Ctrl Pts',(260.688039152509,3.82144657043468,214.283812119223));
#2068=CARTESIAN_POINT('Ctrl Pts',(262.948562643871,14.2044940649472,213.993173649634));
#2069=CARTESIAN_POINT('Ctrl Pts',(262.882290906395,14.0054868624111,213.762098749158));
#2070=CARTESIAN_POINT('Ctrl Pts',(262.814831440455,13.8050789805428,213.535267299009));
#2071=CARTESIAN_POINT('Ctrl Pts',(262.747317657621,13.6060400125245,213.310722954289));
#2072=CARTESIAN_POINT('Ctrl Pts',(262.642983160082,13.3008844924111,212.982471500697));
#2073=CARTESIAN_POINT('Ctrl Pts',(262.514496879415,12.9917913010399,212.659725218028));
#2074=CARTESIAN_POINT('Ctrl Pts',(262.476567146836,12.8925118463478,212.547270992542));
#2075=CARTESIAN_POINT('Ctrl Pts',(262.379034803857,12.6973378881507,212.338633271536));
#2076=CARTESIAN_POINT('Ctrl Pts',(262.264466853791,12.4944849731669,212.140159587401));
#2077=CARTESIAN_POINT('Ctrl Pts',(262.205443086541,12.3877926106357,212.039882224734));
#2078=CARTESIAN_POINT('Ctrl Pts',(262.133059074388,12.2057730238137,211.901045944088));
#2079=CARTESIAN_POINT('Ctrl Pts',(262.074616194117,12.0005887044079,211.776900044625));
#2080=CARTESIAN_POINT('Ctrl Pts',(262.056123556883,11.9301698372301,211.736947205455));
#2081=CARTESIAN_POINT('Ctrl Pts',(262.01888055669,11.78754251474,211.658269390363));
#2082=CARTESIAN_POINT('Ctrl Pts',(261.98042641916,11.642859414283,211.580983616586));
#2083=CARTESIAN_POINT('Ctrl Pts',(261.960677713276,11.5704246621786,211.542384399248));
#2084=CARTESIAN_POINT('Ctrl Pts',(261.920682688968,11.4251352159106,211.465818821185));
#2085=CARTESIAN_POINT('Ctrl Pts',(261.880451699609,11.2775061252552,211.39347780952));
#2086=CARTESIAN_POINT('Ctrl Pts',(261.860492940127,11.2027201367771,211.35911309818));
#2087=CARTESIAN_POINT('Ctrl Pts',(261.831111589875,11.0882790086254,211.311487814));
#2088=CARTESIAN_POINT('Ctrl Pts',(261.802867295564,10.9702591431954,211.269243512107));
#2089=CARTESIAN_POINT('Ctrl Pts',(261.793596680737,10.9305079189065,211.255740552478));
#2090=CARTESIAN_POINT('Ctrl Pts',(261.775379503317,10.8501893187489,211.229776153136));
#2091=CARTESIAN_POINT('Ctrl Pts',(261.757884242197,10.7682961061106,211.205670593443));
#2092=CARTESIAN_POINT('Ctrl Pts',(261.749335299169,10.7269704104671,211.194025830664));
#2093=CARTESIAN_POINT('Ctrl Pts',(261.732669508473,10.6436153218864,211.171445239159));
#2094=CARTESIAN_POINT('Ctrl Pts',(261.716898598234,10.5590180787547,211.150146029744));
#2095=CARTESIAN_POINT('Ctrl Pts',(261.709244808597,10.516449809839,211.139781979579));
#2096=CARTESIAN_POINT('Ctrl Pts',(261.694395743203,10.430885444491,211.119592142764));
#2097=CARTESIAN_POINT('Ctrl Pts',(261.680418032165,10.3446931672266,211.10047322982));
#2098=CARTESIAN_POINT('Ctrl Pts',(261.673635776342,10.3014968886404,211.091179761723));
#2099=CARTESIAN_POINT('Ctrl Pts',(261.660445832741,10.2150158949304,211.073150331524));
#2100=CARTESIAN_POINT('Ctrl Pts',(261.647921536136,10.1285091284009,211.056288365423));
#2101=CARTESIAN_POINT('Ctrl Pts',(261.64180488084,10.0852876898335,211.048162505902));
#2102=CARTESIAN_POINT('Ctrl Pts',(261.629817802424,9.99894723727,211.032544938893));
#2103=CARTESIAN_POINT('Ctrl Pts',(261.618246544086,9.91282289772644,211.018198771347));
#2104=CARTESIAN_POINT('Ctrl Pts',(261.61254568046,9.86981814930381,211.011344840316));
#2105=CARTESIAN_POINT('Ctrl Pts',(261.5956490262,9.74094039449629,210.991710981347));
#2106=CARTESIAN_POINT('Ctrl Pts',(261.579288437477,9.61242259511956,210.974747101037));
#2107=CARTESIAN_POINT('Ctrl Pts',(261.568543750989,9.52683073971979,210.964505127109));
#2108=CARTESIAN_POINT('Ctrl Pts',(261.547485932257,9.35624211099505,210.946087923757));
#2109=CARTESIAN_POINT('Ctrl Pts',(261.528252607314,9.18843857771358,210.931539178553));
#2110=CARTESIAN_POINT('Ctrl Pts',(261.5193129474,9.10562758832649,210.925186098562));
#2111=CARTESIAN_POINT('Ctrl Pts',(261.503713101339,8.94274618227704,210.913523924779));
#2112=CARTESIAN_POINT('Ctrl Pts',(261.493110096229,8.78504432225474,210.903070487779));
#2113=CARTESIAN_POINT('Ctrl Pts',(261.489194542265,8.7074258809658,210.897903507304));
#2114=CARTESIAN_POINT('Ctrl Pts',(261.483120566894,8.55428431617285,210.888664554129));
#2115=CARTESIAN_POINT('Ctrl Pts',(261.476397084769,8.40546340304039,210.887049056108));
#2116=CARTESIAN_POINT('Ctrl Pts',(261.47185197847,8.33214934241731,210.889467960424));
#2117=CARTESIAN_POINT('Ctrl Pts',(261.458030562905,8.18793930421984,210.904024077392));
#2118=CARTESIAN_POINT('Ctrl Pts',(261.434362379937,8.04782806718195,210.938417510386));
#2119=CARTESIAN_POINT('Ctrl Pts',(261.419913700783,7.97862953650206,210.960755191569));
#2120=CARTESIAN_POINT('Ctrl Pts',(261.395539671869,7.87542435223775,211.000190319483));
#2121=CARTESIAN_POINT('Ctrl Pts',(261.368683935966,7.7720694228456,211.046208279004));
#2122=CARTESIAN_POINT('Ctrl Pts',(261.3595434567,7.73754404443549,211.062150840288));
#2123=CARTESIAN_POINT('Ctrl Pts',(261.34104026046,7.66823529258451,211.095013725028));
#2124=CARTESIAN_POINT('Ctrl Pts',(261.322311555955,7.59823810931022,211.12950577191));
#2125=CARTESIAN_POINT('Ctrl Pts',(261.312946238858,7.56302420960002,211.147076562734));
#2126=CARTESIAN_POINT('Ctrl Pts',(261.294281188955,7.49210376728914,211.182765185275));
#2127=CARTESIAN_POINT('Ctrl Pts',(261.275827546852,7.42015359495261,211.219427478096));
#2128=CARTESIAN_POINT('Ctrl Pts',(261.266673763571,7.38390977308019,211.237971752846));
#2129=CARTESIAN_POINT('Ctrl Pts',(261.248527961533,7.31090275413386,211.275464664174));
#2130=CARTESIAN_POINT('Ctrl Pts',(261.23073289103,7.23698376014452,211.313739756995));
#2131=CARTESIAN_POINT('Ctrl Pts',(261.221929592964,7.19982752229905,211.333066492394));
#2132=CARTESIAN_POINT('Ctrl Pts',(261.195819958683,7.08793224897288,211.391607169245));
#2133=CARTESIAN_POINT('Ctrl Pts',(261.17068685058,6.97535761395161,211.451791814545));
#2134=CARTESIAN_POINT('Ctrl Pts',(261.154430931329,6.90054099621157,211.492615187154));
#2135=CARTESIAN_POINT('Ctrl Pts',(261.123121075489,6.75276976125485,211.57554782486));
#2136=CARTESIAN_POINT('Ctrl Pts',(261.094235520178,6.60899898050832,211.660974067499));
#2137=CARTESIAN_POINT('Ctrl Pts',(261.080410363711,6.53821978365015,211.704289158476));
#2138=CARTESIAN_POINT('Ctrl Pts',(261.05379942285,6.39773722567873,211.792175905662));
#2139=CARTESIAN_POINT('Ctrl Pts',(261.029265230699,6.25821394133731,211.882756184489));
#2140=CARTESIAN_POINT('Ctrl Pts',(261.017511557475,6.1883766069253,211.928763736488));
#2141=CARTESIAN_POINT('Ctrl Pts',(260.995289174821,6.04881586322162,212.022311887046));
#2142=CARTESIAN_POINT('Ctrl Pts',(260.975872427385,5.91021693159125,212.118722079955));
#2143=CARTESIAN_POINT('Ctrl Pts',(260.966928388365,5.84134055283601,212.16759701595));
#2144=CARTESIAN_POINT('Ctrl Pts',(260.950495313447,5.70467680215722,212.26638953741));
#2145=CARTESIAN_POINT('Ctrl Pts',(260.936769416783,5.5703240431818,212.366768093904));
#2146=CARTESIAN_POINT('Ctrl Pts',(260.930531601407,5.50376476309752,212.417227025195));
#2147=CARTESIAN_POINT('Ctrl Pts',(260.913605126522,5.30593937160981,212.569186867256));
#2148=CARTESIAN_POINT('Ctrl Pts',(260.901951645859,5.11395065760575,212.722913683927));
#2149=CARTESIAN_POINT('Ctrl Pts',(260.896400500785,4.98892229753503,212.82621867139));
#2150=CARTESIAN_POINT('Ctrl Pts',(260.885298012912,4.62487640409735,213.140567540027));
#2151=CARTESIAN_POINT('Ctrl Pts',(260.887627238954,4.28934071345028,213.471278380643));
#2152=CARTESIAN_POINT('Ctrl Pts',(260.887623891954,4.08850599216065,213.696190813345));
#2153=CARTESIAN_POINT('Ctrl Pts',(260.88098174117,3.89364570416977,213.928200064805));
#2154=CARTESIAN_POINT('Ctrl Pts',(260.870595572994,3.70206149462408,214.165327667711));
#2155=CARTESIAN_POINT('Ctrl Pts',(263.149759498879,14.2533201053404,213.887081756568));
#2156=CARTESIAN_POINT('Ctrl Pts',(263.084090038799,14.0558147612538,213.651534765398));
#2157=CARTESIAN_POINT('Ctrl Pts',(263.017555560748,13.8571095896078,213.419997166748));
#2158=CARTESIAN_POINT('Ctrl Pts',(262.942926435169,13.6566432382532,213.198362568817));
#2159=CARTESIAN_POINT('Ctrl Pts',(262.847877457976,13.3570759135392,212.855872067735));
#2160=CARTESIAN_POINT('Ctrl Pts',(262.725634302959,13.0511491089405,212.521282431923));
#2161=CARTESIAN_POINT('Ctrl Pts',(262.682816796061,12.9497177152704,212.409609292228));
#2162=CARTESIAN_POINT('Ctrl Pts',(262.584246836095,12.7476698484544,212.193874916977));
#2163=CARTESIAN_POINT('Ctrl Pts',(262.463907537563,12.5435369556312,211.981263127683));
#2164=CARTESIAN_POINT('Ctrl Pts',(262.397770424271,12.4419780407525,211.871797303288));
#2165=CARTESIAN_POINT('Ctrl Pts',(262.306788968806,12.2764038045929,211.713180168404));
#2166=CARTESIAN_POINT('Ctrl Pts',(262.235114986289,12.0817816449519,211.572322013029));
#2167=CARTESIAN_POINT('Ctrl Pts',(262.213666248277,12.0133145925592,211.527743433529));
#2168=CARTESIAN_POINT('Ctrl Pts',(262.175132378476,11.8698032115257,211.443060968516));
#2169=CARTESIAN_POINT('Ctrl Pts',(262.14197271219,11.7170953907261,211.364631633496));
#2170=CARTESIAN_POINT('Ctrl Pts',(262.12590886996,11.6394265681491,211.326311930796));
#2171=CARTESIAN_POINT('Ctrl Pts',(262.092130955475,11.4842220501052,211.249710042231));
#2172=CARTESIAN_POINT('Ctrl Pts',(262.054052314394,11.3295372370404,211.175021597994));
#2173=CARTESIAN_POINT('Ctrl Pts',(262.033618704732,11.2524519516156,211.138552336783));
#2174=CARTESIAN_POINT('Ctrl Pts',(262.00212544215,11.1358734275879,211.087268832761));
#2175=CARTESIAN_POINT('Ctrl Pts',(261.971359831838,11.0164701026537,211.041758446374));
#2176=CARTESIAN_POINT('Ctrl Pts',(261.961292643994,10.9762763171288,211.027270569577));
#2177=CARTESIAN_POINT('Ctrl Pts',(261.941723832105,10.8949750227061,210.999617664993));
#2178=CARTESIAN_POINT('Ctrl Pts',(261.923465726426,10.8117471763314,210.974323147743));
#2179=CARTESIAN_POINT('Ctrl Pts',(261.91471099619,10.7696260210758,210.962195509449));
#2180=CARTESIAN_POINT('Ctrl Pts',(261.897944938356,10.6843994431234,210.938742741197));
#2181=CARTESIAN_POINT('Ctrl Pts',(261.882548074362,10.597420297246,210.916529181304));
#2182=CARTESIAN_POINT('Ctrl Pts',(261.875162839905,10.5535455888522,210.905639399815));
#2183=CARTESIAN_POINT('Ctrl Pts',(261.860917675995,10.4652091351185,210.884184393));
#2184=CARTESIAN_POINT('Ctrl Pts',(261.847552499175,10.3760949984078,210.863438271187));
#2185=CARTESIAN_POINT('Ctrl Pts',(261.841046441912,10.3314421789479,210.853254471228));
#2186=CARTESIAN_POINT('Ctrl Pts',(261.828315718679,10.2421522694673,210.833419598274));
#2187=CARTESIAN_POINT('Ctrl Pts',(261.816043169677,10.153138351708,210.814950960966));
#2188=CARTESIAN_POINT('Ctrl Pts',(261.809995026319,10.1087630273803,210.80613411925));
#2189=CARTESIAN_POINT('Ctrl Pts',(261.798037460839,10.0203039625052,210.789461458508));
#2190=CARTESIAN_POINT('Ctrl Pts',(261.786291992529,9.93228911222189,210.774748445043));
#2191=CARTESIAN_POINT('Ctrl Pts',(261.780456172009,9.88835992892918,210.767893739997));
#2192=CARTESIAN_POINT('Ctrl Pts',(261.763017993585,9.75657534122506,210.74871930347));
#2193=CARTESIAN_POINT('Ctrl Pts',(261.7457089173,9.62428760054665,210.733298064006));
#2194=CARTESIAN_POINT('Ctrl Pts',(261.73415560324,9.53532911178855,210.724244266242));
#2195=CARTESIAN_POINT('Ctrl Pts',(261.71108442352,9.35654662905148,210.708468461381));
#2196=CARTESIAN_POINT('Ctrl Pts',(261.689135624637,9.17919502818103,210.697850302373));
#2197=CARTESIAN_POINT('Ctrl Pts',(261.678672050808,9.09165917560624,210.693977404181));
#2198=CARTESIAN_POINT('Ctrl Pts',(261.660008586016,8.9196921089684,210.687947819277));
#2199=CARTESIAN_POINT('Ctrl Pts',(261.647400256791,8.75275917593123,210.682275988088));
#2200=CARTESIAN_POINT('Ctrl Pts',(261.643026960233,8.67029019893527,210.678742755793));
#2201=CARTESIAN_POINT('Ctrl Pts',(261.637374938045,8.50660067948464,210.670648089824));
#2202=CARTESIAN_POINT('Ctrl Pts',(261.631876311401,8.34613710674975,210.66865538379));
#2203=CARTESIAN_POINT('Ctrl Pts',(261.627703441101,8.26685930731891,210.671139407037));
#2204=CARTESIAN_POINT('Ctrl Pts',(261.612821380163,8.11098866253955,210.688369060327));
#2205=CARTESIAN_POINT('Ctrl Pts',(261.585518828188,7.95995702847028,210.729224220977));
#2206=CARTESIAN_POINT('Ctrl Pts',(261.568830912624,7.88554642145577,210.75547145871));
#2207=CARTESIAN_POINT('Ctrl Pts',(261.541807857808,7.77477669105691,210.799932499789));
#2208=CARTESIAN_POINT('Ctrl Pts',(261.513825530938,7.66437829303211,210.849173602094));
#2209=CARTESIAN_POINT('Ctrl Pts',(261.504507958768,7.62756984252782,210.865954242017));
#2210=CARTESIAN_POINT('Ctrl Pts',(261.486035559717,7.55385173518915,210.900049217696));
#2211=CARTESIAN_POINT('Ctrl Pts',(261.468006462924,7.47982259700359,210.935043365587));
#2212=CARTESIAN_POINT('Ctrl Pts',(261.459133136661,7.44270291756271,210.952721886185));
#2213=CARTESIAN_POINT('Ctrl Pts',(261.441655172929,7.36822633327838,210.988456943837));
#2214=CARTESIAN_POINT('Ctrl Pts',(261.424661232772,7.29327716577807,211.025005355633));
#2215=CARTESIAN_POINT('Ctrl Pts',(261.416271475838,7.25568481417962,211.043497976015));
#2216=CARTESIAN_POINT('Ctrl Pts',(261.399668895279,7.1802935262563,211.080959714264));
#2217=CARTESIAN_POINT('Ctrl Pts',(261.383384181534,7.10459508861618,211.119401486796));
#2218=CARTESIAN_POINT('Ctrl Pts',(261.375311735632,7.06669537821242,211.138874893699));
#2219=CARTESIAN_POINT('Ctrl Pts',(261.351301950161,6.9529608820841,211.19804130427));
#2220=CARTESIAN_POINT('Ctrl Pts',(261.327965316631,6.83950316396802,211.259358933211));
#2221=CARTESIAN_POINT('Ctrl Pts',(261.312753889611,6.76433200595419,211.301111831618));
#2222=CARTESIAN_POINT('Ctrl Pts',(261.283258293232,6.61566808481887,211.386099646568));
#2223=CARTESIAN_POINT('Ctrl Pts',(261.255722957001,6.47035369432389,211.473900833482));
#2224=CARTESIAN_POINT('Ctrl Pts',(261.242479298521,6.39855476874948,211.518460122638));
#2225=CARTESIAN_POINT('Ctrl Pts',(261.216954870096,6.25594474813942,211.608960816066));
#2226=CARTESIAN_POINT('Ctrl Pts',(261.193524090396,6.11474461040976,211.702489241143));
#2227=CARTESIAN_POINT('Ctrl Pts',(261.182367547295,6.04433938583393,211.750073645324));
#2228=CARTESIAN_POINT('Ctrl Pts',(261.161472817697,5.90430069440929,211.847062392728));
#2229=CARTESIAN_POINT('Ctrl Pts',(261.143516664784,5.76636912587826,211.947400535481));
#2230=CARTESIAN_POINT('Ctrl Pts',(261.135304686521,5.69807442315543,211.998342661884));
#2231=CARTESIAN_POINT('Ctrl Pts',(261.120142920113,5.56278391913136,212.101273322424));
#2232=CARTESIAN_POINT('Ctrl Pts',(261.107319411253,5.42996298168155,212.205590227095));
#2233=CARTESIAN_POINT('Ctrl Pts',(261.101440206046,5.36413901011801,212.257914394489));
#2234=CARTESIAN_POINT('Ctrl Pts',(261.085610827385,5.16847693338486,212.415181920917));
#2235=CARTESIAN_POINT('Ctrl Pts',(261.075540163379,4.97856992897809,212.573494714143));
#2236=CARTESIAN_POINT('Ctrl Pts',(261.071644470885,4.85500813295699,212.679670725836));
#2237=CARTESIAN_POINT('Ctrl Pts',(261.066156404213,4.49188499219525,213.002495257235));
#2238=CARTESIAN_POINT('Ctrl Pts',(261.072092417158,4.15781199856126,213.342056736157));
#2239=CARTESIAN_POINT('Ctrl Pts',(261.073635804278,3.96593813920771,213.570093283259));
#2240=CARTESIAN_POINT('Ctrl Pts',(261.066539246185,3.77424916347223,213.808350817854));
#2241=CARTESIAN_POINT('Ctrl Pts',(261.055522159171,3.58476832907203,214.05130778335));
#2242=CARTESIAN_POINT('Ctrl Pts',(263.217854795487,14.2694667367681,213.852433200441));
#2243=CARTESIAN_POINT('Ctrl Pts',(263.152447958457,14.0724473577416,213.615400285003));
#2244=CARTESIAN_POINT('Ctrl Pts',(263.086286517573,13.8742802095725,213.382299955935));
#2245=CARTESIAN_POINT('Ctrl Pts',(263.015819588219,13.6753228751331,213.15674187948));
#2246=CARTESIAN_POINT('Ctrl Pts',(262.917392421426,13.3756526239091,212.814861874142));
#2247=CARTESIAN_POINT('Ctrl Pts',(262.79604602774,13.0705835934621,212.477067808093));
#2248=CARTESIAN_POINT('Ctrl Pts',(262.752540403446,12.9688911226701,212.364897727013));
#2249=CARTESIAN_POINT('Ctrl Pts',(262.654034272104,12.76435767564,212.146817961791));
#2250=CARTESIAN_POINT('Ctrl Pts',(262.533023853889,12.5585096947171,211.929732104709));
#2251=CARTESIAN_POINT('Ctrl Pts',(262.465529091354,12.4576729813764,211.817485597896));
#2252=CARTESIAN_POINT('Ctrl Pts',(262.368113239943,12.297837533744,211.651897120476));
#2253=CARTESIAN_POINT('Ctrl Pts',(262.290405045551,12.1083251928523,211.504592122939));
#2254=CARTESIAN_POINT('Ctrl Pts',(262.267351824958,12.0411106862641,211.458173390041));
#2255=CARTESIAN_POINT('Ctrl Pts',(262.227329843141,11.8983189360718,211.371109120976));
#2256=CARTESIAN_POINT('Ctrl Pts',(262.195479439565,11.7433360305984,211.292429615706));
#2257=CARTESIAN_POINT('Ctrl Pts',(262.180633716642,11.6639050848022,211.254421152751));
#2258=CARTESIAN_POINT('Ctrl Pts',(262.149201007329,11.5050559580605,211.178356226368));
#2259=CARTESIAN_POINT('Ctrl Pts',(262.112335485951,11.3474341641976,211.103223381314));
#2260=CARTESIAN_POINT('Ctrl Pts',(262.091945281518,11.2693309547307,211.066042659774));
#2261=CARTESIAN_POINT('Ctrl Pts',(262.059896583236,11.1518634677371,211.013195222844));
#2262=CARTESIAN_POINT('Ctrl Pts',(262.028353277302,11.0319839186994,210.966091542859));
#2263=CARTESIAN_POINT('Ctrl Pts',(262.018038127273,10.9916497804707,210.951104762085));
#2264=CARTESIAN_POINT('Ctrl Pts',(261.99806182748,10.910043013196,210.922573949681));
#2265=CARTESIAN_POINT('Ctrl Pts',(261.979616284491,10.826388101229,210.896636431146));
#2266=CARTESIAN_POINT('Ctrl Pts',(261.970834588723,10.784004480962,210.884246224902));
#2267=CARTESIAN_POINT('Ctrl Pts',(261.954129552166,10.6981421161537,210.860330552027));
#2268=CARTESIAN_POINT('Ctrl Pts',(261.938956642981,10.6103211815493,210.837668289827));
#2269=CARTESIAN_POINT('Ctrl Pts',(261.931707390373,10.5659778205862,210.826529900495));
#2270=CARTESIAN_POINT('Ctrl Pts',(261.917740032496,10.4766352011121,210.80448692255));
#2271=CARTESIAN_POINT('Ctrl Pts',(261.904616349522,10.3864418800345,210.782992346493));
#2272=CARTESIAN_POINT('Ctrl Pts',(261.898209454721,10.3412472397744,210.772398147329));
#2273=CARTESIAN_POINT('Ctrl Pts',(261.885625508296,10.2509082455521,210.751727417917));
#2274=CARTESIAN_POINT('Ctrl Pts',(261.873398899677,10.1609586762368,210.732505896323));
#2275=CARTESIAN_POINT('Ctrl Pts',(261.867349016821,10.1161552967581,210.723361902442));
#2276=CARTESIAN_POINT('Ctrl Pts',(261.855346826096,10.0269198421963,210.706179792638));
#2277=CARTESIAN_POINT('Ctrl Pts',(261.843486440278,9.93823315582287,210.691261445822));
#2278=CARTESIAN_POINT('Ctrl Pts',(261.837578723901,9.89398104970697,210.684384595461));
#2279=CARTESIAN_POINT('Ctrl Pts',(261.819888080319,9.76119192625931,210.665346833245));
#2280=CARTESIAN_POINT('Ctrl Pts',(261.802224791431,9.62761901247674,210.650537034099));
#2281=CARTESIAN_POINT('Ctrl Pts',(261.790397606087,9.53750099263274,210.641960356194));
#2282=CARTESIAN_POINT('Ctrl Pts',(261.766693441887,9.35591239390548,210.627223885297));
#2283=CARTESIAN_POINT('Ctrl Pts',(261.743918134617,9.17533234894398,210.618087205879));
#2284=CARTESIAN_POINT('Ctrl Pts',(261.732982771984,9.08621354121496,210.61513269087));
#2285=CARTESIAN_POINT('Ctrl Pts',(261.713299834092,8.91120865669102,210.611217091674));
#2286=CARTESIAN_POINT('Ctrl Pts',(261.699827162761,8.74120100949878,210.607546432927));
#2287=CARTESIAN_POINT('Ctrl Pts',(261.695138328115,8.65712018831361,210.604823056838));
#2288=CARTESIAN_POINT('Ctrl Pts',(261.68920773332,8.48995319408697,210.597741704706));
#2289=CARTESIAN_POINT('Ctrl Pts',(261.683614304597,8.32570513964566,210.596334751202));
#2290=CARTESIAN_POINT('Ctrl Pts',(261.679321403542,8.2445024245218,210.599182326365));
#2291=CARTESIAN_POINT('Ctrl Pts',(261.663662095917,8.0848860118614,210.61788997529));
#2292=CARTESIAN_POINT('Ctrl Pts',(261.634933132117,7.93036490935999,210.661182160417));
#2293=CARTESIAN_POINT('Ctrl Pts',(261.617467625348,7.85428815518787,210.688764501096));
#2294=CARTESIAN_POINT('Ctrl Pts',(261.589655644935,7.74109406170806,210.734748426638));
#2295=CARTESIAN_POINT('Ctrl Pts',(261.561531978464,7.62843915138827,210.784719205692));
#2296=CARTESIAN_POINT('Ctrl Pts',(261.552245457351,7.59089983748898,210.801648340511));
#2297=CARTESIAN_POINT('Ctrl Pts',(261.533976151124,7.51577262523152,210.835877335574));
#2298=CARTESIAN_POINT('Ctrl Pts',(261.516377715892,7.44046077891175,210.870762342683));
#2299=CARTESIAN_POINT('Ctrl Pts',(261.507763065965,7.40273661483678,210.88834613454));
#2300=CARTESIAN_POINT('Ctrl Pts',(261.490853506642,7.32713533551059,210.923862527446));
#2301=CARTESIAN_POINT('Ctrl Pts',(261.474478051337,7.25124094315797,210.960201771809));
#2302=CARTESIAN_POINT('Ctrl Pts',(261.466396776458,7.21322363559904,210.978609603385));
#2303=CARTESIAN_POINT('Ctrl Pts',(261.450392400554,7.13707812750399,211.015959504646));
#2304=CARTESIAN_POINT('Ctrl Pts',(261.434652285797,7.06080451599916,211.054412819045));
#2305=CARTESIAN_POINT('Ctrl Pts',(261.426834612141,7.02265896898391,211.073924971719));
#2306=CARTESIAN_POINT('Ctrl Pts',(261.403536290342,6.90829332688571,211.133294560347));
#2307=CARTESIAN_POINT('Ctrl Pts',(261.380761061927,6.7944510219583,211.195035876317));
#2308=CARTESIAN_POINT('Ctrl Pts',(261.36586673223,6.71906858858372,211.237129967301));
#2309=CARTESIAN_POINT('Ctrl Pts',(261.336922159196,6.56989342131577,211.32285768908));
#2310=CARTESIAN_POINT('Ctrl Pts',(261.309813083573,6.4238493298998,211.411490615019));
#2311=CARTESIAN_POINT('Ctrl Pts',(261.29676214558,6.35161541003929,211.456481111625));
#2312=CARTESIAN_POINT('Ctrl Pts',(261.271619527889,6.20814919787648,211.5478819727));
#2313=CARTESIAN_POINT('Ctrl Pts',(261.248609372065,6.06634002137501,211.642413408349));
#2314=CARTESIAN_POINT('Ctrl Pts',(261.237683851613,5.99574740510374,211.690531427723));
#2315=CARTESIAN_POINT('Ctrl Pts',(261.217289422943,5.85558245918606,211.788678823361));
#2316=CARTESIAN_POINT('Ctrl Pts',(261.199843526509,5.7179310798307,211.890331326172));
#2317=CARTESIAN_POINT('Ctrl Pts',(261.191872947014,5.64985660211655,211.941963689018));
#2318=CARTESIAN_POINT('Ctrl Pts',(261.177096606406,5.51506475550477,212.04627101423));
#2319=CARTESIAN_POINT('Ctrl Pts',(261.16449863922,5.38278615005929,212.151894461689));
#2320=CARTESIAN_POINT('Ctrl Pts',(261.158698992207,5.31722423962586,212.204837905706));
#2321=CARTESIAN_POINT('Ctrl Pts',(261.143149248497,5.12235655783527,212.363880758634));
#2322=CARTESIAN_POINT('Ctrl Pts',(261.133650146988,4.93325016266531,212.523776529641));
#2323=CARTESIAN_POINT('Ctrl Pts',(261.130444323652,4.81018766894373,212.630943371049));
#2324=CARTESIAN_POINT('Ctrl Pts',(261.12686937788,4.44758414122875,212.956911203165));
#2325=CARTESIAN_POINT('Ctrl Pts',(261.133503396534,4.11411446136992,213.300055833456));
#2326=CARTESIAN_POINT('Ctrl Pts',(261.135949406325,3.9255455563217,213.528387923356));
#2327=CARTESIAN_POINT('Ctrl Pts',(261.128642190364,3.7347975748635,213.768867734464));
#2328=CARTESIAN_POINT('Ctrl Pts',(261.117388206528,3.54591093068991,214.013843178641));
#2329=CARTESIAN_POINT('Ctrl Pts',(263.356101347255,14.3014036349235,213.78463124824));
#2330=CARTESIAN_POINT('Ctrl Pts',(263.291322439438,14.1053169555676,213.544655265825));
#2331=CARTESIAN_POINT('Ctrl Pts',(263.225989144288,13.9081596210093,213.308481080641));
#2332=CARTESIAN_POINT('Ctrl Pts',(263.159063235103,13.7104502259767,213.078480523228));
#2333=CARTESIAN_POINT('Ctrl Pts',(263.060290885761,13.4127185010419,212.733787184158));
#2334=CARTESIAN_POINT('Ctrl Pts',(262.938096751201,13.1091200528701,212.391051390539));
#2335=CARTESIAN_POINT('Ctrl Pts',(262.893303754581,13.0074030394319,212.277393756817));
#2336=CARTESIAN_POINT('Ctrl Pts',(262.794931682299,12.7986179974214,212.053963290306));
#2337=CARTESIAN_POINT('Ctrl Pts',(262.674930030835,12.5873428064415,211.828480175983));
#2338=CARTESIAN_POINT('Ctrl Pts',(262.607415005608,12.4853573333407,211.711915192453));
#2339=CARTESIAN_POINT('Ctrl Pts',(262.499537560943,12.3348639678465,211.533712828721));
#2340=CARTESIAN_POINT('Ctrl Pts',(262.407573925081,12.1579153521685,211.372202365402));
#2341=CARTESIAN_POINT('Ctrl Pts',(262.380003378937,12.0945461490238,211.321315383241));
#2342=CARTESIAN_POINT('Ctrl Pts',(262.333985039367,11.9562833525546,211.227748803438));
#2343=CARTESIAN_POINT('Ctrl Pts',(262.30229440657,11.7993015536487,211.147371002803));
#2344=CARTESIAN_POINT('Ctrl Pts',(262.28915756524,11.7171279709956,211.109757646069));
#2345=CARTESIAN_POINT('Ctrl Pts',(262.262406544228,11.5510512208867,211.035215525547));
#2346=CARTESIAN_POINT('Ctrl Pts',(262.229265452017,11.3861312340463,210.959778177525));
#2347=CARTESIAN_POINT('Ctrl Pts',(262.2095371755,11.3052844626172,210.921070347346));
#2348=CARTESIAN_POINT('Ctrl Pts',(262.176628700062,11.1854992667641,210.863973871943));
#2349=CARTESIAN_POINT('Ctrl Pts',(262.143634537416,11.0643998985949,210.812264017582));
#2350=CARTESIAN_POINT('Ctrl Pts',(262.132875175665,11.023705688654,210.795826409226));
#2351=CARTESIAN_POINT('Ctrl Pts',(262.11228677197,10.9413018553718,210.764786773466));
#2352=CARTESIAN_POINT('Ctrl Pts',(262.093847031704,10.8565556869143,210.73715550796));
#2353=CARTESIAN_POINT('Ctrl Pts',(262.085243126546,10.8135152847909,210.724135055576));
#2354=CARTESIAN_POINT('Ctrl Pts',(262.069134247046,10.7261298592171,210.699217278486));
#2355=CARTESIAN_POINT('Ctrl Pts',(262.054810769799,10.6364360559527,210.675723682754));
#2356=CARTESIAN_POINT('Ctrl Pts',(262.047991702204,10.5910862959332,210.664124562561));
#2357=CARTESIAN_POINT('Ctrl Pts',(262.034796311057,10.4996414628969,210.640942585419));
#2358=CARTESIAN_POINT('Ctrl Pts',(262.02218859729,10.4072619010814,210.617908065952));
#2359=CARTESIAN_POINT('Ctrl Pts',(262.015954528069,10.3609768851822,210.60644886431));
#2360=CARTESIAN_POINT('Ctrl Pts',(262.003550923422,10.2685107124686,210.583985345737));
#2361=CARTESIAN_POINT('Ctrl Pts',(261.991212519067,10.1765864400446,210.563080109976));
#2362=CARTESIAN_POINT('Ctrl Pts',(261.985043507476,10.1308457241563,210.553181352756));
#2363=CARTESIAN_POINT('Ctrl Pts',(261.972708276108,10.0398251965593,210.534761274752));
#2364=CARTESIAN_POINT('Ctrl Pts',(261.960374679893,9.94944810085659,210.519209022303));
#2365=CARTESIAN_POINT('Ctrl Pts',(261.954207932277,9.90435388777892,210.51218279995));
#2366=CARTESIAN_POINT('Ctrl Pts',(261.935702407391,9.7689542475777,210.49316634204));
#2367=CARTESIAN_POINT('Ctrl Pts',(261.917163574945,9.63234161185111,210.479621872677));
#2368=CARTESIAN_POINT('Ctrl Pts',(261.90477406362,9.53982945932121,210.472278142952));
#2369=CARTESIAN_POINT('Ctrl Pts',(261.879953992592,9.3528991094625,210.4604398231));
#2370=CARTESIAN_POINT('Ctrl Pts',(261.855962515138,9.16631179199757,210.454875480187));
#2371=CARTESIAN_POINT('Ctrl Pts',(261.844362283876,9.0741329615659,210.453818821765));
#2372=CARTESIAN_POINT('Ctrl Pts',(261.823196428587,8.89295034583494,210.453846503308));
#2373=CARTESIAN_POINT('Ctrl Pts',(261.808000774114,8.71653433084549,210.454189596593));
#2374=CARTESIAN_POINT('Ctrl Pts',(261.802406441355,8.62916647518872,210.453435736433));
#2375=CARTESIAN_POINT('Ctrl Pts',(261.794605949716,8.45521975228857,210.450188161563));
#2376=CARTESIAN_POINT('Ctrl Pts',(261.786874286909,8.28393058068598,210.452693906189));
#2377=CARTESIAN_POINT('Ctrl Pts',(261.781413334921,8.19917580693415,210.457581920953));
#2378=CARTESIAN_POINT('Ctrl Pts',(261.763100621831,8.03252967964712,210.48077385006));
#2379=CARTESIAN_POINT('Ctrl Pts',(261.731769804276,7.87123675961522,210.528513583151));
#2380=CARTESIAN_POINT('Ctrl Pts',(261.713171997317,7.79186829133115,210.558122193656));
#2381=CARTESIAN_POINT('Ctrl Pts',(261.684532886625,7.67386902414847,210.606022380725));
#2382=CARTESIAN_POINT('Ctrl Pts',(261.656887294988,7.55673930393846,210.656324676581));
#2383=CARTESIAN_POINT('Ctrl Pts',(261.647905971247,7.51775212102743,210.673192350567));
#2384=CARTESIAN_POINT('Ctrl Pts',(261.630486969588,7.43983829429675,210.707039455142));
#2385=CARTESIAN_POINT('Ctrl Pts',(261.614083793042,7.36199911323436,210.741229596333));
#2386=CARTESIAN_POINT('Ctrl Pts',(261.606119361082,7.32308634399754,210.758438896722));
#2387=CARTESIAN_POINT('Ctrl Pts',(261.590541258332,7.245275819004,210.793258452622));
#2388=CARTESIAN_POINT('Ctrl Pts',(261.575466852562,7.16752089361202,210.829119746884));
#2389=CARTESIAN_POINT('Ctrl Pts',(261.568004727581,7.12866383981881,210.847373079841));
#2390=CARTESIAN_POINT('Ctrl Pts',(261.553154618447,7.05101508070689,210.88459590542));
#2391=CARTESIAN_POINT('Ctrl Pts',(261.538394864484,6.97355910519579,210.923257332156));
#2392=CARTESIAN_POINT('Ctrl Pts',(261.531022287221,6.93489481315275,210.942950375174));
#2393=CARTESIAN_POINT('Ctrl Pts',(261.508942498953,6.81915084209843,211.003039466001));
#2394=CARTESIAN_POINT('Ctrl Pts',(261.487090659714,6.70433033464072,211.065903792003));
#2395=CARTESIAN_POINT('Ctrl Pts',(261.472734380144,6.62835398539329,211.108804626773));
#2396=CARTESIAN_POINT('Ctrl Pts',(261.44478017453,6.47782964834935,211.196196717576));
#2397=CARTESIAN_POINT('Ctrl Pts',(261.418552316155,6.33010109567825,211.286593155757));
#2398=CARTESIAN_POINT('Ctrl Pts',(261.405930876758,6.25692944085184,211.332487836401));
#2399=CARTESIAN_POINT('Ctrl Pts',(261.381669512172,6.11167881188773,211.425750777063));
#2400=CARTESIAN_POINT('Ctrl Pts',(261.359626207197,5.96864945437519,211.522295971568));
#2401=CARTESIAN_POINT('Ctrl Pts',(261.349215890932,5.8976861008008,211.571469617003));
#2402=CARTESIAN_POINT('Ctrl Pts',(261.329875256056,5.7572675530025,211.671875934387));
#2403=CARTESIAN_POINT('Ctrl Pts',(261.313369002636,5.62013249510827,211.776052014157));
#2404=CARTESIAN_POINT('Ctrl Pts',(261.305801454152,5.55246065569494,211.829007292995));
#2405=CARTESIAN_POINT('Ctrl Pts',(261.291589977566,5.41858824413297,211.935973806702));
#2406=CARTESIAN_POINT('Ctrl Pts',(261.279227253452,5.28735841472562,212.044179177607));
#2407=CARTESIAN_POINT('Ctrl Pts',(261.273498022015,5.22232584914947,212.098367915554));
#2408=CARTESIAN_POINT('Ctrl Pts',(261.258387356985,5.02916825560441,212.261060320997));
#2409=CARTESIAN_POINT('Ctrl Pts',(261.250276853294,4.84204021592005,212.424369825057));
#2410=CARTESIAN_POINT('Ctrl Pts',(261.248687403626,4.72025241485332,212.53360397947));
#2411=CARTESIAN_POINT('Ctrl Pts',(261.248834163757,4.35985299483631,212.866219334862));
#2412=CARTESIAN_POINT('Ctrl Pts',(261.25751940181,4.02871264115839,213.215083887689));
#2413=CARTESIAN_POINT('Ctrl Pts',(261.261027960872,3.8456992148634,213.445799020898));
#2414=CARTESIAN_POINT('Ctrl Pts',(261.253221389715,3.65654555592705,213.690998385584));
#2415=CARTESIAN_POINT('Ctrl Pts',(261.241475997245,3.46861838242086,213.94013853194));
#2416=CARTESIAN_POINT('Ctrl Pts',(263.498453818107,14.3324464315576,213.719901183794));
#2417=CARTESIAN_POINT('Ctrl Pts',(263.434501022975,14.1372040783968,213.477038990314));
#2418=CARTESIAN_POINT('Ctrl Pts',(263.370137648108,13.9409310710639,213.237895015317));
#2419=CARTESIAN_POINT('Ctrl Pts',(263.305999782451,13.7441312347939,213.003755719438));
#2420=CARTESIAN_POINT('Ctrl Pts',(263.207956961826,13.4481445773949,212.656324173661));
#2421=CARTESIAN_POINT('Ctrl Pts',(263.083151320146,13.1458474615434,212.308690867747));
#2422=CARTESIAN_POINT('Ctrl Pts',(263.037101126439,13.0446441751289,212.192689228946));
#2423=CARTESIAN_POINT('Ctrl Pts',(262.937819946595,12.8337858661346,211.961996028629));
#2424=CARTESIAN_POINT('Ctrl Pts',(262.821367668967,12.6155144767688,211.728314164241));
#2425=CARTESIAN_POINT('Ctrl Pts',(262.757973874613,12.508599458193,211.609416715536));
#2426=CARTESIAN_POINT('Ctrl Pts',(262.647971833888,12.3602013584141,211.424102621356));
#2427=CARTESIAN_POINT('Ctrl Pts',(262.542037855407,12.1962078969468,211.248658950549));
#2428=CARTESIAN_POINT('Ctrl Pts',(262.508643080404,12.1381275876108,211.192410650214));
#2429=CARTESIAN_POINT('Ctrl Pts',(262.451072749099,12.0101517615442,211.088356065642));
#2430=CARTESIAN_POINT('Ctrl Pts',(262.411837678576,11.8591553375207,211.000584311203));
#2431=CARTESIAN_POINT('Ctrl Pts',(262.396953941149,11.7779046750983,210.960762074807));
#2432=CARTESIAN_POINT('Ctrl Pts',(262.371605983531,11.6084935156517,210.885167943303));
#2433=CARTESIAN_POINT('Ctrl Pts',(262.343894670248,11.4352784081794,210.809857777297));
#2434=CARTESIAN_POINT('Ctrl Pts',(262.326375696269,11.3504448894837,210.770038838895));
#2435=CARTESIAN_POINT('Ctrl Pts',(262.294365084836,11.2266629508577,210.708151397905));
#2436=CARTESIAN_POINT('Ctrl Pts',(262.261516843274,11.1025025263515,210.650667773282));
#2437=CARTESIAN_POINT('Ctrl Pts',(262.250848689374,11.0608076524115,210.632367409987));
#2438=CARTESIAN_POINT('Ctrl Pts',(262.230782641744,10.9762519895171,210.598090448798));
#2439=CARTESIAN_POINT('Ctrl Pts',(262.213457800369,10.8890680265508,210.56824858109));
#2440=CARTESIAN_POINT('Ctrl Pts',(262.205544080559,10.8447363522591,210.554399775303));
#2441=CARTESIAN_POINT('Ctrl Pts',(262.190858810092,10.7547501769249,210.528166079073));
#2442=CARTESIAN_POINT('Ctrl Pts',(262.177800494252,10.6625492474985,210.503716860286));
#2443=CARTESIAN_POINT('Ctrl Pts',(262.171509032449,10.6160043149617,210.491646117239));
#2444=CARTESIAN_POINT('Ctrl Pts',(262.159104210975,10.5223074913471,210.46742352586));
#2445=CARTESIAN_POINT('Ctrl Pts',(262.146746966815,10.4279157037568,210.443130909965));
#2446=CARTESIAN_POINT('Ctrl Pts',(262.140500020166,10.3806759820281,210.43098089511));
#2447=CARTESIAN_POINT('Ctrl Pts',(262.127828865326,10.2863467879642,210.407071361841));
#2448=CARTESIAN_POINT('Ctrl Pts',(262.114828526005,10.192534794949,210.384726473532));
#2449=CARTESIAN_POINT('Ctrl Pts',(262.108252464926,10.1458145581923,210.374143706555));
#2450=CARTESIAN_POINT('Ctrl Pts',(262.095008370597,10.0527105021363,210.354509437424));
#2451=CARTESIAN_POINT('Ctrl Pts',(262.081678715968,9.95998110607675,210.338186184511));
#2452=CARTESIAN_POINT('Ctrl Pts',(262.075017838107,9.91363761046563,210.330919266077));
#2453=CARTESIAN_POINT('Ctrl Pts',(262.055107419309,9.77431571188329,210.311690451035));
#2454=CARTESIAN_POINT('Ctrl Pts',(262.035502531225,9.63345163081907,210.299497699979));
#2455=CARTESIAN_POINT('Ctrl Pts',(262.02265364789,9.53816158529932,210.293808483175));
#2456=CARTESIAN_POINT('Ctrl Pts',(261.997245939824,9.34596440355093,210.285954346403));
#2457=CARTESIAN_POINT('Ctrl Pts',(261.972960145808,9.15408995521954,210.284569206507));
#2458=CARTESIAN_POINT('Ctrl Pts',(261.96119933568,9.05912204761716,210.285341266651));
#2459=CARTESIAN_POINT('Ctrl Pts',(261.939438020976,8.87189685722377,210.288699754626));
#2460=CARTESIAN_POINT('Ctrl Pts',(261.922440472768,8.68895592733395,210.29307492261));
#2461=CARTESIAN_POINT('Ctrl Pts',(261.915474865711,8.59830279861533,210.294846488125));
#2462=CARTESIAN_POINT('Ctrl Pts',(261.903817523418,8.4179643835721,210.298109252926));
#2463=CARTESIAN_POINT('Ctrl Pts',(261.891212456288,8.24047203767812,210.308361329167));
#2464=CARTESIAN_POINT('Ctrl Pts',(261.883343867193,8.1526300005648,210.31704576567));
#2465=CARTESIAN_POINT('Ctrl Pts',(261.861229522451,7.97965849102117,210.346308958831));
#2466=CARTESIAN_POINT('Ctrl Pts',(261.828401831694,7.81186572679706,210.396826146609));
#2467=CARTESIAN_POINT('Ctrl Pts',(261.809703176293,7.72923224498099,210.426932089069));
#2468=CARTESIAN_POINT('Ctrl Pts',(261.781663533043,7.60646362657176,210.47464022042));
#2469=CARTESIAN_POINT('Ctrl Pts',(261.755424175698,7.48492719092287,210.523906196379));
#2470=CARTESIAN_POINT('Ctrl Pts',(261.746981558945,7.44452126601101,210.540368650754));
#2471=CARTESIAN_POINT('Ctrl Pts',(261.73072591962,7.36388993434148,210.573374308128));
#2472=CARTESIAN_POINT('Ctrl Pts',(261.715552953355,7.28360278801907,210.606823505734));
#2473=CARTESIAN_POINT('Ctrl Pts',(261.708194154722,7.24354081771709,210.623727997227));
#2474=CARTESIAN_POINT('Ctrl Pts',(261.693761651895,7.16359056183011,210.658135854388));
#2475=CARTESIAN_POINT('Ctrl Pts',(261.679659634428,7.08401027088057,210.694017048978));
#2476=CARTESIAN_POINT('Ctrl Pts',(261.67262945289,7.04431851789422,210.712398127423));
#2477=CARTESIAN_POINT('Ctrl Pts',(261.658539213964,6.96514419583178,210.750081535847));
#2478=CARTESIAN_POINT('Ctrl Pts',(261.644364768818,6.88641324991102,210.789521329651));
#2479=CARTESIAN_POINT('Ctrl Pts',(261.637249507832,6.84716490638898,210.809659931247));
#2480=CARTESIAN_POINT('Ctrl Pts',(261.615873475276,6.72979322560935,210.871175097194));
#2481=CARTESIAN_POINT('Ctrl Pts',(261.594604771706,6.61361994193223,210.935605920028));
#2482=CARTESIAN_POINT('Ctrl Pts',(261.580662718633,6.53677514633728,210.979493236673));
#2483=CARTESIAN_POINT('Ctrl Pts',(261.55362506483,6.38444553836503,211.068885036166));
#2484=CARTESIAN_POINT('Ctrl Pts',(261.528430905777,6.23480289525374,211.161331174304));
#2485=CARTESIAN_POINT('Ctrl Pts',(261.516340457241,6.1606492781041,211.208267299888));
#2486=CARTESIAN_POINT('Ctrl Pts',(261.493131871192,6.01356636634762,211.303544560814));
#2487=CARTESIAN_POINT('Ctrl Pts',(261.472112145125,5.86924026419466,211.401984733627));
#2488=CARTESIAN_POINT('Ctrl Pts',(261.462203828652,5.79783327559519,211.452077498605));
#2489=CARTESIAN_POINT('Ctrl Pts',(261.443801442087,5.65694880504715,211.554373785274));
#2490=CARTESIAN_POINT('Ctrl Pts',(261.427970614461,5.52005217686808,211.66067438917));
#2491=CARTESIAN_POINT('Ctrl Pts',(261.420645282276,5.45264499750435,211.714787003782));
#2492=CARTESIAN_POINT('Ctrl Pts',(261.406690157941,5.31949671395663,211.824241838244));
#2493=CARTESIAN_POINT('Ctrl Pts',(261.394393341003,5.18933802228799,211.93517762599));
#2494=CARTESIAN_POINT('Ctrl Pts',(261.388714731924,5.12491696010357,211.990768485205));
#2495=CARTESIAN_POINT('Ctrl Pts',(261.374234630927,4.93391112018005,212.157732750698));
#2496=CARTESIAN_POINT('Ctrl Pts',(261.368110271406,4.74956243545664,212.325204363548));
#2497=CARTESIAN_POINT('Ctrl Pts',(261.368234618824,4.62944140972865,212.436771598975));
#2498=CARTESIAN_POINT('Ctrl Pts',(261.371574561994,4.27318067326362,212.775860815504));
#2499=CARTESIAN_POINT('Ctrl Pts',(261.383215310113,3.94727368504892,213.127184552248));
#2500=CARTESIAN_POINT('Ctrl Pts',(261.386756549152,3.76727337351486,213.365462155567));
#2501=CARTESIAN_POINT('Ctrl Pts',(261.37833729616,3.57924966980201,213.615779395744));
#2502=CARTESIAN_POINT('Ctrl Pts',(261.366149389419,3.39189012590712,213.869222162659));
#2503=CARTESIAN_POINT('Ctrl Pts',(263.570654207039,14.3476989225692,213.688325189112));
#2504=CARTESIAN_POINT('Ctrl Pts',(263.507161867123,14.1528543553659,213.444034436645));
#2505=CARTESIAN_POINT('Ctrl Pts',(263.443314604241,13.9569949345874,213.203432426225));
#2506=CARTESIAN_POINT('Ctrl Pts',(263.380182876938,13.760574637566,212.967450410918));
#2507=CARTESIAN_POINT('Ctrl Pts',(263.282750459468,13.4652463946749,212.618530624505));
#2508=CARTESIAN_POINT('Ctrl Pts',(263.156582878528,13.1634963111658,212.268113013386));
#2509=CARTESIAN_POINT('Ctrl Pts',(263.109830169543,13.0625729434126,212.150779117983));
#2510=CARTESIAN_POINT('Ctrl Pts',(263.009552422986,12.8514495167374,211.915809570838));
#2511=CARTESIAN_POINT('Ctrl Pts',(262.895029825203,12.6298354747622,211.677890141474));
#2512=CARTESIAN_POINT('Ctrl Pts',(262.834485909542,12.5197988946631,211.558249352064));
#2513=CARTESIAN_POINT('Ctrl Pts',(262.726490296703,12.3697997824293,211.371540403539));
#2514=CARTESIAN_POINT('Ctrl Pts',(262.614788077478,12.211322512633,211.189905936702));
#2515=CARTESIAN_POINT('Ctrl Pts',(262.578459217828,12.1559584604957,211.130907524021));
#2516=CARTESIAN_POINT('Ctrl Pts',(262.513746875134,12.0345531521607,211.020412860387));
#2517=CARTESIAN_POINT('Ctrl Pts',(262.468105658064,11.8892758737951,210.926702362742));
#2518=CARTESIAN_POINT('Ctrl Pts',(262.451048460201,11.8098662755041,210.884649201479));
#2519=CARTESIAN_POINT('Ctrl Pts',(262.424888633237,11.6405989279576,210.807157640237));
#2520=CARTESIAN_POINT('Ctrl Pts',(262.400269504033,11.4633103181903,210.732003604646));
#2521=CARTESIAN_POINT('Ctrl Pts',(262.384422263149,11.3761501878251,210.691946157625));
#2522=CARTESIAN_POINT('Ctrl Pts',(262.353674310501,11.2497823357766,210.627940989272));
#2523=CARTESIAN_POINT('Ctrl Pts',(262.321642402388,11.1233372518999,210.567611872322));
#2524=CARTESIAN_POINT('Ctrl Pts',(262.311252061919,11.0808772477422,210.548365142845));
#2525=CARTESIAN_POINT('Ctrl Pts',(262.291869142553,10.9947047962291,210.512394717041));
#2526=CARTESIAN_POINT('Ctrl Pts',(262.275383600858,10.9058071611426,210.481281442725));
#2527=CARTESIAN_POINT('Ctrl Pts',(262.267906871563,10.8606109869699,210.466911290285));
#2528=CARTESIAN_POINT('Ctrl Pts',(262.254015640618,10.7689712181281,210.439788553289));
#2529=CARTESIAN_POINT('Ctrl Pts',(262.241519181061,10.6753392131618,210.414693244644));
#2530=CARTESIAN_POINT('Ctrl Pts',(262.235429609593,10.6281542972817,210.402341620174));
#2531=CARTESIAN_POINT('Ctrl Pts',(262.223271882054,10.5333283265633,210.37761169685));
#2532=CARTESIAN_POINT('Ctrl Pts',(262.210863091647,10.4380435720949,210.352863696939));
#2533=CARTESIAN_POINT('Ctrl Pts',(262.204519811999,10.3904005867505,210.340485009554));
#2534=CARTESIAN_POINT('Ctrl Pts',(262.19153256813,10.2952878040468,210.316097873834));
#2535=CARTESIAN_POINT('Ctrl Pts',(262.178019778673,10.2006275046853,210.293251952059));
#2536=CARTESIAN_POINT('Ctrl Pts',(262.171150926231,10.1534389603791,210.282416428369));
#2537=CARTESIAN_POINT('Ctrl Pts',(262.157281719927,10.0592703360534,210.262307388057));
#2538=CARTESIAN_POINT('Ctrl Pts',(262.14331168825,9.96522600360102,210.245657861057));
#2539=CARTESIAN_POINT('Ctrl Pts',(262.136342754797,9.91816295928972,210.238286526532));
#2540=CARTESIAN_POINT('Ctrl Pts',(262.115586953524,9.77655444800197,210.218987468059));
#2541=CARTESIAN_POINT('Ctrl Pts',(262.095434480659,9.63320917608454,210.207511385313));
#2542=CARTESIAN_POINT('Ctrl Pts',(262.082411453221,9.53636956457712,210.202720689947));
#2543=CARTESIAN_POINT('Ctrl Pts',(262.056894229353,9.34142111483859,210.196978438201));
#2544=CARTESIAN_POINT('Ctrl Pts',(262.032705115249,9.14702276247607,210.197670942754));
#2545=CARTESIAN_POINT('Ctrl Pts',(262.020979125676,9.05074060760582,210.199294497939));
#2546=CARTESIAN_POINT('Ctrl Pts',(261.999086251075,8.86061439911349,210.204170972875));
#2547=CARTESIAN_POINT('Ctrl Pts',(261.981138429352,8.67448691682576,210.210588201797));
#2548=CARTESIAN_POINT('Ctrl Pts',(261.973386013516,8.58222524329491,210.213735142737));
#2549=CARTESIAN_POINT('Ctrl Pts',(261.959459205329,8.39879799440213,210.220693540546));
#2550=CARTESIAN_POINT('Ctrl Pts',(261.944030642872,8.21835750834402,210.235352830638));
#2551=CARTESIAN_POINT('Ctrl Pts',(261.934809309996,8.12905433197365,210.246145878956));
#2552=CARTESIAN_POINT('Ctrl Pts',(261.910776774903,7.95304162554506,210.278462319504));
#2553=CARTESIAN_POINT('Ctrl Pts',(261.877630952618,7.78203325151662,210.329741549319));
#2554=CARTESIAN_POINT('Ctrl Pts',(261.859193139061,7.69776006826535,210.359643586563));
#2555=CARTESIAN_POINT('Ctrl Pts',(261.831804967588,7.57260079802346,210.406746538026));
#2556=CARTESIAN_POINT('Ctrl Pts',(261.806356593789,7.44887423999076,210.455369056299));
#2557=CARTESIAN_POINT('Ctrl Pts',(261.79817841341,7.40776614834462,210.471636734234));
#2558=CARTESIAN_POINT('Ctrl Pts',(261.782437021819,7.32579407927349,210.504320336891));
#2559=CARTESIAN_POINT('Ctrl Pts',(261.767726039578,7.244302921554,210.537620688951));
#2560=CARTESIAN_POINT('Ctrl Pts',(261.76057950642,7.20367550608805,210.55450347025));
#2561=CARTESIAN_POINT('Ctrl Pts',(261.746525579385,7.12266936451829,210.588985443656));
#2562=CARTESIAN_POINT('Ctrl Pts',(261.732708472141,7.0421784328727,210.625165243768));
#2563=CARTESIAN_POINT('Ctrl Pts',(261.725796793371,7.00206652989578,210.643749409356));
#2564=CARTESIAN_POINT('Ctrl Pts',(261.711904669384,6.92211520170863,210.681920062072));
#2565=CARTESIAN_POINT('Ctrl Pts',(261.697874555264,6.8427159514145,210.721951705571));
#2566=CARTESIAN_POINT('Ctrl Pts',(261.690823988857,6.80315617241272,210.742397980011));
#2567=CARTESIAN_POINT('Ctrl Pts',(261.669638766885,6.68490311460035,210.804833323043));
#2568=CARTESIAN_POINT('Ctrl Pts',(261.648588001981,6.56797016670454,210.870135016443));
#2569=CARTESIAN_POINT('Ctrl Pts',(261.634837868173,6.49063960679851,210.914542737983));
#2570=CARTESIAN_POINT('Ctrl Pts',(261.608275112903,6.337343156569,211.005003828749));
#2571=CARTESIAN_POINT('Ctrl Pts',(261.583658814039,6.18674357447335,211.098559113057));
#2572=CARTESIAN_POINT('Ctrl Pts',(261.571862628916,6.11211278897626,211.146060089785));
#2573=CARTESIAN_POINT('Ctrl Pts',(261.549208697853,5.96413066275997,211.242385717077));
#2574=CARTESIAN_POINT('Ctrl Pts',(261.528667681967,5.81912137619345,211.34171098594));
#2575=CARTESIAN_POINT('Ctrl Pts',(261.51897738637,5.74745391847097,211.392202226182));
#2576=CARTESIAN_POINT('Ctrl Pts',(261.500957666779,5.60622883123151,211.495290076279));
#2577=CARTESIAN_POINT('Ctrl Pts',(261.485364640442,5.46932842390949,211.602503971604));
#2578=CARTESIAN_POINT('Ctrl Pts',(261.478113713798,5.4019991634429,211.657138545803));
#2579=CARTESIAN_POINT('Ctrl Pts',(261.464222907118,5.26914530650538,211.76779306699));
#2580=CARTESIAN_POINT('Ctrl Pts',(261.451975273798,5.13954589494874,211.880179901899));
#2581=CARTESIAN_POINT('Ctrl Pts',(261.446355668791,5.07546807608014,211.936546150711));
#2582=CARTESIAN_POINT('Ctrl Pts',(261.432347804145,4.8856975077931,212.105907138712));
#2583=CARTESIAN_POINT('Ctrl Pts',(261.427404144121,4.7029607620078,212.275713354572));
#2584=CARTESIAN_POINT('Ctrl Pts',(261.428324454202,4.58374877676589,212.388542825797));
#2585=CARTESIAN_POINT('Ctrl Pts',(261.433117952613,4.23002150400647,212.730516104714));
#2586=CARTESIAN_POINT('Ctrl Pts',(261.445757976265,3.9073348446724,213.08323133914));
#2587=CARTESIAN_POINT('Ctrl Pts',(261.449722988383,3.72829987125442,213.326011520966));
#2588=CARTESIAN_POINT('Ctrl Pts',(261.440979441177,3.54075413119565,213.578946519292));
#2589=CARTESIAN_POINT('Ctrl Pts',(261.42860249519,3.35359760826904,213.834545124808));
#2590=CARTESIAN_POINT('Ctrl Pts',(263.717099899647,14.3775795190432,213.626768824239));
#2591=CARTESIAN_POINT('Ctrl Pts',(263.65463128264,14.1834744030643,213.379630302834));
#2592=CARTESIAN_POINT('Ctrl Pts',(263.591861826249,13.9883715323714,213.136130977732));
#2593=CARTESIAN_POINT('Ctrl Pts',(263.530513981177,13.7927916194284,212.896580420694));
#2594=CARTESIAN_POINT('Ctrl Pts',(263.434214269603,13.4981346581581,212.544387395533));
#2595=CARTESIAN_POINT('Ctrl Pts',(263.305740809154,13.1964364538599,212.187779899931));
#2596=CARTESIAN_POINT('Ctrl Pts',(263.257776859082,13.0956354253103,212.067566994025));
#2597=CARTESIAN_POINT('Ctrl Pts',(263.15484540744,12.8845103127011,211.823136202018));
#2598=CARTESIAN_POINT('Ctrl Pts',(263.043064928253,12.657902274926,211.575808764549));
#2599=CARTESIAN_POINT('Ctrl Pts',(262.98755185558,12.542690587943,211.454048354152));
#2600=CARTESIAN_POINT('Ctrl Pts',(262.888152846373,12.3860497987692,211.267773660311));
#2601=CARTESIAN_POINT('Ctrl Pts',(262.769695241295,12.2345407578443,211.076807247351));
#2602=CARTESIAN_POINT('Ctrl Pts',(262.728711908133,12.1835342749486,211.012984856781));
#2603=CARTESIAN_POINT('Ctrl Pts',(262.649261472996,12.0758135390479,210.88853032769));
#2604=CARTESIAN_POINT('Ctrl Pts',(262.584965616596,11.9477783635772,210.777307935167));
#2605=CARTESIAN_POINT('Ctrl Pts',(262.559359147633,11.8762617280212,210.726875657131));
#2606=CARTESIAN_POINT('Ctrl Pts',(262.52463185112,11.7145070151145,210.638981187902));
#2607=CARTESIAN_POINT('Ctrl Pts',(262.50365712157,11.5325356924455,210.562013169458));
#2608=CARTESIAN_POINT('Ctrl Pts',(262.49140613815,11.4411202936236,210.522097388473));
#2609=CARTESIAN_POINT('Ctrl Pts',(262.466341507758,11.3076520046515,210.457501129237));
#2610=CARTESIAN_POINT('Ctrl Pts',(262.440007928363,11.1732417199852,210.395642863714));
#2611=CARTESIAN_POINT('Ctrl Pts',(262.431452650187,11.1280817493176,210.375757817565));
#2612=CARTESIAN_POINT('Ctrl Pts',(262.415413294583,11.0365801156899,210.338241678805));
#2613=CARTESIAN_POINT('Ctrl Pts',(262.401502153503,10.9427014892711,210.305286483548));
#2614=CARTESIAN_POINT('Ctrl Pts',(262.395089307739,10.895153346124,210.289982375079));
#2615=CARTESIAN_POINT('Ctrl Pts',(262.382926411975,10.7991551478823,210.261087558292));
#2616=CARTESIAN_POINT('Ctrl Pts',(262.371417986921,10.7019370408681,210.234424759077));
#2617=CARTESIAN_POINT('Ctrl Pts',(262.365653729349,10.6531721808701,210.221348175403));
#2618=CARTESIAN_POINT('Ctrl Pts',(262.35382096052,10.5556039454702,210.195266422399));
#2619=CARTESIAN_POINT('Ctrl Pts',(262.341117184025,10.4582455561369,210.169334249047));
#2620=CARTESIAN_POINT('Ctrl Pts',(262.334479418183,10.409692811408,210.15639753679));
#2621=CARTESIAN_POINT('Ctrl Pts',(262.320639860265,10.3128664056777,210.130940980227));
#2622=CARTESIAN_POINT('Ctrl Pts',(262.30586803937,10.2164452921116,210.10714516793));
#2623=CARTESIAN_POINT('Ctrl Pts',(262.298297225553,10.1682992813508,210.09587017112));
#2624=CARTESIAN_POINT('Ctrl Pts',(262.282965368555,10.071961543378,210.075007506237));
#2625=CARTESIAN_POINT('Ctrl Pts',(262.267573825929,9.97521050148623,210.057982980282));
#2626=CARTESIAN_POINT('Ctrl Pts',(262.259944152631,9.92665070996244,210.050550506374));
#2627=CARTESIAN_POINT('Ctrl Pts',(262.237456455542,9.780219674245,210.031535455703));
#2628=CARTESIAN_POINT('Ctrl Pts',(262.216437213594,9.63145824848329,210.021750470665));
#2629=CARTESIAN_POINT('Ctrl Pts',(262.203333430675,9.53114083182721,210.018744248718));
#2630=CARTESIAN_POINT('Ctrl Pts',(262.178149055531,9.33010477402464,210.016838255457));
#2631=CARTESIAN_POINT('Ctrl Pts',(262.154508486715,9.13059370283335,210.021017029443));
#2632=CARTESIAN_POINT('Ctrl Pts',(262.142918806591,9.03183141140609,210.024046012127));
#2633=CARTESIAN_POINT('Ctrl Pts',(262.120702749591,8.83633246378213,210.031662883523));
#2634=CARTESIAN_POINT('Ctrl Pts',(262.100654275199,8.64424663728269,210.042216412754));
#2635=CARTESIAN_POINT('Ctrl Pts',(262.091254301881,8.54890012380201,210.04817141255));
#2636=CARTESIAN_POINT('Ctrl Pts',(262.07284789043,8.35942929456326,210.062409367314));
#2637=CARTESIAN_POINT('Ctrl Pts',(262.052161121376,8.17308940385101,210.085380154119));
#2638=CARTESIAN_POINT('Ctrl Pts',(262.040495185217,8.08085858158212,210.100046710775));
#2639=CARTESIAN_POINT('Ctrl Pts',(262.013126305806,7.8987936972626,210.13780873234));
#2640=CARTESIAN_POINT('Ctrl Pts',(261.979658810946,7.72144848763841,210.190210269955));
#2641=CARTESIAN_POINT('Ctrl Pts',(261.961825404036,7.63395418268201,210.21960884635));
#2642=CARTESIAN_POINT('Ctrl Pts',(261.935642351152,7.5041115291844,210.265682540647));
#2643=CARTESIAN_POINT('Ctrl Pts',(261.911331247336,7.37611200007559,210.31369170256));
#2644=CARTESIAN_POINT('Ctrl Pts',(261.903495125405,7.33363576003786,210.329848343563));
#2645=CARTESIAN_POINT('Ctrl Pts',(261.888347392931,7.24905227625078,210.362526369233));
#2646=CARTESIAN_POINT('Ctrl Pts',(261.874058653039,7.16520919347148,210.396242058111));
#2647=CARTESIAN_POINT('Ctrl Pts',(261.867082677079,7.12347316333041,210.413434862641));
#2648=CARTESIAN_POINT('Ctrl Pts',(261.853307561686,7.04038274732759,210.448709860148));
#2649=CARTESIAN_POINT('Ctrl Pts',(261.839677170284,6.95806064732787,210.485958755601));
#2650=CARTESIAN_POINT('Ctrl Pts',(261.832844222191,6.91709325484448,210.505128849249));
#2651=CARTESIAN_POINT('Ctrl Pts',(261.819097199891,6.83553951773824,210.544530289852));
#2652=CARTESIAN_POINT('Ctrl Pts',(261.805217794253,6.75472806008443,210.585835812638));
#2653=CARTESIAN_POINT('Ctrl Pts',(261.798251557448,6.71450300289897,210.606911054304));
#2654=CARTESIAN_POINT('Ctrl Pts',(261.77736652036,6.59435472414652,210.671169456594));
#2655=CARTESIAN_POINT('Ctrl Pts',(261.756800911432,6.47578033299264,210.738113606129));
#2656=CARTESIAN_POINT('Ctrl Pts',(261.743498269517,6.39742619266653,210.783548675089));
#2657=CARTESIAN_POINT('Ctrl Pts',(261.718064765657,6.24218947156523,210.876342630294));
#2658=CARTESIAN_POINT('Ctrl Pts',(261.694766710656,6.08977700677351,210.972515748958));
#2659=CARTESIAN_POINT('Ctrl Pts',(261.683606694379,6.01424955022796,211.021343543013));
#2660=CARTESIAN_POINT('Ctrl Pts',(261.662034979193,5.86451381357716,211.119971109063));
#2661=CARTESIAN_POINT('Ctrl Pts',(261.642260291254,5.71802368859487,211.220912053004));
#2662=CARTESIAN_POINT('Ctrl Pts',(261.632887521016,5.64573105032558,211.272031607729));
#2663=CARTESIAN_POINT('Ctrl Pts',(261.615438112986,5.50358477326808,211.376313543354));
#2664=CARTESIAN_POINT('Ctrl Pts',(261.600270489851,5.36648691634313,211.485048117604));
#2665=CARTESIAN_POINT('Ctrl Pts',(261.593194260888,5.29925823305813,211.540641392288));
#2666=CARTESIAN_POINT('Ctrl Pts',(261.579600915031,5.16700634990304,211.653725958362));
#2667=CARTESIAN_POINT('Ctrl Pts',(261.56779064991,5.03872903645315,211.76937342296));
#2668=CARTESIAN_POINT('Ctrl Pts',(261.562481762459,4.97547141531838,211.827532231414));
#2669=CARTESIAN_POINT('Ctrl Pts',(261.549938720057,4.78853557312789,212.002404956091));
#2670=CARTESIAN_POINT('Ctrl Pts',(261.547420139524,4.60912232381955,212.177369748973));
#2671=CARTESIAN_POINT('Ctrl Pts',(261.549387536433,4.49150468295741,212.292683310442));
#2672=CARTESIAN_POINT('Ctrl Pts',(261.555604514337,4.14250931454564,212.640554478224));
#2673=CARTESIAN_POINT('Ctrl Pts',(261.568653210865,3.82725384932702,212.998623856131));
#2674=CARTESIAN_POINT('Ctrl Pts',(261.575752833324,3.65047008246764,213.248867596554));
#2675=CARTESIAN_POINT('Ctrl Pts',(261.566329690334,3.46381101872755,213.507091006853));
#2676=CARTESIAN_POINT('Ctrl Pts',(261.553699796716,3.27695119773329,213.766940288129));
#2677=CARTESIAN_POINT('Ctrl Pts',(263.867565408451,14.4060407323577,213.56844205028));
#2678=CARTESIAN_POINT('Ctrl Pts',(263.806370518796,14.212547912296,213.318432050991));
#2679=CARTESIAN_POINT('Ctrl Pts',(263.744879874498,14.0180346149586,213.071985048397));
#2680=CARTESIAN_POINT('Ctrl Pts',(263.684759160225,13.8232482280916,212.829118294522));
#2681=CARTESIAN_POINT('Ctrl Pts',(263.589436167714,13.5284146980035,212.472471566657));
#2682=CARTESIAN_POINT('Ctrl Pts',(263.460019700644,13.224614435874,212.108665149553));
#2683=CARTESIAN_POINT('Ctrl Pts',(263.411524381557,13.1228596864566,211.9854612971));
#2684=CARTESIAN_POINT('Ctrl Pts',(263.306053181062,12.9115704851554,211.731343515782));
#2685=CARTESIAN_POINT('Ctrl Pts',(263.194416535245,12.6843169834191,211.473421971887));
#2686=CARTESIAN_POINT('Ctrl Pts',(263.141080583503,12.5677332233255,211.347619317757));
#2687=CARTESIAN_POINT('Ctrl Pts',(263.052861136523,12.4040668452078,211.162842931086));
#2688=CARTESIAN_POINT('Ctrl Pts',(262.938029660087,12.2505789609058,210.968703781873));
#2689=CARTESIAN_POINT('Ctrl Pts',(262.896492119351,12.2000920600509,210.902557692028));
#2690=CARTESIAN_POINT('Ctrl Pts',(262.80882978796,12.0995224752509,210.767724108942));
#2691=CARTESIAN_POINT('Ctrl Pts',(262.724396832151,11.989764386479,210.635980752303));
#2692=CARTESIAN_POINT('Ctrl Pts',(262.686157854151,11.930021315074,210.572923644901));
#2693=CARTESIAN_POINT('Ctrl Pts',(262.630166458211,11.7883654696639,210.462775135691));
#2694=CARTESIAN_POINT('Ctrl Pts',(262.599094433305,11.6161143745734,210.373469403528));
#2695=CARTESIAN_POINT('Ctrl Pts',(262.585721358732,11.5257786210826,210.331111268136));
#2696=CARTESIAN_POINT('Ctrl Pts',(262.564346806513,11.3879797094757,210.26698293795));
#2697=CARTESIAN_POINT('Ctrl Pts',(262.545308746988,11.2441081209694,210.207631263735));
#2698=CARTESIAN_POINT('Ctrl Pts',(262.539363232803,11.1954116950176,210.188597853704));
#2699=CARTESIAN_POINT('Ctrl Pts',(262.528479790015,11.0964861395741,210.152479726976));
#2700=CARTESIAN_POINT('Ctrl Pts',(262.51925466625,10.9950180663961,210.120151168957));
#2701=CARTESIAN_POINT('Ctrl Pts',(262.514976531145,10.9437706185053,210.104923879231));
#2702=CARTESIAN_POINT('Ctrl Pts',(262.506660027014,10.8407428404535,210.07578528246));
#2703=CARTESIAN_POINT('Ctrl Pts',(262.498084129857,10.7374507498704,210.04827157746));
#2704=CARTESIAN_POINT('Ctrl Pts',(262.493543597141,10.6859419331187,210.03466700818));
#2705=CARTESIAN_POINT('Ctrl Pts',(262.483631610164,10.583484390254,210.007473718594));
#2706=CARTESIAN_POINT('Ctrl Pts',(262.47176850612,10.4823047601035,209.980455189254));
#2707=CARTESIAN_POINT('Ctrl Pts',(262.465274190988,10.4320770630854,209.967017746549));
#2708=CARTESIAN_POINT('Ctrl Pts',(262.451196214013,10.3322398712981,209.940637113929));
#2709=CARTESIAN_POINT('Ctrl Pts',(262.4353437847,10.2331959927241,209.916098042082));
#2710=CARTESIAN_POINT('Ctrl Pts',(262.427072445291,10.1837633377153,209.904501743213));
#2711=CARTESIAN_POINT('Ctrl Pts',(262.410194468474,10.0847449125881,209.883146639279));
#2712=CARTESIAN_POINT('Ctrl Pts',(262.393286019444,9.9849225062045,209.866048021209));
#2713=CARTESIAN_POINT('Ctrl Pts',(262.384985365291,9.93468416318207,209.85871203795));
#2714=CARTESIAN_POINT('Ctrl Pts',(262.360937793599,9.78277646595424,209.840452934773));
#2715=CARTESIAN_POINT('Ctrl Pts',(262.339813886959,9.62759154625182,209.832659342487));
#2716=CARTESIAN_POINT('Ctrl Pts',(262.327384811249,9.52293163870908,209.831393922868));
#2717=CARTESIAN_POINT('Ctrl Pts',(262.303600083423,9.31475647683615,209.832287257333));
#2718=CARTESIAN_POINT('Ctrl Pts',(262.280675210591,9.11025561480125,209.838148078408));
#2719=CARTESIAN_POINT('Ctrl Pts',(262.269055628573,9.00933810506485,209.841764996065));
#2720=CARTESIAN_POINT('Ctrl Pts',(262.246103104097,8.80904202164698,209.851226091475));
#2721=CARTESIAN_POINT('Ctrl Pts',(262.223773337229,8.61130067487415,209.865777164247));
#2722=CARTESIAN_POINT('Ctrl Pts',(262.21280615652,8.51289931628491,209.87450794592));
#2723=CARTESIAN_POINT('Ctrl Pts',(262.190520668866,8.31731995414642,209.89551363246));
#2724=CARTESIAN_POINT('Ctrl Pts',(262.165660464322,8.12494547362322,209.925741238349));
#2725=CARTESIAN_POINT('Ctrl Pts',(262.152120159566,8.02975123115966,209.943684002046));
#2726=CARTESIAN_POINT('Ctrl Pts',(262.122224434923,7.84169028032807,209.986105021017));
#2727=CARTESIAN_POINT('Ctrl Pts',(262.088415870987,7.65825752260542,210.039907917056));
#2728=CARTESIAN_POINT('Ctrl Pts',(262.070922951944,7.56770031873351,210.069279618577));
#2729=CARTESIAN_POINT('Ctrl Pts',(262.045266860421,7.43341228809039,210.115413529606));
#2730=CARTESIAN_POINT('Ctrl Pts',(262.021132908609,7.3013460290982,210.164223336062));
#2731=CARTESIAN_POINT('Ctrl Pts',(262.013295638655,7.25756475276222,210.180762872232));
#2732=CARTESIAN_POINT('Ctrl Pts',(261.998027999562,7.17048066346313,210.214434332818));
#2733=CARTESIAN_POINT('Ctrl Pts',(261.983448099059,7.08435496574914,210.249497081199));
#2734=CARTESIAN_POINT('Ctrl Pts',(261.976299330815,7.0415320221732,210.267427066269));
#2735=CARTESIAN_POINT('Ctrl Pts',(261.962177517022,6.95636870483022,210.304218706715));
#2736=CARTESIAN_POINT('Ctrl Pts',(261.948265670122,6.87216149683155,210.342967784509));
#2737=CARTESIAN_POINT('Ctrl Pts',(261.941325833532,6.83029489888104,210.36285756692));
#2738=CARTESIAN_POINT('Ctrl Pts',(261.927446581783,6.74702365001918,210.403622214565));
#2739=CARTESIAN_POINT('Ctrl Pts',(261.913601359124,6.66464998788806,210.446157666768));
#2740=CARTESIAN_POINT('Ctrl Pts',(261.906694749579,6.62368097308492,210.467819059956));
#2741=CARTESIAN_POINT('Ctrl Pts',(261.886108492769,6.50141037269112,210.533790631106));
#2742=CARTESIAN_POINT('Ctrl Pts',(261.866190453606,6.38104402239897,210.602468831619));
#2743=CARTESIAN_POINT('Ctrl Pts',(261.85346680713,6.30164641498562,210.649218668992));
#2744=CARTESIAN_POINT('Ctrl Pts',(261.829460110983,6.14463227195482,210.745325380636));
#2745=CARTESIAN_POINT('Ctrl Pts',(261.807597193469,5.99078130597553,210.845336563888));
#2746=CARTESIAN_POINT('Ctrl Pts',(261.797017699383,5.91454797256887,210.896010584835));
#2747=CARTESIAN_POINT('Ctrl Pts',(261.77615292059,5.76331196286818,210.997513793667));
#2748=CARTESIAN_POINT('Ctrl Pts',(261.756678749062,5.61539896487353,211.099982438166));
#2749=CARTESIAN_POINT('Ctrl Pts',(261.747471752244,5.54247155760492,211.151576083589));
#2750=CARTESIAN_POINT('Ctrl Pts',(261.730622720525,5.3993917541027,211.256757353141));
#2751=CARTESIAN_POINT('Ctrl Pts',(261.716472593524,5.2621914287856,211.366939009911));
#2752=CARTESIAN_POINT('Ctrl Pts',(261.709988592931,5.19516573520625,211.423567144866));
#2753=CARTESIAN_POINT('Ctrl Pts',(261.697634816278,5.06382031169358,211.539460880512));
#2754=CARTESIAN_POINT('Ctrl Pts',(261.687105405274,4.9371292571799,211.658959038242));
#2755=CARTESIAN_POINT('Ctrl Pts',(261.682423419808,4.87475454546394,211.719197772009));
#2756=CARTESIAN_POINT('Ctrl Pts',(261.671739856961,4.69047727426335,211.900251228709));
#2757=CARTESIAN_POINT('Ctrl Pts',(261.670354325838,4.51328236309313,212.080540494421));
#2758=CARTESIAN_POINT('Ctrl Pts',(261.671712114775,4.39623382621818,212.198244485807));
#2759=CARTESIAN_POINT('Ctrl Pts',(261.6761411725,4.05103879554473,212.553227435146));
#2760=CARTESIAN_POINT('Ctrl Pts',(261.690427980003,3.74485768480986,212.920333648123));
#2761=CARTESIAN_POINT('Ctrl Pts',(261.701619669739,3.57256899792992,213.175818075036));
#2762=CARTESIAN_POINT('Ctrl Pts',(261.691808835707,3.38648283620695,213.439309567724));
#2763=CARTESIAN_POINT('Ctrl Pts',(261.67934329356,3.1997685801849,213.703112100346));
#2764=CARTESIAN_POINT('Ctrl Pts',(263.943787148923,14.4198741228283,213.540095228801));
#2765=CARTESIAN_POINT('Ctrl Pts',(263.883302367651,14.2266519925783,213.288632929292));
#2766=CARTESIAN_POINT('Ctrl Pts',(263.822524460101,14.0323850909675,213.040678468076));
#2767=CARTESIAN_POINT('Ctrl Pts',(263.762883817511,13.8379436276195,212.7962015044));
#2768=CARTESIAN_POINT('Ctrl Pts',(263.667989391508,13.5429075402193,212.436899661471));
#2769=CARTESIAN_POINT('Ctrl Pts',(263.538577872364,13.2374705625591,212.06930916882));
#2770=CARTESIAN_POINT('Ctrl Pts',(263.490075277048,13.1349048434202,211.944661648087));
#2771=CARTESIAN_POINT('Ctrl Pts',(263.383695967174,12.9232153627289,211.68602320748));
#2772=CARTESIAN_POINT('Ctrl Pts',(263.271344857628,12.6969912429452,211.422627521143));
#2773=CARTESIAN_POINT('Ctrl Pts',(263.217936914879,12.5811349973973,211.294086394687));
#2774=CARTESIAN_POINT('Ctrl Pts',(263.134407595028,12.4154225731302,211.109073177983));
#2775=CARTESIAN_POINT('Ctrl Pts',(263.024456377802,12.2582175307224,210.91514100077));
#2776=CARTESIAN_POINT('Ctrl Pts',(262.98419419301,12.2064847991696,210.848840639285));
#2777=CARTESIAN_POINT('Ctrl Pts',(262.896149178654,12.1057038569756,210.711329455488));
#2778=CARTESIAN_POINT('Ctrl Pts',(262.804249611724,12.0022947592766,210.570878047732));
#2779=CARTESIAN_POINT('Ctrl Pts',(262.760148200888,11.9478958370436,210.501562559393));
#2780=CARTESIAN_POINT('Ctrl Pts',(262.690115862069,11.8195059743429,210.377101824848));
#2781=CARTESIAN_POINT('Ctrl Pts',(262.647855023355,11.6581777194341,210.277123949992));
#2782=CARTESIAN_POINT('Ctrl Pts',(262.631544288525,11.5707865962815,210.232177677511));
#2783=CARTESIAN_POINT('Ctrl Pts',(262.609438692603,11.4332686612098,210.167095199928));
#2784=CARTESIAN_POINT('Ctrl Pts',(262.592878233846,11.2856204694759,210.109016031795));
#2785=CARTESIAN_POINT('Ctrl Pts',(262.588004482178,11.2353158692148,210.090543661194));
#2786=CARTESIAN_POINT('Ctrl Pts',(262.579565285215,11.1327038024604,210.055625044975));
#2787=CARTESIAN_POINT('Ctrl Pts',(262.573136120453,11.0269778887741,210.024352852835));
#2788=CARTESIAN_POINT('Ctrl Pts',(262.570281505912,10.9735507823267,210.009543094086));
#2789=CARTESIAN_POINT('Ctrl Pts',(262.564738746705,10.8662502573527,209.980922819097));
#2790=CARTESIAN_POINT('Ctrl Pts',(262.558572991141,10.7590826860894,209.953377168917));
#2791=CARTESIAN_POINT('Ctrl Pts',(262.555094178293,10.7057908384441,209.939638970724));
#2792=CARTESIAN_POINT('Ctrl Pts',(262.546967924428,10.6000821829527,209.912105852874));
#2793=CARTESIAN_POINT('Ctrl Pts',(262.536167013838,10.4962645371586,209.884709870877));
#2794=CARTESIAN_POINT('Ctrl Pts',(262.530010850373,10.4448665431802,209.871104603092));
#2795=CARTESIAN_POINT('Ctrl Pts',(262.516234354234,10.3429453284132,209.844413873212));
#2796=CARTESIAN_POINT('Ctrl Pts',(262.50006660192,10.2421873325663,209.819622623163));
#2797=CARTESIAN_POINT('Ctrl Pts',(262.491515367791,10.1919552096438,209.807915045012));
#2798=CARTESIAN_POINT('Ctrl Pts',(262.473954363782,10.0913549655982,209.786395678751));
#2799=CARTESIAN_POINT('Ctrl Pts',(262.456334695042,9.98984723155003,209.769317453713));
#2800=CARTESIAN_POINT('Ctrl Pts',(262.447726249691,9.93870533802245,209.762054545214));
#2801=CARTESIAN_POINT('Ctrl Pts',(262.423023358158,9.78386062870837,209.744237640085));
#2802=CARTESIAN_POINT('Ctrl Pts',(262.402094113299,9.62522089145713,209.737442010093));
#2803=CARTESIAN_POINT('Ctrl Pts',(262.390222495941,9.51817873498863,209.736990700679));
#2804=CARTESIAN_POINT('Ctrl Pts',(262.367412067839,9.30616524164823,209.738941604414));
#2805=CARTESIAN_POINT('Ctrl Pts',(262.344789898418,9.0992004287017,209.745094502145));
#2806=CARTESIAN_POINT('Ctrl Pts',(262.333042306356,8.99729500341059,209.748743103534));
#2807=CARTESIAN_POINT('Ctrl Pts',(262.309530571113,8.79471217505965,209.758820905792));
#2808=CARTESIAN_POINT('Ctrl Pts',(262.286050990119,8.59412862523148,209.775275506267));
#2809=CARTESIAN_POINT('Ctrl Pts',(262.274374678585,8.49415731732994,209.785349210872));
#2810=CARTESIAN_POINT('Ctrl Pts',(262.250436398182,8.29542774808447,209.809508442005));
#2811=CARTESIAN_POINT('Ctrl Pts',(262.223877385972,8.09995706937712,209.843027861576));
#2812=CARTESIAN_POINT('Ctrl Pts',(262.209576239553,8.00325861394653,209.862449333592));
#2813=CARTESIAN_POINT('Ctrl Pts',(262.178597098375,7.81220330706007,209.9070992756));
#2814=CARTESIAN_POINT('Ctrl Pts',(262.144449435197,7.62580370401211,209.961945471145));
#2815=CARTESIAN_POINT('Ctrl Pts',(262.126949773537,7.53376615812386,209.991595094393));
#2816=CARTESIAN_POINT('Ctrl Pts',(262.101259132075,7.39732713040447,210.038223946835));
#2817=CARTESIAN_POINT('Ctrl Pts',(262.076941568344,7.26327935623965,210.087822708426));
#2818=CARTESIAN_POINT('Ctrl Pts',(262.06902000442,7.21885988384099,210.104668299455));
#2819=CARTESIAN_POINT('Ctrl Pts',(262.053541863292,7.13054752027837,210.139030105808));
#2820=CARTESIAN_POINT('Ctrl Pts',(262.038700486659,7.04328837714054,210.174886294715));
#2821=CARTESIAN_POINT('Ctrl Pts',(262.031416262381,6.99992214718845,210.193225760131));
#2822=CARTESIAN_POINT('Ctrl Pts',(262.017039674988,6.91371495090917,210.230821469759));
#2823=CARTESIAN_POINT('Ctrl Pts',(262.002937924571,6.82854341806918,210.270303829284));
#2824=CARTESIAN_POINT('Ctrl Pts',(261.995927789791,6.78621303397037,210.290531770966));
#2825=CARTESIAN_POINT('Ctrl Pts',(261.981963634468,6.7020497479265,210.331916717027));
#2826=CARTESIAN_POINT('Ctrl Pts',(261.968142358469,6.61885792824033,210.374997187239));
#2827=CARTESIAN_POINT('Ctrl Pts',(261.961274391086,6.57749894730068,210.396921198325));
#2828=CARTESIAN_POINT('Ctrl Pts',(261.94087480975,6.45412100751835,210.4636972762));
#2829=CARTESIAN_POINT('Ctrl Pts',(261.921336934512,6.33284760454884,210.533337861658));
#2830=CARTESIAN_POINT('Ctrl Pts',(261.908935557289,6.25294665532946,210.580897556735));
#2831=CARTESIAN_POINT('Ctrl Pts',(261.885707117301,6.09513357918973,210.67906325885));
#2832=CARTESIAN_POINT('Ctrl Pts',(261.864554661841,5.94070481424259,210.781425009725));
#2833=CARTESIAN_POINT('Ctrl Pts',(261.854221764695,5.86418659497327,210.833193185127));
#2834=CARTESIAN_POINT('Ctrl Pts',(261.833549294243,5.71230522727835,210.936331182685));
#2835=CARTESIAN_POINT('Ctrl Pts',(261.814086611892,5.56375733380999,211.039590256555));
#2836=CARTESIAN_POINT('Ctrl Pts',(261.804939249447,5.49055105834354,211.091417752196));
#2837=CARTESIAN_POINT('Ctrl Pts',(261.788484091598,5.3470975045649,211.197069297263));
#2838=CARTESIAN_POINT('Ctrl Pts',(261.775147825154,5.20997358139556,211.308068713561));
#2839=CARTESIAN_POINT('Ctrl Pts',(261.7691515406,5.14312490727185,211.365288645926));
#2840=CARTESIAN_POINT('Ctrl Pts',(261.757810076054,5.01238434669653,211.482761086697));
#2841=CARTESIAN_POINT('Ctrl Pts',(261.748205004099,4.88654591390418,211.604323357343));
#2842=CARTESIAN_POINT('Ctrl Pts',(261.743920128629,4.82459693159965,211.665641145634));
#2843=CARTESIAN_POINT('Ctrl Pts',(261.734149672126,4.64142493333391,211.849801785954));
#2844=CARTESIAN_POINT('Ctrl Pts',(261.732636987449,4.46473566788076,212.032603772994));
#2845=CARTESIAN_POINT('Ctrl Pts',(261.733112300985,4.34755770334586,212.151459102678));
#2846=CARTESIAN_POINT('Ctrl Pts',(261.735716894109,4.00387070554279,212.51054119539));
#2847=CARTESIAN_POINT('Ctrl Pts',(261.751674562828,3.70256692727122,212.882880908818));
#2848=CARTESIAN_POINT('Ctrl Pts',(261.764420386517,3.53355184900994,213.140436685367));
#2849=CARTESIAN_POINT('Ctrl Pts',(261.75457909898,3.34761102469694,213.406542347548));
#2850=CARTESIAN_POINT('Ctrl Pts',(261.7423410336,3.16094328388668,213.67220940342));
#2851=CARTESIAN_POINT('Ctrl Pts',(264.098116465911,14.446662830849,213.485066033961));
#2852=CARTESIAN_POINT('Ctrl Pts',(264.039231140775,14.2539113579943,213.230649188982));
#2853=CARTESIAN_POINT('Ctrl Pts',(263.98022969342,14.060069147825,212.979552922189));
#2854=CARTESIAN_POINT('Ctrl Pts',(263.921121248578,13.8660563928049,212.732045104325));
#2855=CARTESIAN_POINT('Ctrl Pts',(263.827022158308,13.570548289032,212.366457778534));
#2856=CARTESIAN_POINT('Ctrl Pts',(263.69841323473,13.2616322880818,211.990887079459));
#2857=CARTESIAN_POINT('Ctrl Pts',(263.650309865628,13.1572915252261,211.863455044672));
#2858=CARTESIAN_POINT('Ctrl Pts',(263.543366349054,12.9445035222635,211.597340437562));
#2859=CARTESIAN_POINT('Ctrl Pts',(263.429970498147,12.7216080097604,211.324763676918));
#2860=CARTESIAN_POINT('Ctrl Pts',(263.375966517888,12.6084910035248,211.191272951181));
#2861=CARTESIAN_POINT('Ctrl Pts',(263.298372020718,12.4430090256329,211.002111634375));
#2862=CARTESIAN_POINT('Ctrl Pts',(263.199450206767,12.2775191052537,210.807796441721));
#2863=CARTESIAN_POINT('Ctrl Pts',(263.163128919945,12.2219411398906,210.741729675552));
#2864=CARTESIAN_POINT('Ctrl Pts',(263.080514376367,12.1142100907464,210.603231938655));
#2865=CARTESIAN_POINT('Ctrl Pts',(262.983164165747,12.0134412087279,210.45366424205));
#2866=CARTESIAN_POINT('Ctrl Pts',(262.93216360075,11.9646855176051,210.376478730882));
#2867=CARTESIAN_POINT('Ctrl Pts',(262.837922792697,11.8588540444438,210.228511635999));
#2868=CARTESIAN_POINT('Ctrl Pts',(262.766701059427,11.7257900676309,210.102526859394));
#2869=CARTESIAN_POINT('Ctrl Pts',(262.738727039906,11.6496983149749,210.047100609424));
#2870=CARTESIAN_POINT('Ctrl Pts',(262.706575179965,11.5204520006112,209.971608573154));
#2871=CARTESIAN_POINT('Ctrl Pts',(262.688569700105,11.3713734180425,209.909133249267));
#2872=CARTESIAN_POINT('Ctrl Pts',(262.684068408479,11.3196394166527,209.889771337598));
#2873=CARTESIAN_POINT('Ctrl Pts',(262.67775559479,11.2126577047063,209.853876997284));
#2874=CARTESIAN_POINT('Ctrl Pts',(262.675630016779,11.1001947734115,209.822733641307));
#2875=CARTESIAN_POINT('Ctrl Pts',(262.675322182876,11.0429749242473,209.808132992191));
#2876=CARTESIAN_POINT('Ctrl Pts',(262.675355942447,10.9275505131733,209.780126635766));
#2877=CARTESIAN_POINT('Ctrl Pts',(262.675067627484,10.8118231765579,209.753534087982));
#2878=CARTESIAN_POINT('Ctrl Pts',(262.674438318987,10.7543030559639,209.740343239248));
#2879=CARTESIAN_POINT('Ctrl Pts',(262.671479678739,10.640546736561,209.713970892257));
#2880=CARTESIAN_POINT('Ctrl Pts',(262.664341317076,10.5297572771653,209.687602662683));
#2881=CARTESIAN_POINT('Ctrl Pts',(262.659527755152,10.4752087822261,209.674413812035));
#2882=CARTESIAN_POINT('Ctrl Pts',(262.647390751587,10.3676677650542,209.648237612257));
#2883=CARTESIAN_POINT('Ctrl Pts',(262.631059270849,10.2624870384856,209.6233865142));
#2884=CARTESIAN_POINT('Ctrl Pts',(262.622043330913,10.2103027069116,209.611516709259));
#2885=CARTESIAN_POINT('Ctrl Pts',(262.603124742452,10.1061009420864,209.589574975076));
#2886=CARTESIAN_POINT('Ctrl Pts',(262.583944435623,10.001108821957,209.572234286958));
#2887=CARTESIAN_POINT('Ctrl Pts',(262.574669065564,9.94813286550023,209.564968977214));
#2888=CARTESIAN_POINT('Ctrl Pts',(262.548722317942,9.78717705004997,209.54776526827));
#2889=CARTESIAN_POINT('Ctrl Pts',(262.528870893357,9.62080214879434,209.543211983889));
#2890=CARTESIAN_POINT('Ctrl Pts',(262.518778375482,9.50808261562821,209.544754320256));
#2891=CARTESIAN_POINT('Ctrl Pts',(262.497994618596,9.2879818904602,209.548227063148));
#2892=CARTESIAN_POINT('Ctrl Pts',(262.474955059949,9.07666684694819,209.553590076695));
#2893=CARTESIAN_POINT('Ctrl Pts',(262.462455150034,8.97288473196005,209.556864719853));
#2894=CARTESIAN_POINT('Ctrl Pts',(262.437308086378,8.76525914143006,209.568064023458));
#2895=CARTESIAN_POINT('Ctrl Pts',(262.411682017832,8.55818659449757,209.588685222674));
#2896=CARTESIAN_POINT('Ctrl Pts',(262.398802718796,8.45476743410479,209.601541274816));
#2897=CARTESIAN_POINT('Ctrl Pts',(262.372155809464,8.24932010686783,209.631950684574));
#2898=CARTESIAN_POINT('Ctrl Pts',(262.342839379718,8.04755753122293,209.671827183921));
#2899=CARTESIAN_POINT('Ctrl Pts',(262.327274042932,7.94786397066521,209.694124365714));
#2900=CARTESIAN_POINT('Ctrl Pts',(262.294354883242,7.75092776165816,209.743383778331));
#2901=CARTESIAN_POINT('Ctrl Pts',(262.259254406461,7.55877898036762,209.801007621207));
#2902=CARTESIAN_POINT('Ctrl Pts',(262.241491846661,7.46386996503414,209.83168043302));
#2903=CARTESIAN_POINT('Ctrl Pts',(262.215358262948,7.32323876219188,209.879947455763));
#2904=CARTESIAN_POINT('Ctrl Pts',(262.190400990278,7.18530135891512,209.931552283711));
#2905=CARTESIAN_POINT('Ctrl Pts',(262.182237008407,7.13962577610862,209.949120323702));
#2906=CARTESIAN_POINT('Ctrl Pts',(262.166226321966,7.04888971612124,209.985016655865));
#2907=CARTESIAN_POINT('Ctrl Pts',(262.150811670574,6.959381757573,210.022503012042));
#2908=CARTESIAN_POINT('Ctrl Pts',(262.143244045564,6.9149344906858,210.041661027332));
#2909=CARTESIAN_POINT('Ctrl Pts',(262.128346927458,6.82664341078083,210.080842629452));
#2910=CARTESIAN_POINT('Ctrl Pts',(262.113870483162,6.73953230360023,210.121762002582));
#2911=CARTESIAN_POINT('Ctrl Pts',(262.106723155375,6.69626509562484,210.142658734767));
#2912=CARTESIAN_POINT('Ctrl Pts',(262.092597691444,6.61029195596873,210.185296481063));
#2913=CARTESIAN_POINT('Ctrl Pts',(262.078839561311,6.5254291336278,210.229552563498));
#2914=CARTESIAN_POINT('Ctrl Pts',(262.07205900347,6.48327199413153,210.252067599965));
#2915=CARTESIAN_POINT('Ctrl Pts',(262.052072512508,6.35762994057277,210.320730230638));
#2916=CARTESIAN_POINT('Ctrl Pts',(262.033344324945,6.23452907448385,210.392800076275));
#2917=CARTESIAN_POINT('Ctrl Pts',(262.0216100944,6.15364789025472,210.442408164745));
#2918=CARTESIAN_POINT('Ctrl Pts',(261.999842313091,5.99436457265521,210.54547520273));
#2919=CARTESIAN_POINT('Ctrl Pts',(261.979682454697,5.8390092648612,210.653043422778));
#2920=CARTESIAN_POINT('Ctrl Pts',(261.969520050497,5.76204355295761,210.70713891105));
#2921=CARTESIAN_POINT('Ctrl Pts',(261.948521689196,5.60913679742054,210.813705682007));
#2922=CARTESIAN_POINT('Ctrl Pts',(261.928790159715,5.45978067225798,210.918857583385));
#2923=CARTESIAN_POINT('Ctrl Pts',(261.919859570326,5.38633587111543,210.971449196459));
#2924=CARTESIAN_POINT('Ctrl Pts',(261.904808613827,5.24283767182831,211.078807107779));
#2925=CARTESIAN_POINT('Ctrl Pts',(261.894071477156,5.10644055924367,211.192208850334));
#2926=CARTESIAN_POINT('Ctrl Pts',(261.889512315788,5.04014639956077,211.250923789847));
#2927=CARTESIAN_POINT('Ctrl Pts',(261.880875051687,4.91076560704268,211.371929418073));
#2928=CARTESIAN_POINT('Ctrl Pts',(261.873182367642,4.78617610525476,211.497404784186));
#2929=CARTESIAN_POINT('Ctrl Pts',(261.869535321556,4.72467504537388,211.560602794866));
#2930=CARTESIAN_POINT('Ctrl Pts',(261.86061832216,4.54219520987795,211.74994049397));
#2931=CARTESIAN_POINT('Ctrl Pts',(261.857128763966,4.36486104295808,211.936853245358));
#2932=CARTESIAN_POINT('Ctrl Pts',(261.855172656378,4.24704074974522,212.058152277512));
#2933=CARTESIAN_POINT('Ctrl Pts',(261.854543748307,3.9069152327909,212.427202640949));
#2934=CARTESIAN_POINT('Ctrl Pts',(261.875776024779,3.61774816636446,212.810991578628));
#2935=CARTESIAN_POINT('Ctrl Pts',(261.889750352481,3.4548469585626,213.072661627174));
#2936=CARTESIAN_POINT('Ctrl Pts',(261.880377375762,3.26905354800529,213.343569751663));
#2937=CARTESIAN_POINT('Ctrl Pts',(261.86894229299,3.08256510921933,213.612541860261));
#2938=CARTESIAN_POINT('Ctrl Pts',(264.255872271787,14.4715248058184,213.43348363346));
#2939=CARTESIAN_POINT('Ctrl Pts',(264.198718654771,14.2790650767639,213.176067416564));
#2940=CARTESIAN_POINT('Ctrl Pts',(264.1418670061,14.0854645824835,212.921678493905));
#2941=CARTESIAN_POINT('Ctrl Pts',(264.083243405854,13.8914295607698,212.671282785462));
#2942=CARTESIAN_POINT('Ctrl Pts',(263.989992887818,13.5952785095971,212.298045074108));
#2943=CARTESIAN_POINT('Ctrl Pts',(263.863599735891,13.2834629185816,211.913915004642));
#2944=CARTESIAN_POINT('Ctrl Pts',(263.816561688814,13.1776044245809,211.783854843589));
#2945=CARTESIAN_POINT('Ctrl Pts',(263.711828217227,12.9632886542084,211.513411856754));
#2946=CARTESIAN_POINT('Ctrl Pts',(263.599749869421,12.7437566073446,211.236174962092));
#2947=CARTESIAN_POINT('Ctrl Pts',(263.545880652686,12.6334015107683,211.100173639093));
#2948=CARTESIAN_POINT('Ctrl Pts',(263.468337159083,12.4728746914119,210.901797847155));
#2949=CARTESIAN_POINT('Ctrl Pts',(263.376101560367,12.3031998367227,210.700378257765));
#2950=CARTESIAN_POINT('Ctrl Pts',(263.34301074123,12.2445923739,210.632688703991));
#2951=CARTESIAN_POINT('Ctrl Pts',(263.269013189184,12.1266795050155,210.493855350373));
#2952=CARTESIAN_POINT('Ctrl Pts',(263.178427291891,12.0159278749472,210.345244686316));
#2953=CARTESIAN_POINT('Ctrl Pts',(263.128924160881,11.964178996827,210.267922899492));
#2954=CARTESIAN_POINT('Ctrl Pts',(263.026521470259,11.8646567465782,210.111496858149));
#2955=CARTESIAN_POINT('Ctrl Pts',(262.928688053345,11.7569218719311,209.960340785116));
#2956=CARTESIAN_POINT('Ctrl Pts',(262.883745252091,11.6968335769103,209.887997264426));
#2957=CARTESIAN_POINT('Ctrl Pts',(262.830453757525,11.5865149639124,209.790515701366));
#2958=CARTESIAN_POINT('Ctrl Pts',(262.799363637534,11.4485744376094,209.712492944102));
#2959=CARTESIAN_POINT('Ctrl Pts',(262.791539837923,11.3995971133023,209.688778115189));
#2960=CARTESIAN_POINT('Ctrl Pts',(262.78058642329,11.2963130244961,209.645580191464));
#2961=CARTESIAN_POINT('Ctrl Pts',(262.777652883923,11.1838366019519,209.609788425344));
#2962=CARTESIAN_POINT('Ctrl Pts',(262.77784943153,11.1256718899742,209.593478201266));
#2963=CARTESIAN_POINT('Ctrl Pts',(262.780594641426,11.0063412775015,209.563413005648));
#2964=CARTESIAN_POINT('Ctrl Pts',(262.785704184762,10.8830727088215,209.53728661625));
#2965=CARTESIAN_POINT('Ctrl Pts',(262.788273475401,10.820966435213,209.524918519496));
#2966=CARTESIAN_POINT('Ctrl Pts',(262.79202916316,10.6970074351643,209.500898294438));
#2967=CARTESIAN_POINT('Ctrl Pts',(262.791129819212,10.5752055931871,209.477350234362));
#2968=CARTESIAN_POINT('Ctrl Pts',(262.789036259455,10.5152597982131,209.465451988591));
#2969=CARTESIAN_POINT('Ctrl Pts',(262.781271651629,10.3977661426767,209.441325043016));
#2970=CARTESIAN_POINT('Ctrl Pts',(262.767207796457,10.2848277829011,209.417352950636));
#2971=CARTESIAN_POINT('Ctrl Pts',(262.758801467146,10.2294488020818,209.405597957968));
#2972=CARTESIAN_POINT('Ctrl Pts',(262.74026344903,10.1200894346562,209.38335039688));
#2973=CARTESIAN_POINT('Ctrl Pts',(262.72039654697,10.011603567712,209.365090132301));
#2974=CARTESIAN_POINT('Ctrl Pts',(262.710662276559,9.95710200638278,209.357323580724));
#2975=CARTESIAN_POINT('Ctrl Pts',(262.683593919577,9.79135193873293,209.339004813969));
#2976=CARTESIAN_POINT('Ctrl Pts',(262.663759181847,9.61873132847838,209.334868373867));
#2977=CARTESIAN_POINT('Ctrl Pts',(262.654431671047,9.50047221706312,209.337693928399));
#2978=CARTESIAN_POINT('Ctrl Pts',(262.632994904084,9.2719737310015,209.341702654621));
#2979=CARTESIAN_POINT('Ctrl Pts',(262.607365395909,9.05430573629176,209.346981272503));
#2980=CARTESIAN_POINT('Ctrl Pts',(262.593531498722,8.94714798437227,209.350832145839));
#2981=CARTESIAN_POINT('Ctrl Pts',(262.566275862742,8.73176359652058,209.365122991821));
#2982=CARTESIAN_POINT('Ctrl Pts',(262.539073163161,8.51662280203727,209.391172511213));
#2983=CARTESIAN_POINT('Ctrl Pts',(262.525457909627,8.40937838550606,209.407064820228));
#2984=CARTESIAN_POINT('Ctrl Pts',(262.497293344019,8.1968477209887,209.443758488446));
#2985=CARTESIAN_POINT('Ctrl Pts',(262.466461640207,7.98899776707245,209.489694638025));
#2986=CARTESIAN_POINT('Ctrl Pts',(262.450156107021,7.88648336703576,209.514798271221));
#2987=CARTESIAN_POINT('Ctrl Pts',(262.41589740844,7.68411355760881,209.569032473313));
#2988=CARTESIAN_POINT('Ctrl Pts',(262.379646730541,7.48667779110325,209.630613468115));
#2989=CARTESIAN_POINT('Ctrl Pts',(262.361339295025,7.38908163803399,209.663066517909));
#2990=CARTESIAN_POINT('Ctrl Pts',(262.334318585555,7.24446034555669,209.714006631288));
#2991=CARTESIAN_POINT('Ctrl Pts',(262.308385756149,7.10282564633128,209.768354911681));
#2992=CARTESIAN_POINT('Ctrl Pts',(262.299887461045,7.05596142760281,209.786849472068));
#2993=CARTESIAN_POINT('Ctrl Pts',(262.283202160743,6.96294742652933,209.824608915917));
#2994=CARTESIAN_POINT('Ctrl Pts',(262.267137486857,6.87134461561046,209.863930211008));
#2995=CARTESIAN_POINT('Ctrl Pts',(262.259260040283,6.82589226324226,209.883986832522));
#2996=CARTESIAN_POINT('Ctrl Pts',(262.243796424531,6.73565256670748,209.924897789678));
#2997=CARTESIAN_POINT('Ctrl Pts',(262.228892528823,6.6466845313243,209.967398731512));
#2998=CARTESIAN_POINT('Ctrl Pts',(262.221574536447,6.6025036741163,209.989045717264));
#2999=CARTESIAN_POINT('Ctrl Pts',(262.207203547574,6.51472675407746,210.033123366159));
#3000=CARTESIAN_POINT('Ctrl Pts',(262.193390087007,6.42812415295268,210.078781526219));
#3001=CARTESIAN_POINT('Ctrl Pts',(262.186629139776,6.3851170837449,210.102008524215));
#3002=CARTESIAN_POINT('Ctrl Pts',(262.166828061484,6.25701560862834,210.172925783354));
#3003=CARTESIAN_POINT('Ctrl Pts',(262.148583200048,6.13181360145001,210.247759412566));
#3004=CARTESIAN_POINT('Ctrl Pts',(262.137237798101,6.04977261828522,210.299589234792));
#3005=CARTESIAN_POINT('Ctrl Pts',(262.116042027571,5.88874862433576,210.407592644172));
#3006=CARTESIAN_POINT('Ctrl Pts',(262.09564845289,5.73261201896224,210.520319855765));
#3007=CARTESIAN_POINT('Ctrl Pts',(262.085029865565,5.65543125407071,210.576840284787));
#3008=CARTESIAN_POINT('Ctrl Pts',(262.062800558263,5.50233464851221,210.687643862804));
#3009=CARTESIAN_POINT('Ctrl Pts',(262.043127323713,5.3537126730459,210.796785450505));
#3010=CARTESIAN_POINT('Ctrl Pts',(262.035042154357,5.28098076812368,210.851552157525));
#3011=CARTESIAN_POINT('Ctrl Pts',(262.022904368418,5.13917071171151,210.963461038585));
#3012=CARTESIAN_POINT('Ctrl Pts',(262.015777086681,5.00420883708809,211.081153970428));
#3013=CARTESIAN_POINT('Ctrl Pts',(262.012800107285,4.9384039806322,211.141822529366));
#3014=CARTESIAN_POINT('Ctrl Pts',(262.00651285653,4.80947121516673,211.266271299409));
#3015=CARTESIAN_POINT('Ctrl Pts',(261.999392372282,4.68410061527416,211.394103903646));
#3016=CARTESIAN_POINT('Ctrl Pts',(261.995535558878,4.62185687855664,211.45816654962));
#3017=CARTESIAN_POINT('Ctrl Pts',(261.985025511406,4.43681468233365,211.649852945644));
#3018=CARTESIAN_POINT('Ctrl Pts',(261.978740426001,4.25785217495945,211.839965053932));
#3019=CARTESIAN_POINT('Ctrl Pts',(261.975914149952,4.1410458419352,211.965174628535));
#3020=CARTESIAN_POINT('Ctrl Pts',(261.977985347211,3.8098364112091,212.348617789301));
#3021=CARTESIAN_POINT('Ctrl Pts',(262.005759437099,3.53449305868874,212.744520477134));
#3022=CARTESIAN_POINT('Ctrl Pts',(262.01619952101,3.37369430391588,213.011451136628));
#3023=CARTESIAN_POINT('Ctrl Pts',(262.008070150931,3.18841446961927,213.285555718205));
#3024=CARTESIAN_POINT('Ctrl Pts',(261.997799678331,3.00254899531121,213.556872227212));
#3025=CARTESIAN_POINT('Ctrl Pts',(264.335518694883,14.4834311770189,213.408584176494));
#3026=CARTESIAN_POINT('Ctrl Pts',(264.279211957538,14.2910638336942,213.149669652889));
#3027=CARTESIAN_POINT('Ctrl Pts',(264.223487959937,14.0975322247724,212.893610445794));
#3028=CARTESIAN_POINT('Ctrl Pts',(264.165250674685,13.9033768341672,212.641766273528));
#3029=CARTESIAN_POINT('Ctrl Pts',(264.072483389927,13.6068666461298,212.264490734952));
#3030=CARTESIAN_POINT('Ctrl Pts',(263.947505486571,13.2940083372069,211.87599320609));
#3031=CARTESIAN_POINT('Ctrl Pts',(263.901130872638,13.1875921931528,211.744655284062));
#3032=CARTESIAN_POINT('Ctrl Pts',(263.798275751697,12.9724589578192,211.4728679383));
#3033=CARTESIAN_POINT('Ctrl Pts',(263.687851955215,12.7539755057927,211.194704032783));
#3034=CARTESIAN_POINT('Ctrl Pts',(263.634613386349,12.6443358676069,211.058391301335));
#3035=CARTESIAN_POINT('Ctrl Pts',(263.555834906341,12.4865798796862,210.854670250435));
#3036=CARTESIAN_POINT('Ctrl Pts',(263.464187520571,12.3172656494058,210.646756554389));
#3037=CARTESIAN_POINT('Ctrl Pts',(263.431715026354,12.2581655519414,210.577098236593));
#3038=CARTESIAN_POINT('Ctrl Pts',(263.360882641637,12.13636852938,210.436564948918));
#3039=CARTESIAN_POINT('Ctrl Pts',(263.275687905494,12.0186439972433,210.28978891028));
#3040=CARTESIAN_POINT('Ctrl Pts',(263.2291719098,11.9631487160045,210.214248317893));
#3041=CARTESIAN_POINT('Ctrl Pts',(263.128501953053,11.8606901989404,210.057997273927));
#3042=CARTESIAN_POINT('Ctrl Pts',(263.021296487479,11.7611692387662,209.896363755575));
#3043=CARTESIAN_POINT('Ctrl Pts',(262.968063249405,11.7087039810072,209.814995258688));
#3044=CARTESIAN_POINT('Ctrl Pts',(262.902248855766,11.6102021194748,209.704546907696));
#3045=CARTESIAN_POINT('Ctrl Pts',(262.861892573179,11.481286438147,209.616790052655));
#3046=CARTESIAN_POINT('Ctrl Pts',(262.851497730008,11.434859640467,209.590293180533));
#3047=CARTESIAN_POINT('Ctrl Pts',(262.836348100794,11.335847617051,209.542190651029));
#3048=CARTESIAN_POINT('Ctrl Pts',(262.831212748069,11.2257335118897,209.502843839498));
#3049=CARTESIAN_POINT('Ctrl Pts',(262.830822787903,11.1682222112403,209.485087215199));
#3050=CARTESIAN_POINT('Ctrl Pts',(262.833533077956,11.0488807487816,209.452971503164));
#3051=CARTESIAN_POINT('Ctrl Pts',(262.840651359622,10.922889440733,209.426421091303));
#3052=CARTESIAN_POINT('Ctrl Pts',(262.844688634594,10.8587171306699,209.414241617949));
#3053=CARTESIAN_POINT('Ctrl Pts',(262.851857928859,10.7295048372801,209.39108102534));
#3054=CARTESIAN_POINT('Ctrl Pts',(262.854543584121,10.6011728684934,209.368806074611));
#3055=CARTESIAN_POINT('Ctrl Pts',(262.854087457884,10.5378780897774,209.357508931999));
#3056=CARTESIAN_POINT('Ctrl Pts',(262.849222131747,10.4140388931095,209.334440484235));
#3057=CARTESIAN_POINT('Ctrl Pts',(262.837231340685,10.2959925865367,209.311098624051));
#3058=CARTESIAN_POINT('Ctrl Pts',(262.82963315703,10.2385070632363,209.299514755424));
#3059=CARTESIAN_POINT('Ctrl Pts',(262.81222757202,10.1258233346778,209.277265258938));
#3060=CARTESIAN_POINT('Ctrl Pts',(262.792648855353,10.0154627688481,209.258438177394));
#3061=CARTESIAN_POINT('Ctrl Pts',(262.782876202355,9.96030697417228,209.250274782183));
#3062=CARTESIAN_POINT('Ctrl Pts',(262.755351387071,9.79294990269013,209.230662081286));
#3063=CARTESIAN_POINT('Ctrl Pts',(262.734377701435,9.61886685826347,209.22538669984));
#3064=CARTESIAN_POINT('Ctrl Pts',(262.724273136915,9.498829649678,209.227962301169));
#3065=CARTESIAN_POINT('Ctrl Pts',(262.701017384431,9.26620201364533,209.232059293894));
#3066=CARTESIAN_POINT('Ctrl Pts',(262.673700014237,9.04357305043638,209.238742423076));
#3067=CARTESIAN_POINT('Ctrl Pts',(262.659191220903,8.93382440733191,209.243655730195));
#3068=CARTESIAN_POINT('Ctrl Pts',(262.630918420657,8.71338982133692,209.260555999477));
#3069=CARTESIAN_POINT('Ctrl Pts',(262.603120563614,8.49385334940048,209.289732803311));
#3070=CARTESIAN_POINT('Ctrl Pts',(262.589260668021,8.38465457799469,209.307222101734));
#3071=CARTESIAN_POINT('Ctrl Pts',(262.560624391659,8.16860169662465,209.347107947805));
#3072=CARTESIAN_POINT('Ctrl Pts',(262.529321629174,7.9578585866729,209.396054847972));
#3073=CARTESIAN_POINT('Ctrl Pts',(262.512770917467,7.85401636565267,209.422576746431));
#3074=CARTESIAN_POINT('Ctrl Pts',(262.478013819177,7.64910549289114,209.479418321999));
#3075=CARTESIAN_POINT('Ctrl Pts',(262.441220974318,7.44916668736494,209.543221697538));
#3076=CARTESIAN_POINT('Ctrl Pts',(262.422626447617,7.35027283113624,209.57670476077));
#3077=CARTESIAN_POINT('Ctrl Pts',(262.395133930815,7.20370286747989,209.629164680607));
#3078=CARTESIAN_POINT('Ctrl Pts',(262.36869216085,7.06027158579449,209.685024219248));
#3079=CARTESIAN_POINT('Ctrl Pts',(262.360021384005,7.01283294571728,209.704023285714));
#3080=CARTESIAN_POINT('Ctrl Pts',(262.342990979827,6.91872713594662,209.742789122933));
#3081=CARTESIAN_POINT('Ctrl Pts',(262.326595205434,6.82613431740363,209.783094973254));
#3082=CARTESIAN_POINT('Ctrl Pts',(262.318559245831,6.78020968343081,209.803634368235));
#3083=CARTESIAN_POINT('Ctrl Pts',(262.302800892226,6.68905350923487,209.845480932118));
#3084=CARTESIAN_POINT('Ctrl Pts',(262.287658254538,6.59920032407733,209.888851782078));
#3085=CARTESIAN_POINT('Ctrl Pts',(262.280237768125,6.55457833402791,209.910915653671));
#3086=CARTESIAN_POINT('Ctrl Pts',(262.265698798516,6.46591613958519,209.955796898985));
#3087=CARTESIAN_POINT('Ctrl Pts',(262.25178906143,6.37842921771593,210.002225107039));
#3088=CARTESIAN_POINT('Ctrl Pts',(262.244997351201,6.33498180526721,210.02583527618));
#3089=CARTESIAN_POINT('Ctrl Pts',(262.225147762684,6.20558096581591,210.097925136906));
#3090=CARTESIAN_POINT('Ctrl Pts',(262.206938389125,6.07919636356736,210.1740551823));
#3091=CARTESIAN_POINT('Ctrl Pts',(262.195615854544,5.996466248522,210.226860087236));
#3092=CARTESIAN_POINT('Ctrl Pts',(262.174261003891,5.83435322308699,210.336937220251));
#3093=CARTESIAN_POINT('Ctrl Pts',(262.153291010022,5.67775346733363,210.451943812709));
#3094=CARTESIAN_POINT('Ctrl Pts',(262.142256010627,5.60050198830111,210.509638486556));
#3095=CARTESIAN_POINT('Ctrl Pts',(262.119271113994,5.44757647049288,210.622875308352));
#3096=CARTESIAN_POINT('Ctrl Pts',(262.099953894089,5.29988087183369,210.734937234814));
#3097=CARTESIAN_POINT('Ctrl Pts',(262.092577058719,5.22783895076313,210.791370821115));
#3098=CARTESIAN_POINT('Ctrl Pts',(262.082422390553,5.08745616985696,210.906667966836));
#3099=CARTESIAN_POINT('Ctrl Pts',(262.077238813586,4.95338124868887,211.027168631884));
#3100=CARTESIAN_POINT('Ctrl Pts',(262.074952429724,4.88773791287323,211.088934715322));
#3101=CARTESIAN_POINT('Ctrl Pts',(262.069405376873,4.75855436777284,211.214918185214));
#3102=CARTESIAN_POINT('Ctrl Pts',(262.061879311008,4.63199075623137,211.343239677906));
#3103=CARTESIAN_POINT('Ctrl Pts',(262.057557584703,4.56895743627199,211.407343640972));
#3104=CARTESIAN_POINT('Ctrl Pts',(262.045413676496,4.38164749109358,211.59921377029));
#3105=CARTESIAN_POINT('Ctrl Pts',(262.038019619611,4.20205481800207,211.790819518506));
#3106=CARTESIAN_POINT('Ctrl Pts',(262.035889335942,4.08678751565058,211.918658563158));
#3107=CARTESIAN_POINT('Ctrl Pts',(262.042134072923,3.76248374390568,212.310657776678));
#3108=CARTESIAN_POINT('Ctrl Pts',(262.072936813226,3.49380541114111,212.712470809859));
#3109=CARTESIAN_POINT('Ctrl Pts',(262.080050078594,3.33223742006506,212.982679032763));
#3110=CARTESIAN_POINT('Ctrl Pts',(262.072702780539,3.14746000453717,213.257774596147));
#3111=CARTESIAN_POINT('Ctrl Pts',(262.063039254197,2.9620831861878,213.529981322987));
#3112=CARTESIAN_POINT('Ctrl Pts',(264.456014266521,14.5004464406373,213.372618232967));
#3113=CARTESIAN_POINT('Ctrl Pts',(264.40074602616,14.3081059860755,213.111511988031));
#3114=CARTESIAN_POINT('Ctrl Pts',(264.346051424529,14.1144918654751,212.853126831806));
#3115=CARTESIAN_POINT('Ctrl Pts',(264.289568763811,13.9201827489088,212.598752080511));
#3116=CARTESIAN_POINT('Ctrl Pts',(264.197767253615,13.6229934955285,212.21556501087));
#3117=CARTESIAN_POINT('Ctrl Pts',(264.075472203493,13.3089232544326,211.820793403865));
#3118=CARTESIAN_POINT('Ctrl Pts',(264.030336708015,13.2018686295459,211.687641264046));
#3119=CARTESIAN_POINT('Ctrl Pts',(263.931087663255,12.985638133497,211.414250999748));
#3120=CARTESIAN_POINT('Ctrl Pts',(263.824025467064,12.7675527561871,211.135419115238));
#3121=CARTESIAN_POINT('Ctrl Pts',(263.771975815074,12.6581119776553,210.998894344977));
#3122=CARTESIAN_POINT('Ctrl Pts',(263.691682740446,12.5012041291445,210.789126607249));
#3123=CARTESIAN_POINT('Ctrl Pts',(263.599135208143,12.3321702136541,210.570331686727));
#3124=CARTESIAN_POINT('Ctrl Pts',(263.566667374156,12.2729809494291,210.49671781272));
#3125=CARTESIAN_POINT('Ctrl Pts',(263.49797562577,12.148663167307,210.350047012567));
#3126=CARTESIAN_POINT('Ctrl Pts',(263.418808978254,12.0243450237125,210.201726432935));
#3127=CARTESIAN_POINT('Ctrl Pts',(263.37633233803,11.964587717483,210.127022948822));
#3128=CARTESIAN_POINT('Ctrl Pts',(263.281342031403,11.8563355219436,209.971158677238));
#3129=CARTESIAN_POINT('Ctrl Pts',(263.168846532934,11.7618016292252,209.801046957827));
#3130=CARTESIAN_POINT('Ctrl Pts',(263.108743291797,11.7158752018115,209.711804389106));
#3131=CARTESIAN_POINT('Ctrl Pts',(263.028638439938,11.6313018977643,209.587390838345));
#3132=CARTESIAN_POINT('Ctrl Pts',(262.971835868809,11.5191081956266,209.483509882537));
#3133=CARTESIAN_POINT('Ctrl Pts',(262.955925325146,11.4783931780365,209.451473239897));
#3134=CARTESIAN_POINT('Ctrl Pts',(262.930139575156,11.3906341119539,209.392137543938));
#3135=CARTESIAN_POINT('Ctrl Pts',(262.916280321177,11.2896151059327,209.342359337207));
#3136=CARTESIAN_POINT('Ctrl Pts',(262.912283507377,11.235668472725,209.319857247821));
#3137=CARTESIAN_POINT('Ctrl Pts',(262.909841798027,11.1204122357908,209.279891170562));
#3138=CARTESIAN_POINT('Ctrl Pts',(262.916176533134,10.9919118202476,209.249177793362));
#3139=CARTESIAN_POINT('Ctrl Pts',(262.920984285621,10.9246858928672,209.235952872497));
#3140=CARTESIAN_POINT('Ctrl Pts',(262.931731694337,10.786328471521,209.212564379637));
#3141=CARTESIAN_POINT('Ctrl Pts',(262.940927700552,10.6451423219943,209.192816496679));
#3142=CARTESIAN_POINT('Ctrl Pts',(262.94417648932,10.575080655385,209.183231025727));
#3143=CARTESIAN_POINT('Ctrl Pts',(262.94683010153,10.4384849651013,209.163772514907));
#3144=CARTESIAN_POINT('Ctrl Pts',(262.941600585798,10.3104746866347,209.143556289934));
#3145=CARTESIAN_POINT('Ctrl Pts',(262.936942547329,10.2490428639391,209.133193797079));
#3146=CARTESIAN_POINT('Ctrl Pts',(262.924266080247,10.1304966478776,209.11249008445));
#3147=CARTESIAN_POINT('Ctrl Pts',(262.906982211431,10.0174865231945,209.093419422756));
#3148=CARTESIAN_POINT('Ctrl Pts',(262.897714982044,9.96159730969715,209.084686328121));
#3149=CARTESIAN_POINT('Ctrl Pts',(262.869958785555,9.79301817231514,209.062351004643));
#3150=CARTESIAN_POINT('Ctrl Pts',(262.844708113287,9.61893470346338,209.052821656627));
#3151=CARTESIAN_POINT('Ctrl Pts',(262.831176426366,9.49777004597086,209.053384350628));
#3152=CARTESIAN_POINT('Ctrl Pts',(262.802949074745,9.25837307074428,209.057965778974));
#3153=CARTESIAN_POINT('Ctrl Pts',(262.773095887064,9.02501756182953,209.06998607464));
#3154=CARTESIAN_POINT('Ctrl Pts',(262.757734282212,8.91012758985066,209.077856593969));
#3155=CARTESIAN_POINT('Ctrl Pts',(262.728164064905,8.68105141880107,209.100210936191));
#3156=CARTESIAN_POINT('Ctrl Pts',(262.699781491674,8.45522241539274,209.134379889396));
#3157=CARTESIAN_POINT('Ctrl Pts',(262.685737974934,8.34334514469122,209.15426901793));
#3158=CARTESIAN_POINT('Ctrl Pts',(262.656800709044,8.12251188014147,209.198844578305));
#3159=CARTESIAN_POINT('Ctrl Pts',(262.625240844947,7.90784332200203,209.252195909216));
#3160=CARTESIAN_POINT('Ctrl Pts',(262.608549980641,7.80216858545391,209.28083878705));
#3161=CARTESIAN_POINT('Ctrl Pts',(262.573455125315,7.5937456920108,209.341698490894));
#3162=CARTESIAN_POINT('Ctrl Pts',(262.536093664214,7.39029409091748,209.409108292648));
#3163=CARTESIAN_POINT('Ctrl Pts',(262.517132316332,7.289542022295,209.444293667798));
#3164=CARTESIAN_POINT('Ctrl Pts',(262.488962056007,7.14010913086664,209.499253127717));
#3165=CARTESIAN_POINT('Ctrl Pts',(262.461714051745,6.99413644067737,209.557611036672));
#3166=CARTESIAN_POINT('Ctrl Pts',(262.452763860417,6.94590575581971,209.577446579652));
#3167=CARTESIAN_POINT('Ctrl Pts',(262.43516520175,6.85033771310779,209.617889394734));
#3168=CARTESIAN_POINT('Ctrl Pts',(262.418202263807,6.75647275942166,209.659851312553));
#3169=CARTESIAN_POINT('Ctrl Pts',(262.409888027681,6.70994706630222,209.681206522837));
#3170=CARTESIAN_POINT('Ctrl Pts',(262.393591813464,6.61760638912399,209.724637548449));
#3171=CARTESIAN_POINT('Ctrl Pts',(262.377961656103,6.52654398657131,209.769470347544));
#3172=CARTESIAN_POINT('Ctrl Pts',(262.370313204417,6.48129551006623,209.792227309721));
#3173=CARTESIAN_POINT('Ctrl Pts',(262.35535475642,6.39132948239173,209.83841447928));
#3174=CARTESIAN_POINT('Ctrl Pts',(262.341096057213,6.30245990770135,209.886002221676));
#3175=CARTESIAN_POINT('Ctrl Pts',(262.334146991386,6.25830700234539,209.910158949893));
#3176=CARTESIAN_POINT('Ctrl Pts',(262.313864827249,6.12678305551235,209.983813576835));
#3177=CARTESIAN_POINT('Ctrl Pts',(262.295284370298,5.99835663007863,210.061367043853));
#3178=CARTESIAN_POINT('Ctrl Pts',(262.283692232522,5.91438723610976,210.115131089951));
#3179=CARTESIAN_POINT('Ctrl Pts',(262.261581486964,5.75028046153618,210.227334894622));
#3180=CARTESIAN_POINT('Ctrl Pts',(262.239719726835,5.593024021504,210.345461089709));
#3181=CARTESIAN_POINT('Ctrl Pts',(262.228265507161,5.51586945378868,210.405115465117));
#3182=CARTESIAN_POINT('Ctrl Pts',(262.205029706021,5.36396522675204,210.523242331237));
#3183=CARTESIAN_POINT('Ctrl Pts',(262.187205785853,5.21846407397155,210.641505644554));
#3184=CARTESIAN_POINT('Ctrl Pts',(262.181249119896,5.1477454644024,210.701272839692));
#3185=CARTESIAN_POINT('Ctrl Pts',(262.173913203883,5.00942896339159,210.822656470587));
#3186=CARTESIAN_POINT('Ctrl Pts',(262.169998244594,4.87548432098332,210.947089960113));
#3187=CARTESIAN_POINT('Ctrl Pts',(262.167633155707,4.80925007365597,211.010051520972));
#3188=CARTESIAN_POINT('Ctrl Pts',(262.161211108318,4.67816401312476,211.137313808241));
#3189=CARTESIAN_POINT('Ctrl Pts',(262.151992766561,4.5490024639198,211.265567109584));
#3190=CARTESIAN_POINT('Ctrl Pts',(262.146773565101,4.48467317122724,211.329507093507));
#3191=CARTESIAN_POINT('Ctrl Pts',(262.132642569413,4.29462794071008,211.521678468129));
#3192=CARTESIAN_POINT('Ctrl Pts',(262.126523165506,4.11700379627516,211.717162930896));
#3193=CARTESIAN_POINT('Ctrl Pts',(262.127751899204,4.00619455721451,211.850228545367));
#3194=CARTESIAN_POINT('Ctrl Pts',(262.144516843633,3.69588003217973,212.256608001938));
#3195=CARTESIAN_POINT('Ctrl Pts',(262.177747826896,3.43410205314172,212.66538203577));
#3196=CARTESIAN_POINT('Ctrl Pts',(262.178233218062,3.26912176816365,212.941223871557));
#3197=CARTESIAN_POINT('Ctrl Pts',(262.171825430077,3.08526867160236,213.217240971832));
#3198=CARTESIAN_POINT('Ctrl Pts',(262.162735940865,2.90083760195771,213.490651277966));
#3199=CARTESIAN_POINT('Ctrl Pts',(264.578169331533,14.5161664451358,213.338730025191));
#3200=CARTESIAN_POINT('Ctrl Pts',(264.523870754881,14.3237248045739,213.075436214487));
#3201=CARTESIAN_POINT('Ctrl Pts',(264.469873490968,14.1298366988391,212.814804664913));
#3202=CARTESIAN_POINT('Ctrl Pts',(264.415760438794,13.9353404820461,212.557627028721));
#3203=CARTESIAN_POINT('Ctrl Pts',(264.325438851753,13.63716704761,212.169072681869));
#3204=CARTESIAN_POINT('Ctrl Pts',(264.206637351652,13.3220929556371,211.768661481315));
#3205=CARTESIAN_POINT('Ctrl Pts',(264.16303832908,13.2146339380795,211.633783141208));
#3206=CARTESIAN_POINT('Ctrl Pts',(264.068034160756,12.9975828410183,211.358707173762));
#3207=CARTESIAN_POINT('Ctrl Pts',(263.964937433863,12.7789500322385,211.078747375021));
#3208=CARTESIAN_POINT('Ctrl Pts',(263.914196436885,12.6691601746043,210.941287405624));
#3209=CARTESIAN_POINT('Ctrl Pts',(263.833328268,12.5097821593274,210.727331229812));
#3210=CARTESIAN_POINT('Ctrl Pts',(263.739188849784,12.3405441255817,210.498304564022));
#3211=CARTESIAN_POINT('Ctrl Pts',(263.706186138173,12.2818312482224,210.420519640553));
#3212=CARTESIAN_POINT('Ctrl Pts',(263.637429726692,12.1585135713976,210.265452752968));
#3213=CARTESIAN_POINT('Ctrl Pts',(263.561531604987,12.0329874480811,210.111298363793));
#3214=CARTESIAN_POINT('Ctrl Pts',(263.521851026857,11.9715924709993,210.034987829058));
#3215=CARTESIAN_POINT('Ctrl Pts',(263.434066892411,11.8588746163081,209.878218363967));
#3216=CARTESIAN_POINT('Ctrl Pts',(263.326113429365,11.7621011108175,209.706867831613));
#3217=CARTESIAN_POINT('Ctrl Pts',(263.266308486765,11.7166180666618,209.615962743988));
#3218=CARTESIAN_POINT('Ctrl Pts',(263.179671097407,11.6394595748075,209.483576641087));
#3219=CARTESIAN_POINT('Ctrl Pts',(263.106904804714,11.5443201631261,209.362717201259));
#3220=CARTESIAN_POINT('Ctrl Pts',(263.084699411791,11.510312940545,209.324014230557));
#3221=CARTESIAN_POINT('Ctrl Pts',(263.04505803572,11.4373040664339,209.249898622792));
#3222=CARTESIAN_POINT('Ctrl Pts',(263.016755902924,11.3509561888685,209.184294670206));
#3223=CARTESIAN_POINT('Ctrl Pts',(263.005870462196,11.3036525840485,209.15407708571));
#3224=CARTESIAN_POINT('Ctrl Pts',(262.991618471741,11.1983960508365,209.100278943816));
#3225=CARTESIAN_POINT('Ctrl Pts',(262.991564810212,11.071811148272,209.060119621614));
#3226=CARTESIAN_POINT('Ctrl Pts',(262.994910441723,11.003121402881,209.043573371633));
#3227=CARTESIAN_POINT('Ctrl Pts',(263.006317792949,10.8574692854159,209.016385177469));
#3228=CARTESIAN_POINT('Ctrl Pts',(263.02204065475,10.702765701622,208.997805269091));
#3229=CARTESIAN_POINT('Ctrl Pts',(263.029716100699,10.624988904386,208.989878116557));
#3230=CARTESIAN_POINT('Ctrl Pts',(263.041970492773,10.4731542938535,208.974925066612));
#3231=CARTESIAN_POINT('Ctrl Pts',(263.045619782787,10.332312102108,208.959757035631));
#3232=CARTESIAN_POINT('Ctrl Pts',(263.044651606212,10.2655912327918,208.951591886157));
#3233=CARTESIAN_POINT('Ctrl Pts',(263.037554225152,10.1382680470828,208.93407166527));
#3234=CARTESIAN_POINT('Ctrl Pts',(263.022631897137,10.0194571814583,208.91587500479));
#3235=CARTESIAN_POINT('Ctrl Pts',(263.013830267011,9.96125055428267,208.907017392455));
#3236=CARTESIAN_POINT('Ctrl Pts',(262.985866225125,9.78723874749766,208.883265967616));
#3237=CARTESIAN_POINT('Ctrl Pts',(262.956707032123,9.61081237216039,208.870900500104));
#3238=CARTESIAN_POINT('Ctrl Pts',(262.939971920709,9.48799567155471,208.870619875959));
#3239=CARTESIAN_POINT('Ctrl Pts',(262.906496118167,9.24132268993319,208.877651220934));
#3240=CARTESIAN_POINT('Ctrl Pts',(262.873727601593,8.9974590456033,208.896561013322));
#3241=CARTESIAN_POINT('Ctrl Pts',(262.857517737897,8.87757102809291,208.908065964937));
#3242=CARTESIAN_POINT('Ctrl Pts',(262.82687006766,8.64063599577071,208.936665284796));
#3243=CARTESIAN_POINT('Ctrl Pts',(262.798279578568,8.40972181100585,208.975743791465));
#3244=CARTESIAN_POINT('Ctrl Pts',(262.784214543396,8.29575196535583,208.997830640559));
#3245=CARTESIAN_POINT('Ctrl Pts',(262.755258895124,8.07105056683359,209.046643971293));
#3246=CARTESIAN_POINT('Ctrl Pts',(262.723775312936,7.85299161498406,209.104055168256));
#3247=CARTESIAN_POINT('Ctrl Pts',(262.707156237881,7.74568167183639,209.134733296723));
#3248=CARTESIAN_POINT('Ctrl Pts',(262.672263932996,7.53410154336909,209.199612642996));
#3249=CARTESIAN_POINT('Ctrl Pts',(262.634885432293,7.32746705196935,209.270877102482));
#3250=CARTESIAN_POINT('Ctrl Pts',(262.615782957592,7.22503779782067,209.307926384413));
#3251=CARTESIAN_POINT('Ctrl Pts',(262.587064119241,7.07301207201264,209.365631421878));
#3252=CARTESIAN_POINT('Ctrl Pts',(262.558884065592,6.92478655082836,209.426779228804));
#3253=CARTESIAN_POINT('Ctrl Pts',(262.549586802535,6.87586346117063,209.447555329773));
#3254=CARTESIAN_POINT('Ctrl Pts',(262.53124532415,6.7790377183818,209.489904022003));
#3255=CARTESIAN_POINT('Ctrl Pts',(262.51347771863,6.68408190783854,209.533793067859));
#3256=CARTESIAN_POINT('Ctrl Pts',(262.504754722894,6.63703181121701,209.556110432575));
#3257=CARTESIAN_POINT('Ctrl Pts',(262.487644168591,6.54361339225454,209.601435456679));
#3258=CARTESIAN_POINT('Ctrl Pts',(262.47123671673,6.4513760308059,209.648051779371));
#3259=CARTESIAN_POINT('Ctrl Pts',(262.463216471602,6.40550435916635,209.671660338669));
#3260=CARTESIAN_POINT('Ctrl Pts',(262.447559888504,6.31424541064865,209.719447663486));
#3261=CARTESIAN_POINT('Ctrl Pts',(262.432696057336,6.22403720195438,209.768406598575));
#3262=CARTESIAN_POINT('Ctrl Pts',(262.425468479415,6.17921592850065,209.793185950876));
#3263=CARTESIAN_POINT('Ctrl Pts',(262.404409000758,6.04570754936373,209.868518749849));
#3264=CARTESIAN_POINT('Ctrl Pts',(262.385191977076,5.91537730431008,209.947268421005));
#3265=CARTESIAN_POINT('Ctrl Pts',(262.373192278553,5.8301567488475,210.001668913696));
#3266=CARTESIAN_POINT('Ctrl Pts',(262.350436382817,5.66399299444775,210.115507642467));
#3267=CARTESIAN_POINT('Ctrl Pts',(262.328760595116,5.50641128381614,210.237170863544));
#3268=CARTESIAN_POINT('Ctrl Pts',(262.317737716701,5.4297436706465,210.299392118305));
#3269=CARTESIAN_POINT('Ctrl Pts',(262.295866929296,5.27952400871491,210.42376583209));
#3270=CARTESIAN_POINT('Ctrl Pts',(262.279647706862,5.13585148880394,210.548838308726));
#3271=CARTESIAN_POINT('Ctrl Pts',(262.27445317979,5.06582803223156,210.611803280656));
#3272=CARTESIAN_POINT('Ctrl Pts',(262.267357009096,4.92757922346092,210.738253645382));
#3273=CARTESIAN_POINT('Ctrl Pts',(262.261292436756,4.79141867752691,210.865052034612));
#3274=CARTESIAN_POINT('Ctrl Pts',(262.257360120665,4.72363597750637,210.928536394146));
#3275=CARTESIAN_POINT('Ctrl Pts',(262.248404041167,4.58987471684188,211.056479243323));
#3276=CARTESIAN_POINT('Ctrl Pts',(262.238205390852,4.45943008006698,211.185427537724));
#3277=CARTESIAN_POINT('Ctrl Pts',(262.233008992939,4.39496874859997,211.249919489126));
#3278=CARTESIAN_POINT('Ctrl Pts',(262.220593561321,4.20648673398416,211.445061023046));
#3279=CARTESIAN_POINT('Ctrl Pts',(262.220560871699,4.0357916283396,211.647466670788));
#3280=CARTESIAN_POINT('Ctrl Pts',(262.227069337032,3.93126780870378,211.786759295146));
#3281=CARTESIAN_POINT('Ctrl Pts',(262.255890924404,3.63572364203178,212.207389411509));
#3282=CARTESIAN_POINT('Ctrl Pts',(262.287173927339,3.37500597946285,212.619676940076));
#3283=CARTESIAN_POINT('Ctrl Pts',(262.281865146143,3.20542150003006,212.900375073482));
#3284=CARTESIAN_POINT('Ctrl Pts',(262.275015022672,3.02257380316984,213.177617382551));
#3285=CARTESIAN_POINT('Ctrl Pts',(262.265614657954,2.83923112319791,213.452497741529));
#3286=CARTESIAN_POINT('Ctrl Pts',(264.619077374163,14.5212607243413,213.327665366996));
#3287=CARTESIAN_POINT('Ctrl Pts',(264.565108337922,14.3287731106255,213.063638875556));
#3288=CARTESIAN_POINT('Ctrl Pts',(264.511343134883,14.134777233672,212.802256945217));
#3289=CARTESIAN_POINT('Ctrl Pts',(264.458027674633,13.9402108749512,212.544129003606));
#3290=CARTESIAN_POINT('Ctrl Pts',(264.36826477606,13.6416708167182,212.153863943652));
#3291=CARTESIAN_POINT('Ctrl Pts',(264.250716213831,13.3262686022562,211.751655331913));
#3292=CARTESIAN_POINT('Ctrl Pts',(264.207659056221,13.2186967230821,211.616208656911));
#3293=CARTESIAN_POINT('Ctrl Pts',(264.114111490709,13.0014073134378,211.340523007341));
#3294=CARTESIAN_POINT('Ctrl Pts',(264.012363662943,12.7825267843078,211.060052240173));
#3295=CARTESIAN_POINT('Ctrl Pts',(263.962055724524,12.6725966023963,210.922138980587));
#3296=CARTESIAN_POINT('Ctrl Pts',(263.881130318005,12.5120995317837,210.706947633894));
#3297=CARTESIAN_POINT('Ctrl Pts',(263.786493634777,12.342723557719,210.474714624843));
#3298=CARTESIAN_POINT('Ctrl Pts',(263.753299006642,12.2842071722114,210.395584953486));
#3299=CARTESIAN_POINT('Ctrl Pts',(263.684369571429,12.1615318531297,210.237633930284));
#3300=CARTESIAN_POINT('Ctrl Pts',(263.609263075058,12.0361898249241,210.081153048439));
#3301=CARTESIAN_POINT('Ctrl Pts',(263.570337198234,11.9745812040486,210.004035115127));
#3302=CARTESIAN_POINT('Ctrl Pts',(263.484967996531,11.860687011925,209.846732471977));
#3303=CARTESIAN_POINT('Ctrl Pts',(263.37944449309,11.7625490786441,209.675571364547));
#3304=CARTESIAN_POINT('Ctrl Pts',(263.320462399367,11.7166078508269,209.584671666077));
#3305=CARTESIAN_POINT('Ctrl Pts',(263.232537440496,11.6411915258127,209.450162894576));
#3306=CARTESIAN_POINT('Ctrl Pts',(263.154747938165,11.5515396702904,209.323660206113));
#3307=CARTESIAN_POINT('Ctrl Pts',(263.130458455685,11.5197775320363,209.282674935817));
#3308=CARTESIAN_POINT('Ctrl Pts',(263.086034573201,11.4518542767795,209.203391307893));
#3309=CARTESIAN_POINT('Ctrl Pts',(263.052426063297,11.3708405130247,209.132058493919));
#3310=CARTESIAN_POINT('Ctrl Pts',(263.0389284213,11.3260374553867,209.098995108654));
#3311=CARTESIAN_POINT('Ctrl Pts',(263.020055543538,11.224744361926,209.039988488474));
#3312=CARTESIAN_POINT('Ctrl Pts',(263.017240790427,11.099408087096,208.996077037313));
#3313=CARTESIAN_POINT('Ctrl Pts',(263.019834901461,11.0304993139292,208.97814256364));
#3314=CARTESIAN_POINT('Ctrl Pts',(263.031079541827,10.8828487053447,208.94919066483));
#3315=CARTESIAN_POINT('Ctrl Pts',(263.04887933399,10.7237805297771,208.930704697023));
#3316=CARTESIAN_POINT('Ctrl Pts',(263.0580532936,10.6434050211865,208.923252166864));
#3317=CARTESIAN_POINT('Ctrl Pts',(263.073613296759,10.4863179317597,208.909786674068));
#3318=CARTESIAN_POINT('Ctrl Pts',(263.080295835161,10.3408891982177,208.896452945111));
#3319=CARTESIAN_POINT('Ctrl Pts',(263.080547504479,10.2722417162411,208.889108261143));
#3320=CARTESIAN_POINT('Ctrl Pts',(263.075222831435,10.1415906476582,208.872807625214));
#3321=CARTESIAN_POINT('Ctrl Pts',(263.060974613122,10.0203311351416,208.85505371226));
#3322=CARTESIAN_POINT('Ctrl Pts',(263.05229041058,9.96107753424077,208.846233311273));
#3323=CARTESIAN_POINT('Ctrl Pts',(263.024243620163,9.78449564081799,208.822291710118));
#3324=CARTESIAN_POINT('Ctrl Pts',(262.994002100532,9.60679346246544,208.809370606449));
#3325=CARTESIAN_POINT('Ctrl Pts',(262.976368231876,9.48327808786627,208.809081959906));
#3326=CARTESIAN_POINT('Ctrl Pts',(262.941258572726,9.23413836091086,208.817228709375));
#3327=CARTESIAN_POINT('Ctrl Pts',(262.907480511096,8.98700053762384,208.838489561218));
#3328=CARTESIAN_POINT('Ctrl Pts',(262.890980384495,8.86555656192938,208.851219733494));
#3329=CARTESIAN_POINT('Ctrl Pts',(262.859993473721,8.62621088367484,208.881911696971));
#3330=CARTESIAN_POINT('Ctrl Pts',(262.831368848235,8.39378150892535,208.922584492238));
#3331=CARTESIAN_POINT('Ctrl Pts',(262.817308065297,8.27919054355563,208.945370013655));
#3332=CARTESIAN_POINT('Ctrl Pts',(262.78835897463,8.0533106002649,208.995528505866));
#3333=CARTESIAN_POINT('Ctrl Pts',(262.756918823928,7.83417687571943,209.054244838721));
#3334=CARTESIAN_POINT('Ctrl Pts',(262.740340010071,7.72634189072622,209.085587596678));
#3335=CARTESIAN_POINT('Ctrl Pts',(262.70557065998,7.51374461755155,209.151797965334));
#3336=CARTESIAN_POINT('Ctrl Pts',(262.668257324061,7.30608405229497,209.224365427241));
#3337=CARTESIAN_POINT('Ctrl Pts',(262.649139854913,7.20311792156014,209.262049473407));
#3338=CARTESIAN_POINT('Ctrl Pts',(262.620256936833,7.05026698462394,209.320692018863));
#3339=CARTESIAN_POINT('Ctrl Pts',(262.591748979109,6.90132453504566,209.382798996771));
#3340=CARTESIAN_POINT('Ctrl Pts',(262.582326585241,6.8521810159914,209.403899329128));
#3341=CARTESIAN_POINT('Ctrl Pts',(262.563712918552,6.75495483843598,209.446907626536));
#3342=CARTESIAN_POINT('Ctrl Pts',(262.54564374351,6.6596476490953,209.49146950423));
#3343=CARTESIAN_POINT('Ctrl Pts',(262.536766298318,6.61242658131931,209.514124451537));
#3344=CARTESIAN_POINT('Ctrl Pts',(262.51934652394,6.51865112381113,209.560117482952));
#3345=CARTESIAN_POINT('Ctrl Pts',(262.502642678605,6.4260185709075,209.607368751193));
#3346=CARTESIAN_POINT('Ctrl Pts',(262.494480780791,6.37993714232498,209.631281818895));
#3347=CARTESIAN_POINT('Ctrl Pts',(262.478558973422,6.28824758829732,209.679642660215));
#3348=CARTESIAN_POINT('Ctrl Pts',(262.463467291193,6.19760517011881,209.72909238118));
#3349=CARTESIAN_POINT('Ctrl Pts',(262.45613555333,6.15257082941565,209.754093520674));
#3350=CARTESIAN_POINT('Ctrl Pts',(262.434787735627,6.01843732960508,209.830017829415));
#3351=CARTESIAN_POINT('Ctrl Pts',(262.41534597846,5.88751493231235,209.909166910479));
#3352=CARTESIAN_POINT('Ctrl Pts',(262.403209341939,5.80189016410272,209.963763469377));
#3353=CARTESIAN_POINT('Ctrl Pts',(262.380291506407,5.63505541417664,210.078137990778));
#3354=CARTESIAN_POINT('Ctrl Pts',(262.3588489885,5.47741181572887,210.201065564289));
#3355=CARTESIAN_POINT('Ctrl Pts',(262.348088894322,5.40095159030249,210.264222779519));
#3356=CARTESIAN_POINT('Ctrl Pts',(262.326867090659,5.25134051128076,210.3908041993));
#3357=CARTESIAN_POINT('Ctrl Pts',(262.311131842523,5.10815804974413,210.518110142573));
#3358=CARTESIAN_POINT('Ctrl Pts',(262.30605859412,5.03824291541464,210.582056524909));
#3359=CARTESIAN_POINT('Ctrl Pts',(262.298641049023,4.89970208055188,210.709958054006));
#3360=CARTESIAN_POINT('Ctrl Pts',(262.291439523248,4.76252184088917,210.837318796622));
#3361=CARTESIAN_POINT('Ctrl Pts',(262.286832654984,4.69413558526677,210.900906394009));
#3362=CARTESIAN_POINT('Ctrl Pts',(262.276921239826,4.5594804396097,211.029062065056));
#3363=CARTESIAN_POINT('Ctrl Pts',(262.266596342814,4.42888519536029,211.158427872418));
#3364=CARTESIAN_POINT('Ctrl Pts',(262.261571770823,4.36457686489249,211.223236695468));
#3365=CARTESIAN_POINT('Ctrl Pts',(262.250289496901,4.17725868772544,211.419795907697));
#3366=CARTESIAN_POINT('Ctrl Pts',(262.252835453377,4.0094493220208,211.624872080107));
#3367=CARTESIAN_POINT('Ctrl Pts',(262.261241459791,3.90715456043326,211.766305259095));
#3368=CARTESIAN_POINT('Ctrl Pts',(262.294007369842,3.61638468229498,212.191544511127));
#3369=CARTESIAN_POINT('Ctrl Pts',(262.324093557449,3.3553059207962,212.604590463809));
#3370=CARTESIAN_POINT('Ctrl Pts',(262.317108368569,3.18416673795109,212.886728129896));
#3371=CARTESIAN_POINT('Ctrl Pts',(262.309905871505,3.00165380824468,213.164469948387));
#3372=CARTESIAN_POINT('Ctrl Pts',(262.300284307486,2.81868035205259,213.439893269167));
#3373=CARTESIAN_POINT('Ctrl Pts',(264.701287568889,14.5311556540776,213.306000289232));
#3374=CARTESIAN_POINT('Ctrl Pts',(264.648032147796,14.3385579938805,213.040490391718));
#3375=CARTESIAN_POINT('Ctrl Pts',(264.594869871409,14.1443329666052,212.777565257497));
#3376=CARTESIAN_POINT('Ctrl Pts',(264.54296452638,13.9495875893053,212.51756207008));
#3377=CARTESIAN_POINT('Ctrl Pts',(264.454459475605,13.650235145834,212.124041873706));
#3378=CARTESIAN_POINT('Ctrl Pts',(264.339579157862,13.3341709072132,211.71839958495));
#3379=CARTESIAN_POINT('Ctrl Pts',(264.297654293967,13.226409032791,211.581825529578));
#3380=CARTESIAN_POINT('Ctrl Pts',(264.207052117202,13.0087065957069,211.304786168378));
#3381=CARTESIAN_POINT('Ctrl Pts',(264.107985905105,12.7893087776371,211.022903711077));
#3382=CARTESIAN_POINT('Ctrl Pts',(264.058523896518,12.6791270478423,210.883723736067));
#3383=CARTESIAN_POINT('Ctrl Pts',(263.977670117809,12.5162703851632,210.666026790529));
#3384=CARTESIAN_POINT('Ctrl Pts',(263.882295408646,12.3465685868567,210.428002502883));
#3385=CARTESIAN_POINT('Ctrl Pts',(263.848800370577,12.2884549798442,210.346448123635));
#3386=CARTESIAN_POINT('Ctrl Pts',(263.779576580932,12.1673242963395,210.183118209921));
#3387=CARTESIAN_POINT('Ctrl Pts',(263.705894733007,12.042998746353,210.021941757756));
#3388=CARTESIAN_POINT('Ctrl Pts',(263.668329292743,11.9813689128594,209.943016310775));
#3389=CARTESIAN_POINT('Ctrl Pts',(263.587830240328,11.8655059852369,209.784385411964));
#3390=CARTESIAN_POINT('Ctrl Pts',(263.488287507218,11.7638342763335,209.61398921481));
#3391=CARTESIAN_POINT('Ctrl Pts',(263.431855218333,11.7161978786287,209.523525319306));
#3392=CARTESIAN_POINT('Ctrl Pts',(263.343011381683,11.642689778855,209.385505376914));
#3393=CARTESIAN_POINT('Ctrl Pts',(263.256481797103,11.5626403707583,209.248290811952));
#3394=CARTESIAN_POINT('Ctrl Pts',(263.228374431903,11.5349769051683,209.202893659838));
#3395=CARTESIAN_POINT('Ctrl Pts',(263.174724630033,11.4767598604171,209.113383733311));
#3396=CARTESIAN_POINT('Ctrl Pts',(263.130003890568,11.4068550629332,209.03012614272));
#3397=CARTESIAN_POINT('Ctrl Pts',(263.11078570612,11.3675782484294,208.990940412528));
#3398=CARTESIAN_POINT('Ctrl Pts',(263.08141597851,11.2756368018473,208.920396079458));
#3399=CARTESIAN_POINT('Ctrl Pts',(263.071706083923,11.1546329645511,208.867571024757));
#3400=CARTESIAN_POINT('Ctrl Pts',(263.072182651602,11.0862233234248,208.846138152012));
#3401=CARTESIAN_POINT('Ctrl Pts',(263.082067748575,10.9365832904017,208.812170981559));
#3402=CARTESIAN_POINT('Ctrl Pts',(263.103382817756,10.7705637983322,208.792589071382));
#3403=CARTESIAN_POINT('Ctrl Pts',(263.115344597622,10.6856739371231,208.785573785614));
#3404=CARTESIAN_POINT('Ctrl Pts',(263.137249078906,10.5186898168975,208.77452258223));
#3405=CARTESIAN_POINT('Ctrl Pts',(263.149720324465,10.3635331786424,208.764938552851));
#3406=CARTESIAN_POINT('Ctrl Pts',(263.152192122168,10.290496884736,208.759371137821));
#3407=CARTESIAN_POINT('Ctrl Pts',(263.149839810389,10.1514382953321,208.745795307399));
#3408=CARTESIAN_POINT('Ctrl Pts',(263.13643882359,10.0230571338975,208.729330855429));
#3409=CARTESIAN_POINT('Ctrl Pts',(263.127842186362,9.96068188119348,208.720835507531));
#3410=CARTESIAN_POINT('Ctrl Pts',(263.099629360391,9.7764579797473,208.697493446465));
#3411=CARTESIAN_POINT('Ctrl Pts',(263.068122640239,9.59521078065668,208.684807814289));
#3412=CARTESIAN_POINT('Ctrl Pts',(263.049262092573,9.47009958369472,208.68525997527));
#3413=CARTESIAN_POINT('Ctrl Pts',(263.011405389904,9.21612272773876,208.696423524749));
#3414=CARTESIAN_POINT('Ctrl Pts',(262.975597813026,8.96315376705612,208.722373834686));
#3415=CARTESIAN_POINT('Ctrl Pts',(262.958501498966,8.83897129953043,208.737479182933));
#3416=CARTESIAN_POINT('Ctrl Pts',(262.926869238145,8.5954569036586,208.772209877271));
#3417=CARTESIAN_POINT('Ctrl Pts',(262.898215814893,8.36044672872793,208.815893249994));
#3418=CARTESIAN_POINT('Ctrl Pts',(262.884163841638,8.24477467610805,208.839981940201));
#3419=CARTESIAN_POINT('Ctrl Pts',(262.855193143608,8.01675107011041,208.892655235332));
#3420=CARTESIAN_POINT('Ctrl Pts',(262.82381207853,7.79555341189622,208.953862752402));
#3421=CARTESIAN_POINT('Ctrl Pts',(262.807319212728,7.68670219930866,208.986496924022));
#3422=CARTESIAN_POINT('Ctrl Pts',(262.772871759066,7.472138886594,209.055330886545));
#3423=CARTESIAN_POINT('Ctrl Pts',(262.73583251924,7.26250700017439,209.130519909087));
#3424=CARTESIAN_POINT('Ctrl Pts',(262.716759069953,7.1585207303298,209.169490523133));
#3425=CARTESIAN_POINT('Ctrl Pts',(262.687602153664,7.00412332702189,209.230042483884));
#3426=CARTESIAN_POINT('Ctrl Pts',(262.6584063758,6.85380139140945,209.294114847654));
#3427=CARTESIAN_POINT('Ctrl Pts',(262.648713073937,6.80422630020651,209.315880811894));
#3428=CARTESIAN_POINT('Ctrl Pts',(262.629496287832,6.70619996842067,209.360247595035));
#3429=CARTESIAN_POINT('Ctrl Pts',(262.610740206128,6.61016184748986,209.406208224176));
#3430=CARTESIAN_POINT('Ctrl Pts',(262.601508149619,6.56257918696872,209.429569310159));
#3431=CARTESIAN_POINT('Ctrl Pts',(262.583378097549,6.46804506378623,209.476970711709));
#3432=CARTESIAN_POINT('Ctrl Pts',(262.565998537173,6.37458517015028,209.525582530083));
#3433=CARTESIAN_POINT('Ctrl Pts',(262.557516593361,6.32807212344632,209.550153960182));
#3434=CARTESIAN_POINT('Ctrl Pts',(262.541002507081,6.23552254230409,209.599764560741));
#3435=CARTESIAN_POINT('Ctrl Pts',(262.525416390434,6.14406586548905,209.650298102724));
#3436=CARTESIAN_POINT('Ctrl Pts',(262.517862738674,6.09864654640917,209.675791690701));
#3437=CARTESIAN_POINT('Ctrl Pts',(262.495912045546,5.96341158711009,209.753033016249));
#3438=CARTESIAN_POINT('Ctrl Pts',(262.476038891706,5.83147613258038,209.833073929691));
#3439=CARTESIAN_POINT('Ctrl Pts',(262.463655695254,5.74510890330839,209.888098714254));
#3440=CARTESIAN_POINT('Ctrl Pts',(262.440573451095,5.57700089698338,210.003643544109));
#3441=CARTESIAN_POINT('Ctrl Pts',(262.419942229613,5.41928853693366,210.129297985695));
#3442=CARTESIAN_POINT('Ctrl Pts',(262.409924455214,5.3432969562481,210.194467724636));
#3443=CARTESIAN_POINT('Ctrl Pts',(262.390241300153,5.19482983417995,210.325535725377));
#3444=CARTESIAN_POINT('Ctrl Pts',(262.375117705354,5.05213872971514,210.456910889609));
#3445=CARTESIAN_POINT('Ctrl Pts',(262.369887321234,4.98207215207219,210.522482588077));
#3446=CARTESIAN_POINT('Ctrl Pts',(262.360898538049,4.84220889381459,210.652603487767));
#3447=CARTESIAN_POINT('Ctrl Pts',(262.350763423562,4.70259848567297,210.780703733205));
#3448=CARTESIAN_POINT('Ctrl Pts',(262.34468514602,4.63299875605126,210.844469563941));
#3449=CARTESIAN_POINT('Ctrl Pts',(262.333079120262,4.49696117934399,210.973321544484));
#3450=CARTESIAN_POINT('Ctrl Pts',(262.323283497482,4.36698106448895,211.10417662794));
#3451=CARTESIAN_POINT('Ctrl Pts',(262.319056725515,4.30349395418592,211.169982185517));
#3452=CARTESIAN_POINT('Ctrl Pts',(262.311346832413,4.11996689106057,211.370386185548));
#3453=CARTESIAN_POINT('Ctrl Pts',(262.319876271577,3.95882149459236,211.581365670145));
#3454=CARTESIAN_POINT('Ctrl Pts',(262.332098892946,3.86101029481587,211.727055922464));
#3455=CARTESIAN_POINT('Ctrl Pts',(262.372004663631,3.57891724243918,212.160948221161));
#3456=CARTESIAN_POINT('Ctrl Pts',(262.398621650581,3.31575666583806,212.574774259415));
#3457=CARTESIAN_POINT('Ctrl Pts',(262.389084728988,3.14170890946379,212.859238025101));
#3458=CARTESIAN_POINT('Ctrl Pts',(262.38068967677,2.95985528648188,213.138266263515));
#3459=CARTESIAN_POINT('Ctrl Pts',(262.370383293586,2.77760943707904,213.414906737219));
#3460=CARTESIAN_POINT('Ctrl Pts',(264.784274054194,14.5404541035738,213.285280717254));
#3461=CARTESIAN_POINT('Ctrl Pts',(264.73184270478,14.347712770789,213.018255128569));
#3462=CARTESIAN_POINT('Ctrl Pts',(264.679570952203,14.1532360568872,212.7537063756));
#3463=CARTESIAN_POINT('Ctrl Pts',(264.628705715541,13.9582268641844,212.491892151636));
#3464=CARTESIAN_POINT('Ctrl Pts',(264.541740952715,13.6579278422106,212.095406049578));
#3465=CARTESIAN_POINT('Ctrl Pts',(264.429813334672,13.3411849950482,211.686615639838));
#3466=CARTESIAN_POINT('Ctrl Pts',(264.389097739992,13.2332877753642,211.548936368228));
#3467=CARTESIAN_POINT('Ctrl Pts',(264.301438521195,13.0152730618115,211.270272959701));
#3468=CARTESIAN_POINT('Ctrl Pts',(264.204938260423,12.7954301887963,210.986177192952));
#3469=CARTESIAN_POINT('Ctrl Pts',(264.156258761402,12.6851469161457,210.845017066581));
#3470=CARTESIAN_POINT('Ctrl Pts',(264.075748211028,12.5202789613155,210.624391879881));
#3471=CARTESIAN_POINT('Ctrl Pts',(263.980389506786,12.3501975644044,210.382023115801));
#3472=CARTESIAN_POINT('Ctrl Pts',(263.946894740629,12.292406346089,210.29874422015));
#3473=CARTESIAN_POINT('Ctrl Pts',(263.877888718303,12.1728721631192,210.131392663903));
#3474=CARTESIAN_POINT('Ctrl Pts',(263.805792824113,12.0500881092081,209.966268107353));
#3475=CARTESIAN_POINT('Ctrl Pts',(263.76951012102,11.9888264875269,209.885592902849));
#3476=CARTESIAN_POINT('Ctrl Pts',(263.693684255561,11.8714506039998,209.725237103783));
#3477=CARTESIAN_POINT('Ctrl Pts',(263.601290254374,11.7650590998037,209.555551465185));
#3478=CARTESIAN_POINT('Ctrl Pts',(263.548590389775,11.7145515444933,209.465800842031));
#3479=CARTESIAN_POINT('Ctrl Pts',(263.46198274378,11.6393581583201,209.32575786021));
#3480=CARTESIAN_POINT('Ctrl Pts',(263.370819463102,11.5638688225627,209.180420073742));
#3481=CARTESIAN_POINT('Ctrl Pts',(263.340301849764,11.5385355285988,209.131560057793));
#3482=CARTESIAN_POINT('Ctrl Pts',(263.279887879356,11.4868533156443,209.033538968251));
#3483=CARTESIAN_POINT('Ctrl Pts',(263.224949603959,11.4268117747958,208.938875805835));
#3484=CARTESIAN_POINT('Ctrl Pts',(263.19983161982,11.3932536558748,208.89330083082));
#3485=CARTESIAN_POINT('Ctrl Pts',(263.15834032911,11.3126517651117,208.809556824456));
#3486=CARTESIAN_POINT('Ctrl Pts',(263.138264214326,11.2006490053456,208.744085497617));
#3487=CARTESIAN_POINT('Ctrl Pts',(263.13453786827,11.135672102469,208.716764135355));
#3488=CARTESIAN_POINT('Ctrl Pts',(263.13853721285,10.9915514592828,208.671824962921));
#3489=CARTESIAN_POINT('Ctrl Pts',(263.160076862217,10.8261075331156,208.645465645798));
#3490=CARTESIAN_POINT('Ctrl Pts',(263.174019299824,10.7396748972583,208.636785257628));
#3491=CARTESIAN_POINT('Ctrl Pts',(263.201693384913,10.5654873156016,208.626075248727));
#3492=CARTESIAN_POINT('Ctrl Pts',(263.219327892938,10.3978870409579,208.620643329008));
#3493=CARTESIAN_POINT('Ctrl Pts',(263.223170479857,10.3179215484073,208.617248300889));
#3494=CARTESIAN_POINT('Ctrl Pts',(263.221798343002,10.1649589423161,208.607208037534));
#3495=CARTESIAN_POINT('Ctrl Pts',(263.208029510514,10.0248230382306,208.593410722936));
#3496=CARTESIAN_POINT('Ctrl Pts',(263.199425145268,9.95765510845712,208.586160637506));
#3497=CARTESIAN_POINT('Ctrl Pts',(263.171866689828,9.76209944707318,208.56665604835));
#3498=CARTESIAN_POINT('Ctrl Pts',(263.141736568816,9.57652796384716,208.557843260746));
#3499=CARTESIAN_POINT('Ctrl Pts',(263.122785659961,9.44953415068552,208.560690780356));
#3500=CARTESIAN_POINT('Ctrl Pts',(263.083312951819,9.19110486260267,208.576610801377));
#3501=CARTESIAN_POINT('Ctrl Pts',(263.045465837283,8.93376202364186,208.607108125087));
#3502=CARTESIAN_POINT('Ctrl Pts',(263.027752449583,8.80765441291427,208.62434716296));
#3503=CARTESIAN_POINT('Ctrl Pts',(262.995508728054,8.56138196800051,208.662630911326));
#3504=CARTESIAN_POINT('Ctrl Pts',(262.966791995784,8.32468160541791,208.708828543141));
#3505=CARTESIAN_POINT('Ctrl Pts',(262.952672166522,8.20820218503248,208.733987356633));
#3506=CARTESIAN_POINT('Ctrl Pts',(262.92343731928,7.97834866677922,208.788754046607));
#3507=CARTESIAN_POINT('Ctrl Pts',(262.891887057661,7.75517640464936,208.852167053797));
#3508=CARTESIAN_POINT('Ctrl Pts',(262.875414434053,7.64536086380504,208.885993798359));
#3509=CARTESIAN_POINT('Ctrl Pts',(262.841308504524,7.42897873742739,208.957324173738));
#3510=CARTESIAN_POINT('Ctrl Pts',(262.80474544771,7.21756126786778,209.035101086915));
#3511=CARTESIAN_POINT('Ctrl Pts',(262.785835589939,7.11265538921525,209.07535396925));
#3512=CARTESIAN_POINT('Ctrl Pts',(262.756506640023,6.95684620775811,209.13782285477));
#3513=CARTESIAN_POINT('Ctrl Pts',(262.726561704585,6.80510440726159,209.203895743239));
#3514=CARTESIAN_POINT('Ctrl Pts',(262.716555965245,6.75505781657072,209.22634252844));
#3515=CARTESIAN_POINT('Ctrl Pts',(262.696613521813,6.65609953946872,209.272109693552));
#3516=CARTESIAN_POINT('Ctrl Pts',(262.676997013142,6.55914172620104,209.319548895981));
#3517=CARTESIAN_POINT('Ctrl Pts',(262.667317637759,6.51110025945205,209.343669166414));
#3518=CARTESIAN_POINT('Ctrl Pts',(262.648299611071,6.41563715994687,209.392618092837));
#3519=CARTESIAN_POINT('Ctrl Pts',(262.630101522008,6.32126697125219,209.442791951103));
#3520=CARTESIAN_POINT('Ctrl Pts',(262.621242007635,6.27431281631498,209.468137367528));
#3521=CARTESIAN_POINT('Ctrl Pts',(262.604049641667,6.18096426866333,209.519249134067));
#3522=CARTESIAN_POINT('Ctrl Pts',(262.587933388814,6.0888965627556,209.571137641958));
#3523=CARTESIAN_POINT('Ctrl Pts',(262.580150677429,6.04322550491888,209.597259005203));
#3524=CARTESIAN_POINT('Ctrl Pts',(262.55759634579,5.90733119583748,209.676209232));
#3525=CARTESIAN_POINT('Ctrl Pts',(262.537345841227,5.77481941812575,209.757479934917));
#3526=CARTESIAN_POINT('Ctrl Pts',(262.524762805446,5.68786178092134,209.813119912084));
#3527=CARTESIAN_POINT('Ctrl Pts',(262.501775731665,5.51862260384045,209.93021441727));
#3528=CARTESIAN_POINT('Ctrl Pts',(262.482397259291,5.36077991514727,210.058893401357));
#3529=CARTESIAN_POINT('Ctrl Pts',(262.473363334526,5.28521390531867,210.126194965226));
#3530=CARTESIAN_POINT('Ctrl Pts',(262.455144678638,5.13730708694881,210.261372939291));
#3531=CARTESIAN_POINT('Ctrl Pts',(262.439488831489,4.99378781006464,210.395508138569));
#3532=CARTESIAN_POINT('Ctrl Pts',(262.433249717726,4.92278132344295,210.461877803149));
#3533=CARTESIAN_POINT('Ctrl Pts',(262.421185865817,4.7803850195901,210.592900448913));
#3534=CARTESIAN_POINT('Ctrl Pts',(262.407788880343,4.63839313772682,210.721564162979));
#3535=CARTESIAN_POINT('Ctrl Pts',(262.400594789943,4.5680870155109,210.785852049035));
#3536=CARTESIAN_POINT('Ctrl Pts',(262.388806759913,4.43242903281871,210.916677830886));
#3537=CARTESIAN_POINT('Ctrl Pts',(262.381658308308,4.30537474875598,211.050713840683));
#3538=CARTESIAN_POINT('Ctrl Pts',(262.379208171437,4.24378232103323,211.118284583233));
#3539=CARTESIAN_POINT('Ctrl Pts',(262.377445783769,4.06667950211547,211.324368965944));
#3540=CARTESIAN_POINT('Ctrl Pts',(262.39252024797,3.91289681811778,211.541629208366));
#3541=CARTESIAN_POINT('Ctrl Pts',(262.408057483544,3.81907211852077,211.691190672821));
#3542=CARTESIAN_POINT('Ctrl Pts',(262.452824177975,3.54316672303878,212.132269878619));
#3543=CARTESIAN_POINT('Ctrl Pts',(262.474308993275,3.27587345344325,212.545901267847));
#3544=CARTESIAN_POINT('Ctrl Pts',(262.463628892032,3.0996074548152,212.831630110721));
#3545=CARTESIAN_POINT('Ctrl Pts',(262.453283902877,2.91831968021142,213.112397057127));
#3546=CARTESIAN_POINT('Ctrl Pts',(262.441926192982,2.73672008632296,213.390443430614));
#3547=CARTESIAN_POINT('Ctrl Pts',(264.825958988729,14.5449519772895,213.2751613739));
#3548=CARTESIAN_POINT('Ctrl Pts',(264.773968708615,14.3521311723277,213.007370481083));
#3549=CARTESIAN_POINT('Ctrl Pts',(264.722219631497,14.1575245245457,212.741989998714));
#3550=CARTESIAN_POINT('Ctrl Pts',(264.671777224249,13.9623599339065,212.47929088848));
#3551=CARTESIAN_POINT('Ctrl Pts',(264.585653726803,13.6615597940314,212.081383934996));
#3552=CARTESIAN_POINT('Ctrl Pts',(264.475263553766,13.3444719875375,211.67108177208));
#3553=CARTESIAN_POINT('Ctrl Pts',(264.435166747447,13.2365166022051,211.532856118644));
#3554=CARTESIAN_POINT('Ctrl Pts',(264.348961454626,13.0183643892988,211.253312174145));
#3555=CARTESIAN_POINT('Ctrl Pts',(264.253694037137,12.7983474944064,210.967901748164));
#3556=CARTESIAN_POINT('Ctrl Pts',(264.205384377908,12.6880747774252,210.825573271365));
#3557=CARTESIAN_POINT('Ctrl Pts',(264.125086088939,12.5224422947383,210.603283909248));
#3558=CARTESIAN_POINT('Ctrl Pts',(264.029984771379,12.3521723607554,210.359157032982));
#3559=CARTESIAN_POINT('Ctrl Pts',(263.996599653187,12.2944970810279,210.275235587266));
#3560=CARTESIAN_POINT('Ctrl Pts',(263.927937596752,12.1756524319044,210.106365298845));
#3561=CARTESIAN_POINT('Ctrl Pts',(263.856802974586,12.0535703311533,209.939672790329));
#3562=CARTESIAN_POINT('Ctrl Pts',(263.821201579626,11.9924813472404,209.858252962139));
#3563=CARTESIAN_POINT('Ctrl Pts',(263.74760218238,11.8743786700011,209.696974072244));
#3564=CARTESIAN_POINT('Ctrl Pts',(263.658803071258,11.7654414646093,209.52741203597));
#3565=CARTESIAN_POINT('Ctrl Pts',(263.608100342938,11.71330815928,209.437930447281));
#3566=CARTESIAN_POINT('Ctrl Pts',(263.523356458618,11.6362658708368,209.297241352581));
#3567=CARTESIAN_POINT('Ctrl Pts',(263.431274788048,11.5612264381418,209.148845432034));
#3568=CARTESIAN_POINT('Ctrl Pts',(263.400079470057,11.5363730942542,209.098651021589));
#3569=CARTESIAN_POINT('Ctrl Pts',(263.337337372649,11.4866126235925,208.997176925572));
#3570=CARTESIAN_POINT('Ctrl Pts',(263.277953410528,11.430711086818,208.897279442445));
#3571=CARTESIAN_POINT('Ctrl Pts',(263.250011918318,11.399900555592,208.848561693542));
#3572=CARTESIAN_POINT('Ctrl Pts',(263.202191594859,11.3254076387433,208.757854351615));
#3573=CARTESIAN_POINT('Ctrl Pts',(263.175927710519,11.2193101916001,208.684924001387));
#3574=CARTESIAN_POINT('Ctrl Pts',(263.169458428402,11.1569409880554,208.653909117175));
#3575=CARTESIAN_POINT('Ctrl Pts',(263.168951247012,11.0181305492269,208.601431799706));
#3576=CARTESIAN_POINT('Ctrl Pts',(263.189314626772,10.855838750562,208.56958699332));
#3577=CARTESIAN_POINT('Ctrl Pts',(263.203878068416,10.7698843459966,208.559271307968));
#3578=CARTESIAN_POINT('Ctrl Pts',(263.234169679001,10.5934954736363,208.547947705797));
#3579=CARTESIAN_POINT('Ctrl Pts',(263.254190966891,10.4187534940987,208.544723585728));
#3580=CARTESIAN_POINT('Ctrl Pts',(263.25840424322,10.3342576102098,208.542524982628));
#3581=CARTESIAN_POINT('Ctrl Pts',(263.256882263329,10.1722957022722,208.534480745717));
#3582=CARTESIAN_POINT('Ctrl Pts',(263.242578318403,10.0248896360827,208.522458381668));
#3583=CARTESIAN_POINT('Ctrl Pts',(263.233959277911,9.95494260997926,208.516141880716));
#3584=CARTESIAN_POINT('Ctrl Pts',(263.207077154349,9.75301082302089,208.499643027127));
#3585=CARTESIAN_POINT('Ctrl Pts',(263.178506813462,9.56539270413241,208.493915612835));
#3586=CARTESIAN_POINT('Ctrl Pts',(263.159802682771,9.43741143876249,208.498410603965));
#3587=CARTESIAN_POINT('Ctrl Pts',(263.119834337378,9.17690420414442,208.517186696111));
#3588=CARTESIAN_POINT('Ctrl Pts',(263.080969380738,8.91774941765352,208.549891093825));
#3589=CARTESIAN_POINT('Ctrl Pts',(263.062944336624,8.79090149109531,208.568112311578));
#3590=CARTESIAN_POINT('Ctrl Pts',(263.030394757208,8.54363224837343,208.608001089547));
#3591=CARTESIAN_POINT('Ctrl Pts',(263.001609592364,8.30630868478549,208.655296179806));
#3592=CARTESIAN_POINT('Ctrl Pts',(262.987417716575,8.18948241939665,208.680920575209));
#3593=CARTESIAN_POINT('Ctrl Pts',(262.957947627251,7.95876508642987,208.736610931048));
#3594=CARTESIAN_POINT('Ctrl Pts',(262.926213189054,7.73460777029862,208.801043342506));
#3595=CARTESIAN_POINT('Ctrl Pts',(262.909715387958,7.62431909206974,208.835435845881));
#3596=CARTESIAN_POINT('Ctrl Pts',(262.875752610604,7.40706674871392,208.90797002529));
#3597=CARTESIAN_POINT('Ctrl Pts',(262.839457492541,7.19480886089482,208.98701640216));
#3598=CARTESIAN_POINT('Ctrl Pts',(262.820652568143,7.08946687845606,209.027899887718));
#3599=CARTESIAN_POINT('Ctrl Pts',(262.791261954824,6.93296894921727,209.091314253266));
#3600=CARTESIAN_POINT('Ctrl Pts',(262.760928024191,6.78047174206057,209.158381929422));
#3601=CARTESIAN_POINT('Ctrl Pts',(262.750755667471,6.73016535070475,209.181168277489));
#3602=CARTESIAN_POINT('Ctrl Pts',(262.730418432201,6.63067567466848,209.227637155197));
#3603=CARTESIAN_POINT('Ctrl Pts',(262.71032653817,6.53317806841472,209.275829110833));
#3604=CARTESIAN_POINT('Ctrl Pts',(262.700399816462,6.48486850506004,209.300340039984));
#3605=CARTESIAN_POINT('Ctrl Pts',(262.680894460885,6.38887777655808,209.350096158853));
#3606=CARTESIAN_POINT('Ctrl Pts',(262.662256757233,6.29402826526463,209.40110642447));
#3607=CARTESIAN_POINT('Ctrl Pts',(262.653197883392,6.24685407500767,209.426871946376));
#3608=CARTESIAN_POINT('Ctrl Pts',(262.635653994855,6.15313453314284,209.478808579403));
#3609=CARTESIAN_POINT('Ctrl Pts',(262.619274019908,6.06083474738118,209.531458980691));
#3610=CARTESIAN_POINT('Ctrl Pts',(262.611379948541,6.01508343211964,209.557937450769));
#3611=CARTESIAN_POINT('Ctrl Pts',(262.588536478235,5.87900525906286,209.637871075782));
#3612=CARTESIAN_POINT('Ctrl Pts',(262.568115758204,5.7463386157614,209.71987920566));
#3613=CARTESIAN_POINT('Ctrl Pts',(262.555443228754,5.65912987075383,209.775902390882));
#3614=CARTESIAN_POINT('Ctrl Pts',(262.532555123646,5.48936229925107,209.893911325632));
#3615=CARTESIAN_POINT('Ctrl Pts',(262.513853886736,5.33139715766537,210.024153214335));
#3616=CARTESIAN_POINT('Ctrl Pts',(262.505326337197,5.25599730564645,210.092512238361));
#3617=CARTESIAN_POINT('Ctrl Pts',(262.487686528447,5.10811851665378,210.229524805105));
#3618=CARTESIAN_POINT('Ctrl Pts',(262.471371612924,4.96377013703853,210.364584879749));
#3619=CARTESIAN_POINT('Ctrl Pts',(262.464400435325,4.89208211701692,210.431107357906));
#3620=CARTESIAN_POINT('Ctrl Pts',(262.450505981904,4.74817907263915,210.562259603029));
#3621=CARTESIAN_POINT('Ctrl Pts',(262.435637390363,4.60521131852284,210.691304757425));
#3622=CARTESIAN_POINT('Ctrl Pts',(262.428121516118,4.53480645091414,210.756037448374));
#3623=CARTESIAN_POINT('Ctrl Pts',(262.416885659985,4.40001225408999,210.888349698448));
#3624=CARTESIAN_POINT('Ctrl Pts',(262.411728335518,4.275117904134,211.024494744477));
#3625=CARTESIAN_POINT('Ctrl Pts',(262.410430205953,4.21475345833181,211.09315200791));
#3626=CARTESIAN_POINT('Ctrl Pts',(262.412181497304,4.04145343939451,211.302494222238));
#3627=CARTESIAN_POINT('Ctrl Pts',(262.430403271874,3.89126261444717,211.522808016199));
#3628=CARTESIAN_POINT('Ctrl Pts',(262.44733706928,3.79917129668103,211.674124992113));
#3629=CARTESIAN_POINT('Ctrl Pts',(262.493765558787,3.52554782605231,212.118345549537));
#3630=CARTESIAN_POINT('Ctrl Pts',(262.512384833219,3.25583597812734,212.531756554316));
#3631=CARTESIAN_POINT('Ctrl Pts',(262.501450994734,3.07870648615448,212.817855872736));
#3632=CARTESIAN_POINT('Ctrl Pts',(262.489988463378,2.89766202119721,213.099581074925));
#3633=CARTESIAN_POINT('Ctrl Pts',(262.478040782881,2.71635077926769,213.378361153318));
#3634=CARTESIAN_POINT('Ctrl Pts',(264.909688325609,14.553638248347,213.255418176834));
#3635=CARTESIAN_POINT('Ctrl Pts',(264.858605141154,14.3606403863391,212.986094236999));
#3636=CARTESIAN_POINT('Ctrl Pts',(264.80796596686,14.165756579505,212.71904216513));
#3637=CARTESIAN_POINT('Ctrl Pts',(264.75832516135,13.9702440792242,212.454585325896));
#3638=CARTESIAN_POINT('Ctrl Pts',(264.674019049129,13.6684112359359,212.053910084889));
#3639=CARTESIAN_POINT('Ctrl Pts',(264.566802071528,13.3506308541834,211.64068194482));
#3640=CARTESIAN_POINT('Ctrl Pts',(264.527961967806,13.242569944844,211.501383256027));
#3641=CARTESIAN_POINT('Ctrl Pts',(264.44461198754,13.024163722555,211.219971286602));
#3642=CARTESIAN_POINT('Ctrl Pts',(264.351696274993,12.8038986002037,210.931612681806));
#3643=CARTESIAN_POINT('Ctrl Pts',(264.304071874493,12.6937780353546,210.786673693661));
#3644=CARTESIAN_POINT('Ctrl Pts',(264.224295005299,12.5271480302605,210.560745749816));
#3645=CARTESIAN_POINT('Ctrl Pts',(264.130228859187,12.3565271598927,210.313861172854));
#3646=CARTESIAN_POINT('Ctrl Pts',(264.097289040134,12.2989926796812,210.229055235368));
#3647=CARTESIAN_POINT('Ctrl Pts',(264.029803363818,12.181221340623,210.058095603835));
#3648=CARTESIAN_POINT('Ctrl Pts',(263.96086729359,12.0602121966266,209.889070876449));
#3649=CARTESIAN_POINT('Ctrl Pts',(263.926643810382,11.9993378764869,209.806421183934));
#3650=CARTESIAN_POINT('Ctrl Pts',(263.857075726523,11.8797235304644,209.643224618165));
#3651=CARTESIAN_POINT('Ctrl Pts',(263.775088314506,11.7654536392573,209.473382701845));
#3652=CARTESIAN_POINT('Ctrl Pts',(263.728409805655,11.7097978511747,209.384204004638));
#3653=CARTESIAN_POINT('Ctrl Pts',(263.648519075959,11.6274067249331,209.242806131906));
#3654=CARTESIAN_POINT('Ctrl Pts',(263.557907487863,11.5491059619721,209.090710783894));
#3655=CARTESIAN_POINT('Ctrl Pts',(263.526723353929,11.5235216273252,209.038872615198));
#3656=CARTESIAN_POINT('Ctrl Pts',(263.462538256003,11.4736351898968,208.93295005548));
#3657=CARTESIAN_POINT('Ctrl Pts',(263.397520184986,11.4218590192604,208.825155300421));
#3658=CARTESIAN_POINT('Ctrl Pts',(263.365375158823,11.3946238126081,208.771319785653));
#3659=CARTESIAN_POINT('Ctrl Pts',(263.306289815517,11.3302136041515,208.667813710199));
#3660=CARTESIAN_POINT('Ctrl Pts',(263.264880565958,11.2389559163541,208.577060354522));
#3661=CARTESIAN_POINT('Ctrl Pts',(263.250074759351,11.1851663327214,208.535691846));
#3662=CARTESIAN_POINT('Ctrl Pts',(263.233594202171,11.0659352911985,208.460013745395));
#3663=CARTESIAN_POINT('Ctrl Pts',(263.247267746595,10.9167467150373,208.40991451672));
#3664=CARTESIAN_POINT('Ctrl Pts',(263.262991572444,10.8328945232127,208.394243396375));
#3665=CARTESIAN_POINT('Ctrl Pts',(263.299674313166,10.6502898745732,208.380189497478));
#3666=CARTESIAN_POINT('Ctrl Pts',(263.324566525421,10.4565476729271,208.382375272156));
#3667=CARTESIAN_POINT('Ctrl Pts',(263.32849494271,10.3610463291383,208.383026401358));
#3668=CARTESIAN_POINT('Ctrl Pts',(263.324119956105,10.1793636923544,208.379870003623));
#3669=CARTESIAN_POINT('Ctrl Pts',(263.308026151231,10.0185933638872,208.373138573414));
#3670=CARTESIAN_POINT('Ctrl Pts',(263.299971014634,9.94401063865423,208.369855857561));
#3671=CARTESIAN_POINT('Ctrl Pts',(263.276444586854,9.73153270294054,208.362697747714));
#3672=CARTESIAN_POINT('Ctrl Pts',(263.252954220207,9.54060618802061,208.365612908676));
#3673=CARTESIAN_POINT('Ctrl Pts',(263.234988594405,9.4105255789251,208.374203604978));
#3674=CARTESIAN_POINT('Ctrl Pts',(263.194420913227,9.14603337839818,208.399591166335));
#3675=CARTESIAN_POINT('Ctrl Pts',(263.153471128219,8.8837820011456,208.436554206176));
#3676=CARTESIAN_POINT('Ctrl Pts',(263.13481826731,8.75582862105195,208.456562273327));
#3677=CARTESIAN_POINT('Ctrl Pts',(263.101622007542,8.50720946140316,208.499280242117));
#3678=CARTESIAN_POINT('Ctrl Pts',(263.072540547368,8.26897330484813,208.548409894479));
#3679=CARTESIAN_POINT('Ctrl Pts',(263.058072573239,8.15150515629248,208.574810531354));
#3680=CARTESIAN_POINT('Ctrl Pts',(263.027811710633,7.91905235321846,208.63207466382));
#3681=CARTESIAN_POINT('Ctrl Pts',(262.995402322383,7.69287069574582,208.698354434946));
#3682=CARTESIAN_POINT('Ctrl Pts',(262.978735343936,7.58164356312547,208.733804324933));
#3683=CARTESIAN_POINT('Ctrl Pts',(262.944910180951,7.36273473480174,208.808626632055));
#3684=CARTESIAN_POINT('Ctrl Pts',(262.909128279813,7.14888866215189,208.890114925249));
#3685=CARTESIAN_POINT('Ctrl Pts',(262.890543719225,7.04269302404172,208.932208059395));
#3686=CARTESIAN_POINT('Ctrl Pts',(262.861037503575,6.88474147464366,208.997431219601));
#3687=CARTESIAN_POINT('Ctrl Pts',(262.829879997023,6.73050315156311,209.066425576345));
#3688=CARTESIAN_POINT('Ctrl Pts',(262.819351245204,6.67958312611178,209.089873586875));
#3689=CARTESIAN_POINT('Ctrl Pts',(262.798163960476,6.57881694387619,209.137722737969));
#3690=CARTESIAN_POINT('Ctrl Pts',(262.777048881921,6.48002271297597,209.187432380429));
#3691=CARTESIAN_POINT('Ctrl Pts',(262.766592226153,6.43107920571568,209.212742448618));
#3692=CARTESIAN_POINT('Ctrl Pts',(262.746054863996,6.33389308038518,209.264177696577));
#3693=CARTESIAN_POINT('Ctrl Pts',(262.726513431587,6.23807381709096,209.316982444483));
#3694=CARTESIAN_POINT('Ctrl Pts',(262.717053657835,6.1904912406991,209.343663092349));
#3695=CARTESIAN_POINT('Ctrl Pts',(262.698818696239,6.09615434557842,209.397420415066));
#3696=CARTESIAN_POINT('Ctrl Pts',(262.681942501484,6.00360033688675,209.451792698869));
#3697=CARTESIAN_POINT('Ctrl Pts',(262.673842827594,5.95780565836866,209.479087387431));
#3698=CARTESIAN_POINT('Ctrl Pts',(262.650463980889,5.82170554277714,209.561293944197));
#3699=CARTESIAN_POINT('Ctrl Pts',(262.629709852489,5.68897992640458,209.645074129101));
#3700=CARTESIAN_POINT('Ctrl Pts',(262.616836633351,5.6013199173111,209.702052683638));
#3701=CARTESIAN_POINT('Ctrl Pts',(262.59414565995,5.43053575233877,209.822246649775));
#3702=CARTESIAN_POINT('Ctrl Pts',(262.576686833443,5.27210479275411,209.95561959175));
#3703=CARTESIAN_POINT('Ctrl Pts',(262.569045780033,5.1968314364514,210.02593476665));
#3704=CARTESIAN_POINT('Ctrl Pts',(262.551943528958,5.04829208380315,210.165886689262));
#3705=CARTESIAN_POINT('Ctrl Pts',(262.53345787078,4.90144814291675,210.301769992749));
#3706=CARTESIAN_POINT('Ctrl Pts',(262.524660374401,4.82806392365717,210.368135866642));
#3707=CARTESIAN_POINT('Ctrl Pts',(262.506961667295,4.68103887063248,210.499149854533));
#3708=CARTESIAN_POINT('Ctrl Pts',(262.490199785346,4.53715253951676,210.629637390565));
#3709=CARTESIAN_POINT('Ctrl Pts',(262.482881184137,4.4673680546314,210.695880043386));
#3710=CARTESIAN_POINT('Ctrl Pts',(262.474577737236,4.336100928171,210.832528865322));
#3711=CARTESIAN_POINT('Ctrl Pts',(262.474844596657,4.21697732591454,210.973983357009));
#3712=CARTESIAN_POINT('Ctrl Pts',(262.476312977807,4.15954733378625,211.0451638974));
#3713=CARTESIAN_POINT('Ctrl Pts',(262.485760053789,3.99458325124909,211.261536419759));
#3714=CARTESIAN_POINT('Ctrl Pts',(262.509267195885,3.85063138557446,211.487246360477));
#3715=CARTESIAN_POINT('Ctrl Pts',(262.528204401066,3.76120431911402,211.641545801183));
#3716=CARTESIAN_POINT('Ctrl Pts',(262.576229480151,3.49033967075216,212.09108729843));
#3717=CARTESIAN_POINT('Ctrl Pts',(262.588993432883,3.21569009899699,212.504217160407));
#3718=CARTESIAN_POINT('Ctrl Pts',(262.577655495035,3.03738191408527,212.790803934235));
#3719=CARTESIAN_POINT('Ctrl Pts',(262.564010591012,2.85666247166592,213.074364147238));
#3720=CARTESIAN_POINT('Ctrl Pts',(262.550880732887,2.67582064625718,213.354573426359));
#3721=CARTESIAN_POINT('Ctrl Pts',(264.994102853973,14.5616922732258,213.236689356481));
#3722=CARTESIAN_POINT('Ctrl Pts',(264.943933598857,14.3684766189788,212.965842860096));
#3723=CARTESIAN_POINT('Ctrl Pts',(264.894438765314,14.1732733966702,212.697136482109));
#3724=CARTESIAN_POINT('Ctrl Pts',(264.845685455877,13.9773476859221,212.430925682247));
#3725=CARTESIAN_POINT('Ctrl Pts',(264.763448940648,13.6744689151897,212.027545492413));
#3726=CARTESIAN_POINT('Ctrl Pts',(264.659561414818,13.3560089899417,211.611545459442));
#3727=CARTESIAN_POINT('Ctrl Pts',(264.622001888671,13.247854213515,211.471223587135));
#3728=CARTESIAN_POINT('Ctrl Pts',(264.541391875979,13.0292223579104,211.187789553704));
#3729=CARTESIAN_POINT('Ctrl Pts',(264.450620066038,12.8088398911568,210.896110275735));
#3730=CARTESIAN_POINT('Ctrl Pts',(264.403582316459,12.6990117921589,210.748320625024));
#3731=CARTESIAN_POINT('Ctrl Pts',(264.324585895587,12.5322629929217,210.518479792397));
#3732=CARTESIAN_POINT('Ctrl Pts',(264.232474697154,12.3614120985918,210.269993558213));
#3733=CARTESIAN_POINT('Ctrl Pts',(264.200362836194,12.3038872415453,210.184903199084));
#3734=CARTESIAN_POINT('Ctrl Pts',(264.134841635496,12.1866230016397,210.013305825648));
#3735=CARTESIAN_POINT('Ctrl Pts',(264.068391604672,12.0659824293621,209.843149378879));
#3736=CARTESIAN_POINT('Ctrl Pts',(264.035449199563,12.0050260995637,209.759641772075));
#3737=CARTESIAN_POINT('Ctrl Pts',(263.968845014877,11.8837119781642,209.59438692885));
#3738=CARTESIAN_POINT('Ctrl Pts',(263.892205395625,11.7641325309339,209.423130674366));
#3739=CARTESIAN_POINT('Ctrl Pts',(263.849085340801,11.7048814193006,209.333623064882));
#3740=CARTESIAN_POINT('Ctrl Pts',(263.775087221829,11.6158271369417,209.191821656136));
#3741=CARTESIAN_POINT('Ctrl Pts',(263.690818679213,11.5295414549561,209.03910830306));
#3742=CARTESIAN_POINT('Ctrl Pts',(263.661753353035,11.5012030683583,208.987000375774));
#3743=CARTESIAN_POINT('Ctrl Pts',(263.601485867391,11.4460069935751,208.880170276048));
#3744=CARTESIAN_POINT('Ctrl Pts',(263.537175085439,11.3922499886701,208.768564445299));
#3745=CARTESIAN_POINT('Ctrl Pts',(263.503996447595,11.365528301908,208.711607188197));
#3746=CARTESIAN_POINT('Ctrl Pts',(263.437664306115,11.3078300029382,208.597255777371));
#3747=CARTESIAN_POINT('Ctrl Pts',(263.37720543355,11.2369739972559,208.483593181306));
#3748=CARTESIAN_POINT('Ctrl Pts',(263.34920608117,11.1976703918916,208.426785121835));
#3749=CARTESIAN_POINT('Ctrl Pts',(263.304069017065,11.1118205411007,208.314942846794));
#3750=CARTESIAN_POINT('Ctrl Pts',(263.304434982095,10.9817145737395,208.237545658291));
#3751=CARTESIAN_POINT('Ctrl Pts',(263.323009359543,10.897798391722,208.21559486246));
#3752=CARTESIAN_POINT('Ctrl Pts',(263.373300453965,10.6983175987359,208.200159395098));
#3753=CARTESIAN_POINT('Ctrl Pts',(263.40249060653,10.4761161116564,208.208633939512));
#3754=CARTESIAN_POINT('Ctrl Pts',(263.400213043202,10.3688122361398,208.210965279968));
#3755=CARTESIAN_POINT('Ctrl Pts',(263.387684253578,10.1711173899807,208.213358123677));
#3756=CARTESIAN_POINT('Ctrl Pts',(263.371603678518,10.0035895200253,208.215404088096));
#3757=CARTESIAN_POINT('Ctrl Pts',(263.365714149701,9.9267443041074,208.217054573196));
#3758=CARTESIAN_POINT('Ctrl Pts',(263.348935654499,9.70860829886862,208.224108764628));
#3759=CARTESIAN_POINT('Ctrl Pts',(263.331592328054,9.51430426793155,208.238514881204));
#3760=CARTESIAN_POINT('Ctrl Pts',(263.314313667333,9.38166491086995,208.252164413301));
#3761=CARTESIAN_POINT('Ctrl Pts',(263.273140306716,9.11285116333108,208.285110713757));
#3762=CARTESIAN_POINT('Ctrl Pts',(263.229904569377,8.8480315838423,208.325855858231));
#3763=CARTESIAN_POINT('Ctrl Pts',(263.21054547923,8.71944450088005,208.347259463867));
#3764=CARTESIAN_POINT('Ctrl Pts',(263.176434979715,8.47023203817303,208.392003220208));
#3765=CARTESIAN_POINT('Ctrl Pts',(263.14649284752,8.23132746116459,208.44223069137));
#3766=CARTESIAN_POINT('Ctrl Pts',(263.131366990779,8.11315111645246,208.469086782229));
#3767=CARTESIAN_POINT('Ctrl Pts',(263.099472216062,7.87869624948116,208.527348210129));
#3768=CARTESIAN_POINT('Ctrl Pts',(263.065610590481,7.65027854468063,208.59504076619));
#3769=CARTESIAN_POINT('Ctrl Pts',(263.048459249168,7.53810759865726,208.63136776346));
#3770=CARTESIAN_POINT('Ctrl Pts',(263.014299930396,7.31768017701822,208.708157666242));
#3771=CARTESIAN_POINT('Ctrl Pts',(262.978785033198,7.1023253894554,208.791764426341));
#3772=CARTESIAN_POINT('Ctrl Pts',(262.960336602457,6.99521495147062,208.834883707675));
#3773=CARTESIAN_POINT('Ctrl Pts',(262.930596938638,6.83545229917638,208.90162047907));
#3774=CARTESIAN_POINT('Ctrl Pts',(262.898476442038,6.6788564089526,208.972312402331));
#3775=CARTESIAN_POINT('Ctrl Pts',(262.887540929863,6.62709540473046,208.996358001304));
#3776=CARTESIAN_POINT('Ctrl Pts',(262.865400580608,6.52458312880778,209.045496407398));
#3777=CARTESIAN_POINT('Ctrl Pts',(262.843179011455,6.42407801433536,209.096727811628));
#3778=CARTESIAN_POINT('Ctrl Pts',(262.832161527582,6.37432783781129,209.122867995283));
#3779=CARTESIAN_POINT('Ctrl Pts',(262.810568255987,6.27572835243998,209.176110461198));
#3780=CARTESIAN_POINT('Ctrl Pts',(262.790175650353,6.17899019830353,209.230963285105));
#3781=CARTESIAN_POINT('Ctrl Pts',(262.780360985927,6.13109603533855,209.258715819185));
#3782=CARTESIAN_POINT('Ctrl Pts',(262.761548438998,6.03642845079989,209.314650446822));
#3783=CARTESIAN_POINT('Ctrl Pts',(262.7442853049,5.94399902651915,209.371149091443));
#3784=CARTESIAN_POINT('Ctrl Pts',(262.736021925939,5.89834995442508,209.399464568868));
#3785=CARTESIAN_POINT('Ctrl Pts',(262.712160205192,5.76272024520076,209.484540188944));
#3786=CARTESIAN_POINT('Ctrl Pts',(262.690898228017,5.63011700095537,209.570610677441));
#3787=CARTESIAN_POINT('Ctrl Pts',(262.677604283206,5.54191122706034,209.628842528251));
#3788=CARTESIAN_POINT('Ctrl Pts',(262.654725193661,5.36992062625877,209.751736271012));
#3789=CARTESIAN_POINT('Ctrl Pts',(262.63791196636,5.2104554201281,209.887983400247));
#3790=CARTESIAN_POINT('Ctrl Pts',(262.630737208677,5.13484159157224,209.959779107063));
#3791=CARTESIAN_POINT('Ctrl Pts',(262.612988713373,4.98447233946169,210.101280739162));
#3792=CARTESIAN_POINT('Ctrl Pts',(262.591520271739,4.83443145025425,210.236686424712));
#3793=CARTESIAN_POINT('Ctrl Pts',(262.580852570617,4.75934690221039,210.302499800318));
#3794=CARTESIAN_POINT('Ctrl Pts',(262.560527801794,4.6103364211389,210.433645679727));
#3795=CARTESIAN_POINT('Ctrl Pts',(262.544977987091,4.46846424104901,210.567628337272));
#3796=CARTESIAN_POINT('Ctrl Pts',(262.539757858444,4.40110334791511,210.63676175157));
#3797=CARTESIAN_POINT('Ctrl Pts',(262.537917449588,4.27675831082345,210.780330788574));
#3798=CARTESIAN_POINT('Ctrl Pts',(262.545647534194,4.16542911369167,210.928624742687));
#3799=CARTESIAN_POINT('Ctrl Pts',(262.550336240512,4.11141047535982,211.00267646903));
#3800=CARTESIAN_POINT('Ctrl Pts',(262.56757217318,3.95498042986353,211.226196775754));
#3801=CARTESIAN_POINT('Ctrl Pts',(262.593615155977,3.81463792806439,211.45539006983));
#3802=CARTESIAN_POINT('Ctrl Pts',(262.612788328754,3.72604734770073,211.611500954228));
#3803=CARTESIAN_POINT('Ctrl Pts',(262.659102755114,3.45449083533061,212.064597356239));
#3804=CARTESIAN_POINT('Ctrl Pts',(262.66662669642,3.17576645834383,212.478408145589));
#3805=CARTESIAN_POINT('Ctrl Pts',(262.654393109503,2.99716804131166,212.765282941407));
#3806=CARTESIAN_POINT('Ctrl Pts',(262.639065243873,2.81637839768306,213.050192540604));
#3807=CARTESIAN_POINT('Ctrl Pts',(262.62486815506,2.63577132698911,213.331644899886));
#3808=CARTESIAN_POINT('Ctrl Pts',(265.036472726577,14.5655578947753,213.227584493795));
#3809=CARTESIAN_POINT('Ctrl Pts',(264.986750975511,14.3722219838648,212.955983328337));
#3810=CARTESIAN_POINT('Ctrl Pts',(264.937811388188,14.1768463719656,212.686463167413));
#3811=CARTESIAN_POINT('Ctrl Pts',(264.889569360645,13.9807001437481,212.419370444446));
#3812=CARTESIAN_POINT('Ctrl Pts',(264.808426279484,13.6773071314503,212.014632400424));
#3813=CARTESIAN_POINT('Ctrl Pts',(264.706232352994,13.3585154215212,211.597274440893));
#3814=CARTESIAN_POINT('Ctrl Pts',(264.669315468209,13.2503140877395,211.456456132941));
#3815=CARTESIAN_POINT('Ctrl Pts',(264.590043937,13.0315728628456,211.171987825453));
#3816=CARTESIAN_POINT('Ctrl Pts',(264.500296926996,12.811147861682,210.878621137996));
#3817=CARTESIAN_POINT('Ctrl Pts',(264.453530196349,12.7014718661264,210.729422019384));
#3818=CARTESIAN_POINT('Ctrl Pts',(264.375004560951,12.5348395758944,210.497641350647));
#3819=CARTESIAN_POINT('Ctrl Pts',(264.284071633568,12.3639203830079,210.248554773653));
#3820=CARTESIAN_POINT('Ctrl Pts',(264.252452647568,12.3063797484141,210.163422857304));
#3821=CARTESIAN_POINT('Ctrl Pts',(264.188064817019,12.1892372604814,209.991760801535));
#3822=CARTESIAN_POINT('Ctrl Pts',(264.122864229007,12.0685911412378,209.821240267472));
#3823=CARTESIAN_POINT('Ctrl Pts',(264.090506072139,12.0075088224171,209.737361743456));
#3824=CARTESIAN_POINT('Ctrl Pts',(264.025057016896,11.8852784711516,209.571042920392));
#3825=CARTESIAN_POINT('Ctrl Pts',(263.950544686464,11.7631706976983,209.398776749891));
#3826=CARTESIAN_POINT('Ctrl Pts',(263.908952763118,11.7022164709154,209.308907447681));
#3827=CARTESIAN_POINT('Ctrl Pts',(263.83786857226,11.6099804108228,209.166777710446));
#3828=CARTESIAN_POINT('Ctrl Pts',(263.757583253204,11.519378744665,209.014111017091));
#3829=CARTESIAN_POINT('Ctrl Pts',(263.729957583019,11.4894826310908,208.962049790341));
#3830=CARTESIAN_POINT('Ctrl Pts',(263.672750749088,11.4309817992226,208.855327569506));
#3831=CARTESIAN_POINT('Ctrl Pts',(263.610258260313,11.3753474605821,208.742487362976));
#3832=CARTESIAN_POINT('Ctrl Pts',(263.577330447036,11.3484320820478,208.684284586294));
#3833=CARTESIAN_POINT('Ctrl Pts',(263.508171194903,11.2941251594489,208.56441137));
#3834=CARTESIAN_POINT('Ctrl Pts',(263.436828713642,11.235492512248,208.437504967771));
#3835=CARTESIAN_POINT('Ctrl Pts',(263.400816529351,11.2049792390215,208.371594170916));
#3836=CARTESIAN_POINT('Ctrl Pts',(263.337721118244,11.1387124780337,208.238710641832));
#3837=CARTESIAN_POINT('Ctrl Pts',(263.330701216905,11.0174024198903,208.147061563986));
#3838=CARTESIAN_POINT('Ctrl Pts',(263.351961843786,10.931465209122,208.122863865346));
#3839=CARTESIAN_POINT('Ctrl Pts',(263.416187159608,10.7173374065048,208.110035329965));
#3840=CARTESIAN_POINT('Ctrl Pts',(263.448206681627,10.4770887093237,208.122336477471));
#3841=CARTESIAN_POINT('Ctrl Pts',(263.436100537704,10.3647287394313,208.123332814535));
#3842=CARTESIAN_POINT('Ctrl Pts',(263.41746383359,10.1624744488311,208.128140296991));
#3843=CARTESIAN_POINT('Ctrl Pts',(263.404096149534,9.99478418678537,208.135888321358));
#3844=CARTESIAN_POINT('Ctrl Pts',(263.399776215691,9.9175464737806,208.140383357487));
#3845=CARTESIAN_POINT('Ctrl Pts',(263.387289469969,9.69804314245716,208.155420544044));
#3846=CARTESIAN_POINT('Ctrl Pts',(263.372507419087,9.50162371024867,208.175764037001));
#3847=CARTESIAN_POINT('Ctrl Pts',(263.355464066655,9.36755605966405,208.192040695891));
#3848=CARTESIAN_POINT('Ctrl Pts',(263.313790158725,9.09633209123472,208.228799479971));
#3849=CARTESIAN_POINT('Ctrl Pts',(263.269334938491,8.830228273757,208.271277455415));
#3850=CARTESIAN_POINT('Ctrl Pts',(263.249587073552,8.70137394179838,208.293272640645));
#3851=CARTESIAN_POINT('Ctrl Pts',(263.214905536946,8.45192456739008,208.338818167268));
#3852=CARTESIAN_POINT('Ctrl Pts',(263.184332163411,8.2126435911078,208.389405760444));
#3853=CARTESIAN_POINT('Ctrl Pts',(263.168752819446,8.09405475022175,208.416406461954));
#3854=CARTESIAN_POINT('Ctrl Pts',(263.135779905181,7.85847007991211,208.475014883642));
#3855=CARTESIAN_POINT('Ctrl Pts',(263.100956524231,7.6288553483907,208.543292284961));
#3856=CARTESIAN_POINT('Ctrl Pts',(263.083464656885,7.51620568969842,208.580004770652));
#3857=CARTESIAN_POINT('Ctrl Pts',(263.048976508972,7.29504578177691,208.657678000134));
#3858=CARTESIAN_POINT('Ctrl Pts',(263.013483575831,7.07893045055742,208.74223102003));
#3859=CARTESIAN_POINT('Ctrl Pts',(262.995056147084,6.9713229929286,208.785797578298));
#3860=CARTESIAN_POINT('Ctrl Pts',(262.965137726335,6.81051370388321,208.853184845285));
#3861=CARTESIAN_POINT('Ctrl Pts',(262.932489440824,6.65254496571242,208.924642612847));
#3862=CARTESIAN_POINT('Ctrl Pts',(262.921337108134,6.60029641631611,208.948963752471));
#3863=CARTESIAN_POINT('Ctrl Pts',(262.898699140474,6.49678219282068,208.998712932307));
#3864=CARTESIAN_POINT('Ctrl Pts',(262.87591882509,6.39532221563046,209.050701222726));
#3865=CARTESIAN_POINT('Ctrl Pts',(262.864623019305,6.34513098461816,209.077263072199));
#3866=CARTESIAN_POINT('Ctrl Pts',(262.842518218068,6.24578571726537,209.13144086745));
#3867=CARTESIAN_POINT('Ctrl Pts',(262.821738077381,6.14861933709039,209.187383771509));
#3868=CARTESIAN_POINT('Ctrl Pts',(262.811769806171,6.10060216235723,209.215713237239));
#3869=CARTESIAN_POINT('Ctrl Pts',(262.792718773113,6.00585124508443,209.272829581834));
#3870=CARTESIAN_POINT('Ctrl Pts',(262.775300924601,5.91357050350189,209.330494981509));
#3871=CARTESIAN_POINT('Ctrl Pts',(262.766968006676,5.86803135441309,209.359372348086));
#3872=CARTESIAN_POINT('Ctrl Pts',(262.742869649746,5.73271373190846,209.446028328724));
#3873=CARTESIAN_POINT('Ctrl Pts',(262.72126417161,5.60014029302778,209.533356514074));
#3874=CARTESIAN_POINT('Ctrl Pts',(262.707662534785,5.51159117528528,209.59227202385));
#3875=CARTESIAN_POINT('Ctrl Pts',(262.684501496421,5.33888651194039,209.716601153686));
#3876=CARTESIAN_POINT('Ctrl Pts',(262.667771723164,5.17873260118464,209.854158518242));
#3877=CARTESIAN_POINT('Ctrl Pts',(262.660684592465,5.1028189326961,209.926537426595));
#3878=CARTESIAN_POINT('Ctrl Pts',(262.64232411013,4.95130084179568,210.068476650196));
#3879=CARTESIAN_POINT('Ctrl Pts',(262.619367088211,4.79971228497992,210.203489554208));
#3880=CARTESIAN_POINT('Ctrl Pts',(262.607916006697,4.72393469269264,210.269053127313));
#3881=CARTESIAN_POINT('Ctrl Pts',(262.586927985563,4.57454281553072,210.400589717694));
#3882=CARTESIAN_POINT('Ctrl Pts',(262.573006611553,4.43462115487417,210.53700216032));
#3883=CARTESIAN_POINT('Ctrl Pts',(262.569367563382,4.36896574205992,210.607962376897));
#3884=CARTESIAN_POINT('Ctrl Pts',(262.571629587042,4.24889765593122,210.755615653608));
#3885=CARTESIAN_POINT('Ctrl Pts',(262.58340796684,4.14176906310219,210.907561701812));
#3886=CARTESIAN_POINT('Ctrl Pts',(262.589706907172,4.0894593179345,210.983050998867));
#3887=CARTESIAN_POINT('Ctrl Pts',(262.610556356628,3.93703596768682,211.209951149643));
#3888=CARTESIAN_POINT('Ctrl Pts',(262.636987941885,3.79764643447359,211.440278248617));
#3889=CARTESIAN_POINT('Ctrl Pts',(262.655786236582,3.7089575931633,211.596970926197));
#3890=CARTESIAN_POINT('Ctrl Pts',(262.700451394524,3.43622884326365,212.051440472214));
#3891=CARTESIAN_POINT('Ctrl Pts',(262.70572664589,3.15595083178532,212.46599518278));
#3892=CARTESIAN_POINT('Ctrl Pts',(262.692734457692,2.97738226730459,212.753049400692));
#3893=CARTESIAN_POINT('Ctrl Pts',(262.676797667356,2.79643785367964,213.038425113717));
#3894=CARTESIAN_POINT('Ctrl Pts',(262.662128574161,2.61588347311911,213.320422952236));
#3895=CARTESIAN_POINT('Ctrl Pts',(265.121531869861,14.572960249628,213.209901361935));
#3896=CARTESIAN_POINT('Ctrl Pts',(265.072679484782,14.3793597448187,212.936805867886));
#3897=CARTESIAN_POINT('Ctrl Pts',(265.024807064138,14.1836139212268,212.665687534309));
#3898=CARTESIAN_POINT('Ctrl Pts',(264.977743946534,13.9869996027866,212.396828901721));
#3899=CARTESIAN_POINT('Ctrl Pts',(264.898895798785,13.6826153153691,211.989338472753));
#3900=CARTESIAN_POINT('Ctrl Pts',(264.800129790024,13.3631867437032,211.569304227365));
#3901=CARTESIAN_POINT('Ctrl Pts',(264.764497185956,13.2548917286848,211.427524576873));
#3902=CARTESIAN_POINT('Ctrl Pts',(264.687846431924,13.0359404190462,211.1409703944));
#3903=CARTESIAN_POINT('Ctrl Pts',(264.600086803559,12.8154072041593,210.844322495242));
#3904=CARTESIAN_POINT('Ctrl Pts',(264.553840399179,12.7059396114391,210.692531134977));
#3905=CARTESIAN_POINT('Ctrl Pts',(264.4764320306,12.5397413074205,210.457065962627));
#3906=CARTESIAN_POINT('Ctrl Pts',(264.388138172515,12.3688004541945,210.206945545864));
#3907=CARTESIAN_POINT('Ctrl Pts',(264.357603264174,12.3112166033397,210.12180788764));
#3908=CARTESIAN_POINT('Ctrl Pts',(264.29564496621,12.1941343735804,209.950223804601));
#3909=CARTESIAN_POINT('Ctrl Pts',(264.232876210942,12.0731699257186,209.779122115244));
#3910=CARTESIAN_POINT('Ctrl Pts',(264.201576557793,12.0116922479929,209.694535570606));
#3911=CARTESIAN_POINT('Ctrl Pts',(264.1378428703,11.8875163032455,209.525984764193));
#3912=CARTESIAN_POINT('Ctrl Pts',(264.066358327874,11.760906956789,209.351089348534));
#3913=CARTESIAN_POINT('Ctrl Pts',(264.027156751876,11.6970251315926,209.260057549628));
#3914=CARTESIAN_POINT('Ctrl Pts',(263.961191539512,11.5998601122087,209.116545201879));
#3915=CARTESIAN_POINT('Ctrl Pts',(263.88853389752,11.5032528153846,208.96300450711));
#3916=CARTESIAN_POINT('Ctrl Pts',(263.8637264677,11.471251103236,208.910686261599));
#3917=CARTESIAN_POINT('Ctrl Pts',(263.812834133815,11.408325896778,208.803494231866));
#3918=CARTESIAN_POINT('Ctrl Pts',(263.755611470852,11.3507936068244,208.687945559247));
#3919=CARTESIAN_POINT('Ctrl Pts',(263.724560504924,11.3241618464459,208.627351449581));
#3920=CARTESIAN_POINT('Ctrl Pts',(263.654034243048,11.2771341430366,208.497297937084));
#3921=CARTESIAN_POINT('Ctrl Pts',(263.567785116103,11.240191311876,208.347403651962));
#3922=CARTESIAN_POINT('Ctrl Pts',(263.519887466978,11.2246157672325,208.266107447122));
#3923=CARTESIAN_POINT('Ctrl Pts',(263.429160311403,11.1874967300767,208.100522854853));
#3924=CARTESIAN_POINT('Ctrl Pts',(263.405992582265,11.0769959963525,207.986892576223));
#3925=CARTESIAN_POINT('Ctrl Pts',(263.427825771289,10.9867889262708,207.958821236879));
#3926=CARTESIAN_POINT('Ctrl Pts',(263.500877833412,10.7535045333516,207.945182838341));
#3927=CARTESIAN_POINT('Ctrl Pts',(263.534352426983,10.4905602836258,207.959910505546));
#3928=CARTESIAN_POINT('Ctrl Pts',(263.514017297507,10.370510719653,207.959994953299));
#3929=CARTESIAN_POINT('Ctrl Pts',(263.492002478974,10.1587852110109,207.96917692503));
#3930=CARTESIAN_POINT('Ctrl Pts',(263.481982998572,9.98689416829144,207.9856212165));
#3931=CARTESIAN_POINT('Ctrl Pts',(263.479231540035,9.90754651311589,207.99460509292));
#3932=CARTESIAN_POINT('Ctrl Pts',(263.471334373765,9.68193857941084,208.02274095931));
#3933=CARTESIAN_POINT('Ctrl Pts',(263.459056216761,9.47968999011117,208.053655309607));
#3934=CARTESIAN_POINT('Ctrl Pts',(263.441804347412,9.3420013801432,208.074714156984));
#3935=CARTESIAN_POINT('Ctrl Pts',(263.398306744841,9.06507539309536,208.118387109434));
#3936=CARTESIAN_POINT('Ctrl Pts',(263.351221096257,8.79613669816385,208.163863342403));
#3937=CARTESIAN_POINT('Ctrl Pts',(263.330546932424,8.66663810083706,208.186799037445));
#3938=CARTESIAN_POINT('Ctrl Pts',(263.29431801527,8.41642629120208,208.233514555161));
#3939=CARTESIAN_POINT('Ctrl Pts',(263.261916646355,8.17600242889352,208.284463739397));
#3940=CARTESIAN_POINT('Ctrl Pts',(263.245122495408,8.05637076272625,208.311590981587));
#3941=CARTESIAN_POINT('Ctrl Pts',(263.209390679942,7.81814112065014,208.37058643373));
#3942=CARTESIAN_POINT('Ctrl Pts',(263.172124095609,7.58593863765663,208.439762977471));
#3943=CARTESIAN_POINT('Ctrl Pts',(263.153728087866,7.47230942739694,208.477121164917));
#3944=CARTESIAN_POINT('Ctrl Pts',(263.118181241293,7.24970882401187,208.556309652875));
#3945=CARTESIAN_POINT('Ctrl Pts',(263.082391412892,7.03198377650688,208.642450939097));
#3946=CARTESIAN_POINT('Ctrl Pts',(263.063842867586,6.92324517071031,208.686732673673));
#3947=CARTESIAN_POINT('Ctrl Pts',(263.033362188489,6.75998893688802,208.755139993371));
#3948=CARTESIAN_POINT('Ctrl Pts',(262.999543500998,6.59888284006,208.827917476487));
#3949=CARTESIAN_POINT('Ctrl Pts',(262.987930871105,6.54553351580588,208.852731101272));
#3950=CARTESIAN_POINT('Ctrl Pts',(262.964269879212,6.43979427419087,208.903616548137));
#3951=CARTESIAN_POINT('Ctrl Pts',(262.940398954533,6.33628747598224,208.957104092929));
#3952=CARTESIAN_POINT('Ctrl Pts',(262.928574374232,6.28517257273888,208.984521471289));
#3953=CARTESIAN_POINT('Ctrl Pts',(262.905533711057,6.18431121727802,209.040633486354));
#3954=CARTESIAN_POINT('Ctrl Pts',(262.884114837559,6.08635843810458,209.098888282887));
#3955=CARTESIAN_POINT('Ctrl Pts',(262.873916719914,6.03814907903821,209.128452057513));
#3956=CARTESIAN_POINT('Ctrl Pts',(262.854540158199,5.94334225136966,209.188110386835));
#3957=CARTESIAN_POINT('Ctrl Pts',(262.836908866315,5.8514124942465,209.248295793652));
#3958=CARTESIAN_POINT('Ctrl Pts',(262.8284587824,5.80608957676593,209.278385393098));
#3959=CARTESIAN_POINT('Ctrl Pts',(262.803848538373,5.67128622789964,209.368430701937));
#3960=CARTESIAN_POINT('Ctrl Pts',(262.781223273771,5.53842423043998,209.45836868027));
#3961=CARTESIAN_POINT('Ctrl Pts',(262.766681603424,5.44891123092395,209.518646919325));
#3962=CARTESIAN_POINT('Ctrl Pts',(262.742288672427,5.27431876067402,209.64569843868));
#3963=CARTESIAN_POINT('Ctrl Pts',(262.725058574315,5.11239400235347,209.785402907964));
#3964=CARTESIAN_POINT('Ctrl Pts',(262.71782993637,5.0356798855595,209.858622378267));
#3965=CARTESIAN_POINT('Ctrl Pts',(262.698022886675,4.88188454410037,210.001142625075));
#3966=CARTESIAN_POINT('Ctrl Pts',(262.673061300529,4.72830584933829,210.135969251852));
#3967=CARTESIAN_POINT('Ctrl Pts',(262.660922021156,4.6520157605016,210.201581273329));
#3968=CARTESIAN_POINT('Ctrl Pts',(262.640922708252,4.50405256680455,210.335358413456));
#3969=CARTESIAN_POINT('Ctrl Pts',(262.632675172607,4.37027193877226,210.478267353536));
#3970=CARTESIAN_POINT('Ctrl Pts',(262.633158731159,4.30891675859064,210.553557408479));
#3971=CARTESIAN_POINT('Ctrl Pts',(262.644615242849,4.19829701081142,210.710054496078));
#3972=CARTESIAN_POINT('Ctrl Pts',(262.664112477944,4.09918522791662,210.86902105378));
#3973=CARTESIAN_POINT('Ctrl Pts',(262.673236422741,4.04991247964866,210.947101320757));
#3974=CARTESIAN_POINT('Ctrl Pts',(262.699937597205,3.9041889929678,211.179795630673));
#3975=CARTESIAN_POINT('Ctrl Pts',(262.725465768188,3.76507936767991,211.411260421654));
#3976=CARTESIAN_POINT('Ctrl Pts',(262.74262862534,3.67524471293553,211.568538689667));
#3977=CARTESIAN_POINT('Ctrl Pts',(262.782743058739,3.39886191567748,212.025165042968));
#3978=CARTESIAN_POINT('Ctrl Pts',(262.784567427644,3.1168057322821,212.442192092848));
#3979=CARTESIAN_POINT('Ctrl Pts',(262.769574578009,2.93834722912751,212.729537618555));
#3980=CARTESIAN_POINT('Ctrl Pts',(262.752739718584,2.75693094240746,213.015516989473));
#3981=CARTESIAN_POINT('Ctrl Pts',(262.737198485589,2.5763839336661,213.298478570941));
#3982=CARTESIAN_POINT('Ctrl Pts',(265.207246055502,14.5796961502145,213.193277248789));
#3983=CARTESIAN_POINT('Ctrl Pts',(265.159232214309,14.3857820194062,212.918708881584));
#3984=CARTESIAN_POINT('Ctrl Pts',(265.112328526675,14.1896203325044,212.646057626985));
#3985=CARTESIAN_POINT('Ctrl Pts',(265.066721553739,13.9924770201298,212.375438701882));
#3986=CARTESIAN_POINT('Ctrl Pts',(264.990373135224,13.6871926253437,211.965135618339));
#3987=CARTESIAN_POINT('Ctrl Pts',(264.895090424677,13.3672019227413,211.542476986263));
#3988=CARTESIAN_POINT('Ctrl Pts',(264.86073092638,13.2588172088326,211.399788852902));
#3989=CARTESIAN_POINT('Ctrl Pts',(264.786606157791,13.0396865517416,211.111148782314));
#3990=CARTESIAN_POINT('Ctrl Pts',(264.70078067366,12.8189716128209,210.8115376784));
#3991=CARTESIAN_POINT('Ctrl Pts',(264.655065368494,12.7094737867532,210.657716992266));
#3992=CARTESIAN_POINT('Ctrl Pts',(264.579078054317,12.54389875147,210.419093606379));
#3993=CARTESIAN_POINT('Ctrl Pts',(264.493781880269,12.3730851843718,210.168065076531));
#3994=CARTESIAN_POINT('Ctrl Pts',(264.46444198194,12.3154415027683,210.082951494191));
#3995=CARTESIAN_POINT('Ctrl Pts',(264.405079281402,12.1981278197356,209.911548479644));
#3996=CARTESIAN_POINT('Ctrl Pts',(264.344678399877,12.0763259713381,209.739924500127));
#3997=CARTESIAN_POINT('Ctrl Pts',(264.314352093683,12.0141982920722,209.654640412911));
#3998=CARTESIAN_POINT('Ctrl Pts',(264.251748837325,11.8878396293478,209.483720108318));
#3999=CARTESIAN_POINT('Ctrl Pts',(264.181648398067,11.7578547172846,209.305348641725));
#4000=CARTESIAN_POINT('Ctrl Pts',(264.143821441219,11.6920633465441,209.212530430529));
#4001=CARTESIAN_POINT('Ctrl Pts',(264.081434891372,11.5930655238856,209.066307201496));
#4002=CARTESIAN_POINT('Ctrl Pts',(264.014940632826,11.4959464785692,208.909966628088));
#4003=CARTESIAN_POINT('Ctrl Pts',(263.992505336942,11.4639176538372,208.856703774058));
#4004=CARTESIAN_POINT('Ctrl Pts',(263.94741769299,11.4009775971686,208.747734010127));
#4005=CARTESIAN_POINT('Ctrl Pts',(263.898527110172,11.3435036671473,208.630522853642));
#4006=CARTESIAN_POINT('Ctrl Pts',(263.872392560743,11.3168540931975,208.569128661117));
#4007=CARTESIAN_POINT('Ctrl Pts',(263.81256357428,11.2707938957344,208.43683368639));
#4008=CARTESIAN_POINT('Ctrl Pts',(263.737307649225,11.2350114840688,208.284687716764));
#4009=CARTESIAN_POINT('Ctrl Pts',(263.695095249094,11.2193076413285,208.202912025102));
#4010=CARTESIAN_POINT('Ctrl Pts',(263.612090382237,11.1783100409975,208.037664705861));
#4011=CARTESIAN_POINT('Ctrl Pts',(263.574913063904,11.0696207926495,207.914803979346));
#4012=CARTESIAN_POINT('Ctrl Pts',(263.581210052928,10.9846299016635,207.876954693798));
#4013=CARTESIAN_POINT('Ctrl Pts',(263.61349896787,10.7682516055089,207.838501090744));
#4014=CARTESIAN_POINT('Ctrl Pts',(263.629876995966,10.5180949115645,207.837558926215));
#4015=CARTESIAN_POINT('Ctrl Pts',(263.622366076566,10.3983322268754,207.838541664516));
#4016=CARTESIAN_POINT('Ctrl Pts',(263.603444408753,10.1809602858584,207.845533680902));
#4017=CARTESIAN_POINT('Ctrl Pts',(263.588613601908,9.99936849974328,207.862009388762));
#4018=CARTESIAN_POINT('Ctrl Pts',(263.584263651424,9.91590748278675,207.872024192946));
#4019=CARTESIAN_POINT('Ctrl Pts',(263.571743805066,9.67832900619956,207.904360980404));
#4020=CARTESIAN_POINT('Ctrl Pts',(263.556432013991,9.46668910069326,207.941288037067));
#4021=CARTESIAN_POINT('Ctrl Pts',(263.537361779474,9.32406010736228,207.965306722805));
#4022=CARTESIAN_POINT('Ctrl Pts',(263.490255591857,9.03973445537569,208.013303038994));
#4023=CARTESIAN_POINT('Ctrl Pts',(263.440023368193,8.7670939454749,208.060469464053));
#4024=CARTESIAN_POINT('Ctrl Pts',(263.417973564099,8.63641082748809,208.083783104203));
#4025=CARTESIAN_POINT('Ctrl Pts',(263.379054632131,8.38419664336419,208.130742655185));
#4026=CARTESIAN_POINT('Ctrl Pts',(263.343481463965,8.14140095761549,208.181363272612));
#4027=CARTESIAN_POINT('Ctrl Pts',(263.324824117396,8.02018798621702,208.208300944191));
#4028=CARTESIAN_POINT('Ctrl Pts',(263.2851472135,7.77847295137198,208.267069352402));
#4029=CARTESIAN_POINT('Ctrl Pts',(263.244440501774,7.54329418933747,208.336546370449));
#4030=CARTESIAN_POINT('Ctrl Pts',(263.224686688248,7.4286085477407,208.374252797399));
#4031=CARTESIAN_POINT('Ctrl Pts',(263.187185146702,7.20447647192059,208.454331339692));
#4032=CARTESIAN_POINT('Ctrl Pts',(263.150217200742,6.98475520278692,208.541292274885));
#4033=CARTESIAN_POINT('Ctrl Pts',(263.13110242549,6.87450212100065,208.585843011601));
#4034=CARTESIAN_POINT('Ctrl Pts',(263.099529426852,6.70802068229752,208.654600752692));
#4035=CARTESIAN_POINT('Ctrl Pts',(263.06432502912,6.54308295142737,208.728236680477));
#4036=CARTESIAN_POINT('Ctrl Pts',(263.052220822922,6.4884296372143,208.753422598965));
#4037=CARTESIAN_POINT('Ctrl Pts',(263.027551601212,6.38014235432,208.805284161637));
#4038=CARTESIAN_POINT('Ctrl Pts',(263.00273938272,6.27442773328568,208.860271676285));
#4039=CARTESIAN_POINT('Ctrl Pts',(262.990488825131,6.22234826078757,208.888585258105));
#4040=CARTESIAN_POINT('Ctrl Pts',(262.966769306406,6.11994778524975,208.946787459155));
#4041=CARTESIAN_POINT('Ctrl Pts',(262.94504468382,6.02124987956552,209.007633162937));
#4042=CARTESIAN_POINT('Ctrl Pts',(262.934796392891,5.97287292401186,209.038595329842));
#4043=CARTESIAN_POINT('Ctrl Pts',(262.915431489392,5.87801151116671,209.101141676666));
#4044=CARTESIAN_POINT('Ctrl Pts',(262.897752178531,5.78624270658832,209.164152290774));
#4045=CARTESIAN_POINT('Ctrl Pts',(262.889192870817,5.74096831165672,209.195577373223));
#4046=CARTESIAN_POINT('Ctrl Pts',(262.863814764575,5.60598132754194,209.289251527598));
#4047=CARTESIAN_POINT('Ctrl Pts',(262.839226699837,5.47182070794148,209.381685506052));
#4048=CARTESIAN_POINT('Ctrl Pts',(262.822994562322,5.380828210675,209.443171054811));
#4049=CARTESIAN_POINT('Ctrl Pts',(262.796066293997,5.20368839719401,209.572481702379));
#4050=CARTESIAN_POINT('Ctrl Pts',(262.777407683358,5.03976979893295,209.713556199929));
#4051=CARTESIAN_POINT('Ctrl Pts',(262.769664651618,4.96217878005935,209.7871345322));
#4052=CARTESIAN_POINT('Ctrl Pts',(262.748966340731,4.80724322785256,209.930535204091));
#4053=CARTESIAN_POINT('Ctrl Pts',(262.725253546286,4.65523640269596,210.06772166953));
#4054=CARTESIAN_POINT('Ctrl Pts',(262.714732607415,4.58074230285426,210.135084473962));
#4055=CARTESIAN_POINT('Ctrl Pts',(262.700836986868,4.43912217506832,210.274630930853));
#4056=CARTESIAN_POINT('Ctrl Pts',(262.702548579299,4.31547264247459,210.426870236203));
#4057=CARTESIAN_POINT('Ctrl Pts',(262.708511575436,4.25965976096787,210.507350583557));
#4058=CARTESIAN_POINT('Ctrl Pts',(262.729378298513,4.15858051357111,210.672681473517));
#4059=CARTESIAN_POINT('Ctrl Pts',(262.754374457838,4.06530381272909,210.837038700764));
#4060=CARTESIAN_POINT('Ctrl Pts',(262.765089578425,4.01788386816202,210.91684149735));
#4061=CARTESIAN_POINT('Ctrl Pts',(262.794133380487,3.87553175189438,211.152935833038));
#4062=CARTESIAN_POINT('Ctrl Pts',(262.816087044388,3.7341617223568,211.383843003957));
#4063=CARTESIAN_POINT('Ctrl Pts',(262.830391479648,3.64184253149569,211.540919437017));
#4064=CARTESIAN_POINT('Ctrl Pts',(262.864321822409,3.36013768438224,211.99903762521));
#4065=CARTESIAN_POINT('Ctrl Pts',(262.864654984483,3.07875004089871,212.420280657895));
#4066=CARTESIAN_POINT('Ctrl Pts',(262.847429460225,2.90010442539835,212.707453421796));
#4067=CARTESIAN_POINT('Ctrl Pts',(262.829841342317,2.7180879383624,212.993741393843));
#4068=CARTESIAN_POINT('Ctrl Pts',(262.813414476253,2.53742728294546,213.277526126298));
#4069=CARTESIAN_POINT('Ctrl Pts',(265.250270150015,14.5828953117427,213.185231683367));
#4070=CARTESIAN_POINT('Ctrl Pts',(265.202671906793,14.3888117120976,212.909930188529));
#4071=CARTESIAN_POINT('Ctrl Pts',(265.156231874035,14.1924314918589,212.636527753117));
#4072=CARTESIAN_POINT('Ctrl Pts',(265.111408525238,13.9950073829935,212.365034980229));
#4073=CARTESIAN_POINT('Ctrl Pts',(265.036358190502,13.6893001222359,211.95331306096));
#4074=CARTESIAN_POINT('Ctrl Pts',(264.942824479839,13.3690523897583,211.529348526832));
#4075=CARTESIAN_POINT('Ctrl Pts',(264.909096482394,13.2606250523667,211.386216989787));
#4076=CARTESIAN_POINT('Ctrl Pts',(264.836215459972,13.0414157018742,211.096542939068));
#4077=CARTESIAN_POINT('Ctrl Pts',(264.751361459553,12.8205832765414,210.795564590518));
#4078=CARTESIAN_POINT('Ctrl Pts',(264.705927847216,12.7109966037531,210.64090068563));
#4079=CARTESIAN_POINT('Ctrl Pts',(264.630716295446,12.5457253567279,210.400866414914));
#4080=CARTESIAN_POINT('Ctrl Pts',(264.546956301484,12.3749938856417,210.149359798901));
#4081=CARTESIAN_POINT('Ctrl Pts',(264.518219618273,12.3173186491646,210.064232683657));
#4082=CARTESIAN_POINT('Ctrl Pts',(264.460154301472,12.199836989542,209.892863517053));
#4083=CARTESIAN_POINT('Ctrl Pts',(264.400935637079,12.0775126978583,209.720929662059));
#4084=CARTESIAN_POINT('Ctrl Pts',(264.371106609581,12.0150055021867,209.635283289198));
#4085=CARTESIAN_POINT('Ctrl Pts',(264.309068563681,11.8874948759007,209.463159218463));
#4086=CARTESIAN_POINT('Ctrl Pts',(264.239441491641,11.756115411978,209.282927132387));
#4087=CARTESIAN_POINT('Ctrl Pts',(264.202119902429,11.689644722146,209.189119926907));
#4088=CARTESIAN_POINT('Ctrl Pts',(264.141090366089,11.5905927907233,209.041224483105));
#4089=CARTESIAN_POINT('Ctrl Pts',(264.077090882975,11.4947117349717,208.882973704453));
#4090=CARTESIAN_POINT('Ctrl Pts',(264.055639086674,11.4632285606348,208.82905681613));
#4091=CARTESIAN_POINT('Ctrl Pts',(264.013096704612,11.401431157268,208.718867600647));
#4092=CARTESIAN_POINT('Ctrl Pts',(263.969098147786,11.3440895691681,208.601440179901));
#4093=CARTESIAN_POINT('Ctrl Pts',(263.946255555702,11.3169943278818,208.540366017989));
#4094=CARTESIAN_POINT('Ctrl Pts',(263.895578931087,11.2682570174095,208.410344373045));
#4095=CARTESIAN_POINT('Ctrl Pts',(263.835128675082,11.2245605171661,208.265402522802));
#4096=CARTESIAN_POINT('Ctrl Pts',(263.80235335582,11.2028384558834,208.189225702133));
#4097=CARTESIAN_POINT('Ctrl Pts',(263.736790823357,11.1482757671561,208.036116841774));
#4098=CARTESIAN_POINT('Ctrl Pts',(263.694666339914,11.0389803473347,207.912071043733));
#4099=CARTESIAN_POINT('Ctrl Pts',(263.687263047737,10.9613031529927,207.866126114493));
#4100=CARTESIAN_POINT('Ctrl Pts',(263.690943150592,10.7637220081102,207.809066540941));
#4101=CARTESIAN_POINT('Ctrl Pts',(263.69344547536,10.528715032725,207.794707961248));
#4102=CARTESIAN_POINT('Ctrl Pts',(263.685909345294,10.4127721588152,207.792395069648));
#4103=CARTESIAN_POINT('Ctrl Pts',(263.667314245836,10.1971250296146,207.794945264612));
#4104=CARTESIAN_POINT('Ctrl Pts',(263.650107925074,10.0110187119832,207.809304876003));
#4105=CARTESIAN_POINT('Ctrl Pts',(263.643819922833,9.92509393571167,207.818582730129));
#4106=CARTESIAN_POINT('Ctrl Pts',(263.62662257067,9.680383299868,207.850031204874));
#4107=CARTESIAN_POINT('Ctrl Pts',(263.608124229649,9.46293048367762,207.888267025837));
#4108=CARTESIAN_POINT('Ctrl Pts',(263.587739642893,9.31758517600618,207.913103429055));
#4109=CARTESIAN_POINT('Ctrl Pts',(263.538339830479,9.02914162505237,207.962315968338));
#4110=CARTESIAN_POINT('Ctrl Pts',(263.486373538981,8.75434848580832,208.009908434303));
#4111=CARTESIAN_POINT('Ctrl Pts',(263.463485379309,8.62285636536153,208.033251584194));
#4112=CARTESIAN_POINT('Ctrl Pts',(263.422852471927,8.36916314557201,208.080087954055));
#4113=CARTESIAN_POINT('Ctrl Pts',(263.385303249904,8.12476015918046,208.130379000229));
#4114=CARTESIAN_POINT('Ctrl Pts',(263.365543170059,8.00259495175346,208.157145228745));
#4115=CARTESIAN_POINT('Ctrl Pts',(263.323599959847,7.75890703282773,208.21564655696));
#4116=CARTESIAN_POINT('Ctrl Pts',(263.280933149134,7.52214140852001,208.285109842597));
#4117=CARTESIAN_POINT('Ctrl Pts',(263.260384795245,7.40690021293581,208.322904463712));
#4118=CARTESIAN_POINT('Ctrl Pts',(263.221658202739,7.18194559977681,208.403241562841));
#4119=CARTESIAN_POINT('Ctrl Pts',(263.183831061531,6.96107808218079,208.490380528684));
#4120=CARTESIAN_POINT('Ctrl Pts',(263.164292177689,6.84994490995484,208.5349325742));
#4121=CARTESIAN_POINT('Ctrl Pts',(263.13200969047,6.68163831636379,208.603671152032));
#4122=CARTESIAN_POINT('Ctrl Pts',(263.096060738856,6.51463261464738,208.677610831826));
#4123=CARTESIAN_POINT('Ctrl Pts',(263.08370787431,6.45928821935808,208.702951728905));
#4124=CARTESIAN_POINT('Ctrl Pts',(263.058554780335,6.34967555662624,208.755263097981));
#4125=CARTESIAN_POINT('Ctrl Pts',(263.033332592584,6.24284543977431,208.811007446901));
#4126=CARTESIAN_POINT('Ctrl Pts',(263.020906475543,6.19028449679044,208.839783055053));
#4127=CARTESIAN_POINT('Ctrl Pts',(262.99693269778,6.08711630843457,208.899075979734));
#4128=CARTESIAN_POINT('Ctrl Pts',(262.975153528618,5.98803181147488,208.961290004632));
#4129=CARTESIAN_POINT('Ctrl Pts',(262.964930999655,5.93955617563117,208.992992665574));
#4130=CARTESIAN_POINT('Ctrl Pts',(262.945663640558,5.84461161985726,209.057065652406));
#4131=CARTESIAN_POINT('Ctrl Pts',(262.927994014212,5.75280023896594,209.121547536621));
#4132=CARTESIAN_POINT('Ctrl Pts',(262.919372931985,5.70746773353131,209.153657657118));
#4133=CARTESIAN_POINT('Ctrl Pts',(262.893503181394,5.5720946232659,209.249152342652));
#4134=CARTESIAN_POINT('Ctrl Pts',(262.867632140589,5.43695406882182,209.34273241272));
#4135=CARTESIAN_POINT('Ctrl Pts',(262.850343375071,5.34510214438144,209.40474683769));
#4136=CARTESIAN_POINT('Ctrl Pts',(262.821825448347,5.16658315982166,209.535025073415));
#4137=CARTESIAN_POINT('Ctrl Pts',(262.802310597742,5.00174317530024,209.676623999272));
#4138=CARTESIAN_POINT('Ctrl Pts',(262.794275423432,4.92377064571878,209.750299550399));
#4139=CARTESIAN_POINT('Ctrl Pts',(262.773512965108,4.76881874084349,209.894434803588));
#4140=CARTESIAN_POINT('Ctrl Pts',(262.751574663696,4.61883613738855,210.033783447223));
#4141=CARTESIAN_POINT('Ctrl Pts',(262.74258581456,4.54596545526718,210.102604523477));
#4142=CARTESIAN_POINT('Ctrl Pts',(262.733164467171,4.40889790172572,210.246083610872));
#4143=CARTESIAN_POINT('Ctrl Pts',(262.740811998037,4.29120989456252,210.403603875811));
#4144=CARTESIAN_POINT('Ctrl Pts',(262.749719178358,4.23835069033071,210.486776677006));
#4145=CARTESIAN_POINT('Ctrl Pts',(262.774898268761,4.14163478731333,210.656178315441));
#4146=CARTESIAN_POINT('Ctrl Pts',(262.801711290335,4.05036559187869,210.822549292265));
#4147=CARTESIAN_POINT('Ctrl Pts',(262.812798125631,4.0034656616485,210.902917473651));
#4148=CARTESIAN_POINT('Ctrl Pts',(262.841934943535,3.86178019301354,211.139988276596));
#4149=CARTESIAN_POINT('Ctrl Pts',(262.861602406484,3.71881863264045,211.370330820633));
#4150=CARTESIAN_POINT('Ctrl Pts',(262.874305954567,3.62505897668532,211.527199507842));
#4151=CARTESIAN_POINT('Ctrl Pts',(262.904952193922,3.34051149877001,211.986024977208));
#4152=CARTESIAN_POINT('Ctrl Pts',(262.905004244245,3.06002698274805,212.409761430606));
#4153=CARTESIAN_POINT('Ctrl Pts',(262.886785490674,2.881110528354,212.696648822646));
#4154=CARTESIAN_POINT('Ctrl Pts',(262.868733294055,2.69881117678992,212.983107095919));
#4155=CARTESIAN_POINT('Ctrl Pts',(262.851821026113,2.51808225874095,213.267296350636));
#4156=CARTESIAN_POINT('Ctrl Pts',(265.336674782424,14.5889531176438,213.169671874381));
#4157=CARTESIAN_POINT('Ctrl Pts',(265.289930640674,14.3945064848657,212.892901615072));
#4158=CARTESIAN_POINT('Ctrl Pts',(265.244306054299,14.1976765672204,212.618057106262));
#4159=CARTESIAN_POINT('Ctrl Pts',(265.201169230324,13.999645735532,212.344806582309));
#4160=CARTESIAN_POINT('Ctrl Pts',(265.128809066429,13.6931464475176,211.9302554218));
#4161=CARTESIAN_POINT('Ctrl Pts',(265.038778351457,13.3724435976404,211.503679856668));
#4162=CARTESIAN_POINT('Ctrl Pts',(265.006299845329,13.2639412196745,211.359673653163));
#4163=CARTESIAN_POINT('Ctrl Pts',(264.935877373291,13.0446068916276,211.067956613123));
#4164=CARTESIAN_POINT('Ctrl Pts',(264.853013872902,12.8235136554645,210.764459584373));
#4165=CARTESIAN_POINT('Ctrl Pts',(264.808205980987,12.7136542395935,210.608383495112));
#4166=CARTESIAN_POINT('Ctrl Pts',(264.734628900693,12.5488869596343,210.365875732261));
#4167=CARTESIAN_POINT('Ctrl Pts',(264.653923448769,12.378266240107,210.11336939141));
#4168=CARTESIAN_POINT('Ctrl Pts',(264.62637278342,12.3205094901188,210.02815054646));
#4169=CARTESIAN_POINT('Ctrl Pts',(264.570849963015,12.2025996932085,209.856686289075));
#4170=CARTESIAN_POINT('Ctrl Pts',(264.514066470334,12.0790667374214,209.684008910566));
#4171=CARTESIAN_POINT('Ctrl Pts',(264.485337652253,12.0157091303812,209.5976172226));
#4172=CARTESIAN_POINT('Ctrl Pts',(264.424857941332,11.8857540367116,209.423139696136));
#4173=CARTESIAN_POINT('Ctrl Pts',(264.356460252388,11.7518724106455,209.239284450485));
#4174=CARTESIAN_POINT('Ctrl Pts',(264.320040004238,11.6843954137518,209.143525720527));
#4175=CARTESIAN_POINT('Ctrl Pts',(264.261439588252,11.5861177729027,208.992260622847));
#4176=CARTESIAN_POINT('Ctrl Pts',(264.202106168878,11.4935225139194,208.830356947618));
#4177=CARTESIAN_POINT('Ctrl Pts',(264.182516300349,11.4633556693242,208.775227824096));
#4178=CARTESIAN_POINT('Ctrl Pts',(264.144700767699,11.4041560629911,208.662866123414));
#4179=CARTESIAN_POINT('Ctrl Pts',(264.109345736979,11.3470656642511,208.545422898955));
#4180=CARTESIAN_POINT('Ctrl Pts',(264.092213654805,11.3189923394925,208.485234040185));
#4181=CARTESIAN_POINT('Ctrl Pts',(264.057525983512,11.2641359471933,208.360563568582));
#4182=CARTESIAN_POINT('Ctrl Pts',(264.021758783292,11.2047800237692,208.229687656371));
#4183=CARTESIAN_POINT('Ctrl Pts',(264.003974761378,11.1720996403071,208.163532006068));
#4184=CARTESIAN_POINT('Ctrl Pts',(263.964886292447,11.0951333018653,208.030973362249));
#4185=CARTESIAN_POINT('Ctrl Pts',(263.919928517412,10.9830118130165,207.909577752437));
#4186=CARTESIAN_POINT('Ctrl Pts',(263.897504897763,10.9143209243199,207.855391317148));
#4187=CARTESIAN_POINT('Ctrl Pts',(263.863980982282,10.7455058174751,207.773404543601));
#4188=CARTESIAN_POINT('Ctrl Pts',(263.84034198189,10.539645029877,207.734189277734));
#4189=CARTESIAN_POINT('Ctrl Pts',(263.82854429483,10.4332990748131,207.723429615356));
#4190=CARTESIAN_POINT('Ctrl Pts',(263.803981578768,10.2268645630147,207.713012744653));
#4191=CARTESIAN_POINT('Ctrl Pts',(263.781562866989,10.0369515103831,207.720076938367));
#4192=CARTESIAN_POINT('Ctrl Pts',(263.771661882218,9.94749260269346,207.726563963683));
#4193=CARTESIAN_POINT('Ctrl Pts',(263.744260694072,9.69089907594038,207.752072734951));
#4194=CARTESIAN_POINT('Ctrl Pts',(263.717497985515,9.46085102579252,207.789547052826));
#4195=CARTESIAN_POINT('Ctrl Pts',(263.693776914518,9.30989510890298,207.814525677979));
#4196=CARTESIAN_POINT('Ctrl Pts',(263.639008499301,9.01273717217632,207.863979954468));
#4197=CARTESIAN_POINT('Ctrl Pts',(263.583142899213,8.73294327137385,207.911392607404));
#4198=CARTESIAN_POINT('Ctrl Pts',(263.558227467919,8.59931537426251,207.934433481875));
#4199=CARTESIAN_POINT('Ctrl Pts',(263.513323942896,8.34151108122929,207.980486600408));
#4200=CARTESIAN_POINT('Ctrl Pts',(263.471022182255,8.0929432530136,208.029792408708));
#4201=CARTESIAN_POINT('Ctrl Pts',(263.448746050726,7.96855637753753,208.056067274824));
#4202=CARTESIAN_POINT('Ctrl Pts',(263.401788142911,7.72052982147658,208.113730705791));
#4203=CARTESIAN_POINT('Ctrl Pts',(263.354808903788,7.48042266721227,208.182808682882));
#4204=CARTESIAN_POINT('Ctrl Pts',(263.332456510788,7.36398587338381,208.220579117069));
#4205=CARTESIAN_POINT('Ctrl Pts',(263.290763188078,7.13714740333605,208.300985100617));
#4206=CARTESIAN_POINT('Ctrl Pts',(263.250597197417,6.91354023589894,208.387931650199));
#4207=CARTESIAN_POINT('Ctrl Pts',(263.229881467565,6.80034013042169,208.432178770553));
#4208=CARTESIAN_POINT('Ctrl Pts',(263.19581932126,6.62793949633583,208.500448426598));
#4209=CARTESIAN_POINT('Ctrl Pts',(263.158326336462,6.45658197635302,208.574757722627));
#4210=CARTESIAN_POINT('Ctrl Pts',(263.145497004251,6.39981816618524,208.600357772096));
#4211=CARTESIAN_POINT('Ctrl Pts',(263.119482978737,6.28754328155788,208.653526652304));
#4212=CARTESIAN_POINT('Ctrl Pts',(263.093628152415,6.17853202507773,208.710841590887));
#4213=CARTESIAN_POINT('Ctrl Pts',(263.080951778692,6.12503238900376,208.740589343154));
#4214=CARTESIAN_POINT('Ctrl Pts',(263.056669306187,6.02033550384514,208.8021873626));
#4215=CARTESIAN_POINT('Ctrl Pts',(263.034978471423,5.92038071176142,208.867302247809));
#4216=CARTESIAN_POINT('Ctrl Pts',(263.024906652543,5.87162814161044,208.900575099032));
#4217=CARTESIAN_POINT('Ctrl Pts',(263.006009815253,5.77629050029156,208.967869102034));
#4218=CARTESIAN_POINT('Ctrl Pts',(262.988387159594,5.68401572576173,209.03537106121));
#4219=CARTESIAN_POINT('Ctrl Pts',(262.979594000707,5.63833546760246,209.068850075721));
#4220=CARTESIAN_POINT('Ctrl Pts',(262.952378806922,5.50140810457397,209.167849669646));
#4221=CARTESIAN_POINT('Ctrl Pts',(262.923185820944,5.36359359281181,209.263353176814));
#4222=CARTESIAN_POINT('Ctrl Pts',(262.903392637749,5.26994986700303,209.32626857485));
#4223=CARTESIAN_POINT('Ctrl Pts',(262.871428523724,5.08897212992925,209.458399441174));
#4224=CARTESIAN_POINT('Ctrl Pts',(262.850638665034,4.9231467457109,209.601242531923));
#4225=CARTESIAN_POINT('Ctrl Pts',(262.842360518948,4.84489678553694,209.675233329861));
#4226=CARTESIAN_POINT('Ctrl Pts',(262.822903474833,4.69160834910857,209.821892159347));
#4227=CARTESIAN_POINT('Ctrl Pts',(262.806881472569,4.54820859556238,209.967666460887));
#4228=CARTESIAN_POINT('Ctrl Pts',(262.802271549386,4.47993565882692,210.04058633065));
#4229=CARTESIAN_POINT('Ctrl Pts',(262.803901620027,4.35410754757915,210.193695296181));
#4230=CARTESIAN_POINT('Ctrl Pts',(262.824012988971,4.24890420580587,210.36200740756));
#4231=CARTESIAN_POINT('Ctrl Pts',(262.838608690952,4.20173437510886,210.450258381709));
#4232=CARTESIAN_POINT('Ctrl Pts',(262.871040775972,4.11237825809003,210.626628214228));
#4233=CARTESIAN_POINT('Ctrl Pts',(262.899500191223,4.02319789548254,210.795588819164));
#4234=CARTESIAN_POINT('Ctrl Pts',(262.91048234067,3.97653362608377,210.876521485953));
#4235=CARTESIAN_POINT('Ctrl Pts',(262.937826022584,3.83434780829561,211.114304106551));
#4236=CARTESIAN_POINT('Ctrl Pts',(262.95244743003,3.68782695608844,211.343357950686));
#4237=CARTESIAN_POINT('Ctrl Pts',(262.961994005955,3.59120632942068,211.499853128622));
#4238=CARTESIAN_POINT('Ctrl Pts',(262.98619082022,3.30119352659205,211.960288099944));
#4239=CARTESIAN_POINT('Ctrl Pts',(262.986233871495,3.0231478467502,212.389433251233));
#4240=CARTESIAN_POINT('Ctrl Pts',(262.966459297064,2.84332828311474,212.675399052762));
#4241=CARTESIAN_POINT('Ctrl Pts',(262.947237769824,2.66052442926239,212.962305618264));
#4242=CARTESIAN_POINT('Ctrl Pts',(262.92923385097,2.47965682576693,213.247328866215));
#4243=CARTESIAN_POINT('Ctrl Pts',(265.423795647011,14.5943279286345,213.155186781546));
#4244=CARTESIAN_POINT('Ctrl Pts',(265.378031000083,14.3994622249931,212.876903579924));
#4245=CARTESIAN_POINT('Ctrl Pts',(265.333433711932,14.2021752533393,212.600636393772));
#4246=CARTESIAN_POINT('Ctrl Pts',(265.291675506799,14.0034199601998,212.325716022369));
#4247=CARTESIAN_POINT('Ctrl Pts',(265.222185399869,13.6962291928942,211.908414710827));
#4248=CARTESIAN_POINT('Ctrl Pts',(265.135659057329,13.3752097967712,211.479224133649));
#4249=CARTESIAN_POINT('Ctrl Pts',(265.104402628189,13.2666642875457,211.334359071934));
#4250=CARTESIAN_POINT('Ctrl Pts',(265.036386182752,13.0472837275961,211.040657335229));
#4251=CARTESIAN_POINT('Ctrl Pts',(264.955642892499,12.8259386568348,210.734992004606));
#4252=CARTESIAN_POINT('Ctrl Pts',(264.911619318315,12.7157152767275,210.577904156717));
#4253=CARTESIAN_POINT('Ctrl Pts',(264.839783930059,12.5511346714642,210.333595578148));
#4254=CARTESIAN_POINT('Ctrl Pts',(264.761994817335,12.3803960209035,210.080055630752));
#4255=CARTESIAN_POINT('Ctrl Pts',(264.735554150078,12.3224968597635,209.994629948122));
#4256=CARTESIAN_POINT('Ctrl Pts',(264.682393185352,12.2039941864455,209.822751946088));
#4257=CARTESIAN_POINT('Ctrl Pts',(264.628124169568,12.0790317691395,209.649095552841));
#4258=CARTESIAN_POINT('Ctrl Pts',(264.600678528476,12.0147031531617,209.561931606602));
#4259=CARTESIAN_POINT('Ctrl Pts',(264.542689565997,11.882117194012,209.385323951976));
#4260=CARTESIAN_POINT('Ctrl Pts',(264.476626593225,11.745951760257,209.19847456782));
#4261=CARTESIAN_POINT('Ctrl Pts',(264.44133054552,11.6778182466228,209.101114471914));
#4262=CARTESIAN_POINT('Ctrl Pts',(264.385479019801,11.5808167783021,208.947229484683));
#4263=CARTESIAN_POINT('Ctrl Pts',(264.330412363771,11.4917051657182,208.78267256212));
#4264=CARTESIAN_POINT('Ctrl Pts',(264.31242448894,11.4628739752485,208.726684406409));
#4265=CARTESIAN_POINT('Ctrl Pts',(264.27810318121,11.4063735921602,208.612735581704));
#4266=CARTESIAN_POINT('Ctrl Pts',(264.247303063362,11.3504991959182,208.494924786674));
#4267=CARTESIAN_POINT('Ctrl Pts',(264.232826503553,11.3223018803522,208.435077436278));
#4268=CARTESIAN_POINT('Ctrl Pts',(264.205011868554,11.26422277842,208.313309885424));
#4269=CARTESIAN_POINT('Ctrl Pts',(264.178213024384,11.1964398701208,208.189761363863));
#4270=CARTESIAN_POINT('Ctrl Pts',(264.164973175198,11.1584896231894,208.128245837449));
#4271=CARTESIAN_POINT('Ctrl Pts',(264.135247436342,11.0707683104854,208.006598172204));
#4272=CARTESIAN_POINT('Ctrl Pts',(264.097398332968,10.9536928731111,207.89457392387));
#4273=CARTESIAN_POINT('Ctrl Pts',(264.076213744991,10.8861944670944,207.842792693117));
#4274=CARTESIAN_POINT('Ctrl Pts',(264.036230183304,10.7302452366583,207.75615857615));
#4275=CARTESIAN_POINT('Ctrl Pts',(264.000879543376,10.544598135594,207.703060039553));
#4276=CARTESIAN_POINT('Ctrl Pts',(263.984419507008,10.4472532010779,207.684967033232));
#4277=CARTESIAN_POINT('Ctrl Pts',(263.952930940985,10.2527381599299,207.661461991677));
#4278=CARTESIAN_POINT('Ctrl Pts',(263.924836913003,10.0645730632249,207.658232744836));
#4279=CARTESIAN_POINT('Ctrl Pts',(263.91168126136,9.97378343371109,207.660310451049));
#4280=CARTESIAN_POINT('Ctrl Pts',(263.874028713971,9.71015934382181,207.674482087618));
#4281=CARTESIAN_POINT('Ctrl Pts',(263.837595888939,9.46833445053768,207.705722781319));
#4282=CARTESIAN_POINT('Ctrl Pts',(263.809574157331,9.31176710627737,207.728118878546));
#4283=CARTESIAN_POINT('Ctrl Pts',(263.748324090213,9.00559867470042,207.773653454052));
#4284=CARTESIAN_POINT('Ctrl Pts',(263.687643348871,8.71950097878659,207.818715459726));
#4285=CARTESIAN_POINT('Ctrl Pts',(263.660057437183,8.58278306105251,207.840695928086));
#4286=CARTESIAN_POINT('Ctrl Pts',(263.609366003879,8.31872746011427,207.884833908697));
#4287=CARTESIAN_POINT('Ctrl Pts',(263.560948559958,8.06425817604239,207.932486810067));
#4288=CARTESIAN_POINT('Ctrl Pts',(263.535662701618,7.93709942327252,207.957974961438));
#4289=CARTESIAN_POINT('Ctrl Pts',(263.482985675614,7.68409805577659,208.014194373332));
#4290=CARTESIAN_POINT('Ctrl Pts',(263.43108617679,7.44026591389394,208.082122271258));
#4291=CARTESIAN_POINT('Ctrl Pts',(263.40654221889,7.32234487967177,208.119414803006));
#4292=CARTESIAN_POINT('Ctrl Pts',(263.360854405713,7.092769456615,208.198852984424));
#4293=CARTESIAN_POINT('Ctrl Pts',(263.317069083865,6.86519801049195,208.284394398077));
#4294=CARTESIAN_POINT('Ctrl Pts',(263.294512859229,6.74923621756965,208.327691741864));
#4295=CARTESIAN_POINT('Ctrl Pts',(263.257956791233,6.57184980430414,208.394604785388));
#4296=CARTESIAN_POINT('Ctrl Pts',(263.218916308981,6.3959300874294,208.468861818135));
#4297=CARTESIAN_POINT('Ctrl Pts',(263.20570234897,6.3377736930332,208.494648966649));
#4298=CARTESIAN_POINT('Ctrl Pts',(263.179175682795,6.2230708367507,208.54867909231));
#4299=CARTESIAN_POINT('Ctrl Pts',(263.153209813677,6.11226519668729,208.607789336692));
#4300=CARTESIAN_POINT('Ctrl Pts',(263.140548495191,6.05800772494541,208.638658570461));
#4301=CARTESIAN_POINT('Ctrl Pts',(263.116403020797,5.95196550408331,208.702871876799));
#4302=CARTESIAN_POINT('Ctrl Pts',(263.0950771458,5.85093420266538,208.771186527985));
#4303=CARTESIAN_POINT('Ctrl Pts',(263.085254810846,5.80169600698552,208.806169356192));
#4304=CARTESIAN_POINT('Ctrl Pts',(263.066840922862,5.70538967594936,208.876915007712));
#4305=CARTESIAN_POINT('Ctrl Pts',(263.049014949369,5.61176695003881,208.947430518421));
#4306=CARTESIAN_POINT('Ctrl Pts',(263.039785753211,5.56522091076359,208.982180465485));
#4307=CARTESIAN_POINT('Ctrl Pts',(263.010050970544,5.42509488600435,209.084135310019));
#4308=CARTESIAN_POINT('Ctrl Pts',(262.976060282353,5.28348147002706,209.180817369782));
#4309=CARTESIAN_POINT('Ctrl Pts',(262.953555543672,5.18838555932424,209.244675630834));
#4310=CARTESIAN_POINT('Ctrl Pts',(262.919133146458,5.00684916138086,209.379624468066));
#4311=CARTESIAN_POINT('Ctrl Pts',(262.899573174939,4.84315791128313,209.525468286257));
#4312=CARTESIAN_POINT('Ctrl Pts',(262.892443241091,4.76622238304957,209.600636462813));
#4313=CARTESIAN_POINT('Ctrl Pts',(262.877866518359,4.61840228664023,209.752310898646));
#4314=CARTESIAN_POINT('Ctrl Pts',(262.871486523626,4.4854116215884,209.907610895745));
#4315=CARTESIAN_POINT('Ctrl Pts',(262.872793978557,4.42336909052942,209.986148196419));
#4316=CARTESIAN_POINT('Ctrl Pts',(262.887041809017,4.31058205481781,210.150560218827));
#4317=CARTESIAN_POINT('Ctrl Pts',(262.918249016494,4.21662585678906,210.328398373397));
#4318=CARTESIAN_POINT('Ctrl Pts',(262.937159398803,4.17379444244091,210.420437516873));
#4319=CARTESIAN_POINT('Ctrl Pts',(262.973615753326,4.08862492081008,210.601127060322));
#4320=CARTESIAN_POINT('Ctrl Pts',(263.000592712248,3.99851233227305,210.770515923129));
#4321=CARTESIAN_POINT('Ctrl Pts',(263.010253597878,3.95094831510323,210.851295973549));
#4322=CARTESIAN_POINT('Ctrl Pts',(263.033139287201,3.80586539712246,211.088384717701));
#4323=CARTESIAN_POINT('Ctrl Pts',(263.042572029156,3.6558531400064,211.316404205699));
#4324=CARTESIAN_POINT('Ctrl Pts',(263.049414497599,3.556865683809,211.472819075166));
#4325=CARTESIAN_POINT('Ctrl Pts',(263.0679880989,3.26262025817822,211.93547654998));
#4326=CARTESIAN_POINT('Ctrl Pts',(263.068439835486,2.98733124605531,212.370281744824));
#4327=CARTESIAN_POINT('Ctrl Pts',(263.047784389315,2.8060356009485,212.654961746247));
#4328=CARTESIAN_POINT('Ctrl Pts',(263.027017266523,2.62281399468256,212.942507230897));
#4329=CARTESIAN_POINT('Ctrl Pts',(263.007755243972,2.44178917730022,213.228398422911));
#4330=CARTESIAN_POINT('Ctrl Pts',(265.467540059492,14.5968441078778,213.148214809528));
#4331=CARTESIAN_POINT('Ctrl Pts',(265.422338219098,14.401755993468,212.86915248559));
#4332=CARTESIAN_POINT('Ctrl Pts',(265.378592002061,14.2042726493587,212.592145461975));
#4333=CARTESIAN_POINT('Ctrl Pts',(265.3371080963,14.0050862872041,212.316450113207));
#4334=CARTESIAN_POINT('Ctrl Pts',(265.269095951324,13.697573148342,211.897809262701));
#4335=CARTESIAN_POINT('Ctrl Pts',(265.184319984729,13.3764353061358,211.467308768644));
#4336=CARTESIAN_POINT('Ctrl Pts',(265.15366762383,13.2678791177659,211.322015987885));
#4337=CARTESIAN_POINT('Ctrl Pts',(265.086842683818,13.0484987181274,211.027338610043));
#4338=CARTESIAN_POINT('Ctrl Pts',(265.007201041591,12.8270452986156,210.720656442388));
#4339=CARTESIAN_POINT('Ctrl Pts',(264.963618109332,12.716642596474,210.563124800061));
#4340=CARTESIAN_POINT('Ctrl Pts',(264.892664972097,12.5520479913625,210.318077925216));
#4341=CARTESIAN_POINT('Ctrl Pts',(264.816273172722,12.3811617820109,210.064026430714));
#4342=CARTESIAN_POINT('Ctrl Pts',(264.790359574301,12.3231699561456,209.978472102688));
#4343=CARTESIAN_POINT('Ctrl Pts',(264.738315717999,12.2043343562919,209.806309222281));
#4344=CARTESIAN_POINT('Ctrl Pts',(264.685312057687,12.0786282331213,209.63210789264));
#4345=CARTESIAN_POINT('Ctrl Pts',(264.658550030601,12.0137989148397,209.544555193741));
#4346=CARTESIAN_POINT('Ctrl Pts',(264.602070258806,11.8798736165506,209.366968550392));
#4347=CARTESIAN_POINT('Ctrl Pts',(264.537595558228,11.742528734711,209.17889075613));
#4348=CARTESIAN_POINT('Ctrl Pts',(264.503030595791,11.6740624851986,209.080894184326));
#4349=CARTESIAN_POINT('Ctrl Pts',(264.448862141204,11.5774977038504,208.926093479378));
#4350=CARTESIAN_POINT('Ctrl Pts',(264.395897489876,11.4897861842387,208.760642305441));
#4351=CARTESIAN_POINT('Ctrl Pts',(264.378634334598,11.4615055749922,208.704359439296));
#4352=CARTESIAN_POINT('Ctrl Pts',(264.345631321897,11.4062020074461,208.589796701591));
#4353=CARTESIAN_POINT('Ctrl Pts',(264.315656517019,11.3513359046527,208.471465786357));
#4354=CARTESIAN_POINT('Ctrl Pts',(264.301431587725,11.323494194097,208.411426705615));
#4355=CARTESIAN_POINT('Ctrl Pts',(264.27367025276,11.2655451833464,208.289551716607));
#4356=CARTESIAN_POINT('Ctrl Pts',(264.246100596387,11.1969984543721,208.166585730046));
#4357=CARTESIAN_POINT('Ctrl Pts',(264.23210126957,11.1586011444467,208.105447402371));
#4358=CARTESIAN_POINT('Ctrl Pts',(264.202886596092,11.0690389521371,207.986354122211));
#4359=CARTESIAN_POINT('Ctrl Pts',(264.169538720223,10.9497526221974,207.879324630878));
#4360=CARTESIAN_POINT('Ctrl Pts',(264.151341023675,10.8815984597511,207.830200037243));
#4361=CARTESIAN_POINT('Ctrl Pts',(264.114587470913,10.727815681862,207.745686023454));
#4362=CARTESIAN_POINT('Ctrl Pts',(264.078864210667,10.5480911196286,207.689888992369));
#4363=CARTESIAN_POINT('Ctrl Pts',(264.061645492272,10.4539542821329,207.669515903977));
#4364=CARTESIAN_POINT('Ctrl Pts',(264.028365723382,10.2642645167639,207.641072278227));
#4365=CARTESIAN_POINT('Ctrl Pts',(263.997789957406,10.0776415105932,207.632831340859));
#4366=CARTESIAN_POINT('Ctrl Pts',(263.983245050532,9.98670009301326,207.632612700339));
#4367=CARTESIAN_POINT('Ctrl Pts',(263.941065953449,9.72098437276151,207.640553578457));
#4368=CARTESIAN_POINT('Ctrl Pts',(263.899996072608,9.47412576560642,207.667605824093));
#4369=CARTESIAN_POINT('Ctrl Pts',(263.869717871481,9.31486318610804,207.688096187695));
#4370=CARTESIAN_POINT('Ctrl Pts',(263.805063180112,9.00428366346504,207.730678559203));
#4371=CARTESIAN_POINT('Ctrl Pts',(263.74173072347,8.71472812071952,207.773992981327));
#4372=CARTESIAN_POINT('Ctrl Pts',(263.712661657934,8.57624470143316,207.795244416042));
#4373=CARTESIAN_POINT('Ctrl Pts',(263.658735102376,8.30856447949131,207.838127134546));
#4374=CARTESIAN_POINT('Ctrl Pts',(263.606975877776,8.05074783861614,207.884783258933));
#4375=CARTESIAN_POINT('Ctrl Pts',(263.58009320299,7.92208622965104,207.909804818099));
#4376=CARTESIAN_POINT('Ctrl Pts',(263.524445643528,7.66647657478589,207.965151395587));
#4377=CARTESIAN_POINT('Ctrl Pts',(263.469979006353,7.42067635359381,208.032301217712));
#4378=CARTESIAN_POINT('Ctrl Pts',(263.444253229149,7.30191225490525,208.069228505838));
#4379=CARTESIAN_POINT('Ctrl Pts',(263.396312782055,7.07066377087021,208.147889356161));
#4380=CARTESIAN_POINT('Ctrl Pts',(263.350387255226,6.84072337657557,208.232396741111));
#4381=CARTESIAN_POINT('Ctrl Pts',(263.326742575051,6.72318679599893,208.275050431128));
#4382=CARTESIAN_POINT('Ctrl Pts',(263.288763314467,6.5430851575548,208.341057503551));
#4383=CARTESIAN_POINT('Ctrl Pts',(263.248974752655,6.36488670840851,208.41519668015));
#4384=CARTESIAN_POINT('Ctrl Pts',(263.23560366988,6.30606538282026,208.441066609544));
#4385=CARTESIAN_POINT('Ctrl Pts',(263.2089399298,6.19026847695065,208.495549265138));
#4386=CARTESIAN_POINT('Ctrl Pts',(263.183081686888,6.07872780161062,208.555638296759));
#4387=CARTESIAN_POINT('Ctrl Pts',(263.170507319969,6.02416562712229,208.587116986933));
#4388=CARTESIAN_POINT('Ctrl Pts',(263.14654445133,5.91752777302037,208.652725466586));
#4389=CARTESIAN_POINT('Ctrl Pts',(263.125433029589,5.81589333006491,208.722702425975));
#4390=CARTESIAN_POINT('Ctrl Pts',(263.115733958797,5.76634486230871,208.758564636593));
#4391=CARTESIAN_POINT('Ctrl Pts',(263.09753705697,5.66938239690576,208.831071371121));
#4392=CARTESIAN_POINT('Ctrl Pts',(263.079486207332,5.57484336954726,208.903060515849));
#4393=CARTESIAN_POINT('Ctrl Pts',(263.069939118235,5.52772682214985,208.938401952377));
#4394=CARTESIAN_POINT('Ctrl Pts',(263.038557961068,5.38558383341203,209.041638399639));
#4395=CARTESIAN_POINT('Ctrl Pts',(263.001810634253,5.24186655636501,209.138721735288));
#4396=CARTESIAN_POINT('Ctrl Pts',(262.978030797719,5.14624344104356,209.203142938226));
#4397=CARTESIAN_POINT('Ctrl Pts',(262.942989411988,4.96521749876412,209.340011767182));
#4398=CARTESIAN_POINT('Ctrl Pts',(262.92507060284,4.80371923502114,209.488127327853));
#4399=CARTESIAN_POINT('Ctrl Pts',(262.919035701945,4.72798856451798,209.564246727146));
#4400=CARTESIAN_POINT('Ctrl Pts',(262.907980326033,4.58396772279176,209.719153993153));
#4401=CARTESIAN_POINT('Ctrl Pts',(262.907126599936,4.45685422052443,209.879740128607));
#4402=CARTESIAN_POINT('Ctrl Pts',(262.911504327877,4.39807019034367,209.961259154223));
#4403=CARTESIAN_POINT('Ctrl Pts',(262.931791581311,4.29163951156186,210.131281202797));
#4404=CARTESIAN_POINT('Ctrl Pts',(262.967571360219,4.20241295880397,210.313139906082));
#4405=CARTESIAN_POINT('Ctrl Pts',(262.98805317963,4.16118547697297,210.406581404657));
#4406=CARTESIAN_POINT('Ctrl Pts',(263.025581738366,4.07719551026277,210.588683835986));
#4407=CARTESIAN_POINT('Ctrl Pts',(263.051234636762,3.98605800701204,210.757915186071));
#4408=CARTESIAN_POINT('Ctrl Pts',(263.060046337821,3.93787450334315,210.838539935059));
#4409=CARTESIAN_POINT('Ctrl Pts',(263.080350874069,3.79105298405588,211.07519220165));
#4410=CARTESIAN_POINT('Ctrl Pts',(263.08735821494,3.63952086497133,211.302904562638));
#4411=CARTESIAN_POINT('Ctrl Pts',(263.093058213241,3.5395921458043,211.45940907882));
#4412=CARTESIAN_POINT('Ctrl Pts',(263.109178587618,3.24374056677728,211.923390377064));
#4413=CARTESIAN_POINT('Ctrl Pts',(263.109763930588,2.96966929254075,212.360937409654));
#4414=CARTESIAN_POINT('Ctrl Pts',(263.088793540191,2.78753090723868,212.644967035903));
#4415=CARTESIAN_POINT('Ctrl Pts',(263.067189352859,2.6041118559246,212.932872859802));
#4416=CARTESIAN_POINT('Ctrl Pts',(263.047272407515,2.42300119949147,213.219204468769));
#4417=CARTESIAN_POINT('Ctrl Pts',(265.555321548437,14.6015341266854,213.134840329008));
#4418=CARTESIAN_POINT('Ctrl Pts',(265.511190643487,14.4059293736566,212.854162452839));
#4419=CARTESIAN_POINT('Ctrl Pts',(265.469054881853,14.2078412998086,212.575442516253));
#4420=CARTESIAN_POINT('Ctrl Pts',(265.428313818504,14.007963780417,212.298460075108));
#4421=CARTESIAN_POINT('Ctrl Pts',(265.363336377006,13.699846648203,211.877236148146));
#4422=CARTESIAN_POINT('Ctrl Pts',(265.282059652394,13.3785613505558,211.444120118831));
#4423=CARTESIAN_POINT('Ctrl Pts',(265.252604942759,13.2700112682903,211.297977133073));
#4424=CARTESIAN_POINT('Ctrl Pts',(265.188135773125,13.0506809920278,211.001384755161));
#4425=CARTESIAN_POINT('Ctrl Pts',(265.110772603055,12.8290642262904,210.692752992732));
#4426=CARTESIAN_POINT('Ctrl Pts',(265.068168658282,12.7183378815866,210.534396393528));
#4427=CARTESIAN_POINT('Ctrl Pts',(264.998996517925,12.5534859778691,210.288154625394));
#4428=CARTESIAN_POINT('Ctrl Pts',(264.925270368908,12.382101787245,210.033127186661));
#4429=CARTESIAN_POINT('Ctrl Pts',(264.900352253488,12.323875062938,209.947286911662));
#4430=CARTESIAN_POINT('Ctrl Pts',(264.850397372146,12.2043125209222,209.77444465489));
#4431=CARTESIAN_POINT('Ctrl Pts',(264.799825767459,12.0771288497954,209.599074118525));
#4432=CARTESIAN_POINT('Ctrl Pts',(264.774408016621,12.0113172145878,209.510742789092));
#4433=CARTESIAN_POINT('Ctrl Pts',(264.721162760846,11.8747720668621,209.331376940946));
#4434=CARTESIAN_POINT('Ctrl Pts',(264.660665332762,11.7349863307517,209.141455992596));
#4435=CARTESIAN_POINT('Ctrl Pts',(264.628121222223,11.6657359634172,209.042611216777));
#4436=CARTESIAN_POINT('Ctrl Pts',(264.578024337118,11.5694996839215,208.886809953045));
#4437=CARTESIAN_POINT('Ctrl Pts',(264.529298202742,11.4839061712874,208.720455785958));
#4438=CARTESIAN_POINT('Ctrl Pts',(264.513393003986,11.4565081762636,208.663869999826));
#4439=CARTESIAN_POINT('Ctrl Pts',(264.482608691318,11.4032312126106,208.548613755556));
#4440=CARTESIAN_POINT('Ctrl Pts',(264.453506911589,11.3503002273365,208.429665747883));
#4441=CARTESIAN_POINT('Ctrl Pts',(264.439306653355,11.323249423979,208.369402695852));
#4442=CARTESIAN_POINT('Ctrl Pts',(264.410811012096,11.2660217046614,208.247596278351));
#4443=CARTESIAN_POINT('Ctrl Pts',(264.381993055747,11.1965218246294,208.126419089505));
#4444=CARTESIAN_POINT('Ctrl Pts',(264.367413661566,11.1572619600639,208.06672618273));
#4445=CARTESIAN_POINT('Ctrl Pts',(264.339434049574,11.0652171197912,207.952680563453));
#4446=CARTESIAN_POINT('Ctrl Pts',(264.31174419242,10.9443363146913,207.852942767435));
#4447=CARTESIAN_POINT('Ctrl Pts',(264.297321689468,10.8762712723046,207.807467544064));
#4448=CARTESIAN_POINT('Ctrl Pts',(264.265937605417,10.7268468034538,207.726501995166));
#4449=CARTESIAN_POINT('Ctrl Pts',(264.231549858075,10.556349167303,207.667431483322));
#4450=CARTESIAN_POINT('Ctrl Pts',(264.213993918104,10.4672497585046,207.643802193334));
#4451=CARTESIAN_POINT('Ctrl Pts',(264.1790167536,10.2855989757834,207.60751935601));
#4452=CARTESIAN_POINT('Ctrl Pts',(264.144728966126,10.1022523026189,207.590204603915));
#4453=CARTESIAN_POINT('Ctrl Pts',(264.127893479625,10.0114987620222,207.585554282228));
#4454=CARTESIAN_POINT('Ctrl Pts',(264.077987502154,9.7434165063128,207.580966368753));
#4455=CARTESIAN_POINT('Ctrl Pts',(264.028366976088,9.48845004403967,207.598375490305));
#4456=CARTESIAN_POINT('Ctrl Pts',(263.993688048795,9.32430805753826,207.614165437756));
#4457=CARTESIAN_POINT('Ctrl Pts',(263.922140104856,9.00537848315931,207.649279431533));
#4458=CARTESIAN_POINT('Ctrl Pts',(263.853105336819,8.70849025560501,207.688039905607));
#4459=CARTESIAN_POINT('Ctrl Pts',(263.820861449639,8.56616830516185,207.707447041729));
#4460=CARTESIAN_POINT('Ctrl Pts',(263.760018119679,8.29054763342912,207.747223672152));
#4461=CARTESIAN_POINT('Ctrl Pts',(263.701238380421,8.02547508629621,207.791531253852));
#4462=CARTESIAN_POINT('Ctrl Pts',(263.671062525105,7.89363469938836,207.815469932388));
#4463=CARTESIAN_POINT('Ctrl Pts',(263.609379788312,7.6326082069359,207.868764000869));
#4464=CARTESIAN_POINT('Ctrl Pts',(263.549637178348,7.38256001097598,207.93392952863));
#4465=CARTESIAN_POINT('Ctrl Pts',(263.521399355824,7.26181768673058,207.969851080831));
#4466=CARTESIAN_POINT('Ctrl Pts',(263.468473212149,7.02637453940696,208.046309524577));
#4467=CARTESIAN_POINT('Ctrl Pts',(263.417649889669,6.79075989710913,208.128058692601));
#4468=CARTESIAN_POINT('Ctrl Pts',(263.391533252662,6.66967934384336,208.169104121786));
#4469=CARTESIAN_POINT('Ctrl Pts',(263.350373845209,6.48372077842127,208.232854679578));
#4470=CARTESIAN_POINT('Ctrl Pts',(263.309162356136,6.30109033190778,208.306596322039));
#4471=CARTESIAN_POINT('Ctrl Pts',(263.295559262336,6.24105808729,208.332621130886));
#4472=CARTESIAN_POINT('Ctrl Pts',(263.268910642763,6.12347578549541,208.388093955596));
#4473=CARTESIAN_POINT('Ctrl Pts',(263.243686696578,6.0110208721531,208.450372570262));
#4474=CARTESIAN_POINT('Ctrl Pts',(263.231500452869,5.95612431738669,208.483207897579));
#4475=CARTESIAN_POINT('Ctrl Pts',(263.208224667871,5.84867856985643,208.551850181839));
#4476=CARTESIAN_POINT('Ctrl Pts',(263.18755424778,5.7458030430671,208.62526091497));
#4477=CARTESIAN_POINT('Ctrl Pts',(263.17800647828,5.69548910303861,208.66288566632));
#4478=CARTESIAN_POINT('Ctrl Pts',(263.159878767735,5.59675520992734,208.738825668629));
#4479=CARTESIAN_POINT('Ctrl Pts',(263.140712391857,5.49972973877687,208.813481086517));
#4480=CARTESIAN_POINT('Ctrl Pts',(263.130130803352,5.45113183222675,208.849815371289));
#4481=CARTESIAN_POINT('Ctrl Pts',(263.094258778009,5.30406425770326,208.955006795279));
#4482=CARTESIAN_POINT('Ctrl Pts',(263.051552844288,5.15611897349234,209.05270175434));
#4483=CARTESIAN_POINT('Ctrl Pts',(263.026050771266,5.06031302888725,209.118859443013));
#4484=CARTESIAN_POINT('Ctrl Pts',(262.992184499389,4.88275311929761,209.26145391733));
#4485=CARTESIAN_POINT('Ctrl Pts',(262.980335449445,4.72845914967375,209.416372301671));
#4486=CARTESIAN_POINT('Ctrl Pts',(262.977728050722,4.65642627512839,209.495425035966));
#4487=CARTESIAN_POINT('Ctrl Pts',(262.97568263407,4.5218156744319,209.658119837182));
#4488=CARTESIAN_POINT('Ctrl Pts',(262.986237910107,4.40657350841284,209.829226251973));
#4489=CARTESIAN_POINT('Ctrl Pts',(262.996300581556,4.35386421431268,209.91638734809));
#4490=CARTESIAN_POINT('Ctrl Pts',(263.026808571376,4.25847009844318,210.096385377996));
#4491=CARTESIAN_POINT('Ctrl Pts',(263.068936106404,4.1761251466119,210.284281611238));
#4492=CARTESIAN_POINT('Ctrl Pts',(263.091110546631,4.13672243438665,210.379412237079));
#4493=CARTESIAN_POINT('Ctrl Pts',(263.12881528288,4.05318925260591,210.562879223598));
#4494=CARTESIAN_POINT('Ctrl Pts',(263.151322441358,3.95953091244653,210.731624297934));
#4495=CARTESIAN_POINT('Ctrl Pts',(263.158452250736,3.91014986289904,210.812102007707));
#4496=CARTESIAN_POINT('Ctrl Pts',(263.173809985264,3.76014451078415,211.048418505259));
#4497=CARTESIAN_POINT('Ctrl Pts',(263.176597520065,3.60630314937391,211.276101046294));
#4498=CARTESIAN_POINT('Ctrl Pts',(263.180415300394,3.50501942960347,211.433001696783));
#4499=CARTESIAN_POINT('Ctrl Pts',(263.192417075904,3.2071570261833,211.89999657465));
#4500=CARTESIAN_POINT('Ctrl Pts',(263.192851090743,2.9348135701855,212.342629928203));
#4501=CARTESIAN_POINT('Ctrl Pts',(263.171385061292,2.75084287700238,212.625474351228));
#4502=CARTESIAN_POINT('Ctrl Pts',(263.147934529204,2.56706422625095,212.914214776312));
#4503=CARTESIAN_POINT('Ctrl Pts',(263.126737593332,2.38574347956462,213.201405550837));
#4504=CARTESIAN_POINT('Ctrl Pts',(265.643659553782,14.605585577589,213.122694927742));
#4505=CARTESIAN_POINT('Ctrl Pts',(265.60039119312,14.4094150706529,212.840441009129));
#4506=CARTESIAN_POINT('Ctrl Pts',(265.559245899068,14.2103781136709,212.559775076453));
#4507=CARTESIAN_POINT('Ctrl Pts',(265.520161280927,14.0098999719539,212.281510956388));
#4508=CARTESIAN_POINT('Ctrl Pts',(265.45834169305,13.7012473940424,211.857895190088));
#4509=CARTESIAN_POINT('Ctrl Pts',(265.380585555523,13.3800128311471,211.422230949195));
#4510=CARTESIAN_POINT('Ctrl Pts',(265.352324325228,13.2715339005819,211.27526712046));
#4511=CARTESIAN_POINT('Ctrl Pts',(265.290154925068,13.0523505263914,210.976858134897));
#4512=CARTESIAN_POINT('Ctrl Pts',(265.21515410361,12.8306334886768,210.666423022514));
#4513=CARTESIAN_POINT('Ctrl Pts',(265.173696913734,12.7196314994034,210.50733603424));
#4514=CARTESIAN_POINT('Ctrl Pts',(265.106373654775,12.5541095783098,210.260346226009));
#4515=CARTESIAN_POINT('Ctrl Pts',(265.035123805614,12.381847244879,210.00445879808));
#4516=CARTESIAN_POINT('Ctrl Pts',(265.011109513047,12.3232918790677,209.918305016894));
#4517=CARTESIAN_POINT('Ctrl Pts',(264.96301008432,12.2029102235693,209.744650422593));
#4518=CARTESIAN_POINT('Ctrl Pts',(264.914633632709,12.0743791575692,209.568029048665));
#4519=CARTESIAN_POINT('Ctrl Pts',(264.890436469214,12.007713733026,209.478935344699));
#4520=CARTESIAN_POINT('Ctrl Pts',(264.840534708176,11.8689043653993,209.298113007859));
#4521=CARTESIAN_POINT('Ctrl Pts',(264.785249556038,11.7268035442282,209.107425295279));
#4522=CARTESIAN_POINT('Ctrl Pts',(264.755710923002,11.6566664864701,209.008491438821));
#4523=CARTESIAN_POINT('Ctrl Pts',(264.710781392431,11.5599465831898,208.85309371946));
#4524=CARTESIAN_POINT('Ctrl Pts',(264.666759542474,11.4750081511404,208.687638868824));
#4525=CARTESIAN_POINT('Ctrl Pts',(264.652289410733,11.4479510711828,208.631392630937));
#4526=CARTESIAN_POINT('Ctrl Pts',(264.623810260771,11.3955512943532,208.516841387591));
#4527=CARTESIAN_POINT('Ctrl Pts',(264.595757695084,11.34353589603,208.398844717769));
#4528=CARTESIAN_POINT('Ctrl Pts',(264.581725210935,11.316872650541,208.339157972523));
#4529=CARTESIAN_POINT('Ctrl Pts',(264.553154423245,11.2599604599422,208.219021170669));
#4530=CARTESIAN_POINT('Ctrl Pts',(264.524219959616,11.1900560438108,208.100789594665));
#4531=CARTESIAN_POINT('Ctrl Pts',(264.509808310288,11.1504220651692,208.04298411972));
#4532=CARTESIAN_POINT('Ctrl Pts',(264.482295214083,11.0583221878428,207.932881104026));
#4533=CARTESIAN_POINT('Ctrl Pts',(264.455854404815,10.9394435876842,207.836636826174));
#4534=CARTESIAN_POINT('Ctrl Pts',(264.442518325282,10.8729938378045,207.792692997192));
#4535=CARTESIAN_POINT('Ctrl Pts',(264.413889487319,10.7280605401084,207.71359982237));
#4536=CARTESIAN_POINT('Ctrl Pts',(264.381543103866,10.563886477672,207.652915941891));
#4537=CARTESIAN_POINT('Ctrl Pts',(264.364432005256,10.4782072332099,207.627366227568));
#4538=CARTESIAN_POINT('Ctrl Pts',(264.329171794105,10.3026694958878,207.585596784795));
#4539=CARTESIAN_POINT('Ctrl Pts',(264.292589515012,10.1230019591629,207.560680428096));
#4540=CARTESIAN_POINT('Ctrl Pts',(264.274179875693,10.0332145861011,207.551996559116));
#4541=CARTESIAN_POINT('Ctrl Pts',(264.218698333889,9.76574414848951,207.535311272732));
#4542=CARTESIAN_POINT('Ctrl Pts',(264.162160496292,9.50618514443532,207.541679279213));
#4543=CARTESIAN_POINT('Ctrl Pts',(264.123500177701,9.33836508429751,207.551528105499));
#4544=CARTESIAN_POINT('Ctrl Pts',(264.045232993419,9.01231673336526,207.576854166123));
#4545=CARTESIAN_POINT('Ctrl Pts',(263.970015495687,8.70769843238709,207.609277963494));
#4546=CARTESIAN_POINT('Ctrl Pts',(263.934361283625,8.5611723170898,207.626156129491));
#4547=CARTESIAN_POINT('Ctrl Pts',(263.866144915173,8.27677385160016,207.661736798339));
#4548=CARTESIAN_POINT('Ctrl Pts',(263.80005412959,8.00368857621714,207.702999243887));
#4549=CARTESIAN_POINT('Ctrl Pts',(263.766517083693,7.86839483784173,207.725558001917));
#4550=CARTESIAN_POINT('Ctrl Pts',(263.698766077591,7.60149559734746,207.776186467085));
#4551=CARTESIAN_POINT('Ctrl Pts',(263.633550281325,7.34633841779282,207.838528407563));
#4552=CARTESIAN_POINT('Ctrl Pts',(263.602562377834,7.22292140938157,207.872913052115));
#4553=CARTESIAN_POINT('Ctrl Pts',(263.54386546184,6.98141129379257,207.945940293065));
#4554=CARTESIAN_POINT('Ctrl Pts',(263.487156507247,6.73830940921813,208.023727938136));
#4555=CARTESIAN_POINT('Ctrl Pts',(263.458131459903,6.61306557196504,208.062677238557));
#4556=CARTESIAN_POINT('Ctrl Pts',(263.413228764719,6.42070823347754,208.123502773172));
#4557=CARTESIAN_POINT('Ctrl Pts',(263.370456067988,6.23389607121254,208.19645045681));
#4558=CARTESIAN_POINT('Ctrl Pts',(263.356638046564,6.1728386377491,208.222539279805));
#4559=CARTESIAN_POINT('Ctrl Pts',(263.330230643633,6.0541423027909,208.278975499566));
#4560=CARTESIAN_POINT('Ctrl Pts',(263.305979724827,5.94164912208319,208.343575355523));
#4561=CARTESIAN_POINT('Ctrl Pts',(263.294313542232,5.88681124856365,208.37783586577));
#4562=CARTESIAN_POINT('Ctrl Pts',(263.27160082215,5.77879695955844,208.449445190365));
#4563=CARTESIAN_POINT('Ctrl Pts',(263.250441138109,5.67391062052048,208.525837265491));
#4564=CARTESIAN_POINT('Ctrl Pts',(263.240358052316,5.62220113926391,208.564900667459));
#4565=CARTESIAN_POINT('Ctrl Pts',(263.220746735334,5.52037918658995,208.643604364562));
#4566=CARTESIAN_POINT('Ctrl Pts',(263.19902942234,5.41989971657101,208.720387369706));
#4567=CARTESIAN_POINT('Ctrl Pts',(263.186833289705,5.3695375773111,208.757515472296));
#4568=CARTESIAN_POINT('Ctrl Pts',(263.145368872004,5.2173436456001,208.864343953808));
#4569=CARTESIAN_POINT('Ctrl Pts',(263.098387747509,5.06732039781821,208.963867201198));
#4570=CARTESIAN_POINT('Ctrl Pts',(263.074403746921,4.97425161977137,209.033968544147));
#4571=CARTESIAN_POINT('Ctrl Pts',(263.048063835097,4.80609796699137,209.186912586125));
#4572=CARTESIAN_POINT('Ctrl Pts',(263.047425733527,4.66407889727029,209.352894305243));
#4573=CARTESIAN_POINT('Ctrl Pts',(263.05023807768,4.59783170867077,209.43677914246));
#4574=CARTESIAN_POINT('Ctrl Pts',(263.059570422273,4.47474468293553,209.609069149404));
#4575=CARTESIAN_POINT('Ctrl Pts',(263.080469309655,4.36985559686736,209.7893412236));
#4576=CARTESIAN_POINT('Ctrl Pts',(263.094805307921,4.32172441610074,209.880960064557));
#4577=CARTESIAN_POINT('Ctrl Pts',(263.131207786798,4.23321021580948,210.067720768042));
#4578=CARTESIAN_POINT('Ctrl Pts',(263.174109654409,4.1525650368859,210.257686846278));
#4579=CARTESIAN_POINT('Ctrl Pts',(263.195262166738,4.11241658800534,210.352523610625));
#4580=CARTESIAN_POINT('Ctrl Pts',(263.229637786307,4.02595970036803,210.534910663946));
#4581=CARTESIAN_POINT('Ctrl Pts',(263.248551404799,3.92935077552841,210.70325723853));
#4582=CARTESIAN_POINT('Ctrl Pts',(263.254320060652,3.87911445481587,210.78409554645));
#4583=CARTESIAN_POINT('Ctrl Pts',(263.265849722103,3.72708129060997,211.021511169267));
#4584=CARTESIAN_POINT('Ctrl Pts',(263.265833829649,3.57245550362803,211.250278113818));
#4585=CARTESIAN_POINT('Ctrl Pts',(263.26838221111,3.47074570375061,211.407820127229));
#4586=CARTESIAN_POINT('Ctrl Pts',(263.277565348495,3.17303484132558,211.878198970967));
#4587=CARTESIAN_POINT('Ctrl Pts',(263.276862059948,2.9008777729568,212.324997740114));
#4588=CARTESIAN_POINT('Ctrl Pts',(263.254197713009,2.71510233204043,212.607430430419));
#4589=CARTESIAN_POINT('Ctrl Pts',(263.229219717439,2.53082084807344,212.896914893475));
#4590=CARTESIAN_POINT('Ctrl Pts',(263.206978620664,2.3491518820965,213.184842014132));
#4591=CARTESIAN_POINT('Ctrl Pts',(265.687963837294,14.6074647286525,213.116953190165));
#4592=CARTESIAN_POINT('Ctrl Pts',(265.645075690438,14.4110291992033,212.833961424692));
#4593=CARTESIAN_POINT('Ctrl Pts',(265.604384874484,14.2114955813921,212.552321085555));
#4594=CARTESIAN_POINT('Ctrl Pts',(265.566235676374,14.0106250811442,212.273286092384));
#4595=CARTESIAN_POINT('Ctrl Pts',(265.506017388683,13.7017186699584,211.848522580211));
#4596=CARTESIAN_POINT('Ctrl Pts',(265.430032752207,13.3805637897629,211.411615320546));
#4597=CARTESIAN_POINT('Ctrl Pts',(265.402371304152,13.2721392090836,211.264252976493));
#4598=CARTESIAN_POINT('Ctrl Pts',(265.341337440815,13.0530529058593,210.964966468497));
#4599=CARTESIAN_POINT('Ctrl Pts',(265.267522965028,12.8312917545683,210.653659597584));
#4600=CARTESIAN_POINT('Ctrl Pts',(265.226674315267,12.7201593243019,210.494222254183));
#4601=CARTESIAN_POINT('Ctrl Pts',(265.160300518364,12.55421013131,210.246941095821));
#4602=CARTESIAN_POINT('Ctrl Pts',(265.090257799799,12.3814194708035,209.990658844542));
#4603=CARTESIAN_POINT('Ctrl Pts',(265.066678608341,12.322677518147,209.90434918289));
#4604=CARTESIAN_POINT('Ctrl Pts',(265.019461541036,12.2018706833378,209.730277191691));
#4605=CARTESIAN_POINT('Ctrl Pts',(264.972109883771,12.0727266537055,209.553029041518));
#4606=CARTESIAN_POINT('Ctrl Pts',(264.948469484752,12.0056895877103,209.463562348855));
#4607=CARTESIAN_POINT('Ctrl Pts',(264.90018167581,11.8658969665422,209.282084169103));
#4608=CARTESIAN_POINT('Ctrl Pts',(264.847720688657,11.7227384542963,209.091247574368));
#4609=CARTESIAN_POINT('Ctrl Pts',(264.819903176949,11.6521614904953,208.992438861686));
#4610=CARTESIAN_POINT('Ctrl Pts',(264.777760616026,11.5550580990126,208.837534095319));
#4611=CARTESIAN_POINT('Ctrl Pts',(264.736297222121,11.4700694401633,208.672980301288));
#4612=CARTESIAN_POINT('Ctrl Pts',(264.722622873657,11.443029220422,208.617077402715));
#4613=CARTESIAN_POINT('Ctrl Pts',(264.695537316167,11.3906965276211,208.503300686639));
#4614=CARTESIAN_POINT('Ctrl Pts',(264.668517000358,11.3386687520643,208.386364589066));
#4615=CARTESIAN_POINT('Ctrl Pts',(264.654912366498,11.3119469074555,208.32730228703));
#4616=CARTESIAN_POINT('Ctrl Pts',(264.627191234939,11.2546946736549,208.208736831476));
#4617=CARTESIAN_POINT('Ctrl Pts',(264.599056883063,11.1843080882343,208.092537252099));
#4618=CARTESIAN_POINT('Ctrl Pts',(264.585026861918,11.1444656561536,208.035821926459));
#4619=CARTESIAN_POINT('Ctrl Pts',(264.557867061178,11.0525418264799,207.927601720751));
#4620=CARTESIAN_POINT('Ctrl Pts',(264.531261009973,10.9351750212603,207.832400015655));
#4621=CARTESIAN_POINT('Ctrl Pts',(264.517792593581,10.8698546674899,207.788709634468));
#4622=CARTESIAN_POINT('Ctrl Pts',(264.489116866283,10.7276611614877,207.70960056621));
#4623=CARTESIAN_POINT('Ctrl Pts',(264.456812373083,10.5667226953571,207.647661264143));
#4624=CARTESIAN_POINT('Ctrl Pts',(264.439674538078,10.4826642262094,207.62113158625));
#4625=CARTESIAN_POINT('Ctrl Pts',(264.404046528376,10.3100309791024,207.576763610361));
#4626=CARTESIAN_POINT('Ctrl Pts',(264.366457666628,10.1322535171784,207.548341329441));
#4627=CARTESIAN_POINT('Ctrl Pts',(264.347374090641,10.0430692315032,207.537766400437));
#4628=CARTESIAN_POINT('Ctrl Pts',(264.289514582418,9.77644270427028,207.515301012245));
#4629=CARTESIAN_POINT('Ctrl Pts',(264.229970405216,9.51537486037095,207.516091729615));
#4630=CARTESIAN_POINT('Ctrl Pts',(264.189481710906,9.34606531085504,207.522798783324));
#4631=CARTESIAN_POINT('Ctrl Pts',(264.10798561202,9.01683981363246,207.542856379189));
#4632=CARTESIAN_POINT('Ctrl Pts',(264.029634818166,8.70836648859679,207.571749134388));
#4633=CARTESIAN_POINT('Ctrl Pts',(263.992262372512,8.5597102936529,207.587213121514));
#4634=CARTESIAN_POINT('Ctrl Pts',(263.920356113785,8.2708524667421,207.620447821048));
#4635=CARTESIAN_POINT('Ctrl Pts',(263.850634672006,7.99366546225315,207.660016564953));
#4636=CARTESIAN_POINT('Ctrl Pts',(263.815433427891,7.85659525560092,207.681811688205));
#4637=CARTESIAN_POINT('Ctrl Pts',(263.744680100371,7.58663382194209,207.730954346074));
#4638=CARTESIAN_POINT('Ctrl Pts',(263.676700626895,7.3286480297741,207.791678540203));
#4639=CARTESIAN_POINT('Ctrl Pts',(263.644292814652,7.20369082394228,207.825166224469));
#4640=CARTESIAN_POINT('Ctrl Pts',(263.582557215595,6.95863196161954,207.896185476506));
#4641=CARTESIAN_POINT('Ctrl Pts',(263.522718638609,6.71134260057219,207.971732860259));
#4642=CARTESIAN_POINT('Ctrl Pts',(263.492168822048,6.58390328713602,208.009549849398));
#4643=CARTESIAN_POINT('Ctrl Pts',(263.445276145914,6.38827940347181,208.068795578795));
#4644=CARTESIAN_POINT('Ctrl Pts',(263.401617053783,6.19943293620783,208.141226568469));
#4645=CARTESIAN_POINT('Ctrl Pts',(263.38766057649,6.13789668581001,208.167307924217));
#4646=CARTESIAN_POINT('Ctrl Pts',(263.361346874501,6.01878071885107,208.224172958816));
#4647=CARTESIAN_POINT('Ctrl Pts',(263.33754804401,5.90643243468532,208.289887765972));
#4648=CARTESIAN_POINT('Ctrl Pts',(263.326104794823,5.85168631302729,208.324829519602));
#4649=CARTESIAN_POINT('Ctrl Pts',(263.303468849936,5.74333896929505,208.397781980695));
#4650=CARTESIAN_POINT('Ctrl Pts',(263.281615400249,5.63711201961506,208.475401316384));
#4651=CARTESIAN_POINT('Ctrl Pts',(263.270977913845,5.58447617201998,208.515026901347));
#4652=CARTESIAN_POINT('Ctrl Pts',(263.250042132407,5.48069688447538,208.594828937794));
#4653=CARTESIAN_POINT('Ctrl Pts',(263.226656946826,5.37832463598135,208.672539835516));
#4654=CARTESIAN_POINT('Ctrl Pts',(263.213551540658,5.32709772697511,208.710052226993));
#4655=CARTESIAN_POINT('Ctrl Pts',(263.169294539045,5.17264740907515,208.817815652124));
#4656=CARTESIAN_POINT('Ctrl Pts',(263.121206310437,5.0226461909295,208.918938881489));
#4657=CARTESIAN_POINT('Ctrl Pts',(263.099180176172,4.93196079630327,208.99180484862));
#4658=CARTESIAN_POINT('Ctrl Pts',(263.078587427366,4.77026815284656,209.151305160002));
#4659=CARTESIAN_POINT('Ctrl Pts',(263.084757954144,4.63553492795178,209.323840380333));
#4660=CARTESIAN_POINT('Ctrl Pts',(263.090663528194,4.57258356664182,209.410579897815));
#4661=CARTESIAN_POINT('Ctrl Pts',(263.105898265325,4.45541844961958,209.587919076099));
#4662=CARTESIAN_POINT('Ctrl Pts',(263.131259238341,4.35488556766233,209.772116003651));
#4663=CARTESIAN_POINT('Ctrl Pts',(263.147238386378,4.30850169061511,209.865518423837));
#4664=CARTESIAN_POINT('Ctrl Pts',(263.185326369607,4.2221614605882,210.05465296705));
#4665=CARTESIAN_POINT('Ctrl Pts',(263.227211200238,4.14104884815794,210.244662593483));
#4666=CARTESIAN_POINT('Ctrl Pts',(263.247214164443,4.09992756656014,210.338914498378));
#4667=CARTESIAN_POINT('Ctrl Pts',(263.279152016414,4.01126515731395,210.520266433654));
#4668=CARTESIAN_POINT('Ctrl Pts',(263.296305138588,3.91321277806714,210.688553001111));
#4669=CARTESIAN_POINT('Ctrl Pts',(263.301553219948,3.86270724690556,210.769750899188));
#4670=CARTESIAN_POINT('Ctrl Pts',(263.311638417439,3.71011002807239,211.00818173672));
#4671=CARTESIAN_POINT('Ctrl Pts',(263.310617626638,3.55549392146324,211.23775988957));
#4672=CARTESIAN_POINT('Ctrl Pts',(263.312636369283,3.45377251147066,211.395636612084));
#4673=CARTESIAN_POINT('Ctrl Pts',(263.320669323947,3.15662293111905,211.867711543179));
#4674=CARTESIAN_POINT('Ctrl Pts',(263.319109628093,2.88413547243932,212.316328297267));
#4675=CARTESIAN_POINT('Ctrl Pts',(263.295202937575,2.69760336765139,212.599005348457));
#4676=CARTESIAN_POINT('Ctrl Pts',(263.269897985291,2.5129320292001,212.888656714849));
#4677=CARTESIAN_POINT('Ctrl Pts',(263.247265493068,2.33103182793199,213.176886556519));
#4678=CARTESIAN_POINT('Ctrl Pts',(265.776899496104,14.6109395874033,213.106140201813));
#4679=CARTESIAN_POINT('Ctrl Pts',(265.734782836173,14.4140734757111,212.82182783188));
#4680=CARTESIAN_POINT('Ctrl Pts',(265.695147808275,14.2136123843034,212.538319832521));
#4681=CARTESIAN_POINT('Ctrl Pts',(265.658664735897,14.0115722090747,212.25730912152));
#4682=CARTESIAN_POINT('Ctrl Pts',(265.601666824583,13.7021783075108,211.83032378643));
#4683=CARTESIAN_POINT('Ctrl Pts',(265.529270125941,13.3813015676752,211.391041397814));
#4684=CARTESIAN_POINT('Ctrl Pts',(265.502827770298,13.2730281505876,211.242921981209));
#4685=CARTESIAN_POINT('Ctrl Pts',(265.444042081462,13.0541777925243,210.941965680897));
#4686=CARTESIAN_POINT('Ctrl Pts',(265.37255583066,12.8322877358518,210.628994386144));
#4687=CARTESIAN_POINT('Ctrl Pts',(265.332973011447,12.7208766110073,210.468896443673));
#4688=CARTESIAN_POINT('Ctrl Pts',(265.268580593428,12.5539369346206,210.22113197566));
#4689=CARTESIAN_POINT('Ctrl Pts',(265.200960086113,12.3799511800176,209.964124851118));
#4690=CARTESIAN_POINT('Ctrl Pts',(265.178245141116,12.3208007347805,209.877515815749));
#4691=CARTESIAN_POINT('Ctrl Pts',(265.132779276504,12.1991253907909,209.702630787641));
#4692=CARTESIAN_POINT('Ctrl Pts',(265.087437979031,12.0689057441335,209.524182473954));
#4693=CARTESIAN_POINT('Ctrl Pts',(265.064869249564,12.0012602037242,209.434011248399));
#4694=CARTESIAN_POINT('Ctrl Pts',(265.019743366994,11.8599241461919,209.251347876934));
#4695=CARTESIAN_POINT('Ctrl Pts',(264.973001235911,11.7151063749676,209.060474267568));
#4696=CARTESIAN_POINT('Ctrl Pts',(264.948727061886,11.6438284227898,208.962088368301));
#4697=CARTESIAN_POINT('Ctrl Pts',(264.912231661984,11.5459316743992,208.808514038069));
#4698=CARTESIAN_POINT('Ctrl Pts',(264.876144387586,11.4602482124249,208.646411587482));
#4699=CARTESIAN_POINT('Ctrl Pts',(264.864184317311,11.4329744325122,208.591453915935));
#4700=CARTESIAN_POINT('Ctrl Pts',(264.840278688975,11.3801095068373,208.47985235347));
#4701=CARTESIAN_POINT('Ctrl Pts',(264.815973933212,11.3272840093923,208.365783597004));
#4702=CARTESIAN_POINT('Ctrl Pts',(264.803614198097,11.3000655848845,208.308354892416));
#4703=CARTESIAN_POINT('Ctrl Pts',(264.778290924703,11.2415805726755,208.193540312399));
#4704=CARTESIAN_POINT('Ctrl Pts',(264.752051932605,11.1701709448097,208.081514580906));
#4705=CARTESIAN_POINT('Ctrl Pts',(264.738770883269,11.1300298770463,208.026864580196));
#4706=CARTESIAN_POINT('Ctrl Pts',(264.712193879454,11.0387106341735,207.922040687097));
#4707=CARTESIAN_POINT('Ctrl Pts',(264.684852377974,10.924507021308,207.828381419401));
#4708=CARTESIAN_POINT('Ctrl Pts',(264.670821650221,10.8614497933963,207.784907577684));
#4709=CARTESIAN_POINT('Ctrl Pts',(264.641197773615,10.7246658096074,207.705189890088));
#4710=CARTESIAN_POINT('Ctrl Pts',(264.608026565537,10.5700178179895,207.640410038786));
#4711=CARTESIAN_POINT('Ctrl Pts',(264.59043239235,10.4890969997303,207.611874014605));
#4712=CARTESIAN_POINT('Ctrl Pts',(264.553547591314,10.3221649422747,207.56243186155));
#4713=CARTESIAN_POINT('Ctrl Pts',(264.513923579171,10.1483666099205,207.527364333899));
#4714=CARTESIAN_POINT('Ctrl Pts',(264.493594567968,10.0605924307118,207.513207156551));
#4715=CARTESIAN_POINT('Ctrl Pts',(264.431475186679,9.79649848053942,207.479706129495));
#4716=CARTESIAN_POINT('Ctrl Pts',(264.366687826451,9.53362512555344,207.46954163935));
#4717=CARTESIAN_POINT('Ctrl Pts',(264.322882121682,9.36197451796829,207.469861068571));
#4718=CARTESIAN_POINT('Ctrl Pts',(264.235307306624,9.0271884857396,207.479022772779));
#4719=CARTESIAN_POINT('Ctrl Pts',(264.150799052081,8.71123610440809,207.500356706239));
#4720=CARTESIAN_POINT('Ctrl Pts',(264.110056699942,8.55837844456921,207.512763889672));
#4721=CARTESIAN_POINT('Ctrl Pts',(264.030955849897,8.26068773241874,207.540904837971));
#4722=CARTESIAN_POINT('Ctrl Pts',(263.954169906448,7.97523495160599,207.576773296569));
#4723=CARTESIAN_POINT('Ctrl Pts',(263.915721809807,7.834528528501,207.596901711115));
#4724=CARTESIAN_POINT('Ctrl Pts',(263.839072451172,7.55812820293403,207.642780440906));
#4725=CARTESIAN_POINT('Ctrl Pts',(263.765546619419,7.29384767131743,207.699908648543));
#4726=CARTESIAN_POINT('Ctrl Pts',(263.730249682381,7.16539897924643,207.731392804673));
#4727=CARTESIAN_POINT('Ctrl Pts',(263.662276610165,6.91230971570809,207.797954851576));
#4728=CARTESIAN_POINT('Ctrl Pts',(263.596009461247,6.65602166711766,207.868732011716));
#4729=CARTESIAN_POINT('Ctrl Pts',(263.562367995349,6.52412813981492,207.904248642166));
#4730=CARTESIAN_POINT('Ctrl Pts',(263.511413132113,6.32222436837404,207.960370451828));
#4731=CARTESIAN_POINT('Ctrl Pts',(263.465526923671,6.12938041176624,208.031492786797));
#4732=CARTESIAN_POINT('Ctrl Pts',(263.451077279377,6.06684645324097,208.05740605653));
#4733=CARTESIAN_POINT('Ctrl Pts',(263.424484203523,5.94683507430309,208.11477670105));
#4734=CARTESIAN_POINT('Ctrl Pts',(263.400874558989,5.83455586289485,208.182187396321));
#4735=CARTESIAN_POINT('Ctrl Pts',(263.389402769806,5.77977096766189,208.218146464277));
#4736=CARTESIAN_POINT('Ctrl Pts',(263.365361758074,5.66955124856924,208.292681957476));
#4737=CARTESIAN_POINT('Ctrl Pts',(263.339971469156,5.55874774638987,208.371339182186));
#4738=CARTESIAN_POINT('Ctrl Pts',(263.327149117753,5.50333181561195,208.41142282279));
#4739=CARTESIAN_POINT('Ctrl Pts',(263.302042341523,5.39461054127929,208.492609402991));
#4740=CARTESIAN_POINT('Ctrl Pts',(263.275293570366,5.28905311955614,208.572421857249));
#4741=CARTESIAN_POINT('Ctrl Pts',(263.260814378537,5.2368246692324,208.611112750719));
#4742=CARTESIAN_POINT('Ctrl Pts',(263.213371878085,5.08072180857593,208.722524024255));
#4743=CARTESIAN_POINT('Ctrl Pts',(263.167545269412,4.93477530627268,208.829692063081));
#4744=CARTESIAN_POINT('Ctrl Pts',(263.152455117266,4.85136051924911,208.910058983642));
#4745=CARTESIAN_POINT('Ctrl Pts',(263.147228690399,4.70594599083012,209.085187427332));
#4746=CARTESIAN_POINT('Ctrl Pts',(263.168153420071,4.58686687169693,209.271804660941));
#4747=CARTESIAN_POINT('Ctrl Pts',(263.180335505014,4.53060666344045,209.364559783125));
#4748=CARTESIAN_POINT('Ctrl Pts',(263.206698619012,4.42462481407315,209.551841403426));
#4749=CARTESIAN_POINT('Ctrl Pts',(263.239134145959,4.33088136467767,209.742555377597));
#4750=CARTESIAN_POINT('Ctrl Pts',(263.257370750655,4.28686277217965,209.838655193696));
#4751=CARTESIAN_POINT('Ctrl Pts',(263.296590498705,4.20256292511406,210.030756646265));
#4752=CARTESIAN_POINT('Ctrl Pts',(263.334344031614,4.11853821505334,210.219410659457));
#4753=CARTESIAN_POINT('Ctrl Pts',(263.351205543105,4.07470110096402,210.311994825438));
#4754=CARTESIAN_POINT('Ctrl Pts',(263.37726215581,3.98067452244908,210.490758590124));
#4755=CARTESIAN_POINT('Ctrl Pts',(263.390945175177,3.87976558728946,210.659125948434));
#4756=CARTESIAN_POINT('Ctrl Pts',(263.395376246313,3.82892553702158,210.74126072306));
#4757=CARTESIAN_POINT('Ctrl Pts',(263.403278531408,3.67579452517684,210.982280059059));
#4758=CARTESIAN_POINT('Ctrl Pts',(263.400894416024,3.52178838531852,211.213798221491));
#4759=CARTESIAN_POINT('Ctrl Pts',(263.401932621576,3.42031381077049,211.372267411078));
#4760=CARTESIAN_POINT('Ctrl Pts',(263.40788412725,3.12487902558257,211.847477812557));
#4761=CARTESIAN_POINT('Ctrl Pts',(263.404120660522,2.85108891944436,212.299261413486));
#4762=CARTESIAN_POINT('Ctrl Pts',(263.377140947041,2.66325943529392,212.582928008546));
#4763=CARTESIAN_POINT('Ctrl Pts',(263.351589404706,2.47756365242285,212.872787810691));
#4764=CARTESIAN_POINT('Ctrl Pts',(263.328244496258,2.29512288928042,213.16159950323));
#4765=CARTESIAN_POINT('Ctrl Pts',(265.866533520413,14.6137345358963,213.096525618386));
#4766=CARTESIAN_POINT('Ctrl Pts',(265.825195570604,14.4165283705902,212.811055210425));
#4767=CARTESIAN_POINT('Ctrl Pts',(265.786650016026,14.2151534059794,212.525745265142));
#4768=CARTESIAN_POINT('Ctrl Pts',(265.751622477465,14.0114895681143,212.242231146114));
#4769=CARTESIAN_POINT('Ctrl Pts',(265.697819874163,13.701634152606,211.813122785439));
#4770=CARTESIAN_POINT('Ctrl Pts',(265.629145182649,13.3812888090675,211.371780574385));
#4771=CARTESIAN_POINT('Ctrl Pts',(265.603985699745,13.2732571752853,211.22301312057));
#4772=CARTESIAN_POINT('Ctrl Pts',(265.547458245841,13.0547259062208,210.920613191351));
#4773=CARTESIAN_POINT('Ctrl Pts',(265.478175781275,12.8325640945303,210.6061756102));
#4774=CARTESIAN_POINT('Ctrl Pts',(265.439920659447,12.720801454779,210.445499133517));
#4775=CARTESIAN_POINT('Ctrl Pts',(265.377677903839,12.5526549501844,210.197360107545));
#4776=CARTESIAN_POINT('Ctrl Pts',(265.312573596577,12.3772630480162,209.939730250355));
#4777=CARTESIAN_POINT('Ctrl Pts',(265.290746965426,12.3176519189118,209.852851930473));
#4778=CARTESIAN_POINT('Ctrl Pts',(265.247119132072,12.1950988910533,209.677237153621));
#4779=CARTESIAN_POINT('Ctrl Pts',(265.203905646236,12.0641188338795,209.49775533684));
#4780=CARTESIAN_POINT('Ctrl Pts',(265.182472843441,11.996128839004,209.406998168713));
#4781=CARTESIAN_POINT('Ctrl Pts',(265.140436461263,11.8541764803243,209.223349638588));
#4782=CARTESIAN_POINT('Ctrl Pts',(265.098988316882,11.7088866001891,209.032606648312));
#4783=CARTESIAN_POINT('Ctrl Pts',(265.078013244007,11.6374340118802,208.934736905265));
#4784=CARTESIAN_POINT('Ctrl Pts',(265.046724316358,11.5389703296689,208.782751644175));
#4785=CARTESIAN_POINT('Ctrl Pts',(265.015818937573,11.4518157540193,208.623714393076));
#4786=CARTESIAN_POINT('Ctrl Pts',(265.005556960994,11.4239298124417,208.569954999859));
#4787=CARTESIAN_POINT('Ctrl Pts',(264.984978029713,11.3695686191323,208.461144863354));
#4788=CARTESIAN_POINT('Ctrl Pts',(264.963841525693,11.314818882516,208.350635972759));
#4789=CARTESIAN_POINT('Ctrl Pts',(264.953022732052,11.2865580528306,208.295175139903));
#4790=CARTESIAN_POINT('Ctrl Pts',(264.930631560674,11.2260111477824,208.184563420854));
#4791=CARTESIAN_POINT('Ctrl Pts',(264.90653309513,11.1533008613937,208.076622757018));
#4792=CARTESIAN_POINT('Ctrl Pts',(264.894003368553,11.1128746979179,208.023826476901));
#4793=CARTESIAN_POINT('Ctrl Pts',(264.867980244533,11.0221707332719,207.921864572345));
#4794=CARTESIAN_POINT('Ctrl Pts',(264.839630153674,10.9109473509606,207.829119988305));
#4795=CARTESIAN_POINT('Ctrl Pts',(264.824778849487,10.8499797396126,207.785546078605));
#4796=CARTESIAN_POINT('Ctrl Pts',(264.793370557413,10.7181561763932,207.70465122755));
#4797=CARTESIAN_POINT('Ctrl Pts',(264.758378933238,10.5692375321295,207.636887357523));
#4798=CARTESIAN_POINT('Ctrl Pts',(264.739937787786,10.4911735119529,207.606447241563));
#4799=CARTESIAN_POINT('Ctrl Pts',(264.701351379249,10.3295712891709,207.55243992458));
#4800=CARTESIAN_POINT('Ctrl Pts',(264.659869315119,10.1599161543775,207.511591062455));
#4801=CARTESIAN_POINT('Ctrl Pts',(264.638533007446,10.0738089391355,207.494311489756));
#4802=CARTESIAN_POINT('Ctrl Pts',(264.573145624368,9.81343239548391,207.45105485466));
#4803=CARTESIAN_POINT('Ctrl Pts',(264.504525196958,9.55067984411807,207.430717646977));
#4804=CARTESIAN_POINT('Ctrl Pts',(264.458109776124,9.37779720638528,207.424764168966));
#4805=CARTESIAN_POINT('Ctrl Pts',(264.365377501676,9.03897463593841,207.422877024797));
#4806=CARTESIAN_POINT('Ctrl Pts',(264.275198530357,8.71624035631109,207.436055334363));
#4807=CARTESIAN_POINT('Ctrl Pts',(264.23134831073,8.55943651139043,207.445092215165));
#4808=CARTESIAN_POINT('Ctrl Pts',(264.145661352639,8.25333831990442,207.467549299828));
#4809=CARTESIAN_POINT('Ctrl Pts',(264.062381066327,7.95964815984345,207.499210046437));
#4810=CARTESIAN_POINT('Ctrl Pts',(264.020915671777,7.81517367446231,207.51744211081));
#4811=CARTESIAN_POINT('Ctrl Pts',(263.938684464392,7.53171893609192,207.559586452131));
#4812=CARTESIAN_POINT('Ctrl Pts',(263.859707707012,7.25998276715616,207.612622537233));
#4813=CARTESIAN_POINT('Ctrl Pts',(263.821526778211,7.12735725582386,207.641844112719));
#4814=CARTESIAN_POINT('Ctrl Pts',(263.747308715791,6.86487172589448,207.703503500183));
#4815=CARTESIAN_POINT('Ctrl Pts',(263.674646539439,6.5989875220403,207.769479809815));
#4816=CARTESIAN_POINT('Ctrl Pts',(263.637960168345,6.46273380108028,207.802857792587));
#4817=CARTESIAN_POINT('Ctrl Pts',(263.583002120573,6.25544496615561,207.856354488851));
#4818=CARTESIAN_POINT('Ctrl Pts',(263.533770529379,6.05862251442756,207.925772396389));
#4819=CARTESIAN_POINT('Ctrl Pts',(263.518257642627,5.99488834727675,207.951215987925));
#4820=CARTESIAN_POINT('Ctrl Pts',(263.489726306447,5.87293763699583,208.008003101481));
#4821=CARTESIAN_POINT('Ctrl Pts',(263.463501339967,5.75827167604572,208.074988208556));
#4822=CARTESIAN_POINT('Ctrl Pts',(263.450287329675,5.70183218748958,208.110628546139));
#4823=CARTESIAN_POINT('Ctrl Pts',(263.420509160948,5.58538672017084,208.183401947856));
#4824=CARTESIAN_POINT('Ctrl Pts',(263.387422138017,5.46592163205056,208.260015875678));
#4825=CARTESIAN_POINT('Ctrl Pts',(263.370904718625,5.40642259703055,208.299509832831));
#4826=CARTESIAN_POINT('Ctrl Pts',(263.34109701168,5.2932229488164,208.381959162427));
#4827=CARTESIAN_POINT('Ctrl Pts',(263.314492383508,5.1893608822014,208.466722557688));
#4828=CARTESIAN_POINT('Ctrl Pts',(263.301231053072,5.13931387763621,208.508558457477));
#4829=CARTESIAN_POINT('Ctrl Pts',(263.259362714644,4.99126873535398,208.629862112791));
#4830=CARTESIAN_POINT('Ctrl Pts',(263.225017458389,4.85784777578968,208.748992556166));
#4831=CARTESIAN_POINT('Ctrl Pts',(263.220775105409,4.7850436420514,208.839280087499));
#4832=CARTESIAN_POINT('Ctrl Pts',(263.234704850341,4.65928995163991,209.032231466036));
#4833=CARTESIAN_POINT('Ctrl Pts',(263.269659681018,4.55531243569172,209.232583029901));
#4834=CARTESIAN_POINT('Ctrl Pts',(263.287214283496,4.50495566928249,209.330996208775));
#4835=CARTESIAN_POINT('Ctrl Pts',(263.321744298861,4.40746656051661,209.526650551348));
#4836=CARTESIAN_POINT('Ctrl Pts',(263.357235205744,4.31655306718379,209.72119884017));
#4837=CARTESIAN_POINT('Ctrl Pts',(263.3757929318,4.27283149392882,209.818492052579));
#4838=CARTESIAN_POINT('Ctrl Pts',(263.412429488678,4.18670878634235,210.010754631156));
#4839=CARTESIAN_POINT('Ctrl Pts',(263.443296650256,4.09714780259764,210.196331624448));
#4840=CARTESIAN_POINT('Ctrl Pts',(263.456128209499,4.04982614849019,210.286894964911));
#4841=CARTESIAN_POINT('Ctrl Pts',(263.475440389601,3.94973373123317,210.46295537351));
#4842=CARTESIAN_POINT('Ctrl Pts',(263.48576244343,3.84606503876255,210.631641131818));
#4843=CARTESIAN_POINT('Ctrl Pts',(263.489511792209,3.7949505207082,210.714748077779));
#4844=CARTESIAN_POINT('Ctrl Pts',(263.495879645139,3.641637758295,210.958527522935));
#4845=CARTESIAN_POINT('Ctrl Pts',(263.492954655788,3.48888812257876,211.192163773169));
#4846=CARTESIAN_POINT('Ctrl Pts',(263.49305942435,3.38799713745185,211.351025462754));
#4847=CARTESIAN_POINT('Ctrl Pts',(263.496927846039,3.09476364785371,211.828538393801));
#4848=CARTESIAN_POINT('Ctrl Pts',(263.490152067984,2.81880416202862,212.282674640429));
#4849=CARTESIAN_POINT('Ctrl Pts',(263.461183692476,2.62950461476531,212.567218276538));
#4850=CARTESIAN_POINT('Ctrl Pts',(263.43438123318,2.44282675737472,212.85802479173));
#4851=CARTESIAN_POINT('Ctrl Pts',(263.410131357094,2.25982430298545,213.147531152699));
#4852=CARTESIAN_POINT('Ctrl Pts',(265.911537951553,14.6149362267868,213.091985166592));
#4853=CARTESIAN_POINT('Ctrl Pts',(265.870595776873,14.4175616286524,212.805945523186));
#4854=CARTESIAN_POINT('Ctrl Pts',(265.832578613944,14.2157247568055,212.519744754554));
#4855=CARTESIAN_POINT('Ctrl Pts',(265.798225562257,14.0111849084183,212.23490540259));
#4856=CARTESIAN_POINT('Ctrl Pts',(265.745999250306,13.7011016679531,211.804748030913));
#4857=CARTESIAN_POINT('Ctrl Pts',(265.679229985011,13.3810891652148,211.362478038605));
#4858=CARTESIAN_POINT('Ctrl Pts',(265.654734030643,13.2732024941499,211.213421132105));
#4859=CARTESIAN_POINT('Ctrl Pts',(265.599351517344,13.0548512182039,210.910369653408));
#4860=CARTESIAN_POINT('Ctrl Pts',(265.531129950445,12.8325017232218,210.595258677062));
#4861=CARTESIAN_POINT('Ctrl Pts',(265.493545036344,12.7205352360633,210.434314479244));
#4862=CARTESIAN_POINT('Ctrl Pts',(265.432421028774,12.551746005455,210.185992331734));
#4863=CARTESIAN_POINT('Ctrl Pts',(265.368618897714,12.375615230074,209.928069839392));
#4864=CARTESIAN_POINT('Ctrl Pts',(265.347251781937,12.3157653891442,209.841065874129));
#4865=CARTESIAN_POINT('Ctrl Pts',(265.304593966979,12.1927780020526,209.665117544579));
#4866=CARTESIAN_POINT('Ctrl Pts',(265.262524025189,12.0615000044583,209.485176524418));
#4867=CARTESIAN_POINT('Ctrl Pts',(265.241713427896,11.9934018788053,209.394165681663));
#4868=CARTESIAN_POINT('Ctrl Pts',(265.201220524382,11.8513942442995,209.210061836764));
#4869=CARTESIAN_POINT('Ctrl Pts',(265.16216704369,11.7062389292572,209.019335087885));
#4870=CARTESIAN_POINT('Ctrl Pts',(265.142664598879,11.634876215441,208.921681949975));
#4871=CARTESIAN_POINT('Ctrl Pts',(265.113719886618,11.5362602407195,208.770446776847));
#4872=CARTESIAN_POINT('Ctrl Pts',(265.085184572862,11.4482786532769,208.61292654757));
#4873=CARTESIAN_POINT('Ctrl Pts',(265.075704982997,11.4200301072021,208.559764639095));
#4874=CARTESIAN_POINT('Ctrl Pts',(265.056672483924,11.3647693655252,208.452347729497));
#4875=CARTESIAN_POINT('Ctrl Pts',(265.037015673189,11.3088827256513,208.343587428093));
#4876=CARTESIAN_POINT('Ctrl Pts',(265.02691351796,11.2800204469527,208.289080331938));
#4877=CARTESIAN_POINT('Ctrl Pts',(265.005858646516,11.2183277182578,208.180460939268));
#4878=CARTESIAN_POINT('Ctrl Pts',(264.98271107988,11.1449065974079,208.074402558242));
#4879=CARTESIAN_POINT('Ctrl Pts',(264.970513390262,11.1043128596837,208.022451329966));
#4880=CARTESIAN_POINT('Ctrl Pts',(264.944769009096,11.0138182567687,207.921809601747));
#4881=CARTESIAN_POINT('Ctrl Pts',(264.916040665529,10.9038880618049,207.829521221492));
#4882=CARTESIAN_POINT('Ctrl Pts',(264.900861515876,10.843840117083,207.785926336203));
#4883=CARTESIAN_POINT('Ctrl Pts',(264.868684447018,10.714242013429,207.704523619802));
#4884=CARTESIAN_POINT('Ctrl Pts',(264.832831913536,10.5679709512521,207.635394366313));
#4885=CARTESIAN_POINT('Ctrl Pts',(264.813974026268,10.4912481396948,207.604076610982));
#4886=CARTESIAN_POINT('Ctrl Pts',(264.774565519206,10.3321889454033,207.547971463991));
#4887=CARTESIAN_POINT('Ctrl Pts',(264.732237870663,10.1646004214236,207.504466798933));
#4888=CARTESIAN_POINT('Ctrl Pts',(264.710460883107,10.0793563012296,207.485751385527));
#4889=CARTESIAN_POINT('Ctrl Pts',(264.643675352193,9.82101205718538,207.437984774815));
#4890=CARTESIAN_POINT('Ctrl Pts',(264.573454043389,9.55867047526994,207.41285257681));
#4891=CARTESIAN_POINT('Ctrl Pts',(264.525915836306,9.38540639971982,207.403873001724));
#4892=CARTESIAN_POINT('Ctrl Pts',(264.430875698071,9.04493070830765,207.396566311155));
#4893=CARTESIAN_POINT('Ctrl Pts',(264.338051683073,8.71904055830852,207.405617868721));
#4894=CARTESIAN_POINT('Ctrl Pts',(264.292745784112,8.5603627660915,207.412927240687));
#4895=CARTESIAN_POINT('Ctrl Pts',(264.203978671123,8.25023246851565,207.432448297302));
#4896=CARTESIAN_POINT('Ctrl Pts',(264.117638708531,7.95246978944321,207.461907449888));
#4897=CARTESIAN_POINT('Ctrl Pts',(264.074738783405,7.80608682590053,207.479145928716));
#4898=CARTESIAN_POINT('Ctrl Pts',(263.989818844781,7.51895249509674,207.519333125218));
#4899=CARTESIAN_POINT('Ctrl Pts',(263.908172792336,7.24322361200171,207.570254133758));
#4900=CARTESIAN_POINT('Ctrl Pts',(263.868576801008,7.10837123084885,207.598319132373));
#4901=CARTESIAN_POINT('Ctrl Pts',(263.79131246924,6.84096874099742,207.657523828895));
#4902=CARTESIAN_POINT('Ctrl Pts',(263.715555580869,6.57030073688589,207.721229295521));
#4903=CARTESIAN_POINT('Ctrl Pts',(263.677394229559,6.43195082543496,207.753639036443));
#4904=CARTESIAN_POINT('Ctrl Pts',(263.620502908079,6.22229051752366,207.806053531628));
#4905=CARTESIAN_POINT('Ctrl Pts',(263.569299777739,6.02351459030361,207.874588317683));
#4906=CARTESIAN_POINT('Ctrl Pts',(263.553098626536,5.95913527733334,207.899740654337));
#4907=CARTESIAN_POINT('Ctrl Pts',(263.52304882059,5.83580250580269,207.95590677695));
#4908=CARTESIAN_POINT('Ctrl Pts',(263.49450073311,5.71887271216912,208.021904142146));
#4909=CARTESIAN_POINT('Ctrl Pts',(263.479814950976,5.66093510740961,208.056899760484));
#4910=CARTESIAN_POINT('Ctrl Pts',(263.445767093088,5.53978866801903,208.127657925234));
#4911=CARTESIAN_POINT('Ctrl Pts',(263.407723309625,5.41476212615267,208.202347782458));
#4912=CARTESIAN_POINT('Ctrl Pts',(263.389089565173,5.35296493147031,208.24132297394));
#4913=CARTESIAN_POINT('Ctrl Pts',(263.357384808889,5.23820870694974,208.324728643413));
#4914=CARTESIAN_POINT('Ctrl Pts',(263.332645856052,5.13735343045143,208.413297345423));
#4915=CARTESIAN_POINT('Ctrl Pts',(263.321085474321,5.08964223729861,208.457499643808));
#4916=CARTESIAN_POINT('Ctrl Pts',(263.28519636749,4.94905883507462,208.585986169637));
#4917=CARTESIAN_POINT('Ctrl Pts',(263.258950479624,4.82410781117308,208.712606111042));
#4918=CARTESIAN_POINT('Ctrl Pts',(263.26058559018,4.75703400804026,208.808080782811));
#4919=CARTESIAN_POINT('Ctrl Pts',(263.284065130484,4.64113398615746,209.009785262091));
#4920=CARTESIAN_POINT('Ctrl Pts',(263.32510918551,4.54389243090504,209.216342900093));
#4921=CARTESIAN_POINT('Ctrl Pts',(263.344847602189,4.49603649317806,209.317248668189));
#4922=CARTESIAN_POINT('Ctrl Pts',(263.382312284035,4.40177332973423,209.516383004636));
#4923=CARTESIAN_POINT('Ctrl Pts',(263.418245188944,4.31125668711443,209.71217895624));
#4924=CARTESIAN_POINT('Ctrl Pts',(263.436511798687,4.26721442283447,209.809752959076));
#4925=CARTESIAN_POINT('Ctrl Pts',(263.471124854294,4.17940645026297,210.001586143399));
#4926=CARTESIAN_POINT('Ctrl Pts',(263.498223608371,4.08675926024484,210.185485967901));
#4927=CARTESIAN_POINT('Ctrl Pts',(263.509019653458,4.03769898720997,210.275113718015));
#4928=CARTESIAN_POINT('Ctrl Pts',(263.52503681546,3.93470526215614,210.450031355625));
#4929=CARTESIAN_POINT('Ctrl Pts',(263.533703673906,3.82968531337358,210.618891844861));
#4930=CARTESIAN_POINT('Ctrl Pts',(263.537063630327,3.77835655073485,210.702389190759));
#4931=CARTESIAN_POINT('Ctrl Pts',(263.542632642298,3.62482741981904,210.947351822619));
#4932=CARTESIAN_POINT('Ctrl Pts',(263.539527051065,3.47273536623022,211.181977891541));
#4933=CARTESIAN_POINT('Ctrl Pts',(263.539146637465,3.37216751472646,211.34097162024));
#4934=CARTESIAN_POINT('Ctrl Pts',(263.541860348147,3.0799797724118,211.819344926779));
#4935=CARTESIAN_POINT('Ctrl Pts',(263.533421113193,2.8028252083829,212.27448619095));
#4936=CARTESIAN_POINT('Ctrl Pts',(263.503893047719,2.61269897021981,212.559373462139));
#4937=CARTESIAN_POINT('Ctrl Pts',(263.476120264085,2.42558112808583,212.850892558764));
#4938=CARTESIAN_POINT('Ctrl Pts',(263.451322093139,2.24231607808447,213.140796266274));
#4939=CARTESIAN_POINT('Ctrl Pts',(266.001936396344,14.6168772079717,213.083350460613));
#4940=CARTESIAN_POINT('Ctrl Pts',(265.961796680064,14.4191254682754,212.796131164202));
#4941=CARTESIAN_POINT('Ctrl Pts',(265.924789016672,14.2164561509715,212.508308851702));
#4942=CARTESIAN_POINT('Ctrl Pts',(265.891670275018,14.0100431795239,212.220662357515));
#4943=CARTESIAN_POINT('Ctrl Pts',(265.842521226927,13.6995037409627,211.788408886302));
#4944=CARTESIAN_POINT('Ctrl Pts',(265.779671672615,13.3802959994853,211.344529337119));
#4945=CARTESIAN_POINT('Ctrl Pts',(265.756557139912,13.2727475814826,211.194974602385));
#4946=CARTESIAN_POINT('Ctrl Pts',(265.703547760899,13.0548042752349,210.890790324003));
#4947=CARTESIAN_POINT('Ctrl Pts',(265.637397071578,12.8319746765129,210.574468801547));
#4948=CARTESIAN_POINT('Ctrl Pts',(265.60114731691,12.7195347928806,210.413027044302));
#4949=CARTESIAN_POINT('Ctrl Pts',(265.542313826175,12.54938796012,210.164319528592));
#4950=CARTESIAN_POINT('Ctrl Pts',(265.481203100233,12.3717348448957,209.905826070539));
#4951=CARTESIAN_POINT('Ctrl Pts',(265.460789710958,12.3114006240342,209.818583414895));
#4952=CARTESIAN_POINT('Ctrl Pts',(265.420190916297,12.1875704435768,209.642023541433));
#4953=CARTESIAN_POINT('Ctrl Pts',(265.380587303848,12.0558714734753,209.46126427217));
#4954=CARTESIAN_POINT('Ctrl Pts',(265.361134689794,11.9876911989377,209.369810292542));
#4955=CARTESIAN_POINT('Ctrl Pts',(265.323694673605,11.8460622755748,209.184822977991));
#4956=CARTESIAN_POINT('Ctrl Pts',(265.28881101541,11.7018815775972,208.993926724396));
#4957=CARTESIAN_POINT('Ctrl Pts',(265.271808512183,11.6310388857048,208.896550862037));
#4958=CARTESIAN_POINT('Ctrl Pts',(265.246832128071,11.5324136034054,208.746554305926));
#4959=CARTESIAN_POINT('Ctrl Pts',(265.222243089548,11.4427831249084,208.591718984392));
#4960=CARTESIAN_POINT('Ctrl Pts',(265.214057800895,11.4137795741439,208.539624200975));
#4961=CARTESIAN_POINT('Ctrl Pts',(265.197563663394,11.3566190285391,208.434703006937));
#4962=CARTESIAN_POINT('Ctrl Pts',(265.180299160336,11.2983246229749,208.329069975674));
#4963=CARTESIAN_POINT('Ctrl Pts',(265.171346516514,11.2681965462049,208.27626293701));
#4964=CARTESIAN_POINT('Ctrl Pts',(265.152427691221,11.2041087685653,208.171183880188));
#4965=CARTESIAN_POINT('Ctrl Pts',(265.13083121929,11.1291476984876,208.06849098511));
#4966=CARTESIAN_POINT('Ctrl Pts',(265.119199229356,11.0881422729234,208.01806693228));
#4967=CARTESIAN_POINT('Ctrl Pts',(265.094032227683,10.9978165238053,207.919883152931));
#4968=CARTESIAN_POINT('Ctrl Pts',(265.064906906423,10.8900338172154,207.828608806488));
#4969=CARTESIAN_POINT('Ctrl Pts',(265.049314705765,10.8315585554196,207.785093969744));
#4970=CARTESIAN_POINT('Ctrl Pts',(265.016102616394,10.7058410676187,207.703014378257));
#4971=CARTESIAN_POINT('Ctrl Pts',(264.979003969216,10.5643207855266,207.631635335717));
#4972=CARTESIAN_POINT('Ctrl Pts',(264.959525692888,10.4900402350682,207.59882526943));
#4973=CARTESIAN_POINT('Ctrl Pts',(264.918873461423,10.335691115632,207.539082398237));
#4974=CARTESIAN_POINT('Ctrl Pts',(264.875236418389,10.1720876075037,207.490853628733));
#4975=CARTESIAN_POINT('Ctrl Pts',(264.852773093163,10.0885579670263,207.469559292865));
#4976=CARTESIAN_POINT('Ctrl Pts',(264.783792801641,9.83440347529203,207.413616527097));
#4977=CARTESIAN_POINT('Ctrl Pts',(264.710978075197,9.57337041533699,207.379570087611));
#4978=CARTESIAN_POINT('Ctrl Pts',(264.661556276195,9.39970928317129,207.364852785378));
#4979=CARTESIAN_POINT('Ctrl Pts',(264.562487094905,9.05656924565054,207.347108356022));
#4980=CARTESIAN_POINT('Ctrl Pts',(264.464837976018,8.72487756466082,207.34798017448));
#4981=CARTESIAN_POINT('Ctrl Pts',(264.416856184655,8.56268020771183,207.351821301757));
#4982=CARTESIAN_POINT('Ctrl Pts',(264.322414165698,8.2448783362115,207.365399332966));
#4983=CARTESIAN_POINT('Ctrl Pts',(264.230373017674,7.93910780358378,207.390346648872));
#4984=CARTESIAN_POINT('Ctrl Pts',(264.184773598894,7.78888258275813,207.405547966897));
#4985=CARTESIAN_POINT('Ctrl Pts',(264.094732337155,7.49415868382716,207.441739299123));
#4986=CARTESIAN_POINT('Ctrl Pts',(264.007950200593,7.21009378727716,207.488455344849));
#4987=CARTESIAN_POINT('Ctrl Pts',(263.965637198478,7.07063771029158,207.514261653043));
#4988=CARTESIAN_POINT('Ctrl Pts',(263.882589705267,6.79331290710548,207.56881544296));
#4989=CARTESIAN_POINT('Ctrl Pts',(263.800992091569,6.51338204829234,207.628498927812));
#4990=CARTESIAN_POINT('Ctrl Pts',(263.760011144832,6.37104161347363,207.659263449115));
#4991=CARTESIAN_POINT('Ctrl Pts',(263.699382746469,6.15710982576572,207.710033854173));
#4992=CARTESIAN_POINT('Ctrl Pts',(263.643106987724,5.95340451287512,207.776400082815));
#4993=CARTESIAN_POINT('Ctrl Pts',(263.624965746787,5.88715671956588,207.80068904276));
#4994=CARTESIAN_POINT('Ctrl Pts',(263.5899719366,5.75878358364743,207.854390718304));
#4995=CARTESIAN_POINT('Ctrl Pts',(263.553750717715,5.63336583267766,207.916120125736));
#4996=CARTESIAN_POINT('Ctrl Pts',(263.534444092072,5.57018057909728,207.948482749363));
#4997=CARTESIAN_POINT('Ctrl Pts',(263.489450097025,5.43644458716273,208.01309475241));
#4998=CARTESIAN_POINT('Ctrl Pts',(263.441768251981,5.30062294086012,208.08363623233));
#4999=CARTESIAN_POINT('Ctrl Pts',(263.419948154138,5.23555177422735,208.122078352358));
#5000=CARTESIAN_POINT('Ctrl Pts',(263.388178520839,5.12218388281635,208.209681424592));
#5001=CARTESIAN_POINT('Ctrl Pts',(263.372500550917,5.03346428661453,208.309489016894));
#5002=CARTESIAN_POINT('Ctrl Pts',(263.366969246583,4.99333996963954,208.360255990493));
#5003=CARTESIAN_POINT('Ctrl Pts',(263.350205555469,4.87542184154901,208.508207353474));
#5004=CARTESIAN_POINT('Ctrl Pts',(263.343644437344,4.77110336608004,208.652428185316));
#5005=CARTESIAN_POINT('Ctrl Pts',(263.355283578629,4.71421168585608,208.756859273415));
#5006=CARTESIAN_POINT('Ctrl Pts',(263.394850467848,4.61560162172064,208.973763095587));
#5007=CARTESIAN_POINT('Ctrl Pts',(263.444844990492,4.52899029146493,209.1904120157));
#5008=CARTESIAN_POINT('Ctrl Pts',(263.467532939308,4.4848851374211,209.295289599223));
#5009=CARTESIAN_POINT('Ctrl Pts',(263.508043394616,4.39461583656606,209.499479562243));
#5010=CARTESIAN_POINT('Ctrl Pts',(263.542728758948,4.30299582802453,209.696431224333));
#5011=CARTESIAN_POINT('Ctrl Pts',(263.559642370146,4.25756885167493,209.794074344433));
#5012=CARTESIAN_POINT('Ctrl Pts',(263.589236388339,4.16534896720957,209.984478985197));
#5013=CARTESIAN_POINT('Ctrl Pts',(263.60886440172,4.06649669277793,210.165316962613));
#5014=CARTESIAN_POINT('Ctrl Pts',(263.615878289754,4.0142626240063,210.253449270864));
#5015=CARTESIAN_POINT('Ctrl Pts',(263.625925977509,3.9062337606768,210.426786874324));
#5016=CARTESIAN_POINT('Ctrl Pts',(263.631378466433,3.79865368329326,210.595971773896));
#5017=CARTESIAN_POINT('Ctrl Pts',(263.633762211823,3.74664208541135,210.679929576203));
#5018=CARTESIAN_POINT('Ctrl Pts',(263.637355686558,3.59213563459035,210.926527266979));
#5019=CARTESIAN_POINT('Ctrl Pts',(263.633781640681,3.44112473211935,211.162793425627));
#5020=CARTESIAN_POINT('Ctrl Pts',(263.632388316789,3.34118529134594,211.321956973078));
#5021=CARTESIAN_POINT('Ctrl Pts',(263.632426909774,3.05067864554677,211.801413431985));
#5022=CARTESIAN_POINT('Ctrl Pts',(263.620431564896,2.77110577480941,212.258283757426));
#5023=CARTESIAN_POINT('Ctrl Pts',(263.589500922338,2.57944222835717,212.544385112903));
#5024=CARTESIAN_POINT('Ctrl Pts',(263.559975996061,2.39135249800919,212.837328644505));
#5025=CARTESIAN_POINT('Ctrl Pts',(263.534127825984,2.2075829735425,213.127973330442));
#5026=CARTESIAN_POINT('Ctrl Pts',(266.093120335343,14.6178890382179,213.075632452125));
#5027=CARTESIAN_POINT('Ctrl Pts',(266.053810019414,14.4196670214169,212.787130699108));
#5028=CARTESIAN_POINT('Ctrl Pts',(266.017719044699,14.2163843080593,212.498050561056));
#5029=CARTESIAN_POINT('Ctrl Pts',(265.985601835856,14.0078537468764,212.207250649768));
#5030=CARTESIAN_POINT('Ctrl Pts',(265.939328966963,13.6968541465032,211.772890462477));
#5031=CARTESIAN_POINT('Ctrl Pts',(265.880609870998,13.3787112161078,211.327912609415));
#5032=CARTESIAN_POINT('Ctrl Pts',(265.858982908874,13.2715871255432,211.178026963439));
#5033=CARTESIAN_POINT('Ctrl Pts',(265.808614457472,13.0541680954648,210.873076848128));
#5034=CARTESIAN_POINT('Ctrl Pts',(265.744583824181,12.8307132847664,210.5558276458));
#5035=CARTESIAN_POINT('Ctrl Pts',(265.709612811114,12.7176598786453,210.393942447731));
#5036=CARTESIAN_POINT('Ctrl Pts',(265.653067325022,12.5460029420275,210.144779205326));
#5037=CARTESIAN_POINT('Ctrl Pts',(265.594746769545,12.366780869996,209.88569661447));
#5038=CARTESIAN_POINT('Ctrl Pts',(265.575334428985,12.3059665052694,209.798223740573));
#5039=CARTESIAN_POINT('Ctrl Pts',(265.536961297654,12.1813825569334,209.621116552463));
#5040=CARTESIAN_POINT('Ctrl Pts',(265.500035811844,12.0496344740961,209.439653824551));
#5041=CARTESIAN_POINT('Ctrl Pts',(265.482050383116,11.9816573322574,209.347820930419));
#5042=CARTESIAN_POINT('Ctrl Pts',(265.44751078352,11.8412821158349,209.16194066335));
#5043=CARTESIAN_POINT('Ctrl Pts',(265.415705271182,11.6991927260151,208.970486407041));
#5044=CARTESIAN_POINT('Ctrl Pts',(265.400388432555,11.6293960101456,208.873077241864));
#5045=CARTESIAN_POINT('Ctrl Pts',(265.377969691019,11.5312617907281,208.723721008189));
#5046=CARTESIAN_POINT('Ctrl Pts',(265.355682907191,11.4401409653163,208.570699074949));
#5047=CARTESIAN_POINT('Ctrl Pts',(265.348223177523,11.4104005801755,208.519347519769));
#5048=CARTESIAN_POINT('Ctrl Pts',(265.333091119908,11.3513363278137,208.41619321104));
#5049=CARTESIAN_POINT('Ctrl Pts',(265.317019461205,11.2905909939336,208.312812891053));
#5050=CARTESIAN_POINT('Ctrl Pts',(265.308623063606,11.25917655471,208.261235426552));
#5051=CARTESIAN_POINT('Ctrl Pts',(265.290740086835,11.1926511712142,208.158737301563));
#5052=CARTESIAN_POINT('Ctrl Pts',(265.269988345244,11.1159906900383,208.058605611062));
#5053=CARTESIAN_POINT('Ctrl Pts',(265.258722386575,11.0744374026203,208.009392608075));
#5054=CARTESIAN_POINT('Ctrl Pts',(265.234137887954,10.9838067037639,207.913318326113));
#5055=CARTESIAN_POINT('Ctrl Pts',(265.205283509305,10.8773218429585,207.82327053464));
#5056=CARTESIAN_POINT('Ctrl Pts',(265.189744698339,10.8199049399224,207.78008281619));
#5057=CARTESIAN_POINT('Ctrl Pts',(265.156510105452,10.6969651333516,207.69801436084));
#5058=CARTESIAN_POINT('Ctrl Pts',(265.119192593895,10.5591204881929,207.625356991772));
#5059=CARTESIAN_POINT('Ctrl Pts',(265.09957163804,10.4867963462185,207.591583710945));
#5060=CARTESIAN_POINT('Ctrl Pts',(265.058576678737,10.3363553622237,207.529319151526));
#5061=CARTESIAN_POINT('Ctrl Pts',(265.014459420192,10.1763155064415,207.477535823051));
#5062=CARTESIAN_POINT('Ctrl Pts',(264.99171636514,10.0943959705933,207.454245459217));
#5063=CARTESIAN_POINT('Ctrl Pts',(264.921751273979,9.84440424298125,207.391819207383));
#5064=CARTESIAN_POINT('Ctrl Pts',(264.847486689297,9.58533932336476,207.350273642026));
#5065=CARTESIAN_POINT('Ctrl Pts',(264.796871384394,9.41185462351857,207.330535736941));
#5066=CARTESIAN_POINT('Ctrl Pts',(264.694951257739,9.06715726024642,207.303373285429));
#5067=CARTESIAN_POINT('Ctrl Pts',(264.593473464053,8.73068041256885,207.296454545344));
#5068=CARTESIAN_POINT('Ctrl Pts',(264.543318489454,8.56543775520595,207.296913275742));
#5069=CARTESIAN_POINT('Ctrl Pts',(264.444218325759,8.24079135760672,207.304609038735));
#5070=CARTESIAN_POINT('Ctrl Pts',(264.347358773807,7.9273840417615,207.325009761166));
#5071=CARTESIAN_POINT('Ctrl Pts',(264.29942992227,7.77333608590697,207.338165516093));
#5072=CARTESIAN_POINT('Ctrl Pts',(264.204871901454,7.47078156202501,207.370410143126));
#5073=CARTESIAN_POINT('Ctrl Pts',(264.113513656125,7.17805942518528,207.413262126998));
#5074=CARTESIAN_POINT('Ctrl Pts',(264.068804760264,7.03393204240408,207.437089717138));
#5075=CARTESIAN_POINT('Ctrl Pts',(263.980806159614,6.74701029502201,207.487880041501));
#5076=CARTESIAN_POINT('Ctrl Pts',(263.894320698138,6.4587627059412,207.544915672521));
#5077=CARTESIAN_POINT('Ctrl Pts',(263.850969975847,6.31298493234653,207.574798325866));
#5078=CARTESIAN_POINT('Ctrl Pts',(263.78697260351,6.09538147476656,207.624990378042));
#5079=CARTESIAN_POINT('Ctrl Pts',(263.724348543732,5.88502176789748,207.688965154421));
#5080=CARTESIAN_POINT('Ctrl Pts',(263.703605850083,5.81597803259748,207.712116448306));
#5081=CARTESIAN_POINT('Ctrl Pts',(263.661696202884,5.67969402172021,207.762220976901));
#5082=CARTESIAN_POINT('Ctrl Pts',(263.615818737017,5.54264494068859,207.818245547552));
#5083=CARTESIAN_POINT('Ctrl Pts',(263.591126435967,5.47288003465895,207.847329616028));
#5084=CARTESIAN_POINT('Ctrl Pts',(263.53652521366,5.32775283479344,207.90636833312));
#5085=CARTESIAN_POINT('Ctrl Pts',(263.484892203932,5.1881836060953,207.976034490047));
#5086=CARTESIAN_POINT('Ctrl Pts',(263.463355758588,5.12419756509364,208.015914679842));
#5087=CARTESIAN_POINT('Ctrl Pts',(263.437655881627,5.01967249223317,208.110920193426));
#5088=CARTESIAN_POINT('Ctrl Pts',(263.435663970583,4.94824942345829,208.224191288447));
#5089=CARTESIAN_POINT('Ctrl Pts',(263.43810778812,4.91774351338803,208.282523444598));
#5090=CARTESIAN_POINT('Ctrl Pts',(263.446173064991,4.82847225708595,208.453477513593));
#5091=CARTESIAN_POINT('Ctrl Pts',(263.461068853556,4.74689092256296,208.616884706435));
#5092=CARTESIAN_POINT('Ctrl Pts',(263.479022779328,4.69701607174584,208.727423264409));
#5093=CARTESIAN_POINT('Ctrl Pts',(263.527026781334,4.6089956164966,208.953903764042));
#5094=CARTESIAN_POINT('Ctrl Pts',(263.578761135768,4.5265197055235,209.175448770556));
#5095=CARTESIAN_POINT('Ctrl Pts',(263.601463774313,4.48351058499436,209.282169818453));
#5096=CARTESIAN_POINT('Ctrl Pts',(263.639644644958,4.39251644321952,209.487694373199));
#5097=CARTESIAN_POINT('Ctrl Pts',(263.669508323779,4.29678678342331,209.683503300752));
#5098=CARTESIAN_POINT('Ctrl Pts',(263.683797786458,4.24890614907779,209.780387145186));
#5099=CARTESIAN_POINT('Ctrl Pts',(263.707210249027,4.15109370851796,209.968740061531));
#5100=CARTESIAN_POINT('Ctrl Pts',(263.720309709176,4.04666629411781,210.147558962416));
#5101=CARTESIAN_POINT('Ctrl Pts',(263.724368851088,3.99204845055774,210.235001857279));
#5102=CARTESIAN_POINT('Ctrl Pts',(263.729866866624,3.88057855262348,210.408000198646));
#5103=CARTESIAN_POINT('Ctrl Pts',(263.732472188753,3.77090468141782,210.57751176435));
#5104=CARTESIAN_POINT('Ctrl Pts',(263.733666933585,3.7179403977829,210.661496862135));
#5105=CARTESIAN_POINT('Ctrl Pts',(263.734674931416,3.56163444724757,210.908563002113));
#5106=CARTESIAN_POINT('Ctrl Pts',(263.730156598407,3.41099398874762,211.14576779359));
#5107=CARTESIAN_POINT('Ctrl Pts',(263.727657463879,3.31154209044115,211.304953875347));
#5108=CARTESIAN_POINT('Ctrl Pts',(263.724240067365,3.02167044576672,211.784312841128));
#5109=CARTESIAN_POINT('Ctrl Pts',(263.708339988257,2.73980201638352,212.242426218191));
#5110=CARTESIAN_POINT('Ctrl Pts',(263.67573710367,2.54681468145468,212.530687236921));
#5111=CARTESIAN_POINT('Ctrl Pts',(263.644584134731,2.35771211818603,212.825107838166));
#5112=CARTESIAN_POINT('Ctrl Pts',(263.617802647304,2.17346544162046,213.116386468238));
#5113=CARTESIAN_POINT('Ctrl Pts',(266.138910333569,14.6181596073541,213.072005952107));
#5114=CARTESIAN_POINT('Ctrl Pts',(266.100022174739,14.4196749071852,212.7828307871));
#5115=CARTESIAN_POINT('Ctrl Pts',(266.064366658054,14.2161506420056,212.493225306691));
#5116=CARTESIAN_POINT('Ctrl Pts',(266.032691514054,14.0065011599748,212.200755830032));
#5117=CARTESIAN_POINT('Ctrl Pts',(265.987793746293,13.6952696891192,211.765335689444));
#5118=CARTESIAN_POINT('Ctrl Pts',(265.931191178487,13.377719875263,211.319941878829));
#5119=CARTESIAN_POINT('Ctrl Pts',(265.910334077772,13.2708269188018,211.169933856574));
#5120=CARTESIAN_POINT('Ctrl Pts',(265.861378071874,13.0537039877489,210.864699371033));
#5121=CARTESIAN_POINT('Ctrl Pts',(265.798456133056,12.8299155353746,210.54705972345));
#5122=CARTESIAN_POINT('Ctrl Pts',(265.764099447438,12.716518322832,210.384961126591));
#5123=CARTESIAN_POINT('Ctrl Pts',(265.708670869266,12.5440664447496,210.135544471259));
#5124=CARTESIAN_POINT('Ctrl Pts',(265.651752110307,12.3640590068914,209.876151104118));
#5125=CARTESIAN_POINT('Ctrl Pts',(265.63284695625,12.3030101772414,209.788561086836));
#5126=CARTESIAN_POINT('Ctrl Pts',(265.595611611967,12.1780808438791,209.611184774908));
#5127=CARTESIAN_POINT('Ctrl Pts',(265.560043565806,12.0464063704324,209.429378070407));
#5128=CARTESIAN_POINT('Ctrl Pts',(265.542791459583,11.9786057426819,209.337356246685));
#5129=CARTESIAN_POINT('Ctrl Pts',(265.50964359547,11.8390500614432,209.1510110202));
#5130=CARTESIAN_POINT('Ctrl Pts',(265.479136760172,11.6982143429312,208.959181934311));
#5131=CARTESIAN_POINT('Ctrl Pts',(265.464476138577,11.6290343264805,208.861677476679));
#5132=CARTESIAN_POINT('Ctrl Pts',(265.442986322116,11.5312491933952,208.712470296959));
#5133=CARTESIAN_POINT('Ctrl Pts',(265.421416807145,11.439462657748,208.560088247946));
#5134=CARTESIAN_POINT('Ctrl Pts',(265.414167220286,11.4093790446136,208.509008008164));
#5135=CARTESIAN_POINT('Ctrl Pts',(265.399396988072,11.3494143301571,208.406512702399));
#5136=CARTESIAN_POINT('Ctrl Pts',(265.383596756791,11.2874918582127,208.304000844006));
#5137=CARTESIAN_POINT('Ctrl Pts',(265.375319686156,11.2554565830755,208.252904141925));
#5138=CARTESIAN_POINT('Ctrl Pts',(265.357668224475,11.1877432934534,208.15143638069));
#5139=CARTESIAN_POINT('Ctrl Pts',(265.337161838676,11.1102108678314,208.052383716814));
#5140=CARTESIAN_POINT('Ctrl Pts',(265.326029538171,11.068352936233,208.00370068624));
#5141=CARTESIAN_POINT('Ctrl Pts',(265.301730018014,10.9774578159264,207.908599018429));
#5142=CARTESIAN_POINT('Ctrl Pts',(265.273164347802,10.8714188245882,207.819219211291));
#5143=CARTESIAN_POINT('Ctrl Pts',(265.257763025697,10.8144088696474,207.776256783896));
#5144=CARTESIAN_POINT('Ctrl Pts',(265.224773789296,10.6925922250411,207.694369643472));
#5145=CARTESIAN_POINT('Ctrl Pts',(265.187630983218,10.5563163144841,207.621324295554));
#5146=CARTESIAN_POINT('Ctrl Pts',(265.168076568168,10.4848448233505,207.587206402343));
#5147=CARTESIAN_POINT('Ctrl Pts',(265.127170428036,10.3361405003366,207.523966854249));
#5148=CARTESIAN_POINT('Ctrl Pts',(265.083043560699,10.1777434914272,207.470701499323));
#5149=CARTESIAN_POINT('Ctrl Pts',(265.060268743049,10.0965820929214,207.446559444756));
#5150=CARTESIAN_POINT('Ctrl Pts',(264.990120381325,9.84859449611125,207.381318246435));
#5151=CARTESIAN_POINT('Ctrl Pts',(264.915398962485,9.59059977138856,207.336392485378));
#5152=CARTESIAN_POINT('Ctrl Pts',(264.864351037631,9.417306338446,207.31434577537));
#5153=CARTESIAN_POINT('Ctrl Pts',(264.761301512203,9.07206230447673,207.282783976828));
#5154=CARTESIAN_POINT('Ctrl Pts',(264.658175553488,8.73344598560264,207.272128271377));
#5155=CARTESIAN_POINT('Ctrl Pts',(264.607067762394,8.56680364061256,207.270945580437));
#5156=CARTESIAN_POINT('Ctrl Pts',(264.505904165344,8.23895180007554,207.275766357632));
#5157=CARTESIAN_POINT('Ctrl Pts',(264.406867430082,7.921842347577,207.293930723299));
#5158=CARTESIAN_POINT('Ctrl Pts',(264.357873991976,7.76590510395644,207.306084431104));
#5159=CARTESIAN_POINT('Ctrl Pts',(264.261231687704,7.4594294739766,207.336421017725));
#5160=CARTESIAN_POINT('Ctrl Pts',(264.167764297415,7.16239392932835,207.377499304224));
#5161=CARTESIAN_POINT('Ctrl Pts',(264.121961590661,7.01597263270503,207.40045071578));
#5162=CARTESIAN_POINT('Ctrl Pts',(264.031749474674,6.72446208332597,207.449675518995));
#5163=CARTESIAN_POINT('Ctrl Pts',(263.943121074363,6.4323782281797,207.505815604262));
#5164=CARTESIAN_POINT('Ctrl Pts',(263.898746356407,6.28506061718959,207.535495393164));
#5165=CARTESIAN_POINT('Ctrl Pts',(263.83316791657,6.06566354330969,207.585659974714));
#5166=CARTESIAN_POINT('Ctrl Pts',(263.767298868342,5.85163503311568,207.648535667015));
#5167=CARTESIAN_POINT('Ctrl Pts',(263.74521482068,5.78103437987018,207.671130601565));
#5168=CARTESIAN_POINT('Ctrl Pts',(263.699837433331,5.64053619160522,207.719503682785));
#5169=CARTESIAN_POINT('Ctrl Pts',(263.649728700354,5.49817334745055,207.773157225992));
#5170=CARTESIAN_POINT('Ctrl Pts',(263.622892493587,5.42569554970497,207.801015821713));
#5171=CARTESIAN_POINT('Ctrl Pts',(263.565513844463,5.27725082195987,207.858724908662));
#5172=CARTESIAN_POINT('Ctrl Pts',(263.514639403352,5.13916925941639,207.929767024004));
#5173=CARTESIAN_POINT('Ctrl Pts',(263.494470663492,5.07724455779417,207.971111824473));
#5174=CARTESIAN_POINT('Ctrl Pts',(263.472928996887,4.97849064659908,208.070211197748));
#5175=CARTESIAN_POINT('Ctrl Pts',(263.47732885203,4.91509078637222,208.189428234405));
#5176=CARTESIAN_POINT('Ctrl Pts',(263.483400565477,4.88892128429877,208.251109232813));
#5177=CARTESIAN_POINT('Ctrl Pts',(263.503082042943,4.81300392371206,208.432719781583));
#5178=CARTESIAN_POINT('Ctrl Pts',(263.527846163891,4.74201290638786,208.605205103267));
#5179=CARTESIAN_POINT('Ctrl Pts',(263.547955356124,4.69468811917507,208.718064630743));
#5180=CARTESIAN_POINT('Ctrl Pts',(263.59782442053,4.60979913121331,208.947654520813));
#5181=CARTESIAN_POINT('Ctrl Pts',(263.648420424482,4.527553117159,209.170199598254));
#5182=CARTESIAN_POINT('Ctrl Pts',(263.670368099336,4.48438901183149,209.277281616974));
#5183=CARTESIAN_POINT('Ctrl Pts',(263.706090960282,4.39188836658486,209.482549765636));
#5184=CARTESIAN_POINT('Ctrl Pts',(263.732812661827,4.29354120108168,209.677299918642));
#5185=CARTESIAN_POINT('Ctrl Pts',(263.745536753777,4.2442699500493,209.773635148642));
#5186=CARTESIAN_POINT('Ctrl Pts',(263.765765488199,4.14359330494224,209.960940499166));
#5187=CARTESIAN_POINT('Ctrl Pts',(263.776049694093,4.0367178529851,210.139136120626));
#5188=CARTESIAN_POINT('Ctrl Pts',(263.778903988252,3.98115450621558,210.226452778226));
#5189=CARTESIAN_POINT('Ctrl Pts',(263.782535714008,3.86838740154118,210.39955915861));
#5190=CARTESIAN_POINT('Ctrl Pts',(263.783851688738,3.75782840464022,210.569245926736));
#5191=CARTESIAN_POINT('Ctrl Pts',(263.784438916072,3.70437405079962,210.653181792489));
#5192=CARTESIAN_POINT('Ctrl Pts',(263.784028285925,3.54701920928645,210.900252066291));
#5193=CARTESIAN_POINT('Ctrl Pts',(263.778849331518,3.39632118789902,211.137740048558));
#5194=CARTESIAN_POINT('Ctrl Pts',(263.775772696615,3.2970513512054,211.296911847891));
#5195=CARTESIAN_POINT('Ctrl Pts',(263.770417864603,3.00717568052141,211.775948969368));
#5196=CARTESIAN_POINT('Ctrl Pts',(263.752506574105,2.72423737279122,212.234582115404));
#5197=CARTESIAN_POINT('Ctrl Pts',(263.718972814546,2.53066058064174,212.524188251187));
#5198=CARTESIAN_POINT('Ctrl Pts',(263.687059094788,2.34105475264311,212.819330585617));
#5199=CARTESIAN_POINT('Ctrl Pts',(263.659858834209,2.15657174862732,213.11089117134));
#5200=CARTESIAN_POINT('Ctrl Pts',(266.276857726788,14.6183627151942,213.061989988487));
#5201=CARTESIAN_POINT('Ctrl Pts',(266.239257139759,14.4190374882526,212.77073980333));
#5202=CARTESIAN_POINT('Ctrl Pts',(266.204862583018,14.2149141065152,212.479762455157));
#5203=CARTESIAN_POINT('Ctrl Pts',(266.174362779557,14.0017050252375,212.181956119025));
#5204=CARTESIAN_POINT('Ctrl Pts',(266.133375171492,13.6897786327675,211.743347833302));
#5205=CARTESIAN_POINT('Ctrl Pts',(266.083232297413,13.3741534824106,211.297069806712));
#5206=CARTESIAN_POINT('Ctrl Pts',(266.064743395217,13.2679946041601,211.146813446938));
#5207=CARTESIAN_POINT('Ctrl Pts',(266.020363705435,13.051876346312,210.841014149057));
#5208=CARTESIAN_POINT('Ctrl Pts',(265.961074157014,12.8271086110327,210.522421017297));
#5209=CARTESIAN_POINT('Ctrl Pts',(265.928441356587,12.7125665966641,210.359684680107));
#5210=CARTESIAN_POINT('Ctrl Pts',(265.8761897549,12.5376004092043,210.109420397077));
#5211=CARTESIAN_POINT('Ctrl Pts',(265.823407426479,12.355262274051,209.849013745875));
#5212=CARTESIAN_POINT('Ctrl Pts',(265.806012999884,12.2935394983029,209.76105141909));
#5213=CARTESIAN_POINT('Ctrl Pts',(265.772166048688,12.1676949977195,209.582833258991));
#5214=CARTESIAN_POINT('Ctrl Pts',(265.740570691093,12.03652079746,209.399948506355));
#5215=CARTESIAN_POINT('Ctrl Pts',(265.725426525808,11.9694444966216,209.307323792187));
#5216=CARTESIAN_POINT('Ctrl Pts',(265.696264246594,11.832773884483,209.119526233902));
#5217=CARTESIAN_POINT('Ctrl Pts',(265.66918659467,11.6960492459254,208.926396887075));
#5218=CARTESIAN_POINT('Ctrl Pts',(265.656116653927,11.6288448117612,208.828449271439));
#5219=CARTESIAN_POINT('Ctrl Pts',(265.636648524538,11.5322763698626,208.679293422704));
#5220=CARTESIAN_POINT('Ctrl Pts',(265.616272156427,11.4387142013525,208.528183921534));
#5221=CARTESIAN_POINT('Ctrl Pts',(265.609317052985,11.4076844928874,208.477673316931));
#5222=CARTESIAN_POINT('Ctrl Pts',(265.594939710209,11.3452068772974,208.376612438255));
#5223=CARTESIAN_POINT('Ctrl Pts',(265.579268785055,11.2799533536041,208.276092525467));
#5224=CARTESIAN_POINT('Ctrl Pts',(265.571020911052,11.246151525076,208.22612256353));
#5225=CARTESIAN_POINT('Ctrl Pts',(265.553474221464,11.1750251339049,208.127133187402));
#5226=CARTESIAN_POINT('Ctrl Pts',(265.533322107235,11.0948800674984,208.030820881759));
#5227=CARTESIAN_POINT('Ctrl Pts',(265.522469988282,11.0520567636529,207.983528070968));
#5228=CARTESIAN_POINT('Ctrl Pts',(265.498947523711,10.9601338339154,207.891079825554));
#5229=CARTESIAN_POINT('Ctrl Pts',(265.471469362789,10.8549567485717,207.803727676974));
#5230=CARTESIAN_POINT('Ctrl Pts',(265.456659801027,10.7988742484329,207.761530142889));
#5231=CARTESIAN_POINT('Ctrl Pts',(265.424855452428,10.6797741692485,207.68050090838));
#5232=CARTESIAN_POINT('Ctrl Pts',(265.388793378725,10.5475110156992,207.606827043488));
#5233=CARTESIAN_POINT('Ctrl Pts',(265.369725196917,10.4782637016376,207.571985725303));
#5234=CARTESIAN_POINT('Ctrl Pts',(265.32965410292,10.3341695623175,207.50649935611));
#5235=CARTESIAN_POINT('Ctrl Pts',(265.286045167953,10.1802751857891,207.449536540591));
#5236=CARTESIAN_POINT('Ctrl Pts',(265.263439600081,10.1012287792702,207.423220130451));
#5237=CARTESIAN_POINT('Ctrl Pts',(265.193512016657,9.85893486225267,207.350667585779));
#5238=CARTESIAN_POINT('Ctrl Pts',(265.118122200741,9.60426301020561,207.296644471383));
#5239=CARTESIAN_POINT('Ctrl Pts',(265.066214218692,9.43176168665714,207.268268149755));
#5240=CARTESIAN_POINT('Ctrl Pts',(264.960599783596,9.08544100518338,207.224478251466));
#5241=CARTESIAN_POINT('Ctrl Pts',(264.853307510802,8.74110792042997,207.203197388482));
#5242=CARTESIAN_POINT('Ctrl Pts',(264.799734412538,8.57062037899884,207.197302510727));
#5243=CARTESIAN_POINT('Ctrl Pts',(264.693158695895,8.23379331105452,207.193825770131));
#5244=CARTESIAN_POINT('Ctrl Pts',(264.588288791094,7.90599660656105,207.205531317695));
#5245=CARTESIAN_POINT('Ctrl Pts',(264.53641447441,7.74452154525762,207.21481387137));
#5246=CARTESIAN_POINT('Ctrl Pts',(264.434095754948,7.4264638073748,207.239784140093));
#5247=CARTESIAN_POINT('Ctrl Pts',(264.334929529489,7.11681799268215,207.276200170957));
#5248=CARTESIAN_POINT('Ctrl Pts',(264.286211341308,6.96379507234269,207.296960316958));
#5249=CARTESIAN_POINT('Ctrl Pts',(264.190235565575,6.65939420240064,207.342602410849));
#5250=CARTESIAN_POINT('Ctrl Pts',(264.096306326233,6.35700675101138,207.397519571335));
#5251=CARTESIAN_POINT('Ctrl Pts',(264.049557369923,6.20579740093285,207.42744057954));
#5252=CARTESIAN_POINT('Ctrl Pts',(263.980010954526,5.98144192571396,207.47853577395));
#5253=CARTESIAN_POINT('Ctrl Pts',(263.907211110733,5.7590612167733,207.540524988891));
#5254=CARTESIAN_POINT('Ctrl Pts',(263.882387419902,5.68508792636882,207.562501058291));
#5255=CARTESIAN_POINT('Ctrl Pts',(263.830595493308,5.53637046785165,207.608820887147));
#5256=CARTESIAN_POINT('Ctrl Pts',(263.775200001987,5.38694348270998,207.660997953089));
#5257=CARTESIAN_POINT('Ctrl Pts',(263.746686061504,5.31215256387761,207.688762617847));
#5258=CARTESIAN_POINT('Ctrl Pts',(263.691350375462,5.16647025691386,207.75024754337));
#5259=CARTESIAN_POINT('Ctrl Pts',(263.650981990668,5.0428858406848,207.831332131424));
#5260=CARTESIAN_POINT('Ctrl Pts',(263.637495024936,4.9902645319111,207.878766686644));
#5261=CARTESIAN_POINT('Ctrl Pts',(263.628083998633,4.90837410946973,207.989131059261));
#5262=CARTESIAN_POINT('Ctrl Pts',(263.645178705263,4.86129029312173,208.120380607761));
#5263=CARTESIAN_POINT('Ctrl Pts',(263.658357428394,4.84368367650827,208.188824966794));
#5264=CARTESIAN_POINT('Ctrl Pts',(263.701638936363,4.7947813486376,208.392730384555));
#5265=CARTESIAN_POINT('Ctrl Pts',(263.747242056337,4.74575075521713,208.585260848648));
#5266=CARTESIAN_POINT('Ctrl Pts',(263.770692879721,4.70264742308428,208.702762567825));
#5267=CARTESIAN_POINT('Ctrl Pts',(263.819126694562,4.62001779395826,208.936553800724));
#5268=CARTESIAN_POINT('Ctrl Pts',(263.861072099456,4.53339831887502,209.158272326183));
#5269=CARTESIAN_POINT('Ctrl Pts',(263.878810703789,4.48785747924747,209.264960709305));
#5270=CARTESIAN_POINT('Ctrl Pts',(263.904574773851,4.38842871944106,209.467583203));
#5271=CARTESIAN_POINT('Ctrl Pts',(263.92085466159,4.28164755162626,209.65844954742));
#5272=CARTESIAN_POINT('Ctrl Pts',(263.928487875471,4.22812454861526,209.752823617431));
#5273=CARTESIAN_POINT('Ctrl Pts',(263.939385891073,4.11930171773116,209.937118164486));
#5274=CARTESIAN_POINT('Ctrl Pts',(263.94259914429,4.00627870998372,210.114362960047));
#5275=CARTESIAN_POINT('Ctrl Pts',(263.942585104495,3.94852656713392,210.201757967554));
#5276=CARTESIAN_POINT('Ctrl Pts',(263.941718115404,3.83286481859586,210.375690541031));
#5277=CARTESIAN_POINT('Ctrl Pts',(263.939690530447,3.72019821228217,210.54601962722));
#5278=CARTESIAN_POINT('Ctrl Pts',(263.938588846354,3.66543551000639,210.629845679682));
#5279=CARTESIAN_POINT('Ctrl Pts',(263.933940212053,3.5049740879107,210.87687025733));
#5280=CARTESIAN_POINT('Ctrl Pts',(263.92628511973,3.35349509136486,211.1149412975));
#5281=CARTESIAN_POINT('Ctrl Pts',(263.921386506567,3.25452637039272,211.273983635696));
#5282=CARTESIAN_POINT('Ctrl Pts',(263.909701068237,2.96376580094896,211.751436658143));
#5283=CARTESIAN_POINT('Ctrl Pts',(263.885630451717,2.6778599333527,212.211356740184));
#5284=CARTESIAN_POINT('Ctrl Pts',(263.849313646444,2.48274900550221,212.505479532646));
#5285=CARTESIAN_POINT('Ctrl Pts',(263.815309315963,2.29172118569356,212.802634059274));
#5286=CARTESIAN_POINT('Ctrl Pts',(263.786834004679,2.10646628731862,213.09511964661));
#5287=CARTESIAN_POINT('Ctrl Pts',(266.416458972025,14.6171603504589,213.055253501673));
#5288=CARTESIAN_POINT('Ctrl Pts',(266.380195986221,14.4170040319649,212.762002368221));
#5289=CARTESIAN_POINT('Ctrl Pts',(266.347063554225,14.2120061090923,212.469309951671));
#5290=CARTESIAN_POINT('Ctrl Pts',(266.317364176115,13.994836867285,212.165451051844));
#5291=CARTESIAN_POINT('Ctrl Pts',(266.279613901046,13.6822566306472,211.723708521462));
#5292=CARTESIAN_POINT('Ctrl Pts',(266.236017892762,13.3688301209006,211.277425268082));
#5293=CARTESIAN_POINT('Ctrl Pts',(266.219976981666,13.2634710468848,211.127216207079));
#5294=CARTESIAN_POINT('Ctrl Pts',(266.181102277273,13.0486485354715,210.821586349413));
#5295=CARTESIAN_POINT('Ctrl Pts',(266.126528099433,12.82309301713,210.502617494667));
#5296=CARTESIAN_POINT('Ctrl Pts',(266.095270212779,12.7071234026292,210.339226293632));
#5297=CARTESIAN_POINT('Ctrl Pts',(266.045658124878,12.5293514507766,210.087868139592));
#5298=CARTESIAN_POINT('Ctrl Pts',(265.996732604843,12.3448672590773,209.826179681739));
#5299=CARTESIAN_POINT('Ctrl Pts',(265.98078220298,12.2825929253468,209.737764885474));
#5300=CARTESIAN_POINT('Ctrl Pts',(265.950140101473,12.1562384039365,209.558547219694));
#5301=CARTESIAN_POINT('Ctrl Pts',(265.922130448971,12.0262818990496,209.374414580543));
#5302=CARTESIAN_POINT('Ctrl Pts',(265.908811649704,11.96038079025,209.281087563374));
#5303=CARTESIAN_POINT('Ctrl Pts',(265.88314942121,11.8274151826077,209.091747085495));
#5304=CARTESIAN_POINT('Ctrl Pts',(265.858599877376,11.6952258985402,208.897088643335));
#5305=CARTESIAN_POINT('Ctrl Pts',(265.846400616695,11.6300606858922,208.798454294169));
#5306=CARTESIAN_POINT('Ctrl Pts',(265.827499800048,11.5348733492167,208.648623794448));
#5307=CARTESIAN_POINT('Ctrl Pts',(265.806565867293,11.4400306725355,208.49748755331));
#5308=CARTESIAN_POINT('Ctrl Pts',(265.79930097289,11.4082682624453,208.447047429219));
#5309=CARTESIAN_POINT('Ctrl Pts',(265.784089428765,11.3437978928877,208.346296448976));
#5310=CARTESIAN_POINT('Ctrl Pts',(265.76734678809,11.2758210090605,208.246456673292));
#5311=CARTESIAN_POINT('Ctrl Pts',(265.758549619014,11.2405547524799,208.196926536245));
#5312=CARTESIAN_POINT('Ctrl Pts',(265.740040384983,11.1665223600081,208.099041570815));
#5313=CARTESIAN_POINT('Ctrl Pts',(265.719451775116,11.0839090855785,208.004246770995));
#5314=CARTESIAN_POINT('Ctrl Pts',(265.708577479694,11.04005974617,207.957807880294));
#5315=CARTESIAN_POINT('Ctrl Pts',(265.685459993886,10.9466602306844,207.867176286244));
#5316=CARTESIAN_POINT('Ctrl Pts',(265.659173082712,10.8412829727655,207.78157987857));
#5317=CARTESIAN_POINT('Ctrl Pts',(265.645129797014,10.7854522134828,207.740176640447));
#5318=CARTESIAN_POINT('Ctrl Pts',(265.615061954136,10.6675263912064,207.660395001771));
#5319=CARTESIAN_POINT('Ctrl Pts',(265.580935062505,10.5375695645158,207.587073025598));
#5320=CARTESIAN_POINT('Ctrl Pts',(265.562830345045,10.4697067557155,207.552128813489));
#5321=CARTESIAN_POINT('Ctrl Pts',(265.524604788119,10.3286769435677,207.485838023248));
#5322=CARTESIAN_POINT('Ctrl Pts',(265.482597308138,10.1781175744367,207.426914125776));
#5323=CARTESIAN_POINT('Ctrl Pts',(265.460710673881,10.1007257942626,207.399337516568));
#5324=CARTESIAN_POINT('Ctrl Pts',(265.392668275542,9.86313109587522,207.322274458256));
#5325=CARTESIAN_POINT('Ctrl Pts',(265.318292459391,9.61187670525846,207.261938110995));
#5326=CARTESIAN_POINT('Ctrl Pts',(265.266627351726,9.44064065202723,207.228905677642));
#5327=CARTESIAN_POINT('Ctrl Pts',(265.160616478843,9.09463152405317,207.175733783383));
#5328=CARTESIAN_POINT('Ctrl Pts',(265.051331100771,8.74650655710914,207.145760017109));
#5329=CARTESIAN_POINT('Ctrl Pts',(264.996402321488,8.57317794037699,207.135910422322));
#5330=CARTESIAN_POINT('Ctrl Pts',(264.886622535061,8.22925561202345,207.125394459302));
#5331=CARTESIAN_POINT('Ctrl Pts',(264.777957981781,7.89220234362568,207.131712379246));
#5332=CARTESIAN_POINT('Ctrl Pts',(264.724141393947,7.72573795590276,207.13869401959));
#5333=CARTESIAN_POINT('Ctrl Pts',(264.617933133005,7.39709780131668,207.15971078169));
#5334=CARTESIAN_POINT('Ctrl Pts',(264.515062475177,7.07639915825515,207.19374147789));
#5335=CARTESIAN_POINT('Ctrl Pts',(264.464582603747,6.91789379254822,207.213753015291));
#5336=CARTESIAN_POINT('Ctrl Pts',(264.365535852408,6.60361560971042,207.259299590125));
#5337=CARTESIAN_POINT('Ctrl Pts',(264.27000888539,6.29506111052958,207.317523553905));
#5338=CARTESIAN_POINT('Ctrl Pts',(264.223131069676,6.14232892356988,207.350233208174));
#5339=CARTESIAN_POINT('Ctrl Pts',(264.15346271625,5.91636604748483,207.406212668329));
#5340=CARTESIAN_POINT('Ctrl Pts',(264.084336890087,5.69700349795049,207.475924189625));
#5341=CARTESIAN_POINT('Ctrl Pts',(264.06135678073,5.62474893256507,207.500886406596));
#5342=CARTESIAN_POINT('Ctrl Pts',(264.015699837872,5.48241502660938,207.554805418005));
#5343=CARTESIAN_POINT('Ctrl Pts',(263.973503612383,5.34835360488293,207.619358002952));
#5344=CARTESIAN_POINT('Ctrl Pts',(263.953927529434,5.28429659096688,207.654906423449));
#5345=CARTESIAN_POINT('Ctrl Pts',(263.920883931583,5.16614747641281,207.734959601995));
#5346=CARTESIAN_POINT('Ctrl Pts',(263.903574527536,5.07227524987476,207.834604406988));
#5347=CARTESIAN_POINT('Ctrl Pts',(263.899716614971,5.03248466695072,207.889745316897));
#5348=CARTESIAN_POINT('Ctrl Pts',(263.901155328064,4.96619862001754,208.009078576036));
#5349=CARTESIAN_POINT('Ctrl Pts',(263.917883845742,4.92076410169794,208.141002737308));
#5350=CARTESIAN_POINT('Ctrl Pts',(263.92932052813,4.90184022414094,208.208740506486));
#5351=CARTESIAN_POINT('Ctrl Pts',(263.967148850564,4.84760889014312,208.410469741162));
#5352=CARTESIAN_POINT('Ctrl Pts',(264.005828055818,4.7897573403808,208.599981329251));
#5353=CARTESIAN_POINT('Ctrl Pts',(264.022685601291,4.73999270495559,208.714409667952));
#5354=CARTESIAN_POINT('Ctrl Pts',(264.051802684314,4.64059656144865,208.938743920662));
#5355=CARTESIAN_POINT('Ctrl Pts',(264.073780919042,4.53772547001783,209.150828600588));
#5356=CARTESIAN_POINT('Ctrl Pts',(264.083158218542,4.48539962465493,209.253749583803));
#5357=CARTESIAN_POINT('Ctrl Pts',(264.095044584542,4.37508719168917,209.450616253353));
#5358=CARTESIAN_POINT('Ctrl Pts',(264.100784328016,4.26065746724048,209.637408183375));
#5359=CARTESIAN_POINT('Ctrl Pts',(264.103401870668,4.20363417784789,209.729720405305));
#5360=CARTESIAN_POINT('Ctrl Pts',(264.106727896215,4.08918217765659,209.911904173253));
#5361=CARTESIAN_POINT('Ctrl Pts',(264.106368596246,3.97347450047729,210.090053111297));
#5362=CARTESIAN_POINT('Ctrl Pts',(264.105326672409,3.91519790189031,210.178394192207));
#5363=CARTESIAN_POINT('Ctrl Pts',(264.102747835249,3.79914404261019,210.353996212588));
#5364=CARTESIAN_POINT('Ctrl Pts',(264.098914065059,3.68589858784909,210.52532292844));
#5365=CARTESIAN_POINT('Ctrl Pts',(264.096642101104,3.63043499202655,210.609377237372));
#5366=CARTESIAN_POINT('Ctrl Pts',(264.088355860706,3.46761488877216,210.857102349442));
#5367=CARTESIAN_POINT('Ctrl Pts',(264.077250517737,3.31412969438822,211.095661025394));
#5368=CARTESIAN_POINT('Ctrl Pts',(264.070289923322,3.214726096097,211.254294413956));
#5369=CARTESIAN_POINT('Ctrl Pts',(264.051150264985,2.92107535922136,211.72884352165));
#5370=CARTESIAN_POINT('Ctrl Pts',(264.020652664906,2.63282096417997,212.189334208497));
#5371=CARTESIAN_POINT('Ctrl Pts',(263.98185162013,2.43660240942877,212.488908320198));
#5372=CARTESIAN_POINT('Ctrl Pts',(263.946433584763,2.24443568152973,212.787475708112));
#5373=CARTESIAN_POINT('Ctrl Pts',(263.916373337032,2.05811592220635,213.081390187169));
#5374=CARTESIAN_POINT('Ctrl Pts',(266.510153342426,14.6162575175559,213.053045595823));
#5375=CARTESIAN_POINT('Ctrl Pts',(266.474810267499,14.4155978323038,212.758557813016));
#5376=CARTESIAN_POINT('Ctrl Pts',(266.442613594881,14.209556942,212.464072426879));
#5377=CARTESIAN_POINT('Ctrl Pts',(266.413403338759,13.9894681392097,212.15568621384));
#5378=CARTESIAN_POINT('Ctrl Pts',(266.37748650745,13.6765058392281,211.71195113985));
#5379=CARTESIAN_POINT('Ctrl Pts',(266.338080246341,13.3645196145365,211.265859801134));
#5380=CARTESIAN_POINT('Ctrl Pts',(266.323619192932,13.2596689680506,211.115757077959));
#5381=CARTESIAN_POINT('Ctrl Pts',(266.288792634768,13.0458080870455,210.810460187284));
#5382=CARTESIAN_POINT('Ctrl Pts',(266.238045113839,12.8199565142467,210.491444642457));
#5383=CARTESIAN_POINT('Ctrl Pts',(266.207520976306,12.7029411684849,210.327573835021));
#5384=CARTESIAN_POINT('Ctrl Pts',(266.159376996711,12.5232393344199,210.075382265258));
#5385=CARTESIAN_POINT('Ctrl Pts',(266.112803165182,12.3374977760367,209.812692319765));
#5386=CARTESIAN_POINT('Ctrl Pts',(266.097745376267,12.2749397106508,209.723922903917));
#5387=CARTESIAN_POINT('Ctrl Pts',(266.069045617952,12.1484628081257,209.543918024377));
#5388=CARTESIAN_POINT('Ctrl Pts',(266.043181959482,12.0195290967868,209.358855036702));
#5389=CARTESIAN_POINT('Ctrl Pts',(266.030962121348,11.9544927666966,209.265030010276));
#5390=CARTESIAN_POINT('Ctrl Pts',(266.00749706701,11.8239334885598,209.074698241338));
#5391=CARTESIAN_POINT('Ctrl Pts',(265.984709495777,11.6943707911943,208.879200325424));
#5392=CARTESIAN_POINT('Ctrl Pts',(265.973177609481,11.6303045865774,208.780219708571));
#5393=CARTESIAN_POINT('Ctrl Pts',(265.954846928365,11.5357907658537,208.630069837757));
#5394=CARTESIAN_POINT('Ctrl Pts',(265.933899725279,11.4401430214269,208.478982440162));
#5395=CARTESIAN_POINT('Ctrl Pts',(265.926568657816,11.4079457073344,208.428603292814));
#5396=CARTESIAN_POINT('Ctrl Pts',(265.911120075183,11.3423192047906,208.328068936348));
#5397=CARTESIAN_POINT('Ctrl Pts',(265.893998613416,11.2727834944192,208.228635942121));
#5398=CARTESIAN_POINT('Ctrl Pts',(265.884993210752,11.2366790791811,208.179356865571));
#5399=CARTESIAN_POINT('Ctrl Pts',(265.866078141584,11.1609723418978,208.082063715248));
#5400=CARTESIAN_POINT('Ctrl Pts',(265.845195685135,11.0769012351029,207.987996803716));
#5401=CARTESIAN_POINT('Ctrl Pts',(265.834225086897,11.0324304968961,207.941945274345));
#5402=CARTESIAN_POINT('Ctrl Pts',(265.811056913729,10.9380921031767,207.852096748045));
#5403=CARTESIAN_POINT('Ctrl Pts',(265.785031029114,10.8324588497936,207.767198932456));
#5404=CARTESIAN_POINT('Ctrl Pts',(265.771203638752,10.7766903020716,207.726098874991));
#5405=CARTESIAN_POINT('Ctrl Pts',(265.741723590593,10.6592575203925,207.646770035509));
#5406=CARTESIAN_POINT('Ctrl Pts',(265.708430901744,10.5304341905735,207.573500341047));
#5407=CARTESIAN_POINT('Ctrl Pts',(265.690788668743,10.4632743512678,207.538458571944));
#5408=CARTESIAN_POINT('Ctrl Pts',(265.653533600055,10.3238415647512,207.471696306779));
#5409=CARTESIAN_POINT('Ctrl Pts',(265.61251553774,10.1750952996724,207.411747508451));
#5410=CARTESIAN_POINT('Ctrl Pts',(265.591110008049,10.0986223753508,207.383519527127));
#5411=CARTESIAN_POINT('Ctrl Pts',(265.524427675836,9.86369563139988,207.304123970976));
#5412=CARTESIAN_POINT('Ctrl Pts',(265.451075032583,9.61455066265226,207.240489254007));
#5413=CARTESIAN_POINT('Ctrl Pts',(265.399865304929,9.44420653714914,207.204982940666));
#5414=CARTESIAN_POINT('Ctrl Pts',(265.294271544258,9.0987484058454,207.146751889));
#5415=CARTESIAN_POINT('Ctrl Pts',(265.184472402011,8.74878261568697,207.111994572667));
#5416=CARTESIAN_POINT('Ctrl Pts',(265.129068051313,8.57395160460273,207.099953468821));
#5417=CARTESIAN_POINT('Ctrl Pts',(265.018017266489,8.22609227090596,207.085553079218));
#5418=CARTESIAN_POINT('Ctrl Pts',(264.907679338761,7.88366319051202,207.089048726849));
#5419=CARTESIAN_POINT('Ctrl Pts',(264.852986860966,7.71426298864656,207.09490210493));
#5420=CARTESIAN_POINT('Ctrl Pts',(264.745037148764,7.37943438236714,207.11422481464));
#5421=CARTESIAN_POINT('Ctrl Pts',(264.640691396312,7.05258446216862,207.147957765516));
#5422=CARTESIAN_POINT('Ctrl Pts',(264.589607053256,6.89117965639644,207.168234775447));
#5423=CARTESIAN_POINT('Ctrl Pts',(264.489785055882,6.57201371243606,207.215410984449));
#5424=CARTESIAN_POINT('Ctrl Pts',(264.395224611254,6.26176505781481,207.278043230636));
#5425=CARTESIAN_POINT('Ctrl Pts',(264.349472330388,6.10933143420381,207.313794688116));
#5426=CARTESIAN_POINT('Ctrl Pts',(264.283088107936,5.88605042911231,207.375818637329));
#5427=CARTESIAN_POINT('Ctrl Pts',(264.222988776106,5.67671582993503,207.455629854536));
#5428=CARTESIAN_POINT('Ctrl Pts',(264.203822621803,5.60882064133056,207.484498564303));
#5429=CARTESIAN_POINT('Ctrl Pts',(264.167852124572,5.4778090386472,207.54755937988));
#5430=CARTESIAN_POINT('Ctrl Pts',(264.138716714363,5.35943058651166,207.623235468272));
#5431=CARTESIAN_POINT('Ctrl Pts',(264.126361854967,5.30413475690996,207.664698655335));
#5432=CARTESIAN_POINT('Ctrl Pts',(264.107606706586,5.20350255081753,207.75609883594));
#5433=CARTESIAN_POINT('Ctrl Pts',(264.101497776269,5.12404842764379,207.864400753851));
#5434=CARTESIAN_POINT('Ctrl Pts',(264.101810362866,5.08996377639101,207.92279329098));
#5435=CARTESIAN_POINT('Ctrl Pts',(264.107946144088,5.03144377780777,208.046313926393));
#5436=CARTESIAN_POINT('Ctrl Pts',(264.122043135656,4.98575942528761,208.177439058982));
#5437=CARTESIAN_POINT('Ctrl Pts',(264.13034217199,4.96455380529409,208.243463458619));
#5438=CARTESIAN_POINT('Ctrl Pts',(264.155562306616,4.89888754844443,208.437224168646));
#5439=CARTESIAN_POINT('Ctrl Pts',(264.176868665876,4.82215909008864,208.614442899772));
#5440=CARTESIAN_POINT('Ctrl Pts',(264.184827138555,4.76295108267501,208.723031703053));
#5441=CARTESIAN_POINT('Ctrl Pts',(264.196962825788,4.64646128502739,208.936836457069));
#5442=CARTESIAN_POINT('Ctrl Pts',(264.2050900046,4.53069336020419,209.141186504304));
#5443=CARTESIAN_POINT('Ctrl Pts',(264.208793980457,4.4732716191704,209.241203216558));
#5444=CARTESIAN_POINT('Ctrl Pts',(264.213099302022,4.35680134739109,209.43501181181));
#5445=CARTESIAN_POINT('Ctrl Pts',(264.21450837371,4.23994426316284,209.620777505227));
#5446=CARTESIAN_POINT('Ctrl Pts',(264.215068239941,4.18190077852084,209.712514396896));
#5447=CARTESIAN_POINT('Ctrl Pts',(264.215247454512,4.06597321802698,209.894214421625));
#5448=CARTESIAN_POINT('Ctrl Pts',(264.213526840607,3.94992249171424,210.072951058648));
#5449=CARTESIAN_POINT('Ctrl Pts',(264.212226659986,3.89176773041354,210.161797554416));
#5450=CARTESIAN_POINT('Ctrl Pts',(264.209264887092,3.7761013690171,210.338205916985));
#5451=CARTESIAN_POINT('Ctrl Pts',(264.204905046948,3.66305239909955,210.510356575609));
#5452=CARTESIAN_POINT('Ctrl Pts',(264.20221040386,3.60751758065245,210.59494608452));
#5453=CARTESIAN_POINT('Ctrl Pts',(264.192302032118,3.44407972372243,210.844431712671));
#5454=CARTESIAN_POINT('Ctrl Pts',(264.178953539648,3.28931671879952,211.084049507646));
#5455=CARTESIAN_POINT('Ctrl Pts',(264.170542918008,3.189297281347,211.242263051095));
#5456=CARTESIAN_POINT('Ctrl Pts',(264.146345899067,2.89342451897361,211.714811152737));
#5457=CARTESIAN_POINT('Ctrl Pts',(264.111535632751,2.60376077517764,212.175441542665));
#5458=CARTESIAN_POINT('Ctrl Pts',(264.071389677777,2.40667300467382,212.478697788385));
#5459=CARTESIAN_POINT('Ctrl Pts',(264.035530227795,2.2139688267781,212.777659306917));
#5460=CARTESIAN_POINT('Ctrl Pts',(264.004070060386,2.02673007227018,213.07296072691));
#5461=CARTESIAN_POINT('Ctrl Pts',(266.698766379026,14.6147670448605,213.054136615749));
#5462=CARTESIAN_POINT('Ctrl Pts',(266.665003437275,14.415231059188,212.7603060817));
#5463=CARTESIAN_POINT('Ctrl Pts',(266.636219874531,14.1982136037589,212.449386758041));
#5464=CARTESIAN_POINT('Ctrl Pts',(266.607155082949,13.9774771015032,212.139256749945));
#5465=CARTESIAN_POINT('Ctrl Pts',(266.574379550793,13.6639735941596,211.691961865621));
#5466=CARTESIAN_POINT('Ctrl Pts',(266.54221197652,13.3544164830892,211.24604427119));
#5467=CARTESIAN_POINT('Ctrl Pts',(266.530549776514,13.2504539983667,211.096132681033));
#5468=CARTESIAN_POINT('Ctrl Pts',(266.50305167085,13.0380616177798,210.791266950257));
#5469=CARTESIAN_POINT('Ctrl Pts',(266.459867828218,12.8115184357339,210.471992951883));
#5470=CARTESIAN_POINT('Ctrl Pts',(266.431408692496,12.6927946766639,210.307331868431));
#5471=CARTESIAN_POINT('Ctrl Pts',(266.386867449717,12.5098529997648,210.053595735841));
#5472=CARTESIAN_POINT('Ctrl Pts',(266.345358531575,12.3222574673275,209.788845988087));
#5473=CARTESIAN_POINT('Ctrl Pts',(266.33217195517,12.2593533482257,209.699331039909));
#5474=CARTESIAN_POINT('Ctrl Pts',(266.307491432303,12.133040419022,209.517692241233));
#5475=CARTESIAN_POINT('Ctrl Pts',(266.286023864517,12.0062423729693,209.330850132934));
#5476=CARTESIAN_POINT('Ctrl Pts',(266.276056220646,11.9428403173723,209.236132405178));
#5477=CARTESIAN_POINT('Ctrl Pts',(266.25703910968,11.8164274731472,209.044185442843));
#5478=CARTESIAN_POINT('Ctrl Pts',(266.238089625491,11.6908413177968,208.847785495391));
#5479=CARTESIAN_POINT('Ctrl Pts',(266.228196180712,11.628259041948,208.748622605858));
#5480=CARTESIAN_POINT('Ctrl Pts',(266.211886883175,11.5342272161265,208.598771897872));
#5481=CARTESIAN_POINT('Ctrl Pts',(266.192339089321,11.4365837670973,208.448774131991));
#5482=CARTESIAN_POINT('Ctrl Pts',(266.185406087387,11.4034511001575,208.398842331868));
#5483=CARTESIAN_POINT('Ctrl Pts',(266.170609080228,11.3355080502387,208.299344325273));
#5484=CARTESIAN_POINT('Ctrl Pts',(266.153817317992,11.2630681051546,208.201139830325));
#5485=CARTESIAN_POINT('Ctrl Pts',(266.144888770112,11.2254397873285,208.152500597837));
#5486=CARTESIAN_POINT('Ctrl Pts',(266.125931164661,11.1467455648793,208.056474367234));
#5487=CARTESIAN_POINT('Ctrl Pts',(266.104680471729,11.0601585299325,207.963535439261));
#5488=CARTESIAN_POINT('Ctrl Pts',(266.0934594237,11.0146359663744,207.917984428523));
#5489=CARTESIAN_POINT('Ctrl Pts',(266.069755824087,10.9187458808998,207.82896584032));
#5490=CARTESIAN_POINT('Ctrl Pts',(266.0433256349,10.8127740260929,207.744482274001));
#5491=CARTESIAN_POINT('Ctrl Pts',(266.029379007079,10.757167895703,207.703467106804));
#5492=CARTESIAN_POINT('Ctrl Pts',(265.999902575201,10.6406978762803,207.624025629972));
#5493=CARTESIAN_POINT('Ctrl Pts',(265.967112719053,10.5139485432055,207.550009987094));
#5494=CARTESIAN_POINT('Ctrl Pts',(265.949851873984,10.4480627481849,207.514420021219));
#5495=CARTESIAN_POINT('Ctrl Pts',(265.913573273963,10.311517837831,207.446187093866));
#5496=CARTESIAN_POINT('Ctrl Pts',(265.873844560019,10.166061854218,207.384028566364));
#5497=CARTESIAN_POINT('Ctrl Pts',(265.853133026527,10.0912651098006,207.3545129034));
#5498=CARTESIAN_POINT('Ctrl Pts',(265.78858154511,9.86124780833137,207.270753875985));
#5499=CARTESIAN_POINT('Ctrl Pts',(265.717270684956,9.6161443508204,207.201479763282));
#5500=CARTESIAN_POINT('Ctrl Pts',(265.667168076698,9.44764515083634,207.161849514983));
#5501=CARTESIAN_POINT('Ctrl Pts',(265.563068519987,9.10375764766304,207.095271253447));
#5502=CARTESIAN_POINT('Ctrl Pts',(265.453306634196,8.75116028595904,207.052780532954));
#5503=CARTESIAN_POINT('Ctrl Pts',(265.397549813753,8.57396737587285,207.037237745101));
#5504=CARTESIAN_POINT('Ctrl Pts',(265.285229831348,8.21966135220224,207.016776242421));
#5505=CARTESIAN_POINT('Ctrl Pts',(265.172906403932,7.86816104552913,207.016338532929));
#5506=CARTESIAN_POINT('Ctrl Pts',(265.117148565117,7.69378140635984,207.020819487422));
#5507=CARTESIAN_POINT('Ctrl Pts',(265.00712418789,7.34855120763858,207.038669547362));
#5508=CARTESIAN_POINT('Ctrl Pts',(264.901366143174,7.01182314935163,207.074018460811));
#5509=CARTESIAN_POINT('Ctrl Pts',(264.849883707332,6.84595996727512,207.096006093037));
#5510=CARTESIAN_POINT('Ctrl Pts',(264.750257897024,6.51988283467845,207.14886452352));
#5511=CARTESIAN_POINT('Ctrl Pts',(264.659365177692,6.20914926993856,207.22248541091));
#5512=CARTESIAN_POINT('Ctrl Pts',(264.616624413317,6.05862698142358,207.26521768231));
#5513=CARTESIAN_POINT('Ctrl Pts',(264.55777625042,5.84277407300891,207.340387297059));
#5514=CARTESIAN_POINT('Ctrl Pts',(264.511404107049,5.64969123658553,207.437379589758));
#5515=CARTESIAN_POINT('Ctrl Pts',(264.49757715638,5.58828438543005,207.472414684687));
#5516=CARTESIAN_POINT('Ctrl Pts',(264.473867932416,5.47249282370358,207.548578746669));
#5517=CARTESIAN_POINT('Ctrl Pts',(264.458899846647,5.37236309274895,207.63772404798));
#5518=CARTESIAN_POINT('Ctrl Pts',(264.453817271559,5.32661671963396,207.685739855744));
#5519=CARTESIAN_POINT('Ctrl Pts',(264.448449069727,5.24408856939917,207.78865781229));
#5520=CARTESIAN_POINT('Ctrl Pts',(264.450594666979,5.17718562809709,207.903263133765));
#5521=CARTESIAN_POINT('Ctrl Pts',(264.453039908252,5.14709258629591,207.96298770946));
#5522=CARTESIAN_POINT('Ctrl Pts',(264.458837060006,5.09105226149951,208.085197355369));
#5523=CARTESIAN_POINT('Ctrl Pts',(264.464651088702,5.03882258821848,208.208994473778));
#5524=CARTESIAN_POINT('Ctrl Pts',(264.467098919893,5.01253167105378,208.270301527721));
#5525=CARTESIAN_POINT('Ctrl Pts',(264.472518819223,4.93036585951539,208.449933950143));
#5526=CARTESIAN_POINT('Ctrl Pts',(264.471504000412,4.83656796330581,208.615092838624));
#5527=CARTESIAN_POINT('Ctrl Pts',(264.467484166237,4.76779266136841,208.717729851947));
#5528=CARTESIAN_POINT('Ctrl Pts',(264.457958006088,4.63124063531436,208.919559259585));
#5529=CARTESIAN_POINT('Ctrl Pts',(264.44876952461,4.49860224782992,209.114848736876));
#5530=CARTESIAN_POINT('Ctrl Pts',(264.445202513746,4.43446987963234,209.21155708578));
#5531=CARTESIAN_POINT('Ctrl Pts',(264.439879454532,4.31036015365716,209.402259458374));
#5532=CARTESIAN_POINT('Ctrl Pts',(264.436474746182,4.19213038312174,209.58804465392));
#5533=CARTESIAN_POINT('Ctrl Pts',(264.434768406014,4.13380294025696,209.679727868207));
#5534=CARTESIAN_POINT('Ctrl Pts',(264.431033263142,4.01750924607077,209.861675160564));
#5535=CARTESIAN_POINT('Ctrl Pts',(264.427134728353,3.90201474819517,210.041571898622));
#5536=CARTESIAN_POINT('Ctrl Pts',(264.425241397195,3.84443383800273,210.131221966127));
#5537=CARTESIAN_POINT('Ctrl Pts',(264.421341632451,3.73004281313226,210.309093386518));
#5538=CARTESIAN_POINT('Ctrl Pts',(264.415961317746,3.61778289490799,210.4829542868));
#5539=CARTESIAN_POINT('Ctrl Pts',(264.412569468362,3.56234491858758,210.568618475576));
#5540=CARTESIAN_POINT('Ctrl Pts',(264.400154615628,3.39842731272435,210.821582553135));
#5541=CARTESIAN_POINT('Ctrl Pts',(264.383346514978,3.24168039059706,211.06325515537));
#5542=CARTESIAN_POINT('Ctrl Pts',(264.372263403819,3.14046210785377,211.220596878207));
#5543=CARTESIAN_POINT('Ctrl Pts',(264.3385881072,2.84107319638136,211.689280194849));
#5544=CARTESIAN_POINT('Ctrl Pts',(264.295210030369,2.5486074008602,212.150038576424));
#5545=CARTESIAN_POINT('Ctrl Pts',(264.251961776378,2.3479761828446,212.461407929614));
#5546=CARTESIAN_POINT('Ctrl Pts',(264.213995567397,2.15323145452363,212.7628904423));
#5547=CARTESIAN_POINT('Ctrl Pts',(264.179995389244,1.96428769877701,213.060535139174));
#5548=CARTESIAN_POINT('Ctrl Pts',(266.890953976114,14.6045752826989,213.053026582394));
#5549=CARTESIAN_POINT('Ctrl Pts',(266.859427824743,14.4050861939172,212.75847220265));
#5550=CARTESIAN_POINT('Ctrl Pts',(266.831898744967,14.1844939376163,212.441566355798));
#5551=CARTESIAN_POINT('Ctrl Pts',(266.803892342299,13.9629046973862,212.129174673866));
#5552=CARTESIAN_POINT('Ctrl Pts',(266.7734945238,13.6493537561148,211.679335663477));
#5553=CARTESIAN_POINT('Ctrl Pts',(266.746035861573,13.3413508814273,211.233095033566));
#5554=CARTESIAN_POINT('Ctrl Pts',(266.73628364751,13.2380424063321,211.0832638791));
#5555=CARTESIAN_POINT('Ctrl Pts',(266.713525114464,13.0261846769148,210.778092428927));
#5556=CARTESIAN_POINT('Ctrl Pts',(266.676888096296,12.7986621776418,210.457876044063));
#5557=CARTESIAN_POINT('Ctrl Pts',(266.652150103652,12.6792031761525,210.292746946273));
#5558=CARTESIAN_POINT('Ctrl Pts',(266.613203232149,12.4944030325243,210.037871751351));
#5559=CARTESIAN_POINT('Ctrl Pts',(266.578005900187,12.3061708976283,209.771233970513));
#5560=CARTESIAN_POINT('Ctrl Pts',(266.567021085496,12.2432997128417,209.680999185881));
#5561=CARTESIAN_POINT('Ctrl Pts',(266.546928133849,12.1177874045291,209.49774176972));
#5562=CARTESIAN_POINT('Ctrl Pts',(266.530220054475,11.9931357885489,209.309207089311));
#5563=CARTESIAN_POINT('Ctrl Pts',(266.522630678329,11.9311236066762,209.213691684184));
#5564=CARTESIAN_POINT('Ctrl Pts',(266.508165975977,11.8076435288003,209.02052587283));
#5565=CARTESIAN_POINT('Ctrl Pts',(266.493103002509,11.6839009288599,208.824139656979));
#5566=CARTESIAN_POINT('Ctrl Pts',(266.484910118652,11.6216256595718,208.72540907288));
#5567=CARTESIAN_POINT('Ctrl Pts',(266.470883221565,11.5266251524228,208.576975179745));
#5568=CARTESIAN_POINT('Ctrl Pts',(266.453313986964,11.4263198157238,208.429152273965));
#5569=CARTESIAN_POINT('Ctrl Pts',(266.447010704714,11.3921344519569,208.380008452392));
#5570=CARTESIAN_POINT('Ctrl Pts',(266.433400112259,11.3218604510085,208.28213559846));
#5571=CARTESIAN_POINT('Ctrl Pts',(266.417557334432,11.2468994227392,208.185469138244));
#5572=CARTESIAN_POINT('Ctrl Pts',(266.409022307551,11.2080279128005,208.137531252033));
#5573=CARTESIAN_POINT('Ctrl Pts',(266.390617863907,11.1270323636083,208.042668536681));
#5574=CARTESIAN_POINT('Ctrl Pts',(266.369433475234,11.0387403065632,207.950298023926));
#5575=CARTESIAN_POINT('Ctrl Pts',(266.358117361782,10.9925714676868,207.904852254351));
#5576=CARTESIAN_POINT('Ctrl Pts',(266.334035676149,10.8958742399694,207.815679556924));
#5577=CARTESIAN_POINT('Ctrl Pts',(266.307061172994,10.7900911400478,207.730376445556));
#5578=CARTESIAN_POINT('Ctrl Pts',(266.292852657592,10.7348353551039,207.688800624132));
#5579=CARTESIAN_POINT('Ctrl Pts',(266.262987155484,10.6195349373342,207.60799333813));
#5580=CARTESIAN_POINT('Ctrl Pts',(266.230180615096,10.4947505659537,207.532204799565));
#5581=CARTESIAN_POINT('Ctrl Pts',(266.213031754954,10.4300105034878,207.49564779193));
#5582=CARTESIAN_POINT('Ctrl Pts',(266.177215967576,10.2959866365024,207.425347551013));
#5583=CARTESIAN_POINT('Ctrl Pts',(266.138366890026,10.1533199759337,207.360895951338));
#5584=CARTESIAN_POINT('Ctrl Pts',(266.118184286361,10.0799370390428,207.330187583974));
#5585=CARTESIAN_POINT('Ctrl Pts',(266.055406394504,9.8540768632022,207.242735813975));
#5586=CARTESIAN_POINT('Ctrl Pts',(265.986211720203,9.61252471630238,207.169518691163));
#5587=CARTESIAN_POINT('Ctrl Pts',(265.9374713137,9.44580536202253,207.127228939125));
#5588=CARTESIAN_POINT('Ctrl Pts',(265.835720246097,9.10395447035347,207.055518875217));
#5589=CARTESIAN_POINT('Ctrl Pts',(265.727420501769,8.75027998611243,207.00873513079));
#5590=CARTESIAN_POINT('Ctrl Pts',(265.672135417528,8.57175038251473,206.99137259773));
#5591=CARTESIAN_POINT('Ctrl Pts',(265.560333118602,8.21340691662969,206.968117046285));
#5592=CARTESIAN_POINT('Ctrl Pts',(265.447978105143,7.85586862822357,206.966910436324));
#5593=CARTESIAN_POINT('Ctrl Pts',(265.392143816066,7.67815266203055,206.971596457546));
#5594=CARTESIAN_POINT('Ctrl Pts',(265.282051805374,7.32612515047367,206.991212348913));
#5595=CARTESIAN_POINT('Ctrl Pts',(265.176879995026,6.98362206015856,207.031440319989));
#5596=CARTESIAN_POINT('Ctrl Pts',(265.125971749185,6.81543875625197,207.056739994864));
#5597=CARTESIAN_POINT('Ctrl Pts',(265.028369711844,6.48664584386823,207.118194624762));
#5598=CARTESIAN_POINT('Ctrl Pts',(264.941683779117,6.17808128639481,207.204096001418));
#5599=CARTESIAN_POINT('Ctrl Pts',(264.901661201818,6.03007621641788,207.253801121999));
#5600=CARTESIAN_POINT('Ctrl Pts',(264.848084304007,5.82056810413109,207.34041162673));
#5601=CARTESIAN_POINT('Ctrl Pts',(264.806633482276,5.63517912949322,207.447773337011));
#5602=CARTESIAN_POINT('Ctrl Pts',(264.794291354113,5.57634894688083,207.486006703143));
#5603=CARTESIAN_POINT('Ctrl Pts',(264.772793716917,5.46519673047635,207.567604872209));
#5604=CARTESIAN_POINT('Ctrl Pts',(264.757589782657,5.36744443681177,207.659336438277));
#5605=CARTESIAN_POINT('Ctrl Pts',(264.751547684019,5.32201882743873,207.707706803959));
#5606=CARTESIAN_POINT('Ctrl Pts',(264.74219515623,5.23779661345375,207.809038539757));
#5607=CARTESIAN_POINT('Ctrl Pts',(264.73698827511,5.16500974828705,207.917833737875));
#5608=CARTESIAN_POINT('Ctrl Pts',(264.735098850294,5.13103458161954,207.973678509236));
#5609=CARTESIAN_POINT('Ctrl Pts',(264.731936307205,5.06641586424799,208.086985658662));
#5610=CARTESIAN_POINT('Ctrl Pts',(264.728783404091,5.00557116765402,208.201245559605));
#5611=CARTESIAN_POINT('Ctrl Pts',(264.726894090461,4.97536464428401,208.258038430339));
#5612=CARTESIAN_POINT('Ctrl Pts',(264.719949124807,4.88373265556027,208.42617982856));
#5613=CARTESIAN_POINT('Ctrl Pts',(264.709704281586,4.78739641494902,208.586595715248));
#5614=CARTESIAN_POINT('Ctrl Pts',(264.701954632522,4.71954134911192,208.689218109003));
#5615=CARTESIAN_POINT('Ctrl Pts',(264.68814992707,4.58362434842488,208.891703928289));
#5616=CARTESIAN_POINT('Ctrl Pts',(264.677564795082,4.4508363973759,209.088932528396));
#5617=CARTESIAN_POINT('Ctrl Pts',(264.673196350874,4.38634625345836,209.186513152848));
#5618=CARTESIAN_POINT('Ctrl Pts',(264.666729034323,4.26279810971294,209.379290751156));
#5619=CARTESIAN_POINT('Ctrl Pts',(264.661585901591,4.14580781465148,209.566655745051));
#5620=CARTESIAN_POINT('Ctrl Pts',(264.658500199037,4.08785537486894,209.658745106906));
#5621=CARTESIAN_POINT('Ctrl Pts',(264.65162162772,3.97195824514918,209.841173375311));
#5622=CARTESIAN_POINT('Ctrl Pts',(264.644560562193,3.85678333121749,210.021472063166));
#5623=CARTESIAN_POINT('Ctrl Pts',(264.6412549795,3.79947235583146,210.111432797547));
#5624=CARTESIAN_POINT('Ctrl Pts',(264.634739615354,3.68575469106013,210.290169207425));
#5625=CARTESIAN_POINT('Ctrl Pts',(264.627276014024,3.57406722008926,210.465218980144));
#5626=CARTESIAN_POINT('Ctrl Pts',(264.623015245606,3.51879575607962,210.551507416588));
#5627=CARTESIAN_POINT('Ctrl Pts',(264.608408032475,3.3548773906048,210.806012232061));
#5628=CARTESIAN_POINT('Ctrl Pts',(264.589498672837,3.19708487059513,211.047881644999));
#5629=CARTESIAN_POINT('Ctrl Pts',(264.576062061583,3.09510410354574,211.204301241383));
#5630=CARTESIAN_POINT('Ctrl Pts',(264.534231615292,2.79400393707768,211.669398141343));
#5631=CARTESIAN_POINT('Ctrl Pts',(264.482941526803,2.49858649836654,212.130332876178));
#5632=CARTESIAN_POINT('Ctrl Pts',(264.437660909074,2.29297691595398,212.447796690404));
#5633=CARTESIAN_POINT('Ctrl Pts',(264.39285403116,2.09272540074393,212.758341136926));
#5634=CARTESIAN_POINT('Ctrl Pts',(264.357219838756,1.90272428276769,213.056683984329));
#5635=CARTESIAN_POINT('Ctrl Pts',(266.988159792206,14.5953165466893,213.049114501097));
#5636=CARTESIAN_POINT('Ctrl Pts',(266.958141001553,14.3946107413006,212.752464818858));
#5637=CARTESIAN_POINT('Ctrl Pts',(266.929675505061,14.1788814721876,212.442065358886));
#5638=CARTESIAN_POINT('Ctrl Pts',(266.902923264046,13.954959149649,212.12576549062));
#5639=CARTESIAN_POINT('Ctrl Pts',(266.873599299349,13.6415261786525,211.674959431506));
#5640=CARTESIAN_POINT('Ctrl Pts',(266.847782509476,13.3340803967938,211.228399494298));
#5641=CARTESIAN_POINT('Ctrl Pts',(266.838709166259,13.2310435853215,211.07855845739));
#5642=CARTESIAN_POINT('Ctrl Pts',(266.817397278787,13.0191956725953,210.772968083212));
#5643=CARTESIAN_POINT('Ctrl Pts',(266.783591228666,12.7910870403455,210.452020859653));
#5644=CARTESIAN_POINT('Ctrl Pts',(266.761218526384,12.6715595231844,210.286736050322));
#5645=CARTESIAN_POINT('Ctrl Pts',(266.72574673324,12.4862289002628,210.03143351714));
#5646=CARTESIAN_POINT('Ctrl Pts',(266.694168738513,12.2979702346509,209.763964426516));
#5647=CARTESIAN_POINT('Ctrl Pts',(266.684412911438,12.2351976705069,209.673400327035));
#5648=CARTESIAN_POINT('Ctrl Pts',(266.66684442163,12.1102006992045,209.489377752202));
#5649=CARTESIAN_POINT('Ctrl Pts',(266.652670225465,11.9865727173335,209.30001862396));
#5650=CARTESIAN_POINT('Ctrl Pts',(266.646322287981,11.9251731134824,209.204112192661));
#5651=CARTESIAN_POINT('Ctrl Pts',(266.634163523648,11.8028636809982,209.010367764379));
#5652=CARTESIAN_POINT('Ctrl Pts',(266.620892171707,11.6795870092664,208.814079678393));
#5653=CARTESIAN_POINT('Ctrl Pts',(266.613422410895,11.6172209812696,208.715634438503));
#5654=CARTESIAN_POINT('Ctrl Pts',(266.600239571478,11.5214181469427,208.568037810329));
#5655=CARTESIAN_POINT('Ctrl Pts',(266.583273524722,11.4196083122139,208.421400040478));
#5656=CARTESIAN_POINT('Ctrl Pts',(266.577150557189,11.3848587799816,208.372675797674));
#5657=CARTESIAN_POINT('Ctrl Pts',(266.563870419591,11.313389679845,208.275644698862));
#5658=CARTESIAN_POINT('Ctrl Pts',(266.548301762571,11.2372307148042,208.179727217643));
#5659=CARTESIAN_POINT('Ctrl Pts',(266.539891031055,11.1977921027023,208.132116230755));
#5660=CARTESIAN_POINT('Ctrl Pts',(266.521703159236,11.11579476817,208.037763702807));
#5661=CARTESIAN_POINT('Ctrl Pts',(266.500673646147,11.0268551746301,207.945567826862));
#5662=CARTESIAN_POINT('Ctrl Pts',(266.489419886766,10.9804738787799,207.900112958302));
#5663=CARTESIAN_POINT('Ctrl Pts',(266.465445023738,10.8835947633512,207.810730073233));
#5664=CARTESIAN_POINT('Ctrl Pts',(266.438580999861,10.7781031038099,207.72487214235));
#5665=CARTESIAN_POINT('Ctrl Pts',(266.424438308738,10.7231084805712,207.682942377088));
#5666=CARTESIAN_POINT('Ctrl Pts',(266.394748647383,10.6085308275171,207.60130868639));
#5667=CARTESIAN_POINT('Ctrl Pts',(266.36223051143,10.4847943699551,207.524515524851));
#5668=CARTESIAN_POINT('Ctrl Pts',(266.345260278325,10.420640538282,207.487426607798));
#5669=CARTESIAN_POINT('Ctrl Pts',(266.309872096643,10.2878692629535,207.416027612165));
#5670=CARTESIAN_POINT('Ctrl Pts',(266.271575974624,10.1465348288428,207.350439719239));
#5671=CARTESIAN_POINT('Ctrl Pts',(266.251697450779,10.0738176370622,207.319162038798));
#5672=CARTESIAN_POINT('Ctrl Pts',(266.189891446708,9.84989813393393,207.230013389948));
#5673=CARTESIAN_POINT('Ctrl Pts',(266.121776849412,9.60998144941348,207.155169551712));
#5674=CARTESIAN_POINT('Ctrl Pts',(266.073739565882,9.4440952787158,207.111857803538));
#5675=CARTESIAN_POINT('Ctrl Pts',(265.973247550137,9.1032673424994,207.038284621289));
#5676=CARTESIAN_POINT('Ctrl Pts',(265.865851360502,8.74930571032867,206.990148695555));
#5677=CARTESIAN_POINT('Ctrl Pts',(265.810912019332,8.57029847779468,206.972274260865));
#5678=CARTESIAN_POINT('Ctrl Pts',(265.699622060954,8.2104287297959,206.948400178105));
#5679=CARTESIAN_POINT('Ctrl Pts',(265.587547150302,7.85055348104607,206.947538933876));
#5680=CARTESIAN_POINT('Ctrl Pts',(265.531826189148,7.67154865692526,206.952676254859));
#5681=CARTESIAN_POINT('Ctrl Pts',(265.422000192813,7.31694355760737,206.973839444738));
#5682=CARTESIAN_POINT('Ctrl Pts',(265.317350570527,6.97239254782776,207.017029763096));
#5683=CARTESIAN_POINT('Ctrl Pts',(265.266808267629,6.80344496213898,207.044192139511));
#5684=CARTESIAN_POINT('Ctrl Pts',(265.170256823348,6.47395334065307,207.110179765084));
#5685=CARTESIAN_POINT('Ctrl Pts',(265.085082965539,6.16637307135202,207.201774931019));
#5686=CARTESIAN_POINT('Ctrl Pts',(265.045895877247,6.01929492031742,207.254511250998));
#5687=CARTESIAN_POINT('Ctrl Pts',(264.993370229477,5.81149718880372,207.345484906405));
#5688=CARTESIAN_POINT('Ctrl Pts',(264.951515198174,5.62685122966965,207.455651714283));
#5689=CARTESIAN_POINT('Ctrl Pts',(264.938816614209,5.5680852460916,207.494578881822));
#5690=CARTESIAN_POINT('Ctrl Pts',(264.916015486078,5.45649916149637,207.576920170303));
#5691=CARTESIAN_POINT('Ctrl Pts',(264.898247753288,5.35700281988014,207.667934612894));
#5692=CARTESIAN_POINT('Ctrl Pts',(264.89058516736,5.31032862844973,207.715537307556));
#5693=CARTESIAN_POINT('Ctrl Pts',(264.877430426069,5.22290902997885,207.814531335053));
#5694=CARTESIAN_POINT('Ctrl Pts',(264.867725131341,5.14596605916419,207.91971782586));
#5695=CARTESIAN_POINT('Ctrl Pts',(264.863516351619,5.1097784518471,207.97351967404));
#5696=CARTESIAN_POINT('Ctrl Pts',(264.855793686534,5.040803800251,208.082565648768));
#5697=CARTESIAN_POINT('Ctrl Pts',(264.848660438189,4.97635433834453,208.192807017356));
#5698=CARTESIAN_POINT('Ctrl Pts',(264.845036321195,4.94469001315229,208.247800936035));
#5699=CARTESIAN_POINT('Ctrl Pts',(264.833753454417,4.84990760167975,208.411464285197));
#5700=CARTESIAN_POINT('Ctrl Pts',(264.821757776142,4.75403688705409,208.570448065674));
#5701=CARTESIAN_POINT('Ctrl Pts',(264.814050314973,4.68814038144971,208.673806691287));
#5702=CARTESIAN_POINT('Ctrl Pts',(264.80207116373,4.55695063214866,208.879156745819));
#5703=CARTESIAN_POINT('Ctrl Pts',(264.794503211267,4.42867781609784,209.080127071454));
#5704=CARTESIAN_POINT('Ctrl Pts',(264.791358035641,4.36588561434469,209.179283329821));
#5705=CARTESIAN_POINT('Ctrl Pts',(264.785636264317,4.24419910696917,209.37402021626));
#5706=CARTESIAN_POINT('Ctrl Pts',(264.778780637506,4.12690949011082,209.561597304291));
#5707=CARTESIAN_POINT('Ctrl Pts',(264.774453002461,4.06851270849234,209.65352759198));
#5708=CARTESIAN_POINT('Ctrl Pts',(264.765092166487,3.95176920463037,209.835643324891));
#5709=CARTESIAN_POINT('Ctrl Pts',(264.755632386632,3.83596233239225,210.015750496802));
#5710=CARTESIAN_POINT('Ctrl Pts',(264.751207624411,3.77845178467617,210.105701004165));
#5711=CARTESIAN_POINT('Ctrl Pts',(264.742583281429,3.66451756391599,210.284627511512));
#5712=CARTESIAN_POINT('Ctrl Pts',(264.733502124056,3.55279735196148,210.459958959002));
#5713=CARTESIAN_POINT('Ctrl Pts',(264.728625152996,3.4975016896125,210.5463080337));
#5714=CARTESIAN_POINT('Ctrl Pts',(264.712676460577,3.33340080958278,210.800603903553));
#5715=CARTESIAN_POINT('Ctrl Pts',(264.692933162587,3.17529395875541,211.041698745501));
#5716=CARTESIAN_POINT('Ctrl Pts',(264.678378685982,3.07315453989867,211.197643328869));
#5717=CARTESIAN_POINT('Ctrl Pts',(264.6328385072,2.77168474331259,211.661025400131));
#5718=CARTESIAN_POINT('Ctrl Pts',(264.577884499491,2.47469609856937,212.122148392401));
#5719=CARTESIAN_POINT('Ctrl Pts',(264.533147577064,2.2671708301299,212.440261498519));
#5720=CARTESIAN_POINT('Ctrl Pts',(264.481520203566,2.06204011676135,212.759781286721));
#5721=CARTESIAN_POINT('Ctrl Pts',(264.445814295707,1.87199068375493,213.057342850578));
#5722=CARTESIAN_POINT('Ctrl Pts',(267.279120239974,14.5657149944969,213.042560805377));
#5723=CARTESIAN_POINT('Ctrl Pts',(267.253172899556,14.3633179524457,212.742546456691));
#5724=CARTESIAN_POINT('Ctrl Pts',(267.225512520846,14.1537460250077,212.439684636951));
#5725=CARTESIAN_POINT('Ctrl Pts',(267.201335864521,13.9288399922239,212.120129920405));
#5726=CARTESIAN_POINT('Ctrl Pts',(267.175025978051,13.6160073567896,211.66715831197));
#5727=CARTESIAN_POINT('Ctrl Pts',(267.152816046227,13.3099929774733,211.219646500829));
#5728=CARTESIAN_POINT('Ctrl Pts',(267.145164296842,13.2076448294977,211.069717528183));
#5729=CARTESIAN_POINT('Ctrl Pts',(267.126719733831,12.9963806110128,210.76286596628));
#5730=CARTESIAN_POINT('Ctrl Pts',(267.101226271785,12.7674209107324,210.439510962842));
#5731=CARTESIAN_POINT('Ctrl Pts',(267.086496514903,12.647582160321,210.273276944748));
#5732=CARTESIAN_POINT('Ctrl Pts',(267.062219980215,12.4607861917965,210.016753374128));
#5733=CARTESIAN_POINT('Ctrl Pts',(267.041921755552,12.2725584209724,209.747276742107));
#5734=CARTESIAN_POINT('Ctrl Pts',(267.035959485945,12.2101069300274,209.655895197049));
#5735=CARTESIAN_POINT('Ctrl Pts',(267.026266503801,12.0867045949022,209.469758922064));
#5736=CARTESIAN_POINT('Ctrl Pts',(267.020057978502,11.9661377556377,209.277729031543));
#5737=CARTESIAN_POINT('Ctrl Pts',(267.017603230157,11.9065391418892,209.180440798163));
#5738=CARTESIAN_POINT('Ctrl Pts',(267.012577221005,11.7876424429105,208.984315893518));
#5739=CARTESIAN_POINT('Ctrl Pts',(267.004299296562,11.6657590544096,208.787290286472));
#5740=CARTESIAN_POINT('Ctrl Pts',(266.998579441017,11.6031776061398,208.689109102373));
#5741=CARTESIAN_POINT('Ctrl Pts',(266.986606650356,11.5051111360014,208.543125932777));
#5742=CARTESIAN_POINT('Ctrl Pts',(266.969444979797,11.3990367427416,208.399173579738));
#5743=CARTESIAN_POINT('Ctrl Pts',(266.963138032315,11.36269056933,208.351424178845));
#5744=CARTESIAN_POINT('Ctrl Pts',(266.949388198975,11.2878645274588,208.256365614331));
#5745=CARTESIAN_POINT('Ctrl Pts',(266.933424503954,11.2084370474385,208.162186703836));
#5746=CARTESIAN_POINT('Ctrl Pts',(266.924904335156,11.1674898033055,208.115316722286));
#5747=CARTESIAN_POINT('Ctrl Pts',(266.906801218338,11.0829396833848,208.022057050603));
#5748=CARTESIAN_POINT('Ctrl Pts',(266.886532768813,10.9925980142954,207.930059537061));
#5749=CARTESIAN_POINT('Ctrl Pts',(266.875847906347,10.9458607955386,207.884449788309));
#5750=CARTESIAN_POINT('Ctrl Pts',(266.85333271961,10.8489684583255,207.794264980934));
#5751=CARTESIAN_POINT('Ctrl Pts',(266.82843440919,10.7447389961657,207.70674881664));
#5752=CARTESIAN_POINT('Ctrl Pts',(266.815366251161,10.6906644120654,207.663807405887));
#5753=CARTESIAN_POINT('Ctrl Pts',(266.787942264723,10.5783902102355,207.579886559958));
#5754=CARTESIAN_POINT('Ctrl Pts',(266.757851836404,10.4576663223659,207.500447376472));
#5755=CARTESIAN_POINT('Ctrl Pts',(266.742117301637,10.3951409158165,207.461988645963));
#5756=CARTESIAN_POINT('Ctrl Pts',(266.709228032292,10.2657638735754,207.387825138495));
#5757=CARTESIAN_POINT('Ctrl Pts',(266.673452337558,10.1279151998178,207.319512582453));
#5758=CARTESIAN_POINT('Ctrl Pts',(266.654831291517,10.0569177437499,207.286905291509));
#5759=CARTESIAN_POINT('Ctrl Pts',(266.596763596466,9.83796974386574,207.193902961254));
#5760=CARTESIAN_POINT('Ctrl Pts',(266.532195249776,9.60217041773332,207.115688713853));
#5761=CARTESIAN_POINT('Ctrl Pts',(266.486356795437,9.43839032535858,207.07041015792));
#5762=CARTESIAN_POINT('Ctrl Pts',(266.38976458536,9.10021003648129,206.993523644873));
#5763=CARTESIAN_POINT('Ctrl Pts',(266.285206921628,8.74571473888879,206.943594297019));
#5764=CARTESIAN_POINT('Ctrl Pts',(266.231402338447,8.56563101510087,206.925269448173));
#5765=CARTESIAN_POINT('Ctrl Pts',(266.121898239999,8.20221762703126,206.901566578478));
#5766=CARTESIAN_POINT('Ctrl Pts',(266.010957208866,7.83686320586427,206.903414818246));
#5767=CARTESIAN_POINT('Ctrl Pts',(265.955717536753,7.65484336824587,206.910637308526));
#5768=CARTESIAN_POINT('Ctrl Pts',(265.846911081162,7.29429189896578,206.937665162741));
#5769=CARTESIAN_POINT('Ctrl Pts',(265.743775511076,6.94526839692372,206.99032392654));
#5770=CARTESIAN_POINT('Ctrl Pts',(265.694201938752,6.77476851384256,207.023168333433));
#5771=CARTESIAN_POINT('Ctrl Pts',(265.600198910569,6.44423590377149,207.102394222589));
#5772=CARTESIAN_POINT('Ctrl Pts',(265.51814681682,6.13944271626482,207.209445274684));
#5773=CARTESIAN_POINT('Ctrl Pts',(265.480523026807,5.99466583035713,207.270105718661));
#5774=CARTESIAN_POINT('Ctrl Pts',(265.42948947402,5.79066148688775,207.371923317121));
#5775=CARTESIAN_POINT('Ctrl Pts',(265.385559373434,5.60715443077862,207.488516023514));
#5776=CARTESIAN_POINT('Ctrl Pts',(265.371652779237,5.54830586999032,207.52894214673));
#5777=CARTESIAN_POINT('Ctrl Pts',(265.34513052416,5.4352279771051,207.612663386555));
#5778=CARTESIAN_POINT('Ctrl Pts',(265.320863632209,5.33118057911559,207.701504605768));
#5779=CARTESIAN_POINT('Ctrl Pts',(265.309211506603,5.28136199709789,207.747051370468));
#5780=CARTESIAN_POINT('Ctrl Pts',(265.28675349031,5.18596863905597,207.840047124675));
#5781=CARTESIAN_POINT('Ctrl Pts',(265.265964469751,5.09861092934596,207.936246885176));
#5782=CARTESIAN_POINT('Ctrl Pts',(265.255980437128,5.05682885274475,207.984997069103));
#5783=CARTESIAN_POINT('Ctrl Pts',(265.236887898455,4.97673500778396,208.083543085755));
#5784=CARTESIAN_POINT('Ctrl Pts',(265.219689558859,4.90276263972726,208.183842858401));
#5785=CARTESIAN_POINT('Ctrl Pts',(265.211599482988,4.8671036739914,208.234345294043));
#5786=CARTESIAN_POINT('Ctrl Pts',(265.189052870298,4.7634330766812,208.38680424431));
#5787=CARTESIAN_POINT('Ctrl Pts',(265.172540998046,4.66822052256823,208.54206800989));
#5788=CARTESIAN_POINT('Ctrl Pts',(265.165068318867,4.60715530447676,208.64682122632));
#5789=CARTESIAN_POINT('Ctrl Pts',(265.158348023009,4.48939611382006,208.858979477012));
#5790=CARTESIAN_POINT('Ctrl Pts',(265.160139262637,4.37638098323039,209.070426781828));
#5791=CARTESIAN_POINT('Ctrl Pts',(265.161325210067,4.32012889892354,209.174553935197));
#5792=CARTESIAN_POINT('Ctrl Pts',(265.15624660326,4.2033404627745,209.373821954543));
#5793=CARTESIAN_POINT('Ctrl Pts',(265.140984432753,4.08157186464322,209.559834965026));
#5794=CARTESIAN_POINT('Ctrl Pts',(265.131842260592,4.02027350570585,209.650596767176));
#5795=CARTESIAN_POINT('Ctrl Pts',(265.113503863075,3.89838919829687,209.830751742428));
#5796=CARTESIAN_POINT('Ctrl Pts',(265.095967480491,3.77863851559054,210.009361463333));
#5797=CARTESIAN_POINT('Ctrl Pts',(265.087775782698,3.71955890180994,210.098710502646));
#5798=CARTESIAN_POINT('Ctrl Pts',(265.072120108351,3.60315849913733,210.276799150656));
#5799=CARTESIAN_POINT('Ctrl Pts',(265.057432314919,3.49011319620267,210.451460883871));
#5800=CARTESIAN_POINT('Ctrl Pts',(265.05022541199,3.43436880037709,210.537342145055));
#5801=CARTESIAN_POINT('Ctrl Pts',(265.028514128402,3.26933004447162,210.789557061768));
#5802=CARTESIAN_POINT('Ctrl Pts',(265.004776630689,3.11120855068008,211.027776603467));
#5803=CARTESIAN_POINT('Ctrl Pts',(264.98680888594,3.00903899424444,211.182185422988));
#5804=CARTESIAN_POINT('Ctrl Pts',(264.930650988407,2.70696735518481,211.641090878534));
#5805=CARTESIAN_POINT('Ctrl Pts',(264.866075501289,2.40497817178692,212.102951864439));
#5806=CARTESIAN_POINT('Ctrl Pts',(264.81707678093,2.18964030829355,212.428058671997));
#5807=CARTESIAN_POINT('Ctrl Pts',(264.76177966518,1.97853951110105,212.75347254178));
#5808=CARTESIAN_POINT('Ctrl Pts',(264.722624403308,1.7868429272469,213.05212708215));
#5809=CARTESIAN_POINT('Ctrl Pts',(267.567498420709,14.5307816585754,213.051813818913));
#5810=CARTESIAN_POINT('Ctrl Pts',(267.545226500853,14.3293158223844,212.752597335919));
#5811=CARTESIAN_POINT('Ctrl Pts',(267.524206016237,14.1149731824718,212.441909384126));
#5812=CARTESIAN_POINT('Ctrl Pts',(267.50191224365,13.8954293488196,212.127813329798));
#5813=CARTESIAN_POINT('Ctrl Pts',(267.478258772642,13.5837700977184,211.674292002046));
#5814=CARTESIAN_POINT('Ctrl Pts',(267.458443905755,13.2785784264895,211.226280798059));
#5815=CARTESIAN_POINT('Ctrl Pts',(267.451717040783,13.1764539459558,211.076262767149));
#5816=CARTESIAN_POINT('Ctrl Pts',(267.435506524704,12.9672758358055,210.76886060951));
#5817=CARTESIAN_POINT('Ctrl Pts',(267.418915875248,12.7404321156792,210.44260085482));
#5818=CARTESIAN_POINT('Ctrl Pts',(267.412668534741,12.6201401089301,210.273375130483));
#5819=CARTESIAN_POINT('Ctrl Pts',(267.39965150193,12.4327503173975,210.015027880863));
#5820=CARTESIAN_POINT('Ctrl Pts',(267.388543619047,12.2440820262348,209.745907087208));
#5821=CARTESIAN_POINT('Ctrl Pts',(267.385423874934,12.1815313852518,209.654793863711));
#5822=CARTESIAN_POINT('Ctrl Pts',(267.381935482026,12.0586173618399,209.468475292952));
#5823=CARTESIAN_POINT('Ctrl Pts',(267.383437880521,11.9403546970654,209.27396408237));
#5824=CARTESIAN_POINT('Ctrl Pts',(267.385315013034,11.8824631687452,209.174656766529));
#5825=CARTESIAN_POINT('Ctrl Pts',(267.38931856241,11.7676524515592,208.973274794265));
#5826=CARTESIAN_POINT('Ctrl Pts',(267.388407051897,11.6495639936956,208.770362384812));
#5827=CARTESIAN_POINT('Ctrl Pts',(267.385336232942,11.5883843395297,208.669559918521));
#5828=CARTESIAN_POINT('Ctrl Pts',(267.374830591503,11.4911872615375,208.520751085704));
#5829=CARTESIAN_POINT('Ctrl Pts',(267.356628930771,11.3846863368237,208.37513456497));
#5830=CARTESIAN_POINT('Ctrl Pts',(267.349759261336,11.3480804365421,208.32693797506));
#5831=CARTESIAN_POINT('Ctrl Pts',(267.334712044995,11.2726102093777,208.231109378064));
#5832=CARTESIAN_POINT('Ctrl Pts',(267.317682297608,11.1925287175277,208.136251289372));
#5833=CARTESIAN_POINT('Ctrl Pts',(267.308829934785,11.1513117579254,208.089024518134));
#5834=CARTESIAN_POINT('Ctrl Pts',(267.290746949837,11.0664523497889,207.994957199052));
#5835=CARTESIAN_POINT('Ctrl Pts',(267.272007486222,10.9763140411176,207.901962941178));
#5836=CARTESIAN_POINT('Ctrl Pts',(267.262503985513,10.9298217322556,207.855806161466));
#5837=CARTESIAN_POINT('Ctrl Pts',(267.243043791133,10.833646727937,207.764481786926));
#5838=CARTESIAN_POINT('Ctrl Pts',(267.222185027308,10.7304526914304,207.675847939735));
#5839=CARTESIAN_POINT('Ctrl Pts',(267.211282692571,10.6769407111879,207.632381650318));
#5840=CARTESIAN_POINT('Ctrl Pts',(267.188263987409,10.5658177013629,207.547535220142));
#5841=CARTESIAN_POINT('Ctrl Pts',(267.162474529719,10.4462347809107,207.467490760557));
#5842=CARTESIAN_POINT('Ctrl Pts',(267.148799116684,10.3842609198713,207.42882786753));
#5843=CARTESIAN_POINT('Ctrl Pts',(267.119792119941,10.2559406800573,207.354472282681));
#5844=CARTESIAN_POINT('Ctrl Pts',(267.087399012272,10.1190481325696,207.286408534853));
#5845=CARTESIAN_POINT('Ctrl Pts',(267.070337353272,10.0485016995583,207.254038069296));
#5846=CARTESIAN_POINT('Ctrl Pts',(267.016581834322,9.83082525809829,207.162067834672));
#5847=CARTESIAN_POINT('Ctrl Pts',(266.955321544273,9.5960319049578,207.085775313154));
#5848=CARTESIAN_POINT('Ctrl Pts',(266.911333660545,9.43278857775978,207.042104298321));
#5849=CARTESIAN_POINT('Ctrl Pts',(266.817897111853,9.09530512615689,206.968878311316));
#5850=CARTESIAN_POINT('Ctrl Pts',(266.715553441384,8.74061171454392,206.923378902981));
#5851=CARTESIAN_POINT('Ctrl Pts',(266.662661075811,8.56016970997349,206.907426415727));
#5852=CARTESIAN_POINT('Ctrl Pts',(266.554634157742,8.19551548901792,206.888848953314));
#5853=CARTESIAN_POINT('Ctrl Pts',(266.444589531176,7.82817295581081,206.896821504247));
#5854=CARTESIAN_POINT('Ctrl Pts',(266.389679357843,7.64504313832507,206.907412779883));
#5855=CARTESIAN_POINT('Ctrl Pts',(266.281363394025,7.28235138243846,206.941951064403));
#5856=CARTESIAN_POINT('Ctrl Pts',(266.178409087375,6.93194685242879,207.003626430126));
#5857=CARTESIAN_POINT('Ctrl Pts',(266.128856871477,6.76109354281654,207.041347424481));
#5858=CARTESIAN_POINT('Ctrl Pts',(266.034687931831,6.43077959075025,207.130833763868));
#5859=CARTESIAN_POINT('Ctrl Pts',(265.951642739943,6.12766061653351,207.247925281993));
#5860=CARTESIAN_POINT('Ctrl Pts',(265.913217222551,5.9840009854064,207.313259480505));
#5861=CARTESIAN_POINT('Ctrl Pts',(265.860285488435,5.78153068238805,207.420757997232));
#5862=CARTESIAN_POINT('Ctrl Pts',(265.81348219705,5.598557241148,207.540326477781));
#5863=CARTESIAN_POINT('Ctrl Pts',(265.798511990789,5.53973238833655,207.581405352075));
#5864=CARTESIAN_POINT('Ctrl Pts',(265.769678356639,5.42632120617832,207.665716770258));
#5865=CARTESIAN_POINT('Ctrl Pts',(265.742721059471,5.32104864150538,207.753749252376));
#5866=CARTESIAN_POINT('Ctrl Pts',(265.729628760523,5.27036365661508,207.798549714719));
#5867=CARTESIAN_POINT('Ctrl Pts',(265.704033790955,5.17264911174827,207.889428091018));
#5868=CARTESIAN_POINT('Ctrl Pts',(265.67950860676,5.08177999534235,207.982458863788));
#5869=CARTESIAN_POINT('Ctrl Pts',(265.667483056,5.03793898604532,208.029410088991));
#5870=CARTESIAN_POINT('Ctrl Pts',(265.644022557944,4.95325633949344,208.124087543678));
#5871=CARTESIAN_POINT('Ctrl Pts',(265.622289424455,4.87434404460639,208.22032235945));
#5872=CARTESIAN_POINT('Ctrl Pts',(265.611988221971,4.83627163048736,208.268829234306));
#5873=CARTESIAN_POINT('Ctrl Pts',(265.583330573746,4.72608503098682,208.415640296109));
#5874=CARTESIAN_POINT('Ctrl Pts',(265.562370769879,4.6273300366227,208.56650761757));
#5875=CARTESIAN_POINT('Ctrl Pts',(265.552703734227,4.5659925881145,208.669085776881));
#5876=CARTESIAN_POINT('Ctrl Pts',(265.541353417248,4.4502900382857,208.877669594274));
#5877=CARTESIAN_POINT('Ctrl Pts',(265.538397264831,4.34121045090729,209.087165366571));
#5878=CARTESIAN_POINT('Ctrl Pts',(265.537137703014,4.28649283813999,209.190685091219));
#5879=CARTESIAN_POINT('Ctrl Pts',(265.527726100882,4.17095424337048,209.390013784887));
#5880=CARTESIAN_POINT('Ctrl Pts',(265.507905653081,4.04684200033997,209.577006106837));
#5881=CARTESIAN_POINT('Ctrl Pts',(265.49612490853,3.98347680375039,209.668101670476));
#5882=CARTESIAN_POINT('Ctrl Pts',(265.471917244097,3.85684015943899,209.848136220178));
#5883=CARTESIAN_POINT('Ctrl Pts',(265.447786469747,3.73171526089665,210.024915987066));
#5884=CARTESIAN_POINT('Ctrl Pts',(265.436223599843,3.66998107519561,210.112874876086));
#5885=CARTESIAN_POINT('Ctrl Pts',(265.414091382921,3.54855660197063,210.287533758311));
#5886=CARTESIAN_POINT('Ctrl Pts',(265.393221960551,3.43196695660994,210.458412657242));
#5887=CARTESIAN_POINT('Ctrl Pts',(265.382899293843,3.37507459558966,210.542584283796));
#5888=CARTESIAN_POINT('Ctrl Pts',(265.351675870372,3.20851324743697,210.790614758893));
#5889=CARTESIAN_POINT('Ctrl Pts',(265.319899831749,3.05207573916075,211.026548616004));
#5890=CARTESIAN_POINT('Ctrl Pts',(265.298542399823,2.95039829327992,211.179778960414));
#5891=CARTESIAN_POINT('Ctrl Pts',(265.233504869869,2.64797606963198,211.636744067309));
#5892=CARTESIAN_POINT('Ctrl Pts',(265.163283689174,2.34089933152101,212.099141703022));
#5893=CARTESIAN_POINT('Ctrl Pts',(265.102261849724,2.11682326204586,212.435321087461));
#5894=CARTESIAN_POINT('Ctrl Pts',(265.068020374749,1.91496351852379,212.732234491493));
#5895=CARTESIAN_POINT('Ctrl Pts',(265.019718879573,1.71899870175098,213.037674108186));
#5896=CARTESIAN_POINT('Ctrl Pts',(267.75666263547,14.5020608479276,213.059493136749));
#5897=CARTESIAN_POINT('Ctrl Pts',(267.735554272666,14.2998223506256,212.758181893664));
#5898=CARTESIAN_POINT('Ctrl Pts',(267.722591144432,14.0902142084869,212.456451669227));
#5899=CARTESIAN_POINT('Ctrl Pts',(267.701765650575,13.86935536351,212.138390888226));
#5900=CARTESIAN_POINT('Ctrl Pts',(267.679729462749,13.5586028188339,211.684559965021));
#5901=CARTESIAN_POINT('Ctrl Pts',(267.664046398686,13.2535251544894,211.236871496038));
#5902=CARTESIAN_POINT('Ctrl Pts',(267.659122180363,13.1512897945356,211.086979443944));
#5903=CARTESIAN_POINT('Ctrl Pts',(267.649709538558,12.9420332500248,210.780258292151));
#5904=CARTESIAN_POINT('Ctrl Pts',(267.64245554268,12.7166871067228,210.451803472374));
#5905=CARTESIAN_POINT('Ctrl Pts',(267.640069419262,12.5980423068072,210.279001476396));
#5906=CARTESIAN_POINT('Ctrl Pts',(267.631862524978,12.4134351262615,210.017593059055));
#5907=CARTESIAN_POINT('Ctrl Pts',(267.620399753481,12.2230989915986,209.752012070386));
#5908=CARTESIAN_POINT('Ctrl Pts',(267.61641239727,12.1592899706705,209.662928718519));
#5909=CARTESIAN_POINT('Ctrl Pts',(267.609179412785,12.0317205115158,209.482249380626));
#5910=CARTESIAN_POINT('Ctrl Pts',(267.611128308502,11.9112938570863,209.289482248958));
#5911=CARTESIAN_POINT('Ctrl Pts',(267.617192933901,11.8553741815328,209.187652328842));
#5912=CARTESIAN_POINT('Ctrl Pts',(267.636309310737,11.7501694263744,208.975179530779));
#5913=CARTESIAN_POINT('Ctrl Pts',(267.652434155802,11.6445211894646,208.758288403768));
#5914=CARTESIAN_POINT('Ctrl Pts',(267.656230290794,11.5888381638429,208.651472952932));
#5915=CARTESIAN_POINT('Ctrl Pts',(267.654604363652,11.4997241352978,208.495057084181));
#5916=CARTESIAN_POINT('Ctrl Pts',(267.643280609466,11.4005589468294,208.343629118941));
#5917=CARTESIAN_POINT('Ctrl Pts',(267.638490130715,11.3662946433855,208.29367609486));
#5918=CARTESIAN_POINT('Ctrl Pts',(267.627066465016,11.2951028569204,208.194695821028));
#5919=CARTESIAN_POINT('Ctrl Pts',(267.61233557166,11.2179415458573,208.097580357245));
#5920=CARTESIAN_POINT('Ctrl Pts',(267.604239821398,11.177710287241,208.049489134449));
#5921=CARTESIAN_POINT('Ctrl Pts',(267.586802158758,11.0936471532312,207.95431912624));
#5922=CARTESIAN_POINT('Ctrl Pts',(267.567162879124,11.0021112246594,207.861413677948));
#5923=CARTESIAN_POINT('Ctrl Pts',(267.556864410842,10.9544018680565,207.81558822367));
#5924=CARTESIAN_POINT('Ctrl Pts',(267.535440795655,10.8551219292688,207.72535138866));
#5925=CARTESIAN_POINT('Ctrl Pts',(267.512462477515,10.748144558415,207.63839625478));
#5926=CARTESIAN_POINT('Ctrl Pts',(267.500610031442,10.6927394659466,207.595851360024));
#5927=CARTESIAN_POINT('Ctrl Pts',(267.476087391102,10.578050692428,207.51293678647));
#5928=CARTESIAN_POINT('Ctrl Pts',(267.449591670546,10.4554614849788,207.434980268766));
#5929=CARTESIAN_POINT('Ctrl Pts',(267.435767489865,10.3921573481545,207.397393490088));
#5930=CARTESIAN_POINT('Ctrl Pts',(267.406762235871,10.2614757994611,207.3252792058));
#5931=CARTESIAN_POINT('Ctrl Pts',(267.374793217689,10.1227430215032,207.259646040342));
#5932=CARTESIAN_POINT('Ctrl Pts',(267.35800334027,10.0513858204424,207.228541891668));
#5933=CARTESIAN_POINT('Ctrl Pts',(267.305132500267,9.83154786276121,207.140510816392));
#5934=CARTESIAN_POINT('Ctrl Pts',(267.244784844422,9.59529894062574,207.068488956396));
#5935=CARTESIAN_POINT('Ctrl Pts',(267.201256755708,9.43130487878698,207.027730433858));
#5936=CARTESIAN_POINT('Ctrl Pts',(267.108507062719,9.09267855076734,206.960208169724));
#5937=CARTESIAN_POINT('Ctrl Pts',(267.006400098511,8.73728144662868,206.919984273488));
#5938=CARTESIAN_POINT('Ctrl Pts',(266.953523887283,8.55653230800718,206.906510536832));
#5939=CARTESIAN_POINT('Ctrl Pts',(266.845335062073,8.19121052298877,206.892588694537));
#5940=CARTESIAN_POINT('Ctrl Pts',(266.734710842479,7.82295592565011,206.904722834834));
#5941=CARTESIAN_POINT('Ctrl Pts',(266.679399640109,7.63927324641599,206.917298891254));
#5942=CARTESIAN_POINT('Ctrl Pts',(266.570028792562,7.27529260659256,206.955695510751));
#5943=CARTESIAN_POINT('Ctrl Pts',(266.465391538042,6.92341245001036,207.021083478494));
#5944=CARTESIAN_POINT('Ctrl Pts',(266.414813721012,6.75181883144544,207.060645048028));
#5945=CARTESIAN_POINT('Ctrl Pts',(266.318104010207,6.42017393506612,207.153780067772));
#5946=CARTESIAN_POINT('Ctrl Pts',(266.23149681597,6.11637303338529,207.274464420292));
#5947=CARTESIAN_POINT('Ctrl Pts',(266.191018555274,5.9726150507658,207.341579078963));
#5948=CARTESIAN_POINT('Ctrl Pts',(266.134761882308,5.77055852152096,207.451765852628));
#5949=CARTESIAN_POINT('Ctrl Pts',(266.084946525654,5.58878912966883,207.573891022047));
#5950=CARTESIAN_POINT('Ctrl Pts',(266.069042921357,5.53045017020515,207.615798643762));
#5951=CARTESIAN_POINT('Ctrl Pts',(266.038567841551,5.41814410490501,207.701685798239));
#5952=CARTESIAN_POINT('Ctrl Pts',(266.010531244308,5.31412107672145,207.791043135548));
#5953=CARTESIAN_POINT('Ctrl Pts',(265.997067469562,5.26406655099558,207.836421505821));
#5954=CARTESIAN_POINT('Ctrl Pts',(265.971096352802,5.16754816649162,207.92824013278));
#5955=CARTESIAN_POINT('Ctrl Pts',(265.946858644779,5.07762323918529,208.021716668359));
#5956=CARTESIAN_POINT('Ctrl Pts',(265.935126801436,5.03416068450768,208.068751066434));
#5957=CARTESIAN_POINT('Ctrl Pts',(265.912430476337,4.94998713162643,208.16329251505));
#5958=CARTESIAN_POINT('Ctrl Pts',(265.891422264618,4.8709567652665,208.258736307034));
#5959=CARTESIAN_POINT('Ctrl Pts',(265.88137668831,4.83263583966325,208.306671599916));
#5960=CARTESIAN_POINT('Ctrl Pts',(265.852822747624,4.72105698695946,208.45120397254));
#5961=CARTESIAN_POINT('Ctrl Pts',(265.829382753895,4.61889046703554,208.598028408465));
#5962=CARTESIAN_POINT('Ctrl Pts',(265.816416299696,4.55434550410742,208.697081356721));
#5963=CARTESIAN_POINT('Ctrl Pts',(265.794976659183,4.43023312836185,208.896767162897));
#5964=CARTESIAN_POINT('Ctrl Pts',(265.778970529702,4.31172723491273,209.096761982415));
#5965=CARTESIAN_POINT('Ctrl Pts',(265.771473765211,4.25280084878778,209.196150297127));
#5966=CARTESIAN_POINT('Ctrl Pts',(265.755612582457,4.1339521120559,209.392297346955));
#5967=CARTESIAN_POINT('Ctrl Pts',(265.736442414753,4.01225116704585,209.582084856721));
#5968=CARTESIAN_POINT('Ctrl Pts',(265.725593476052,3.95044414191518,209.675083430725));
#5969=CARTESIAN_POINT('Ctrl Pts',(265.702164289355,3.82582113030058,209.857845289764));
#5970=CARTESIAN_POINT('Ctrl Pts',(265.677046032505,3.70108093647758,210.035135871639));
#5971=CARTESIAN_POINT('Ctrl Pts',(265.66451536763,3.63915931566076,210.122667208179));
#5972=CARTESIAN_POINT('Ctrl Pts',(265.639900741097,3.51705548546315,210.295677911476));
#5973=CARTESIAN_POINT('Ctrl Pts',(265.61566292,3.39939018219537,210.46442507492));
#5974=CARTESIAN_POINT('Ctrl Pts',(265.603508490467,3.34192230321102,210.547702416269));
#5975=CARTESIAN_POINT('Ctrl Pts',(265.566664238986,3.17369950916162,210.793956773421));
#5976=CARTESIAN_POINT('Ctrl Pts',(265.529885378998,3.01621169009666,211.030055216556));
#5977=CARTESIAN_POINT('Ctrl Pts',(265.506488160499,2.91429284137712,211.183410068027));
#5978=CARTESIAN_POINT('Ctrl Pts',(265.436867342213,2.61022086350598,211.640624836596));
#5979=CARTESIAN_POINT('Ctrl Pts',(265.364325218631,2.30073534287878,212.102613060213));
#5980=CARTESIAN_POINT('Ctrl Pts',(265.309171366714,2.08208563462572,212.423872204402));
#5981=CARTESIAN_POINT('Ctrl Pts',(265.256571623102,1.86811854296185,212.744100848636));
#5982=CARTESIAN_POINT('Ctrl Pts',(265.207941769959,1.67331803800776,213.045175954764));
#5983=CARTESIAN_POINT('Ctrl Pts',(268.048097042905,14.4545583594528,213.084842885666));
#5984=CARTESIAN_POINT('Ctrl Pts',(268.034256667791,14.2542325364815,212.787859104789));
#5985=CARTESIAN_POINT('Ctrl Pts',(268.018127226666,14.0438803967955,212.481000714138));
#5986=CARTESIAN_POINT('Ctrl Pts',(267.997249826422,13.8248948128014,212.161621197478));
#5987=CARTESIAN_POINT('Ctrl Pts',(267.979737092946,13.5171555220441,211.708697068517));
#5988=CARTESIAN_POINT('Ctrl Pts',(267.972237664865,13.2114755010854,211.260453453258));
#5989=CARTESIAN_POINT('Ctrl Pts',(267.9705254978,13.1084945442349,211.110040149125));
#5990=CARTESIAN_POINT('Ctrl Pts',(267.970771958233,12.8960479603296,210.801252675806));
#5991=CARTESIAN_POINT('Ctrl Pts',(267.976519625241,12.6714285997267,210.467764998628));
#5992=CARTESIAN_POINT('Ctrl Pts',(267.979515972593,12.5572865939013,210.290772752325));
#5993=CARTESIAN_POINT('Ctrl Pts',(267.982317153517,12.3806209861718,210.024381433763));
#5994=CARTESIAN_POINT('Ctrl Pts',(267.983955963546,12.1996159870725,209.755598295575));
#5995=CARTESIAN_POINT('Ctrl Pts',(267.984457717707,12.1390031038118,209.665669640448));
#5996=CARTESIAN_POINT('Ctrl Pts',(267.987197975962,12.0183862351523,209.482713974438));
#5997=CARTESIAN_POINT('Ctrl Pts',(267.994921270741,11.8988015669789,209.290039632455));
#5998=CARTESIAN_POINT('Ctrl Pts',(268.000480909486,11.8392361885333,209.190282755498));
#5999=CARTESIAN_POINT('Ctrl Pts',(268.011923243658,11.71814882287,208.985954059734));
#6000=CARTESIAN_POINT('Ctrl Pts',(268.017632091902,11.5919419542649,208.777544286358));
#6001=CARTESIAN_POINT('Ctrl Pts',(268.017384595811,11.5270881310645,208.673753309899));
#6002=CARTESIAN_POINT('Ctrl Pts',(268.01154438709,11.428605202474,208.518780183564));
#6003=CARTESIAN_POINT('Ctrl Pts',(268.001254252329,11.3281934422403,208.36332287686));
#6004=CARTESIAN_POINT('Ctrl Pts',(267.997509128276,11.2944886129663,208.311386716119));
#6005=CARTESIAN_POINT('Ctrl Pts',(267.989777783555,11.2263373837261,208.207206143857));
#6006=CARTESIAN_POINT('Ctrl Pts',(267.981695086771,11.1556837607173,208.102716044717));
#6007=CARTESIAN_POINT('Ctrl Pts',(267.977603636633,11.1194794941651,208.050466475519));
#6008=CARTESIAN_POINT('Ctrl Pts',(267.969136620658,11.0445934044437,207.946356054093));
#6009=CARTESIAN_POINT('Ctrl Pts',(267.9597481176,10.9634837573749,207.844131378524));
#6010=CARTESIAN_POINT('Ctrl Pts',(267.954735225326,10.9210557550984,207.793764087981));
#6011=CARTESIAN_POINT('Ctrl Pts',(267.943803444269,10.831863266823,207.695217667092));
#6012=CARTESIAN_POINT('Ctrl Pts',(267.93033890835,10.7331323990591,207.602242775097));
#6013=CARTESIAN_POINT('Ctrl Pts',(267.922795864384,10.6811649120598,207.55744910597));
#6014=CARTESIAN_POINT('Ctrl Pts',(267.905730282011,10.5718102956076,207.471704977543));
#6015=CARTESIAN_POINT('Ctrl Pts',(267.884363935917,10.4517205155465,207.394074881577));
#6016=CARTESIAN_POINT('Ctrl Pts',(267.872516083035,10.3890143531287,207.357398807841));
#6017=CARTESIAN_POINT('Ctrl Pts',(267.846474208559,10.258556651468,207.28833156473));
#6018=CARTESIAN_POINT('Ctrl Pts',(267.815858164985,10.1186694756145,207.227673698242));
#6019=CARTESIAN_POINT('Ctrl Pts',(267.799436249294,10.0465351291563,207.199406536704));
#6020=CARTESIAN_POINT('Ctrl Pts',(267.747015360021,9.82412927934144,207.120549972812));
#6021=CARTESIAN_POINT('Ctrl Pts',(267.685711034855,9.5852756698483,207.058826774607));
#6022=CARTESIAN_POINT('Ctrl Pts',(267.641423759252,9.42013736437541,207.024650009587));
#6023=CARTESIAN_POINT('Ctrl Pts',(267.547134632579,9.08033084698367,206.969104835591));
#6024=CARTESIAN_POINT('Ctrl Pts',(267.44352395007,8.72535352475138,206.938081692614));
#6025=CARTESIAN_POINT('Ctrl Pts',(267.389919951151,8.5450516786273,206.928414083398));
#6026=CARTESIAN_POINT('Ctrl Pts',(267.280171706081,8.18054959335277,206.920687573723));
#6027=CARTESIAN_POINT('Ctrl Pts',(267.167539243958,7.81225554721416,206.936597971887));
#6028=CARTESIAN_POINT('Ctrl Pts',(267.111048230001,7.62815461419832,206.950564108689));
#6029=CARTESIAN_POINT('Ctrl Pts',(266.998865431233,7.26234655480467,206.991009218234));
#6030=CARTESIAN_POINT('Ctrl Pts',(266.890473533882,6.90674068202878,207.057249583933));
#6031=CARTESIAN_POINT('Ctrl Pts',(266.837769787816,6.73282697946888,207.097011254943));
#6032=CARTESIAN_POINT('Ctrl Pts',(266.736370993342,6.39588945604524,207.190065444837));
#6033=CARTESIAN_POINT('Ctrl Pts',(266.64410177686,6.08610343455026,207.3096263528));
#6034=CARTESIAN_POINT('Ctrl Pts',(266.600548873742,5.9393394304491,207.375896044651));
#6035=CARTESIAN_POINT('Ctrl Pts',(266.539021118777,5.73296283095837,207.484456789273));
#6036=CARTESIAN_POINT('Ctrl Pts',(266.483311469572,5.54770319569606,207.604981841043));
#6037=CARTESIAN_POINT('Ctrl Pts',(266.465395640449,5.48832348149147,207.646388568656));
#6038=CARTESIAN_POINT('Ctrl Pts',(266.430924645058,5.37426544898502,207.731415489222));
#6039=CARTESIAN_POINT('Ctrl Pts',(266.3993331347,5.26932641292872,207.820318502013));
#6040=CARTESIAN_POINT('Ctrl Pts',(266.384295665562,5.21906619694263,207.865601859539));
#6041=CARTESIAN_POINT('Ctrl Pts',(266.355823997328,5.12272576337619,207.957539161767));
#6042=CARTESIAN_POINT('Ctrl Pts',(266.330510932385,5.03412826819969,208.05174151134));
#6043=CARTESIAN_POINT('Ctrl Pts',(266.318634666504,4.9916115868252,208.099288853537));
#6044=CARTESIAN_POINT('Ctrl Pts',(266.29630473005,4.90976742239442,208.195096491596));
#6045=CARTESIAN_POINT('Ctrl Pts',(266.276512476482,4.83357413758259,208.292081708914));
#6046=CARTESIAN_POINT('Ctrl Pts',(266.267173368977,4.79670765970467,208.340805978635));
#6047=CARTESIAN_POINT('Ctrl Pts',(266.240612230638,4.68927791907764,208.487556570737));
#6048=CARTESIAN_POINT('Ctrl Pts',(266.217963241067,4.58998441854099,208.635713258159));
#6049=CARTESIAN_POINT('Ctrl Pts',(266.204211229078,4.52618728928846,208.734834192857));
#6050=CARTESIAN_POINT('Ctrl Pts',(266.178774490164,4.40145137070207,208.933150440064));
#6051=CARTESIAN_POINT('Ctrl Pts',(266.155346226416,4.2795611086552,209.130072802765));
#6052=CARTESIAN_POINT('Ctrl Pts',(266.143626531351,4.21861183266183,209.227810579599));
#6053=CARTESIAN_POINT('Ctrl Pts',(266.119094779833,4.0959289152779,209.421085432953));
#6054=CARTESIAN_POINT('Ctrl Pts',(266.091612616595,3.97151497199833,209.609164612953));
#6055=CARTESIAN_POINT('Ctrl Pts',(266.076922489109,3.90882408320827,209.701696946975));
#6056=CARTESIAN_POINT('Ctrl Pts',(266.045998176317,3.78306010864407,209.883758735009));
#6057=CARTESIAN_POINT('Ctrl Pts',(266.013405817799,3.65800480898183,210.060143794677));
#6058=CARTESIAN_POINT('Ctrl Pts',(265.997044612502,3.59602429344268,210.146998104832));
#6059=CARTESIAN_POINT('Ctrl Pts',(265.965009649877,3.47393583996602,210.318219780834));
#6060=CARTESIAN_POINT('Ctrl Pts',(265.934742695846,3.35609596285539,210.484797265863));
#6061=CARTESIAN_POINT('Ctrl Pts',(265.920155573972,3.29835962953955,210.567019778722));
#6062=CARTESIAN_POINT('Ctrl Pts',(265.877856649066,3.12875623957167,210.810553389528));
#6063=CARTESIAN_POINT('Ctrl Pts',(265.839511612987,2.96919289542953,211.045232700953));
#6064=CARTESIAN_POINT('Ctrl Pts',(265.815250115267,2.86637649890112,211.198208973761));
#6065=CARTESIAN_POINT('Ctrl Pts',(265.743007483434,2.55939995912341,211.654397924687));
#6066=CARTESIAN_POINT('Ctrl Pts',(265.666951131459,2.24680942372915,212.115301245078));
#6067=CARTESIAN_POINT('Ctrl Pts',(265.608883820272,2.02222572271155,212.440773995364));
#6068=CARTESIAN_POINT('Ctrl Pts',(265.551640059618,1.81365438120379,212.750010663887));
#6069=CARTESIAN_POINT('Ctrl Pts',(265.498913391832,1.61656178959042,213.052144907021));
#6070=CARTESIAN_POINT('Ctrl Pts',(268.325244900036,14.3932307475841,213.108458007572));
#6071=CARTESIAN_POINT('Ctrl Pts',(268.315431660442,14.1933889498432,212.813248751665));
#6072=CARTESIAN_POINT('Ctrl Pts',(268.2999989226,13.9853943825664,212.508099974564));
#6073=CARTESIAN_POINT('Ctrl Pts',(268.283658739757,13.7732996168091,212.197163100772));
#6074=CARTESIAN_POINT('Ctrl Pts',(268.273937702797,13.4697904408826,211.747442288281));
#6075=CARTESIAN_POINT('Ctrl Pts',(268.276659132429,13.1638957748404,211.297249990854));
#6076=CARTESIAN_POINT('Ctrl Pts',(268.278674641535,13.0605389339301,211.145877379646));
#6077=CARTESIAN_POINT('Ctrl Pts',(268.284675523716,12.8477847798626,210.835057894778));
#6078=CARTESIAN_POINT('Ctrl Pts',(268.296205075678,12.6240843089276,210.500869880013));
#6079=CARTESIAN_POINT('Ctrl Pts',(268.304423896873,12.5102207229064,210.325440711175));
#6080=CARTESIAN_POINT('Ctrl Pts',(268.317200753427,12.335224789215,210.059216523941));
#6081=CARTESIAN_POINT('Ctrl Pts',(268.330016114989,12.1572060545398,209.789371703506));
#6082=CARTESIAN_POINT('Ctrl Pts',(268.33432763755,12.0976929616648,209.699038408351));
#6083=CARTESIAN_POINT('Ctrl Pts',(268.344326916685,11.978966053984,209.515636043139));
#6084=CARTESIAN_POINT('Ctrl Pts',(268.354428086873,11.8568714975192,209.32624302418));
#6085=CARTESIAN_POINT('Ctrl Pts',(268.358620047155,11.7937480438384,209.230025321358));
#6086=CARTESIAN_POINT('Ctrl Pts',(268.363301340422,11.6613881084531,209.035683832593));
#6087=CARTESIAN_POINT('Ctrl Pts',(268.362776594561,11.521341812569,208.836843691995));
#6088=CARTESIAN_POINT('Ctrl Pts',(268.361323988201,11.4498834508209,208.736578546023));
#6089=CARTESIAN_POINT('Ctrl Pts',(268.358973050473,11.3445040202885,208.582235989595));
#6090=CARTESIAN_POINT('Ctrl Pts',(268.359895288179,11.2470791183861,208.417132204583));
#6091=CARTESIAN_POINT('Ctrl Pts',(268.360735878278,11.2157297632432,208.360682200501));
#6092=CARTESIAN_POINT('Ctrl Pts',(268.363698640778,11.1551608084589,208.244989177679));
#6093=CARTESIAN_POINT('Ctrl Pts',(268.36874551637,11.0964252331192,208.125712568049));
#6094=CARTESIAN_POINT('Ctrl Pts',(268.371683313266,11.066935310283,208.065657165321));
#6095=CARTESIAN_POINT('Ctrl Pts',(268.37761583084,11.0055803891666,207.946519052861));
#6096=CARTESIAN_POINT('Ctrl Pts',(268.381540029136,10.9359077760669,207.832472084048));
#6097=CARTESIAN_POINT('Ctrl Pts',(268.382472067006,10.8980866244217,207.777517813657));
#6098=CARTESIAN_POINT('Ctrl Pts',(268.381206125004,10.8152595773953,207.672940179626));
#6099=CARTESIAN_POINT('Ctrl Pts',(268.372948135274,10.7176787665392,207.579875978984));
#6100=CARTESIAN_POINT('Ctrl Pts',(268.366871796727,10.6650856777686,207.536448525084));
#6101=CARTESIAN_POINT('Ctrl Pts',(268.350999008053,10.552886060274,207.45561735766));
#6102=CARTESIAN_POINT('Ctrl Pts',(268.328266952213,10.4280061227341,207.38614544491));
#6103=CARTESIAN_POINT('Ctrl Pts',(268.315334301468,10.3627393555646,207.354073950504));
#6104=CARTESIAN_POINT('Ctrl Pts',(268.286714863097,10.2273013079034,207.294770941006));
#6105=CARTESIAN_POINT('Ctrl Pts',(268.25316829282,10.083227665115,207.244313684368));
#6106=CARTESIAN_POINT('Ctrl Pts',(268.235311802407,10.0093297875328,207.221084775736));
#6107=CARTESIAN_POINT('Ctrl Pts',(268.178840241475,9.78274930744803,207.156844423319));
#6108=CARTESIAN_POINT('Ctrl Pts',(268.114482253664,9.54312562267678,207.107651148596));
#6109=CARTESIAN_POINT('Ctrl Pts',(268.068797536864,9.37901443527699,207.080386121278));
#6110=CARTESIAN_POINT('Ctrl Pts',(267.972662226535,9.04343259521866,207.035848809463));
#6111=CARTESIAN_POINT('Ctrl Pts',(267.868571905729,8.69546262088003,207.010481486608));
#6112=CARTESIAN_POINT('Ctrl Pts',(267.814923350962,8.51895377440136,207.002388967085));
#6113=CARTESIAN_POINT('Ctrl Pts',(267.705155566564,8.16176444888549,206.99559910321));
#6114=CARTESIAN_POINT('Ctrl Pts',(267.592130619445,7.79880547430006,207.008615588619));
#6115=CARTESIAN_POINT('Ctrl Pts',(267.535222839915,7.61652122555237,207.020328237214));
#6116=CARTESIAN_POINT('Ctrl Pts',(267.421526028908,7.25207552162429,207.055038834845));
#6117=CARTESIAN_POINT('Ctrl Pts',(267.310086489765,6.89314805998053,207.114077311943));
#6118=CARTESIAN_POINT('Ctrl Pts',(267.255429964568,6.71636044689913,207.15011430188));
#6119=CARTESIAN_POINT('Ctrl Pts',(267.149418162964,6.37172258277793,207.236029189543));
#6120=CARTESIAN_POINT('Ctrl Pts',(267.05217301032,6.05229932868615,207.349590880939));
#6121=CARTESIAN_POINT('Ctrl Pts',(267.006286193064,5.90070867319994,207.413288580267));
#6122=CARTESIAN_POINT('Ctrl Pts',(266.942160695605,5.68819247439811,207.518555939323));
#6123=CARTESIAN_POINT('Ctrl Pts',(266.885086568068,5.49951262583865,207.636918774728));
#6124=CARTESIAN_POINT('Ctrl Pts',(266.86684734126,5.439353514125,207.677745824298));
#6125=CARTESIAN_POINT('Ctrl Pts',(266.831908370142,5.32453441984365,207.761956998911));
#6126=CARTESIAN_POINT('Ctrl Pts',(266.7999948972,5.22042017728164,207.850839777949));
#6127=CARTESIAN_POINT('Ctrl Pts',(266.78478023626,5.1709673289749,207.896338857573));
#6128=CARTESIAN_POINT('Ctrl Pts',(266.755816912044,5.07694262683435,207.989191163559));
#6129=CARTESIAN_POINT('Ctrl Pts',(266.72969883173,4.9917486044064,208.08518345976));
#6130=CARTESIAN_POINT('Ctrl Pts',(266.717329796088,4.95112798589592,208.133823070443));
#6131=CARTESIAN_POINT('Ctrl Pts',(266.693888949039,4.87324534098329,208.232090771033));
#6132=CARTESIAN_POINT('Ctrl Pts',(266.672802300453,4.80093949008561,208.331825339354));
#6133=CARTESIAN_POINT('Ctrl Pts',(266.662788018091,4.76589477021609,208.381931083411));
#6134=CARTESIAN_POINT('Ctrl Pts',(266.634114807167,4.66328381455942,208.532648490809));
#6135=CARTESIAN_POINT('Ctrl Pts',(266.608933464107,4.56641586048135,208.68385632762));
#6136=CARTESIAN_POINT('Ctrl Pts',(266.593145810714,4.50273506022495,208.784249259057));
#6137=CARTESIAN_POINT('Ctrl Pts',(266.562566242433,4.37601981130806,208.983667759322));
#6138=CARTESIAN_POINT('Ctrl Pts',(266.532202604221,4.24970100414935,209.179429918069));
#6139=CARTESIAN_POINT('Ctrl Pts',(266.516630993042,4.18642057659818,209.276174984214));
#6140=CARTESIAN_POINT('Ctrl Pts',(266.484012866536,4.05966435272318,209.467111244705));
#6141=CARTESIAN_POINT('Ctrl Pts',(266.44817644859,3.93277554189105,209.652703576063));
#6142=CARTESIAN_POINT('Ctrl Pts',(266.429379140343,3.86937046730144,209.744102737142));
#6143=CARTESIAN_POINT('Ctrl Pts',(266.390391498177,3.742965618085,209.924170689366));
#6144=CARTESIAN_POINT('Ctrl Pts',(266.349943903657,3.61823246990203,210.0989847784));
#6145=CARTESIAN_POINT('Ctrl Pts',(266.329672395985,3.55649370773025,210.185133317338));
#6146=CARTESIAN_POINT('Ctrl Pts',(266.29010480533,3.43482875843858,210.354990986447));
#6147=CARTESIAN_POINT('Ctrl Pts',(266.253834671536,3.31734705631,210.520134922645));
#6148=CARTESIAN_POINT('Ctrl Pts',(266.2368789954,3.25979603120615,210.60157135071));
#6149=CARTESIAN_POINT('Ctrl Pts',(266.189152927817,3.09052721444876,210.842756635487));
#6150=CARTESIAN_POINT('Ctrl Pts',(266.148717192622,2.93018784283191,211.075623690951));
#6151=CARTESIAN_POINT('Ctrl Pts',(266.123138294919,2.82620257460251,211.228004814129));
#6152=CARTESIAN_POINT('Ctrl Pts',(266.047464009997,2.51625876352721,211.681995883057));
#6153=CARTESIAN_POINT('Ctrl Pts',(265.967956084985,2.20161757570245,212.139502274241));
#6154=CARTESIAN_POINT('Ctrl Pts',(265.907885575092,1.97611907651281,212.462263460849));
#6155=CARTESIAN_POINT('Ctrl Pts',(265.848219142033,1.76404922563298,212.773497931127));
#6156=CARTESIAN_POINT('Ctrl Pts',(265.791196700158,1.56788197407409,213.071746789251));
#6157=CARTESIAN_POINT('Ctrl Pts',(268.415001361247,14.3709741141457,213.115235439985));
#6158=CARTESIAN_POINT('Ctrl Pts',(268.405839346049,14.1709929752921,212.819996549756));
#6159=CARTESIAN_POINT('Ctrl Pts',(268.392160145473,13.9645332124259,212.517268666351));
#6160=CARTESIAN_POINT('Ctrl Pts',(268.377986378181,13.7553475209472,212.210440335112));
#6161=CARTESIAN_POINT('Ctrl Pts',(268.37121608211,13.4533305754633,211.762046306626));
#6162=CARTESIAN_POINT('Ctrl Pts',(268.377559231041,13.1474492619384,211.311049256316));
#6163=CARTESIAN_POINT('Ctrl Pts',(268.380852623212,13.0440762400377,211.159322034151));
#6164=CARTESIAN_POINT('Ctrl Pts',(268.388405695737,12.8316820096859,210.848106517739));
#6165=CARTESIAN_POINT('Ctrl Pts',(268.401076652487,12.608205886554,210.514601642467));
#6166=CARTESIAN_POINT('Ctrl Pts',(268.41082065086,12.4938459380369,210.340439820816));
#6167=CARTESIAN_POINT('Ctrl Pts',(268.426368910347,12.3183554453074,210.075047993069));
#6168=CARTESIAN_POINT('Ctrl Pts',(268.441655243423,12.1396386980443,209.805734086432));
#6169=CARTESIAN_POINT('Ctrl Pts',(268.446734060564,12.0798463257086,209.715594699501));
#6170=CARTESIAN_POINT('Ctrl Pts',(268.4576024884,11.9599737163106,209.533094281991));
#6171=CARTESIAN_POINT('Ctrl Pts',(268.467617410571,11.8362138698347,209.345438433796));
#6172=CARTESIAN_POINT('Ctrl Pts',(268.471774969181,11.7724450096232,209.250158999031));
#6173=CARTESIAN_POINT('Ctrl Pts',(268.476875130705,11.6396119459107,209.057371143363));
#6174=CARTESIAN_POINT('Ctrl Pts',(268.477842709235,11.4991957975552,208.859498334292));
#6175=CARTESIAN_POINT('Ctrl Pts',(268.477674920842,11.4273988398142,208.759470950195));
#6176=CARTESIAN_POINT('Ctrl Pts',(268.47893458545,11.3211337483474,208.604776333625));
#6177=CARTESIAN_POINT('Ctrl Pts',(268.485419372212,11.2253813554331,208.436003723576));
#6178=CARTESIAN_POINT('Ctrl Pts',(268.488325722526,11.1950481480325,208.377836514751));
#6179=CARTESIAN_POINT('Ctrl Pts',(268.495676568785,11.1375977469712,208.257655940854));
#6180=CARTESIAN_POINT('Ctrl Pts',(268.505540465489,11.0835284354591,208.132567506171));
#6181=CARTESIAN_POINT('Ctrl Pts',(268.510984772261,11.0566224764017,208.069456074484));
#6182=CARTESIAN_POINT('Ctrl Pts',(268.522208450524,11.0003397490219,207.944580669363));
#6183=CARTESIAN_POINT('Ctrl Pts',(268.530755826575,10.9342709581112,207.826557074382));
#6184=CARTESIAN_POINT('Ctrl Pts',(268.533531258678,10.8975568622211,207.77031662037));
#6185=CARTESIAN_POINT('Ctrl Pts',(268.53464765424,10.815429397884,207.664658664736));
#6186=CARTESIAN_POINT('Ctrl Pts',(268.526512974393,10.716100136988,207.573097540785));
#6187=CARTESIAN_POINT('Ctrl Pts',(268.519999843896,10.6621529253416,207.530974203097));
#6188=CARTESIAN_POINT('Ctrl Pts',(268.502650376902,10.5467758303795,207.453485232811));
#6189=CARTESIAN_POINT('Ctrl Pts',(268.47776435196,10.4184286206262,207.388269173822));
#6190=CARTESIAN_POINT('Ctrl Pts',(268.463723554138,10.3515240225687,207.358411478374));
#6191=CARTESIAN_POINT('Ctrl Pts',(268.432982564787,10.2131760397893,207.303515549401));
#6192=CARTESIAN_POINT('Ctrl Pts',(268.397625100997,10.0670325839231,207.257216754546));
#6193=CARTESIAN_POINT('Ctrl Pts',(268.3789723631,9.9923383121768,207.23595189214));
#6194=CARTESIAN_POINT('Ctrl Pts',(268.320427457181,9.76403447419838,207.177203638826));
#6195=CARTESIAN_POINT('Ctrl Pts',(268.254883543581,9.52450971825016,207.132221672234));
#6196=CARTESIAN_POINT('Ctrl Pts',(268.208737644562,9.36110190503005,207.107132973275));
#6197=CARTESIAN_POINT('Ctrl Pts',(268.112132792932,9.02777297080541,207.065828407757));
#6198=CARTESIAN_POINT('Ctrl Pts',(268.008193370385,8.68309426018542,207.041664167479));
#6199=CARTESIAN_POINT('Ctrl Pts',(267.954699593689,8.50832220457461,207.033724668546));
#6200=CARTESIAN_POINT('Ctrl Pts',(267.845278421917,8.15448246570483,207.02644889958));
#6201=CARTESIAN_POINT('Ctrl Pts',(267.732476177049,7.79406925697267,207.037602370309));
#6202=CARTESIAN_POINT('Ctrl Pts',(267.675600406495,7.61271998275298,207.048091207967));
#6203=CARTESIAN_POINT('Ctrl Pts',(267.561712113712,7.24923377935557,207.079905553647));
#6204=CARTESIAN_POINT('Ctrl Pts',(267.449470428224,6.88937097824791,207.135583428224));
#6205=CARTESIAN_POINT('Ctrl Pts',(267.394235255379,6.71162087994443,207.169928941488));
#6206=CARTESIAN_POINT('Ctrl Pts',(267.28674724084,6.36425246520089,207.252721708143));
#6207=CARTESIAN_POINT('Ctrl Pts',(267.187875985513,6.04131668911388,207.363947725969));
#6208=CARTESIAN_POINT('Ctrl Pts',(267.141247328258,5.88797333198351,207.426747859162));
#6209=CARTESIAN_POINT('Ctrl Pts',(267.076492848875,5.67332008979972,207.531006066144));
#6210=CARTESIAN_POINT('Ctrl Pts',(267.019454768378,5.48363966115893,207.648848348734));
#6211=CARTESIAN_POINT('Ctrl Pts',(267.001298239126,5.42329507962545,207.689555512318));
#6212=CARTESIAN_POINT('Ctrl Pts',(266.966612997221,5.30842188494101,207.773645045844));
#6213=CARTESIAN_POINT('Ctrl Pts',(266.934982543181,5.20485404836806,207.862668741263));
#6214=CARTESIAN_POINT('Ctrl Pts',(266.919880233138,5.15581674692984,207.908310388142));
#6215=CARTESIAN_POINT('Ctrl Pts',(266.891004775441,5.06285377197006,208.001599906198));
#6216=CARTESIAN_POINT('Ctrl Pts',(266.864667803566,4.97903737858333,208.098291576836));
#6217=CARTESIAN_POINT('Ctrl Pts',(266.852102813048,4.93914841466868,208.147336577689));
#6218=CARTESIAN_POINT('Ctrl Pts',(266.828137140961,4.862727425879,208.246480101393));
#6219=CARTESIAN_POINT('Ctrl Pts',(266.806337361764,4.7917370411194,208.347134141798));
#6220=CARTESIAN_POINT('Ctrl Pts',(266.795939257897,4.75727752538733,208.39768872902));
#6221=CARTESIAN_POINT('Ctrl Pts',(266.76607373738,4.65612193321187,208.549665049562));
#6222=CARTESIAN_POINT('Ctrl Pts',(266.739592724718,4.55970668800213,208.701777239065));
#6223=CARTESIAN_POINT('Ctrl Pts',(266.722900455906,4.49578151717125,208.802532218772));
#6224=CARTESIAN_POINT('Ctrl Pts',(266.690279700262,4.36787932925995,209.002245045778));
#6225=CARTESIAN_POINT('Ctrl Pts',(266.65751105153,4.23975087768847,209.197613901074));
#6226=CARTESIAN_POINT('Ctrl Pts',(266.640662595369,4.17560715649103,209.294034641593));
#6227=CARTESIAN_POINT('Ctrl Pts',(266.605446562115,4.04745908808569,209.484197124744));
#6228=CARTESIAN_POINT('Ctrl Pts',(266.56701901623,3.91988624861704,209.668931256846));
#6229=CARTESIAN_POINT('Ctrl Pts',(266.546954923774,3.85633162111241,209.759923058354));
#6230=CARTESIAN_POINT('Ctrl Pts',(266.505492777322,3.72988608747998,209.939249945889));
#6231=CARTESIAN_POINT('Ctrl Pts',(266.462648470805,3.60539991299711,210.113476588375));
#6232=CARTESIAN_POINT('Ctrl Pts',(266.441184207381,3.54379511819377,210.199372844462));
#6233=CARTESIAN_POINT('Ctrl Pts',(266.399271022978,3.42234103188809,210.368783453376));
#6234=CARTESIAN_POINT('Ctrl Pts',(266.361039663961,3.30502663815622,210.533501488225));
#6235=CARTESIAN_POINT('Ctrl Pts',(266.343282351781,3.24757025514349,210.614703128115));
#6236=CARTESIAN_POINT('Ctrl Pts',(266.293577662296,3.07852300400805,210.855179132989));
#6237=CARTESIAN_POINT('Ctrl Pts',(266.25203255508,2.91801167361773,211.087476074229));
#6238=CARTESIAN_POINT('Ctrl Pts',(266.225811590311,2.81362973311974,211.239650036921));
#6239=CARTESIAN_POINT('Ctrl Pts',(266.148592932041,2.50270142162988,211.692800272582));
#6240=CARTESIAN_POINT('Ctrl Pts',(266.067916978017,2.18752247898352,212.148846442469));
#6241=CARTESIAN_POINT('Ctrl Pts',(266.007094962274,1.96262232071928,212.469502717278));
#6242=CARTESIAN_POINT('Ctrl Pts',(265.947157329332,1.74829169814549,212.782920220139));
#6243=CARTESIAN_POINT('Ctrl Pts',(265.888655738187,1.55275126296762,213.079390321693));
#6244=CARTESIAN_POINT('Ctrl Pts',(268.547387018824,14.3361038904209,213.126120244842));
#6245=CARTESIAN_POINT('Ctrl Pts',(268.539129997626,14.1359172546708,212.830975293128));
#6246=CARTESIAN_POINT('Ctrl Pts',(268.528130346764,13.9316484214849,212.531987246544));
#6247=CARTESIAN_POINT('Ctrl Pts',(268.517776012785,13.7270786558171,212.232503806062));
#6248=CARTESIAN_POINT('Ctrl Pts',(268.515709258898,13.4271363085449,211.786457129981));
#6249=CARTESIAN_POINT('Ctrl Pts',(268.528015627652,13.121591761386,211.334082134655));
#6250=CARTESIAN_POINT('Ctrl Pts',(268.533345052188,13.0184664189253,211.181710771669));
#6251=CARTESIAN_POINT('Ctrl Pts',(268.543862818796,12.8071087444848,210.870761177759));
#6252=CARTESIAN_POINT('Ctrl Pts',(268.558697492961,12.5837148946216,210.540562847255));
#6253=CARTESIAN_POINT('Ctrl Pts',(268.569933253856,12.4683384241383,210.368609258078));
#6254=CARTESIAN_POINT('Ctrl Pts',(268.587571815544,12.2909904135348,210.105052702799));
#6255=CARTESIAN_POINT('Ctrl Pts',(268.605625458848,12.1104615356123,209.836915151186));
#6256=CARTESIAN_POINT('Ctrl Pts',(268.611761246956,12.0501010695588,209.747097120531));
#6257=CARTESIAN_POINT('Ctrl Pts',(268.624360022128,11.928685696461,209.565706471684));
#6258=CARTESIAN_POINT('Ctrl Pts',(268.637012261766,11.8048726625784,209.37899150929));
#6259=CARTESIAN_POINT('Ctrl Pts',(268.643257480911,11.7421445828147,209.283793227996));
#6260=CARTESIAN_POINT('Ctrl Pts',(268.655808359836,11.6153465504509,209.088733675968));
#6261=CARTESIAN_POINT('Ctrl Pts',(268.669403131744,11.4862736497446,208.884523283025));
#6262=CARTESIAN_POINT('Ctrl Pts',(268.676139072423,11.4208694063746,208.780526174505));
#6263=CARTESIAN_POINT('Ctrl Pts',(268.69241485575,11.3253858907254,208.618172251887));
#6264=CARTESIAN_POINT('Ctrl Pts',(268.717964737054,11.2432835360606,208.437822248162));
#6265=CARTESIAN_POINT('Ctrl Pts',(268.727487879992,11.217887232933,208.375283291578));
#6266=CARTESIAN_POINT('Ctrl Pts',(268.747752824877,11.1709866953082,208.245357959683));
#6267=CARTESIAN_POINT('Ctrl Pts',(268.767469771889,11.1253288551788,208.111236212094));
#6268=CARTESIAN_POINT('Ctrl Pts',(268.776463271639,11.101233078062,208.044453592518));
#6269=CARTESIAN_POINT('Ctrl Pts',(268.791327972225,11.0464706810972,207.915111269155));
#6270=CARTESIAN_POINT('Ctrl Pts',(268.796992416654,10.9741847488501,207.798522721667));
#6271=CARTESIAN_POINT('Ctrl Pts',(268.796750586446,10.9324698063288,207.744564250666));
#6272=CARTESIAN_POINT('Ctrl Pts',(268.789604018302,10.8378279803117,207.64592577734));
#6273=CARTESIAN_POINT('Ctrl Pts',(268.771000600347,10.7238727551412,207.564458413311));
#6274=CARTESIAN_POINT('Ctrl Pts',(268.759265359587,10.6628184423021,207.527689826585));
#6275=CARTESIAN_POINT('Ctrl Pts',(268.732339935991,10.5346928715156,207.460729481681));
#6276=CARTESIAN_POINT('Ctrl Pts',(268.699950150327,10.3968836065646,207.40513373731));
#6277=CARTESIAN_POINT('Ctrl Pts',(268.682775801226,10.3261791856712,207.379708971196));
#6278=CARTESIAN_POINT('Ctrl Pts',(268.646789043539,10.1817856555757,207.332950058863));
#6279=CARTESIAN_POINT('Ctrl Pts',(268.60791633044,10.0322738918623,207.293371823708));
#6280=CARTESIAN_POINT('Ctrl Pts',(268.587853911821,9.95644798537388,207.275127808142));
#6281=CARTESIAN_POINT('Ctrl Pts',(268.525910649341,9.72611999671538,207.224491775344));
#6282=CARTESIAN_POINT('Ctrl Pts',(268.459041384381,9.48805573301366,207.184930698211));
#6283=CARTESIAN_POINT('Ctrl Pts',(268.412559914697,9.32661160805697,207.162405001828));
#6284=CARTESIAN_POINT('Ctrl Pts',(268.316080473673,8.99851307016165,207.124448362119));
#6285=CARTESIAN_POINT('Ctrl Pts',(268.213278910017,8.66054723119629,207.10054891581));
#6286=CARTESIAN_POINT('Ctrl Pts',(268.160469480688,8.48922966566057,207.092091414361));
#6287=CARTESIAN_POINT('Ctrl Pts',(268.052469694635,8.14205527049833,207.082599549142));
#6288=CARTESIAN_POINT('Ctrl Pts',(267.940886481489,7.78688849740409,207.089416549848));
#6289=CARTESIAN_POINT('Ctrl Pts',(267.884495289228,7.60758124041503,207.09726696014));
#6290=CARTESIAN_POINT('Ctrl Pts',(267.771156173963,7.2465754119953,207.123042090799));
#6291=CARTESIAN_POINT('Ctrl Pts',(267.658306667582,6.88577775625317,207.171996998447));
#6292=CARTESIAN_POINT('Ctrl Pts',(267.602402122418,6.70664996320553,207.203010272588));
#6293=CARTESIAN_POINT('Ctrl Pts',(267.492756310893,6.35498891771731,207.279859283451));
#6294=CARTESIAN_POINT('Ctrl Pts',(267.390693850029,6.02619309548325,207.387344498243));
#6295=CARTESIAN_POINT('Ctrl Pts',(267.342338663641,5.86988715177467,207.449029911937));
#6296=CARTESIAN_POINT('Ctrl Pts',(267.275429776542,5.65167272679758,207.552657023299));
#6297=CARTESIAN_POINT('Ctrl Pts',(267.217271864525,5.46048322024236,207.670940850985));
#6298=CARTESIAN_POINT('Ctrl Pts',(267.198876922975,5.39990336422578,207.711889334738));
#6299=CARTESIAN_POINT('Ctrl Pts',(267.163967182981,5.28512829399237,207.796600429305));
#6300=CARTESIAN_POINT('Ctrl Pts',(267.132471604998,5.18271908987263,207.88646622961));
#6301=CARTESIAN_POINT('Ctrl Pts',(267.117491159743,5.13450802159159,207.932569272427));
#6302=CARTESIAN_POINT('Ctrl Pts',(267.088860815694,5.04358134375585,208.026845727996));
#6303=CARTESIAN_POINT('Ctrl Pts',(267.062663382033,4.96227910375803,208.124594483084));
#6304=CARTESIAN_POINT('Ctrl Pts',(267.050113182645,4.92369468995961,208.174171472343));
#6305=CARTESIAN_POINT('Ctrl Pts',(267.02605965868,4.84980585701591,208.274347895132));
#6306=CARTESIAN_POINT('Ctrl Pts',(267.003937113711,4.78093289695637,208.375916709731));
#6307=CARTESIAN_POINT('Ctrl Pts',(266.993319148449,4.74736249953228,208.426884958051));
#6308=CARTESIAN_POINT('Ctrl Pts',(266.962618995017,4.64823478036552,208.579945191109));
#6309=CARTESIAN_POINT('Ctrl Pts',(266.934748837658,4.55184360702944,208.732638734827));
#6310=CARTESIAN_POINT('Ctrl Pts',(266.916850079553,4.48695168839341,208.833531695738));
#6311=CARTESIAN_POINT('Ctrl Pts',(266.881272343009,4.35613670091518,209.033085639049));
#6312=CARTESIAN_POINT('Ctrl Pts',(266.844872874783,4.22460112540527,209.227581513892));
#6313=CARTESIAN_POINT('Ctrl Pts',(266.826138784226,4.15901084219537,209.323427268531));
#6314=CARTESIAN_POINT('Ctrl Pts',(266.787167201953,4.02875700980573,209.512310513632));
#6315=CARTESIAN_POINT('Ctrl Pts',(266.745149509811,3.90049543201184,209.695693207276));
#6316=CARTESIAN_POINT('Ctrl Pts',(266.723370140386,3.83691977802274,209.786038401879));
#6317=CARTESIAN_POINT('Ctrl Pts',(266.678682474017,3.71084470163179,209.964154063444));
#6318=CARTESIAN_POINT('Ctrl Pts',(266.632943509742,3.58718643437438,210.137355089835));
#6319=CARTESIAN_POINT('Ctrl Pts',(266.610097520129,3.52601416654683,210.222790204522));
#6320=CARTESIAN_POINT('Ctrl Pts',(266.56541880186,3.40529624771144,210.391389443351));
#6321=CARTESIAN_POINT('Ctrl Pts',(266.524463595797,3.28839402738182,210.555475529373));
#6322=CARTESIAN_POINT('Ctrl Pts',(266.505365992482,3.23104685569791,210.636393974745));
#6323=CARTESIAN_POINT('Ctrl Pts',(266.45192160009,3.06208661904517,210.876086897014));
#6324=CARTESIAN_POINT('Ctrl Pts',(266.407584580955,2.90097994180506,211.107807360502));
#6325=CARTESIAN_POINT('Ctrl Pts',(266.380003466002,2.79595142224745,211.259710235185));
#6326=CARTESIAN_POINT('Ctrl Pts',(266.299463225593,2.48337059864833,211.711634737136));
#6327=CARTESIAN_POINT('Ctrl Pts',(266.216966724903,2.16771686947217,212.164904699199));
#6328=CARTESIAN_POINT('Ctrl Pts',(266.155192753604,1.94433884445661,212.481576915337));
#6329=CARTESIAN_POINT('Ctrl Pts',(266.094415990162,1.73045704321583,212.792860279405));
#6330=CARTESIAN_POINT('Ctrl Pts',(266.03398128859,1.53454381399644,213.088464797465));
#6331=CARTESIAN_POINT('Ctrl Pts',(268.677845287401,14.3001207556514,213.140103439855));
#6332=CARTESIAN_POINT('Ctrl Pts',(268.671220143623,14.1002525417095,212.846313281197));
#6333=CARTESIAN_POINT('Ctrl Pts',(268.663041744159,13.8979731954388,212.551213882692));
#6334=CARTESIAN_POINT('Ctrl Pts',(268.655126095729,13.6966076485646,212.257490559044));
#6335=CARTESIAN_POINT('Ctrl Pts',(268.657918089647,13.3981157057321,211.814401290756));
#6336=CARTESIAN_POINT('Ctrl Pts',(268.676876148708,13.0936018446615,211.360449420044));
#6337=CARTESIAN_POINT('Ctrl Pts',(268.684457577063,12.9910429967345,211.207264361604));
#6338=CARTESIAN_POINT('Ctrl Pts',(268.698866424733,12.7811817711931,210.897114000629));
#6339=CARTESIAN_POINT('Ctrl Pts',(268.716945577043,12.5583801588074,210.571471443847));
#6340=CARTESIAN_POINT('Ctrl Pts',(268.729446303313,12.4423725571067,210.401366553942));
#6341=CARTESIAN_POINT('Ctrl Pts',(268.747687258606,12.2627000700741,210.140325326847));
#6342=CARTESIAN_POINT('Ctrl Pts',(268.769626649905,12.082123090114,209.873136865067));
#6343=CARTESIAN_POINT('Ctrl Pts',(268.777705053741,12.0221979809231,209.783236957757));
#6344=CARTESIAN_POINT('Ctrl Pts',(268.795083138941,11.9021768158722,209.601187336786));
#6345=CARTESIAN_POINT('Ctrl Pts',(268.815230953362,11.7825656738497,209.412567937774));
#6346=CARTESIAN_POINT('Ctrl Pts',(268.826140415663,11.7230764141454,209.316036983458));
#6347=CARTESIAN_POINT('Ctrl Pts',(268.853184101553,11.6081353612783,209.114619005065));
#6348=CARTESIAN_POINT('Ctrl Pts',(268.888196424482,11.4982176847785,208.89879552193));
#6349=CARTESIAN_POINT('Ctrl Pts',(268.906298519243,11.4431608118763,208.788329778392));
#6350=CARTESIAN_POINT('Ctrl Pts',(268.940730732836,11.3646333097743,208.615541115979));
#6351=CARTESIAN_POINT('Ctrl Pts',(268.984790782223,11.2994894965859,208.424064349544));
#6352=CARTESIAN_POINT('Ctrl Pts',(269.000400525396,11.2795803418965,208.357799529159));
#6353=CARTESIAN_POINT('Ctrl Pts',(269.031959833859,11.2422324330653,208.220909511365));
#6354=CARTESIAN_POINT('Ctrl Pts',(269.057883638106,11.1996196001407,208.083066600833));
#6355=CARTESIAN_POINT('Ctrl Pts',(269.067891643684,11.1745234333546,208.015781114622));
#6356=CARTESIAN_POINT('Ctrl Pts',(269.078064232521,11.1099949575982,207.890153546733));
#6357=CARTESIAN_POINT('Ctrl Pts',(269.06842836022,11.0159614367369,207.785360255535));
#6358=CARTESIAN_POINT('Ctrl Pts',(269.05853823092,10.9612063943734,207.739014664644));
#6359=CARTESIAN_POINT('Ctrl Pts',(269.032084817024,10.8410770721854,207.656257835758));
#6360=CARTESIAN_POINT('Ctrl Pts',(268.99700963926,10.7062131706995,207.589717052642));
#6361=CARTESIAN_POINT('Ctrl Pts',(268.978541102065,10.6367926810928,207.559555816254));
#6362=CARTESIAN_POINT('Ctrl Pts',(268.940763121608,10.4954542743661,207.50420988398));
#6363=CARTESIAN_POINT('Ctrl Pts',(268.901771628587,10.3501400583278,207.457455636547));
#6364=CARTESIAN_POINT('Ctrl Pts',(268.882101232352,10.2767572310277,207.435873169954));
#6365=CARTESIAN_POINT('Ctrl Pts',(268.842235747985,10.128575398875,207.395874425582));
#6366=CARTESIAN_POINT('Ctrl Pts',(268.80122791602,9.97786282540548,207.361401443126));
#6367=CARTESIAN_POINT('Ctrl Pts',(268.780404544759,9.90193643524446,207.345350198828));
#6368=CARTESIAN_POINT('Ctrl Pts',(268.716927390826,9.67259046758473,207.30029206601));
#6369=CARTESIAN_POINT('Ctrl Pts',(268.650367956767,9.43868367578125,207.263590340541));
#6370=CARTESIAN_POINT('Ctrl Pts',(268.604576290088,9.28083155219327,207.242008639445));
#6371=CARTESIAN_POINT('Ctrl Pts',(268.510181968815,8.96083173803596,207.204433779485));
#6372=CARTESIAN_POINT('Ctrl Pts',(268.410307911732,8.63201422930094,207.17833013238));
#6373=CARTESIAN_POINT('Ctrl Pts',(268.359036526442,8.46533319954427,207.168239069573));
#6374=CARTESIAN_POINT('Ctrl Pts',(268.254108264967,8.12721863351865,207.154447433702));
#6375=CARTESIAN_POINT('Ctrl Pts',(268.145416278973,7.77960408022447,207.154838013618));
#6376=CARTESIAN_POINT('Ctrl Pts',(268.09038472161,7.60343662963717,207.158930185977));
#6377=CARTESIAN_POINT('Ctrl Pts',(267.979446204619,7.24682397392608,207.176109008275));
#6378=CARTESIAN_POINT('Ctrl Pts',(267.867730514529,6.88619427015475,207.215319828876));
#6379=CARTESIAN_POINT('Ctrl Pts',(267.811926042681,6.70597784562274,207.241409135489));
#6380=CARTESIAN_POINT('Ctrl Pts',(267.701194623365,6.34995910158288,207.309330758452));
#6381=CARTESIAN_POINT('Ctrl Pts',(267.595743932208,6.01415377197842,207.411342514434));
#6382=CARTESIAN_POINT('Ctrl Pts',(267.545168825028,5.85407853284488,207.471566653106));
#6383=CARTESIAN_POINT('Ctrl Pts',(267.474649876305,5.63109836445221,207.57512902273));
#6384=CARTESIAN_POINT('Ctrl Pts',(267.413470879505,5.43768448374172,207.695475917783));
#6385=CARTESIAN_POINT('Ctrl Pts',(267.394187930283,5.37671048049996,207.737293643969));
#6386=CARTESIAN_POINT('Ctrl Pts',(267.357845693339,5.26191008962352,207.82393970052));
#6387=CARTESIAN_POINT('Ctrl Pts',(267.325662613948,5.16090880605303,207.915862038531));
#6388=CARTESIAN_POINT('Ctrl Pts',(267.310540751096,5.11373863057312,207.96295493721));
#6389=CARTESIAN_POINT('Ctrl Pts',(267.281975712994,5.02540631817466,208.059041353328));
#6390=CARTESIAN_POINT('Ctrl Pts',(267.256328366031,4.94729513793646,208.158200737163));
#6391=CARTESIAN_POINT('Ctrl Pts',(267.244122143622,4.91034909137324,208.208367229336));
#6392=CARTESIAN_POINT('Ctrl Pts',(267.220760299727,4.83956971315397,208.309509512105));
#6393=CARTESIAN_POINT('Ctrl Pts',(267.199161431865,4.77311830703407,208.41165995946));
#6394=CARTESIAN_POINT('Ctrl Pts',(267.188718202947,4.74049695315037,208.462834004023));
#6395=CARTESIAN_POINT('Ctrl Pts',(267.158210515322,4.64328638716264,208.616292378864));
#6396=CARTESIAN_POINT('Ctrl Pts',(267.129472440317,4.54606179263207,208.768809468646));
#6397=CARTESIAN_POINT('Ctrl Pts',(267.110467646761,4.47941239937931,208.86940376107));
#6398=CARTESIAN_POINT('Ctrl Pts',(267.071901705604,4.34434590910756,209.068124987237));
#6399=CARTESIAN_POINT('Ctrl Pts',(267.031646060864,4.20885705372705,209.261434773339));
#6400=CARTESIAN_POINT('Ctrl Pts',(267.010949567055,4.14183745415522,209.35662568181));
#6401=CARTESIAN_POINT('Ctrl Pts',(266.968157236121,4.00978057470709,209.544165055711));
#6402=CARTESIAN_POINT('Ctrl Pts',(266.922695631168,3.88141027376357,209.726216807245));
#6403=CARTESIAN_POINT('Ctrl Pts',(266.899334842175,3.818101247703,209.81591940106));
#6404=CARTESIAN_POINT('Ctrl Pts',(266.851822008494,3.69294276405752,209.992787700171));
#6405=CARTESIAN_POINT('Ctrl Pts',(266.803840070864,3.5706003958035,210.164844972425));
#6406=CARTESIAN_POINT('Ctrl Pts',(266.780005822764,3.51009421478804,210.249738157969));
#6407=CARTESIAN_POINT('Ctrl Pts',(266.733337258462,3.39052767403148,210.41737272031));
#6408=CARTESIAN_POINT('Ctrl Pts',(266.690004044555,3.27420167491948,210.580789661028));
#6409=CARTESIAN_POINT('Ctrl Pts',(266.669526138172,3.21694399612388,210.661462392473));
#6410=CARTESIAN_POINT('Ctrl Pts',(266.611844786785,3.04785584637581,210.900557007841));
#6411=CARTESIAN_POINT('Ctrl Pts',(266.563660548619,2.88577602992357,211.131919366291));
#6412=CARTESIAN_POINT('Ctrl Pts',(266.534207419766,2.77999033994283,211.28358175716));
#6413=CARTESIAN_POINT('Ctrl Pts',(266.448965908011,2.46543797906203,211.734358365217));
#6414=CARTESIAN_POINT('Ctrl Pts',(266.364379371005,2.14976032081363,212.184121470665));
#6415=CARTESIAN_POINT('Ctrl Pts',(266.30168045794,1.92874024904869,212.495778485397));
#6416=CARTESIAN_POINT('Ctrl Pts',(266.239847499913,1.71708838091163,212.8024214941));
#6417=CARTESIAN_POINT('Ctrl Pts',(266.177738460133,1.52057813398051,213.097403011554));
#6418=CARTESIAN_POINT('Ctrl Pts',(268.721197543261,14.2880643125303,213.145220706115));
#6419=CARTESIAN_POINT('Ctrl Pts',(268.715252966868,14.0883936726925,212.852091251742));
#6420=CARTESIAN_POINT('Ctrl Pts',(268.708048515424,13.8867642997262,212.558325339804));
#6421=CARTESIAN_POINT('Ctrl Pts',(268.700644298816,13.6861963627434,212.266128871787));
#6422=CARTESIAN_POINT('Ctrl Pts',(268.705058784692,13.3880994708333,211.824096392233));
#6423=CARTESIAN_POINT('Ctrl Pts',(268.726304926319,13.0840165124783,211.369600944781));
#6424=CARTESIAN_POINT('Ctrl Pts',(268.734662416672,12.9816773545855,211.216125809432));
#6425=CARTESIAN_POINT('Ctrl Pts',(268.750474696578,12.7723475721141,210.906266849297));
#6426=CARTESIAN_POINT('Ctrl Pts',(268.769781532801,12.5498411467851,210.582175040936));
#6427=CARTESIAN_POINT('Ctrl Pts',(268.782723697801,12.433710523913,210.412601946431));
#6428=CARTESIAN_POINT('Ctrl Pts',(268.801077871403,12.2532756947837,210.152464109493));
#6429=CARTESIAN_POINT('Ctrl Pts',(268.824562631712,12.0730276601415,209.885526110764));
#6430=CARTESIAN_POINT('Ctrl Pts',(268.833437356523,12.0134206692904,209.795532019157));
#6431=CARTESIAN_POINT('Ctrl Pts',(268.852871707817,11.8943301100796,209.612992637785));
#6432=CARTESIAN_POINT('Ctrl Pts',(268.876105598995,11.7766356469237,209.42339486092));
#6433=CARTESIAN_POINT('Ctrl Pts',(268.888823467157,11.7184284893755,209.326291882173));
#6434=CARTESIAN_POINT('Ctrl Pts',(268.921311183868,11.6078675414685,209.122442219394));
#6435=CARTESIAN_POINT('Ctrl Pts',(268.964085690653,11.5046934251062,208.902486421992));
#6436=CARTESIAN_POINT('Ctrl Pts',(268.986344036921,11.453221630478,208.789773746385));
#6437=CARTESIAN_POINT('Ctrl Pts',(269.026568168144,11.3803256153961,208.61367642095));
#6438=CARTESIAN_POINT('Ctrl Pts',(269.07578450651,11.3203250463863,208.419175252118));
#6439=CARTESIAN_POINT('Ctrl Pts',(269.09303562721,11.3020083786941,208.351959296422));
#6440=CARTESIAN_POINT('Ctrl Pts',(269.127593542294,11.2672291870581,208.213431517324));
#6441=CARTESIAN_POINT('Ctrl Pts',(269.154798364494,11.2247421994908,208.075163266895));
#6442=CARTESIAN_POINT('Ctrl Pts',(269.164737688623,11.1988010006848,208.008132415305));
#6443=CARTESIAN_POINT('Ctrl Pts',(269.172365985214,11.1297371605659,207.8846979223));
#6444=CARTESIAN_POINT('Ctrl Pts',(269.156475901278,11.0269463739342,207.784879703951));
#6445=CARTESIAN_POINT('Ctrl Pts',(269.142782295778,10.9670993596362,207.741585571293));
#6446=CARTESIAN_POINT('Ctrl Pts',(269.109047010827,10.8374475657575,207.664875341296));
#6447=CARTESIAN_POINT('Ctrl Pts',(269.068315149446,10.6955013658822,207.603498925993));
#6448=CARTESIAN_POINT('Ctrl Pts',(269.047699406894,10.623467051542,207.575486945599));
#6449=CARTESIAN_POINT('Ctrl Pts',(269.006645755527,10.4782417064148,207.5237738062));
#6450=CARTESIAN_POINT('Ctrl Pts',(268.96591393347,10.331053391386,207.479599079827));
#6451=CARTESIAN_POINT('Ctrl Pts',(268.945621967781,10.2570555791155,207.459119170215));
#6452=CARTESIAN_POINT('Ctrl Pts',(268.904834068798,10.1080944302553,207.421037928597));
#6453=CARTESIAN_POINT('Ctrl Pts',(268.863394369813,9.95734716333623,207.387969458795));
#6454=CARTESIAN_POINT('Ctrl Pts',(268.842437440917,9.88154793125821,207.372509296828));
#6455=CARTESIAN_POINT('Ctrl Pts',(268.778770493887,9.65297067792154,207.328908613386));
#6456=CARTESIAN_POINT('Ctrl Pts',(268.712545557509,9.42078657711755,207.292811267266));
#6457=CARTESIAN_POINT('Ctrl Pts',(268.667123409754,9.26432529297551,207.271334728047));
#6458=CARTESIAN_POINT('Ctrl Pts',(268.573680027243,8.94734724358124,207.233519670908));
#6459=CARTESIAN_POINT('Ctrl Pts',(268.475003844393,8.6218372783121,207.20639822994));
#6460=CARTESIAN_POINT('Ctrl Pts',(268.424349626795,8.45682812667226,207.195638957033));
#6461=CARTESIAN_POINT('Ctrl Pts',(268.320644886146,8.12199602091639,207.180190561638));
#6462=CARTESIAN_POINT('Ctrl Pts',(268.213121198586,7.77716414609063,207.178219265501));
#6463=CARTESIAN_POINT('Ctrl Pts',(268.158652042488,7.6021728721442,207.180939137373));
#6464=CARTESIAN_POINT('Ctrl Pts',(268.048751842219,7.2472564645545,207.194968417424));
#6465=CARTESIAN_POINT('Ctrl Pts',(267.937653192008,6.88682780987842,207.230569850197));
#6466=CARTESIAN_POINT('Ctrl Pts',(267.881992701481,6.70629155438537,207.254820133574));
#6467=CARTESIAN_POINT('Ctrl Pts',(267.771070477792,6.34882709146863,207.319376998702));
#6468=CARTESIAN_POINT('Ctrl Pts',(267.66451648686,6.01054481726008,207.419298862262));
#6469=CARTESIAN_POINT('Ctrl Pts',(267.613168327678,5.84910746040807,207.47896060896));
#6470=CARTESIAN_POINT('Ctrl Pts',(267.541302703153,5.62436875942207,207.582523659214));
#6471=CARTESIAN_POINT('Ctrl Pts',(267.478897809511,5.4300951909298,207.703726069111));
#6472=CARTESIAN_POINT('Ctrl Pts',(267.459241039987,5.36895973094435,207.745902689574));
#6473=CARTESIAN_POINT('Ctrl Pts',(267.422270858131,5.2541151143238,207.833344613819));
#6474=CARTESIAN_POINT('Ctrl Pts',(267.389745558298,5.15359585465651,207.926101477746));
#6475=CARTESIAN_POINT('Ctrl Pts',(267.374536205375,5.10679118335364,207.973591554972));
#6476=CARTESIAN_POINT('Ctrl Pts',(267.345952391415,5.01937910870107,208.070390931387));
#6477=CARTESIAN_POINT('Ctrl Pts',(267.320516806081,4.94240677321232,208.170079384746));
#6478=CARTESIAN_POINT('Ctrl Pts',(267.308454116055,4.90604514077059,208.220458631932));
#6479=CARTESIAN_POINT('Ctrl Pts',(267.285394756925,4.83637010688426,208.321935453325));
#6480=CARTESIAN_POINT('Ctrl Pts',(267.26405082232,4.77076466456294,208.42426261445));
#6481=CARTESIAN_POINT('Ctrl Pts',(267.253702958715,4.7384687749093,208.475491866676));
#6482=CARTESIAN_POINT('Ctrl Pts',(267.223354281074,4.64189195202507,208.629034123818));
#6483=CARTESIAN_POINT('Ctrl Pts',(267.194369835743,4.54430131365462,208.781428285496));
#6484=CARTESIAN_POINT('Ctrl Pts',(267.175001465491,4.47698422812911,208.881882482888));
#6485=CARTESIAN_POINT('Ctrl Pts',(267.135426905002,4.34037104021107,209.080261225341));
#6486=CARTESIAN_POINT('Ctrl Pts',(267.09385141841,4.20352967591736,209.273145117007));
#6487=CARTESIAN_POINT('Ctrl Pts',(267.07248625645,4.13604834478007,209.368110976926));
#6488=CARTESIAN_POINT('Ctrl Pts',(267.028399163352,4.00344117819645,209.555200042992));
#6489=CARTESIAN_POINT('Ctrl Pts',(266.981790988551,3.87510300519461,209.736815892874));
#6490=CARTESIAN_POINT('Ctrl Pts',(266.957910966923,3.81191408734176,209.826307540911));
#6491=CARTESIAN_POINT('Ctrl Pts',(266.909485257872,3.68711722637232,210.002761799348));
#6492=CARTESIAN_POINT('Ctrl Pts',(266.860809284946,3.56525860155733,210.174429628676));
#6493=CARTESIAN_POINT('Ctrl Pts',(266.836679044693,3.50499520753045,210.259135214179));
#6494=CARTESIAN_POINT('Ctrl Pts',(266.789416538819,3.38584891435314,210.426433541077));
#6495=CARTESIAN_POINT('Ctrl Pts',(266.745330431767,3.26972972303561,210.589620369065));
#6496=CARTESIAN_POINT('Ctrl Pts',(266.724396592441,3.21250100662711,210.670211880542));
#6497=CARTESIAN_POINT('Ctrl Pts',(266.665280551039,3.04335218768503,210.909115876543));
#6498=CARTESIAN_POINT('Ctrl Pts',(266.615727136837,2.88090977892964,211.140373900652));
#6499=CARTESIAN_POINT('Ctrl Pts',(266.585597109167,2.77485783353787,211.291958047651));
#6500=CARTESIAN_POINT('Ctrl Pts',(266.498640739098,2.45960981487994,211.742362037926));
#6501=CARTESIAN_POINT('Ctrl Pts',(266.41331877462,2.14397217405664,212.190882689818));
#6502=CARTESIAN_POINT('Ctrl Pts',(266.350307652429,1.92381733747267,212.500774888611));
#6503=CARTESIAN_POINT('Ctrl Pts',(266.288100776347,1.71299672216175,212.805748636646));
#6504=CARTESIAN_POINT('Ctrl Pts',(266.225461022608,1.51630752580037,213.10048589468));
#6505=CARTESIAN_POINT('Ctrl Pts',(268.807643951743,14.2638536138135,213.156389007509));
#6506=CARTESIAN_POINT('Ctrl Pts',(268.803299097639,14.0647466703511,212.864955001951));
#6507=CARTESIAN_POINT('Ctrl Pts',(268.798143774449,13.8644104500079,212.573967129931));
#6508=CARTESIAN_POINT('Ctrl Pts',(268.791165633617,13.6648622602828,212.283981912797));
#6509=CARTESIAN_POINT('Ctrl Pts',(268.798810622093,13.3673601052601,211.844213680932));
#6510=CARTESIAN_POINT('Ctrl Pts',(268.824739236957,13.0643143384097,211.388607728363));
#6511=CARTESIAN_POINT('Ctrl Pts',(268.834694317676,12.96245458055,211.234518465601));
#6512=CARTESIAN_POINT('Ctrl Pts',(268.853450648947,12.7541899955843,210.925200384591));
#6513=CARTESIAN_POINT('Ctrl Pts',(268.875478793387,12.532566150419,210.603941649618));
#6514=CARTESIAN_POINT('Ctrl Pts',(268.889471654845,12.4164640051546,210.435181217704));
#6515=CARTESIAN_POINT('Ctrl Pts',(268.908163921903,12.2346551577253,210.177006257534));
#6516=CARTESIAN_POINT('Ctrl Pts',(268.935438765019,12.0559707071465,209.910446259381));
#6517=CARTESIAN_POINT('Ctrl Pts',(268.946249104237,11.997421363635,209.820134210922));
#6518=CARTESIAN_POINT('Ctrl Pts',(268.970816735745,11.8812689518636,209.636033752967));
#6519=CARTESIAN_POINT('Ctrl Pts',(269.001330557079,11.7684204756391,209.443810124013));
#6520=CARTESIAN_POINT('Ctrl Pts',(269.018087646498,11.7131179937918,209.345345912772));
#6521=CARTESIAN_POINT('Ctrl Pts',(269.061843457247,11.6113387616989,209.136610501747));
#6522=CARTESIAN_POINT('Ctrl Pts',(269.11950474716,11.5203614473523,208.909264494749));
#6523=CARTESIAN_POINT('Ctrl Pts',(269.149758006471,11.4753339965818,208.792523986124));
#6524=CARTESIAN_POINT('Ctrl Pts',(269.198665790833,11.4104782175413,208.612286297006));
#6525=CARTESIAN_POINT('Ctrl Pts',(269.252735861344,11.3551261173497,208.41629698259));
#6526=CARTESIAN_POINT('Ctrl Pts',(269.27123977759,11.3379056197922,208.348883863477));
#6527=CARTESIAN_POINT('Ctrl Pts',(269.308146287052,11.3046404023576,208.210097362968));
#6528=CARTESIAN_POINT('Ctrl Pts',(269.335596157593,11.2602565470701,208.072856509067));
#6529=CARTESIAN_POINT('Ctrl Pts',(269.344753284004,11.2320746643334,208.006858884883));
#6530=CARTESIAN_POINT('Ctrl Pts',(269.34587615397,11.1523674971388,207.889038119891));
#6531=CARTESIAN_POINT('Ctrl Pts',(269.316183035648,11.0302993604782,207.800438717181));
#6532=CARTESIAN_POINT('Ctrl Pts',(269.29442820102,10.95961395565,207.763758846814));
#6533=CARTESIAN_POINT('Ctrl Pts',(269.246719999071,10.8116116521386,207.698974378578));
#6534=CARTESIAN_POINT('Ctrl Pts',(269.197117257114,10.6586470074027,207.646244248306));
#6535=CARTESIAN_POINT('Ctrl Pts',(269.1736649067,10.5832644572451,207.621476223249));
#6536=CARTESIAN_POINT('Ctrl Pts',(269.128701816248,10.4336100741857,207.575067986597));
#6537=CARTESIAN_POINT('Ctrl Pts',(269.086438720927,10.2850387961098,207.534509629664));
#6538=CARTESIAN_POINT('Ctrl Pts',(269.065643212325,10.2106747687475,207.515618319462));
#6539=CARTESIAN_POINT('Ctrl Pts',(269.024190525176,10.0615112050171,207.48032492584));
#6540=CARTESIAN_POINT('Ctrl Pts',(268.982627584516,9.91153906161657,207.449285905468));
#6541=CARTESIAN_POINT('Ctrl Pts',(268.961709854202,9.83635553465501,207.434654172019));
#6542=CARTESIAN_POINT('Ctrl Pts',(268.898460804406,9.61029233135282,207.392979773649));
#6543=CARTESIAN_POINT('Ctrl Pts',(268.833436272262,9.38226457866571,207.357296019535));
#6544=CARTESIAN_POINT('Ctrl Pts',(268.789070260551,9.22897103227917,207.335572963028));
#6545=CARTESIAN_POINT('Ctrl Pts',(268.69809242439,8.91862872101458,207.296512494132));
#6546=CARTESIAN_POINT('Ctrl Pts',(268.602285614088,8.60017820219782,207.266811149163));
#6547=CARTESIAN_POINT('Ctrl Pts',(268.553086118177,8.43873801076164,207.254485833606));
#6548=CARTESIAN_POINT('Ctrl Pts',(268.452243715092,8.11096186050237,207.23532731659));
#6549=CARTESIAN_POINT('Ctrl Pts',(268.347490063609,7.77223073950931,207.228249135573));
#6550=CARTESIAN_POINT('Ctrl Pts',(268.29438367117,7.59986195799025,207.22800948341));
#6551=CARTESIAN_POINT('Ctrl Pts',(268.187100203258,7.24883716714084,207.235194014627));
#6552=CARTESIAN_POINT('Ctrl Pts',(268.077823918105,6.88915342531455,207.262802999091));
#6553=CARTESIAN_POINT('Ctrl Pts',(268.022738345908,6.70809219407027,207.282930543319));
#6554=CARTESIAN_POINT('Ctrl Pts',(267.911930162401,6.34779361211157,207.339827182442));
#6555=CARTESIAN_POINT('Ctrl Pts',(267.803439001435,6.00425745016112,207.434797627784));
#6556=CARTESIAN_POINT('Ctrl Pts',(267.750609024941,5.83985001163938,207.493045365628));
#6557=CARTESIAN_POINT('Ctrl Pts',(267.675983755287,5.61116682626627,207.596449389743));
#6558=CARTESIAN_POINT('Ctrl Pts',(267.610870847563,5.41483437371176,207.719553589899));
#6559=CARTESIAN_POINT('Ctrl Pts',(267.590363164207,5.35328171550186,207.762547546283));
#6560=CARTESIAN_POINT('Ctrl Pts',(267.551916738867,5.2382140643769,207.85182871536));
#6561=CARTESIAN_POINT('Ctrl Pts',(267.518503247527,5.13863723176455,207.946547645068));
#6562=CARTESIAN_POINT('Ctrl Pts',(267.5030323505,5.09258252824941,207.99497705586));
#6563=CARTESIAN_POINT('Ctrl Pts',(267.474281662481,5.00709654221628,208.093468143639));
#6564=CARTESIAN_POINT('Ctrl Pts',(267.449214875689,4.93254490287774,208.194421250688));
#6565=CARTESIAN_POINT('Ctrl Pts',(267.437427722336,4.89742857224263,208.245311378442));
#6566=CARTESIAN_POINT('Ctrl Pts',(267.41496342882,4.83010166475156,208.347596977957));
#6567=CARTESIAN_POINT('Ctrl Pts',(267.394125474935,4.76627479122768,208.450362389537));
#6568=CARTESIAN_POINT('Ctrl Pts',(267.383962499904,4.73465325407628,208.501732710439));
#6569=CARTESIAN_POINT('Ctrl Pts',(267.353898652719,4.63935158151436,208.65550431979));
#6570=CARTESIAN_POINT('Ctrl Pts',(267.324351251059,4.54088388824399,208.807636363465));
#6571=CARTESIAN_POINT('Ctrl Pts',(267.304207245373,4.47210036284999,208.907774639208));
#6572=CARTESIAN_POINT('Ctrl Pts',(267.262522041156,4.33222497216637,209.105396977552));
#6573=CARTESIAN_POINT('Ctrl Pts',(267.218202183537,4.19270344838175,209.297396350522));
#6574=CARTESIAN_POINT('Ctrl Pts',(267.195445474198,4.12436494091956,209.391913625054));
#6575=CARTESIAN_POINT('Ctrl Pts',(267.148681727609,3.99080068206748,209.578121189592));
#6576=CARTESIAN_POINT('Ctrl Pts',(267.099746660193,3.86266290417708,209.758894896393));
#6577=CARTESIAN_POINT('Ctrl Pts',(267.074826682078,3.79976950349517,209.847976816201));
#6578=CARTESIAN_POINT('Ctrl Pts',(267.024585862187,3.67578401958317,210.023619751));
#6579=CARTESIAN_POINT('Ctrl Pts',(266.974557401992,3.55494308570249,210.194508363372));
#6580=CARTESIAN_POINT('Ctrl Pts',(266.94985807172,3.49518314932744,210.278833875556));
#6581=CARTESIAN_POINT('Ctrl Pts',(266.901471197893,3.37690737214099,210.445444418615));
#6582=CARTESIAN_POINT('Ctrl Pts',(266.855958230235,3.26122002325814,210.608150866701));
#6583=CARTESIAN_POINT('Ctrl Pts',(266.834152020703,3.20405578050167,210.688570019988));
#6584=CARTESIAN_POINT('Ctrl Pts',(266.772238806,3.03478532155625,210.927069526497));
#6585=CARTESIAN_POINT('Ctrl Pts',(266.719883007112,2.87157533383646,211.158110559093));
#6586=CARTESIAN_POINT('Ctrl Pts',(266.688311617056,2.76496411071518,211.309532804069));
#6587=CARTESIAN_POINT('Ctrl Pts',(266.597676238989,2.44825711527344,211.759195346365));
#6588=CARTESIAN_POINT('Ctrl Pts',(266.51078566535,2.13278213529894,212.205112596877));
#6589=CARTESIAN_POINT('Ctrl Pts',(266.447122527569,1.91441581567769,212.511437607481));
#6590=CARTESIAN_POINT('Ctrl Pts',(266.384124337925,1.7052546386118,212.813083752142));
#6591=CARTESIAN_POINT('Ctrl Pts',(266.320483065753,1.50831174080803,213.107166959195));
#6592=CARTESIAN_POINT('Ctrl Pts',(268.893366343891,14.2393283155961,213.169143281611));
#6593=CARTESIAN_POINT('Ctrl Pts',(268.890728690201,14.0409049175155,212.879670629357));
#6594=CARTESIAN_POINT('Ctrl Pts',(268.887350384514,13.8416029791465,212.591090960446));
#6595=CARTESIAN_POINT('Ctrl Pts',(268.880676813464,13.642527992179,212.302901003792));
#6596=CARTESIAN_POINT('Ctrl Pts',(268.891515807381,13.3453333375943,211.865682979931));
#6597=CARTESIAN_POINT('Ctrl Pts',(268.922223314094,13.0435733880174,211.409004661361));
#6598=CARTESIAN_POINT('Ctrl Pts',(268.933830455698,12.9422057809027,211.254256904826));
#6599=CARTESIAN_POINT('Ctrl Pts',(268.955593372751,12.7348167069672,210.945350860245));
#6600=CARTESIAN_POINT('Ctrl Pts',(268.980695332608,12.5145954495132,210.626172341438));
#6601=CARTESIAN_POINT('Ctrl Pts',(268.996119830934,12.3991445055511,210.457779411745));
#6602=CARTESIAN_POINT('Ctrl Pts',(269.01596645067,12.2165640729564,210.201752861634));
#6603=CARTESIAN_POINT('Ctrl Pts',(269.048699401278,12.0414256191584,209.935197367256));
#6604=CARTESIAN_POINT('Ctrl Pts',(269.062098384457,11.9847601549934,209.844337733108));
#6605=CARTESIAN_POINT('Ctrl Pts',(269.093394353014,11.8734078988467,209.657851591651));
#6606=CARTESIAN_POINT('Ctrl Pts',(269.132439378385,11.7666957408835,209.462286298608));
#6607=CARTESIAN_POINT('Ctrl Pts',(269.153615348821,11.7145997286854,209.362275059116));
#6608=CARTESIAN_POINT('Ctrl Pts',(269.207400942835,11.6199080516795,209.14993525882));
#6609=CARTESIAN_POINT('Ctrl Pts',(269.275469977652,11.5357654789667,208.919036260936));
#6610=CARTESIAN_POINT('Ctrl Pts',(269.311169044176,11.4941901800394,208.800318197258));
#6611=CARTESIAN_POINT('Ctrl Pts',(269.361600274252,11.4293582367795,208.621761245851));
#6612=CARTESIAN_POINT('Ctrl Pts',(269.407781113987,11.3646740670772,208.435028677224));
#6613=CARTESIAN_POINT('Ctrl Pts',(269.422662875117,11.3432259356212,208.371560465251));
#6614=CARTESIAN_POINT('Ctrl Pts',(269.452153959667,11.3008809566597,208.24079885614));
#6615=CARTESIAN_POINT('Ctrl Pts',(269.472547991333,11.2467645585524,208.110866180025));
#6616=CARTESIAN_POINT('Ctrl Pts',(269.478577030862,11.2138599034667,208.04799068065));
#6617=CARTESIAN_POINT('Ctrl Pts',(269.470746891271,11.1208577903132,207.938280256855));
#6618=CARTESIAN_POINT('Ctrl Pts',(269.429251191842,10.9818630796861,207.859986937751));
#6619=CARTESIAN_POINT('Ctrl Pts',(269.401736036618,10.9031164276257,207.828445988584));
#6620=CARTESIAN_POINT('Ctrl Pts',(269.34715499959,10.7456286218788,207.770614606129));
#6621=CARTESIAN_POINT('Ctrl Pts',(269.297242869951,10.5923794288456,207.720201890423));
#6622=CARTESIAN_POINT('Ctrl Pts',(269.274790612469,10.5183984750048,207.695783743608));
#6623=CARTESIAN_POINT('Ctrl Pts',(269.232032024451,10.3716469582471,207.649967035225));
#6624=CARTESIAN_POINT('Ctrl Pts',(269.191852736138,10.2256598291563,207.610027445241));
#6625=CARTESIAN_POINT('Ctrl Pts',(269.171855343961,10.1522607182338,207.59157413789));
#6626=CARTESIAN_POINT('Ctrl Pts',(269.131805411882,10.0049718628295,207.557103560927));
#6627=CARTESIAN_POINT('Ctrl Pts',(269.091456445309,9.85715538191014,207.526565951437));
#6628=CARTESIAN_POINT('Ctrl Pts',(269.071163174371,9.78324325607925,207.512038031391));
#6629=CARTESIAN_POINT('Ctrl Pts',(269.009893441759,9.561534613548,207.470244642095));
#6630=CARTESIAN_POINT('Ctrl Pts',(268.947169576816,9.33904107968908,207.433349791084));
#6631=CARTESIAN_POINT('Ctrl Pts',(268.904479268203,9.18951282471256,207.410533002064));
#6632=CARTESIAN_POINT('Ctrl Pts',(268.81709982311,8.88670237282763,207.368811675062));
#6633=CARTESIAN_POINT('Ctrl Pts',(268.725115856034,8.57597017493449,207.335575868073));
#6634=CARTESIAN_POINT('Ctrl Pts',(268.677809310519,8.4184615149565,207.321296454009));
#6635=CARTESIAN_POINT('Ctrl Pts',(268.580637018131,8.09859640819153,207.297805117515));
#6636=CARTESIAN_POINT('Ctrl Pts',(268.479513308026,7.76699863392184,207.285041441165));
#6637=CARTESIAN_POINT('Ctrl Pts',(268.428258756971,7.59779168543981,207.281501961932));
#6638=CARTESIAN_POINT('Ctrl Pts',(268.324757291029,7.25169289714608,207.280886928191));
#6639=CARTESIAN_POINT('Ctrl Pts',(268.218662525357,6.89356080450771,207.298955098412));
#6640=CARTESIAN_POINT('Ctrl Pts',(268.16483641993,6.71228953271041,207.314022882885));
#6641=CARTESIAN_POINT('Ctrl Pts',(268.055394491987,6.34944860835383,207.361171952359));
#6642=CARTESIAN_POINT('Ctrl Pts',(267.945944879389,6.00012049941851,207.44916981004));
#6643=CARTESIAN_POINT('Ctrl Pts',(267.892046095926,5.83222126129376,207.505126754771));
#6644=CARTESIAN_POINT('Ctrl Pts',(267.815120672978,5.59860091577641,207.607546726703));
#6645=CARTESIAN_POINT('Ctrl Pts',(267.747385759564,5.39933675966028,207.732510806092));
#6646=CARTESIAN_POINT('Ctrl Pts',(267.726008036867,5.33711165751425,207.776397987139));
#6647=CARTESIAN_POINT('Ctrl Pts',(267.685951026311,5.22142392602563,207.867827260587));
#6648=CARTESIAN_POINT('Ctrl Pts',(267.651360504355,5.12263566311056,207.965049348676));
#6649=CARTESIAN_POINT('Ctrl Pts',(267.635454127116,5.07731962070083,208.0147264072));
#6650=CARTESIAN_POINT('Ctrl Pts',(267.606157031552,4.99384139183907,208.115551951303));
#6651=CARTESIAN_POINT('Ctrl Pts',(267.581040817344,4.92192207129134,208.218404094613));
#6652=CARTESIAN_POINT('Ctrl Pts',(267.569317085276,4.88816984265397,208.270104543737));
#6653=CARTESIAN_POINT('Ctrl Pts',(267.547019587112,4.82341009693275,208.373746564514));
#6654=CARTESIAN_POINT('Ctrl Pts',(267.526256725067,4.761501013109,208.477382773087));
#6655=CARTESIAN_POINT('Ctrl Pts',(267.516063745543,4.73059222777441,208.529078501368));
#6656=CARTESIAN_POINT('Ctrl Pts',(267.485650383272,4.63658911344667,208.683539421351));
#6657=CARTESIAN_POINT('Ctrl Pts',(267.454984955948,4.53706730797405,208.835608551378));
#6658=CARTESIAN_POINT('Ctrl Pts',(267.433787146359,4.46668197285284,208.935459847224));
#6659=CARTESIAN_POINT('Ctrl Pts',(267.389618795487,4.32349612858442,209.132295947456));
#6660=CARTESIAN_POINT('Ctrl Pts',(267.342314812705,4.18157996242389,209.323375380703));
#6661=CARTESIAN_POINT('Ctrl Pts',(267.318035652441,4.1125830824625,209.417463240673));
#6662=CARTESIAN_POINT('Ctrl Pts',(267.268412527771,3.97841322938,209.602837612803));
#6663=CARTESIAN_POINT('Ctrl Pts',(267.217084711479,3.8507288830878,209.782826640745));
#6664=CARTESIAN_POINT('Ctrl Pts',(267.191114545028,3.78822306674641,209.871524991272));
#6665=CARTESIAN_POINT('Ctrl Pts',(267.139037946884,3.66517596776403,210.04640225655));
#6666=CARTESIAN_POINT('Ctrl Pts',(267.087635653639,3.54538436335516,210.216532598078));
#6667=CARTESIAN_POINT('Ctrl Pts',(267.062352237672,3.48612445523684,210.300480330451));
#6668=CARTESIAN_POINT('Ctrl Pts',(267.012864403463,3.36870969526088,210.466387621688));
#6669=CARTESIAN_POINT('Ctrl Pts',(266.966075781309,3.25346653798797,210.628557835486));
#6670=CARTESIAN_POINT('Ctrl Pts',(266.943509573584,3.19638485128474,210.70876649281));
#6671=CARTESIAN_POINT('Ctrl Pts',(266.879077625307,3.02702647446162,210.946749179882));
#6672=CARTESIAN_POINT('Ctrl Pts',(266.82395286333,2.86302051214603,211.177484887322));
#6673=CARTESIAN_POINT('Ctrl Pts',(266.790815475819,2.75581198514831,211.328705907564));
#6674=CARTESIAN_POINT('Ctrl Pts',(266.696123551707,2.43755852433208,211.777565324863));
#6675=CARTESIAN_POINT('Ctrl Pts',(266.60743750548,2.12237664319491,212.220712675422));
#6676=CARTESIAN_POINT('Ctrl Pts',(266.543036183158,1.90571810151974,212.523678938388));
#6677=CARTESIAN_POINT('Ctrl Pts',(266.479169687759,1.69807451075442,212.822211822709));
#6678=CARTESIAN_POINT('Ctrl Pts',(266.414644923905,1.50114695812726,213.11522211018));
#6679=CARTESIAN_POINT('Ctrl Pts',(268.935995599169,14.2269584520937,213.175848328637));
#6680=CARTESIAN_POINT('Ctrl Pts',(268.934147118847,14.0288540300403,212.887304554608));
#6681=CARTESIAN_POINT('Ctrl Pts',(268.931473000767,13.8299471178405,212.5996939085));
#6682=CARTESIAN_POINT('Ctrl Pts',(268.925184964878,13.6311163047528,212.312605358246));
#6683=CARTESIAN_POINT('Ctrl Pts',(268.937609560795,13.3340277776687,211.876730442663));
#6684=CARTESIAN_POINT('Ctrl Pts',(268.970701987328,13.0329485122686,211.419546142456));
#6685=CARTESIAN_POINT('Ctrl Pts',(268.983139862265,12.9318135845157,211.264463918671));
#6686=CARTESIAN_POINT('Ctrl Pts',(269.006369312661,12.7247676501444,210.955718673975));
#6687=CARTESIAN_POINT('Ctrl Pts',(269.033053310766,12.5053657576648,210.637330586281));
#6688=CARTESIAN_POINT('Ctrl Pts',(269.049301670214,12.3904136085658,210.469022946023));
#6689=CARTESIAN_POINT('Ctrl Pts',(269.070080033667,12.2076740349763,210.214085330243));
#6690=CARTESIAN_POINT('Ctrl Pts',(269.106021745971,12.0348460075848,209.947414279664));
#6691=CARTESIAN_POINT('Ctrl Pts',(269.120868935051,11.9793252255402,209.856233141677));
#6692=CARTESIAN_POINT('Ctrl Pts',(269.155822619255,11.8707713443257,209.668429257283));
#6693=CARTESIAN_POINT('Ctrl Pts',(269.199215033408,11.7672739858364,209.47116237984));
#6694=CARTESIAN_POINT('Ctrl Pts',(269.222583299088,11.7167641202756,209.370389829415));
#6695=CARTESIAN_POINT('Ctrl Pts',(269.280579710391,11.6247608355995,209.15689563626));
#6696=CARTESIAN_POINT('Ctrl Pts',(269.351934384509,11.5419908823654,208.92570348478));
#6697=CARTESIAN_POINT('Ctrl Pts',(269.389261735559,11.5010091586558,208.806781949633));
#6698=CARTESIAN_POINT('Ctrl Pts',(269.438310656528,11.4337596365898,208.630756680612));
#6699=CARTESIAN_POINT('Ctrl Pts',(269.476750621268,11.3600433325399,208.451885081134));
#6700=CARTESIAN_POINT('Ctrl Pts',(269.488329421102,11.3347738820959,208.39167309783));
#6701=CARTESIAN_POINT('Ctrl Pts',(269.510884241125,11.2842001004121,208.267701343803));
#6702=CARTESIAN_POINT('Ctrl Pts',(269.525025674946,11.2221014006161,208.143788790681));
#6703=CARTESIAN_POINT('Ctrl Pts',(269.528476217656,11.1856685999079,208.083371490258));
#6704=CARTESIAN_POINT('Ctrl Pts',(269.515441612206,11.0852098585325,207.978493099517));
#6705=CARTESIAN_POINT('Ctrl Pts',(269.469812370851,10.9399500501371,207.904144215299));
#6706=CARTESIAN_POINT('Ctrl Pts',(269.44090900234,10.8590287140547,207.874080578546));
#6707=CARTESIAN_POINT('Ctrl Pts',(269.386394658944,10.7012092378298,207.817128343347));
#6708=CARTESIAN_POINT('Ctrl Pts',(269.339616498088,10.5519234168773,207.765383888041));
#6709=CARTESIAN_POINT('Ctrl Pts',(269.318931276956,10.4801836964958,207.740164621943));
#6710=CARTESIAN_POINT('Ctrl Pts',(269.279117751434,10.3370215943444,207.693189284182));
#6711=CARTESIAN_POINT('Ctrl Pts',(269.240853011279,10.1931798451714,207.652801972051));
#6712=CARTESIAN_POINT('Ctrl Pts',(269.221546479049,10.120510566355,207.63429234022));
#6713=CARTESIAN_POINT('Ctrl Pts',(269.182654363269,9.97453321581028,207.599765200192));
#6714=CARTESIAN_POINT('Ctrl Pts',(269.143213994395,9.82806351847306,207.569102236488));
#6715=CARTESIAN_POINT('Ctrl Pts',(269.123374141275,9.75493619371462,207.554439190485));
#6716=CARTESIAN_POINT('Ctrl Pts',(269.063476919485,9.53583333452668,207.512058442779));
#6717=CARTESIAN_POINT('Ctrl Pts',(269.002185961229,9.3164322882027,207.474146863678));
#6718=CARTESIAN_POINT('Ctrl Pts',(268.960487507701,9.16889928624812,207.450583997375));
#6719=CARTESIAN_POINT('Ctrl Pts',(268.875192677089,8.87000951026301,207.407205227803));
#6720=CARTESIAN_POINT('Ctrl Pts',(268.785360040162,8.56324446902867,207.371996593082));
#6721=CARTESIAN_POINT('Ctrl Pts',(268.73910895979,8.40777043097849,207.356660714237));
#6722=CARTESIAN_POINT('Ctrl Pts',(268.643968264307,8.09204294478545,207.330889389853));
#6723=CARTESIAN_POINT('Ctrl Pts',(268.54487310416,7.76426020008203,207.315184616538));
#6724=CARTESIAN_POINT('Ctrl Pts',(268.494670137982,7.5967686362227,207.309932243502));
#6725=CARTESIAN_POINT('Ctrl Pts',(268.393372239899,7.25340018448624,207.305212483982));
#6726=CARTESIAN_POINT('Ctrl Pts',(268.289253355501,6.89627558705112,207.318123101742));
#6727=CARTESIAN_POINT('Ctrl Pts',(268.236255523521,6.71499931420878,207.330415171128));
#6728=CARTESIAN_POINT('Ctrl Pts',(268.127874884953,6.35100438913431,207.372112791447));
#6729=CARTESIAN_POINT('Ctrl Pts',(268.018301097776,5.99866082050553,207.455999808857));
#6730=CARTESIAN_POINT('Ctrl Pts',(267.964042845796,5.82887708387973,207.510517239581));
#6731=CARTESIAN_POINT('Ctrl Pts',(267.886226613024,5.5925055464406,207.612115052174));
#6732=CARTESIAN_POINT('Ctrl Pts',(267.817345836788,5.3915099282165,207.737896544388));
#6733=CARTESIAN_POINT('Ctrl Pts',(267.795573159724,5.32886854589008,207.782219816998));
#6734=CARTESIAN_POINT('Ctrl Pts',(267.754750560718,5.21274048057746,207.874755978949));
#6735=CARTESIAN_POINT('Ctrl Pts',(267.719527788432,5.11428143579334,207.973354393975));
#6736=CARTESIAN_POINT('Ctrl Pts',(267.703360115081,5.06932012186408,208.023736782763));
#6737=CARTESIAN_POINT('Ctrl Pts',(267.673666439741,4.98684464169546,208.125916669408));
#6738=CARTESIAN_POINT('Ctrl Pts',(267.648347183007,4.91627619619303,208.229929728998));
#6739=CARTESIAN_POINT('Ctrl Pts',(267.636556693818,4.8832272772048,208.28214103469));
#6740=CARTESIAN_POINT('Ctrl Pts',(267.614136600476,4.81979104821765,208.386662917487));
#6741=CARTESIAN_POINT('Ctrl Pts',(267.593200043132,4.75886718695163,208.490906838968));
#6742=CARTESIAN_POINT('Ctrl Pts',(267.582888410852,4.72832226749143,208.542841561102));
#6743=CARTESIAN_POINT('Ctrl Pts',(267.55200202946,4.63497612228849,208.697845032481));
#6744=CARTESIAN_POINT('Ctrl Pts',(267.520536967412,4.53491036855571,208.84998986431));
#6745=CARTESIAN_POINT('Ctrl Pts',(267.498698680144,4.46372099345858,208.94972960441));
#6746=CARTESIAN_POINT('Ctrl Pts',(267.453150917177,4.31893917787885,209.146192863613));
#6747=CARTESIAN_POINT('Ctrl Pts',(267.404287177621,4.175955370923,209.336811153728));
#6748=CARTESIAN_POINT('Ctrl Pts',(267.379207122742,4.10669520828473,209.430693754414));
#6749=CARTESIAN_POINT('Ctrl Pts',(267.328104488567,3.97232655168071,209.615667056719));
#6750=CARTESIAN_POINT('Ctrl Pts',(267.275562969213,3.84492747237081,209.795278135803));
#6751=CARTESIAN_POINT('Ctrl Pts',(267.24906290135,3.78263379814449,209.883791816598));
#6752=CARTESIAN_POINT('Ctrl Pts',(267.196051938582,3.66007519353699,210.058300852687));
#6753=CARTESIAN_POINT('Ctrl Pts',(267.143933430654,3.54079868592049,210.228062832945));
#6754=CARTESIAN_POINT('Ctrl Pts',(267.118338543078,3.48177795559873,210.311825367506));
#6755=CARTESIAN_POINT('Ctrl Pts',(267.068279149644,3.3647735301719,210.477381216299));
#6756=CARTESIAN_POINT('Ctrl Pts',(267.020888853544,3.24974954399109,210.639265523027));
#6757=CARTESIAN_POINT('Ctrl Pts',(266.997979638628,3.1927151540057,210.719354730191));
#6758=CARTESIAN_POINT('Ctrl Pts',(266.932393047101,3.02333056057736,210.957034190089));
#6759=CARTESIAN_POINT('Ctrl Pts',(266.875933381345,2.85893393828211,211.187577118614));
#6760=CARTESIAN_POINT('Ctrl Pts',(266.841994347637,2.75142099896825,211.338680682354));
#6761=CARTESIAN_POINT('Ctrl Pts',(266.745209905188,2.43238414596381,211.787106189781));
#6762=CARTESIAN_POINT('Ctrl Pts',(266.655561568959,2.11737278228732,212.228844398495));
#6763=CARTESIAN_POINT('Ctrl Pts',(266.590762124028,1.90149913487203,212.530253809759));
#6764=CARTESIAN_POINT('Ctrl Pts',(266.526444093393,1.69454077416848,212.827337767134));
#6765=CARTESIAN_POINT('Ctrl Pts',(266.461506892468,1.49770416736267,213.119683671073));
#6766=CARTESIAN_POINT('Ctrl Pts',(269.063053124051,14.1894130928082,213.196728894312));
#6767=CARTESIAN_POINT('Ctrl Pts',(269.063249063688,13.992094136509,212.910618438387));
#6768=CARTESIAN_POINT('Ctrl Pts',(269.062179258935,13.7940444136266,212.625261116325));
#6769=CARTESIAN_POINT('Ctrl Pts',(269.057972882236,13.5961797154609,212.342388304726));
#6770=CARTESIAN_POINT('Ctrl Pts',(269.075141241979,13.2994564547164,211.910704967818));
#6771=CARTESIAN_POINT('Ctrl Pts',(269.115255332665,13.0003785574806,211.452206987744));
#6772=CARTESIAN_POINT('Ctrl Pts',(269.130152885447,12.8998311325545,211.296139454895));
#6773=CARTESIAN_POINT('Ctrl Pts',(269.15748732439,12.6933413463929,210.987808094973));
#6774=CARTESIAN_POINT('Ctrl Pts',(269.188786476265,12.4764585148639,210.671319099565));
#6775=CARTESIAN_POINT('Ctrl Pts',(269.20770299828,12.3634667682599,210.503225785316));
#6776=CARTESIAN_POINT('Ctrl Pts',(269.232732985384,12.1812107947316,210.251369139701));
#6777=CARTESIAN_POINT('Ctrl Pts',(269.279991804195,12.016944604157,209.98361239813));
#6778=CARTESIAN_POINT('Ctrl Pts',(269.299596226325,11.9653542313972,209.891283388185));
#6779=CARTESIAN_POINT('Ctrl Pts',(269.345615273239,11.8657345502041,209.699678493629));
#6780=CARTESIAN_POINT('Ctrl Pts',(269.400778576981,11.7710690113866,209.498277710009));
#6781=CARTESIAN_POINT('Ctrl Pts',(269.42973046156,11.7244238326744,209.395905957214));
#6782=CARTESIAN_POINT('Ctrl Pts',(269.496484751047,11.63679637666,209.18182873983));
#6783=CARTESIAN_POINT('Ctrl Pts',(269.570694492222,11.5513393054193,208.954899655107));
#6784=CARTESIAN_POINT('Ctrl Pts',(269.608578672172,11.5079626914257,208.838497707528));
#6785=CARTESIAN_POINT('Ctrl Pts',(269.648264684547,11.4280598736494,208.673741226139));
#6786=CARTESIAN_POINT('Ctrl Pts',(269.65658086864,11.3198066259468,208.523866996265));
#6787=CARTESIAN_POINT('Ctrl Pts',(269.655611669399,11.2802391609094,208.475560530582));
#6788=CARTESIAN_POINT('Ctrl Pts',(269.651111256127,11.1979852738974,208.37733598637));
#6789=CARTESIAN_POINT('Ctrl Pts',(269.640151635506,11.1044456918978,208.277710765737));
#6790=CARTESIAN_POINT('Ctrl Pts',(269.632811043511,11.0536855744607,208.227919677855));
#6791=CARTESIAN_POINT('Ctrl Pts',(269.60425441909,10.9311972379782,208.139182637877));
#6792=CARTESIAN_POINT('Ctrl Pts',(269.556622819878,10.7804096989548,208.069765597307));
#6793=CARTESIAN_POINT('Ctrl Pts',(269.530254221816,10.7014329999449,208.039290171534));
#6794=CARTESIAN_POINT('Ctrl Pts',(269.486613975455,10.5558347411502,207.977082145074));
#6795=CARTESIAN_POINT('Ctrl Pts',(269.454900375357,10.4248148935088,207.916812312268));
#6796=CARTESIAN_POINT('Ctrl Pts',(269.440903827593,10.3610379194038,207.88795758392));
#6797=CARTESIAN_POINT('Ctrl Pts',(269.411457842824,10.2294704184318,207.835959838522));
#6798=CARTESIAN_POINT('Ctrl Pts',(269.379165109622,10.0913158765812,207.793651178899));
#6799=CARTESIAN_POINT('Ctrl Pts',(269.36206518143,10.0205603423684,207.774674884292));
#6800=CARTESIAN_POINT('Ctrl Pts',(269.327021699531,9.87831652251594,207.739269568159));
#6801=CARTESIAN_POINT('Ctrl Pts',(269.29087875232,9.73632052276218,207.707315020895));
#6802=CARTESIAN_POINT('Ctrl Pts',(269.272724359987,9.66589708387176,207.691746187217));
#6803=CARTESIAN_POINT('Ctrl Pts',(269.217931361795,9.45579993148943,207.646099953341));
#6804=CARTESIAN_POINT('Ctrl Pts',(269.161767587882,9.24660835561388,207.603960844165));
#6805=CARTESIAN_POINT('Ctrl Pts',(269.123400681242,9.10505294989847,207.577766517767));
#6806=CARTESIAN_POINT('Ctrl Pts',(269.045146361972,8.81801697846527,207.528661895063));
#6807=CARTESIAN_POINT('Ctrl Pts',(268.962456559444,8.52324707760753,207.487081774175));
#6808=CARTESIAN_POINT('Ctrl Pts',(268.919678141302,8.37399426524515,207.468417527205));
#6809=CARTESIAN_POINT('Ctrl Pts',(268.831162578307,8.07108895821004,207.435645311647));
#6810=CARTESIAN_POINT('Ctrl Pts',(268.738744084976,7.7554326685078,207.411021218449));
#6811=CARTESIAN_POINT('Ctrl Pts',(268.692062058193,7.59347266776399,207.400540610057));
#6812=CARTESIAN_POINT('Ctrl Pts',(268.59834305512,7.25909767841548,207.38306590067));
#6813=CARTESIAN_POINT('Ctrl Pts',(268.501411780224,6.90579349191802,207.379422097011));
#6814=CARTESIAN_POINT('Ctrl Pts',(268.451558433691,6.72488848238924,207.382654602407));
#6815=CARTESIAN_POINT('Ctrl Pts',(268.347639666525,6.35798471676882,207.406164585028));
#6816=CARTESIAN_POINT('Ctrl Pts',(268.239032989228,5.99636529860884,207.475524067195));
#6817=CARTESIAN_POINT('Ctrl Pts',(268.184401985946,5.82052766141377,207.524632011774));
#6818=CARTESIAN_POINT('Ctrl Pts',(268.105193943542,5.57498388062995,207.622358926536));
#6819=CARTESIAN_POINT('Ctrl Pts',(268.033969690623,5.36785979102591,207.749852421201));
#6820=CARTESIAN_POINT('Ctrl Pts',(268.011328664947,5.30368011148677,207.795328710832));
#6821=CARTESIAN_POINT('Ctrl Pts',(267.968654975678,5.18574198269689,207.891091781598));
#6822=CARTESIAN_POINT('Ctrl Pts',(267.931535278836,5.08797732438669,207.994140939567));
#6823=CARTESIAN_POINT('Ctrl Pts',(267.914452763239,5.04398749057246,208.046900627365));
#6824=CARTESIAN_POINT('Ctrl Pts',(267.883076529852,4.96441505452892,208.153811662322));
#6825=CARTESIAN_POINT('Ctrl Pts',(267.856319747639,4.8978960234389,208.262140859329));
#6826=CARTESIAN_POINT('Ctrl Pts',(267.843862277248,4.86696613362022,208.316311140182));
#6827=CARTESIAN_POINT('Ctrl Pts',(267.82010486533,4.80751733219143,208.424290049881));
#6828=CARTESIAN_POINT('Ctrl Pts',(267.797670962948,4.74955758345674,208.531061439037));
#6829=CARTESIAN_POINT('Ctrl Pts',(267.786530960667,4.7201043771736,208.584025685569));
#6830=CARTESIAN_POINT('Ctrl Pts',(267.752874757116,4.62873626229245,208.74147717597));
#6831=CARTESIAN_POINT('Ctrl Pts',(267.717929833694,4.52712237022089,208.894329415995));
#6832=CARTESIAN_POINT('Ctrl Pts',(267.693643125764,4.45366507623364,208.993911619536));
#6833=CARTESIAN_POINT('Ctrl Pts',(267.643340566927,4.30456532626847,209.189408579757));
#6834=CARTESIAN_POINT('Ctrl Pts',(267.589609877529,4.15897018022593,209.378638240045));
#6835=CARTESIAN_POINT('Ctrl Pts',(267.56205454608,4.08916847696173,209.47191500414));
#6836=CARTESIAN_POINT('Ctrl Pts',(267.506466262196,3.95455183108877,209.655687543754));
#6837=CARTESIAN_POINT('Ctrl Pts',(267.450301032322,3.82815661825783,209.834177320847));
#6838=CARTESIAN_POINT('Ctrl Pts',(267.422213539955,3.76653820039905,209.922151732905));
#6839=CARTESIAN_POINT('Ctrl Pts',(267.366363531715,3.64546831850971,210.095596648263));
#6840=CARTESIAN_POINT('Ctrl Pts',(267.31198852874,3.52767127209247,210.264292479506));
#6841=CARTESIAN_POINT('Ctrl Pts',(267.285385001741,3.46931644073437,210.347513283148));
#6842=CARTESIAN_POINT('Ctrl Pts',(267.233517340182,3.3534476319775,210.512015015398));
#6843=CARTESIAN_POINT('Ctrl Pts',(267.184410953311,3.23904869110386,210.672976042251));
#6844=CARTESIAN_POINT('Ctrl Pts',(267.16057811659,3.18216595443315,210.75265509913));
#6845=CARTESIAN_POINT('Ctrl Pts',(267.091852370497,3.01274828690441,210.989255251204));
#6846=CARTESIAN_POINT('Ctrl Pts',(267.031608207945,2.84723197749256,211.219052017596));
#6847=CARTESIAN_POINT('Ctrl Pts',(266.995254761295,2.73880900286245,211.369724821694));
#6848=CARTESIAN_POINT('Ctrl Pts',(266.892107004816,2.41744553497759,211.81667566499));
#6849=CARTESIAN_POINT('Ctrl Pts',(266.799360607299,2.10298514742923,212.254178331905));
#6850=CARTESIAN_POINT('Ctrl Pts',(266.733274105537,1.88920359196105,212.551357391914));
#6851=CARTESIAN_POINT('Ctrl Pts',(266.667581431782,1.68410963535997,212.84437167117));
#6852=CARTESIAN_POINT('Ctrl Pts',(266.601472166558,1.48775143513485,213.134405351679));
#6853=CARTESIAN_POINT('Ctrl Pts',(269.187796258472,14.1505135917833,213.219954658901));
#6854=CARTESIAN_POINT('Ctrl Pts',(269.189514800584,13.9535620744148,212.935618733239));
#6855=CARTESIAN_POINT('Ctrl Pts',(269.189665254195,13.7558691095362,212.651794870604));
#6856=CARTESIAN_POINT('Ctrl Pts',(269.188519256637,13.5591874736436,212.374044248396));
#6857=CARTESIAN_POINT('Ctrl Pts',(269.210478856145,13.2636029003932,211.946830210146));
#6858=CARTESIAN_POINT('Ctrl Pts',(269.256877713169,12.9659449687853,211.488082602949));
#6859=CARTESIAN_POINT('Ctrl Pts',(269.273965139912,12.8654257218032,211.331279935984));
#6860=CARTESIAN_POINT('Ctrl Pts',(269.304302317977,12.6578083662458,211.02346459615));
#6861=CARTESIAN_POINT('Ctrl Pts',(269.339048834677,12.4424213106766,210.70906350374));
#6862=CARTESIAN_POINT('Ctrl Pts',(269.360286145268,12.3315722489139,210.542484948905));
#6863=CARTESIAN_POINT('Ctrl Pts',(269.394535606407,12.1540657283504,210.292173384026));
#6864=CARTESIAN_POINT('Ctrl Pts',(269.457917005982,12.0025645347574,210.020210832895));
#6865=CARTESIAN_POINT('Ctrl Pts',(269.48312283289,11.9557399195454,209.926160461979));
#6866=CARTESIAN_POINT('Ctrl Pts',(269.538648592164,11.8645679994674,209.732123589086));
#6867=CARTESIAN_POINT('Ctrl Pts',(269.598718763064,11.7734706166398,209.531469809786));
#6868=CARTESIAN_POINT('Ctrl Pts',(269.628515608446,11.7265782179208,209.43074649765));
#6869=CARTESIAN_POINT('Ctrl Pts',(269.690586164178,11.6310309421696,209.225836658578));
#6870=CARTESIAN_POINT('Ctrl Pts',(269.74724130387,11.5238389325269,209.018119363585));
#6871=CARTESIAN_POINT('Ctrl Pts',(269.773223994079,11.4665494213605,208.913361321744));
#6872=CARTESIAN_POINT('Ctrl Pts',(269.788631128167,11.3600323084269,208.770655579979));
#6873=CARTESIAN_POINT('Ctrl Pts',(269.76150492881,11.2128438882815,208.653571355648));
#6874=CARTESIAN_POINT('Ctrl Pts',(269.74750335485,11.1588766190159,208.617488123026));
#6875=CARTESIAN_POINT('Ctrl Pts',(269.715961435705,11.0454691193958,208.545738131591));
#6876=CARTESIAN_POINT('Ctrl Pts',(269.682463222548,10.9236065417246,208.471610999737));
#6877=CARTESIAN_POINT('Ctrl Pts',(269.666458555097,10.8610859333684,208.43316887991));
#6878=CARTESIAN_POINT('Ctrl Pts',(269.634755332078,10.7324798057695,208.355873250181));
#6879=CARTESIAN_POINT('Ctrl Pts',(269.606054224079,10.6031502076995,208.279082907047));
#6880=CARTESIAN_POINT('Ctrl Pts',(269.592942722263,10.5397810072617,208.241238291048));
#6881=CARTESIAN_POINT('Ctrl Pts',(269.571406784945,10.4193526735759,208.16629449734));
#6882=CARTESIAN_POINT('Ctrl Pts',(269.554070826279,10.3031782393917,208.097306368543));
#6883=CARTESIAN_POINT('Ctrl Pts',(269.54506383939,10.243946252953,208.065514577729));
#6884=CARTESIAN_POINT('Ctrl Pts',(269.523049982741,10.118074807075,208.009402997329));
#6885=CARTESIAN_POINT('Ctrl Pts',(269.495105170067,9.98185566440742,207.965072434781));
#6886=CARTESIAN_POINT('Ctrl Pts',(269.479944899736,9.91188710613128,207.945246688797));
#6887=CARTESIAN_POINT('Ctrl Pts',(269.448902801303,9.77216838619589,207.907747301157));
#6888=CARTESIAN_POINT('Ctrl Pts',(269.417460970557,9.63592202289602,207.872170935416));
#6889=CARTESIAN_POINT('Ctrl Pts',(269.401949873979,9.56954139956198,207.854206947379));
#6890=CARTESIAN_POINT('Ctrl Pts',(269.35483743751,9.37176764031018,207.801353089779));
#6891=CARTESIAN_POINT('Ctrl Pts',(269.305427290548,9.17321068655572,207.753003223786));
#6892=CARTESIAN_POINT('Ctrl Pts',(269.27128471167,9.03685361240423,207.723562293989));
#6893=CARTESIAN_POINT('Ctrl Pts',(269.202130398323,8.76093034648872,207.66729438021));
#6894=CARTESIAN_POINT('Ctrl Pts',(269.128426664609,8.47785235075411,207.61852650758));
#6895=CARTESIAN_POINT('Ctrl Pts',(269.089915745077,8.3348847007673,207.596322578017));
#6896=CARTESIAN_POINT('Ctrl Pts',(269.00934147218,8.04550873530744,207.556620562495));
#6897=CARTESIAN_POINT('Ctrl Pts',(268.925110107862,7.74361392065125,207.523429954357));
#6898=CARTESIAN_POINT('Ctrl Pts',(268.882941042561,7.58816606882347,207.507799414003));
#6899=CARTESIAN_POINT('Ctrl Pts',(268.799604608063,7.26496445711694,207.476995069274));
#6900=CARTESIAN_POINT('Ctrl Pts',(268.713613552884,6.91814088126343,207.454312528101));
#6901=CARTESIAN_POINT('Ctrl Pts',(268.668838804045,6.73909851486206,207.446661787785));
#6902=CARTESIAN_POINT('Ctrl Pts',(268.573136446133,6.37186910371931,207.44690168597));
#6903=CARTESIAN_POINT('Ctrl Pts',(268.469589808448,6.00101410626632,207.494877853294));
#6904=CARTESIAN_POINT('Ctrl Pts',(268.416767011162,5.81804936111165,207.535000922329));
#6905=CARTESIAN_POINT('Ctrl Pts',(268.339986431226,5.56062842249444,207.624410129752));
#6906=CARTESIAN_POINT('Ctrl Pts',(268.269926452545,5.34455770107958,207.751266935532));
#6907=CARTESIAN_POINT('Ctrl Pts',(268.247486457969,5.2779647187621,207.797390943118));
#6908=CARTESIAN_POINT('Ctrl Pts',(268.204541493107,5.1567495616373,207.89604994276));
#6909=CARTESIAN_POINT('Ctrl Pts',(268.165657376086,5.05876727056263,208.004532188599));
#6910=CARTESIAN_POINT('Ctrl Pts',(268.147276283925,5.01543253063248,208.060480853193));
#6911=CARTESIAN_POINT('Ctrl Pts',(268.112728803539,4.9382388476459,208.174141133567));
#6912=CARTESIAN_POINT('Ctrl Pts',(268.082069666078,4.87530520223154,208.289161100932));
#6913=CARTESIAN_POINT('Ctrl Pts',(268.06758482258,4.84623544342254,208.346457432327));
#6914=CARTESIAN_POINT('Ctrl Pts',(268.039670824498,4.79023985230884,208.460075021211));
#6915=CARTESIAN_POINT('Ctrl Pts',(268.0128511618,4.73480799439052,208.571205460632));
#6916=CARTESIAN_POINT('Ctrl Pts',(267.999456070616,4.70628510066096,208.626014396828));
#6917=CARTESIAN_POINT('Ctrl Pts',(267.958854011053,4.61668004360991,208.788086890398));
#6918=CARTESIAN_POINT('Ctrl Pts',(267.916820051651,4.51419379707352,208.943024550615));
#6919=CARTESIAN_POINT('Ctrl Pts',(267.888159384532,4.43940685904218,209.043037051216));
#6920=CARTESIAN_POINT('Ctrl Pts',(267.830808705595,4.28822683703052,209.238089719946));
#6921=CARTESIAN_POINT('Ctrl Pts',(267.771923001829,4.14211506983253,209.425740366683));
#6922=CARTESIAN_POINT('Ctrl Pts',(267.742009157591,4.07253026946818,209.518269842931));
#6923=CARTESIAN_POINT('Ctrl Pts',(267.682243532661,3.93868388172642,209.700613126942));
#6924=CARTESIAN_POINT('Ctrl Pts',(267.622726367761,3.81363231821353,209.87790786842));
#6925=CARTESIAN_POINT('Ctrl Pts',(267.593121196679,3.75275764728973,209.965358336319));
#6926=CARTESIAN_POINT('Ctrl Pts',(267.534441255401,3.63317331283622,210.137826870575));
#6927=CARTESIAN_POINT('Ctrl Pts',(267.477588096944,3.51662638150122,210.305561830225));
#6928=CARTESIAN_POINT('Ctrl Pts',(267.449809162538,3.45877611199491,210.388272943186));
#6929=CARTESIAN_POINT('Ctrl Pts',(267.395900711649,3.34372530771601,210.551690774901));
#6930=CARTESIAN_POINT('Ctrl Pts',(267.345235096365,3.2297784824127,210.711502757518));
#6931=CARTESIAN_POINT('Ctrl Pts',(267.320698480182,3.17302823344722,210.790606468544));
#6932=CARTESIAN_POINT('Ctrl Pts',(267.249598552404,3.00361910103942,211.025580202387));
#6933=CARTESIAN_POINT('Ctrl Pts',(267.18624529261,2.83717061466164,211.254060567478));
#6934=CARTESIAN_POINT('Ctrl Pts',(267.14755165595,2.72790444870394,211.404005031645));
#6935=CARTESIAN_POINT('Ctrl Pts',(267.038024818968,2.40442814735774,211.848775206899));
#6936=CARTESIAN_POINT('Ctrl Pts',(266.941539183961,2.09055546913542,212.282171740873));
#6937=CARTESIAN_POINT('Ctrl Pts',(266.874095745127,1.87849178369754,212.575798205285));
#6938=CARTESIAN_POINT('Ctrl Pts',(266.806971360434,1.67471119307132,212.865526942926));
#6939=CARTESIAN_POINT('Ctrl Pts',(266.739744861684,1.47911674649391,213.152775216493));
#6940=CARTESIAN_POINT('Ctrl Pts',(269.27014092255,14.1239400393059,213.236566480034));
#6941=CARTESIAN_POINT('Ctrl Pts',(269.273114283457,13.9271444758656,212.953542704519));
#6942=CARTESIAN_POINT('Ctrl Pts',(269.274918628535,13.729867071808,212.671500452393));
#6943=CARTESIAN_POINT('Ctrl Pts',(269.274520969326,13.5336415554736,212.395866276063));
#6944=CARTESIAN_POINT('Ctrl Pts',(269.299807898604,13.2398252112143,211.971538831796));
#6945=CARTESIAN_POINT('Ctrl Pts',(269.349748863398,12.942399493066,211.513507427413));
#6946=CARTESIAN_POINT('Ctrl Pts',(269.368016995299,12.8414234704679,211.356495400043));
#6947=CARTESIAN_POINT('Ctrl Pts',(269.399679502721,12.632047524483,211.049317400373));
#6948=CARTESIAN_POINT('Ctrl Pts',(269.435153323019,12.4157050009577,210.738314058453));
#6949=CARTESIAN_POINT('Ctrl Pts',(269.456425540409,12.3046518200026,210.575180169432));
#6950=CARTESIAN_POINT('Ctrl Pts',(269.499897586101,12.1341039417884,210.324134287494));
#6951=CARTESIAN_POINT('Ctrl Pts',(269.576112993534,11.9925076733708,210.046852030445));
#6952=CARTESIAN_POINT('Ctrl Pts',(269.60511007371,11.9486609264081,209.951286531664));
#6953=CARTESIAN_POINT('Ctrl Pts',(269.66486193565,11.8611887154912,209.756650051237));
#6954=CARTESIAN_POINT('Ctrl Pts',(269.722460544367,11.7677050085325,209.560246292291));
#6955=CARTESIAN_POINT('Ctrl Pts',(269.749119125341,11.7175541758657,209.463148522559));
#6956=CARTESIAN_POINT('Ctrl Pts',(269.800167872497,11.6099580528439,209.270076657954));
#6957=CARTESIAN_POINT('Ctrl Pts',(269.835904531456,11.4804507624408,209.082087886323));
#6958=CARTESIAN_POINT('Ctrl Pts',(269.848621765904,11.4094255518798,208.989093420413));
#6959=CARTESIAN_POINT('Ctrl Pts',(269.840703644706,11.2801761696189,208.866770876862));
#6960=CARTESIAN_POINT('Ctrl Pts',(269.801667768549,11.1208227470772,208.762657129235));
#6961=CARTESIAN_POINT('Ctrl Pts',(269.785758573178,11.0646388612625,208.729533323848));
#6962=CARTESIAN_POINT('Ctrl Pts',(269.753607611207,10.9496472881563,208.662254441925));
#6963=CARTESIAN_POINT('Ctrl Pts',(269.725797514943,10.8325530761441,208.589712015761));
#6964=CARTESIAN_POINT('Ctrl Pts',(269.714298452164,10.7742991371831,208.551265333563));
#6965=CARTESIAN_POINT('Ctrl Pts',(269.693391351621,10.6568269679773,208.472681644342));
#6966=CARTESIAN_POINT('Ctrl Pts',(269.674234528949,10.5376390435221,208.394474474125));
#6967=CARTESIAN_POINT('Ctrl Pts',(269.664485992739,10.4776794057822,208.356398288306));
#6968=CARTESIAN_POINT('Ctrl Pts',(269.645343565978,10.3581905556651,208.28299393849));
#6969=CARTESIAN_POINT('Ctrl Pts',(269.625510991237,10.2366438076013,208.217252038682));
#6970=CARTESIAN_POINT('Ctrl Pts',(269.615089355105,10.1746686700253,208.186837420278));
#6971=CARTESIAN_POINT('Ctrl Pts',(269.592032686493,10.0461371939155,208.131767006904));
#6972=CARTESIAN_POINT('Ctrl Pts',(269.565254731213,9.91043921022373,208.086506501146));
#6973=CARTESIAN_POINT('Ctrl Pts',(269.551032834699,9.84111162034453,208.065993227078));
#6974=CARTESIAN_POINT('Ctrl Pts',(269.522398533931,9.70321427181265,208.026813222734));
#6975=CARTESIAN_POINT('Ctrl Pts',(269.495048165447,9.57272628809334,207.987456762673));
#6976=CARTESIAN_POINT('Ctrl Pts',(269.48208882497,9.51091506814771,207.966711255698));
#6977=CARTESIAN_POINT('Ctrl Pts',(269.440076899738,9.32058687836936,207.90894091291));
#6978=CARTESIAN_POINT('Ctrl Pts',(269.393999201235,9.12392107998432,207.858727395049));
#6979=CARTESIAN_POINT('Ctrl Pts',(269.363396825166,8.99109356642045,207.826772231485));
#6980=CARTESIAN_POINT('Ctrl Pts',(269.300998522699,8.72119506466876,207.765871583116));
#6981=CARTESIAN_POINT('Ctrl Pts',(269.23395993279,8.44523803961483,207.712402624979));
#6982=CARTESIAN_POINT('Ctrl Pts',(269.19854632088,8.30622676307735,207.687981825874));
#6983=CARTESIAN_POINT('Ctrl Pts',(269.123594729189,8.02575692412974,207.64420962787));
#6984=CARTESIAN_POINT('Ctrl Pts',(269.045235242201,7.73346775195757,207.606067795673));
#6985=CARTESIAN_POINT('Ctrl Pts',(269.006421497785,7.58267102256286,207.587353861714));
#6986=CARTESIAN_POINT('Ctrl Pts',(268.931167830818,7.26774664441484,207.548045829791));
#6987=CARTESIAN_POINT('Ctrl Pts',(268.854143988261,6.9266528810688,207.512132453161));
#6988=CARTESIAN_POINT('Ctrl Pts',(268.813630821579,6.74975447473815,207.496648240618));
#6989=CARTESIAN_POINT('Ctrl Pts',(268.725020227726,6.38407758398056,207.479427009433));
#6990=CARTESIAN_POINT('Ctrl Pts',(268.626193590131,6.00794595778508,207.510362967575));
#6991=CARTESIAN_POINT('Ctrl Pts',(268.574373084659,5.82063388565237,207.543648195537));
#6992=CARTESIAN_POINT('Ctrl Pts',(268.503292103511,5.55317619186107,207.623887437175));
#6993=CARTESIAN_POINT('Ctrl Pts',(268.439386284534,5.32814083371562,207.746662393291));
#6994=CARTESIAN_POINT('Ctrl Pts',(268.418506926129,5.25912511113047,207.792349696254));
#6995=CARTESIAN_POINT('Ctrl Pts',(268.376801425843,5.13479599427014,207.8923433023));
#6996=CARTESIAN_POINT('Ctrl Pts',(268.336463630783,5.0363394914693,208.005150952117));
#6997=CARTESIAN_POINT('Ctrl Pts',(268.316660691028,4.99337306976186,208.063848803945));
#6998=CARTESIAN_POINT('Ctrl Pts',(268.277754058985,4.9179347474733,208.183890714457));
#6999=CARTESIAN_POINT('Ctrl Pts',(268.241783363926,4.85740702316913,208.305331562378));
#7000=CARTESIAN_POINT('Ctrl Pts',(268.224810350528,4.82940964371568,208.365486777845));
#7001=CARTESIAN_POINT('Ctrl Pts',(268.192214724684,4.77519837877334,208.484071008892));
#7002=CARTESIAN_POINT('Ctrl Pts',(268.161006205204,4.72089336921509,208.598836530519));
#7003=CARTESIAN_POINT('Ctrl Pts',(268.145419337337,4.69278265597454,208.655171046553));
#7004=CARTESIAN_POINT('Ctrl Pts',(268.098097999755,4.60410324379045,208.821134644643));
#7005=CARTESIAN_POINT('Ctrl Pts',(268.049214503306,4.50188028151632,208.978112149324));
#7006=CARTESIAN_POINT('Ctrl Pts',(268.016195110417,4.42724067294362,209.078849382881));
#7007=CARTESIAN_POINT('Ctrl Pts',(267.952482392606,4.27667510434674,209.274042014268));
#7008=CARTESIAN_POINT('Ctrl Pts',(267.890565967216,4.1314435462009,209.460318799575));
#7009=CARTESIAN_POINT('Ctrl Pts',(267.859607821861,4.06230428558769,209.552067600507));
#7010=CARTESIAN_POINT('Ctrl Pts',(267.797779749969,3.92937491622273,209.733076615429));
#7011=CARTESIAN_POINT('Ctrl Pts',(267.736409573976,3.80527834736506,209.909419519661));
#7012=CARTESIAN_POINT('Ctrl Pts',(267.705899538591,3.74489021323761,209.996497485541));
#7013=CARTESIAN_POINT('Ctrl Pts',(267.645473126827,3.62623729981716,210.168319366996));
#7014=CARTESIAN_POINT('Ctrl Pts',(267.58698472472,3.51040185817112,210.335448994395));
#7015=CARTESIAN_POINT('Ctrl Pts',(267.558412118156,3.45281549629341,210.417825014058));
#7016=CARTESIAN_POINT('Ctrl Pts',(267.503095440074,3.33814244820006,210.580475275615));
#7017=CARTESIAN_POINT('Ctrl Pts',(267.451345705937,3.2243392402208,210.739388033323));
#7018=CARTESIAN_POINT('Ctrl Pts',(267.426337386766,3.16761611174334,210.818023312579));
#7019=CARTESIAN_POINT('Ctrl Pts',(267.353774547333,2.99812488243455,211.051629550105));
#7020=CARTESIAN_POINT('Ctrl Pts',(267.288657317598,2.83116222112235,211.278913985882));
#7021=CARTESIAN_POINT('Ctrl Pts',(267.248535351067,2.72141785537398,211.428179254567));
#7022=CARTESIAN_POINT('Ctrl Pts',(267.134979012247,2.39676467426287,211.870994765508));
#7023=CARTESIAN_POINT('Ctrl Pts',(267.035698580892,2.08321934744797,212.30187068439));
#7024=CARTESIAN_POINT('Ctrl Pts',(266.967852402063,1.87308037503514,212.592018802822));
#7025=CARTESIAN_POINT('Ctrl Pts',(266.899533251891,1.66961658197405,212.880348324743));
#7026=CARTESIAN_POINT('Ctrl Pts',(266.831373265011,1.47420848946541,213.166185296927));
#7027=CARTESIAN_POINT('Ctrl Pts',(269.392722743355,14.0833151680327,213.263538371414));
#7028=CARTESIAN_POINT('Ctrl Pts',(269.398016947008,13.8867339430405,212.982830801116));
#7029=CARTESIAN_POINT('Ctrl Pts',(269.402750118306,13.6900531967452,212.703674088734));
#7030=CARTESIAN_POINT('Ctrl Pts',(269.401832003829,13.4939969424208,212.4296057127));
#7031=CARTESIAN_POINT('Ctrl Pts',(269.432238673029,13.2045502002511,212.009202461742));
#7032=CARTESIAN_POINT('Ctrl Pts',(269.486279966666,12.9062041526303,211.554347419779));
#7033=CARTESIAN_POINT('Ctrl Pts',(269.505610925169,12.8036425609017,211.397992063453));
#7034=CARTESIAN_POINT('Ctrl Pts',(269.538812084593,12.5909033368139,211.092881735883));
#7035=CARTESIAN_POINT('Ctrl Pts',(269.574801980141,12.3711794516223,210.789544174757));
#7036=CARTESIAN_POINT('Ctrl Pts',(269.593454616722,12.2555693910674,210.636095902179));
#7037=CARTESIAN_POINT('Ctrl Pts',(269.654313544647,12.1008210031039,210.378690396333));
#7038=CARTESIAN_POINT('Ctrl Pts',(269.74697724869,11.9721585468493,210.093730041407));
#7039=CARTESIAN_POINT('Ctrl Pts',(269.77966346594,11.9306220323007,209.99717985696));
#7040=CARTESIAN_POINT('Ctrl Pts',(269.84054704455,11.8424821005011,209.805532803562));
#7041=CARTESIAN_POINT('Ctrl Pts',(269.887125476903,11.7378465465057,209.620236697467));
#7042=CARTESIAN_POINT('Ctrl Pts',(269.90532406088,11.6795534137997,209.530352121179));
#7043=CARTESIAN_POINT('Ctrl Pts',(269.934540258327,11.5490323042556,209.357219092184));
#7044=CARTESIAN_POINT('Ctrl Pts',(269.943151021263,11.3895412517474,209.195338923354));
#7045=CARTESIAN_POINT('Ctrl Pts',(269.94123616771,11.302432262517,209.116581546689));
#7046=CARTESIAN_POINT('Ctrl Pts',(269.91771019119,11.1546201477482,209.011720540318));
#7047=CARTESIAN_POINT('Ctrl Pts',(269.878160164698,10.9910111265312,208.915925544409));
#7048=CARTESIAN_POINT('Ctrl Pts',(269.863976405342,10.9352473116867,208.884441484337));
#7049=CARTESIAN_POINT('Ctrl Pts',(269.837227656516,10.8235774759654,208.819672296209));
#7050=CARTESIAN_POINT('Ctrl Pts',(269.816034205303,10.7129236975387,208.749717823584));
#7051=CARTESIAN_POINT('Ctrl Pts',(269.807495940921,10.6582350775077,208.712984395411));
#7052=CARTESIAN_POINT('Ctrl Pts',(269.792063453951,10.5484167643149,208.637950694796));
#7053=CARTESIAN_POINT('Ctrl Pts',(269.776444181641,10.4356260146326,208.563486506851));
#7054=CARTESIAN_POINT('Ctrl Pts',(269.767719434912,10.377970759854,208.527314270717));
#7055=CARTESIAN_POINT('Ctrl Pts',(269.748707309292,10.2604279463443,208.457967506782));
#7056=CARTESIAN_POINT('Ctrl Pts',(269.726988092198,10.1381070031103,208.395603825729));
#7057=CARTESIAN_POINT('Ctrl Pts',(269.7155554293,10.0756854934299,208.366423575426));
#7058=CARTESIAN_POINT('Ctrl Pts',(269.69161767124,9.9480333412156,208.312197990617));
#7059=CARTESIAN_POINT('Ctrl Pts',(269.666340031153,9.81667156526204,208.264901680322));
#7060=CARTESIAN_POINT('Ctrl Pts',(269.653546631813,9.75046007873055,208.242691398111));
#7061=CARTESIAN_POINT('Ctrl Pts',(269.628476351609,9.61947842977926,208.199510783056));
#7062=CARTESIAN_POINT('Ctrl Pts',(269.604361743568,9.49201875722365,208.157892880699));
#7063=CARTESIAN_POINT('Ctrl Pts',(269.592509411357,9.42928981862272,208.137265452746));
#7064=CARTESIAN_POINT('Ctrl Pts',(269.556588917284,9.24145548307906,208.076892659304));
#7065=CARTESIAN_POINT('Ctrl Pts',(269.519060656438,9.05124009347274,208.021725890841));
#7066=CARTESIAN_POINT('Ctrl Pts',(269.49343921127,8.92155027149562,207.987108999329));
#7067=CARTESIAN_POINT('Ctrl Pts',(269.441607160234,8.65939526980018,207.920117351494));
#7068=CARTESIAN_POINT('Ctrl Pts',(269.384519855958,8.39274979359303,207.860793454185));
#7069=CARTESIAN_POINT('Ctrl Pts',(269.353754550633,8.25895275989521,207.83366334112));
#7070=CARTESIAN_POINT('Ctrl Pts',(269.287188752858,7.99047221712993,207.785194579316));
#7071=CARTESIAN_POINT('Ctrl Pts',(269.217766068433,7.7116713213151,207.741493366579));
#7072=CARTESIAN_POINT('Ctrl Pts',(269.184169409736,7.56755847077465,207.719209778571));
#7073=CARTESIAN_POINT('Ctrl Pts',(269.122130484421,7.26495473194773,207.669454552449));
#7074=CARTESIAN_POINT('Ctrl Pts',(269.059985358286,6.93484149675368,207.615965649227));
#7075=CARTESIAN_POINT('Ctrl Pts',(269.026130961099,6.76352886842904,207.589952879991));
#7076=CARTESIAN_POINT('Ctrl Pts',(268.949361116298,6.40601617173405,207.546241540567));
#7077=CARTESIAN_POINT('Ctrl Pts',(268.860983742132,6.02380411239426,207.545829832805));
#7078=CARTESIAN_POINT('Ctrl Pts',(268.81553211946,5.82678392867535,207.562583607067));
#7079=CARTESIAN_POINT('Ctrl Pts',(268.738194827136,5.54868726561518,207.636309791153));
#7080=CARTESIAN_POINT('Ctrl Pts',(268.667186843698,5.31621479524498,207.764515293531));
#7081=CARTESIAN_POINT('Ctrl Pts',(268.645487467812,5.24466262878717,207.812203457047));
#7082=CARTESIAN_POINT('Ctrl Pts',(268.603882666714,5.11610797485685,207.916639988685));
#7083=CARTESIAN_POINT('Ctrl Pts',(268.562561830805,5.01678251436425,208.036382417455));
#7084=CARTESIAN_POINT('Ctrl Pts',(268.541491226057,4.97432677778206,208.09913832486));
#7085=CARTESIAN_POINT('Ctrl Pts',(268.501995351588,4.89916344755612,208.225582705395));
#7086=CARTESIAN_POINT('Ctrl Pts',(268.466472488271,4.8379627611819,208.351169525892));
#7087=CARTESIAN_POINT('Ctrl Pts',(268.449533441776,4.80938139562659,208.41294538538));
#7088=CARTESIAN_POINT('Ctrl Pts',(268.41566564002,4.75398400095223,208.53444506468));
#7089=CARTESIAN_POINT('Ctrl Pts',(268.380643046407,4.69878703541788,208.651649539396));
#7090=CARTESIAN_POINT('Ctrl Pts',(268.362503674403,4.67040775657065,208.709155738631));
#7091=CARTESIAN_POINT('Ctrl Pts',(268.306376202756,4.58143534148426,208.878310999919));
#7092=CARTESIAN_POINT('Ctrl Pts',(268.246816432721,4.4802883454853,209.037194776034));
#7093=CARTESIAN_POINT('Ctrl Pts',(268.207185492155,4.40685319541377,209.138350738378));
#7094=CARTESIAN_POINT('Ctrl Pts',(268.133486903785,4.25933771265141,209.332756570921));
#7095=CARTESIAN_POINT('Ctrl Pts',(268.066756780857,4.11691003310045,209.516343885183));
#7096=CARTESIAN_POINT('Ctrl Pts',(268.034220578902,4.04879961316165,209.606663350488));
#7097=CARTESIAN_POINT('Ctrl Pts',(267.969421309677,3.91762627890839,209.785288260002));
#7098=CARTESIAN_POINT('Ctrl Pts',(267.905471826937,3.79486132590926,209.960033832273));
#7099=CARTESIAN_POINT('Ctrl Pts',(267.873689229865,3.73510226382331,210.046505042221));
#7100=CARTESIAN_POINT('Ctrl Pts',(267.810875870412,3.6176721808027,210.21731760044));
#7101=CARTESIAN_POINT('Ctrl Pts',(267.750218047941,3.50278033047927,210.383534266482));
#7102=CARTESIAN_POINT('Ctrl Pts',(267.720596517033,3.44553750702047,210.465388846296));
#7103=CARTESIAN_POINT('Ctrl Pts',(267.663244463255,3.33123868352376,210.626774515779));
#7104=CARTESIAN_POINT('Ctrl Pts',(267.609675759248,3.21740761676241,210.784149285486));
#7105=CARTESIAN_POINT('Ctrl Pts',(267.583833851915,3.16061892381768,210.861984094549));
#7106=CARTESIAN_POINT('Ctrl Pts',(267.508826913109,2.99080936702274,211.09323577658));
#7107=CARTESIAN_POINT('Ctrl Pts',(267.441156648158,2.82318739453278,211.318379470641));
#7108=CARTESIAN_POINT('Ctrl Pts',(267.399076233117,2.71288764324403,211.466353086891));
#7109=CARTESIAN_POINT('Ctrl Pts',(267.279828930969,2.38688771823611,211.905505218313));
#7110=CARTESIAN_POINT('Ctrl Pts',(267.176091214583,2.07373833132993,212.332840128989));
#7111=CARTESIAN_POINT('Ctrl Pts',(267.107207758922,1.86601576033371,212.618389672703));
#7112=CARTESIAN_POINT('Ctrl Pts',(267.037412753137,1.66334747577284,212.904111859946));
#7113=CARTESIAN_POINT('Ctrl Pts',(266.967892083789,1.46813993631511,213.187908711308));
#7114=CARTESIAN_POINT('Ctrl Pts',(269.513312663965,14.0415821428414,213.293172269678));
#7115=CARTESIAN_POINT('Ctrl Pts',(269.520908117549,13.8451176706968,213.014809089474));
#7116=CARTESIAN_POINT('Ctrl Pts',(269.528282482339,13.6489418498443,212.738228323255));
#7117=CARTESIAN_POINT('Ctrl Pts',(269.526982756724,13.4531112204204,212.464658245695));
#7118=CARTESIAN_POINT('Ctrl Pts',(269.561456130291,13.1678719172086,212.04820043582));
#7119=CARTESIAN_POINT('Ctrl Pts',(269.618500499039,12.8676504159099,211.599210252408));
#7120=CARTESIAN_POINT('Ctrl Pts',(269.638567311785,12.7633510876811,211.444644098724));
#7121=CARTESIAN_POINT('Ctrl Pts',(269.67400633131,12.548295285944,211.14262645494));
#7122=CARTESIAN_POINT('Ctrl Pts',(269.71431852723,12.328041635686,210.844703845284));
#7123=CARTESIAN_POINT('Ctrl Pts',(269.734411286593,12.2111886608915,210.697761808597));
#7124=CARTESIAN_POINT('Ctrl Pts',(269.810630140918,12.0711298339128,210.433415767442));
#7125=CARTESIAN_POINT('Ctrl Pts',(269.905993982186,11.9428371051627,210.149654058954));
#7126=CARTESIAN_POINT('Ctrl Pts',(269.93680663307,11.8982434336463,210.056013341726));
#7127=CARTESIAN_POINT('Ctrl Pts',(269.988479804688,11.7983651937943,209.875599590027));
#7128=CARTESIAN_POINT('Ctrl Pts',(270.017100604533,11.6744246374633,209.707486174995));
#7129=CARTESIAN_POINT('Ctrl Pts',(270.024831393183,11.6056103952501,209.626446979713));
#7130=CARTESIAN_POINT('Ctrl Pts',(270.034352194388,11.454786093941,209.469895862192));
#7131=CARTESIAN_POINT('Ctrl Pts',(270.027958698516,11.2779507088247,209.323230300753));
#7132=CARTESIAN_POINT('Ctrl Pts',(270.019953875551,11.1829291547922,209.252220285383));
#7133=CARTESIAN_POINT('Ctrl Pts',(269.995124828427,11.0294474159686,209.154560422959));
#7134=CARTESIAN_POINT('Ctrl Pts',(269.962996085758,10.8694598637301,209.061264537725));
#7135=CARTESIAN_POINT('Ctrl Pts',(269.952064026855,10.8159002096504,209.030211481111));
#7136=CARTESIAN_POINT('Ctrl Pts',(269.931668696789,10.709484775218,208.966663298087));
#7137=CARTESIAN_POINT('Ctrl Pts',(269.914746549334,10.6041819361461,208.899684324168));
#7138=CARTESIAN_POINT('Ctrl Pts',(269.907343657718,10.5517756957092,208.865160507749));
#7139=CARTESIAN_POINT('Ctrl Pts',(269.892918721585,10.4458985237384,208.79532743178));
#7140=CARTESIAN_POINT('Ctrl Pts',(269.876927768628,10.3360896285362,208.726466434284));
#7141=CARTESIAN_POINT('Ctrl Pts',(269.867944781151,10.2797389959629,208.692915578548));
#7142=CARTESIAN_POINT('Ctrl Pts',(269.848111585802,10.1642535975014,208.628326173524));
#7143=CARTESIAN_POINT('Ctrl Pts',(269.825459674911,10.0437184540864,208.569282117215));
#7144=CARTESIAN_POINT('Ctrl Pts',(269.813647848526,9.98231479628742,208.541289587172));
#7145=CARTESIAN_POINT('Ctrl Pts',(269.789590206325,9.85760877331069,208.488256954748));
#7146=CARTESIAN_POINT('Ctrl Pts',(269.765501860629,9.73057136053872,208.440216780247));
#7147=CARTESIAN_POINT('Ctrl Pts',(269.75366565924,9.66682874980883,208.417220554631));
#7148=CARTESIAN_POINT('Ctrl Pts',(269.730718392278,9.53991953761709,208.372528943143));
#7149=CARTESIAN_POINT('Ctrl Pts',(269.709100542502,9.41453673155489,208.329826008321));
#7150=CARTESIAN_POINT('Ctrl Pts',(269.698603219942,9.35235345704517,208.308799812206));
#7151=CARTESIAN_POINT('Ctrl Pts',(269.667430848774,9.16608100131913,208.247021317929));
#7152=CARTESIAN_POINT('Ctrl Pts',(269.636565173659,8.97895294829878,208.189182018378));
#7153=CARTESIAN_POINT('Ctrl Pts',(269.615555823496,8.85212646927731,208.152430426679));
#7154=CARTESIAN_POINT('Ctrl Pts',(269.572647498631,8.59581594327157,208.081522655146));
#7155=CARTESIAN_POINT('Ctrl Pts',(269.524160863742,8.33614029559794,208.01858215257));
#7156=CARTESIAN_POINT('Ctrl Pts',(269.497607115611,8.20610118099153,207.989741618447));
#7157=CARTESIAN_POINT('Ctrl Pts',(269.439353494935,7.94583459514066,207.938072853337));
#7158=CARTESIAN_POINT('Ctrl Pts',(269.379208377658,7.67632475532821,207.890666406046));
#7159=CARTESIAN_POINT('Ctrl Pts',(269.350803854167,7.53701497844113,207.866142312302));
#7160=CARTESIAN_POINT('Ctrl Pts',(269.301024991946,7.24432349258065,207.810454149842));
#7161=CARTESIAN_POINT('Ctrl Pts',(269.250731540284,6.92755706859404,207.74808588142));
#7162=CARTESIAN_POINT('Ctrl Pts',(269.221464635152,6.76458752366841,207.717108093495));
#7163=CARTESIAN_POINT('Ctrl Pts',(269.150331949607,6.42656356328704,207.659314082115));
#7164=CARTESIAN_POINT('Ctrl Pts',(269.077909919926,6.04653446796419,207.628328036428));
#7165=CARTESIAN_POINT('Ctrl Pts',(269.051473724471,5.83745103858241,207.620759466622));
#7166=CARTESIAN_POINT('Ctrl Pts',(268.997310962475,5.5302059773413,207.664739585473));
#7167=CARTESIAN_POINT('Ctrl Pts',(268.913181911393,5.29073707801298,207.799162771077));
#7168=CARTESIAN_POINT('Ctrl Pts',(268.881919799863,5.2210272072027,207.854092966984));
#7169=CARTESIAN_POINT('Ctrl Pts',(268.823272468948,5.09921180934093,207.974318793881));
#7170=CARTESIAN_POINT('Ctrl Pts',(268.775220689322,5.00659022550767,208.105187206149));
#7171=CARTESIAN_POINT('Ctrl Pts',(268.754526669737,4.96618394258276,208.170813711002));
#7172=CARTESIAN_POINT('Ctrl Pts',(268.717014192761,4.8932129840994,208.30061169193));
#7173=CARTESIAN_POINT('Ctrl Pts',(268.683680866367,4.83057376497636,208.425986883161));
#7174=CARTESIAN_POINT('Ctrl Pts',(268.66703340161,4.80050026242035,208.487239168617));
#7175=CARTESIAN_POINT('Ctrl Pts',(268.631791053394,4.74166212572157,208.607630700064));
#7176=CARTESIAN_POINT('Ctrl Pts',(268.592326288298,4.68306078996176,208.723874017504));
#7177=CARTESIAN_POINT('Ctrl Pts',(268.571424241712,4.65323187868569,208.781004727994));
#7178=CARTESIAN_POINT('Ctrl Pts',(268.506709548143,4.56084740937819,208.948967687402));
#7179=CARTESIAN_POINT('Ctrl Pts',(268.438957056133,4.45942654178857,209.106220566544));
#7180=CARTESIAN_POINT('Ctrl Pts',(268.395161556994,4.3875093804101,209.205806323678));
#7181=CARTESIAN_POINT('Ctrl Pts',(268.313891627975,4.24394672286861,209.396841322619));
#7182=CARTESIAN_POINT('Ctrl Pts',(268.24211826502,4.10525329568204,209.577170440718));
#7183=CARTESIAN_POINT('Ctrl Pts',(268.20768055293,4.03844955699229,209.666083252855));
#7184=CARTESIAN_POINT('Ctrl Pts',(268.139403826513,3.90922592360513,209.842491053147));
#7185=CARTESIAN_POINT('Ctrl Pts',(268.072534712944,3.78743357050231,210.015757396104));
#7186=CARTESIAN_POINT('Ctrl Pts',(268.039377975945,3.72802416807547,210.101568857277));
#7187=CARTESIAN_POINT('Ctrl Pts',(267.974140814714,3.61124435943847,210.27112361179));
#7188=CARTESIAN_POINT('Ctrl Pts',(267.91150934852,3.49687750179795,210.436094766485));
#7189=CARTESIAN_POINT('Ctrl Pts',(267.880969564274,3.4398514932894,210.517287056071));
#7190=CARTESIAN_POINT('Ctrl Pts',(267.821756023858,3.32575364551102,210.677166668656));
#7191=CARTESIAN_POINT('Ctrl Pts',(267.766355460343,3.21182289445529,210.832809052605));
#7192=CARTESIAN_POINT('Ctrl Pts',(267.739621877087,3.15494093870629,210.909748756187));
#7193=CARTESIAN_POINT('Ctrl Pts',(267.662018186244,2.98479670791072,211.138351173704));
#7194=CARTESIAN_POINT('Ctrl Pts',(267.591807322067,2.81670791068193,211.361028697384));
#7195=CARTESIAN_POINT('Ctrl Pts',(267.54793346611,2.70608240399868,211.507472881856));
#7196=CARTESIAN_POINT('Ctrl Pts',(267.423388796983,2.37931864419864,211.942219100701));
#7197=CARTESIAN_POINT('Ctrl Pts',(267.315164220566,2.06653202714769,212.365911567954));
#7198=CARTESIAN_POINT('Ctrl Pts',(267.24476988673,1.86048216333953,212.64784154286));
#7199=CARTESIAN_POINT('Ctrl Pts',(267.173710250771,1.65875737304994,212.930633870129));
#7200=CARTESIAN_POINT('Ctrl Pts',(267.102926477364,1.46377118836076,213.212274746618));
#7201=CARTESIAN_POINT('Ctrl Pts',(269.553264439143,14.0275523949745,213.303331389961));
#7202=CARTESIAN_POINT('Ctrl Pts',(269.561596904514,13.831114838032,213.025734781962));
#7203=CARTESIAN_POINT('Ctrl Pts',(269.569767856104,13.6350924582108,212.749942325934));
#7204=CARTESIAN_POINT('Ctrl Pts',(269.568477890394,13.4393808811845,212.476479689257));
#7205=CARTESIAN_POINT('Ctrl Pts',(269.604128456634,13.1553937274485,212.061367439581));
#7206=CARTESIAN_POINT('Ctrl Pts',(269.662088226711,12.8544869892131,211.614609275511));
#7207=CARTESIAN_POINT('Ctrl Pts',(269.682400686357,12.7496510156139,211.460750302739));
#7208=CARTESIAN_POINT('Ctrl Pts',(269.718741929725,12.5340555669825,211.159841006919));
#7209=CARTESIAN_POINT('Ctrl Pts',(269.761128734337,12.3142015842035,210.863203139503));
#7210=CARTESIAN_POINT('Ctrl Pts',(269.782495331206,12.1977056686033,210.717649079234));
#7211=CARTESIAN_POINT('Ctrl Pts',(269.863264289258,12.0620105587708,210.451244123028));
#7212=CARTESIAN_POINT('Ctrl Pts',(269.957501776505,11.931955648967,210.169298038784));
#7213=CARTESIAN_POINT('Ctrl Pts',(269.986937798473,11.8856367033043,210.077158783772));
#7214=CARTESIAN_POINT('Ctrl Pts',(270.034284143984,11.7805421595433,209.901494855017));
#7215=CARTESIAN_POINT('Ctrl Pts',(270.056393568214,11.6494607742294,209.739685043932));
#7216=CARTESIAN_POINT('Ctrl Pts',(270.060618714041,11.5770235924337,209.661702688052));
#7217=CARTESIAN_POINT('Ctrl Pts',(270.06435127847,11.4202501232883,209.509960530853));
#7218=CARTESIAN_POINT('Ctrl Pts',(270.054653949732,11.2394532128943,209.366846864054));
#7219=CARTESIAN_POINT('Ctrl Pts',(270.045626508662,11.1427934790985,209.297610811031));
#7220=CARTESIAN_POINT('Ctrl Pts',(270.021538917891,10.9885804153506,209.201452129045));
#7221=CARTESIAN_POINT('Ctrl Pts',(269.99204568528,10.8300727563975,209.108811735698));
#7222=CARTESIAN_POINT('Ctrl Pts',(269.98211673421,10.7772246910541,209.077933417659));
#7223=CARTESIAN_POINT('Ctrl Pts',(269.963509988602,10.6723461255121,209.014949765648));
#7224=CARTESIAN_POINT('Ctrl Pts',(269.947571357803,10.5684329892617,208.949160069599));
#7225=CARTESIAN_POINT('Ctrl Pts',(269.940354459398,10.5165840701758,208.915443763358));
#7226=CARTESIAN_POINT('Ctrl Pts',(269.925965343765,10.4116611891646,208.847432283385));
#7227=CARTESIAN_POINT('Ctrl Pts',(269.909751191671,10.3026810014229,208.780431764866));
#7228=CARTESIAN_POINT('Ctrl Pts',(269.900693901222,10.2467588212769,208.747728359334));
#7229=CARTESIAN_POINT('Ctrl Pts',(269.880730815959,10.1321067076238,208.684634068465));
#7230=CARTESIAN_POINT('Ctrl Pts',(269.858026226822,10.0124692553175,208.626604993));
#7231=CARTESIAN_POINT('Ctrl Pts',(269.846216757983,9.95155715361036,208.598979416452));
#7232=CARTESIAN_POINT('Ctrl Pts',(269.822304857149,9.82802376072592,208.546362724288));
#7233=CARTESIAN_POINT('Ctrl Pts',(269.798644733839,9.70237129213467,208.498233662909));
#7234=CARTESIAN_POINT('Ctrl Pts',(269.78709443332,9.63933512534995,208.475098634184));
#7235=CARTESIAN_POINT('Ctrl Pts',(269.764801603853,9.51364836678571,208.430085313367));
#7236=CARTESIAN_POINT('Ctrl Pts',(269.743978198786,9.3890261005731,208.387072034605));
#7237=CARTESIAN_POINT('Ctrl Pts',(269.733901106012,9.32706750355477,208.365929065938));
#7238=CARTESIAN_POINT('Ctrl Pts',(269.70418067766,9.14144640503793,208.303720088789));
#7239=CARTESIAN_POINT('Ctrl Pts',(269.675216457331,8.95507303807188,208.245232264473));
#7240=CARTESIAN_POINT('Ctrl Pts',(269.655600528672,8.82907627764586,208.207906001385));
#7241=CARTESIAN_POINT('Ctrl Pts',(269.615371860895,8.57450656567816,208.135981109807));
#7242=CARTESIAN_POINT('Ctrl Pts',(269.569535314536,8.31687628073923,208.072107715027));
#7243=CARTESIAN_POINT('Ctrl Pts',(269.544313320633,8.18790777040826,208.042812895962));
#7244=CARTESIAN_POINT('Ctrl Pts',(269.488817734564,7.9298705781228,207.990215889466));
#7245=CARTESIAN_POINT('Ctrl Pts',(269.431804756855,7.66284656680352,207.941736811673));
#7246=CARTESIAN_POINT('Ctrl Pts',(269.405110419012,7.52485420640167,207.916602823114));
#7247=CARTESIAN_POINT('Ctrl Pts',(269.359173792245,7.23508198449326,207.859496702579));
#7248=CARTESIAN_POINT('Ctrl Pts',(269.312225725454,6.92296068755887,207.795408482279));
#7249=CARTESIAN_POINT('Ctrl Pts',(269.284134237228,6.76303000201572,207.763584131317));
#7250=CARTESIAN_POINT('Ctrl Pts',(269.213771689507,6.43288874407854,207.703140473183));
#7251=CARTESIAN_POINT('Ctrl Pts',(269.147264643434,6.05479135334489,207.662578320889));
#7252=CARTESIAN_POINT('Ctrl Pts',(269.128690067899,5.8416063874596,207.646250937068));
#7253=CARTESIAN_POINT('Ctrl Pts',(269.088742097368,5.52104061230951,207.675568105597));
#7254=CARTESIAN_POINT('Ctrl Pts',(269.000045078827,5.27913499156437,207.811683762033));
#7255=CARTESIAN_POINT('Ctrl Pts',(268.963860651482,5.2109612155532,207.870091675582));
#7256=CARTESIAN_POINT('Ctrl Pts',(268.896544736498,5.09328640347823,207.997460204422));
#7257=CARTESIAN_POINT('Ctrl Pts',(268.84618536333,5.00360016188695,208.131953486412));
#7258=CARTESIAN_POINT('Ctrl Pts',(268.826211607134,4.96391462179385,208.198057872805));
#7259=CARTESIAN_POINT('Ctrl Pts',(268.78937172402,4.89212491041577,208.328673328418));
#7260=CARTESIAN_POINT('Ctrl Pts',(268.75615742442,4.82933266985607,208.453863682206));
#7261=CARTESIAN_POINT('Ctrl Pts',(268.739298353853,4.79881358137383,208.514840243678));
#7262=CARTESIAN_POINT('Ctrl Pts',(268.703050676227,4.73881538580335,208.634619714949));
#7263=CARTESIAN_POINT('Ctrl Pts',(268.661765911684,4.67890009815931,208.75024096018));
#7264=CARTESIAN_POINT('Ctrl Pts',(268.639850451871,4.64847235910688,208.807083327206));
#7265=CARTESIAN_POINT('Ctrl Pts',(268.572215945582,4.55458837486792,208.974138501709));
#7266=CARTESIAN_POINT('Ctrl Pts',(268.502170799392,4.45281242138917,209.130355948528));
#7267=CARTESIAN_POINT('Ctrl Pts',(268.457363387025,4.38138782542882,209.229155706892));
#7268=CARTESIAN_POINT('Ctrl Pts',(268.373988804298,4.23914240479851,209.418727743477));
#7269=CARTESIAN_POINT('Ctrl Pts',(268.30054857739,4.10173164020283,209.597918132787));
#7270=CARTESIAN_POINT('Ctrl Pts',(268.26543542884,4.03537630161653,209.686381599711));
#7271=CARTESIAN_POINT('Ctrl Pts',(268.195918612873,3.90680098256721,209.862102694071));
#7272=CARTESIAN_POINT('Ctrl Pts',(268.128008745416,3.78528164229579,210.034906984461));
#7273=CARTESIAN_POINT('Ctrl Pts',(268.094372236205,3.72595135147209,210.120493289575));
#7274=CARTESIAN_POINT('Ctrl Pts',(268.028306064968,3.60930940947264,210.289590660572));
#7275=CARTESIAN_POINT('Ctrl Pts',(267.965030333673,3.49506036979815,210.454092094718));
#7276=CARTESIAN_POINT('Ctrl Pts',(267.93419706951,3.43809099032129,210.5350418022));
#7277=CARTESIAN_POINT('Ctrl Pts',(267.874387132843,3.32404735691699,210.694387972535));
#7278=CARTESIAN_POINT('Ctrl Pts',(267.8183863893,3.21008910479218,210.849435070821));
#7279=CARTESIAN_POINT('Ctrl Pts',(267.791354148107,3.15317889839841,210.926068398283));
#7280=CARTESIAN_POINT('Ctrl Pts',(267.712874624995,2.9829334418777,211.153763309591));
#7281=CARTESIAN_POINT('Ctrl Pts',(267.641809266996,2.81471099388941,211.375593277405));
#7282=CARTESIAN_POINT('Ctrl Pts',(267.59735035701,2.70400195439403,211.521509980681));
#7283=CARTESIAN_POINT('Ctrl Pts',(267.471077245149,2.37704670256974,211.954722552583));
#7284=CARTESIAN_POINT('Ctrl Pts',(267.361373125791,2.06438257977707,212.377166825211));
#7285=CARTESIAN_POINT('Ctrl Pts',(267.290440527865,1.85882175469987,212.657977873637));
#7286=CARTESIAN_POINT('Ctrl Pts',(267.218965223913,1.65740630654005,212.939786720679));
#7287=CARTESIAN_POINT('Ctrl Pts',(267.147770303503,1.46249744627047,213.220692793891));
#7288=CARTESIAN_POINT('Ctrl Pts',(269.612790195691,14.0063342461988,213.318968992266));
#7289=CARTESIAN_POINT('Ctrl Pts',(269.622151806221,13.8099155214853,213.042482781098));
#7290=CARTESIAN_POINT('Ctrl Pts',(269.631310843381,13.6140944043457,212.767728067616));
#7291=CARTESIAN_POINT('Ctrl Pts',(269.630428971357,13.4186896304195,212.494414288358));
#7292=CARTESIAN_POINT('Ctrl Pts',(269.667477916284,13.1361329869874,212.081413176617));
#7293=CARTESIAN_POINT('Ctrl Pts',(269.726762541265,12.8341887232513,211.638334466264));
#7294=CARTESIAN_POINT('Ctrl Pts',(269.74753290072,12.7287323804893,211.485642170638));
#7295=CARTESIAN_POINT('Ctrl Pts',(269.785657357942,12.5129152529702,211.186337092219));
#7296=CARTESIAN_POINT('Ctrl Pts',(269.832170499613,12.2946976412662,210.890645365489));
#7297=CARTESIAN_POINT('Ctrl Pts',(269.856773423558,12.1801227917281,210.745703169908));
#7298=CARTESIAN_POINT('Ctrl Pts',(269.943084046837,12.0496504133542,210.477108012489));
#7299=CARTESIAN_POINT('Ctrl Pts',(270.032144135308,11.9136502949221,210.200471439293));
#7300=CARTESIAN_POINT('Ctrl Pts',(270.058328982151,11.8636567763518,210.111410291748));
#7301=CARTESIAN_POINT('Ctrl Pts',(270.097331305742,11.7490098076524,209.94416431293));
#7302=CARTESIAN_POINT('Ctrl Pts',(270.109604172845,11.6069943827361,209.792028148223));
#7303=CARTESIAN_POINT('Ctrl Pts',(270.10913340507,11.5295215456215,209.718397039583));
#7304=CARTESIAN_POINT('Ctrl Pts',(270.105921904173,11.365563377809,209.572608478039));
#7305=CARTESIAN_POINT('Ctrl Pts',(270.093548663655,11.1813795854187,209.432900446357));
#7306=CARTESIAN_POINT('Ctrl Pts',(270.084096892437,11.083506264352,209.365400415528));
#7307=CARTESIAN_POINT('Ctrl Pts',(270.062036525267,10.9293728318803,209.270730317941));
#7308=CARTESIAN_POINT('Ctrl Pts',(270.03634258896,10.7731434125463,209.179085592145));
#7309=CARTESIAN_POINT('Ctrl Pts',(270.027755187442,10.7212571270421,209.148550285662));
#7310=CARTESIAN_POINT('Ctrl Pts',(270.011443054695,10.6183337031858,209.086606265756));
#7311=CARTESIAN_POINT('Ctrl Pts',(269.996669987524,10.516050881438,209.0227178497));
#7312=CARTESIAN_POINT('Ctrl Pts',(269.989652300092,10.4648314215633,208.990214935518));
#7313=CARTESIAN_POINT('Ctrl Pts',(269.975249671668,10.3609662490637,208.924877256744));
#7314=CARTESIAN_POINT('Ctrl Pts',(269.95874360842,10.2529665459833,208.860568599113));
#7315=CARTESIAN_POINT('Ctrl Pts',(269.949608209986,10.1975946483249,208.82909645845));
#7316=CARTESIAN_POINT('Ctrl Pts',(269.92961285949,10.0841646963888,208.768158646173));
#7317=CARTESIAN_POINT('Ctrl Pts',(269.907107576636,9.96603953835496,208.71159674392));
#7318=CARTESIAN_POINT('Ctrl Pts',(269.895452579607,9.90596861755853,208.684511864287));
#7319=CARTESIAN_POINT('Ctrl Pts',(269.871996963208,9.78432290719556,208.632574057102));
#7320=CARTESIAN_POINT('Ctrl Pts',(269.849065282753,9.66072719787205,208.584479101014));
#7321=CARTESIAN_POINT('Ctrl Pts',(269.837942803432,9.59870683190246,208.561237256895));
#7322=CARTESIAN_POINT('Ctrl Pts',(269.816567336073,9.47476266049742,208.515938728869));
#7323=CARTESIAN_POINT('Ctrl Pts',(269.796787454615,9.35125804576345,208.472606893002));
#7324=CARTESIAN_POINT('Ctrl Pts',(269.787263630587,9.28968595148769,208.45132602019));
#7325=CARTESIAN_POINT('Ctrl Pts',(269.759395496965,9.10507475272528,208.388642479473));
#7326=CARTESIAN_POINT('Ctrl Pts',(269.732821601053,8.91971688627031,208.329435517843));
#7327=CARTESIAN_POINT('Ctrl Pts',(269.714974478368,8.79477202946167,208.291490977786));
#7328=CARTESIAN_POINT('Ctrl Pts',(269.678207163342,8.54251102792429,208.218491716538));
#7329=CARTESIAN_POINT('Ctrl Pts',(269.635969646487,8.28749648251606,208.153601419791));
#7330=CARTESIAN_POINT('Ctrl Pts',(269.612622261177,8.15983706531297,208.123777395536));
#7331=CARTESIAN_POINT('Ctrl Pts',(269.561239186859,7.90429794434097,208.069928651702));
#7332=CARTESIAN_POINT('Ctrl Pts',(269.508961194411,7.63993510881656,208.019994393519));
#7333=CARTESIAN_POINT('Ctrl Pts',(269.484774070682,7.50339884094287,207.994106804758));
#7334=CARTESIAN_POINT('Ctrl Pts',(269.443959534522,7.21729485542021,207.935719234408));
#7335=CARTESIAN_POINT('Ctrl Pts',(269.400589836228,6.91224156108518,207.871237787481));
#7336=CARTESIAN_POINT('Ctrl Pts',(269.37351359596,6.75706683581088,207.839575439858));
#7337=CARTESIAN_POINT('Ctrl Pts',(269.302006276668,6.44038981379085,207.779460226699));
#7338=CARTESIAN_POINT('Ctrl Pts',(269.24369593576,6.06825015230144,207.728043705186));
#7339=CARTESIAN_POINT('Ctrl Pts',(269.235915485948,5.85157591581184,207.700864456369));
#7340=CARTESIAN_POINT('Ctrl Pts',(269.232609655937,5.50350792861536,207.698219339635));
#7341=CARTESIAN_POINT('Ctrl Pts',(269.157578182309,5.24732161173143,207.821261501984));
#7342=CARTESIAN_POINT('Ctrl Pts',(269.119870525419,5.17856527497682,207.880290262845));
#7343=CARTESIAN_POINT('Ctrl Pts',(269.041673278771,5.06699319311432,208.016453704283));
#7344=CARTESIAN_POINT('Ctrl Pts',(268.97766867086,4.98829912260549,208.163124592324));
#7345=CARTESIAN_POINT('Ctrl Pts',(268.952136039878,4.95361005766284,208.234161010793));
#7346=CARTESIAN_POINT('Ctrl Pts',(268.90619181065,4.88925218665062,208.371709788935));
#7347=CARTESIAN_POINT('Ctrl Pts',(268.867539515534,4.82878061149937,208.498834317246));
#7348=CARTESIAN_POINT('Ctrl Pts',(268.848621930018,4.79816439787687,208.559806094654));
#7349=CARTESIAN_POINT('Ctrl Pts',(268.808473755271,4.73688656272054,208.678937763306));
#7350=CARTESIAN_POINT('Ctrl Pts',(268.763699423816,4.67461059269417,208.793173907267));
#7351=CARTESIAN_POINT('Ctrl Pts',(268.740102329672,4.64303569211977,208.849311357869));
#7352=CARTESIAN_POINT('Ctrl Pts',(268.667974972738,4.54622015595466,209.014178547829));
#7353=CARTESIAN_POINT('Ctrl Pts',(268.595133476618,4.44355558510313,209.168131310338));
#7354=CARTESIAN_POINT('Ctrl Pts',(268.54930077341,4.37286108723585,209.265412708817));
#7355=CARTESIAN_POINT('Ctrl Pts',(268.46363535239,4.23255529238731,209.452305893291));
#7356=CARTESIAN_POINT('Ctrl Pts',(268.38803471361,4.09706292744876,209.629709317941));
#7357=CARTESIAN_POINT('Ctrl Pts',(268.351909434739,4.03136762748562,209.717544620659));
#7358=CARTESIAN_POINT('Ctrl Pts',(268.280468556621,3.90372656946015,209.892358138559));
#7359=CARTESIAN_POINT('Ctrl Pts',(268.210878208429,3.78252875582936,210.06454470008));
#7360=CARTESIAN_POINT('Ctrl Pts',(268.17648094861,3.72325615851942,210.149787083568));
#7361=CARTESIAN_POINT('Ctrl Pts',(268.109120735046,3.60668381697078,210.318121526318));
#7362=CARTESIAN_POINT('Ctrl Pts',(268.044885712413,3.49250832837569,210.481802041486));
#7363=CARTESIAN_POINT('Ctrl Pts',(268.013628714176,3.435598256114,210.562343021156));
#7364=CARTESIAN_POINT('Ctrl Pts',(267.952967116959,3.32162537449043,210.720828965917));
#7365=CARTESIAN_POINT('Ctrl Pts',(267.896099345057,3.20765034270543,210.874954441311));
#7366=CARTESIAN_POINT('Ctrl Pts',(267.868626026399,3.15070881416318,210.951116401661));
#7367=CARTESIAN_POINT('Ctrl Pts',(267.788836176212,2.98034238370213,211.177418270664));
#7368=CARTESIAN_POINT('Ctrl Pts',(267.716474045324,2.81195391650512,211.397953578644));
#7369=CARTESIAN_POINT('Ctrl Pts',(267.671147440172,2.70115483703155,211.543067963058));
#7370=CARTESIAN_POINT('Ctrl Pts',(267.542327236179,2.37400226887401,211.973911607402));
#7371=CARTESIAN_POINT('Ctrl Pts',(267.430454959735,2.06153260465266,212.394398566115));
#7372=CARTESIAN_POINT('Ctrl Pts',(267.358701108014,1.85663276140606,212.673620751746));
#7373=CARTESIAN_POINT('Ctrl Pts',(267.286594880961,1.6556555783957,212.953966670496));
#7374=CARTESIAN_POINT('Ctrl Pts',(267.214787236752,1.46085833387028,213.233757770029));
#7375=CARTESIAN_POINT('Ctrl Pts',(269.671698198071,13.98486267369,213.335192358138));
#7376=CARTESIAN_POINT('Ctrl Pts',(269.681995288267,13.7884262387558,213.059774751909));
#7377=CARTESIAN_POINT('Ctrl Pts',(269.691966902536,13.5927490299718,212.785945241039));
#7378=CARTESIAN_POINT('Ctrl Pts',(269.691971626077,13.3978590046545,212.512690650607));
#7379=CARTESIAN_POINT('Ctrl Pts',(269.729837734757,13.1159553474164,212.101937231575));
#7380=CARTESIAN_POINT('Ctrl Pts',(269.79049184464,12.8130711554592,211.662885247596));
#7381=CARTESIAN_POINT('Ctrl Pts',(269.811931727042,12.7073648509123,211.511439068412));
#7382=CARTESIAN_POINT('Ctrl Pts',(269.85267454565,12.492406310358,211.213429721274));
#7383=CARTESIAN_POINT('Ctrl Pts',(269.904362131796,12.2770007962028,210.917502436705));
#7384=CARTESIAN_POINT('Ctrl Pts',(269.93327034608,12.1655567571507,210.771645181805));
#7385=CARTESIAN_POINT('Ctrl Pts',(270.022557874979,12.0376343896665,210.502834711789));
#7386=CARTESIAN_POINT('Ctrl Pts',(270.102038749048,11.8914265721416,210.234988960417));
#7387=CARTESIAN_POINT('Ctrl Pts',(270.123641496877,11.8365357860481,210.149967924957));
#7388=CARTESIAN_POINT('Ctrl Pts',(270.152798820805,11.7110679168532,209.991992270951));
#7389=CARTESIAN_POINT('Ctrl Pts',(270.156296839746,11.5591463441363,209.848689562236));
#7390=CARTESIAN_POINT('Ctrl Pts',(270.152349445206,11.4777306819489,209.778649099759));
#7391=CARTESIAN_POINT('Ctrl Pts',(270.144821657007,11.3092722663402,209.636996961242));
#7392=CARTESIAN_POINT('Ctrl Pts',(270.132289530316,11.1246636024428,209.498745308893));
#7393=CARTESIAN_POINT('Ctrl Pts',(270.123495614139,11.026939550355,209.432099731091));
#7394=CARTESIAN_POINT('Ctrl Pts',(270.104129227537,10.8740922776569,209.338318419917));
#7395=CARTESIAN_POINT('Ctrl Pts',(270.081783077828,10.7199746788435,209.247831149905));
#7396=CARTESIAN_POINT('Ctrl Pts',(270.074282942535,10.6688390510608,209.217759849545));
#7397=CARTESIAN_POINT('Ctrl Pts',(270.059745534252,10.5672803763744,209.157093039407));
#7398=CARTESIAN_POINT('Ctrl Pts',(270.045810885959,10.4659418546095,209.095198620094));
#7399=CARTESIAN_POINT('Ctrl Pts',(270.038935087837,10.4150466837215,209.063882080376));
#7400=CARTESIAN_POINT('Ctrl Pts',(270.024540200762,10.3117111977477,209.001081602811));
#7401=CARTESIAN_POINT('Ctrl Pts',(270.007925404543,10.2043471049747,208.939278450738));
#7402=CARTESIAN_POINT('Ctrl Pts',(269.998817734433,10.1494054576299,208.908959975004));
#7403=CARTESIAN_POINT('Ctrl Pts',(269.979071033127,10.0371119173858,208.850051115648));
#7404=CARTESIAN_POINT('Ctrl Pts',(269.957119027925,9.92060665191249,208.794914228012));
#7405=CARTESIAN_POINT('Ctrl Pts',(269.945798525439,9.86145221529803,208.768377691921));
#7406=CARTESIAN_POINT('Ctrl Pts',(269.923080231062,9.74176887019616,208.717218028639));
#7407=CARTESIAN_POINT('Ctrl Pts',(269.900962151416,9.62015118236833,208.669385461541));
#7408=CARTESIAN_POINT('Ctrl Pts',(269.890249383263,9.55906370826804,208.646175366606));
#7409=CARTESIAN_POINT('Ctrl Pts',(269.869676382031,9.43672501976054,208.600850512685));
#7410=CARTESIAN_POINT('Ctrl Pts',(269.850700667927,9.31430583881721,208.55740165324));
#7411=CARTESIAN_POINT('Ctrl Pts',(269.84158768674,9.25314340448011,208.536063401034));
#7412=CARTESIAN_POINT('Ctrl Pts',(269.815051695568,9.06957614784202,208.473176968067));
#7413=CARTESIAN_POINT('Ctrl Pts',(269.790146479604,8.88508723274165,208.413652283915));
#7414=CARTESIAN_POINT('Ctrl Pts',(269.773584383996,8.76098931247355,208.375430551725));
#7415=CARTESIAN_POINT('Ctrl Pts',(269.739425437779,8.51063560445544,208.301995027406));
#7416=CARTESIAN_POINT('Ctrl Pts',(269.700209700562,8.25758097257279,208.236598841605));
#7417=CARTESIAN_POINT('Ctrl Pts',(269.678539772158,8.13080383623958,208.206442863205));
#7418=CARTESIAN_POINT('Ctrl Pts',(269.631126239113,7.87660136377651,208.151548339735));
#7419=CARTESIAN_POINT('Ctrl Pts',(269.583437330086,7.61345046941335,208.100409731722));
#7420=CARTESIAN_POINT('Ctrl Pts',(269.561564001152,7.47765317599051,208.07400915285));
#7421=CARTESIAN_POINT('Ctrl Pts',(269.524704628142,7.19417018565031,208.015488843529));
#7422=CARTESIAN_POINT('Ctrl Pts',(269.482682968564,6.89588516054517,207.953574293049));
#7423=CARTESIAN_POINT('Ctrl Pts',(269.455446212916,6.74546454739434,207.924030795257));
#7424=CARTESIAN_POINT('Ctrl Pts',(269.380190045124,6.44288095840123,207.870341231563));
#7425=CARTESIAN_POINT('Ctrl Pts',(269.326759131574,6.08076274958207,207.816802256828));
#7426=CARTESIAN_POINT('Ctrl Pts',(269.326248192097,5.86508098096605,207.784585064058));
#7427=CARTESIAN_POINT('Ctrl Pts',(269.365955040888,5.49070184241926,207.748654894889));
#7428=CARTESIAN_POINT('Ctrl Pts',(269.326666137419,5.21192894547283,207.842289088516));
#7429=CARTESIAN_POINT('Ctrl Pts',(269.29699499008,5.13836107595296,207.894517268071));
#7430=CARTESIAN_POINT('Ctrl Pts',(269.215494521154,5.02997201174355,208.032641663792));
#7431=CARTESIAN_POINT('Ctrl Pts',(269.129368371939,4.96616749847409,208.194642603599));
#7432=CARTESIAN_POINT('Ctrl Pts',(269.093032610382,4.93848618751347,208.272350959006));
#7433=CARTESIAN_POINT('Ctrl Pts',(269.030204100737,4.88435060434961,208.418492131483));
#7434=CARTESIAN_POINT('Ctrl Pts',(268.981218111334,4.8278340656572,208.547951961183));
#7435=CARTESIAN_POINT('Ctrl Pts',(268.958463960035,4.79769467929197,208.608999416021));
#7436=CARTESIAN_POINT('Ctrl Pts',(268.91202409411,4.73571347352982,208.727323341472));
#7437=CARTESIAN_POINT('Ctrl Pts',(268.862970374753,4.67106220293963,208.839671242765));
#7438=CARTESIAN_POINT('Ctrl Pts',(268.837507061038,4.63830930777634,208.894836446335));
#7439=CARTESIAN_POINT('Ctrl Pts',(268.760630887521,4.53855032037737,209.056768468859));
#7440=CARTESIAN_POINT('Ctrl Pts',(268.68545899399,4.43516293133246,209.207858606841));
#7441=CARTESIAN_POINT('Ctrl Pts',(268.639121557519,4.36532973564217,209.303280921731));
#7442=CARTESIAN_POINT('Ctrl Pts',(268.552290450154,4.22702502763494,209.4869991548));
#7443=CARTESIAN_POINT('Ctrl Pts',(268.475099179043,4.09335931184247,209.662557544211));
#7444=CARTESIAN_POINT('Ctrl Pts',(268.437997589325,4.02826965624911,209.749852191532));
#7445=CARTESIAN_POINT('Ctrl Pts',(268.364580830605,3.90146364593329,209.923977756588));
#7446=CARTESIAN_POINT('Ctrl Pts',(268.293156117251,3.78046868790338,210.095679940881));
#7447=CARTESIAN_POINT('Ctrl Pts',(268.257947440964,3.72117947756821,210.180573374732));
#7448=CARTESIAN_POINT('Ctrl Pts',(268.189235271044,3.60449605907916,210.348015868092));
#7449=CARTESIAN_POINT('Ctrl Pts',(268.124059318768,3.49024435581025,210.510660149849));
#7450=CARTESIAN_POINT('Ctrl Pts',(268.092404192915,3.43335035746248,210.590700857186));
#7451=CARTESIAN_POINT('Ctrl Pts',(268.03095580776,3.31941936065023,210.748192825189));
#7452=CARTESIAN_POINT('Ctrl Pts',(267.973273751235,3.20545429956761,210.901327902329));
#7453=CARTESIAN_POINT('Ctrl Pts',(267.945373023708,3.14849617920328,210.976994266789));
#7454=CARTESIAN_POINT('Ctrl Pts',(267.864286574945,2.97805187255728,211.201846515832));
#7455=CARTESIAN_POINT('Ctrl Pts',(267.79060503501,2.80954751939351,211.421066152806));
#7456=CARTESIAN_POINT('Ctrl Pts',(267.744418442676,2.69870640994975,211.565374066641));
#7457=CARTESIAN_POINT('Ctrl Pts',(267.613113016867,2.3714842673836,211.993777322009));
#7458=CARTESIAN_POINT('Ctrl Pts',(267.499173966424,2.05923540558122,212.412164112027));
#7459=CARTESIAN_POINT('Ctrl Pts',(267.426619999907,1.85490308442578,212.689904979823));
#7460=CARTESIAN_POINT('Ctrl Pts',(267.353851325833,1.6543218612239,212.968805526149));
#7461=CARTESIAN_POINT('Ctrl Pts',(267.281430588885,1.45962356496936,213.24746879263));
#7462=CARTESIAN_POINT('Ctrl Pts',(269.691264629288,13.9776777054255,213.340664459586));
#7463=CARTESIAN_POINT('Ctrl Pts',(269.701864091586,13.7812310772867,213.065599230579));
#7464=CARTESIAN_POINT('Ctrl Pts',(269.712093859953,13.5855947639515,212.79207093402));
#7465=CARTESIAN_POINT('Ctrl Pts',(269.712442079675,13.3909002828857,212.518822820896));
#7466=CARTESIAN_POINT('Ctrl Pts',(269.750514229894,13.109121762893,212.108833757221));
#7467=CARTESIAN_POINT('Ctrl Pts',(269.811636309533,12.8059414312144,211.67115430372));
#7468=CARTESIAN_POINT('Ctrl Pts',(269.83332718582,12.7001981980391,211.520127930932));
#7469=CARTESIAN_POINT('Ctrl Pts',(269.875045799034,12.4856566645268,211.222504300591));
#7470=CARTESIAN_POINT('Ctrl Pts',(269.928549669715,12.2712994831194,210.926381877036));
#7471=CARTESIAN_POINT('Ctrl Pts',(269.958964292792,12.1609890482488,210.780084264992));
#7472=CARTESIAN_POINT('Ctrl Pts',(270.048923347447,12.0335811017394,210.511456667361));
#7473=CARTESIAN_POINT('Ctrl Pts',(270.124765554222,11.8835330985388,210.246907484047));
#7474=CARTESIAN_POINT('Ctrl Pts',(270.144717011954,11.8268959451737,210.163325095225));
#7475=CARTESIAN_POINT('Ctrl Pts',(270.170494324489,11.6977511672898,210.008476139978));
#7476=CARTESIAN_POINT('Ctrl Pts',(270.171248692999,11.5427153697324,209.867962131552));
#7477=CARTESIAN_POINT('Ctrl Pts',(270.166298778099,11.4601338607127,209.799012102968));
#7478=CARTESIAN_POINT('Ctrl Pts',(270.157626835787,11.2904791738503,209.658540473668));
#7479=CARTESIAN_POINT('Ctrl Pts',(270.145272271292,11.1060111138497,209.520608143766));
#7480=CARTESIAN_POINT('Ctrl Pts',(270.136785082079,11.0084601499069,209.454177350447));
#7481=CARTESIAN_POINT('Ctrl Pts',(270.118349002908,10.8561425683531,209.360657231829));
#7482=CARTESIAN_POINT('Ctrl Pts',(270.097055389129,10.7026956135583,209.270582261661));
#7483=CARTESIAN_POINT('Ctrl Pts',(270.089888977686,10.6517839654095,209.240678999792));
#7484=CARTESIAN_POINT('Ctrl Pts',(270.075890090927,10.5506122854324,209.180460710986));
#7485=CARTESIAN_POINT('Ctrl Pts',(270.062208794072,10.4495145862897,209.119235127902));
#7486=CARTESIAN_POINT('Ctrl Pts',(270.055378941803,10.3986953470849,209.088308488705));
#7487=CARTESIAN_POINT('Ctrl Pts',(270.040998329928,10.295481798478,209.026334448788));
#7488=CARTESIAN_POINT('Ctrl Pts',(270.024374369173,10.1882936688124,208.965343627144));
#7489=CARTESIAN_POINT('Ctrl Pts',(270.015289986282,10.1334821207876,208.935400587517));
#7490=CARTESIAN_POINT('Ctrl Pts',(269.995657938949,10.0215534541129,208.877154872108));
#7491=CARTESIAN_POINT('Ctrl Pts',(269.973925268452,9.90559083577842,208.822491126039));
#7492=CARTESIAN_POINT('Ctrl Pts',(269.962733498769,9.84674530325484,208.796139596963));
#7493=CARTESIAN_POINT('Ctrl Pts',(269.940287873902,9.72771719729408,208.745251392602));
#7494=CARTESIAN_POINT('Ctrl Pts',(269.918448550055,9.60674846907279,208.697529713067));
#7495=CARTESIAN_POINT('Ctrl Pts',(269.907870106573,9.54596355188044,208.674343868483));
#7496=CARTESIAN_POINT('Ctrl Pts',(269.887551031205,9.42414571586971,208.629036404661));
#7497=CARTESIAN_POINT('Ctrl Pts',(269.868814881715,9.30208255373492,208.585571165042));
#7498=CARTESIAN_POINT('Ctrl Pts',(269.859821704312,9.24105694563212,208.564223824423));
#7499=CARTESIAN_POINT('Ctrl Pts',(269.833669393681,9.05783811377356,208.501302153426));
#7500=CARTESIAN_POINT('Ctrl Pts',(269.809240151403,8.87362781902994,208.441715390802));
#7501=CARTESIAN_POINT('Ctrl Pts',(269.793051703447,8.74979299092581,208.403438466958));
#7502=CARTESIAN_POINT('Ctrl Pts',(269.75966622161,8.50003323503813,208.329926441286));
#7503=CARTESIAN_POINT('Ctrl Pts',(269.72139270687,8.24756031414109,208.264415028974));
#7504=CARTESIAN_POINT('Ctrl Pts',(269.700259248308,8.12103088295636,208.234168648015));
#7505=CARTESIAN_POINT('Ctrl Pts',(269.654147309956,7.86715060278477,208.178947984592));
#7506=CARTESIAN_POINT('Ctrl Pts',(269.607961185879,7.60425056509925,208.127436600721));
#7507=CARTESIAN_POINT('Ctrl Pts',(269.586831903887,7.46862318166234,208.100891581836));
#7508=CARTESIAN_POINT('Ctrl Pts',(269.551149927463,7.18589834496004,208.042448250522));
#7509=CARTESIAN_POINT('Ctrl Pts',(269.509325744714,6.8898117020821,207.981701342151));
#7510=CARTESIAN_POINT('Ctrl Pts',(269.481902405114,6.74095887423392,207.953071368405));
#7511=CARTESIAN_POINT('Ctrl Pts',(269.40515072733,6.44304709400061,207.902182868493));
#7512=CARTESIAN_POINT('Ctrl Pts',(269.352860559227,6.08469204135187,207.84908560603));
#7513=CARTESIAN_POINT('Ctrl Pts',(269.354271314449,5.86986566298591,207.815962399475));
#7514=CARTESIAN_POINT('Ctrl Pts',(269.408208860307,5.48747505229421,207.769462871671));
#7515=CARTESIAN_POINT('Ctrl Pts',(269.382772096876,5.20067949676339,207.851892008411));
#7516=CARTESIAN_POINT('Ctrl Pts',(269.356804192786,5.12508076496305,207.901055440677));
#7517=CARTESIAN_POINT('Ctrl Pts',(269.275204982002,5.01731875612714,208.038917414478));
#7518=CARTESIAN_POINT('Ctrl Pts',(269.181263538193,4.95852289407731,208.20591066024));
#7519=CARTESIAN_POINT('Ctrl Pts',(269.141024639093,4.93318141167865,208.28577224885));
#7520=CARTESIAN_POINT('Ctrl Pts',(269.072100252543,4.8824607185434,208.434595841266));
#7521=CARTESIAN_POINT('Ctrl Pts',(269.019295973757,4.82733741449482,208.56473836642));
#7522=CARTESIAN_POINT('Ctrl Pts',(268.995105616562,4.7974079277605,208.625795029461));
#7523=CARTESIAN_POINT('Ctrl Pts',(268.946357796248,4.73525586173918,208.743808486225));
#7524=CARTESIAN_POINT('Ctrl Pts',(268.895803284022,4.66984538937484,208.855483922213));
#7525=CARTESIAN_POINT('Ctrl Pts',(268.869699089873,4.63671558975777,208.910303790798));
#7526=CARTESIAN_POINT('Ctrl Pts',(268.791204972315,4.53602917312903,209.071202004103));
#7527=CARTESIAN_POINT('Ctrl Pts',(268.715282636892,4.43245531708396,209.221295918287));
#7528=CARTESIAN_POINT('Ctrl Pts',(268.668822425709,4.36293136147143,209.31606999536));
#7529=CARTESIAN_POINT('Ctrl Pts',(268.581718236021,4.22530630936124,209.498687176178));
#7530=CARTESIAN_POINT('Ctrl Pts',(268.504063783289,4.09223455272231,209.673627255814));
#7531=CARTESIAN_POINT('Ctrl Pts',(268.466642668349,4.02733867396051,209.760752410009));
#7532=CARTESIAN_POINT('Ctrl Pts',(268.392563973168,3.900797595841,209.934674992983));
#7533=CARTESIAN_POINT('Ctrl Pts',(268.320512033387,3.7798577691199,210.106231627662));
#7534=CARTESIAN_POINT('Ctrl Pts',(268.285027835074,3.72055569234027,210.191008407306));
#7535=CARTESIAN_POINT('Ctrl Pts',(268.215859500009,3.60381650976624,210.358138458916));
#7536=CARTESIAN_POINT('Ctrl Pts',(268.150372309067,3.48952299953677,210.520411137228));
#7537=CARTESIAN_POINT('Ctrl Pts',(268.118587346766,3.43262929333091,210.600273586094));
#7538=CARTESIAN_POINT('Ctrl Pts',(268.056883937567,3.31870838954976,210.757417017591));
#7539=CARTESIAN_POINT('Ctrl Pts',(267.998936521052,3.20474915367089,210.910212967162));
#7540=CARTESIAN_POINT('Ctrl Pts',(267.970895050038,3.14778706651848,210.985711103276));
#7541=CARTESIAN_POINT('Ctrl Pts',(267.889378451769,2.97732147323946,211.210073416068));
#7542=CARTESIAN_POINT('Ctrl Pts',(267.81525458552,2.80878397749978,211.428852945228));
#7543=CARTESIAN_POINT('Ctrl Pts',(267.768781782569,2.69793392043646,211.57289227862));
#7544=CARTESIAN_POINT('Ctrl Pts',(267.636654446956,2.37070237580751,212.000475887952));
#7545=CARTESIAN_POINT('Ctrl Pts',(267.522039125017,2.05853061828641,212.418145854823));
#7546=CARTESIAN_POINT('Ctrl Pts',(267.449223178127,1.85437819293268,212.695403034389));
#7547=CARTESIAN_POINT('Ctrl Pts',(267.376229044539,1.65392387635827,212.973823963332));
#7548=CARTESIAN_POINT('Ctrl Pts',(267.303603517395,1.45925674794691,213.252110306504));
#7549=CARTESIAN_POINT('Ctrl Pts',(269.730257989665,13.9632529905179,213.351736540561));
#7550=CARTESIAN_POINT('Ctrl Pts',(269.74144773969,13.7667770947981,213.077371531114));
#7551=CARTESIAN_POINT('Ctrl Pts',(269.752192251074,13.5712075277031,212.804447874275));
#7552=CARTESIAN_POINT('Ctrl Pts',(269.753296764991,13.3769486718588,212.531173715879));
#7553=CARTESIAN_POINT('Ctrl Pts',(269.791651243592,13.095235039533,212.12273972913));
#7554=CARTESIAN_POINT('Ctrl Pts',(269.853745243441,12.7915096867413,211.68784815973));
#7555=CARTESIAN_POINT('Ctrl Pts',(269.875998909899,12.6857907619816,211.537662393535));
#7556=CARTESIAN_POINT('Ctrl Pts',(269.919887463916,12.4723556957827,211.240698669186));
#7557=CARTESIAN_POINT('Ctrl Pts',(269.977132087757,12.2602494041576,210.944007602648));
#7558=CARTESIAN_POINT('Ctrl Pts',(270.010564693484,12.1522509369982,210.79667164543));
#7559=CARTESIAN_POINT('Ctrl Pts',(270.101147268149,12.025122169027,210.528986202251));
#7560=CARTESIAN_POINT('Ctrl Pts',(270.168980571866,11.8666588933655,210.271666615689));
#7561=CARTESIAN_POINT('Ctrl Pts',(270.185456918507,11.8063683344042,210.191098424958));
#7562=CARTESIAN_POINT('Ctrl Pts',(270.204469445609,11.6699134254322,210.042429453915));
#7563=CARTESIAN_POINT('Ctrl Pts',(270.200222304125,11.5091654482509,209.907060240457));
#7564=CARTESIAN_POINT('Ctrl Pts',(270.193595823238,11.4245819588283,209.840047490261));
#7565=CARTESIAN_POINT('Ctrl Pts',(270.183189381718,11.2531197161687,209.701566596277));
#7566=CARTESIAN_POINT('Ctrl Pts',(270.171529088041,11.0693766714039,209.564055874149));
#7567=CARTESIAN_POINT('Ctrl Pts',(270.16376401705,10.9723553620256,209.497972630723));
#7568=CARTESIAN_POINT('Ctrl Pts',(270.147186848365,10.8212342148476,209.404956051959));
#7569=CARTESIAN_POINT('Ctrl Pts',(270.127859644004,10.6690414076246,209.315763459174));
#7570=CARTESIAN_POINT('Ctrl Pts',(270.121305539734,10.6185232728326,209.286219756834));
#7571=CARTESIAN_POINT('Ctrl Pts',(270.10828804245,10.5179915998294,209.226933633037));
#7572=CARTESIAN_POINT('Ctrl Pts',(270.09507429409,10.4172360013978,209.167043784341));
#7573=CARTESIAN_POINT('Ctrl Pts',(270.088338353469,10.3665086915946,209.136882871634));
#7574=CARTESIAN_POINT('Ctrl Pts',(270.074017205833,10.2634394498924,209.076520444156));
#7575=CARTESIAN_POINT('Ctrl Pts',(270.057433891815,10.1565397718075,209.017109593253));
#7576=CARTESIAN_POINT('Ctrl Pts',(270.048426098505,10.1019647751256,208.987899948866));
#7577=CARTESIAN_POINT('Ctrl Pts',(270.029085972406,9.99073739755438,208.930957245033));
#7578=CARTESIAN_POINT('Ctrl Pts',(270.007853420564,9.87585550895278,208.877240267597));
#7579=CARTESIAN_POINT('Ctrl Pts',(269.996948004836,9.81762812784791,208.851265120334));
#7580=CARTESIAN_POINT('Ctrl Pts',(269.975091531146,9.69990197373188,208.800945202988));
#7581=CARTESIAN_POINT('Ctrl Pts',(269.953818508895,9.58020473090696,208.753489176175));
#7582=CARTESIAN_POINT('Ctrl Pts',(269.943502411851,9.52000690416506,208.730376804438));
#7583=CARTESIAN_POINT('Ctrl Pts',(269.923661328807,9.39919893456655,208.68515295757));
#7584=CARTESIAN_POINT('Ctrl Pts',(269.905345801424,9.27783094060996,208.641699973417));
#7585=CARTESIAN_POINT('Ctrl Pts',(269.896557310111,9.21707618454687,208.620355476698));
#7586=CARTESIAN_POINT('Ctrl Pts',(269.87105157491,9.03454853546624,208.557430776543));
#7587=CARTESIAN_POINT('Ctrl Pts',(269.84741822652,8.85087876521892,208.49780692564));
#7588=CARTESIAN_POINT('Ctrl Pts',(269.831870582976,8.72753922779892,208.459490994801));
#7589=CARTESIAN_POINT('Ctrl Pts',(269.799844627301,8.47889093414713,208.385957151677));
#7590=CARTESIAN_POINT('Ctrl Pts',(269.763326085666,8.22744546437039,208.320314885966));
#7591=CARTESIAN_POINT('Ctrl Pts',(269.743218580504,8.10132407009067,208.289925453527));
#7592=CARTESIAN_POINT('Ctrl Pts',(269.699650524845,7.84786473500376,208.234101400325));
#7593=CARTESIAN_POINT('Ctrl Pts',(269.656387696752,7.58519484665578,208.181910752058));
#7594=CARTESIAN_POINT('Ctrl Pts',(269.636677699649,7.44977173863756,208.155132931032));
#7595=CARTESIAN_POINT('Ctrl Pts',(269.603058935689,7.1683452048089,208.09706702024));
#7596=CARTESIAN_POINT('Ctrl Pts',(269.561163102429,6.87648428960183,208.039201665732));
#7597=CARTESIAN_POINT('Ctrl Pts',(269.533118845749,6.73069339150138,208.012764621456));
#7598=CARTESIAN_POINT('Ctrl Pts',(269.453054664095,6.44186448514295,207.96862900693));
#7599=CARTESIAN_POINT('Ctrl Pts',(269.401942490761,6.09162778041403,207.918953087438));
#7600=CARTESIAN_POINT('Ctrl Pts',(269.406150719708,5.8793170952546,207.885714488828));
#7601=CARTESIAN_POINT('Ctrl Pts',(269.486153994434,5.48407956196602,207.820698718086));
#7602=CARTESIAN_POINT('Ctrl Pts',(269.4879580401,5.18305547999773,207.881242129609));
#7603=CARTESIAN_POINT('Ctrl Pts',(269.46968900424,5.10357624407044,207.92402818515));
#7604=CARTESIAN_POINT('Ctrl Pts',(269.389773438046,4.9960745048522,208.059450987091));
#7605=CARTESIAN_POINT('Ctrl Pts',(269.282974674088,4.94498343412121,208.233186781007));
#7606=CARTESIAN_POINT('Ctrl Pts',(269.235965604821,4.92326798001136,208.31589892359));
#7607=CARTESIAN_POINT('Ctrl Pts',(269.155990409827,4.87806248089636,208.468123241981));
#7608=CARTESIAN_POINT('Ctrl Pts',(269.09558649299,4.82546447456526,208.59894898731));
#7609=CARTESIAN_POINT('Ctrl Pts',(269.068414867658,4.79599422065518,208.659897437849));
#7610=CARTESIAN_POINT('Ctrl Pts',(269.014850459918,4.73365432861264,208.777152041325));
#7611=CARTESIAN_POINT('Ctrl Pts',(268.961148453873,4.66695818531651,208.887478027741));
#7612=CARTESIAN_POINT('Ctrl Pts',(268.933717277934,4.63318209369742,208.941602549626));
#7613=CARTESIAN_POINT('Ctrl Pts',(268.851878006861,4.53094148005963,209.100425271166));
#7614=CARTESIAN_POINT('Ctrl Pts',(268.774447198962,4.42719296446663,209.248504428112));
#7615=CARTESIAN_POINT('Ctrl Pts',(268.727797382118,4.35835264992732,209.341949445147));
#7616=CARTESIAN_POINT('Ctrl Pts',(268.640324190052,4.22213004524148,209.522312943462));
#7617=CARTESIAN_POINT('Ctrl Pts',(268.56186147105,4.09020693091324,209.6960186346));
#7618=CARTESIAN_POINT('Ctrl Pts',(268.523813062754,4.02567843526867,209.782827864357));
#7619=CARTESIAN_POINT('Ctrl Pts',(268.448405659197,3.89963593345993,209.956399193416));
#7620=CARTESIAN_POINT('Ctrl Pts',(268.375072850866,3.77878438021867,210.127697372435));
#7621=CARTESIAN_POINT('Ctrl Pts',(268.339029847608,3.71944507896908,210.212240693172));
#7622=CARTESIAN_POINT('Ctrl Pts',(268.268942267054,3.60256237318396,210.378714856826));
#7623=CARTESIAN_POINT('Ctrl Pts',(268.202839398254,3.48815444996114,210.540187944233));
#7624=CARTESIAN_POINT('Ctrl Pts',(268.170800703592,3.43125054384948,210.619667886145));
#7625=CARTESIAN_POINT('Ctrl Pts',(268.108601243517,3.31733952284161,210.776074019124));
#7626=CARTESIAN_POINT('Ctrl Pts',(268.050134567999,3.20339447309187,210.928170075506));
#7627=CARTESIAN_POINT('Ctrl Pts',(268.021815015786,3.14642690114554,211.003324755112));
#7628=CARTESIAN_POINT('Ctrl Pts',(267.939442382535,2.97592665750614,211.226692185063));
#7629=CARTESIAN_POINT('Ctrl Pts',(267.864429061749,2.80733346753158,211.444589524104));
#7630=CARTESIAN_POINT('Ctrl Pts',(267.817384272776,2.69647501002242,211.588093025796));
#7631=CARTESIAN_POINT('Ctrl Pts',(267.683625792381,2.36925139440264,212.01402790608));
#7632=CARTESIAN_POINT('Ctrl Pts',(267.567685193214,2.05724191905616,212.430230761975));
#7633=CARTESIAN_POINT('Ctrl Pts',(267.494358977469,1.8534326179129,212.70653692766));
#7634=CARTESIAN_POINT('Ctrl Pts',(267.420902355921,1.65322155786861,212.984002916671));
#7635=CARTESIAN_POINT('Ctrl Pts',(267.347866061448,1.45861241632802,213.261534311872));
#7636=CARTESIAN_POINT('Ctrl Pts',(269.768972524335,13.9487203373144,213.363063140426));
#7637=CARTESIAN_POINT('Ctrl Pts',(269.780729940479,13.7521973626328,213.089393249849));
#7638=CARTESIAN_POINT('Ctrl Pts',(269.792012186259,13.5566664257997,212.817094871985));
#7639=CARTESIAN_POINT('Ctrl Pts',(269.793976369545,13.3629124489916,212.543714536959));
#7640=CARTESIAN_POINT('Ctrl Pts',(269.832373483938,13.0809169471988,212.136873783334));
#7641=CARTESIAN_POINT('Ctrl Pts',(269.895535063355,12.7767674253231,211.704821471583));
#7642=CARTESIAN_POINT('Ctrl Pts',(269.918474227127,12.6712677800511,211.55546674504));
#7643=CARTESIAN_POINT('Ctrl Pts',(269.964958839442,12.4594668559281,211.258928405273));
#7644=CARTESIAN_POINT('Ctrl Pts',(270.025993272739,12.2497589313885,210.961443398476));
#7645=CARTESIAN_POINT('Ctrl Pts',(270.062209792642,12.14391717188,210.812966986776));
#7646=CARTESIAN_POINT('Ctrl Pts',(270.151815805463,12.0154125374747,210.54749965392));
#7647=CARTESIAN_POINT('Ctrl Pts',(270.210578539768,11.847433977231,210.298403653744));
#7648=CARTESIAN_POINT('Ctrl Pts',(270.22341855702,11.7833358149376,210.220999960112));
#7649=CARTESIAN_POINT('Ctrl Pts',(270.236011487879,11.6399845643121,210.078115713628));
#7650=CARTESIAN_POINT('Ctrl Pts',(270.227902626232,11.4747397985761,209.946877621481));
#7651=CARTESIAN_POINT('Ctrl Pts',(270.22025735972,11.3888379157205,209.881289870696));
#7652=CARTESIAN_POINT('Ctrl Pts',(270.209108222228,11.2166412129112,209.7441452883));
#7653=CARTESIAN_POINT('Ctrl Pts',(270.198592738053,11.0342771595009,209.606822273939));
#7654=CARTESIAN_POINT('Ctrl Pts',(270.191659045442,10.9380405675859,209.541013117676));
#7655=CARTESIAN_POINT('Ctrl Pts',(270.176837644277,10.7882700762703,209.44853222083));
#7656=CARTESIAN_POINT('Ctrl Pts',(270.15918629743,10.6371273273737,209.36033404474));
#7657=CARTESIAN_POINT('Ctrl Pts',(270.153138940657,10.5868950665108,209.331188746676));
#7658=CARTESIAN_POINT('Ctrl Pts',(270.140928097459,10.486752316717,209.27288446696));
#7659=CARTESIAN_POINT('Ctrl Pts',(270.128120873219,10.3860915338884,209.214309410787));
#7660=CARTESIAN_POINT('Ctrl Pts',(270.12148813468,10.3353526029165,209.184881671327));
#7661=CARTESIAN_POINT('Ctrl Pts',(270.107295308669,10.2322623246325,209.12604588002));
#7662=CARTESIAN_POINT('Ctrl Pts',(270.090872355824,10.1255521401275,209.068129530958));
#7663=CARTESIAN_POINT('Ctrl Pts',(270.082001126304,10.0711768968446,209.039620358345));
#7664=CARTESIAN_POINT('Ctrl Pts',(270.063071484693,9.96060174900954,208.9839386525));
#7665=CARTESIAN_POINT('Ctrl Pts',(270.042445022681,9.84677921149144,208.931173093235));
#7666=CARTESIAN_POINT('Ctrl Pts',(270.031873313864,9.7891608333379,208.905588214148));
#7667=CARTESIAN_POINT('Ctrl Pts',(270.010674759551,9.67270095525229,208.855885979872));
#7668=CARTESIAN_POINT('Ctrl Pts',(269.989974050206,9.55420920071571,208.808776494514));
#7669=CARTESIAN_POINT('Ctrl Pts',(269.979904701477,9.49455833661878,208.785783052707));
#7670=CARTESIAN_POINT('Ctrl Pts',(269.960479373613,9.37468867800351,208.740733407972));
#7671=CARTESIAN_POINT('Ctrl Pts',(269.942470163267,9.25397366803826,208.697380686572));
#7672=CARTESIAN_POINT('Ctrl Pts',(269.933818735717,9.19347945283326,208.676081707096));
#7673=CARTESIAN_POINT('Ctrl Pts',(269.908728407657,9.01162349453231,208.613290575599));
#7674=CARTESIAN_POINT('Ctrl Pts',(269.885596957293,8.82847110551922,208.553800767874));
#7675=CARTESIAN_POINT('Ctrl Pts',(269.870488284408,8.70557791956548,208.5155818767));
#7676=CARTESIAN_POINT('Ctrl Pts',(269.839464632074,8.45790527229049,208.442273928214));
#7677=CARTESIAN_POINT('Ctrl Pts',(269.804444285004,8.20723999185638,208.376688962995));
#7678=CARTESIAN_POINT('Ctrl Pts',(269.785264059642,8.08136966142908,208.346229680792));
#7679=CARTESIAN_POINT('Ctrl Pts',(269.744084938674,7.82794823046099,208.289915683303));
#7680=CARTESIAN_POINT('Ctrl Pts',(269.70352509574,7.56505940472777,208.237204409556));
#7681=CARTESIAN_POINT('Ctrl Pts',(269.685071265774,7.42961887121851,208.210315189881));
#7682=CARTESIAN_POINT('Ctrl Pts',(269.652945645356,7.14910402123592,208.153033255974));
#7683=CARTESIAN_POINT('Ctrl Pts',(269.610205751829,6.86103696252728,208.098927616212));
#7684=CARTESIAN_POINT('Ctrl Pts',(269.58115110882,6.71807504480537,208.075267737622));
#7685=CARTESIAN_POINT('Ctrl Pts',(269.49751995999,6.43752373697158,208.039652493568));
#7686=CARTESIAN_POINT('Ctrl Pts',(269.445558190613,6.09609232765567,207.998126384757));
#7687=CARTESIAN_POINT('Ctrl Pts',(269.450605020454,5.88737456897375,207.968122798484));
#7688=CARTESIAN_POINT('Ctrl Pts',(269.549162167625,5.48756039699156,207.891334208316));
#7689=CARTESIAN_POINT('Ctrl Pts',(269.572272751078,5.17869687713022,207.934551430645));
#7690=CARTESIAN_POINT('Ctrl Pts',(269.560374496552,5.0966954771386,207.971867926457));
#7691=CARTESIAN_POINT('Ctrl Pts',(269.486208542267,4.98682066779574,208.100491019445));
#7692=CARTESIAN_POINT('Ctrl Pts',(269.375509116942,4.93646110275668,208.27186044852));
#7693=CARTESIAN_POINT('Ctrl Pts',(269.325365220497,4.91530314167848,208.353489803406));
#7694=CARTESIAN_POINT('Ctrl Pts',(269.238849211139,4.87168162028093,208.50393419196));
#7695=CARTESIAN_POINT('Ctrl Pts',(269.171943091034,4.82070080030188,208.633767221119));
#7696=CARTESIAN_POINT('Ctrl Pts',(269.141866047015,4.79175603322699,208.694321173089));
#7697=CARTESIAN_POINT('Ctrl Pts',(269.083400605662,4.72971071453512,208.810605863392));
#7698=CARTESIAN_POINT('Ctrl Pts',(269.026270655013,4.66251888099978,208.919746028261));
#7699=CARTESIAN_POINT('Ctrl Pts',(268.99741323061,4.62845000471959,208.97323995743));
#7700=CARTESIAN_POINT('Ctrl Pts',(268.911966757336,4.52559475335007,209.130159576287));
#7701=CARTESIAN_POINT('Ctrl Pts',(268.832924041641,4.42220088094941,209.276282348042));
#7702=CARTESIAN_POINT('Ctrl Pts',(268.786108595719,4.35420448708572,209.368385945205));
#7703=CARTESIAN_POINT('Ctrl Pts',(268.698466589984,4.21949441948171,209.546460423474));
#7704=CARTESIAN_POINT('Ctrl Pts',(268.619366562336,4.08862160734975,209.718950738191));
#7705=CARTESIAN_POINT('Ctrl Pts',(268.580706774656,4.02441123375779,209.80548980759));
#7706=CARTESIAN_POINT('Ctrl Pts',(268.503959278045,3.89879476529952,209.978814035135));
#7707=CARTESIAN_POINT('Ctrl Pts',(268.429307453048,3.77799506084691,210.14991413003));
#7708=CARTESIAN_POINT('Ctrl Pts',(268.392696915835,3.71860386005189,210.234223856552));
#7709=CARTESIAN_POINT('Ctrl Pts',(268.321687966963,3.60152910709771,210.399979440391));
#7710=CARTESIAN_POINT('Ctrl Pts',(268.254988307734,3.48695186249098,210.560534209885));
#7711=CARTESIAN_POINT('Ctrl Pts',(268.22270812288,3.43001527102472,210.639574318028));
#7712=CARTESIAN_POINT('Ctrl Pts',(268.160038806853,3.31608862115392,210.795152603133));
#7713=CARTESIAN_POINT('Ctrl Pts',(268.101072879036,3.20215724303313,210.946499302294));
#7714=CARTESIAN_POINT('Ctrl Pts',(268.07248122046,3.14518734745407,211.021295014706));
#7715=CARTESIAN_POINT('Ctrl Pts',(267.989259785369,2.97466443776299,211.243634964335));
#7716=CARTESIAN_POINT('Ctrl Pts',(267.913348022081,2.8060354235505,211.460647451278));
#7717=CARTESIAN_POINT('Ctrl Pts',(267.865731893517,2.69518618766453,211.603618215675));
#7718=CARTESIAN_POINT('Ctrl Pts',(267.73036784958,2.368022185774,212.027890101954));
#7719=CARTESIAN_POINT('Ctrl Pts',(267.613159001315,2.05619298658348,212.442562298665));
#7720=CARTESIAN_POINT('Ctrl Pts',(267.539348063445,1.85269751129912,212.7179394542));
#7721=CARTESIAN_POINT('Ctrl Pts',(267.465408747432,1.65270719962062,212.994461464374));
#7722=CARTESIAN_POINT('Ctrl Pts',(267.39196065089,1.45814608136679,213.271237567245));
#7723=CARTESIAN_POINT('Ctrl Pts',(269.78826014024,13.9414274286742,213.368789769434));
#7724=CARTESIAN_POINT('Ctrl Pts',(269.800297363061,13.7448764400661,213.095467198884));
#7725=CARTESIAN_POINT('Ctrl Pts',(269.811861091053,13.5493582290907,212.823490929202));
#7726=CARTESIAN_POINT('Ctrl Pts',(269.814271762876,13.3558691580352,212.550036614648));
#7727=CARTESIAN_POINT('Ctrl Pts',(269.852635177566,13.0736519446769,212.143998407574));
#7728=CARTESIAN_POINT('Ctrl Pts',(269.916360372559,12.7693271006957,211.71336999867));
#7729=CARTESIAN_POINT('Ctrl Pts',(269.939673278091,12.6639855502468,211.564425488949));
#7730=CARTESIAN_POINT('Ctrl Pts',(269.987559933724,12.4531294464424,211.268038227577));
#7731=CARTESIAN_POINT('Ctrl Pts',(270.050459714241,12.2446173689461,210.970132773861));
#7732=CARTESIAN_POINT('Ctrl Pts',(270.087947965607,12.1397533536866,210.821114366583));
#7733=CARTESIAN_POINT('Ctrl Pts',(270.176626524301,12.0101091668976,210.557105106203));
#7734=CARTESIAN_POINT('Ctrl Pts',(270.230688398059,11.8371898052586,210.312300282214));
#7735=CARTESIAN_POINT('Ctrl Pts',(270.241715533178,11.7711906897511,210.236485884253));
#7736=CARTESIAN_POINT('Ctrl Pts',(270.251273952292,11.6245766711932,210.09633268337));
#7737=CARTESIAN_POINT('Ctrl Pts',(270.241561592663,11.4574336084309,209.966869038675));
#7738=CARTESIAN_POINT('Ctrl Pts',(270.233571519701,11.3710495292938,209.901859342969));
#7739=CARTESIAN_POINT('Ctrl Pts',(270.222270079318,11.1987297741538,209.765240731944));
#7740=CARTESIAN_POINT('Ctrl Pts',(270.212382524206,11.0171601447971,209.628003405898));
#7741=CARTESIAN_POINT('Ctrl Pts',(270.205864683951,10.9213516124507,209.562335743405));
#7742=CARTESIAN_POINT('Ctrl Pts',(270.191870454811,10.7722651708888,209.470148270434));
#7743=CARTESIAN_POINT('Ctrl Pts',(270.174981243299,10.6215891095689,209.382474385957));
#7744=CARTESIAN_POINT('Ctrl Pts',(270.169162108541,10.5714732095246,209.353535944594));
#7745=CARTESIAN_POINT('Ctrl Pts',(270.157315143345,10.4714663471177,209.295729818936));
#7746=CARTESIAN_POINT('Ctrl Pts',(270.144700260115,10.3707989774111,209.237802647008));
#7747=CARTESIAN_POINT('Ctrl Pts',(270.138122734461,10.3200323419541,209.208732265781));
#7748=CARTESIAN_POINT('Ctrl Pts',(270.124012970741,10.2168984659437,209.150637969109));
#7749=CARTESIAN_POINT('Ctrl Pts',(270.107700519401,10.1102651375196,209.093448511933));
#7750=CARTESIAN_POINT('Ctrl Pts',(270.098912549788,10.0559831522299,209.065281859746));
#7751=CARTESIAN_POINT('Ctrl Pts',(270.080216130236,9.9457237677546,209.010221300282));
#7752=CARTESIAN_POINT('Ctrl Pts',(270.059914966209,9.83242248944224,208.957933555257));
#7753=CARTESIAN_POINT('Ctrl Pts',(270.049519329688,9.77510386627231,208.932547584176));
#7754=CARTESIAN_POINT('Ctrl Pts',(270.028662183183,9.65926356423125,208.883166229272));
#7755=CARTESIAN_POINT('Ctrl Pts',(270.008246206954,9.54135478566296,208.83624854293));
#7756=CARTESIAN_POINT('Ctrl Pts',(269.998295566681,9.48196634833928,208.813324822823));
#7757=CARTESIAN_POINT('Ctrl Pts',(269.97906189209,9.36254596641929,208.768383184937));
#7758=CARTESIAN_POINT('Ctrl Pts',(269.961177919605,9.24214478667552,208.725102102458));
#7759=CARTESIAN_POINT('Ctrl Pts',(269.952578667387,9.18177709644826,208.703836704502));
#7760=CARTESIAN_POINT('Ctrl Pts',(269.927640813729,9.00025004266897,208.641146949034));
#7761=CARTESIAN_POINT('Ctrl Pts',(269.904691303573,8.81735306242281,208.581766222358));
#7762=CARTESIAN_POINT('Ctrl Pts',(269.889754452476,8.6946740602555,208.543628164969));
#7763=CARTESIAN_POINT('Ctrl Pts',(269.859147040956,8.44745953857184,208.470491409164));
#7764=CARTESIAN_POINT('Ctrl Pts',(269.824812165821,8.19712865834337,208.404979334017));
#7765=CARTESIAN_POINT('Ctrl Pts',(269.806069759897,8.07134902746102,208.37450282484));
#7766=CARTESIAN_POINT('Ctrl Pts',(269.766037319473,7.81786668460693,208.317976089248));
#7767=CARTESIAN_POINT('Ctrl Pts',(269.726759939144,7.55477955075438,208.265050644655));
#7768=CARTESIAN_POINT('Ctrl Pts',(269.708887018308,7.41928717552939,208.238138376991));
#7769=CARTESIAN_POINT('Ctrl Pts',(269.677368545065,7.13914380814873,208.181339982139));
#7770=CARTESIAN_POINT('Ctrl Pts',(269.634053086451,6.85284323452395,208.129280530374));
#7771=CARTESIAN_POINT('Ctrl Pts',(269.604421795467,6.71121623983991,208.10711880053));
#7772=CARTESIAN_POINT('Ctrl Pts',(269.519040343358,6.43453058272752,208.076073352975));
#7773=CARTESIAN_POINT('Ctrl Pts',(269.466187589488,6.09754676729523,208.039726176636));
#7774=CARTESIAN_POINT('Ctrl Pts',(269.471199992372,5.89075454732394,208.012168621167));
#7775=CARTESIAN_POINT('Ctrl Pts',(269.57645217289,5.49122056358646,207.931573840643));
#7776=CARTESIAN_POINT('Ctrl Pts',(269.607409542176,5.18077601383775,207.968206753594));
#7777=CARTESIAN_POINT('Ctrl Pts',(269.597850554779,5.09812634892717,208.003396599832));
#7778=CARTESIAN_POINT('Ctrl Pts',(269.5276363515,4.98625741473844,208.127411469695));
#7779=CARTESIAN_POINT('Ctrl Pts',(269.418145149469,4.93389208637384,208.294607521019));
#7780=CARTESIAN_POINT('Ctrl Pts',(269.367763598649,4.91198457578579,208.374427601203));
#7781=CARTESIAN_POINT('Ctrl Pts',(269.279696649264,4.86782246799244,208.522339458553));
#7782=CARTESIAN_POINT('Ctrl Pts',(269.210080310318,4.8173185417438,208.651167858411));
#7783=CARTESIAN_POINT('Ctrl Pts',(269.178645495471,4.78864755202745,208.711441900047));
#7784=CARTESIAN_POINT('Ctrl Pts',(269.117790686329,4.72691092524074,208.827201728353));
#7785=CARTESIAN_POINT('Ctrl Pts',(269.058879853431,4.65974941811724,208.935832587484));
#7786=CARTESIAN_POINT('Ctrl Pts',(269.029282313644,4.62565709917028,208.989045846427));
#7787=CARTESIAN_POINT('Ctrl Pts',(268.941955673034,4.52281401713993,209.145104024047));
#7788=CARTESIAN_POINT('Ctrl Pts',(268.862058796581,4.41976329647929,209.290289144314));
#7789=CARTESIAN_POINT('Ctrl Pts',(268.815144859826,4.35223653463061,209.381732080572));
#7790=CARTESIAN_POINT('Ctrl Pts',(268.727430410332,4.21831632409956,209.558670164075));
#7791=CARTESIAN_POINT('Ctrl Pts',(268.648038407702,4.08793914894773,209.730561169902));
#7792=CARTESIAN_POINT('Ctrl Pts',(268.609075086049,4.02387330144075,209.81697649902));
#7793=CARTESIAN_POINT('Ctrl Pts',(268.531654354688,3.89844922534568,209.99020188947));
#7794=CARTESIAN_POINT('Ctrl Pts',(268.456337158124,3.77766821144297,210.161216802794));
#7795=CARTESIAN_POINT('Ctrl Pts',(268.419442365117,3.71824945526776,210.24540973207));
#7796=CARTESIAN_POINT('Ctrl Pts',(268.347975117288,3.60107039322626,210.410790172601));
#7797=CARTESIAN_POINT('Ctrl Pts',(268.280983101127,3.48639643904032,210.570854627991));
#7798=CARTESIAN_POINT('Ctrl Pts',(268.248585322202,3.42943766283988,210.649659163808));
#7799=CARTESIAN_POINT('Ctrl Pts',(268.1856871786,3.31549560275239,210.804798375155));
#7800=CARTESIAN_POINT('Ctrl Pts',(268.126475901327,3.20156953934455,210.95575648531));
#7801=CARTESIAN_POINT('Ctrl Pts',(268.097749476255,3.14459883978492,211.030368459176));
#7802=CARTESIAN_POINT('Ctrl Pts',(268.014105131044,2.97406663219184,211.252185876551));
#7803=CARTESIAN_POINT('Ctrl Pts',(267.937742056239,2.80542434767626,211.468755596081));
#7804=CARTESIAN_POINT('Ctrl Pts',(267.889840361776,2.69458378650852,211.611460878475));
#7805=CARTESIAN_POINT('Ctrl Pts',(267.753679987875,2.36746206667169,212.034898854875));
#7806=CARTESIAN_POINT('Ctrl Pts',(267.635851899997,2.05572796459555,212.448790667276));
#7807=CARTESIAN_POINT('Ctrl Pts',(267.561804673209,1.8523830641461,212.723706208648));
#7808=CARTESIAN_POINT('Ctrl Pts',(267.487619577226,1.65249717358641,212.999759504145));
#7809=CARTESIAN_POINT('Ctrl Pts',(267.413965632977,1.4579572617476,213.276158331531));
#7810=CARTESIAN_POINT('Ctrl Pts',(269.845914689837,13.9194702021726,213.386158823817));
#7811=CARTESIAN_POINT('Ctrl Pts',(269.858781462189,13.7228220971221,213.113878467688));
#7812=CARTESIAN_POINT('Ctrl Pts',(269.87122731277,13.5273265738081,212.842894259558));
#7813=CARTESIAN_POINT('Ctrl Pts',(269.875018884679,13.3346452355627,212.569173325063));
#7814=CARTESIAN_POINT('Ctrl Pts',(269.913141231829,13.0515566362097,212.165544673857));
#7815=CARTESIAN_POINT('Ctrl Pts',(269.978662717084,12.7468361963032,211.73917602018));
#7816=CARTESIAN_POINT('Ctrl Pts',(270.00318406387,12.6421045881329,211.591440560485));
#7817=CARTESIAN_POINT('Ctrl Pts',(270.05555389349,12.4344235881949,211.295333501776));
#7818=CARTESIAN_POINT('Ctrl Pts',(270.123823145277,12.2293503876494,210.996210099327));
#7819=CARTESIAN_POINT('Ctrl Pts',(270.164614022007,12.1269620613873,210.845793518906));
#7820=CARTESIAN_POINT('Ctrl Pts',(270.249066954549,11.9924268807477,210.587291298592));
#7821=CARTESIAN_POINT('Ctrl Pts',(270.288889039237,11.8044776576057,210.355624953477));
#7822=CARTESIAN_POINT('Ctrl Pts',(270.294653731136,11.7329328235983,210.284484977546));
#7823=CARTESIAN_POINT('Ctrl Pts',(270.295870131261,11.5772937707689,210.151894242393));
#7824=CARTESIAN_POINT('Ctrl Pts',(270.282393741306,11.4055666871519,210.02684232395));
#7825=CARTESIAN_POINT('Ctrl Pts',(270.273839900407,11.3182528271141,209.963173549611));
#7826=CARTESIAN_POINT('Ctrl Pts',(270.26262195163,11.1461871971283,209.827794968389));
#7827=CARTESIAN_POINT('Ctrl Pts',(270.254629732698,10.9671495131727,209.690915611275));
#7828=CARTESIAN_POINT('Ctrl Pts',(270.249296999105,10.8726594918114,209.625734627865));
#7829=CARTESIAN_POINT('Ctrl Pts',(270.237583251022,10.7255740774785,209.534531357299));
#7830=CARTESIAN_POINT('Ctrl Pts',(270.222753575992,10.5761138416631,209.448497992068));
#7831=CARTESIAN_POINT('Ctrl Pts',(270.217548279592,10.5262730207832,209.420195378309));
#7832=CARTESIAN_POINT('Ctrl Pts',(270.206685497508,10.4265212041294,209.363889518125));
#7833=CARTESIAN_POINT('Ctrl Pts',(270.194622077364,10.3257065996532,209.307866970735));
#7834=CARTESIAN_POINT('Ctrl Pts',(270.188221875969,10.2748085192447,209.279838824253));
#7835=CARTESIAN_POINT('Ctrl Pts',(270.174416868984,10.1714791657919,209.223903976583));
#7836=CARTESIAN_POINT('Ctrl Pts',(270.15852180597,10.0650504159864,209.16883847403));
#7837=CARTESIAN_POINT('Ctrl Pts',(270.15002550333,10.0110388657169,209.14167802657));
#7838=CARTESIAN_POINT('Ctrl Pts',(270.132103771043,9.90170687495914,209.088454956061));
#7839=CARTESIAN_POINT('Ctrl Pts',(270.11283182649,9.7899391916028,209.037606259025));
#7840=CARTESIAN_POINT('Ctrl Pts',(270.102984455967,9.73349988868849,209.012827257859));
#7841=CARTESIAN_POINT('Ctrl Pts',(270.08317505803,9.61946503082044,208.96444083707));
#7842=CARTESIAN_POINT('Ctrl Pts',(270.063600808698,9.5032345094224,208.918148239474));
#7843=CARTESIAN_POINT('Ctrl Pts',(270.053990352741,9.44459581377872,208.895461285368));
#7844=CARTESIAN_POINT('Ctrl Pts',(270.035282898276,9.32645633339727,208.850901190116));
#7845=CARTESIAN_POINT('Ctrl Pts',(270.017696997901,9.20695392592802,208.80789698432));
#7846=CARTESIAN_POINT('Ctrl Pts',(270.009209440793,9.14695271594565,208.786764297822));
#7847=CARTESIAN_POINT('Ctrl Pts',(269.984578651645,8.96638902454546,208.724481279817));
#7848=CARTESIAN_POINT('Ctrl Pts',(269.961988120996,8.78425546070672,208.665550719702));
#7849=CARTESIAN_POINT('Ctrl Pts',(269.947436212313,8.66220056552071,208.627746350558));
#7850=CARTESIAN_POINT('Ctrl Pts',(269.917842092706,8.41628620448493,208.555285914978));
#7851=CARTESIAN_POINT('Ctrl Pts',(269.885375149921,8.16681735451745,208.490119350852));
#7852=CARTESIAN_POINT('Ctrl Pts',(269.867864265004,8.04122369028197,208.459644773885));
#7853=CARTESIAN_POINT('Ctrl Pts',(269.831098753002,7.78737922916155,208.402593617989));
#7854=CARTESIAN_POINT('Ctrl Pts',(269.79542186718,7.52351844287751,208.349188980412));
#7855=CARTESIAN_POINT('Ctrl Pts',(269.779134387895,7.38778837130809,208.32231433178));
#7856=CARTESIAN_POINT('Ctrl Pts',(269.74905238111,7.10856098878497,208.267209735834));
#7857=CARTESIAN_POINT('Ctrl Pts',(269.703730119114,6.82712059265465,208.221587124988));
#7858=CARTESIAN_POINT('Ctrl Pts',(269.672281907012,6.689200286014,208.204099307497));
#7859=CARTESIAN_POINT('Ctrl Pts',(269.58207137443,6.4231573314269,208.187166151587));
#7860=CARTESIAN_POINT('Ctrl Pts',(269.525582267992,6.09944622881406,208.168728503228));
#7861=CARTESIAN_POINT('Ctrl Pts',(269.529363653669,5.89867140570119,208.150514772216));
#7862=CARTESIAN_POINT('Ctrl Pts',(269.646060627123,5.50794180652563,208.06497638175));
#7863=CARTESIAN_POINT('Ctrl Pts',(269.69340745647,5.19808062749929,208.086471600388));
#7864=CARTESIAN_POINT('Ctrl Pts',(269.689424548553,5.11429374883925,208.115969815026));
#7865=CARTESIAN_POINT('Ctrl Pts',(269.633814650556,4.99395840569457,208.222785516969));
#7866=CARTESIAN_POINT('Ctrl Pts',(269.535705717672,4.92959302550429,208.37035411041));
#7867=CARTESIAN_POINT('Ctrl Pts',(269.488173351244,4.9027386372935,208.441686979599));
#7868=CARTESIAN_POINT('Ctrl Pts',(269.40027710223,4.85338881132973,208.578078003879));
#7869=CARTESIAN_POINT('Ctrl Pts',(269.324357783344,4.80343503233603,208.702723087135));
#7870=CARTESIAN_POINT('Ctrl Pts',(269.289232071306,4.77569960767334,208.76201385135));
#7871=CARTESIAN_POINT('Ctrl Pts',(269.221533912362,4.71554806788955,208.876240307814));
#7872=CARTESIAN_POINT('Ctrl Pts',(269.157136575839,4.64947533501894,208.983686849367));
#7873=CARTESIAN_POINT('Ctrl Pts',(269.125249817266,4.61575297391406,209.036202946442));
#7874=CARTESIAN_POINT('Ctrl Pts',(269.032074134293,4.51407784996326,209.190047570996));
#7875=CARTESIAN_POINT('Ctrl Pts',(268.949424717777,4.41261847652751,209.332603077674));
#7876=CARTESIAN_POINT('Ctrl Pts',(268.902089343835,4.34665389625877,209.422135483409));
#7877=CARTESIAN_POINT('Ctrl Pts',(268.814050534887,4.2152109295364,209.595738102536));
#7878=CARTESIAN_POINT('Ctrl Pts',(268.733792442307,4.08621665670087,209.765864204844));
#7879=CARTESIAN_POINT('Ctrl Pts',(268.693914395455,4.02253327954018,209.851939147877));
#7880=CARTESIAN_POINT('Ctrl Pts',(268.614460052953,3.89761610510297,210.024930835081));
#7881=CARTESIAN_POINT('Ctrl Pts',(268.53714356507,3.77687616658823,210.195722951185));
#7882=CARTESIAN_POINT('Ctrl Pts',(268.499401219847,3.71737757999482,210.279564878681));
#7883=CARTESIAN_POINT('Ctrl Pts',(268.42657754221,3.59987556113423,210.443772320728));
#7884=CARTESIAN_POINT('Ctrl Pts',(268.358731408439,3.48488223444655,210.602269362329));
#7885=CARTESIAN_POINT('Ctrl Pts',(268.325990540793,3.4278390271154,210.680316739525));
#7886=CARTESIAN_POINT('Ctrl Pts',(268.262422287535,3.31382469550711,210.834057109182));
#7887=CARTESIAN_POINT('Ctrl Pts',(268.202484498105,3.19990553894972,210.983804115063));
#7888=CARTESIAN_POINT('Ctrl Pts',(268.173356471218,3.14293196217869,211.057851298182));
#7889=CARTESIAN_POINT('Ctrl Pts',(268.08844573801,2.97237441209714,211.27807330368));
#7890=CARTESIAN_POINT('Ctrl Pts',(268.010723022429,2.80370484404298,211.493313937341));
#7891=CARTESIAN_POINT('Ctrl Pts',(267.96196529363,2.69290139511607,211.635224851756));
#7892=CARTESIAN_POINT('Ctrl Pts',(267.82343609768,2.36594254370488,212.056156414121));
#7893=CARTESIAN_POINT('Ctrl Pts',(267.703795793209,2.05450977422035,212.467666765725));
#7894=CARTESIAN_POINT('Ctrl Pts',(267.629046811237,1.85160081164138,212.74119544814));
#7895=CARTESIAN_POINT('Ctrl Pts',(267.554120719587,1.65200882772484,213.015856390074));
#7896=CARTESIAN_POINT('Ctrl Pts',(267.479852055618,1.45752330040975,213.291126028134));
#7897=CARTESIAN_POINT('Ctrl Pts',(269.902946680978,13.8972807239924,213.404093104273));
#7898=CARTESIAN_POINT('Ctrl Pts',(269.916613636934,13.7004960397141,213.132855059329));
#7899=CARTESIAN_POINT('Ctrl Pts',(269.930017116349,13.5049863820453,212.862910047416));
#7900=CARTESIAN_POINT('Ctrl Pts',(269.935322333574,13.3130768674759,212.588869827032));
#7901=CARTESIAN_POINT('Ctrl Pts',(269.972878615692,13.028637662929,212.187605232931));
#7902=CARTESIAN_POINT('Ctrl Pts',(270.040545959245,12.7239640073625,211.765396599162));
#7903=CARTESIAN_POINT('Ctrl Pts',(270.066506841879,12.6202047423784,211.618796015367));
#7904=CARTESIAN_POINT('Ctrl Pts',(270.123996466668,12.4165013027041,211.322554787402));
#7905=CARTESIAN_POINT('Ctrl Pts',(270.196575370288,12.2140290435556,211.022664059763));
#7906=CARTESIAN_POINT('Ctrl Pts',(270.238847591399,12.1124451491052,210.871828668131));
#7907=CARTESIAN_POINT('Ctrl Pts',(270.314708761386,11.9685885598766,210.622218322447));
#7908=CARTESIAN_POINT('Ctrl Pts',(270.340839392301,11.7659211867102,210.403714229296));
#7909=CARTESIAN_POINT('Ctrl Pts',(270.342248585977,11.6896579501482,210.336686906749));
#7910=CARTESIAN_POINT('Ctrl Pts',(270.337834113732,11.5276402735223,210.209545734317));
#7911=CARTESIAN_POINT('Ctrl Pts',(270.323679138707,11.3545689435609,210.086307897155));
#7912=CARTESIAN_POINT('Ctrl Pts',(270.315824558535,11.267725828819,210.022934610686));
#7913=CARTESIAN_POINT('Ctrl Pts',(270.30596534798,11.0974197410922,209.888072201499));
#7914=CARTESIAN_POINT('Ctrl Pts',(270.299591842429,10.9209970920304,209.752083984958));
#7915=CARTESIAN_POINT('Ctrl Pts',(270.2951432759,10.8277824259311,209.687645799413));
#7916=CARTESIAN_POINT('Ctrl Pts',(270.285040919218,10.6824147265327,209.59774601866));
#7917=CARTESIAN_POINT('Ctrl Pts',(270.271621363237,10.533653592954,209.513496308525));
#7918=CARTESIAN_POINT('Ctrl Pts',(270.2668354378,10.4838978658061,209.485851566776));
#7919=CARTESIAN_POINT('Ctrl Pts',(270.256669741059,10.3840346658151,209.43102030417));
#7920=CARTESIAN_POINT('Ctrl Pts',(270.245099089221,10.2828052182078,209.376760335723));
#7921=CARTESIAN_POINT('Ctrl Pts',(270.238911737234,10.2316861729814,209.349679535254));
#7922=CARTESIAN_POINT('Ctrl Pts',(270.225567304474,10.1280676246398,209.295707291528));
#7923=CARTESIAN_POINT('Ctrl Pts',(270.210320183008,10.0218342215283,209.242600142995));
#7924=CARTESIAN_POINT('Ctrl Pts',(270.202225516776,9.96808882245462,209.216382746616));
#7925=CARTESIAN_POINT('Ctrl Pts',(270.185265669144,9.85964337550689,209.164915931062));
#7926=CARTESIAN_POINT('Ctrl Pts',(270.167137484158,9.74929351287301,209.11551083055));
#7927=CARTESIAN_POINT('Ctrl Pts',(270.15787521313,9.69365323085312,209.09136150134));
#7928=CARTESIAN_POINT('Ctrl Pts',(270.139144545067,9.58122396133234,209.044048681079));
#7929=CARTESIAN_POINT('Ctrl Pts',(270.120355849543,9.46643077205955,208.998510882815));
#7930=CARTESIAN_POINT('Ctrl Pts',(270.11103541468,9.40842020276241,208.976134336956));
#7931=CARTESIAN_POINT('Ctrl Pts',(270.092715915311,9.29134978052123,208.932113645938));
#7932=CARTESIAN_POINT('Ctrl Pts',(270.07522304209,9.17261676200635,208.889564251991));
#7933=CARTESIAN_POINT('Ctrl Pts',(270.066730268393,9.11294346709105,208.868657835185));
#7934=CARTESIAN_POINT('Ctrl Pts',(270.042015130604,8.93328056766209,208.807082284201));
#7935=CARTESIAN_POINT('Ctrl Pts',(270.019293499528,8.7519257283576,208.748956579846));
#7936=CARTESIAN_POINT('Ctrl Pts',(270.004776945965,8.63046155342923,208.711740976491));
#7937=CARTESIAN_POINT('Ctrl Pts',(269.975553659039,8.38567146102254,208.640410065462));
#7938=CARTESIAN_POINT('Ctrl Pts',(269.944398158496,8.13672965364715,208.57595826151));
#7939=CARTESIAN_POINT('Ctrl Pts',(269.927860321718,8.01112536878592,208.545651941898));
#7940=CARTESIAN_POINT('Ctrl Pts',(269.893767089819,7.75656651400378,208.488468703614));
#7941=CARTESIAN_POINT('Ctrl Pts',(269.860866761442,7.49166145972352,208.435142604719));
#7942=CARTESIAN_POINT('Ctrl Pts',(269.845669254568,7.35559157284746,208.408648296452));
#7943=CARTESIAN_POINT('Ctrl Pts',(269.816002770842,7.07689021710796,208.355893134629));
#7944=CARTESIAN_POINT('Ctrl Pts',(269.76836117095,6.79898244215155,208.317055349977));
#7945=CARTESIAN_POINT('Ctrl Pts',(269.735220488404,6.66379374508346,208.304327547238));
#7946=CARTESIAN_POINT('Ctrl Pts',(269.642166265593,6.40537733300121,208.301307780631));
#7947=CARTESIAN_POINT('Ctrl Pts',(269.580683227618,6.09497637594743,208.304140274318));
#7948=CARTESIAN_POINT('Ctrl Pts',(269.580697868641,5.90223105136371,208.298314554258));
#7949=CARTESIAN_POINT('Ctrl Pts',(269.686091789164,5.53944831708433,208.224587875495));
#7950=CARTESIAN_POINT('Ctrl Pts',(269.735210630879,5.23916242095838,208.239177282721));
#7951=CARTESIAN_POINT('Ctrl Pts',(269.735026768503,5.1544124060126,208.262869131865));
#7952=CARTESIAN_POINT('Ctrl Pts',(269.700378493293,5.01891874675908,208.344211083643));
#7953=CARTESIAN_POINT('Ctrl Pts',(269.62904550035,4.93036420573198,208.458748023789));
#7954=CARTESIAN_POINT('Ctrl Pts',(269.591475672355,4.89329453765697,208.516381052129));
#7955=CARTESIAN_POINT('Ctrl Pts',(269.514316380815,4.83126670636252,208.634229098539));
#7956=CARTESIAN_POINT('Ctrl Pts',(269.437119652833,4.77968845252968,208.752433041106));
#7957=CARTESIAN_POINT('Ctrl Pts',(269.399637412673,4.75307578988486,208.810435338911));
#7958=CARTESIAN_POINT('Ctrl Pts',(269.326565232836,4.69608584182728,208.923261646018));
#7959=CARTESIAN_POINT('Ctrl Pts',(269.256752871101,4.63371562739661,209.030356840557));
#7960=CARTESIAN_POINT('Ctrl Pts',(269.222541258816,4.60157500822004,209.082556377944));
#7961=CARTESIAN_POINT('Ctrl Pts',(269.123269822585,4.50424138943777,209.235201724548));
#7962=CARTESIAN_POINT('Ctrl Pts',(269.037260212962,4.40605683302224,209.375768058955));
#7963=CARTESIAN_POINT('Ctrl Pts',(268.988944062919,4.34208611223746,209.463696328003));
#7964=CARTESIAN_POINT('Ctrl Pts',(268.899939442239,4.21340662270885,209.634283694623));
#7965=CARTESIAN_POINT('Ctrl Pts',(268.81866949514,4.08543683784575,209.802737165758));
#7966=CARTESIAN_POINT('Ctrl Pts',(268.77783980694,4.02195747545759,209.88853644752));
#7967=CARTESIAN_POINT('Ctrl Pts',(268.696314389286,3.89730516185351,210.061411255796));
#7968=CARTESIAN_POINT('Ctrl Pts',(268.617042590599,3.77657640628148,210.232026699055));
#7969=CARTESIAN_POINT('Ctrl Pts',(268.578491383435,3.71702836732904,210.315507053102));
#7970=CARTESIAN_POINT('Ctrl Pts',(268.504403034152,3.5992192781427,210.478395638424));
#7971=CARTESIAN_POINT('Ctrl Pts',(268.435784625181,3.48384637565952,210.635038229341));
#7972=CARTESIAN_POINT('Ctrl Pts',(268.402729736384,3.42666901832694,210.712174937945));
#7973=CARTESIAN_POINT('Ctrl Pts',(268.338533842247,3.3125042584192,210.864269120383));
#7974=CARTESIAN_POINT('Ctrl Pts',(268.27788730867,3.19855712282076,211.012668802447));
#7975=CARTESIAN_POINT('Ctrl Pts',(268.248361643384,3.14157594483581,211.086111190921));
#7976=CARTESIAN_POINT('Ctrl Pts',(268.162183644189,2.97099231330171,211.304656111265));
#7977=CARTESIAN_POINT('Ctrl Pts',(268.083086025984,2.80232792920734,211.518564285937));
#7978=CARTESIAN_POINT('Ctrl Pts',(268.033476478179,2.69159153094184,211.659683416931));
#7979=CARTESIAN_POINT('Ctrl Pts',(267.892642961831,2.3648990236502,212.078099601954));
#7980=CARTESIAN_POINT('Ctrl Pts',(267.771327922795,2.05381795220754,212.487124482379));
#7981=CARTESIAN_POINT('Ctrl Pts',(267.69585845897,1.85130276476619,212.75923518915));
#7982=CARTESIAN_POINT('Ctrl Pts',(267.620214333861,1.65194467832037,213.032553675801));
#7983=CARTESIAN_POINT('Ctrl Pts',(267.545348087911,1.45748449380334,213.306704962962));
#7984=CARTESIAN_POINT('Ctrl Pts',(269.940693059481,13.8823875842021,213.416298166804));
#7985=CARTESIAN_POINT('Ctrl Pts',(269.954879323941,13.6854945649237,213.145753329595));
#7986=CARTESIAN_POINT('Ctrl Pts',(269.968913292659,13.4899697722328,212.876488866285));
#7987=CARTESIAN_POINT('Ctrl Pts',(269.975303589029,13.2984888848709,212.602292754972));
#7988=CARTESIAN_POINT('Ctrl Pts',(270.012422847216,13.0130609760795,212.202538020725));
#7989=CARTESIAN_POINT('Ctrl Pts',(270.0817059847,12.7086608346179,211.783001430613));
#7990=CARTESIAN_POINT('Ctrl Pts',(270.108701620049,12.6056704218895,211.637116350503));
#7991=CARTESIAN_POINT('Ctrl Pts',(270.169719543123,12.4047850470068,211.340690894214));
#7992=CARTESIAN_POINT('Ctrl Pts',(270.244359882242,12.2033230020485,211.040776599384));
#7993=CARTESIAN_POINT('Ctrl Pts',(270.28656667412,12.1012747653204,210.890356184137));
#7994=CARTESIAN_POINT('Ctrl Pts',(270.354645217088,11.9491436833501,210.648225023623));
#7995=CARTESIAN_POINT('Ctrl Pts',(270.372777006353,11.7376656581787,210.437793526451));
#7996=CARTESIAN_POINT('Ctrl Pts',(270.372043646963,11.6589622525061,210.372991141433));
#7997=CARTESIAN_POINT('Ctrl Pts',(270.365480424925,11.4942033622342,210.248335435691));
#7998=CARTESIAN_POINT('Ctrl Pts',(270.352206975238,11.3216014698703,210.125268753148));
#7999=CARTESIAN_POINT('Ctrl Pts',(270.345249602874,11.2355629969977,210.061745572686));
#8000=CARTESIAN_POINT('Ctrl Pts',(270.336554895742,11.0667759435096,209.927161402841));
#8001=CARTESIAN_POINT('Ctrl Pts',(270.330855127076,10.8918056085085,209.792211847668));
#8002=CARTESIAN_POINT('Ctrl Pts',(270.326757459863,10.7992860538866,209.728448448712));
#8003=CARTESIAN_POINT('Ctrl Pts',(270.317370730757,10.6548147944045,209.639568222146));
#8004=CARTESIAN_POINT('Ctrl Pts',(270.304629108767,10.5063189207021,209.556518255729));
#8005=CARTESIAN_POINT('Ctrl Pts',(270.300051973328,10.4565634694482,209.529300786068));
#8006=CARTESIAN_POINT('Ctrl Pts',(270.2902540084,10.3565446979293,209.475402989693));
#8007=CARTESIAN_POINT('Ctrl Pts',(270.279001261021,10.2550241957408,209.422233244426));
#8008=CARTESIAN_POINT('Ctrl Pts',(270.27297185186,10.2037689599328,209.39573743126));
#8009=CARTESIAN_POINT('Ctrl Pts',(270.259993875587,10.1000086682228,209.342985498106));
#8010=CARTESIAN_POINT('Ctrl Pts',(270.245257334243,9.9939664352994,209.291115574166));
#8011=CARTESIAN_POINT('Ctrl Pts',(270.2374655896,9.94041964535007,209.265500235196));
#8012=CARTESIAN_POINT('Ctrl Pts',(270.221197226981,9.83256715332892,209.215166024014));
#8013=CARTESIAN_POINT('Ctrl Pts',(270.203842901363,9.72309049201739,209.166714744678));
#8014=CARTESIAN_POINT('Ctrl Pts',(270.194966740783,9.6679295415412,209.142988179958));
#8015=CARTESIAN_POINT('Ctrl Pts',(270.176934208346,9.55644643207496,209.09640981086));
#8016=CARTESIAN_POINT('Ctrl Pts',(270.158627072254,9.44247696330112,209.051415296242));
#8017=CARTESIAN_POINT('Ctrl Pts',(270.149475086261,9.38482174972607,209.029270018107));
#8018=CARTESIAN_POINT('Ctrl Pts',(270.131358765894,9.26835730925907,208.985665429568));
#8019=CARTESIAN_POINT('Ctrl Pts',(270.113860819804,9.15007653060045,208.943490687314));
#8020=CARTESIAN_POINT('Ctrl Pts',(270.105328045731,9.09060464320127,208.922774367784));
#8021=CARTESIAN_POINT('Ctrl Pts',(270.08043545074,8.91151950982092,208.861797316617));
#8022=CARTESIAN_POINT('Ctrl Pts',(270.057471530374,8.73071136688794,208.804353445926));
#8023=CARTESIAN_POINT('Ctrl Pts',(270.042860793432,8.60964579585345,208.767627407904));
#8024=CARTESIAN_POINT('Ctrl Pts',(270.013656493611,8.3655687901848,208.697219690456));
#8025=CARTESIAN_POINT('Ctrl Pts',(269.983135837386,8.11690855382757,208.633398501805));
#8026=CARTESIAN_POINT('Ctrl Pts',(269.967120274597,7.99126507701442,208.603283295204));
#8027=CARTESIAN_POINT('Ctrl Pts',(269.934475600435,7.7362402225824,208.546232712913));
#8028=CARTESIAN_POINT('Ctrl Pts',(269.902983908155,7.47075653038325,208.493267957389));
#8029=CARTESIAN_POINT('Ctrl Pts',(269.888271060857,7.33454367312472,208.467199307371));
#8030=CARTESIAN_POINT('Ctrl Pts',(269.85855020637,7.05619871000761,208.416232605843));
#8031=CARTESIAN_POINT('Ctrl Pts',(269.809713072123,6.78003450046922,208.381567235736));
#8032=CARTESIAN_POINT('Ctrl Pts',(269.775864738987,6.64615552783066,208.371622739998));
#8033=CARTESIAN_POINT('Ctrl Pts',(269.682452861097,6.3913236135236,208.376527584739));
#8034=CARTESIAN_POINT('Ctrl Pts',(269.618564175337,6.09022848677082,208.391294604443));
#8035=CARTESIAN_POINT('Ctrl Pts',(269.61611231963,5.90537368724567,208.391482298658));
#8036=CARTESIAN_POINT('Ctrl Pts',(269.707108459845,5.56469011828386,208.330603721686));
#8037=CARTESIAN_POINT('Ctrl Pts',(269.757453720729,5.26779943324623,208.339024140929));
#8038=CARTESIAN_POINT('Ctrl Pts',(269.761282758149,5.18039823528112,208.356866037257));
#8039=CARTESIAN_POINT('Ctrl Pts',(269.741844205492,5.0323164985356,208.419173342258));
#8040=CARTESIAN_POINT('Ctrl Pts',(269.687851070001,4.92748232532955,208.513092397788));
#8041=CARTESIAN_POINT('Ctrl Pts',(269.656616844179,4.88392718474117,208.563051904625));
#8042=CARTESIAN_POINT('Ctrl Pts',(269.58725667012,4.81346635595907,208.67026715553));
#8043=CARTESIAN_POINT('Ctrl Pts',(269.510748938809,4.76054295089884,208.7846476974));
#8044=CARTESIAN_POINT('Ctrl Pts',(269.472432180419,4.73463128675915,208.841812941265));
#8045=CARTESIAN_POINT('Ctrl Pts',(269.396839826663,4.68012123209363,208.953842463794));
#8046=CARTESIAN_POINT('Ctrl Pts',(269.323902211487,4.62106202604998,209.060914608045));
#8047=CARTESIAN_POINT('Ctrl Pts',(269.288276756356,4.59043313876746,209.113033696551));
#8048=CARTESIAN_POINT('Ctrl Pts',(269.185172372512,4.49724713530851,209.265262117753));
#8049=CARTESIAN_POINT('Ctrl Pts',(269.096610118855,4.40201041404637,209.404874880366));
#8050=CARTESIAN_POINT('Ctrl Pts',(269.047209078561,4.33953294644621,209.491956588641));
#8051=CARTESIAN_POINT('Ctrl Pts',(268.956967690137,4.21279281248955,209.66077033696));
#8052=CARTESIAN_POINT('Ctrl Pts',(268.874791547259,4.08530742921124,209.828148246012));
#8053=CARTESIAN_POINT('Ctrl Pts',(268.833285918553,4.02186347856032,209.913770446797));
#8054=CARTESIAN_POINT('Ctrl Pts',(268.750361963924,3.89725432653705,210.086560645954));
#8055=CARTESIAN_POINT('Ctrl Pts',(268.669852371292,3.77653434843372,210.257035443989));
#8056=CARTESIAN_POINT('Ctrl Pts',(268.630799445208,3.71698681034375,210.340263332788));
#8057=CARTESIAN_POINT('Ctrl Pts',(268.555941128368,3.59902153194851,210.502206260488));
#8058=CARTESIAN_POINT('Ctrl Pts',(268.486856125416,3.48339195534824,210.65748542087));
#8059=CARTESIAN_POINT('Ctrl Pts',(268.453604889028,3.42610548979358,210.733943498424));
#8060=CARTESIAN_POINT('Ctrl Pts',(268.389003577806,3.31180419067292,210.88482619565));
#8061=CARTESIAN_POINT('Ctrl Pts',(268.327882741061,3.19781520061425,211.03226593071));
#8062=CARTESIAN_POINT('Ctrl Pts',(268.298090050093,3.14082367659847,211.105287690708));
#8063=CARTESIAN_POINT('Ctrl Pts',(268.211059758764,2.97021445503494,211.322679251516));
#8064=CARTESIAN_POINT('Ctrl Pts',(268.131040440991,2.80156348031114,211.535696763573));
#8065=CARTESIAN_POINT('Ctrl Pts',(268.080866877706,2.6908821209373,211.676285926679));
#8066=CARTESIAN_POINT('Ctrl Pts',(267.938529374313,2.3644090642393,212.093025634196));
#8067=CARTESIAN_POINT('Ctrl Pts',(267.816159717336,2.05358688763954,212.500362602267));
#8068=CARTESIAN_POINT('Ctrl Pts',(267.740159841722,1.85132118048589,212.771488784924));
#8069=CARTESIAN_POINT('Ctrl Pts',(267.664082449559,1.65208979411498,213.043944404785));
#8070=CARTESIAN_POINT('Ctrl Pts',(267.588834049713,1.45763223793872,213.317357998398));
#8071=CARTESIAN_POINT('Ctrl Pts',(270.015646904168,13.8524032539599,213.441207264332));
#8072=CARTESIAN_POINT('Ctrl Pts',(270.030844801932,13.6552486760167,213.172049882227));
#8073=CARTESIAN_POINT('Ctrl Pts',(270.046072627713,13.4596618098479,212.904099688681));
#8074=CARTESIAN_POINT('Ctrl Pts',(270.054749593697,13.2687693272961,212.629812246723));
#8075=CARTESIAN_POINT('Ctrl Pts',(270.091105796998,12.9815327827033,212.232847551963));
#8076=CARTESIAN_POINT('Ctrl Pts',(270.163993920476,12.6782185757382,211.818377443857));
#8077=CARTESIAN_POINT('Ctrl Pts',(270.193115312161,12.5768844595276,211.673848093671));
#8078=CARTESIAN_POINT('Ctrl Pts',(270.260729386435,12.381227849078,211.377315085768));
#8079=CARTESIAN_POINT('Ctrl Pts',(270.337331519428,12.179749299402,211.078804867284));
#8080=CARTESIAN_POINT('Ctrl Pts',(270.377136587946,12.0745778278284,210.930842554128));
#8081=CARTESIAN_POINT('Ctrl Pts',(270.427700966441,11.9039424489377,210.705053966826));
#8082=CARTESIAN_POINT('Ctrl Pts',(270.433006656984,11.6777834017752,210.508515788643));
#8083=CARTESIAN_POINT('Ctrl Pts',(270.429570481382,11.5956691292499,210.447065366438));
#8084=CARTESIAN_POINT('Ctrl Pts',(270.421586245061,11.4280724080574,210.325490359838));
#8085=CARTESIAN_POINT('Ctrl Pts',(270.411741144645,11.2580122120747,210.201786688682));
#8086=CARTESIAN_POINT('Ctrl Pts',(270.406871124076,11.1739184297453,210.137868867205));
#8087=CARTESIAN_POINT('Ctrl Pts',(270.400402054586,11.0080690264044,210.004324748432));
#8088=CARTESIAN_POINT('Ctrl Pts',(270.395235636153,10.8352600792487,209.872258510433));
#8089=CARTESIAN_POINT('Ctrl Pts',(270.391450144816,10.7438641065371,209.810034554851));
#8090=CARTESIAN_POINT('Ctrl Pts',(270.382965004482,10.6008687161594,209.723238774228));
#8091=CARTESIAN_POINT('Ctrl Pts',(270.371229117888,10.4528054776381,209.642434933453));
#8092=CARTESIAN_POINT('Ctrl Pts',(270.36697912565,10.4030489521074,209.616004594229));
#8093=CARTESIAN_POINT('Ctrl Pts',(270.357801163111,10.302790534262,209.563812530336));
#8094=CARTESIAN_POINT('Ctrl Pts',(270.347182442862,10.2008726078246,209.512628946307));
#8095=CARTESIAN_POINT('Ctrl Pts',(270.341492632959,10.1494569467262,209.487202271283));
#8096=CARTESIAN_POINT('Ctrl Pts',(270.329315868224,10.0456379306825,209.436695826095));
#8097=CARTESIAN_POINT('Ctrl Pts',(270.315662632939,9.9401302490861,209.387134809416));
#8098=CARTESIAN_POINT('Ctrl Pts',(270.308494056387,9.88701988675687,209.362652439406));
#8099=CARTESIAN_POINT('Ctrl Pts',(270.293598526497,9.78031216605436,209.314460890689));
#8100=CARTESIAN_POINT('Ctrl Pts',(270.27771049493,9.67234542430807,209.26784094984));
#8101=CARTESIAN_POINT('Ctrl Pts',(270.26955227916,9.61798661949263,209.244935120538));
#8102=CARTESIAN_POINT('Ctrl Pts',(270.252806048538,9.50807277603282,209.199809559005));
#8103=CARTESIAN_POINT('Ctrl Pts',(270.235367689859,9.39546658434343,209.155947497545));
#8104=CARTESIAN_POINT('Ctrl Pts',(270.226514595264,9.33840587899385,209.134302212788));
#8105=CARTESIAN_POINT('Ctrl Pts',(270.208744771402,9.2229826581305,209.091627538184));
#8106=CARTESIAN_POINT('Ctrl Pts',(270.191191676622,9.10554733233608,209.050335843853));
#8107=CARTESIAN_POINT('Ctrl Pts',(270.182555786058,9.0464739627253,209.0300731761));
#8108=CARTESIAN_POINT('Ctrl Pts',(270.157221285594,8.86857813543132,208.970526213709));
#8109=CARTESIAN_POINT('Ctrl Pts',(270.133618232972,8.68896797354975,208.914696117906));
#8110=CARTESIAN_POINT('Ctrl Pts',(270.118672198464,8.56873409973198,208.879104234508));
#8111=CARTESIAN_POINT('Ctrl Pts',(270.089180228598,8.32609790957912,208.810823181966));
#8112=CARTESIAN_POINT('Ctrl Pts',(270.059476531337,8.07804925214406,208.748570080039));
#8113=CARTESIAN_POINT('Ctrl Pts',(270.044237400613,7.95239138086539,208.719015149735));
#8114=CARTESIAN_POINT('Ctrl Pts',(270.013755682995,7.69678638130948,208.66274900237));
#8115=CARTESIAN_POINT('Ctrl Pts',(269.984187441678,7.43084402486811,208.611214551939));
#8116=CARTESIAN_POINT('Ctrl Pts',(269.970000329153,7.29477386137512,208.586371562332));
#8117=CARTESIAN_POINT('Ctrl Pts',(269.939820819439,7.01769262899958,208.53939589107));
#8118=CARTESIAN_POINT('Ctrl Pts',(269.889951245725,6.74434597610602,208.511793204937));
#8119=CARTESIAN_POINT('Ctrl Pts',(269.855985072089,6.6122248069476,208.50611800668));
#8120=CARTESIAN_POINT('Ctrl Pts',(269.765133639795,6.36259147719359,208.522325868438));
#8121=CARTESIAN_POINT('Ctrl Pts',(269.700136773546,6.0807822994755,208.551773839668));
#8122=CARTESIAN_POINT('Ctrl Pts',(269.694988826078,5.91482795084923,208.556539572243));
#8123=CARTESIAN_POINT('Ctrl Pts',(269.757823315019,5.61301192356462,208.520065112421));
#8124=CARTESIAN_POINT('Ctrl Pts',(269.806784596589,5.32146950665202,208.521718854825));
#8125=CARTESIAN_POINT('Ctrl Pts',(269.816259465777,5.22988208063648,208.530811763445));
#8126=CARTESIAN_POINT('Ctrl Pts',(269.818934960283,5.06317908916921,208.565108355057));
#8127=CARTESIAN_POINT('Ctrl Pts',(269.792120504176,4.9332046419409,208.627312879266));
#8128=CARTESIAN_POINT('Ctrl Pts',(269.771829725779,4.87874345780068,208.664563096092));
#8129=CARTESIAN_POINT('Ctrl Pts',(269.718215826368,4.79137534799356,208.752253649459));
#8130=CARTESIAN_POINT('Ctrl Pts',(269.647278109647,4.7314746797594,208.856644758381));
#8131=CARTESIAN_POINT('Ctrl Pts',(269.609615704196,4.70466561776575,208.910713467578));
#8132=CARTESIAN_POINT('Ctrl Pts',(269.533068329659,4.65144299048675,209.018665983661));
#8133=CARTESIAN_POINT('Ctrl Pts',(269.456628288793,4.5971697633998,209.124137748039));
#8134=CARTESIAN_POINT('Ctrl Pts',(269.419138826724,4.56913029504482,209.175621250442));
#8135=CARTESIAN_POINT('Ctrl Pts',(269.310371136461,4.48365847840933,209.32619094027));
#8136=CARTESIAN_POINT('Ctrl Pts',(269.2164416534,4.3950208390907,209.464420430893));
#8137=CARTESIAN_POINT('Ctrl Pts',(269.164133149108,4.33566454240123,209.550252445366));
#8138=CARTESIAN_POINT('Ctrl Pts',(269.070266129161,4.21273268548,209.715943605721));
#8139=CARTESIAN_POINT('Ctrl Pts',(268.985732889267,4.08572070944557,209.881092640129));
#8140=CARTESIAN_POINT('Ctrl Pts',(268.942807844278,4.02208491209319,209.966237619026));
#8141=CARTESIAN_POINT('Ctrl Pts',(268.857168570646,3.89720286483766,210.138541626905));
#8142=CARTESIAN_POINT('Ctrl Pts',(268.774458654559,3.77650053195981,210.308480236055));
#8143=CARTESIAN_POINT('Ctrl Pts',(268.73452982632,3.71704982752209,210.391130201495));
#8144=CARTESIAN_POINT('Ctrl Pts',(268.658350056964,3.59894893234179,210.551020442968));
#8145=CARTESIAN_POINT('Ctrl Pts',(268.588443132394,3.48288536905722,210.703380458471));
#8146=CARTESIAN_POINT('Ctrl Pts',(268.554821844394,3.42537623258238,210.778377005862));
#8147=CARTESIAN_POINT('Ctrl Pts',(268.48942024628,3.31077655485865,210.926677848874));
#8148=CARTESIAN_POINT('Ctrl Pts',(268.427325134234,3.19666990567816,211.072119535829));
#8149=CARTESIAN_POINT('Ctrl Pts',(268.396985225535,3.13964765962312,211.144280050141));
#8150=CARTESIAN_POINT('Ctrl Pts',(268.308216660009,2.96896754277829,211.359323766613));
#8151=CARTESIAN_POINT('Ctrl Pts',(268.22634759909,2.80035058351389,211.570547029562));
#8152=CARTESIAN_POINT('Ctrl Pts',(268.175061628968,2.68979412262155,211.71005921702));
#8153=CARTESIAN_POINT('Ctrl Pts',(268.029793138773,2.36383435375706,212.123447607979));
#8154=CARTESIAN_POINT('Ctrl Pts',(267.905435214817,2.05357780541178,212.527382126146));
#8155=CARTESIAN_POINT('Ctrl Pts',(267.82827891755,1.85176389791616,212.796485268768));
#8156=CARTESIAN_POINT('Ctrl Pts',(267.751420372224,1.65274498577188,213.067247174193));
#8157=CARTESIAN_POINT('Ctrl Pts',(267.675444654872,1.45826773415367,213.339194713145));
#8158=CARTESIAN_POINT('Ctrl Pts',(270.089552095253,13.8220315909025,213.467122380968));
#8159=CARTESIAN_POINT('Ctrl Pts',(270.105763925875,13.6244945235288,213.199405957737));
#8160=CARTESIAN_POINT('Ctrl Pts',(270.122255554529,13.4286897008133,212.932860367446));
#8161=CARTESIAN_POINT('Ctrl Pts',(270.133001386591,13.2378738706715,212.658743911944));
#8162=CARTESIAN_POINT('Ctrl Pts',(270.16920000967,12.9496207454575,212.264090630628));
#8163=CARTESIAN_POINT('Ctrl Pts',(270.246199961486,12.6482926940673,211.854151239532));
#8164=CARTESIAN_POINT('Ctrl Pts',(270.277342700777,12.5486089873412,211.710888151754));
#8165=CARTESIAN_POINT('Ctrl Pts',(270.349549870231,12.3562245010747,211.415482843193));
#8166=CARTESIAN_POINT('Ctrl Pts',(270.423605696789,12.150400949096,211.12151835401));
#8167=CARTESIAN_POINT('Ctrl Pts',(270.457329893562,12.0385537832456,210.978734516418));
#8168=CARTESIAN_POINT('Ctrl Pts',(270.490410874868,11.8494819534103,210.76900429322));
#8169=CARTESIAN_POINT('Ctrl Pts',(270.489403978521,11.6148352273393,210.581599967204));
#8170=CARTESIAN_POINT('Ctrl Pts',(270.485910331556,11.531788597122,210.521672930933));
#8171=CARTESIAN_POINT('Ctrl Pts',(270.480719046299,11.3652323380053,210.400620237664));
#8172=CARTESIAN_POINT('Ctrl Pts',(270.475850993013,11.1991145320065,210.275890691658));
#8173=CARTESIAN_POINT('Ctrl Pts',(270.472974006667,11.1168798613322,210.212022427077));
#8174=CARTESIAN_POINT('Ctrl Pts',(270.467897083695,10.9529541507316,210.080986543787));
#8175=CARTESIAN_POINT('Ctrl Pts',(270.46194006315,10.780883003948,209.953057878968));
#8176=CARTESIAN_POINT('Ctrl Pts',(270.457930964763,10.6901881206505,209.892528984547));
#8177=CARTESIAN_POINT('Ctrl Pts',(270.449643440135,10.548293147538,209.807661342616));
#8178=CARTESIAN_POINT('Ctrl Pts',(270.438477577987,10.4007732527119,209.728651926923));
#8179=CARTESIAN_POINT('Ctrl Pts',(270.434445684338,10.3511128963429,209.702837891448));
#8180=CARTESIAN_POINT('Ctrl Pts',(270.425753590868,10.2509301047627,209.651978485305));
#8181=CARTESIAN_POINT('Ctrl Pts',(270.415764110934,10.1490701386643,209.602368022898));
#8182=CARTESIAN_POINT('Ctrl Pts',(270.410434979259,10.0977323721607,209.577799259179));
#8183=CARTESIAN_POINT('Ctrl Pts',(270.399103920018,9.9942746309475,209.529122772507));
#8184=CARTESIAN_POINT('Ctrl Pts',(270.386519610868,9.88950276875572,209.481498147603));
#8185=CARTESIAN_POINT('Ctrl Pts',(270.37993603224,9.83684777059701,209.457980557096));
#8186=CARTESIAN_POINT('Ctrl Pts',(270.366259087346,9.73112010412247,209.411635928904));
#8187=CARTESIAN_POINT('Ctrl Pts',(270.351575615907,9.62418815231513,209.366650704418));
#8188=CARTESIAN_POINT('Ctrl Pts',(270.343988641241,9.57033839330132,209.344496432805));
#8189=CARTESIAN_POINT('Ctrl Pts',(270.328262852821,9.46142050702433,209.300758624002));
#8190=CARTESIAN_POINT('Ctrl Pts',(270.311531430977,9.34975043839008,209.25810562514));
#8191=CARTESIAN_POINT('Ctrl Pts',(270.30293561404,9.29313929251965,209.237033231841));
#8192=CARTESIAN_POINT('Ctrl Pts',(270.285487390751,9.17859086370643,209.195481117633));
#8193=CARTESIAN_POINT('Ctrl Pts',(270.267916175331,9.06202031961509,209.155323992365));
#8194=CARTESIAN_POINT('Ctrl Pts',(270.259197567006,9.00338662859732,209.135646698494));
#8195=CARTESIAN_POINT('Ctrl Pts',(270.233452505702,8.82684578597107,209.077926347349));
#8196=CARTESIAN_POINT('Ctrl Pts',(270.209110505439,8.64864046046375,209.024087974474));
#8197=CARTESIAN_POINT('Ctrl Pts',(270.193667053838,8.52931529246211,208.989855602657));
#8198=CARTESIAN_POINT('Ctrl Pts',(270.163446275607,8.28824643932777,208.92413755502));
#8199=CARTESIAN_POINT('Ctrl Pts',(270.133769284586,8.04114743443403,208.864018173361));
#8200=CARTESIAN_POINT('Ctrl Pts',(270.118804712565,7.91576139457822,208.835375361923));
#8201=CARTESIAN_POINT('Ctrl Pts',(270.089111601849,7.66061223023329,208.780905315477));
#8202=CARTESIAN_POINT('Ctrl Pts',(270.059865445557,7.39601563795911,208.732156974701));
#8203=CARTESIAN_POINT('Ctrl Pts',(270.045441924778,7.261176746315,208.709257053132));
#8204=CARTESIAN_POINT('Ctrl Pts',(270.014342714488,6.98715074775988,208.667090846206));
#8205=CARTESIAN_POINT('Ctrl Pts',(269.966009243577,6.71622705194456,208.644135090078));
#8206=CARTESIAN_POINT('Ctrl Pts',(269.934230216637,6.58463923130235,208.640309472753));
#8207=CARTESIAN_POINT('Ctrl Pts',(269.851326971937,6.33704418932528,208.659121883961));
#8208=CARTESIAN_POINT('Ctrl Pts',(269.789414973474,6.07158815368202,208.691258256442));
#8209=CARTESIAN_POINT('Ctrl Pts',(269.781312848918,5.9227277061005,208.697132547516));
#8210=CARTESIAN_POINT('Ctrl Pts',(269.820016203543,5.65079592978051,208.679680873429));
#8211=CARTESIAN_POINT('Ctrl Pts',(269.861278104221,5.36872017790586,208.682342676378));
#8212=CARTESIAN_POINT('Ctrl Pts',(269.872035825442,5.27684541939377,208.687837142831));
#8213=CARTESIAN_POINT('Ctrl Pts',(269.883287818538,5.10443350089305,208.709784943219));
#8214=CARTESIAN_POINT('Ctrl Pts',(269.871168654236,4.96240138685935,208.755282048256));
#8215=CARTESIAN_POINT('Ctrl Pts',(269.858411200335,4.90114049154247,208.784434147523));
#8216=CARTESIAN_POINT('Ctrl Pts',(269.819671922424,4.79864003981542,208.855838087673));
#8217=CARTESIAN_POINT('Ctrl Pts',(269.760423723956,4.7258988450551,208.946493517005));
#8218=CARTESIAN_POINT('Ctrl Pts',(269.727146468405,4.69446263204557,208.994937005424));
#8219=CARTESIAN_POINT('Ctrl Pts',(269.656731270555,4.63559271229643,209.093957873211));
#8220=CARTESIAN_POINT('Ctrl Pts',(269.582241934884,4.58110255476015,209.194197391149));
#8221=CARTESIAN_POINT('Ctrl Pts',(269.544948713253,4.55390384543773,209.243773265483));
#8222=CARTESIAN_POINT('Ctrl Pts',(269.43501442545,4.47249931817087,209.390222095333));
#8223=CARTESIAN_POINT('Ctrl Pts',(269.335959219703,4.3903092314221,209.527753129478));
#8224=CARTESIAN_POINT('Ctrl Pts',(269.279821924599,4.33415227703333,209.613209600095));
#8225=CARTESIAN_POINT('Ctrl Pts',(269.180680302213,4.21463581074989,209.776596036159));
#8226=CARTESIAN_POINT('Ctrl Pts',(269.093099457596,4.0871487301848,209.9389974145));
#8227=CARTESIAN_POINT('Ctrl Pts',(269.048854913407,4.02277534305846,210.023077217466));
#8228=CARTESIAN_POINT('Ctrl Pts',(268.961054976133,3.89681574175584,210.193611786626));
#8229=CARTESIAN_POINT('Ctrl Pts',(268.876929959957,3.77605458686584,210.362046061023));
#8230=CARTESIAN_POINT('Ctrl Pts',(268.836450911225,3.71688426995786,210.443840142822));
#8231=CARTESIAN_POINT('Ctrl Pts',(268.759455885763,3.59907967203699,210.601316708662));
#8232=CARTESIAN_POINT('Ctrl Pts',(268.688937568477,3.48292197972556,210.750619150157));
#8233=CARTESIAN_POINT('Ctrl Pts',(268.654980270792,3.42527209020341,210.824092383167));
#8234=CARTESIAN_POINT('Ctrl Pts',(268.588772649022,3.3104516957072,210.969733569238));
#8235=CARTESIAN_POINT('Ctrl Pts',(268.525626201855,3.19621482584278,211.113169516067));
#8236=CARTESIAN_POINT('Ctrl Pts',(268.494702795944,3.13915566249235,211.184478308535));
#8237=CARTESIAN_POINT('Ctrl Pts',(268.404112103797,2.9683895257617,211.397193227034));
#8238=CARTESIAN_POINT('Ctrl Pts',(268.320397168506,2.79980771061346,211.606586308839));
#8239=CARTESIAN_POINT('Ctrl Pts',(268.268047918035,2.68939644382159,211.744964626632));
#8240=CARTESIAN_POINT('Ctrl Pts',(268.120033311389,2.36406993438814,212.154974888099));
#8241=CARTESIAN_POINT('Ctrl Pts',(267.993926911997,2.05445741840917,212.555483683661));
#8242=CARTESIAN_POINT('Ctrl Pts',(267.915532376162,1.85297317632084,212.822525227969));
#8243=CARTESIAN_POINT('Ctrl Pts',(267.837985265269,1.65410871507831,213.091603123754));
#8244=CARTESIAN_POINT('Ctrl Pts',(267.761337826742,1.45956779371156,213.362088824766));
#8245=CARTESIAN_POINT('Ctrl Pts',(270.126249640902,13.8067511644422,213.48033330589));
#8246=CARTESIAN_POINT('Ctrl Pts',(270.142981997284,13.6089850215249,213.213362777029));
#8247=CARTESIAN_POINT('Ctrl Pts',(270.160167959384,13.4130100180113,212.947583647598));
#8248=CARTESIAN_POINT('Ctrl Pts',(270.171788469905,13.2221083167258,212.673580122052));
#8249=CARTESIAN_POINT('Ctrl Pts',(270.208155950389,12.9336610953839,212.279956212708));
#8250=CARTESIAN_POINT('Ctrl Pts',(270.287281448253,12.6335101783268,211.872151389067));
#8251=CARTESIAN_POINT('Ctrl Pts',(270.319354670914,12.5345890948271,211.729514088131));
#8252=CARTESIAN_POINT('Ctrl Pts',(270.393083197865,12.3430615204664,211.435162761917));
#8253=CARTESIAN_POINT('Ctrl Pts',(270.464684125229,12.1339105630668,211.144323427265));
#8254=CARTESIAN_POINT('Ctrl Pts',(270.494666506705,12.0180484336361,211.00467459463));
#8255=CARTESIAN_POINT('Ctrl Pts',(270.51998035271,11.8207549588051,210.802148630882));
#8256=CARTESIAN_POINT('Ctrl Pts',(270.517514794401,11.5835160230497,210.618033713962));
#8257=CARTESIAN_POINT('Ctrl Pts',(270.514535726505,11.5005184609126,210.558493489991));
#8258=CARTESIAN_POINT('Ctrl Pts',(270.51141214573,11.3350989519165,210.4373694729));
#8259=CARTESIAN_POINT('Ctrl Pts',(270.508963653742,11.1708370738783,210.31243732291));
#8260=CARTESIAN_POINT('Ctrl Pts',(270.506882368825,11.0893125752259,210.24887248448));
#8261=CARTESIAN_POINT('Ctrl Pts',(270.50212979924,10.9258842408599,210.119590185247));
#8262=CARTESIAN_POINT('Ctrl Pts',(270.495523295406,10.7538432488517,209.993951014569));
#8263=CARTESIAN_POINT('Ctrl Pts',(270.491329272078,10.6634204137986,209.93425140219));
#8264=CARTESIAN_POINT('Ctrl Pts',(270.483055056664,10.5220488859504,209.850243357506));
#8265=CARTESIAN_POINT('Ctrl Pts',(270.472132680502,10.3749093872462,209.771979595149));
#8266=CARTESIAN_POINT('Ctrl Pts',(270.468200806164,10.3253481034938,209.746421481349));
#8267=CARTESIAN_POINT('Ctrl Pts',(270.459742700347,10.22532856008,209.696121938091));
#8268=CARTESIAN_POINT('Ctrl Pts',(270.450066433006,10.1236368628188,209.647188673844));
#8269=CARTESIAN_POINT('Ctrl Pts',(270.444916288932,10.0724031043219,209.622993672169));
#8270=CARTESIAN_POINT('Ctrl Pts',(270.433995689176,9.96922621595513,209.575121716971));
#8271=CARTESIAN_POINT('Ctrl Pts',(270.421906512523,9.86484773273307,209.528361306983));
#8272=CARTESIAN_POINT('Ctrl Pts',(270.415587066462,9.81241046831566,209.505277327385));
#8273=CARTESIAN_POINT('Ctrl Pts',(270.402446009476,9.70711048066039,209.459768804867));
#8274=CARTESIAN_POINT('Ctrl Pts',(270.388273240353,9.60057449719741,209.415539650123));
#8275=CARTESIAN_POINT('Ctrl Pts',(270.380924977068,9.54690962814404,209.39373833737));
#8276=CARTESIAN_POINT('Ctrl Pts',(270.365630335377,9.43836206236664,209.350668862354));
#8277=CARTESIAN_POINT('Ctrl Pts',(270.349218403433,9.32708712301796,209.308635268343));
#8278=CARTESIAN_POINT('Ctrl Pts',(270.340749624916,9.27068614930344,209.287866995479));
#8279=CARTESIAN_POINT('Ctrl Pts',(270.323480430271,9.15657731671492,209.246923658298));
#8280=CARTESIAN_POINT('Ctrl Pts',(270.305942304599,9.0404790542793,209.207392842711));
#8281=CARTESIAN_POINT('Ctrl Pts',(270.297204685754,8.98208837384335,209.188037434524));
#8282=CARTESIAN_POINT('Ctrl Pts',(270.271315210106,8.80629232078819,209.13131237382));
#8283=CARTESIAN_POINT('Ctrl Pts',(270.246632385677,8.62884146387924,209.078534066877));
#8284=CARTESIAN_POINT('Ctrl Pts',(270.230933200234,8.5099921385158,209.045016689469));
#8285=CARTESIAN_POINT('Ctrl Pts',(270.200290937701,8.26976364304478,208.980658302894));
#8286=CARTESIAN_POINT('Ctrl Pts',(270.170457893959,8.02328578267838,208.921735843946));
#8287=CARTESIAN_POINT('Ctrl Pts',(270.155513062763,7.89814780305775,208.893636532058));
#8288=CARTESIAN_POINT('Ctrl Pts',(270.125891977395,7.64357207372476,208.840312865925));
#8289=CARTESIAN_POINT('Ctrl Pts',(270.096451808849,7.3802068412717,208.793284346513));
#8290=CARTESIAN_POINT('Ctrl Pts',(270.08175103287,7.24631657491454,208.771528405961));
#8291=CARTESIAN_POINT('Ctrl Pts',(270.050143541707,6.97444080139771,208.731966914631));
#8292=CARTESIAN_POINT('Ctrl Pts',(270.003199800903,6.7048715462363,208.710754814896));
#8293=CARTESIAN_POINT('Ctrl Pts',(269.97303563054,6.57337570559599,208.707272387384));
#8294=CARTESIAN_POINT('Ctrl Pts',(269.89515488919,6.32621639955697,208.725304637387));
#8295=CARTESIAN_POINT('Ctrl Pts',(269.835147920234,6.06724341934273,208.757097648945));
#8296=CARTESIAN_POINT('Ctrl Pts',(269.824899241072,5.92467798273481,208.764518334325));
#8297=CARTESIAN_POINT('Ctrl Pts',(269.853558742679,5.66512991145978,208.75459701945));
#8298=CARTESIAN_POINT('Ctrl Pts',(269.88968861899,5.39040147228511,208.75916835863));
#8299=CARTESIAN_POINT('Ctrl Pts',(269.899932197326,5.29989482288014,208.764165781711));
#8300=CARTESIAN_POINT('Ctrl Pts',(269.912486582336,5.12812080445259,208.78325952536));
#8301=CARTESIAN_POINT('Ctrl Pts',(269.905098090596,4.98297051791501,208.823248115815));
#8302=CARTESIAN_POINT('Ctrl Pts',(269.895303546939,4.91925760438635,208.849202251998));
#8303=CARTESIAN_POINT('Ctrl Pts',(269.863240177662,4.8103064909422,208.913388809052));
#8304=CARTESIAN_POINT('Ctrl Pts',(269.810594344708,4.73052126895054,208.996673050614));
#8305=CARTESIAN_POINT('Ctrl Pts',(269.7802004708,4.69603182989293,209.041762208305));
#8306=CARTESIAN_POINT('Ctrl Pts',(269.714360418732,4.63263658223437,209.135121262567));
#8307=CARTESIAN_POINT('Ctrl Pts',(269.642240912936,4.57637940025947,209.231662599929));
#8308=CARTESIAN_POINT('Ctrl Pts',(269.605609656975,4.54891978887534,209.279869563183));
#8309=CARTESIAN_POINT('Ctrl Pts',(269.496377779995,4.46796229507782,209.423399449013));
#8310=CARTESIAN_POINT('Ctrl Pts',(269.395016861915,4.38855851669675,209.560651498001));
#8311=CARTESIAN_POINT('Ctrl Pts',(269.33686489067,4.33396669948097,209.646136527487));
#8312=CARTESIAN_POINT('Ctrl Pts',(269.234831443327,4.21599145335535,209.808566114719));
#8313=CARTESIAN_POINT('Ctrl Pts',(269.145648439478,4.08803740832385,209.96937322817));
#8314=CARTESIAN_POINT('Ctrl Pts',(269.100826143555,4.02315225135156,210.05268795865));
#8315=CARTESIAN_POINT('Ctrl Pts',(269.012180852994,3.89643034484051,210.2218548595));
#8316=CARTESIAN_POINT('Ctrl Pts',(268.927603484883,3.77560230255015,210.389181296822));
#8317=CARTESIAN_POINT('Ctrl Pts',(268.88694869933,3.71661637840475,210.470445292799));
#8318=CARTESIAN_POINT('Ctrl Pts',(268.809690768058,3.5990873873362,210.626614346667));
#8319=CARTESIAN_POINT('Ctrl Pts',(268.738916871039,3.48301224826077,210.774413166587));
#8320=CARTESIAN_POINT('Ctrl Pts',(268.704797318966,3.4253348786215,210.847145214619));
#8321=CARTESIAN_POINT('Ctrl Pts',(268.638178562296,3.31045514825568,210.991495939426));
#8322=CARTESIAN_POINT('Ctrl Pts',(268.574480629717,3.19616349744656,211.133963529598));
#8323=CARTESIAN_POINT('Ctrl Pts',(268.54325385604,3.13908763311397,211.204860946846));
#8324=CARTESIAN_POINT('Ctrl Pts',(268.451726869637,2.96828042260529,211.416440957487));
#8325=CARTESIAN_POINT('Ctrl Pts',(268.367094060941,2.79971305528437,211.624907301034));
#8326=CARTESIAN_POINT('Ctrl Pts',(268.314229937603,2.68937710859711,211.762698651421));
#8327=CARTESIAN_POINT('Ctrl Pts',(268.164896183283,2.3643901880578,212.171005931769));
#8328=CARTESIAN_POINT('Ctrl Pts',(268.037974807269,2.05511508807795,212.569804079709));
#8329=CARTESIAN_POINT('Ctrl Pts',(267.958964904721,1.85375807514433,212.83582191205));
#8330=CARTESIAN_POINT('Ctrl Pts',(267.881079601164,1.65496232526993,213.104046988316));
#8331=CARTESIAN_POINT('Ctrl Pts',(267.804106137042,1.46038008839682,213.373799245509));
#8332=CARTESIAN_POINT('Ctrl Pts',(270.235590444085,13.7606408633264,213.520724795187));
#8333=CARTESIAN_POINT('Ctrl Pts',(270.253961324926,13.5620552431541,213.256102051471));
#8334=CARTESIAN_POINT('Ctrl Pts',(270.273560038575,13.365330727759,212.992940105247));
#8335=CARTESIAN_POINT('Ctrl Pts',(270.286987590443,13.1739017690564,212.719160192322));
#8336=CARTESIAN_POINT('Ctrl Pts',(270.324856075564,12.8859936133393,212.328361335262));
#8337=CARTESIAN_POINT('Ctrl Pts',(270.410183332778,12.5895536539086,211.926722104821));
#8338=CARTESIAN_POINT('Ctrl Pts',(270.444608798636,12.4925305849441,211.786029442013));
#8339=CARTESIAN_POINT('Ctrl Pts',(270.520112137122,12.3007576182331,211.496614545559));
#8340=CARTESIAN_POINT('Ctrl Pts',(270.581352783497,12.0786883958973,211.217344692522));
#8341=CARTESIAN_POINT('Ctrl Pts',(270.599447867804,11.9501902459809,211.087675313823));
#8342=CARTESIAN_POINT('Ctrl Pts',(270.605876445262,11.7328225573139,210.903116358986));
#8343=CARTESIAN_POINT('Ctrl Pts',(270.603232245089,11.492121468937,210.72565510173));
#8344=CARTESIAN_POINT('Ctrl Pts',(270.60280680256,11.4103072274022,210.666588744281));
#8345=CARTESIAN_POINT('Ctrl Pts',(270.606496146802,11.2489688460692,210.545224406762));
#8346=CARTESIAN_POINT('Ctrl Pts',(270.610171854382,11.0890814887946,210.421228079413));
#8347=CARTESIAN_POINT('Ctrl Pts',(270.60971448182,11.008838566011,210.359492981062));
#8348=CARTESIAN_POINT('Ctrl Pts',(270.604921834507,10.8455472517327,210.236719037571));
#8349=CARTESIAN_POINT('Ctrl Pts',(270.59609176191,10.6729070329048,210.118155021753));
#8350=CARTESIAN_POINT('Ctrl Pts',(270.591319292422,10.583105499194,210.060822669606));
#8351=CARTESIAN_POINT('Ctrl Pts',(270.583053325154,10.4432673933035,209.979087554627));
#8352=CARTESIAN_POINT('Ctrl Pts',(270.572853815627,10.2975779312288,209.902656256694));
#8353=CARTESIAN_POINT('Ctrl Pts',(270.569220556757,10.248451236039,209.877726457914));
#8354=CARTESIAN_POINT('Ctrl Pts',(270.561459856509,10.1492355854698,209.828819702617));
#8355=CARTESIAN_POINT('Ctrl Pts',(270.552693953868,10.0483561870154,209.781615435937));
#8356=CARTESIAN_POINT('Ctrl Pts',(270.548054890599,9.99756550748949,209.758386424908));
#8357=CARTESIAN_POINT('Ctrl Pts',(270.538276980334,9.89540345887283,209.712612222542));
#8358=CARTESIAN_POINT('Ctrl Pts',(270.52750845316,9.79219388580024,209.668142025574));
#8359=CARTESIAN_POINT('Ctrl Pts',(270.521879218056,9.74035657685143,209.646216789413));
#8360=CARTESIAN_POINT('Ctrl Pts',(270.510114699657,9.63617298786997,209.602968145019));
#8361=CARTESIAN_POINT('Ctrl Pts',(270.497231706881,9.53060110681348,209.56084716812));
#8362=CARTESIAN_POINT('Ctrl Pts',(270.490485753914,9.47738002597659,209.540051040738));
#8363=CARTESIAN_POINT('Ctrl Pts',(270.476303281792,9.36976413131029,209.498935930165));
#8364=CARTESIAN_POINT('Ctrl Pts',(270.460787635155,9.25962210581094,209.458814358782));
#8365=CARTESIAN_POINT('Ctrl Pts',(270.452705729579,9.2038682024665,209.439009456999));
#8366=CARTESIAN_POINT('Ctrl Pts',(270.436044676575,9.09117571586053,209.400022735761));
#8367=CARTESIAN_POINT('Ctrl Pts',(270.418751599251,8.97664888119101,209.362514999719));
#8368=CARTESIAN_POINT('Ctrl Pts',(270.410037487762,8.91906058130908,209.34418981093));
#8369=CARTESIAN_POINT('Ctrl Pts',(270.383949069562,8.74567406236471,209.290606892562));
#8370=CARTESIAN_POINT('Ctrl Pts',(270.358413418545,8.57056576407673,209.241084012985));
#8371=CARTESIAN_POINT('Ctrl Pts',(270.341993573772,8.45318989671274,209.20975538389));
#8372=CARTESIAN_POINT('Ctrl Pts',(270.310041104839,8.21567244759366,209.149616546462));
#8373=CARTESIAN_POINT('Ctrl Pts',(270.279362644595,7.97158194927433,209.094606787912));
#8374=CARTESIAN_POINT('Ctrl Pts',(270.264193492568,7.84757429801594,209.06836698224));
#8375=CARTESIAN_POINT('Ctrl Pts',(270.234038870626,7.59577453567929,209.019084598609));
#8376=CARTESIAN_POINT('Ctrl Pts',(270.203227151372,7.33768163869855,208.977959101329));
#8377=CARTESIAN_POINT('Ctrl Pts',(270.187348353184,7.20757001695801,208.960032104278));
#8378=CARTESIAN_POINT('Ctrl Pts',(270.15403014365,6.94412639124802,208.928844815401));
#8379=CARTESIAN_POINT('Ctrl Pts',(270.112376681918,6.67932506781477,208.911743792281));
#8380=CARTESIAN_POINT('Ctrl Pts',(270.088116574369,6.54775813108261,208.907918871529));
#8381=CARTESIAN_POINT('Ctrl Pts',(270.026515550008,6.29995598251066,208.920308776487));
#8382=CARTESIAN_POINT('Ctrl Pts',(269.971338669711,6.05513933708296,208.950222394952));
#8383=CARTESIAN_POINT('Ctrl Pts',(269.954075565309,5.92709175632198,208.963056390201));
#8384=CARTESIAN_POINT('Ctrl Pts',(269.955133785143,5.70068347250063,208.973587364954));
#8385=CARTESIAN_POINT('Ctrl Pts',(269.974451721293,5.45099706883841,208.985558077315));
#8386=CARTESIAN_POINT('Ctrl Pts',(269.981874758564,5.36655881800276,208.990364411953));
#8387=CARTESIAN_POINT('Ctrl Pts',(269.994841015944,5.20116034282705,209.004245890007));
#8388=CARTESIAN_POINT('Ctrl Pts',(269.997936665738,5.05102429723691,209.031055120246));
#8389=CARTESIAN_POINT('Ctrl Pts',(269.995475394779,4.98188892049647,209.048790561276));
#8390=CARTESIAN_POINT('Ctrl Pts',(269.980962530913,4.85716210241376,209.093730047272));
#8391=CARTESIAN_POINT('Ctrl Pts',(269.947591930703,4.7577584463779,209.155809493347));
#8392=CARTESIAN_POINT('Ctrl Pts',(269.926248538867,4.71398243341901,209.190710436069));
#8393=CARTESIAN_POINT('Ctrl Pts',(269.87584280689,4.63533371112447,209.266003254619));
#8394=CARTESIAN_POINT('Ctrl Pts',(269.813280278757,4.57072874926195,209.349802237121));
#8395=CARTESIAN_POINT('Ctrl Pts',(269.779786238345,4.5409630493479,209.393194469074));
#8396=CARTESIAN_POINT('Ctrl Pts',(269.675523281928,4.45740600789666,209.526511517415));
#8397=CARTESIAN_POINT('Ctrl Pts',(269.568345835563,4.38448766332306,209.663177033521));
#8398=CARTESIAN_POINT('Ctrl Pts',(269.504122944807,4.33437234050882,209.749388391584));
#8399=CARTESIAN_POINT('Ctrl Pts',(269.393108568174,4.22058556465742,209.909672720784));
#8400=CARTESIAN_POINT('Ctrl Pts',(269.299328394383,4.09084691733727,210.064876185484));
#8401=CARTESIAN_POINT('Ctrl Pts',(269.253237800018,4.02411176496788,210.144992723699));
#8402=CARTESIAN_POINT('Ctrl Pts',(269.163005898141,3.89451740062973,210.308267977185));
#8403=CARTESIAN_POINT('Ctrl Pts',(269.077925504018,3.77329896720802,210.470915565192));
#8404=CARTESIAN_POINT('Ctrl Pts',(269.037062241003,3.71495951806289,210.550191169269));
#8405=CARTESIAN_POINT('Ctrl Pts',(268.959439956134,3.5986594228635,210.702168117566));
#8406=CARTESIAN_POINT('Ctrl Pts',(268.888016351958,3.48331581002964,210.845759312112));
#8407=CARTESIAN_POINT('Ctrl Pts',(268.853417949203,3.42573418541825,210.916451057536));
#8408=CARTESIAN_POINT('Ctrl Pts',(268.785526762271,3.31091049778431,211.057257868692));
#8409=CARTESIAN_POINT('Ctrl Pts',(268.720091135782,3.19653284591559,211.197059091358));
#8410=CARTESIAN_POINT('Ctrl Pts',(268.68791825385,3.13942759026512,211.266812346899));
#8411=CARTESIAN_POINT('Ctrl Pts',(268.593510253758,2.96853639652828,211.475173831235));
#8412=CARTESIAN_POINT('Ctrl Pts',(268.506158908439,2.80000448788246,211.680824486879));
#8413=CARTESIAN_POINT('Ctrl Pts',(268.45181582239,2.68989716534411,211.816779801315));
#8414=CARTESIAN_POINT('Ctrl Pts',(268.298714443444,2.36596657428449,212.219884289385));
#8415=CARTESIAN_POINT('Ctrl Pts',(268.169525374623,2.0577262525183,212.613552954566));
#8416=CARTESIAN_POINT('Ctrl Pts',(268.088729107498,1.85664672636735,212.876535286088));
#8417=CARTESIAN_POINT('Ctrl Pts',(268.009822239275,1.65802779465723,213.142174113707));
#8418=CARTESIAN_POINT('Ctrl Pts',(267.931885438573,1.46329301745502,213.409716220452));
#8419=CARTESIAN_POINT('Ctrl Pts',(270.342594158215,13.7138342823316,213.56328917806));
#8420=CARTESIAN_POINT('Ctrl Pts',(270.36272113259,13.5140589448374,213.301266349096));
#8421=CARTESIAN_POINT('Ctrl Pts',(270.385433831868,13.3159301300024,213.041471281713));
#8422=CARTESIAN_POINT('Ctrl Pts',(270.398238353645,13.1233349002966,212.767609809208));
#8423=CARTESIAN_POINT('Ctrl Pts',(270.440988500692,12.839222583134,212.379471015994));
#8424=CARTESIAN_POINT('Ctrl Pts',(270.530746963152,12.5456911117635,211.983878537803));
#8425=CARTESIAN_POINT('Ctrl Pts',(270.565726947792,12.448887627796,211.845620023959));
#8426=CARTESIAN_POINT('Ctrl Pts',(270.635031052452,12.2488120600872,211.566187320245));
#8427=CARTESIAN_POINT('Ctrl Pts',(270.680055451829,12.0081823729736,211.302861587837));
#8428=CARTESIAN_POINT('Ctrl Pts',(270.687238154314,11.8682958961065,211.182666772986));
#8429=CARTESIAN_POINT('Ctrl Pts',(270.687977836217,11.6448936077327,211.005202945157));
#8430=CARTESIAN_POINT('Ctrl Pts',(270.693656155255,11.4103647260075,210.827617061383));
#8431=CARTESIAN_POINT('Ctrl Pts',(270.697163599416,11.3315093501612,210.768078416675));
#8432=CARTESIAN_POINT('Ctrl Pts',(270.70704384923,11.1743858685383,210.64780461178));
#8433=CARTESIAN_POINT('Ctrl Pts',(270.712923677232,11.0149582780438,210.529187215273));
#8434=CARTESIAN_POINT('Ctrl Pts',(270.712205562893,10.9337431248395,210.471456496243));
#8435=CARTESIAN_POINT('Ctrl Pts',(270.705543438041,10.7674301299398,210.357530231418));
#8436=CARTESIAN_POINT('Ctrl Pts',(270.694817765044,10.5928649599734,210.245741330962));
#8437=CARTESIAN_POINT('Ctrl Pts',(270.689775122163,10.5032458695449,210.190301765415));
#8438=CARTESIAN_POINT('Ctrl Pts',(270.681769813442,10.3647914593581,210.110092928293));
#8439=CARTESIAN_POINT('Ctrl Pts',(270.672368496383,10.2211732797895,210.034633003334));
#8440=CARTESIAN_POINT('Ctrl Pts',(270.669039265552,10.1727675144623,210.010035166753));
#8441=CARTESIAN_POINT('Ctrl Pts',(270.661945304261,10.0750108742054,209.961898311851));
#8442=CARTESIAN_POINT('Ctrl Pts',(270.653944568825,9.97556847644845,209.915730403344));
#8443=CARTESIAN_POINT('Ctrl Pts',(270.649708031571,9.92547710950736,209.893100954824));
#8444=CARTESIAN_POINT('Ctrl Pts',(270.640763143533,9.82464155531111,209.848662347375));
#8445=CARTESIAN_POINT('Ctrl Pts',(270.630840866773,9.72254021150689,209.805732973341));
#8446=CARTESIAN_POINT('Ctrl Pts',(270.625627824347,9.67118454714768,209.784612257932));
#8447=CARTESIAN_POINT('Ctrl Pts',(270.614659314913,9.56780247471479,209.743006377773));
#8448=CARTESIAN_POINT('Ctrl Pts',(270.602514930303,9.46285190926213,209.702601647793));
#8449=CARTESIAN_POINT('Ctrl Pts',(270.596126500405,9.40992910290967,209.682682192677));
#8450=CARTESIAN_POINT('Ctrl Pts',(270.582677184011,9.30304672753839,209.643396481432));
#8451=CARTESIAN_POINT('Ctrl Pts',(270.567937590244,9.19405389350044,209.605286384301));
#8452=CARTESIAN_POINT('Ctrl Pts',(270.560257354988,9.13901699757956,209.586541273985));
#8453=CARTESIAN_POINT('Ctrl Pts',(270.544372046388,9.02797817799603,209.549756311624));
#8454=CARTESIAN_POINT('Ctrl Pts',(270.527691701125,8.91533715775733,209.514534366603));
#8455=CARTESIAN_POINT('Ctrl Pts',(270.519216128746,8.85869768981233,209.497352725374));
#8456=CARTESIAN_POINT('Ctrl Pts',(270.493594905479,8.68806418615796,209.447164411669));
#8457=CARTESIAN_POINT('Ctrl Pts',(270.467806064213,8.51545267710892,209.400956590154));
#8458=CARTESIAN_POINT('Ctrl Pts',(270.450919691222,8.39966060809092,209.371837244586));
#8459=CARTESIAN_POINT('Ctrl Pts',(270.417789583004,8.16542822291421,209.316131730939));
#8460=CARTESIAN_POINT('Ctrl Pts',(270.385546065977,7.92528284126132,209.265737741112));
#8461=CARTESIAN_POINT('Ctrl Pts',(270.369550663518,7.80352178600243,209.241883174551));
#8462=CARTESIAN_POINT('Ctrl Pts',(270.337317464044,7.55731335778858,209.197922850005));
#8463=CARTESIAN_POINT('Ctrl Pts',(270.303702581095,7.30805532619228,209.16387523894));
#8464=CARTESIAN_POINT('Ctrl Pts',(270.286138176808,7.1836042879145,209.15023046378));
#8465=CARTESIAN_POINT('Ctrl Pts',(270.250879015602,6.93269668845343,209.12785928461));
#8466=CARTESIAN_POINT('Ctrl Pts',(270.21604148183,6.67424873416757,209.112352569439));
#8467=CARTESIAN_POINT('Ctrl Pts',(270.199227923635,6.54190492804427,209.105372826521));
#8468=CARTESIAN_POINT('Ctrl Pts',(270.15402523479,6.28952409466088,209.107061823668));
#8469=CARTESIAN_POINT('Ctrl Pts',(270.101084429428,6.04766559345078,209.133860730336));
#8470=CARTESIAN_POINT('Ctrl Pts',(270.076766938969,5.92545681200511,209.152043799508));
#8471=CARTESIAN_POINT('Ctrl Pts',(270.058724215495,5.72147248418787,209.175407459529));
#8472=CARTESIAN_POINT('Ctrl Pts',(270.060520993874,5.4989098676676,209.196694898076));
#8473=CARTESIAN_POINT('Ctrl Pts',(270.063004073258,5.42319427159806,209.203702119543));
#8474=CARTESIAN_POINT('Ctrl Pts',(270.069597051654,5.27166654107716,209.218993903013));
#8475=CARTESIAN_POINT('Ctrl Pts',(270.074427943098,5.12595537760897,209.240245034959));
#8476=CARTESIAN_POINT('Ctrl Pts',(270.075148006182,5.05606820137551,209.253217232086));
#8477=CARTESIAN_POINT('Ctrl Pts',(270.070892919356,4.92456134310792,209.285218728968));
#8478=CARTESIAN_POINT('Ctrl Pts',(270.053220514212,4.81068921141928,209.329670286255));
#8479=CARTESIAN_POINT('Ctrl Pts',(270.04050336262,4.75846860388001,209.355107971035));
#8480=CARTESIAN_POINT('Ctrl Pts',(270.007053081221,4.66299458609741,209.412092162508));
#8481=CARTESIAN_POINT('Ctrl Pts',(269.958398120024,4.58446131603438,209.481165582331));
#8482=CARTESIAN_POINT('Ctrl Pts',(269.930463395745,4.54917585358275,209.518703033575));
#8483=CARTESIAN_POINT('Ctrl Pts',(269.838082371446,4.45374925095761,209.639146623128));
#8484=CARTESIAN_POINT('Ctrl Pts',(269.730013521056,4.38086850523652,209.774168067145));
#8485=CARTESIAN_POINT('Ctrl Pts',(269.661101873127,4.33378347186115,209.861505304509));
#8486=CARTESIAN_POINT('Ctrl Pts',(269.541462036091,4.22343400543253,210.021272644039));
#8487=CARTESIAN_POINT('Ctrl Pts',(269.442913406156,4.09301608082498,210.170302699579));
#8488=CARTESIAN_POINT('Ctrl Pts',(269.39629826199,4.02456949645584,210.245576512334));
#8489=CARTESIAN_POINT('Ctrl Pts',(269.306437211058,3.8916736465818,210.398916353071));
#8490=CARTESIAN_POINT('Ctrl Pts',(269.222987320695,3.76959880145593,210.553159334118));
#8491=CARTESIAN_POINT('Ctrl Pts',(269.18276967215,3.7119768224766,210.629238555618));
#8492=CARTESIAN_POINT('Ctrl Pts',(269.105938631683,3.59761262774777,210.77618285018));
#8493=CARTESIAN_POINT('Ctrl Pts',(269.034210659281,3.48401902289205,210.916513766434));
#8494=CARTESIAN_POINT('Ctrl Pts',(268.999161465242,3.42693818277113,210.985791060632));
#8495=CARTESIAN_POINT('Ctrl Pts',(268.929906121156,3.312724076864,211.124222177862));
#8496=CARTESIAN_POINT('Ctrl Pts',(268.862530797604,3.19848822446911,211.262250337859));
#8497=CARTESIAN_POINT('Ctrl Pts',(268.829331050323,3.14142703124836,211.331197093733));
#8498=CARTESIAN_POINT('Ctrl Pts',(268.731911809581,2.97062326444729,211.53705359329));
#8499=CARTESIAN_POINT('Ctrl Pts',(268.642033762238,2.80216117383196,211.739802879993));
#8500=CARTESIAN_POINT('Ctrl Pts',(268.586453412669,2.69227532174404,211.87365458694));
#8501=CARTESIAN_POINT('Ctrl Pts',(268.430232875943,2.36941927055569,212.271082479039));
#8502=CARTESIAN_POINT('Ctrl Pts',(268.299294907636,2.06220377277457,212.659581891884));
#8503=CARTESIAN_POINT('Ctrl Pts',(268.216933195692,1.86115546466231,212.919616868519));
#8504=CARTESIAN_POINT('Ctrl Pts',(268.136977936726,1.66259080514143,213.182647780026));
#8505=CARTESIAN_POINT('Ctrl Pts',(268.058104028734,1.46760651278678,213.447965501375));
#8506=CARTESIAN_POINT('Ctrl Pts',(270.41282286636,13.6824158119142,213.592542244976));
#8507=CARTESIAN_POINT('Ctrl Pts',(270.434074279928,13.4817049891805,213.332296659422));
#8508=CARTESIAN_POINT('Ctrl Pts',(270.458913894729,13.2824070754639,213.07489370855));
#8509=CARTESIAN_POINT('Ctrl Pts',(270.470186982713,13.0889312632657,212.800848671118));
#8510=CARTESIAN_POINT('Ctrl Pts',(270.518169554995,12.808720019513,212.415014886516));
#8511=CARTESIAN_POINT('Ctrl Pts',(270.608854858704,12.5154566911922,212.02399007462));
#8512=CARTESIAN_POINT('Ctrl Pts',(270.642912603622,12.4175439738718,211.88786151548));
#8513=CARTESIAN_POINT('Ctrl Pts',(270.7048618696,12.2086916475568,211.617078290532));
#8514=CARTESIAN_POINT('Ctrl Pts',(270.739522774894,11.9562983808409,211.364130841743));
#8515=CARTESIAN_POINT('Ctrl Pts',(270.742750305707,11.8123534430177,211.247813560911));
#8516=CARTESIAN_POINT('Ctrl Pts',(270.745327619679,11.5912736624989,211.070425497121));
#8517=CARTESIAN_POINT('Ctrl Pts',(270.756220520225,11.3618369372541,210.892647751559));
#8518=CARTESIAN_POINT('Ctrl Pts',(270.761339842444,11.2844465941259,210.833478438203));
#8519=CARTESIAN_POINT('Ctrl Pts',(270.772601701319,11.1283561131657,210.715965908064));
#8520=CARTESIAN_POINT('Ctrl Pts',(270.777721999,10.9672211656776,210.60273460897));
#8521=CARTESIAN_POINT('Ctrl Pts',(270.776484997155,10.884701528201,210.548024838374));
#8522=CARTESIAN_POINT('Ctrl Pts',(270.769092010251,10.7159063378615,210.439632114769));
#8523=CARTESIAN_POINT('Ctrl Pts',(270.75847758575,10.5402188450209,210.331273031132));
#8524=CARTESIAN_POINT('Ctrl Pts',(270.753811492446,10.4506941947034,210.27672023348));
#8525=CARTESIAN_POINT('Ctrl Pts',(270.746471120544,10.3130784795674,210.197307678137));
#8526=CARTESIAN_POINT('Ctrl Pts',(270.737742543268,10.1708200153479,210.122427358041));
#8527=CARTESIAN_POINT('Ctrl Pts',(270.734629494297,10.1228978929401,210.098031327158));
#8528=CARTESIAN_POINT('Ctrl Pts',(270.727951512775,10.026121856119,210.050352515001));
#8529=CARTESIAN_POINT('Ctrl Pts',(270.720342125915,9.9276255724735,210.004772987046));
#8530=CARTESIAN_POINT('Ctrl Pts',(270.71629725176,9.87798325770387,209.982476091297));
#8531=CARTESIAN_POINT('Ctrl Pts',(270.707732503484,9.77797855311571,209.938769035912));
#8532=CARTESIAN_POINT('Ctrl Pts',(270.698188700479,9.67657157402491,209.896689235137));
#8533=CARTESIAN_POINT('Ctrl Pts',(270.693165700638,9.6255281810867,209.876018752384));
#8534=CARTESIAN_POINT('Ctrl Pts',(270.682583177077,9.52272470364408,209.835361382263));
#8535=CARTESIAN_POINT('Ctrl Pts',(270.67085428198,9.41834781758342,209.796013548503));
#8536=CARTESIAN_POINT('Ctrl Pts',(270.664685255266,9.36573194747389,209.776652426589));
#8537=CARTESIAN_POINT('Ctrl Pts',(270.651707261509,9.25955718703811,209.738554091608));
#8538=CARTESIAN_POINT('Ctrl Pts',(270.637492748382,9.15148731531678,209.701766178769));
#8539=CARTESIAN_POINT('Ctrl Pts',(270.630086108045,9.09697403024691,209.683714754721));
#8540=CARTESIAN_POINT('Ctrl Pts',(270.614750150234,8.98707801572473,209.648362403327));
#8541=CARTESIAN_POINT('Ctrl Pts',(270.59857057151,8.8756806848268,209.614616243736));
#8542=CARTESIAN_POINT('Ctrl Pts',(270.590320036975,8.81966573352552,209.598171428913));
#8543=CARTESIAN_POINT('Ctrl Pts',(270.565258179655,8.65085389161675,209.550164359439));
#8544=CARTESIAN_POINT('Ctrl Pts',(270.539639964937,8.47992601587913,209.506061271748));
#8545=CARTESIAN_POINT('Ctrl Pts',(270.522656691755,8.36521982541018,209.478327829211));
#8546=CARTESIAN_POINT('Ctrl Pts',(270.489041553868,8.13344236031327,209.425490111985));
#8547=CARTESIAN_POINT('Ctrl Pts',(270.455812262382,7.89661330602938,209.378253976998));
#8548=CARTESIAN_POINT('Ctrl Pts',(270.439229166632,7.77681038956028,209.356079289845));
#8549=CARTESIAN_POINT('Ctrl Pts',(270.405573028092,7.53529071347411,209.315782075356));
#8550=CARTESIAN_POINT('Ctrl Pts',(270.370352451105,7.29239935903884,209.285990376298));
#8551=CARTESIAN_POINT('Ctrl Pts',(270.351977961044,7.17162951555833,209.274661082984));
#8552=CARTESIAN_POINT('Ctrl Pts',(270.315821440983,6.92872995857746,209.256882422556));
#8553=CARTESIAN_POINT('Ctrl Pts',(270.284425027173,6.67453484977799,209.242032257031));
#8554=CARTESIAN_POINT('Ctrl Pts',(270.27149952822,6.5418352008081,209.233122479695));
#8555=CARTESIAN_POINT('Ctrl Pts',(270.233796296721,6.28683987634138,209.230127523003));
#8556=CARTESIAN_POINT('Ctrl Pts',(270.181337307899,6.04621571657824,209.255650299127));
#8557=CARTESIAN_POINT('Ctrl Pts',(270.154248063485,5.92751777483231,209.274970442271));
#8558=CARTESIAN_POINT('Ctrl Pts',(270.127991019502,5.73448701804918,209.302460342267));
#8559=CARTESIAN_POINT('Ctrl Pts',(270.121799664825,5.52429750939483,209.326533155455));
#8560=CARTESIAN_POINT('Ctrl Pts',(270.121973964378,5.4525213147248,209.334057929105));
#8561=CARTESIAN_POINT('Ctrl Pts',(270.125207846738,5.30768923301423,209.34924906286));
#8562=CARTESIAN_POINT('Ctrl Pts',(270.129675175069,5.16519141218464,209.36785308779));
#8563=CARTESIAN_POINT('Ctrl Pts',(270.131093676622,5.09575003493529,209.37878434835));
#8564=CARTESIAN_POINT('Ctrl Pts',(270.130088716684,4.96255473884228,209.405100293293));
#8565=CARTESIAN_POINT('Ctrl Pts',(270.118753135994,4.84276770055046,209.441500690285));
#8566=CARTESIAN_POINT('Ctrl Pts',(270.109829326185,4.78674979327326,209.46251714921));
#8567=CARTESIAN_POINT('Ctrl Pts',(270.08464091349,4.68288751611459,209.510705238763));
#8568=CARTESIAN_POINT('Ctrl Pts',(270.044344481606,4.59577262928533,209.571944940835));
#8569=CARTESIAN_POINT('Ctrl Pts',(270.020295814898,4.5565005126583,209.606033803605));
#8570=CARTESIAN_POINT('Ctrl Pts',(269.937832682354,4.45088845902249,209.717650384799));
#8571=CARTESIAN_POINT('Ctrl Pts',(269.833661656099,4.37395222733661,209.848243483389));
#8572=CARTESIAN_POINT('Ctrl Pts',(269.763789656663,4.32761980241955,209.934639561902));
#8573=CARTESIAN_POINT('Ctrl Pts',(269.639379087738,4.22056456083946,210.094404121718));
#8574=CARTESIAN_POINT('Ctrl Pts',(269.536160932047,4.09298521440104,210.241539450451));
#8575=CARTESIAN_POINT('Ctrl Pts',(269.488711314996,4.02458459328769,210.314086313051));
#8576=CARTESIAN_POINT('Ctrl Pts',(269.398954124274,3.89064601172561,210.460456149075));
#8577=CARTESIAN_POINT('Ctrl Pts',(269.317149845377,3.76792564244635,210.607794661751));
#8578=CARTESIAN_POINT('Ctrl Pts',(269.277659572145,3.71062960231833,210.68119576958));
#8579=CARTESIAN_POINT('Ctrl Pts',(269.201805468266,3.59734440452744,210.824317008052));
#8580=CARTESIAN_POINT('Ctrl Pts',(269.130049368791,3.48492958977864,210.962895465046));
#8581=CARTESIAN_POINT('Ctrl Pts',(269.094719521023,3.42824492301603,211.031583637631));
#8582=CARTESIAN_POINT('Ctrl Pts',(269.024537663329,3.31455227254442,211.169138734887));
#8583=CARTESIAN_POINT('Ctrl Pts',(268.955814770203,3.20051656669694,211.306570953313));
#8584=CARTESIAN_POINT('Ctrl Pts',(268.921915312522,3.14353122469359,211.375203171616));
#8585=CARTESIAN_POINT('Ctrl Pts',(268.822498766509,2.97291764615177,211.579874475229));
#8586=CARTESIAN_POINT('Ctrl Pts',(268.731095452749,2.8045682299812,211.780678084535));
#8587=CARTESIAN_POINT('Ctrl Pts',(268.674838238489,2.69480960686411,211.91296910586));
#8588=CARTESIAN_POINT('Ctrl Pts',(268.516900246936,2.37258158386987,212.306215636451));
#8589=CARTESIAN_POINT('Ctrl Pts',(268.385019283097,2.06597485573628,212.691204011854));
#8590=CARTESIAN_POINT('Ctrl Pts',(268.301743725277,1.8649050831314,212.949284811989));
#8591=CARTESIAN_POINT('Ctrl Pts',(268.22107515682,1.66628612437237,213.210633238969));
#8592=CARTESIAN_POINT('Ctrl Pts',(268.141571737223,1.47108081291349,213.474478394363));
#8593=CARTESIAN_POINT('Ctrl Pts',(270.550526144191,13.6195827426841,213.652301330406));
#8594=CARTESIAN_POINT('Ctrl Pts',(270.573116955772,13.4170037403682,213.395065972709));
#8595=CARTESIAN_POINT('Ctrl Pts',(270.600216463414,13.2155278013171,213.141092149696));
#8596=CARTESIAN_POINT('Ctrl Pts',(270.609243599041,13.0198974150218,212.86810217039));
#8597=CARTESIAN_POINT('Ctrl Pts',(270.669944948133,12.7477073696033,212.489498750658));
#8598=CARTESIAN_POINT('Ctrl Pts',(270.757643116083,12.4502782486105,212.109299293311));
#8599=CARTESIAN_POINT('Ctrl Pts',(270.787461460476,12.3476196086705,211.978688541284));
#8600=CARTESIAN_POINT('Ctrl Pts',(270.834230395764,12.1205748998898,211.725464457346));
#8601=CARTESIAN_POINT('Ctrl Pts',(270.85603472977,11.852773140922,211.488141279706));
#8602=CARTESIAN_POINT('Ctrl Pts',(270.85802953759,11.7077752092744,211.374820066221));
#8603=CARTESIAN_POINT('Ctrl Pts',(270.865826949559,11.4941752409435,211.196400771179));
#8604=CARTESIAN_POINT('Ctrl Pts',(270.881937218123,11.2716787260124,211.021253619323));
#8605=CARTESIAN_POINT('Ctrl Pts',(270.888154333223,11.1957774118554,210.9640243532));
#8606=CARTESIAN_POINT('Ctrl Pts',(270.899068239526,11.0396242827072,210.853358332416));
#8607=CARTESIAN_POINT('Ctrl Pts',(270.902317139927,10.8747240481885,210.749785561504));
#8608=CARTESIAN_POINT('Ctrl Pts',(270.900694975835,10.7899576242816,210.699842559062));
#8609=CARTESIAN_POINT('Ctrl Pts',(270.893851026203,10.6172216034743,210.599774371007));
#8610=CARTESIAN_POINT('Ctrl Pts',(270.885040070377,10.4397516685832,210.497032195176));
#8611=CARTESIAN_POINT('Ctrl Pts',(270.881370243527,10.3502183915911,210.444439639544));
#8612=CARTESIAN_POINT('Ctrl Pts',(270.875263040114,10.2136864030206,210.367429491291));
#8613=CARTESIAN_POINT('Ctrl Pts',(270.867422121911,10.0734315034238,210.294721969823));
#8614=CARTESIAN_POINT('Ctrl Pts',(270.864568983933,10.0262427527788,210.271054573786));
#8615=CARTESIAN_POINT('Ctrl Pts',(270.858377323083,9.93099307775193,210.224858956178));
#8616=CARTESIAN_POINT('Ctrl Pts',(270.851244948338,9.83404625470332,210.180821650529));
#8617=CARTESIAN_POINT('Ctrl Pts',(270.847451206076,9.78516016882824,210.15931246537));
#8618=CARTESIAN_POINT('Ctrl Pts',(270.839429922698,9.68660204797587,210.117209776654));
#8619=CARTESIAN_POINT('Ctrl Pts',(270.830519137981,9.58651166216325,210.076806694756));
#8620=CARTESIAN_POINT('Ctrl Pts',(270.825836990921,9.53609400504651,210.056995792103));
#8621=CARTESIAN_POINT('Ctrl Pts',(270.815983343326,9.43451266921234,210.018117897443));
#8622=CARTESIAN_POINT('Ctrl Pts',(270.805089447933,9.33140980448066,209.980712022355));
#8623=CARTESIAN_POINT('Ctrl Pts',(270.799366950002,9.2794710276475,209.962372788203));
#8624=CARTESIAN_POINT('Ctrl Pts',(270.787350273087,9.17479672836795,209.926440285032));
#8625=CARTESIAN_POINT('Ctrl Pts',(270.774215127155,9.06854472012574,209.892053786336));
#8626=CARTESIAN_POINT('Ctrl Pts',(270.767373564283,9.01502752216951,209.875260506939));
#8627=CARTESIAN_POINT('Ctrl Pts',(270.753185943499,8.90725112697218,209.842508431196));
#8628=CARTESIAN_POINT('Ctrl Pts',(270.738107982785,8.79811690675621,209.811462451774));
#8629=CARTESIAN_POINT('Ctrl Pts',(270.730375944792,8.74324144258351,209.796375610422));
#8630=CARTESIAN_POINT('Ctrl Pts',(270.706708199437,8.57780802121227,209.752424716947));
#8631=CARTESIAN_POINT('Ctrl Pts',(270.681896945033,8.41019702402281,209.712313582879));
#8632=CARTESIAN_POINT('Ctrl Pts',(270.665095290552,8.29772800232547,209.687203366688));
#8633=CARTESIAN_POINT('Ctrl Pts',(270.631236144393,8.07117694613527,209.639783650561));
#8634=CARTESIAN_POINT('Ctrl Pts',(270.596791227744,7.84146495564602,209.598407404232));
#8635=CARTESIAN_POINT('Ctrl Pts',(270.579427992081,7.72579685896113,209.579296515799));
#8636=CARTESIAN_POINT('Ctrl Pts',(270.543956014021,7.4936665502384,209.545372071859));
#8637=CARTESIAN_POINT('Ctrl Pts',(270.507424174723,7.26090587750153,209.521126577404));
#8638=CARTESIAN_POINT('Ctrl Pts',(270.488784321288,7.14493663158362,209.511979874165));
#8639=CARTESIAN_POINT('Ctrl Pts',(270.454018061572,6.90968544470701,209.496123029984));
#8640=CARTESIAN_POINT('Ctrl Pts',(270.425783889259,6.66223827871204,209.481154148515));
#8641=CARTESIAN_POINT('Ctrl Pts',(270.414092421733,6.53369673647833,209.472553726103));
#8642=CARTESIAN_POINT('Ctrl Pts',(270.381499039055,6.28280462843494,209.467140813389));
#8643=CARTESIAN_POINT('Ctrl Pts',(270.332793330347,6.04585967658948,209.489113897497));
#8644=CARTESIAN_POINT('Ctrl Pts',(270.305044734333,5.93118611462949,209.507957715892));
#8645=CARTESIAN_POINT('Ctrl Pts',(270.271864889745,5.75263852109211,209.537390947122));
#8646=CARTESIAN_POINT('Ctrl Pts',(270.254180870137,5.56277425312306,209.565443242052));
#8647=CARTESIAN_POINT('Ctrl Pts',(270.250192915103,5.49811463946586,209.57446006733));
#8648=CARTESIAN_POINT('Ctrl Pts',(270.245398303515,5.36673883677323,209.59237398886));
#8649=CARTESIAN_POINT('Ctrl Pts',(270.244563936563,5.23346865399736,209.611295724632));
#8650=CARTESIAN_POINT('Ctrl Pts',(270.244543226214,5.16690917936387,209.62131306096));
#8651=CARTESIAN_POINT('Ctrl Pts',(270.243664551835,5.03538626700959,209.643158128819));
#8652=CARTESIAN_POINT('Ctrl Pts',(270.238194269869,4.90986343171145,209.670559948064));
#8653=CARTESIAN_POINT('Ctrl Pts',(270.23358003678,4.84930414656469,209.686120253776));
#8654=CARTESIAN_POINT('Ctrl Pts',(270.219267108074,4.73395071116793,209.722109524753));
#8655=CARTESIAN_POINT('Ctrl Pts',(270.193331029683,4.6320535326348,209.768882497555));
#8656=CARTESIAN_POINT('Ctrl Pts',(270.177092281013,4.58493918081213,209.795239445688));
#8657=CARTESIAN_POINT('Ctrl Pts',(270.118405384163,4.45608739858461,209.882831305586));
#8658=CARTESIAN_POINT('Ctrl Pts',(270.033439054964,4.36179832552533,209.991973205757));
#8659=CARTESIAN_POINT('Ctrl Pts',(269.968833883796,4.31108658018141,210.070559095949));
#8660=CARTESIAN_POINT('Ctrl Pts',(269.841108760616,4.2077169427339,210.227923555047));
#8661=CARTESIAN_POINT('Ctrl Pts',(269.72522654067,4.09291761774235,210.378444319424));
#8662=CARTESIAN_POINT('Ctrl Pts',(269.673343815155,4.02924706553999,210.449686483581));
#8663=CARTESIAN_POINT('Ctrl Pts',(269.579722697495,3.89960515576027,210.587844072734));
#8664=CARTESIAN_POINT('Ctrl Pts',(269.499746958861,3.77576456013873,210.722404579425));
#8665=CARTESIAN_POINT('Ctrl Pts',(269.461699329697,3.71762630355761,210.789825768591));
#8666=CARTESIAN_POINT('Ctrl Pts',(269.388079423934,3.60341354188268,210.923805179164));
#8667=CARTESIAN_POINT('Ctrl Pts',(269.316730809448,3.49073569637732,211.057873789862));
#8668=CARTESIAN_POINT('Ctrl Pts',(269.280963364167,3.43396264691788,211.125304042823));
#8669=CARTESIAN_POINT('Ctrl Pts',(269.209161103762,3.32008991160633,211.261253780532));
#8670=CARTESIAN_POINT('Ctrl Pts',(269.137996361682,3.20609372002642,211.397936836119));
#8671=CARTESIAN_POINT('Ctrl Pts',(269.102848663521,3.14922434732446,211.466139576825));
#8672=CARTESIAN_POINT('Ctrl Pts',(268.999935812017,2.97912249783408,211.668922403033));
#8673=CARTESIAN_POINT('Ctrl Pts',(268.906067950367,2.81140769312245,211.865824218559));
#8674=CARTESIAN_POINT('Ctrl Pts',(268.848822520308,2.7018611318318,211.994595654302));
#8675=CARTESIAN_POINT('Ctrl Pts',(268.688256469081,2.38068621691437,212.378431990915));
#8676=CARTESIAN_POINT('Ctrl Pts',(268.554832135387,2.07501343300129,212.756161005912));
#8677=CARTESIAN_POINT('Ctrl Pts',(268.470024708638,1.87384388996556,213.010504595224));
#8678=CARTESIAN_POINT('Ctrl Pts',(268.387913613789,1.67494249270343,213.268554286796));
#8679=CARTESIAN_POINT('Ctrl Pts',(268.307145529556,1.47917426789215,213.529483418979));
#8680=CARTESIAN_POINT('Ctrl Pts',(270.68291168703,13.5573840833165,213.714572177266));
#8681=CARTESIAN_POINT('Ctrl Pts',(270.705126770379,13.3531388134893,213.459410743839));
#8682=CARTESIAN_POINT('Ctrl Pts',(270.731180039156,13.1499341301454,213.206859168134));
#8683=CARTESIAN_POINT('Ctrl Pts',(270.741475672304,12.9519260056245,212.939147833653));
#8684=CARTESIAN_POINT('Ctrl Pts',(270.812513361457,12.6845691367313,212.56960841363));
#8685=CARTESIAN_POINT('Ctrl Pts',(270.892266947478,12.376909075873,212.202462767647));
#8686=CARTESIAN_POINT('Ctrl Pts',(270.916310708665,12.2675111021743,212.07853168118));
#8687=CARTESIAN_POINT('Ctrl Pts',(270.952441848697,12.0258495816607,211.8407483971));
#8688=CARTESIAN_POINT('Ctrl Pts',(270.974098255501,11.7547185854907,211.612000435219));
#8689=CARTESIAN_POINT('Ctrl Pts',(270.981819816643,11.6153962851823,211.497730128786));
#8690=CARTESIAN_POINT('Ctrl Pts',(270.994588037607,11.409229383868,211.319912328436));
#8691=CARTESIAN_POINT('Ctrl Pts',(271.00932462486,11.1888027575001,211.150833005477));
#8692=CARTESIAN_POINT('Ctrl Pts',(271.014287259092,11.1127958690823,211.096371530151));
#8693=CARTESIAN_POINT('Ctrl Pts',(271.022086000938,10.9550887937793,210.992082728036));
#8694=CARTESIAN_POINT('Ctrl Pts',(271.023721839676,10.787549922939,210.894688531371));
#8695=CARTESIAN_POINT('Ctrl Pts',(271.022421329299,10.7016185313564,210.847255300031));
#8696=CARTESIAN_POINT('Ctrl Pts',(271.017655876126,10.5271140761536,210.751612120734));
#8697=CARTESIAN_POINT('Ctrl Pts',(271.011136227578,10.348712974242,210.653577045536));
#8698=CARTESIAN_POINT('Ctrl Pts',(271.008093167381,10.258902847992,210.60368821784));
#8699=CARTESIAN_POINT('Ctrl Pts',(271.002448635012,10.1225422947459,210.53065771919));
#8700=CARTESIAN_POINT('Ctrl Pts',(270.994733941644,9.98312940636715,210.461599318965));
#8701=CARTESIAN_POINT('Ctrl Pts',(270.991907968707,9.93628703352547,210.439095084371));
#8702=CARTESIAN_POINT('Ctrl Pts',(270.985792785196,9.84182519680166,210.395095275229));
#8703=CARTESIAN_POINT('Ctrl Pts',(270.978843628782,9.74580510543995,210.352991323424));
#8704=CARTESIAN_POINT('Ctrl Pts',(270.975184317304,9.69740391739447,210.332382474829));
#8705=CARTESIAN_POINT('Ctrl Pts',(270.967526477698,9.59984736732323,210.291972202633));
#8706=CARTESIAN_POINT('Ctrl Pts',(270.959157506352,9.50084177298762,210.253120479182));
#8707=CARTESIAN_POINT('Ctrl Pts',(270.954788288389,9.45099170163718,210.234068673891));
#8708=CARTESIAN_POINT('Ctrl Pts',(270.94563117739,9.35062253996899,210.196722260895));
#8709=CARTESIAN_POINT('Ctrl Pts',(270.935566599882,9.24891191730776,210.160936706395));
#8710=CARTESIAN_POINT('Ctrl Pts',(270.930289387967,9.19772125497119,210.143445747622));
#8711=CARTESIAN_POINT('Ctrl Pts',(270.9192271962,9.09464226399657,210.109302071159));
#8712=CARTESIAN_POINT('Ctrl Pts',(270.907169715053,8.9901363966606,210.076885569959));
#8713=CARTESIAN_POINT('Ctrl Pts',(270.900896719683,8.9375186703713,210.061121995971));
#8714=CARTESIAN_POINT('Ctrl Pts',(270.887895427584,8.83155741248011,210.030500959313));
#8715=CARTESIAN_POINT('Ctrl Pts',(270.874055051893,8.72424272470091,210.001688774974));
#8716=CARTESIAN_POINT('Ctrl Pts',(270.866943163417,8.6702705998997,209.987734364185));
#8717=CARTESIAN_POINT('Ctrl Pts',(270.845087489282,8.50754558147422,209.947195409146));
#8718=CARTESIAN_POINT('Ctrl Pts',(270.821809849597,8.34281300561893,209.910495447184));
#8719=CARTESIAN_POINT('Ctrl Pts',(270.805779386264,8.23249568571305,209.887610239728));
#8720=CARTESIAN_POINT('Ctrl Pts',(270.772912911189,8.01134366007781,209.844711071181));
#8721=CARTESIAN_POINT('Ctrl Pts',(270.73873398885,7.78895035230342,209.807913863432));
#8722=CARTESIAN_POINT('Ctrl Pts',(270.721404391228,7.67738659504935,209.791101504184));
#8723=CARTESIAN_POINT('Ctrl Pts',(270.686133989662,7.45344657867753,209.761310603071));
#8724=CARTESIAN_POINT('Ctrl Pts',(270.650511416973,7.22680368653421,209.738713502755));
#8725=CARTESIAN_POINT('Ctrl Pts',(270.632734693736,7.11266265070434,209.729225233409));
#8726=CARTESIAN_POINT('Ctrl Pts',(270.599465077037,6.87978271761884,209.711162884539));
#8727=CARTESIAN_POINT('Ctrl Pts',(270.569070324896,6.63879237281437,209.696433296495));
#8728=CARTESIAN_POINT('Ctrl Pts',(270.554277967423,6.51640944283648,209.69012828765));
#8729=CARTESIAN_POINT('Ctrl Pts',(270.51878784809,6.27600654708688,209.687747071028));
#8730=CARTESIAN_POINT('Ctrl Pts',(270.473167234064,6.0460280631344,209.708752851897));
#8731=CARTESIAN_POINT('Ctrl Pts',(270.448077520802,5.93418716187268,209.725961753869));
#8732=CARTESIAN_POINT('Ctrl Pts',(270.414585351808,5.76440210433967,209.755450880932));
#8733=CARTESIAN_POINT('Ctrl Pts',(270.390033111542,5.58869166083398,209.787115183566));
#8734=CARTESIAN_POINT('Ctrl Pts',(270.383001361905,5.52929840814626,209.797726556296));
#8735=CARTESIAN_POINT('Ctrl Pts',(270.371132747939,5.40883632065016,209.818919178714));
#8736=CARTESIAN_POINT('Ctrl Pts',(270.362677045185,5.285752712569,209.84026299191));
#8737=CARTESIAN_POINT('Ctrl Pts',(270.359065354643,5.22372797337705,209.851015336104));
#8738=CARTESIAN_POINT('Ctrl Pts',(270.35215656153,5.09965528874343,209.873305501486));
#8739=CARTESIAN_POINT('Ctrl Pts',(270.343955611274,4.9778103750742,209.898746244781));
#8740=CARTESIAN_POINT('Ctrl Pts',(270.339050198788,4.91801040411854,209.912646531518));
#8741=CARTESIAN_POINT('Ctrl Pts',(270.326759638043,4.80175519670942,209.943423064516));
#8742=CARTESIAN_POINT('Ctrl Pts',(270.308375743186,4.69384909151283,209.980572729142));
#8743=CARTESIAN_POINT('Ctrl Pts',(270.297372824079,4.64239994053386,210.000856076979));
#8744=CARTESIAN_POINT('Ctrl Pts',(270.258364012408,4.49660425071291,210.066827133451));
#8745=CARTESIAN_POINT('Ctrl Pts',(270.20021032737,4.37749032276386,210.149185404062));
#8746=CARTESIAN_POINT('Ctrl Pts',(270.151502007573,4.31116267016654,210.213122117653));
#8747=CARTESIAN_POINT('Ctrl Pts',(270.038195627652,4.19523165849278,210.356577309478));
#8748=CARTESIAN_POINT('Ctrl Pts',(269.916432506721,4.0901008348774,210.508229394544));
#8749=CARTESIAN_POINT('Ctrl Pts',(269.859468226178,4.03388141912918,210.580620000861));
#8750=CARTESIAN_POINT('Ctrl Pts',(269.75804008256,3.91515412733682,210.717067823711));
#8751=CARTESIAN_POINT('Ctrl Pts',(269.674650640809,3.79425453405441,210.84429607348));
#8752=CARTESIAN_POINT('Ctrl Pts',(269.636280099537,3.73532553253107,210.907001581537));
#8753=CARTESIAN_POINT('Ctrl Pts',(269.562726707658,3.61865163274398,211.032640782382));
#8754=CARTESIAN_POINT('Ctrl Pts',(269.491563368897,3.50281086848502,211.161256944726));
#8755=CARTESIAN_POINT('Ctrl Pts',(269.455536123974,3.44470285949501,211.22695649633));
#8756=CARTESIAN_POINT('Ctrl Pts',(269.38286751705,3.32872189734375,211.36038825505));
#8757=CARTESIAN_POINT('Ctrl Pts',(269.3104501706,3.21394109101318,211.495590596744));
#8758=CARTESIAN_POINT('Ctrl Pts',(269.2746658588,3.15704710261154,211.563072044826));
#8759=CARTESIAN_POINT('Ctrl Pts',(269.170003147264,2.98756289136724,211.76331325158));
#8760=CARTESIAN_POINT('Ctrl Pts',(269.075041759267,2.8214314952094,211.956064186959));
#8761=CARTESIAN_POINT('Ctrl Pts',(269.017457895186,2.71235490095262,212.080996104661));
#8762=CARTESIAN_POINT('Ctrl Pts',(268.855758272853,2.39237663334828,212.454288242943));
#8763=CARTESIAN_POINT('Ctrl Pts',(268.721091145177,2.08688702640038,212.824352026414));
#8764=CARTESIAN_POINT('Ctrl Pts',(268.635404309586,1.88542945033103,213.075478974584));
#8765=CARTESIAN_POINT('Ctrl Pts',(268.551894389843,1.68595000999133,213.33032690028));
#8766=CARTESIAN_POINT('Ctrl Pts',(268.469895000141,1.48939614823796,213.588387128027));
#8767=CARTESIAN_POINT('Ctrl Pts',(270.747807804759,13.5266030777272,213.74632501375));
#8768=CARTESIAN_POINT('Ctrl Pts',(270.769412292113,13.3216292635966,213.491988394641));
#8769=CARTESIAN_POINT('Ctrl Pts',(270.794233114459,13.1177193063127,213.23977900743));
#8770=CARTESIAN_POINT('Ctrl Pts',(270.806893412437,12.9184703528713,212.976340920349));
#8771=CARTESIAN_POINT('Ctrl Pts',(270.880379738968,12.6519592624787,212.610761242037));
#8772=CARTESIAN_POINT('Ctrl Pts',(270.956118070375,12.338369425484,212.25048030054));
#8773=CARTESIAN_POINT('Ctrl Pts',(270.977668549483,12.2258474751933,212.129864755133));
#8774=CARTESIAN_POINT('Ctrl Pts',(271.011184469446,11.9791684061974,211.898491082494));
#8775=CARTESIAN_POINT('Ctrl Pts',(271.035486497386,11.7086500378105,211.672863317096));
#8776=CARTESIAN_POINT('Ctrl Pts',(271.046261113354,11.5720894493867,211.558454030919));
#8777=CARTESIAN_POINT('Ctrl Pts',(271.060189996452,11.3677542417623,211.382710364765));
#8778=CARTESIAN_POINT('Ctrl Pts',(271.073218167183,11.1472572638447,211.217125566621));
#8779=CARTESIAN_POINT('Ctrl Pts',(271.077382224996,11.0710942392876,211.163887244876));
#8780=CARTESIAN_POINT('Ctrl Pts',(271.083749889888,10.9129568055506,211.061872895807));
#8781=CARTESIAN_POINT('Ctrl Pts',(271.084981705054,10.7449718141535,210.966269648352));
#8782=CARTESIAN_POINT('Ctrl Pts',(271.083942995319,10.6588906760129,210.919538697715));
#8783=CARTESIAN_POINT('Ctrl Pts',(271.080078132796,10.4841553646705,210.825482663519));
#8784=CARTESIAN_POINT('Ctrl Pts',(271.074228994272,10.3055230267609,210.729935679397));
#8785=CARTESIAN_POINT('Ctrl Pts',(271.071224577316,10.2155709261953,210.681645980062));
#8786=CARTESIAN_POINT('Ctrl Pts',(271.065496887209,10.079148315481,210.610967181583));
#8787=CARTESIAN_POINT('Ctrl Pts',(271.057708525431,9.93991674806199,210.543952713681));
#8788=CARTESIAN_POINT('Ctrl Pts',(271.054870766624,9.8931634357451,210.522081857059));
#8789=CARTESIAN_POINT('Ctrl Pts',(271.048770620901,9.79892919993234,210.47925057607));
#8790=CARTESIAN_POINT('Ctrl Pts',(271.041929470966,9.70322386542961,210.438129755722));
#8791=CARTESIAN_POINT('Ctrl Pts',(271.038351412488,9.65499872220797,210.417968926246));
#8792=CARTESIAN_POINT('Ctrl Pts',(271.03090924319,9.55783035560242,210.378384711442));
#8793=CARTESIAN_POINT('Ctrl Pts',(271.022845857929,9.45929687443521,210.340264007114));
#8794=CARTESIAN_POINT('Ctrl Pts',(271.018647914481,9.40970653734899,210.321565124725));
#8795=CARTESIAN_POINT('Ctrl Pts',(271.009859793025,9.30991394338081,210.284923793806));
#8796=CARTESIAN_POINT('Ctrl Pts',(271.000212194332,9.20889186364949,210.249872679341));
#8797=CARTESIAN_POINT('Ctrl Pts',(270.995153963523,9.15807324605333,210.232764191057));
#8798=CARTESIAN_POINT('Ctrl Pts',(270.984555084945,9.05578036151638,210.19942361619));
#8799=CARTESIAN_POINT('Ctrl Pts',(270.973017896225,8.95210694574841,210.167887463531));
#8800=CARTESIAN_POINT('Ctrl Pts',(270.967020907146,8.8999077739417,210.152583677841));
#8801=CARTESIAN_POINT('Ctrl Pts',(270.954603144095,8.79476828136151,210.122915144145));
#8802=CARTESIAN_POINT('Ctrl Pts',(270.941391810303,8.68824122159836,210.095104746567));
#8803=CARTESIAN_POINT('Ctrl Pts',(270.934601655882,8.63465308818873,210.081659404902));
#8804=CARTESIAN_POINT('Ctrl Pts',(270.913708499378,8.47307604588352,210.042657428278));
#8805=CARTESIAN_POINT('Ctrl Pts',(270.891317976028,8.30960345240113,210.007495247067));
#8806=CARTESIAN_POINT('Ctrl Pts',(270.875779328584,8.20029170288797,209.985605561371));
#8807=CARTESIAN_POINT('Ctrl Pts',(270.843670722156,7.9817597156274,209.944682056935));
#8808=CARTESIAN_POINT('Ctrl Pts',(270.810003254241,7.76286278037536,209.909755470004));
#8809=CARTESIAN_POINT('Ctrl Pts',(270.792911301409,7.65320695550668,209.893846004325));
#8810=CARTESIAN_POINT('Ctrl Pts',(270.758235680468,7.43276585323824,209.865496285402));
#8811=CARTESIAN_POINT('Ctrl Pts',(270.723245992514,7.2084727656462,209.843271242701));
#8812=CARTESIAN_POINT('Ctrl Pts',(270.705789447183,7.09502193915417,209.833569438423));
#8813=CARTESIAN_POINT('Ctrl Pts',(270.672326670893,6.8637737893751,209.815129851612));
#8814=CARTESIAN_POINT('Ctrl Pts',(270.640197192266,6.62620808161752,209.801019450137));
#8815=CARTESIAN_POINT('Ctrl Pts',(270.624170678653,6.50631453978281,209.795495855129));
#8816=CARTESIAN_POINT('Ctrl Pts',(270.587415146584,6.27080486212881,209.794418316249));
#8817=CARTESIAN_POINT('Ctrl Pts',(270.542532826419,6.04508920840691,209.815864479165));
#8818=CARTESIAN_POINT('Ctrl Pts',(270.518279620073,5.9350784833196,209.832969502044));
#8819=CARTESIAN_POINT('Ctrl Pts',(270.484497109524,5.76930836084335,209.863037659305));
#8820=CARTESIAN_POINT('Ctrl Pts',(270.45710725653,5.5993967726162,209.895806402941));
#8821=CARTESIAN_POINT('Ctrl Pts',(270.448829859747,5.54213130327757,209.90681596805));
#8822=CARTESIAN_POINT('Ctrl Pts',(270.433982124587,5.42619614581534,209.928750675886));
#8823=CARTESIAN_POINT('Ctrl Pts',(270.421954418599,5.30791891754219,209.950731928281));
#8824=CARTESIAN_POINT('Ctrl Pts',(270.41650363311,5.24830076914734,209.961774735146));
#8825=CARTESIAN_POINT('Ctrl Pts',(270.406081877356,5.12888206192093,209.98463689035));
#8826=CARTESIAN_POINT('Ctrl Pts',(270.395255159869,5.01089140232529,210.010303233131));
#8827=CARTESIAN_POINT('Ctrl Pts',(270.389396971648,4.9527007531814,210.024154013902));
#8828=CARTESIAN_POINT('Ctrl Pts',(270.376208208292,4.83871910069351,210.054169741276));
#8829=CARTESIAN_POINT('Ctrl Pts',(270.35936161236,4.73062921349348,210.088808129978));
#8830=CARTESIAN_POINT('Ctrl Pts',(270.349839957943,4.67833580956091,210.107288811052));
#8831=CARTESIAN_POINT('Ctrl Pts',(270.317596589595,4.52736085059668,210.166126184575));
#8832=CARTESIAN_POINT('Ctrl Pts',(270.272040198267,4.39616529509618,210.237114138121));
#8833=CARTESIAN_POINT('Ctrl Pts',(270.233535996909,4.31944728534455,210.292184686971));
#8834=CARTESIAN_POINT('Ctrl Pts',(270.133512021554,4.19078929959154,210.42312102255));
#8835=CARTESIAN_POINT('Ctrl Pts',(270.013046298285,4.08621277381054,210.571206413626));
#8836=CARTESIAN_POINT('Ctrl Pts',(269.954221913938,4.03310958675835,210.643684120916));
#8837=CARTESIAN_POINT('Ctrl Pts',(269.848317749261,3.92063812270081,210.780308390933));
#8838=CARTESIAN_POINT('Ctrl Pts',(269.76107867937,3.80341279865722,210.906375710707));
#8839=CARTESIAN_POINT('Ctrl Pts',(269.721617982691,3.74488992610174,210.967724919946));
#8840=CARTESIAN_POINT('Ctrl Pts',(269.646829230015,3.62773090848785,211.090345471585));
#8841=CARTESIAN_POINT('Ctrl Pts',(269.575454097437,3.51007415610346,211.216174936558));
#8842=CARTESIAN_POINT('Ctrl Pts',(269.539347387152,3.45108400703401,211.280774418878));
#8843=CARTESIAN_POINT('Ctrl Pts',(269.466542969607,3.3336510371185,211.412362505181));
#8844=CARTESIAN_POINT('Ctrl Pts',(269.393986678162,3.21822922883552,211.546216519067));
#8845=CARTESIAN_POINT('Ctrl Pts',(269.358120231587,3.16126585829926,211.613086807798));
#8846=CARTESIAN_POINT('Ctrl Pts',(269.253219017068,2.99207402116546,211.811483344498));
#8847=CARTESIAN_POINT('Ctrl Pts',(269.158102603071,2.82702033675316,212.002049773609));
#8848=CARTESIAN_POINT('Ctrl Pts',(269.100492105859,2.71833357830628,212.125102138064));
#8849=CARTESIAN_POINT('Ctrl Pts',(268.938569264399,2.39912806445202,212.493066901045));
#8850=CARTESIAN_POINT('Ctrl Pts',(268.803249619255,2.09348851627632,212.859198080444));
#8851=CARTESIAN_POINT('Ctrl Pts',(268.717309965539,1.89182979701312,213.10889459209));
#8852=CARTESIAN_POINT('Ctrl Pts',(268.63313366234,1.69199837967874,213.362160754729));
#8853=CARTESIAN_POINT('Ctrl Pts',(268.550538936144,1.4949996379571,213.618797558898));
#8854=CARTESIAN_POINT('Ctrl Pts',(270.875633960435,13.4658763873986,213.811474547241));
#8855=CARTESIAN_POINT('Ctrl Pts',(270.895758837342,13.2596452939397,213.558862398285));
#8856=CARTESIAN_POINT('Ctrl Pts',(270.918155300729,13.0545110430262,213.307852866203));
#8857=CARTESIAN_POINT('Ctrl Pts',(270.933904734012,12.8552311813091,213.053564150594));
#8858=CARTESIAN_POINT('Ctrl Pts',(271.009877066462,12.5843055325857,212.694686279461));
#8859=CARTESIAN_POINT('Ctrl Pts',(271.079181508568,12.259985660009,212.347818715249));
#8860=CARTESIAN_POINT('Ctrl Pts',(271.097564584708,12.1427471409145,212.233306220792));
#8861=CARTESIAN_POINT('Ctrl Pts',(271.130585418391,11.8901093745193,212.012604024577));
#8862=CARTESIAN_POINT('Ctrl Pts',(271.161494500732,11.6214070040728,211.793411487026));
#8863=CARTESIAN_POINT('Ctrl Pts',(271.176632635532,11.488058632143,211.680790297927));
#8864=CARTESIAN_POINT('Ctrl Pts',(271.191022062646,11.2842894098824,211.511582969108));
#8865=CARTESIAN_POINT('Ctrl Pts',(271.200513391489,11.0628790222685,211.352812145186));
#8866=CARTESIAN_POINT('Ctrl Pts',(271.203272936852,10.9864861287542,211.301613845237));
#8867=CARTESIAN_POINT('Ctrl Pts',(271.207319330877,10.8281910695339,211.202949443448));
#8868=CARTESIAN_POINT('Ctrl Pts',(271.207959273139,10.6604968585408,211.109750692194));
#8869=CARTESIAN_POINT('Ctrl Pts',(271.207291586891,10.5746689696155,211.064060440143));
#8870=CARTESIAN_POINT('Ctrl Pts',(271.20458666955,10.4003887083642,210.972814246554));
#8871=CARTESIAN_POINT('Ctrl Pts',(271.19948274908,10.2219030218729,210.88202701114));
#8872=CARTESIAN_POINT('Ctrl Pts',(271.196429290117,10.1318983833864,210.836744731153));
#8873=CARTESIAN_POINT('Ctrl Pts',(271.190551808568,9.99550349032465,210.770432427256));
#8874=CARTESIAN_POINT('Ctrl Pts',(271.182812369284,9.8566037649841,210.707133487238));
#8875=CARTESIAN_POINT('Ctrl Pts',(271.18002937233,9.81000328568214,210.686404123955));
#8876=CARTESIAN_POINT('Ctrl Pts',(271.174116764451,9.71616190814356,210.645671903951));
#8877=CARTESIAN_POINT('Ctrl Pts',(271.167607546058,9.62102505312543,210.606332911547));
#8878=CARTESIAN_POINT('Ctrl Pts',(271.164228557305,9.57312827245327,210.586996536185));
#8879=CARTESIAN_POINT('Ctrl Pts',(271.157240353668,9.47670592459262,210.548965326398));
#8880=CARTESIAN_POINT('Ctrl Pts',(271.149728022653,9.37911087278266,210.512269940761));
#8881=CARTESIAN_POINT('Ctrl Pts',(271.145826167313,9.33004087907797,210.494268048709));
#8882=CARTESIAN_POINT('Ctrl Pts',(271.137665281184,9.23140331773545,210.459019347318));
#8883=CARTESIAN_POINT('Ctrl Pts',(271.128720807627,9.13174820194797,210.42540006333));
#8884=CARTESIAN_POINT('Ctrl Pts',(271.124034265285,9.08166250528121,210.409027862115));
#8885=CARTESIAN_POINT('Ctrl Pts',(271.114233527761,8.98089739784128,210.377211819353));
#8886=CARTESIAN_POINT('Ctrl Pts',(271.103629538168,8.8787814578627,210.347309329723));
#8887=CARTESIAN_POINT('Ctrl Pts',(271.098139260892,8.82734535772245,210.332851009946));
#8888=CARTESIAN_POINT('Ctrl Pts',(271.086821162939,8.72365461539279,210.304925535548));
#8889=CARTESIAN_POINT('Ctrl Pts',(271.074849166923,8.61843194295933,210.278937930092));
#8890=CARTESIAN_POINT('Ctrl Pts',(271.068705968453,8.56546127216184,210.266417917092));
#8891=CARTESIAN_POINT('Ctrl Pts',(271.049778442704,8.40571968051896,210.230203704143));
#8892=CARTESIAN_POINT('Ctrl Pts',(271.02926282919,8.24437158430685,210.19779240009));
#8893=CARTESIAN_POINT('Ctrl Pts',(271.014766515037,8.13693261375637,210.177644237387));
#8894=CARTESIAN_POINT('Ctrl Pts',(270.984312191931,7.92351936014232,210.140088882838));
#8895=CARTESIAN_POINT('Ctrl Pts',(270.951939065024,7.71155607297976,210.108349394334));
#8896=CARTESIAN_POINT('Ctrl Pts',(270.935522448881,7.60563627526875,210.094013112935));
#8897=CARTESIAN_POINT('Ctrl Pts',(270.902349307178,7.39205895945134,210.068408234794));
#8898=CARTESIAN_POINT('Ctrl Pts',(270.868347258595,7.17275171900407,210.047788218743));
#8899=CARTESIAN_POINT('Ctrl Pts',(270.85109533415,7.06106442950349,210.038471703157));
#8900=CARTESIAN_POINT('Ctrl Pts',(270.816474554538,6.83369641544762,210.020935716526));
#8901=CARTESIAN_POINT('Ctrl Pts',(270.780882910969,6.60296304395119,210.008990343972));
#8902=CARTESIAN_POINT('Ctrl Pts',(270.762690786902,6.48785378883215,210.005142641141));
#8903=CARTESIAN_POINT('Ctrl Pts',(270.723768760358,6.26183850595454,210.006729039358));
#8904=CARTESIAN_POINT('Ctrl Pts',(270.68045552121,6.04382005085895,210.028725147491));
#8905=CARTESIAN_POINT('Ctrl Pts',(270.657808488675,5.93681061277187,210.045455989616));
#8906=CARTESIAN_POINT('Ctrl Pts',(270.624744546052,5.77631133731516,210.074736761852));
#8907=CARTESIAN_POINT('Ctrl Pts',(270.594357752988,5.61408321951164,210.106357065165));
#8908=CARTESIAN_POINT('Ctrl Pts',(270.584598552824,5.55971687517413,210.116951348601));
#8909=CARTESIAN_POINT('Ctrl Pts',(270.56581115014,5.45036994496869,210.138134008593));
#8910=CARTESIAN_POINT('Ctrl Pts',(270.548138284102,5.34029540591562,210.160107453532));
#8911=CARTESIAN_POINT('Ctrl Pts',(270.539498538993,5.2851941775423,210.171478379881));
#8912=CARTESIAN_POINT('Ctrl Pts',(270.52227777388,5.17540501368175,210.195868427085));
#8913=CARTESIAN_POINT('Ctrl Pts',(270.50465684275,5.06714783640034,210.224157535107));
#8914=CARTESIAN_POINT('Ctrl Pts',(270.495608121316,5.01358695310961,210.239443454175));
#8915=CARTESIAN_POINT('Ctrl Pts',(270.477024069599,4.9076445394269,210.27190889772));
#8916=CARTESIAN_POINT('Ctrl Pts',(270.458067689655,4.80372032600171,210.306888519798));
#8917=CARTESIAN_POINT('Ctrl Pts',(270.448634760831,4.75218599500346,210.324693959626));
#8918=CARTESIAN_POINT('Ctrl Pts',(270.421032388009,4.59853800890767,210.378076373235));
#8919=CARTESIAN_POINT('Ctrl Pts',(270.392815618591,4.45052666443952,210.433077874545));
#8920=CARTESIAN_POINT('Ctrl Pts',(270.371681673821,4.35647039674162,210.471891291496));
#8921=CARTESIAN_POINT('Ctrl Pts',(270.300941955348,4.19972947543345,210.573290348221));
#8922=CARTESIAN_POINT('Ctrl Pts',(270.193764135659,4.08477837317359,210.704205284995));
#8923=CARTESIAN_POINT('Ctrl Pts',(270.136174390487,4.03237893067571,210.772723254288));
#8924=CARTESIAN_POINT('Ctrl Pts',(270.026760588756,3.92626416759984,210.90589338782));
#8925=CARTESIAN_POINT('Ctrl Pts',(269.931500748707,3.81664860111124,211.031415891662));
#8926=CARTESIAN_POINT('Ctrl Pts',(269.888814033436,3.7600689718927,211.091672271373));
#8927=CARTESIAN_POINT('Ctrl Pts',(269.809566826491,3.64406777545573,211.210877096544));
#8928=CARTESIAN_POINT('Ctrl Pts',(269.736791461022,3.52427854253342,211.331893748796));
#8929=CARTESIAN_POINT('Ctrl Pts',(269.700547454037,3.46393029046645,211.393998780241));
#8930=CARTESIAN_POINT('Ctrl Pts',(269.627944732467,3.34401301256353,211.520817914514));
#8931=CARTESIAN_POINT('Ctrl Pts',(269.556053832588,3.22728299695903,211.650481051919));
#8932=CARTESIAN_POINT('Ctrl Pts',(269.520495679422,3.17015200910148,211.715446682468));
#8933=CARTESIAN_POINT('Ctrl Pts',(269.416381118899,3.00157875211487,211.908550265721));
#8934=CARTESIAN_POINT('Ctrl Pts',(269.321645424701,2.83909301570232,212.094539052805));
#8935=CARTESIAN_POINT('Ctrl Pts',(269.264167074067,2.73154261557192,212.214186266346));
#8936=CARTESIAN_POINT('Ctrl Pts',(269.1024015761,2.4143523812808,212.572097082745));
#8937=CARTESIAN_POINT('Ctrl Pts',(268.965635668106,2.10799523626541,212.93042224605));
#8938=CARTESIAN_POINT('Ctrl Pts',(268.879295241053,1.9057304136091,213.177465785571));
#8939=CARTESIAN_POINT('Ctrl Pts',(268.793970830634,1.70508074186162,213.427673273924));
#8940=CARTESIAN_POINT('Ctrl Pts',(268.710277533508,1.50709706669306,213.68150174983));
#8941=CARTESIAN_POINT('Ctrl Pts',(271.00055399695,13.4070017329949,213.880413287237));
#8942=CARTESIAN_POINT('Ctrl Pts',(271.019134100986,13.1999040749426,213.629951364811));
#8943=CARTESIAN_POINT('Ctrl Pts',(271.039651492125,12.9939241834666,213.381354866686));
#8944=CARTESIAN_POINT('Ctrl Pts',(271.055658352409,12.7964027210109,213.134310518558));
#8945=CARTESIAN_POINT('Ctrl Pts',(271.13156992641,12.5135221043072,212.782424430918));
#8946=CARTESIAN_POINT('Ctrl Pts',(271.196533753459,12.1824527773559,212.447856870028));
#8947=CARTESIAN_POINT('Ctrl Pts',(271.214783280467,12.062842875087,212.338380863894));
#8948=CARTESIAN_POINT('Ctrl Pts',(271.252207763149,11.8090178127939,212.125382377419));
#8949=CARTESIAN_POINT('Ctrl Pts',(271.288807168058,11.5413058702552,211.913328723602));
#8950=CARTESIAN_POINT('Ctrl Pts',(271.305247507926,11.40761467215,211.805267680336));
#8951=CARTESIAN_POINT('Ctrl Pts',(271.318421474659,11.2007456862242,211.644798598576));
#8952=CARTESIAN_POINT('Ctrl Pts',(271.325506224155,10.9777809684709,211.492106388238));
#8953=CARTESIAN_POINT('Ctrl Pts',(271.327511425969,10.9012977736789,211.442387234254));
#8954=CARTESIAN_POINT('Ctrl Pts',(271.330548003273,10.7436931659354,211.345695893641));
#8955=CARTESIAN_POINT('Ctrl Pts',(271.3311397721,10.5777255467326,211.253687818756));
#8956=CARTESIAN_POINT('Ctrl Pts',(271.330697408758,10.4928608937163,211.208671508127));
#8957=CARTESIAN_POINT('Ctrl Pts',(271.328435559596,10.3203042959151,211.119713679595));
#8958=CARTESIAN_POINT('Ctrl Pts',(271.323467178672,10.1429743068429,211.032965327122));
#8959=CARTESIAN_POINT('Ctrl Pts',(271.320317369289,10.0533550275951,210.990133651047));
#8960=CARTESIAN_POINT('Ctrl Pts',(271.314420733221,9.91743560335002,210.927369552546));
#8961=CARTESIAN_POINT('Ctrl Pts',(271.306940110511,9.77909310845431,210.867145009785));
#8962=CARTESIAN_POINT('Ctrl Pts',(271.304279319381,9.73270031326109,210.847371174976));
#8963=CARTESIAN_POINT('Ctrl Pts',(271.298662666418,9.63934051072453,210.808427329656));
#8964=CARTESIAN_POINT('Ctrl Pts',(271.292508318206,9.54484195045793,210.770688998153));
#8965=CARTESIAN_POINT('Ctrl Pts',(271.289310241693,9.49730974711931,210.752120590853));
#8966=CARTESIAN_POINT('Ctrl Pts',(271.282677138724,9.40170804764763,210.715590980779));
#8967=CARTESIAN_POINT('Ctrl Pts',(271.27552068386,9.3050988929226,210.680350585991));
#8968=CARTESIAN_POINT('Ctrl Pts',(271.271800046554,9.25655877727851,210.663070603242));
#8969=CARTESIAN_POINT('Ctrl Pts',(271.26402712049,9.15903953470844,210.629255009156));
#8970=CARTESIAN_POINT('Ctrl Pts',(271.255550881985,9.06058728636691,210.597051630385));
#8971=CARTESIAN_POINT('Ctrl Pts',(271.251126023783,9.01111603137577,210.581383939554));
#8972=CARTESIAN_POINT('Ctrl Pts',(271.24191615136,8.91158587618515,210.55097286617));
#8973=CARTESIAN_POINT('Ctrl Pts',(271.232052012375,8.8106764678222,210.522475235996));
#8974=CARTESIAN_POINT('Ctrl Pts',(271.226972351405,8.75982673725552,210.508721217883));
#8975=CARTESIAN_POINT('Ctrl Pts',(271.216558625021,8.65725534041207,210.482212561497));
#8976=CARTESIAN_POINT('Ctrl Pts',(271.205629280352,8.55307746572905,210.457652774601));
#8977=CARTESIAN_POINT('Ctrl Pts',(271.200035349605,8.50061776581371,210.44584827249));
#8978=CARTESIAN_POINT('Ctrl Pts',(271.182791082858,8.34246235418624,210.411768463295));
#8979=CARTESIAN_POINT('Ctrl Pts',(271.163918533612,8.18316261133542,210.381404759046));
#8980=CARTESIAN_POINT('Ctrl Pts',(271.150344143991,8.07759883871774,210.362525667086));
#8981=CARTESIAN_POINT('Ctrl Pts',(271.121416701675,7.86914549772599,210.327380595359));
#8982=CARTESIAN_POINT('Ctrl Pts',(271.090476618173,7.66361742592353,210.298119052653));
#8983=CARTESIAN_POINT('Ctrl Pts',(271.07489034794,7.56109290634924,210.285120699775));
#8984=CARTESIAN_POINT('Ctrl Pts',(271.043449984646,7.35396007494762,210.26232892973));
#8985=CARTESIAN_POINT('Ctrl Pts',(271.010080949536,7.13995550065926,210.244741016806));
#8986=CARTESIAN_POINT('Ctrl Pts',(270.992559643907,7.03046399850579,210.23697928556));
#8987=CARTESIAN_POINT('Ctrl Pts',(270.955914357127,6.80770606758829,210.222910173197));
#8988=CARTESIAN_POINT('Ctrl Pts',(270.917164909414,6.58354868487549,210.214497735747));
#8989=CARTESIAN_POINT('Ctrl Pts',(270.897538324984,6.47265544513698,210.212272169728));
#8990=CARTESIAN_POINT('Ctrl Pts',(270.857412786742,6.25534531559112,210.215948739293));
#8991=CARTESIAN_POINT('Ctrl Pts',(270.8157071903,6.04393166365747,210.237751614565));
#8992=CARTESIAN_POINT('Ctrl Pts',(270.794476428485,5.93902341563443,210.253873357376));
#8993=CARTESIAN_POINT('Ctrl Pts',(270.763220590488,5.78088167403553,210.281446918377));
#8994=CARTESIAN_POINT('Ctrl Pts',(270.733004366001,5.62216885930893,210.310353114631));
#8995=CARTESIAN_POINT('Ctrl Pts',(270.723053264861,5.56922427190375,210.319949842744));
#8996=CARTESIAN_POINT('Ctrl Pts',(270.703273170673,5.46347104285637,210.339127321281));
#8997=CARTESIAN_POINT('Ctrl Pts',(270.68317391121,5.35868240957189,210.359509215252));
#8998=CARTESIAN_POINT('Ctrl Pts',(270.67291376022,5.30669528250276,210.370291998369));
#8999=CARTESIAN_POINT('Ctrl Pts',(270.651486043933,5.20402480862571,210.394136058288));
#9000=CARTESIAN_POINT('Ctrl Pts',(270.62792904714,5.10419329984505,210.423298520677));
#9001=CARTESIAN_POINT('Ctrl Pts',(270.61552430705,5.05505887783508,210.439424021001));
#9002=CARTESIAN_POINT('Ctrl Pts',(270.589945381267,4.9578968942421,210.474155480483));
#9003=CARTESIAN_POINT('Ctrl Pts',(270.564650241003,4.86148946621589,210.511569914614));
#9004=CARTESIAN_POINT('Ctrl Pts',(270.552514066054,4.81312028104343,210.530392709145));
#9005=CARTESIAN_POINT('Ctrl Pts',(270.519078241969,4.66641986750635,210.585311753903));
#9006=CARTESIAN_POINT('Ctrl Pts',(270.493073006339,4.51677655607201,210.635670641599));
#9007=CARTESIAN_POINT('Ctrl Pts',(270.477797815349,4.41728392533428,210.667256277641));
#9008=CARTESIAN_POINT('Ctrl Pts',(270.428518616477,4.24022443085613,210.74573901865));
#9009=CARTESIAN_POINT('Ctrl Pts',(270.346027484467,4.10233906549507,210.851405769584));
#9010=CARTESIAN_POINT('Ctrl Pts',(270.29707018059,4.04240260460134,210.910644006345));
#9011=CARTESIAN_POINT('Ctrl Pts',(270.195531666186,3.93003000488969,211.033094549017));
#9012=CARTESIAN_POINT('Ctrl Pts',(270.096706930917,3.82354463171223,211.157000500291));
#9013=CARTESIAN_POINT('Ctrl Pts',(270.05096605401,3.76905724543756,211.217280942742));
#9014=CARTESIAN_POINT('Ctrl Pts',(269.966090070263,3.65622997743995,211.335786952329));
#9015=CARTESIAN_POINT('Ctrl Pts',(269.889969175696,3.53762516895512,211.453867566308));
#9016=CARTESIAN_POINT('Ctrl Pts',(269.853054216974,3.47726903537685,211.51367883833));
#9017=CARTESIAN_POINT('Ctrl Pts',(269.780357367189,3.35681576565756,211.635153045151));
#9018=CARTESIAN_POINT('Ctrl Pts',(269.709877903843,3.23946994375874,211.758972838901));
#9019=CARTESIAN_POINT('Ctrl Pts',(269.675136793269,3.18226662258669,211.821164421159));
#9020=CARTESIAN_POINT('Ctrl Pts',(269.573354499203,3.01427550830841,212.006794035569));
#9021=CARTESIAN_POINT('Ctrl Pts',(269.480213000807,2.85398545291343,212.187666869146));
#9022=CARTESIAN_POINT('Ctrl Pts',(269.423186961399,2.7477177328668,212.304482485019));
#9023=CARTESIAN_POINT('Ctrl Pts',(269.262463628607,2.43259934829617,212.65362530509));
#9024=CARTESIAN_POINT('Ctrl Pts',(269.124773701472,2.12506008242244,213.005153115399));
#9025=CARTESIAN_POINT('Ctrl Pts',(269.037568022017,1.92162676641549,213.249535305707));
#9026=CARTESIAN_POINT('Ctrl Pts',(268.951398034882,1.7199239271735,213.496850355521));
#9027=CARTESIAN_POINT('Ctrl Pts',(268.866794138211,1.52077301179356,213.747930603201));
#9028=CARTESIAN_POINT('Ctrl Pts',(271.062549328454,13.3780739725446,213.915960969992));
#9029=CARTESIAN_POINT('Ctrl Pts',(271.08046550585,13.17063732514,213.666760521146));
#9030=CARTESIAN_POINT('Ctrl Pts',(271.100334404548,12.9643244137071,213.41975360089));
#9031=CARTESIAN_POINT('Ctrl Pts',(271.116687395049,12.7668585052472,213.175352362423));
#9032=CARTESIAN_POINT('Ctrl Pts',(271.191403590509,12.4778775101873,212.827305721275));
#9033=CARTESIAN_POINT('Ctrl Pts',(271.254792312627,12.1447253017863,212.498543868861));
#9034=CARTESIAN_POINT('Ctrl Pts',(271.273537488674,12.0244490195617,212.391285849353));
#9035=CARTESIAN_POINT('Ctrl Pts',(271.313279224074,11.7704056603326,212.181722560052));
#9036=CARTESIAN_POINT('Ctrl Pts',(271.351487042661,11.5023494628824,211.973591434185));
#9037=CARTESIAN_POINT('Ctrl Pts',(271.367801171046,11.3677601526761,211.868242603378));
#9038=CARTESIAN_POINT('Ctrl Pts',(271.380499431194,11.1590383326504,211.712058952505));
#9039=CARTESIAN_POINT('Ctrl Pts',(271.387084854316,10.935418237345,211.562080268196));
#9040=CARTESIAN_POINT('Ctrl Pts',(271.388963563045,10.858943093897,211.513004510771));
#9041=CARTESIAN_POINT('Ctrl Pts',(271.391886485423,10.7017858043061,211.41720108048));
#9042=CARTESIAN_POINT('Ctrl Pts',(271.392578999151,10.5368016855799,211.32580988053));
#9043=CARTESIAN_POINT('Ctrl Pts',(271.392228895694,10.4524857678783,211.28116123013));
#9044=CARTESIAN_POINT('Ctrl Pts',(271.390112553136,10.2809503698669,211.193322292806));
#9045=CARTESIAN_POINT('Ctrl Pts',(271.385198669732,10.1044058875681,211.108344767563));
#9046=CARTESIAN_POINT('Ctrl Pts',(271.382047199545,10.0150951860899,211.066540776431));
#9047=CARTESIAN_POINT('Ctrl Pts',(271.376214959283,9.8795802834602,211.005279468331));
#9048=CARTESIAN_POINT('Ctrl Pts',(271.368892371504,9.74166200686354,210.94642040792));
#9049=CARTESIAN_POINT('Ctrl Pts',(271.366294579209,9.69541862382662,210.927081491348));
#9050=CARTESIAN_POINT('Ctrl Pts',(271.36081479395,9.60238492926374,210.888972422404));
#9051=CARTESIAN_POINT('Ctrl Pts',(271.354802040336,9.50827705250877,210.852017577727));
#9052=CARTESIAN_POINT('Ctrl Pts',(271.351671621198,9.46095893436063,210.833832819903));
#9053=CARTESIAN_POINT('Ctrl Pts',(271.34516342391,9.36582090260314,210.798064253423));
#9054=CARTESIAN_POINT('Ctrl Pts',(271.338123432598,9.26972739177388,210.763575383563));
#9055=CARTESIAN_POINT('Ctrl Pts',(271.334461737996,9.22145355473176,210.746669773546));
#9056=CARTESIAN_POINT('Ctrl Pts',(271.326822621074,9.12446710348621,210.713595230709));
#9057=CARTESIAN_POINT('Ctrl Pts',(271.318531343521,9.02653042917399,210.682110406215));
#9058=CARTESIAN_POINT('Ctrl Pts',(271.314216753828,8.97730799559209,210.666794496227));
#9059=CARTESIAN_POINT('Ctrl Pts',(271.305265934361,8.87825995047694,210.637070814072));
#9060=CARTESIAN_POINT('Ctrl Pts',(271.295732152884,8.77781958967661,210.609230205409));
#9061=CARTESIAN_POINT('Ctrl Pts',(271.290834140077,8.72720555632485,210.595797545513));
#9062=CARTESIAN_POINT('Ctrl Pts',(271.280810456504,8.6251192587557,210.569919182334));
#9063=CARTESIAN_POINT('Ctrl Pts',(271.270310819467,8.52147518220766,210.54596660174));
#9064=CARTESIAN_POINT('Ctrl Pts',(271.264938184605,8.46929993611041,210.534460423243));
#9065=CARTESIAN_POINT('Ctrl Pts',(271.248363870529,8.31206926079998,210.501259676241));
#9066=CARTESIAN_POINT('Ctrl Pts',(271.230135454982,8.15397971264244,210.471723964028));
#9067=CARTESIAN_POINT('Ctrl Pts',(271.216928895159,8.0494289863992,210.453365780519));
#9068=CARTESIAN_POINT('Ctrl Pts',(271.188623645485,7.84343817480924,210.419234450563));
#9069=CARTESIAN_POINT('Ctrl Pts',(271.158326007237,7.64090958279971,210.391139366383));
#9070=CARTESIAN_POINT('Ctrl Pts',(271.143130947299,7.53995717706842,210.378814434765));
#9071=CARTESIAN_POINT('Ctrl Pts',(271.112514930993,7.33596094687112,210.357573057174));
#9072=CARTESIAN_POINT('Ctrl Pts',(271.079400494532,7.12473623895556,210.341875802128));
#9073=CARTESIAN_POINT('Ctrl Pts',(271.061693121721,7.01642784147397,210.335130288275));
#9074=CARTESIAN_POINT('Ctrl Pts',(271.024011349558,6.79595764826228,210.323253114939));
#9075=CARTESIAN_POINT('Ctrl Pts',(270.983890280944,6.57486722177834,210.31679419687));
#9076=CARTESIAN_POINT('Ctrl Pts',(270.963727221566,6.46595977629657,210.315338658232));
#9077=CARTESIAN_POINT('Ctrl Pts',(270.923282907959,6.25282237625843,210.3197297224));
#9078=CARTESIAN_POINT('Ctrl Pts',(270.882438310852,6.04449218741967,210.3410770633));
#9079=CARTESIAN_POINT('Ctrl Pts',(270.861871439206,5.94045837136015,210.356804828503));
#9080=CARTESIAN_POINT('Ctrl Pts',(270.831525021523,5.78321135685302,210.383750612157));
#9081=CARTESIAN_POINT('Ctrl Pts',(270.801681843068,5.62582988749672,210.411718193785));
#9082=CARTESIAN_POINT('Ctrl Pts',(270.791772296854,5.57343037577723,210.420957347652));
#9083=CARTESIAN_POINT('Ctrl Pts',(270.771875928041,5.469035765145,210.439314414001));
#9084=CARTESIAN_POINT('Ctrl Pts',(270.751186208094,5.36614165762413,210.458696918467));
#9085=CARTESIAN_POINT('Ctrl Pts',(270.740494951545,5.31523596900107,210.468941374504));
#9086=CARTESIAN_POINT('Ctrl Pts',(270.717878037001,5.21495429531449,210.491673777294));
#9087=CARTESIAN_POINT('Ctrl Pts',(270.692497879707,5.11788309771031,210.519834103803));
#9088=CARTESIAN_POINT('Ctrl Pts',(270.679024184361,5.07020318202662,210.53553377545));
#9089=CARTESIAN_POINT('Ctrl Pts',(270.651140819384,4.97600391805731,210.569603028538));
#9090=CARTESIAN_POINT('Ctrl Pts',(270.623447622783,4.88250583841675,210.606682724063));
#9091=CARTESIAN_POINT('Ctrl Pts',(270.610150257511,4.83553668320403,210.625408619596));
#9092=CARTESIAN_POINT('Ctrl Pts',(270.573356841704,4.69286755707724,210.680270449265));
#9093=CARTESIAN_POINT('Ctrl Pts',(270.545049260194,4.54607893199998,210.730616361977));
#9094=CARTESIAN_POINT('Ctrl Pts',(270.529362776928,4.44731927584385,210.761534833985));
#9095=CARTESIAN_POINT('Ctrl Pts',(270.485805962562,4.2651885244745,210.833435158458));
#9096=CARTESIAN_POINT('Ctrl Pts',(270.414888650411,4.11643430918235,210.928025408567));
#9097=CARTESIAN_POINT('Ctrl Pts',(270.371366409854,4.05145511666303,210.98206485267));
#9098=CARTESIAN_POINT('Ctrl Pts',(270.276517536951,3.93297897570389,211.097546570902));
#9099=CARTESIAN_POINT('Ctrl Pts',(270.178190708444,3.82586591014554,211.219328155966));
#9100=CARTESIAN_POINT('Ctrl Pts',(270.131451864413,3.77204389539631,211.279453036514));
#9101=CARTESIAN_POINT('Ctrl Pts',(270.044015106302,3.66095096820376,211.397826112282));
#9102=CARTESIAN_POINT('Ctrl Pts',(269.965674071624,3.54396543787564,211.515070500175));
#9103=CARTESIAN_POINT('Ctrl Pts',(269.928143902524,3.48411254882818,211.573985681679));
#9104=CARTESIAN_POINT('Ctrl Pts',(269.855011237234,3.36420320240059,211.693041869605));
#9105=CARTESIAN_POINT('Ctrl Pts',(269.785147298354,3.24691149383993,211.813844484607));
#9106=CARTESIAN_POINT('Ctrl Pts',(269.750838549214,3.18972631736825,211.874545506833));
#9107=CARTESIAN_POINT('Ctrl Pts',(269.650378811539,3.0219672599136,212.056122075104));
#9108=CARTESIAN_POINT('Ctrl Pts',(269.558301098516,2.86237386106673,212.234263333655));
#9109=CARTESIAN_POINT('Ctrl Pts',(269.501568858631,2.75665079844831,212.349783725608));
#9110=CARTESIAN_POINT('Ctrl Pts',(269.341512418944,2.44237475549749,212.694901979162));
#9111=CARTESIAN_POINT('Ctrl Pts',(269.203707616487,2.13422545847468,213.043514041972));
#9112=CARTESIAN_POINT('Ctrl Pts',(269.115760022966,1.93002272635268,213.286448255356));
#9113=CARTESIAN_POINT('Ctrl Pts',(269.02922626777,1.72773289333906,213.532348434815));
#9114=CARTESIAN_POINT('Ctrl Pts',(268.94421549951,1.52795491679283,213.782065554343));
#9115=CARTESIAN_POINT('Ctrl Pts',(271.247723650128,13.2928021013142,214.025982256587));
#9116=CARTESIAN_POINT('Ctrl Pts',(271.264003741231,13.0845802522214,213.781007631182));
#9117=CARTESIAN_POINT('Ctrl Pts',(271.282493076397,12.8774655104,213.539359169494));
#9118=CARTESIAN_POINT('Ctrl Pts',(271.306084780576,12.6740092213038,213.303146205228));
#9119=CARTESIAN_POINT('Ctrl Pts',(271.370622643466,12.3724348501164,212.965266222181));
#9120=CARTESIAN_POINT('Ctrl Pts',(271.429285173173,12.0368345306,212.653565079866));
#9121=CARTESIAN_POINT('Ctrl Pts',(271.450679240113,11.9141736553676,212.552354180002));
#9122=CARTESIAN_POINT('Ctrl Pts',(271.495522634786,11.6586652333844,212.352012887313));
#9123=CARTESIAN_POINT('Ctrl Pts',(271.535405714731,11.3879409699194,212.1552172109));
#9124=CARTESIAN_POINT('Ctrl Pts',(271.550561451527,11.2501110022864,212.057687469002));
#9125=CARTESIAN_POINT('Ctrl Pts',(271.562969421968,11.0362216593065,211.912930643942));
#9126=CARTESIAN_POINT('Ctrl Pts',(271.569758473736,10.8110469585851,211.770422917947));
#9127=CARTESIAN_POINT('Ctrl Pts',(271.571764920424,10.7346599237062,211.723225786524));
#9128=CARTESIAN_POINT('Ctrl Pts',(271.575076607165,10.5788233709363,211.630314547849));
#9129=CARTESIAN_POINT('Ctrl Pts',(271.576271430125,10.4166586730656,211.541307173104));
#9130=CARTESIAN_POINT('Ctrl Pts',(271.576167875941,10.333939166324,211.498021628285));
#9131=CARTESIAN_POINT('Ctrl Pts',(271.574386847318,10.1654973526058,211.413769223646));
#9132=CARTESIAN_POINT('Ctrl Pts',(271.569593825127,9.99160107388868,211.333785555044));
#9133=CARTESIAN_POINT('Ctrl Pts',(271.566469692662,9.9034298896469,211.294769388731));
#9134=CARTESIAN_POINT('Ctrl Pts',(271.56084006519,9.76949211343927,211.23761526187));
#9135=CARTESIAN_POINT('Ctrl Pts',(271.553914715695,9.63318270447021,211.182603430379));
#9136=CARTESIAN_POINT('Ctrl Pts',(271.55146909017,9.58749145689794,211.1645084585));
#9137=CARTESIAN_POINT('Ctrl Pts',(271.546311155401,9.49561613882897,211.128821300011));
#9138=CARTESIAN_POINT('Ctrl Pts',(271.540622851306,9.40278663840775,211.094189972236));
#9139=CARTESIAN_POINT('Ctrl Pts',(271.537646975508,9.3561410052306,211.077150841746));
#9140=CARTESIAN_POINT('Ctrl Pts',(271.531427748692,9.26240205547194,211.04365765526));
#9141=CARTESIAN_POINT('Ctrl Pts',(271.524668641497,9.1677645492545,211.011409701432));
#9142=CARTESIAN_POINT('Ctrl Pts',(271.521152841048,9.12022059566673,210.995615727218));
#9143=CARTESIAN_POINT('Ctrl Pts',(271.513848890591,9.02466171068828,210.964731530889));
#9144=CARTESIAN_POINT('Ctrl Pts',(271.506016730487,8.92807772518764,210.935342841234));
#9145=CARTESIAN_POINT('Ctrl Pts',(271.501972415426,8.87950952246503,210.921044231033));
#9146=CARTESIAN_POINT('Ctrl Pts',(271.493644191928,8.78175822946744,210.893282212258));
#9147=CARTESIAN_POINT('Ctrl Pts',(271.484861543087,8.6827121027098,210.867246573336));
#9148=CARTESIAN_POINT('Ctrl Pts',(271.480362766311,8.63284902060255,210.854674493476));
#9149=CARTESIAN_POINT('Ctrl Pts',(271.471154125246,8.53245078277571,210.830431910329));
#9150=CARTESIAN_POINT('Ctrl Pts',(271.461472751061,8.43092549796105,210.807961249503));
#9151=CARTESIAN_POINT('Ctrl Pts',(271.456502091499,8.37993317851549,210.797161640385));
#9152=CARTESIAN_POINT('Ctrl Pts',(271.441115991791,8.22658546138718,210.76600807234));
#9153=CARTESIAN_POINT('Ctrl Pts',(271.424065780334,8.07319478076267,210.738406979502));
#9154=CARTESIAN_POINT('Ctrl Pts',(271.41168795783,7.97194654633937,210.721389060199));
#9155=CARTESIAN_POINT('Ctrl Pts',(271.385163360143,7.7727092863503,210.690173912558));
#9156=CARTESIAN_POINT('Ctrl Pts',(271.35671270886,7.57734352376288,210.665600326477));
#9157=CARTESIAN_POINT('Ctrl Pts',(271.342433350882,7.48008668823943,210.655228196104));
#9158=CARTESIAN_POINT('Ctrl Pts',(271.313398124142,7.28363596337721,210.638340462287));
#9159=CARTESIAN_POINT('Ctrl Pts',(271.280496911061,7.07999812961836,210.627910189885));
#9160=CARTESIAN_POINT('Ctrl Pts',(271.262314624693,6.97537610187853,210.624029322251));
#9161=CARTESIAN_POINT('Ctrl Pts',(271.222524754059,6.76253937294563,210.618334162714));
#9162=CARTESIAN_POINT('Ctrl Pts',(271.179808661396,6.55055718721146,210.617405544137));
#9163=CARTESIAN_POINT('Ctrl Pts',(271.158660834654,6.44686090069172,210.618155434246));
#9164=CARTESIAN_POINT('Ctrl Pts',(271.117730270265,6.24398400925079,210.624613693849));
#9165=CARTESIAN_POINT('Ctrl Pts',(271.078575284173,6.04345394732895,210.643930077218));
#9166=CARTESIAN_POINT('Ctrl Pts',(271.059251096687,5.94213477284845,210.657727017332));
#9167=CARTESIAN_POINT('Ctrl Pts',(271.030300528707,5.7884587393742,210.681393968897));
#9168=CARTESIAN_POINT('Ctrl Pts',(270.999995277133,5.63574526689882,210.706332434438));
#9169=CARTESIAN_POINT('Ctrl Pts',(270.989663814266,5.58511624955639,210.714634685407));
#9170=CARTESIAN_POINT('Ctrl Pts',(270.968290302225,5.48481297947304,210.73129016941));
#9171=CARTESIAN_POINT('Ctrl Pts',(270.944956519977,5.38701378191108,210.749024201707));
#9172=CARTESIAN_POINT('Ctrl Pts',(270.932667681327,5.33888944387472,210.758394691738));
#9173=CARTESIAN_POINT('Ctrl Pts',(270.906595765897,5.2443764368563,210.778914323587));
#9174=CARTESIAN_POINT('Ctrl Pts',(270.877852473689,5.15304958736922,210.803582672878));
#9175=CARTESIAN_POINT('Ctrl Pts',(270.862884378367,5.10811716339991,210.817113123032));
#9176=CARTESIAN_POINT('Ctrl Pts',(270.832326728183,5.01924176754311,210.846370702879));
#9177=CARTESIAN_POINT('Ctrl Pts',(270.801903481822,4.93124108172248,210.87889260812));
#9178=CARTESIAN_POINT('Ctrl Pts',(270.787069263005,4.88718377459269,210.895692215529));
#9179=CARTESIAN_POINT('Ctrl Pts',(270.744756080575,4.75400482472773,210.946491696602));
#9180=CARTESIAN_POINT('Ctrl Pts',(270.710010865973,4.61701838634554,210.996479832125));
#9181=CARTESIAN_POINT('Ctrl Pts',(270.691362249329,4.52305567632703,211.027346621077));
#9182=CARTESIAN_POINT('Ctrl Pts',(270.656153609795,4.33576389262648,211.088150066154));
#9183=CARTESIAN_POINT('Ctrl Pts',(270.610028208284,4.16484346379728,211.159281667172));
#9184=CARTESIAN_POINT('Ctrl Pts',(270.580235655595,4.08744940820172,211.20060160491));
#9185=CARTESIAN_POINT('Ctrl Pts',(270.505962101378,3.95056633507124,211.296203083104));
#9186=CARTESIAN_POINT('Ctrl Pts',(270.414604224057,3.83703049328574,211.408326794915));
#9187=CARTESIAN_POINT('Ctrl Pts',(270.367489803729,3.78325555835822,211.466374125942));
#9188=CARTESIAN_POINT('Ctrl Pts',(270.275766124943,3.67548985533934,211.582468149367));
#9189=CARTESIAN_POINT('Ctrl Pts',(270.19136414828,3.5643132786153,211.69725907859));
#9190=CARTESIAN_POINT('Ctrl Pts',(270.151737580622,3.50692583442293,211.753870562328));
#9191=CARTESIAN_POINT('Ctrl Pts',(270.076535248277,3.39058001239278,211.866481941978));
#9192=CARTESIAN_POINT('Ctrl Pts',(270.007735183393,3.27465389848191,211.978840223652));
#9193=CARTESIAN_POINT('Ctrl Pts',(269.974481087182,3.21771752883625,212.035229037445));
#9194=CARTESIAN_POINT('Ctrl Pts',(269.877612718341,3.05042691618866,212.204872609481));
#9195=CARTESIAN_POINT('Ctrl Pts',(269.789066999766,2.89129029107123,212.374654337091));
#9196=CARTESIAN_POINT('Ctrl Pts',(269.733356192795,2.78647751134472,212.486407206881));
#9197=CARTESIAN_POINT('Ctrl Pts',(269.575205654073,2.4733168081093,212.820101980925));
#9198=CARTESIAN_POINT('Ctrl Pts',(269.438077050445,2.16326032946878,213.161543294354));
#9199=CARTESIAN_POINT('Ctrl Pts',(269.347623189978,1.95637379999902,213.399962452175));
#9200=CARTESIAN_POINT('Ctrl Pts',(269.260024549288,1.75214398373499,213.641600715358));
#9201=CARTESIAN_POINT('Ctrl Pts',(269.173900761971,1.55036438773506,213.887219049781));
#9202=CARTESIAN_POINT('Ctrl Pts',(271.431500626139,13.2117657969501,214.146103388337));
#9203=CARTESIAN_POINT('Ctrl Pts',(271.447186173461,13.0032784248281,213.906414313336));
#9204=CARTESIAN_POINT('Ctrl Pts',(271.465751882714,12.7957150089492,213.671339878763));
#9205=CARTESIAN_POINT('Ctrl Pts',(271.502966911864,12.57814759502,213.443827422156));
#9206=CARTESIAN_POINT('Ctrl Pts',(271.545256658899,12.2820532159474,213.114033444737));
#9207=CARTESIAN_POINT('Ctrl Pts',(271.60541077427,11.9428426979696,212.817647702228));
#9208=CARTESIAN_POINT('Ctrl Pts',(271.630452181156,11.8163020565527,212.720034696471));
#9209=CARTESIAN_POINT('Ctrl Pts',(271.674676368725,11.556916761983,212.525342499482));
#9210=CARTESIAN_POINT('Ctrl Pts',(271.710248229897,11.2812757415516,212.337345734691));
#9211=CARTESIAN_POINT('Ctrl Pts',(271.723737920933,11.1401944235869,212.245595353863));
#9212=CARTESIAN_POINT('Ctrl Pts',(271.738316107841,10.9231435348453,212.107974684747));
#9213=CARTESIAN_POINT('Ctrl Pts',(271.748041353932,10.6973567019311,211.971930513795));
#9214=CARTESIAN_POINT('Ctrl Pts',(271.75088185085,10.6210669663321,211.92685350085));
#9215=CARTESIAN_POINT('Ctrl Pts',(271.755438832687,10.4660807378842,211.838149041979));
#9216=CARTESIAN_POINT('Ctrl Pts',(271.757124315883,10.305886513409,211.753418943953));
#9217=CARTESIAN_POINT('Ctrl Pts',(271.757091889882,10.2243849403405,211.712328959146));
#9218=CARTESIAN_POINT('Ctrl Pts',(271.755342034444,10.0586450784071,211.632514617051));
#9219=CARTESIAN_POINT('Ctrl Pts',(271.750616361254,9.8877588753935,211.556915136953));
#9220=CARTESIAN_POINT('Ctrl Pts',(271.747603719861,9.80110948046752,211.520040414422));
#9221=CARTESIAN_POINT('Ctrl Pts',(271.742214511696,9.66945457956538,211.466074673537));
#9222=CARTESIAN_POINT('Ctrl Pts',(271.735544228499,9.53541982649499,211.414275230864));
#9223=CARTESIAN_POINT('Ctrl Pts',(271.733180405301,9.49048519395161,211.397256546877));
#9224=CARTESIAN_POINT('Ctrl Pts',(271.728171749879,9.40011781067555,211.363733856355));
#9225=CARTESIAN_POINT('Ctrl Pts',(271.722599531456,9.30877463087726,211.331277774923));
#9226=CARTESIAN_POINT('Ctrl Pts',(271.719672130551,9.26286423676062,211.31532580054));
#9227=CARTESIAN_POINT('Ctrl Pts',(271.713533433407,9.17057072082496,211.283993006818));
#9228=CARTESIAN_POINT('Ctrl Pts',(271.70682948984,9.07732728456006,211.253843193874));
#9229=CARTESIAN_POINT('Ctrl Pts',(271.703336753829,9.03046721853999,211.239074170937));
#9230=CARTESIAN_POINT('Ctrl Pts',(271.696073991883,8.93626072707586,211.21017000359));
#9231=CARTESIAN_POINT('Ctrl Pts',(271.688266060143,8.84107514018097,211.182580050363));
#9232=CARTESIAN_POINT('Ctrl Pts',(271.684228106724,8.79323606415561,211.169125183078));
#9233=CARTESIAN_POINT('Ctrl Pts',(271.675888328249,8.69707124199296,211.142919544391));
#9234=CARTESIAN_POINT('Ctrl Pts',(271.667013944201,8.60000919654882,211.118160687194));
#9235=CARTESIAN_POINT('Ctrl Pts',(271.662441575931,8.5512723782577,211.106152697204));
#9236=CARTESIAN_POINT('Ctrl Pts',(271.653015035337,8.45345855612155,211.082893579981));
#9237=CARTESIAN_POINT('Ctrl Pts',(271.642999404788,8.35514630479562,211.061167956165));
#9238=CARTESIAN_POINT('Ctrl Pts',(271.637838006865,8.30591074359469,211.050693547632));
#9239=CARTESIAN_POINT('Ctrl Pts',(271.621874867839,8.15812580528612,211.020445846848));
#9240=CARTESIAN_POINT('Ctrl Pts',(271.604472966843,8.0105143966084,210.993774988671));
#9241=CARTESIAN_POINT('Ctrl Pts',(271.59222530174,7.91254142202719,210.977625488179));
#9242=CARTESIAN_POINT('Ctrl Pts',(271.566660466663,7.71798633181049,210.948777848088));
#9243=CARTESIAN_POINT('Ctrl Pts',(271.539008845719,7.52507137781539,210.927114256779));
#9244=CARTESIAN_POINT('Ctrl Pts',(271.524697343746,7.42876419712178,210.918152431511));
#9245=CARTESIAN_POINT('Ctrl Pts',(271.494620053457,7.23459514940461,210.903939576564));
#9246=CARTESIAN_POINT('Ctrl Pts',(271.460633157822,7.03598624289056,210.896421882984));
#9247=CARTESIAN_POINT('Ctrl Pts',(271.442398596113,6.93517966665716,210.894169477656));
#9248=CARTESIAN_POINT('Ctrl Pts',(271.403746523914,6.73199112724238,210.892067543564));
#9249=CARTESIAN_POINT('Ctrl Pts',(271.36276074919,6.52911756354267,210.894974769184));
#9250=CARTESIAN_POINT('Ctrl Pts',(271.342183295631,6.42866755969357,210.897695609858));
#9251=CARTESIAN_POINT('Ctrl Pts',(271.301651448724,6.22979132056978,210.906881350205));
#9252=CARTESIAN_POINT('Ctrl Pts',(271.261689749865,6.03273666256661,210.924114825995));
#9253=CARTESIAN_POINT('Ctrl Pts',(271.241716865703,5.93414424612979,210.934913025338));
#9254=CARTESIAN_POINT('Ctrl Pts',(271.211039995722,5.78599529144442,210.953218699167));
#9255=CARTESIAN_POINT('Ctrl Pts',(271.178057839085,5.63929873284319,210.974488943613));
#9256=CARTESIAN_POINT('Ctrl Pts',(271.166741512517,5.59065352496429,210.981897944328));
#9257=CARTESIAN_POINT('Ctrl Pts',(271.143330572029,5.4941100921834,210.997416257948));
#9258=CARTESIAN_POINT('Ctrl Pts',(271.118343368932,5.39936300886629,211.014469060461));
#9259=CARTESIAN_POINT('Ctrl Pts',(271.105446844286,5.35251725616392,211.02341432813));
#9260=CARTESIAN_POINT('Ctrl Pts',(271.0790010708,5.25991944256487,211.042209428259));
#9261=CARTESIAN_POINT('Ctrl Pts',(271.051608738447,5.16946945281331,211.063063703779));
#9262=CARTESIAN_POINT('Ctrl Pts',(271.037766770107,5.12477062228997,211.074064765161));
#9263=CARTESIAN_POINT('Ctrl Pts',(271.009916792552,5.03640751713031,211.097444638446));
#9264=CARTESIAN_POINT('Ctrl Pts',(270.98192490338,4.94996856298783,211.123814547185));
#9265=CARTESIAN_POINT('Ctrl Pts',(270.967939973495,4.90719599638043,211.137809836784));
#9266=CARTESIAN_POINT('Ctrl Pts',(270.926270028822,4.77989530992801,211.182051158915));
#9267=CARTESIAN_POINT('Ctrl Pts',(270.88650591231,4.65421381021341,211.231490341811));
#9268=CARTESIAN_POINT('Ctrl Pts',(270.861913155743,4.56970214926605,211.265205835621));
#9269=CARTESIAN_POINT('Ctrl Pts',(270.817043983616,4.39776320005554,211.330984575777));
#9270=CARTESIAN_POINT('Ctrl Pts',(270.772380454698,4.22930790553068,211.399363807793));
#9271=CARTESIAN_POINT('Ctrl Pts',(270.748112717349,4.14812473473644,211.435510781628));
#9272=CARTESIAN_POINT('Ctrl Pts',(270.691054592835,3.997257765755,211.515790336032));
#9273=CARTESIAN_POINT('Ctrl Pts',(270.618114631542,3.86815234415584,211.610924822949));
#9274=CARTESIAN_POINT('Ctrl Pts',(270.577802634417,3.80892557335686,211.662079834902));
#9275=CARTESIAN_POINT('Ctrl Pts',(270.49384203621,3.69629125090537,211.768032006825));
#9276=CARTESIAN_POINT('Ctrl Pts',(270.409595605047,3.58864091469582,211.876806499098));
#9277=CARTESIAN_POINT('Ctrl Pts',(270.36907725009,3.53429375349326,211.930708052197));
#9278=CARTESIAN_POINT('Ctrl Pts',(270.292196187209,3.42412566206185,212.03732304444));
#9279=CARTESIAN_POINT('Ctrl Pts',(270.222773629255,3.31274403457426,212.142894747049));
#9280=CARTESIAN_POINT('Ctrl Pts',(270.189751633119,3.25714408108251,212.195731172844));
#9281=CARTESIAN_POINT('Ctrl Pts',(270.094648446852,3.09176663190953,212.355313016551));
#9282=CARTESIAN_POINT('Ctrl Pts',(270.009576997768,2.93047329142793,212.517693445284));
#9283=CARTESIAN_POINT('Ctrl Pts',(269.955409018715,2.82448948089732,212.626499948671));
#9284=CARTESIAN_POINT('Ctrl Pts',(269.797721604164,2.50849432865844,212.949848760063));
#9285=CARTESIAN_POINT('Ctrl Pts',(269.661681601814,2.19521135114438,213.287624186802));
#9286=CARTESIAN_POINT('Ctrl Pts',(269.57086542132,1.98546940179226,213.521768815185));
#9287=CARTESIAN_POINT('Ctrl Pts',(269.482434408119,1.77887732805762,213.759045348192));
#9288=CARTESIAN_POINT('Ctrl Pts',(269.395592063634,1.57480749468779,214.000504166004));
#9289=CARTESIAN_POINT('Ctrl Pts',(271.554325962822,13.1593541931227,214.230636168439));
#9290=CARTESIAN_POINT('Ctrl Pts',(271.570021669998,12.9507723163803,213.994684018358));
#9291=CARTESIAN_POINT('Ctrl Pts',(271.588958847044,12.7429056825445,213.763989786293));
#9292=CARTESIAN_POINT('Ctrl Pts',(271.617148492099,12.5321052614642,213.538497048012));
#9293=CARTESIAN_POINT('Ctrl Pts',(271.66407070677,12.2327212763816,213.223566902609));
#9294=CARTESIAN_POINT('Ctrl Pts',(271.729695099635,11.8806700574364,212.932424708476));
#9295=CARTESIAN_POINT('Ctrl Pts',(271.751885169777,11.7536982872541,212.834625163981));
#9296=CARTESIAN_POINT('Ctrl Pts',(271.79246028615,11.4909849009559,212.640994908972));
#9297=CARTESIAN_POINT('Ctrl Pts',(271.825795771463,11.2136544315787,212.45657823945));
#9298=CARTESIAN_POINT('Ctrl Pts',(271.839513699004,11.0722196091822,212.367208466119));
#9299=CARTESIAN_POINT('Ctrl Pts',(271.855421392978,10.8545322469707,212.23313233391));
#9300=CARTESIAN_POINT('Ctrl Pts',(271.865936938089,10.6284039786393,212.102148544952));
#9301=CARTESIAN_POINT('Ctrl Pts',(271.868885563782,10.5520434110218,212.058951290327));
#9302=CARTESIAN_POINT('Ctrl Pts',(271.873453659809,10.3971251245869,211.97412908095));
#9303=CARTESIAN_POINT('Ctrl Pts',(271.8750302377,10.2375489753505,211.893134036995));
#9304=CARTESIAN_POINT('Ctrl Pts',(271.87498396402,10.1565274749289,211.853776777922));
#9305=CARTESIAN_POINT('Ctrl Pts',(271.87329897742,9.99204815156095,211.777175972646));
#9306=CARTESIAN_POINT('Ctrl Pts',(271.868775532098,9.82288700470379,211.70438853342));
#9307=CARTESIAN_POINT('Ctrl Pts',(271.865888643292,9.7371838986907,211.66884106322));
#9308=CARTESIAN_POINT('Ctrl Pts',(271.860701726385,9.60700528656856,211.616835227313));
#9309=CARTESIAN_POINT('Ctrl Pts',(271.854212011972,9.47447476469786,211.567016107919));
#9310=CARTESIAN_POINT('Ctrl Pts',(271.851903608538,9.43004158692058,211.550663261564));
#9311=CARTESIAN_POINT('Ctrl Pts',(271.846990960498,9.34067467924097,211.518484700677));
#9312=CARTESIAN_POINT('Ctrl Pts',(271.841473680889,9.2503370950436,211.487382196988));
#9313=CARTESIAN_POINT('Ctrl Pts',(271.838560644948,9.204933172317,211.472105660527));
#9314=CARTESIAN_POINT('Ctrl Pts',(271.832418393457,9.11367277344971,211.442104981779));
#9315=CARTESIAN_POINT('Ctrl Pts',(271.825635063843,9.02153948411327,211.413215880707));
#9316=CARTESIAN_POINT('Ctrl Pts',(271.822080898687,8.9752627688992,211.399050897799));
#9317=CARTESIAN_POINT('Ctrl Pts',(271.814646515316,8.88230296047732,211.371285438264));
#9318=CARTESIAN_POINT('Ctrl Pts',(271.806566265259,8.78855756327095,211.344676597389));
#9319=CARTESIAN_POINT('Ctrl Pts',(271.802366165265,8.74149537279801,211.331668079831));
#9320=CARTESIAN_POINT('Ctrl Pts',(271.793652930839,8.64700644568309,211.306264406994));
#9321=CARTESIAN_POINT('Ctrl Pts',(271.784328016917,8.55183869630682,211.282139999671));
#9322=CARTESIAN_POINT('Ctrl Pts',(271.77951625323,8.50409754150475,211.270410702759));
#9323=CARTESIAN_POINT('Ctrl Pts',(271.769601086735,8.40833771870532,211.247648180056));
#9324=CARTESIAN_POINT('Ctrl Pts',(271.75911038759,8.31212454680373,211.226333726798));
#9325=CARTESIAN_POINT('Ctrl Pts',(271.753723164469,8.26392972466733,211.216052568627));
#9326=CARTESIAN_POINT('Ctrl Pts',(271.737137382183,8.1191765005568,211.18637555808));
#9327=CARTESIAN_POINT('Ctrl Pts',(271.719281145681,7.97417967846741,211.16029505274));
#9328=CARTESIAN_POINT('Ctrl Pts',(271.706810225953,7.877650454892,211.144591091139));
#9329=CARTESIAN_POINT('Ctrl Pts',(271.680771425092,7.68511835390462,211.116685486877));
#9330=CARTESIAN_POINT('Ctrl Pts',(271.652443047957,7.49288577355104,211.095877136083));
#9331=CARTESIAN_POINT('Ctrl Pts',(271.637689668167,7.3966771500212,211.087273151711));
#9332=CARTESIAN_POINT('Ctrl Pts',(271.606734756098,7.20318922124313,211.073547047231));
#9333=CARTESIAN_POINT('Ctrl Pts',(271.572595104377,7.00715121336452,211.066323050612));
#9334=CARTESIAN_POINT('Ctrl Pts',(271.554648279731,6.90836274684157,211.064223891124));
#9335=CARTESIAN_POINT('Ctrl Pts',(271.517264545458,6.71001645826798,211.062805688252));
#9336=CARTESIAN_POINT('Ctrl Pts',(271.47786682022,6.51179978087017,211.067122916921));
#9337=CARTESIAN_POINT('Ctrl Pts',(271.457902767657,6.41315557447505,211.070745740418));
#9338=CARTESIAN_POINT('Ctrl Pts',(271.417789530403,6.21699178746846,211.081347692347));
#9339=CARTESIAN_POINT('Ctrl Pts',(271.376884610445,6.02251051931085,211.098582475006));
#9340=CARTESIAN_POINT('Ctrl Pts',(271.356144113558,5.92555668725477,211.108863617917));
#9341=CARTESIAN_POINT('Ctrl Pts',(271.324181448018,5.78057151185229,211.126198429042));
#9342=CARTESIAN_POINT('Ctrl Pts',(271.290484893422,5.6373207681377,211.146280238639));
#9343=CARTESIAN_POINT('Ctrl Pts',(271.279034596203,5.58981818353485,211.153273850656));
#9344=CARTESIAN_POINT('Ctrl Pts',(271.255655654288,5.49545328423126,211.167908976613));
#9345=CARTESIAN_POINT('Ctrl Pts',(271.231283398101,5.40263220156713,211.184067629811));
#9346=CARTESIAN_POINT('Ctrl Pts',(271.21883969236,5.35667343430563,211.192583287855));
#9347=CARTESIAN_POINT('Ctrl Pts',(271.193443503765,5.26577629595825,211.210661337532));
#9348=CARTESIAN_POINT('Ctrl Pts',(271.167113417105,5.17703142357039,211.231127840919));
#9349=CARTESIAN_POINT('Ctrl Pts',(271.153735471114,5.13322538433098,211.242031995629));
#9350=CARTESIAN_POINT('Ctrl Pts',(271.126631348059,5.04673845077394,211.265291304363));
#9351=CARTESIAN_POINT('Ctrl Pts',(271.099035865715,4.96231037082322,211.291406942247));
#9352=CARTESIAN_POINT('Ctrl Pts',(271.085166075068,4.92056479937067,211.30517002065));
#9353=CARTESIAN_POINT('Ctrl Pts',(271.043531280162,4.79645277328758,211.348335266799));
#9354=CARTESIAN_POINT('Ctrl Pts',(271.002326816967,4.67481057960143,211.396121384282));
#9355=CARTESIAN_POINT('Ctrl Pts',(270.975515348782,4.5939551714421,211.42907586753));
#9356=CARTESIAN_POINT('Ctrl Pts',(270.923647855607,4.43164834577335,211.495327874968));
#9357=CARTESIAN_POINT('Ctrl Pts',(270.873377430164,4.2712252938529,211.563829626793));
#9358=CARTESIAN_POINT('Ctrl Pts',(270.848247056108,4.19215005030278,211.598934339803));
#9359=CARTESIAN_POINT('Ctrl Pts',(270.795186538493,4.03981013721448,211.673296994794));
#9360=CARTESIAN_POINT('Ctrl Pts',(270.733280956251,3.90220744501716,211.757583133529));
#9361=CARTESIAN_POINT('Ctrl Pts',(270.699251247661,3.83795496840444,211.802683008039));
#9362=CARTESIAN_POINT('Ctrl Pts',(270.626335217074,3.71695741907233,211.897308135661));
#9363=CARTESIAN_POINT('Ctrl Pts',(270.548791385584,3.60589839371951,211.997226573754));
#9364=CARTESIAN_POINT('Ctrl Pts',(270.510105886218,3.55159585028496,212.047616833417));
#9365=CARTESIAN_POINT('Ctrl Pts',(270.434938098223,3.44370151229248,212.148421802846));
#9366=CARTESIAN_POINT('Ctrl Pts',(270.36517299754,3.33640222060627,212.24990578399));
#9367=CARTESIAN_POINT('Ctrl Pts',(270.331938141982,3.28265436116407,212.300950892308));
#9368=CARTESIAN_POINT('Ctrl Pts',(270.23662551276,3.12121024056135,212.455910490212));
#9369=CARTESIAN_POINT('Ctrl Pts',(270.152736594699,2.95961589769873,212.615604653081));
#9370=CARTESIAN_POINT('Ctrl Pts',(270.100103832703,2.85205411308191,212.723740994188));
#9371=CARTESIAN_POINT('Ctrl Pts',(269.942256090256,2.53290965411256,213.040903523985));
#9372=CARTESIAN_POINT('Ctrl Pts',(269.803237237732,2.2168298683205,213.373103376915));
#9373=CARTESIAN_POINT('Ctrl Pts',(269.715386488286,2.00540295567789,213.606647781765));
#9374=CARTESIAN_POINT('Ctrl Pts',(269.626671170084,1.79716379364206,213.840923957163));
#9375=CARTESIAN_POINT('Ctrl Pts',(269.539599070821,1.59150853935551,214.07954939766));
#9376=CARTESIAN_POINT('Ctrl Pts',(271.80048551659,13.0564898156827,214.407452430081));
#9377=CARTESIAN_POINT('Ctrl Pts',(271.816477714693,12.8476082709276,214.178991560737));
#9378=CARTESIAN_POINT('Ctrl Pts',(271.836197557551,12.6389475692468,213.9568685881));
#9379=CARTESIAN_POINT('Ctrl Pts',(271.860629319779,12.4314418213589,213.741293691358));
#9380=CARTESIAN_POINT('Ctrl Pts',(271.913464562896,12.1166456694744,213.443185162507));
#9381=CARTESIAN_POINT('Ctrl Pts',(271.972279939957,11.7539866194113,213.154748780509));
#9382=CARTESIAN_POINT('Ctrl Pts',(271.990590958222,11.6250460992987,213.056384566471));
#9383=CARTESIAN_POINT('Ctrl Pts',(272.02584860065,11.3620356727189,212.869261567165));
#9384=CARTESIAN_POINT('Ctrl Pts',(272.056453881787,11.0860257266509,212.69619215527));
#9385=CARTESIAN_POINT('Ctrl Pts',(272.06954243982,10.9432968789984,212.610412794214));
#9386=CARTESIAN_POINT('Ctrl Pts',(272.085915553826,10.7243566807357,212.484078292722));
#9387=CARTESIAN_POINT('Ctrl Pts',(272.096689836687,10.4978584320544,212.362595384437));
#9388=CARTESIAN_POINT('Ctrl Pts',(272.099624409642,10.4215151857214,212.322735649521));
#9389=CARTESIAN_POINT('Ctrl Pts',(272.104080745168,10.2670486739077,212.244565577033));
#9390=CARTESIAN_POINT('Ctrl Pts',(272.105649659341,10.108878378558,212.169759957014));
#9391=CARTESIAN_POINT('Ctrl Pts',(272.105694333954,10.028829686732,212.133270793958));
#9392=CARTESIAN_POINT('Ctrl Pts',(272.10436799632,9.86676921939951,212.062072033441));
#9393=CARTESIAN_POINT('Ctrl Pts',(272.100373393761,9.70078357731986,211.994390527486));
#9394=CARTESIAN_POINT('Ctrl Pts',(272.097749776636,9.6168108288854,211.961413390768));
#9395=CARTESIAN_POINT('Ctrl Pts',(272.092907961248,9.48937761742037,211.913349092343));
#9396=CARTESIAN_POINT('Ctrl Pts',(272.086637250175,9.3597917788544,211.867552836329));
#9397=CARTESIAN_POINT('Ctrl Pts',(272.084384719196,9.31636083524436,211.852547720222));
#9398=CARTESIAN_POINT('Ctrl Pts',(272.079542943536,9.22904087306235,211.823067351106));
#9399=CARTESIAN_POINT('Ctrl Pts',(272.073999174782,9.14085017378877,211.794629863357));
#9400=CARTESIAN_POINT('Ctrl Pts',(272.071044704505,9.09654831605827,211.780668031501));
#9401=CARTESIAN_POINT('Ctrl Pts',(272.064754104727,9.00756345886175,211.753232830101));
#9402=CARTESIAN_POINT('Ctrl Pts',(272.057674944663,8.9178812356734,211.726722646821));
#9403=CARTESIAN_POINT('Ctrl Pts',(272.053931921501,8.87288198453426,211.713685915654));
#9404=CARTESIAN_POINT('Ctrl Pts',(272.046030890517,8.7825988545161,211.68802556256));
#9405=CARTESIAN_POINT('Ctrl Pts',(272.037307870476,8.6917863673206,211.663193861861));
#9406=CARTESIAN_POINT('Ctrl Pts',(272.032742674762,8.64625798526608,211.650985351769));
#9407=CARTESIAN_POINT('Ctrl Pts',(272.023221578245,8.55496478456626,211.627009910899));
#9408=CARTESIAN_POINT('Ctrl Pts',(272.012969105291,8.46319777228312,211.604012114483));
#9409=CARTESIAN_POINT('Ctrl Pts',(272.007672402576,8.41719569847347,211.592780973042));
#9410=CARTESIAN_POINT('Ctrl Pts',(271.996769802315,8.32494760645348,211.570918287361));
#9411=CARTESIAN_POINT('Ctrl Pts',(271.985300154192,8.232208480832,211.550370919221));
#9412=CARTESIAN_POINT('Ctrl Pts',(271.979436517315,8.1857152217234,211.540455284448));
#9413=CARTESIAN_POINT('Ctrl Pts',(271.961487706741,8.04587042851615,211.511859358808));
#9414=CARTESIAN_POINT('Ctrl Pts',(271.942495134369,7.90498302084457,211.486867212892));
#9415=CARTESIAN_POINT('Ctrl Pts',(271.929399346443,7.81064186962855,211.471945453414));
#9416=CARTESIAN_POINT('Ctrl Pts',(271.902185837513,7.62131519359916,211.445562688229));
#9417=CARTESIAN_POINT('Ctrl Pts',(271.872667275919,7.43087815466399,211.425943473194));
#9418=CARTESIAN_POINT('Ctrl Pts',(271.857264957773,7.33543020678493,211.417785025175));
#9419=CARTESIAN_POINT('Ctrl Pts',(271.825104601514,7.14410870931558,211.404651062852));
#9420=CARTESIAN_POINT('Ctrl Pts',(271.790475137353,6.95228978609652,211.397846307205));
#9421=CARTESIAN_POINT('Ctrl Pts',(271.772596741428,6.85634061441086,211.39601181668));
#9422=CARTESIAN_POINT('Ctrl Pts',(271.736015525068,6.66467818487404,211.395584007003));
#9423=CARTESIAN_POINT('Ctrl Pts',(271.698086222354,6.47402117434746,211.401822634159));
#9424=CARTESIAN_POINT('Ctrl Pts',(271.67886740082,6.37908021198061,211.406657275021));
#9425=CARTESIAN_POINT('Ctrl Pts',(271.639789506099,6.19015625598803,211.41971753858));
#9426=CARTESIAN_POINT('Ctrl Pts',(271.59865074265,6.00341392296837,211.43905898946));
#9427=CARTESIAN_POINT('Ctrl Pts',(271.577375414379,5.9106562096947,211.45018021797));
#9428=CARTESIAN_POINT('Ctrl Pts',(271.544090207981,5.77254736569319,211.468791763928));
#9429=CARTESIAN_POINT('Ctrl Pts',(271.509154770825,5.63645106661534,211.490316885469));
#9430=CARTESIAN_POINT('Ctrl Pts',(271.497346470713,5.59133479177858,211.497815996663));
#9431=CARTESIAN_POINT('Ctrl Pts',(271.473484688149,5.50166672093029,211.513481820464));
#9432=CARTESIAN_POINT('Ctrl Pts',(271.449283595759,5.41327078556866,211.530552315));
#9433=CARTESIAN_POINT('Ctrl Pts',(271.437135857669,5.36942648898867,211.539455818461));
#9434=CARTESIAN_POINT('Ctrl Pts',(271.412808111191,5.28252133606022,211.558049480568));
#9435=CARTESIAN_POINT('Ctrl Pts',(271.38839662319,5.19730647640979,211.578307787816));
#9436=CARTESIAN_POINT('Ctrl Pts',(271.376166589409,5.15515245907184,211.588875840513));
#9437=CARTESIAN_POINT('Ctrl Pts',(271.351573426306,5.07179784427339,211.610928180375));
#9438=CARTESIAN_POINT('Ctrl Pts',(271.326458209332,4.9903742657189,211.634818691666));
#9439=CARTESIAN_POINT('Ctrl Pts',(271.313707558753,4.95015130036029,211.647225333957));
#9440=CARTESIAN_POINT('Ctrl Pts',(271.274633123354,4.83091581971706,211.685778878814));
#9441=CARTESIAN_POINT('Ctrl Pts',(271.232781608252,4.71563442688589,211.728006182603));
#9442=CARTESIAN_POINT('Ctrl Pts',(271.203247783602,4.64028110452204,211.757517662395));
#9443=CARTESIAN_POINT('Ctrl Pts',(271.14313126431,4.49058675366841,211.817952377745));
#9444=CARTESIAN_POINT('Ctrl Pts',(271.084902041635,4.34107416837723,211.880399314408));
#9445=CARTESIAN_POINT('Ctrl Pts',(271.05730477421,4.26583915194612,211.911865707631));
#9446=CARTESIAN_POINT('Ctrl Pts',(271.004261913483,4.11604512017748,211.97657515183));
#9447=CARTESIAN_POINT('Ctrl Pts',(270.950937157535,3.97238841354969,212.047240667897));
#9448=CARTESIAN_POINT('Ctrl Pts',(270.923106406681,3.90326383856852,212.084671620293));
#9449=CARTESIAN_POINT('Ctrl Pts',(270.863730359629,3.77190206617582,212.163565638457));
#9450=CARTESIAN_POINT('Ctrl Pts',(270.798330559438,3.65325482826715,212.248476697829));
#9451=CARTESIAN_POINT('Ctrl Pts',(270.764415598237,3.59689965336445,212.291936165942));
#9452=CARTESIAN_POINT('Ctrl Pts',(270.69606571089,3.48819189318477,212.380036709093));
#9453=CARTESIAN_POINT('Ctrl Pts',(270.629420984322,3.38437857573389,212.471013798745));
#9454=CARTESIAN_POINT('Ctrl Pts',(270.597235764391,3.33290056980066,212.517312711911));
#9455=CARTESIAN_POINT('Ctrl Pts',(270.505289648591,3.17816719317729,212.659713303803));
#9456=CARTESIAN_POINT('Ctrl Pts',(270.425386612679,3.01977507013451,212.812722600792));
#9457=CARTESIAN_POINT('Ctrl Pts',(270.375855556178,2.91026385444138,212.919470524989));
#9458=CARTESIAN_POINT('Ctrl Pts',(270.225594297745,2.58195421389443,213.236944755393));
#9459=CARTESIAN_POINT('Ctrl Pts',(270.082522348607,2.25851227362156,213.557518549279));
#9460=CARTESIAN_POINT('Ctrl Pts',(269.994669010167,2.044970221656,213.782771337831));
#9461=CARTESIAN_POINT('Ctrl Pts',(269.906320771062,1.83341993895482,214.011138842963));
#9462=CARTESIAN_POINT('Ctrl Pts',(269.819566710698,1.62461399723298,214.244155821095));
#9463=CARTESIAN_POINT('Ctrl Pts',(272.047467102698,12.9557644083608,214.598213766843));
#9464=CARTESIAN_POINT('Ctrl Pts',(272.063975120197,12.7460400576263,214.376856367041));
#9465=CARTESIAN_POINT('Ctrl Pts',(272.084273291123,12.5357613468501,214.162319509962));
#9466=CARTESIAN_POINT('Ctrl Pts',(272.110015273826,12.3257985323193,213.956973147515));
#9467=CARTESIAN_POINT('Ctrl Pts',(272.159555444379,11.9978919484738,213.663232249565));
#9468=CARTESIAN_POINT('Ctrl Pts',(272.210575641358,11.6306323208321,213.380244661148));
#9469=CARTESIAN_POINT('Ctrl Pts',(272.226760187343,11.5024759097362,213.285859889781));
#9470=CARTESIAN_POINT('Ctrl Pts',(272.258465025443,11.2426965332113,213.108163763293));
#9471=CARTESIAN_POINT('Ctrl Pts',(272.285646591842,10.9668909604916,212.940027009222));
#9472=CARTESIAN_POINT('Ctrl Pts',(272.297691463459,10.8232545754416,212.857224010056));
#9473=CARTESIAN_POINT('Ctrl Pts',(272.312549401705,10.6043501705323,212.737298504032));
#9474=CARTESIAN_POINT('Ctrl Pts',(272.322095820256,10.3787626705993,212.623278601895));
#9475=CARTESIAN_POINT('Ctrl Pts',(272.324658876582,10.3028295513797,212.585962025561));
#9476=CARTESIAN_POINT('Ctrl Pts',(272.328516232695,10.1493963627432,212.512808272797));
#9477=CARTESIAN_POINT('Ctrl Pts',(272.329806567349,9.99274012841533,212.442778585053));
#9478=CARTESIAN_POINT('Ctrl Pts',(272.32980230628,9.91358257452032,212.408586518239));
#9479=CARTESIAN_POINT('Ctrl Pts',(272.328502679932,9.75360360275562,212.341906264064));
#9480=CARTESIAN_POINT('Ctrl Pts',(272.324624419206,9.59029858820997,212.278770336817));
#9481=CARTESIAN_POINT('Ctrl Pts',(272.322041451298,9.50781600716439,212.24812080533));
#9482=CARTESIAN_POINT('Ctrl Pts',(272.317192502752,9.38284934833606,212.203593873861));
#9483=CARTESIAN_POINT('Ctrl Pts',(272.31080660742,9.25610036854399,212.161252566209));
#9484=CARTESIAN_POINT('Ctrl Pts',(272.308503126839,9.21365722764451,212.147382341705));
#9485=CARTESIAN_POINT('Ctrl Pts',(272.303535094109,9.12839805270782,212.120123780989));
#9486=CARTESIAN_POINT('Ctrl Pts',(272.297819365284,9.04243042333449,212.093802796956));
#9487=CARTESIAN_POINT('Ctrl Pts',(272.294768248422,8.99927872277585,212.080870338426));
#9488=CARTESIAN_POINT('Ctrl Pts',(272.28826537291,8.91266279219299,212.055440407384));
#9489=CARTESIAN_POINT('Ctrl Pts',(272.280940872528,8.825464214682,212.03084237748));
#9490=CARTESIAN_POINT('Ctrl Pts',(272.277068141311,8.78172983112826,212.018741904173));
#9491=CARTESIAN_POINT('Ctrl Pts',(272.26889611668,8.69400907555316,211.994922765068));
#9492=CARTESIAN_POINT('Ctrl Pts',(272.259882703517,8.60579464212893,211.971878702387));
#9493=CARTESIAN_POINT('Ctrl Pts',(272.255168411641,8.561566795142,211.960552970182));
#9494=CARTESIAN_POINT('Ctrl Pts',(272.245342610525,8.47286114128456,211.93832216192));
#9495=CARTESIAN_POINT('Ctrl Pts',(272.234774235063,8.38361792581041,211.91702428356));
#9496=CARTESIAN_POINT('Ctrl Pts',(272.229317214939,8.3388527131815,211.906631195978));
#9497=CARTESIAN_POINT('Ctrl Pts',(272.218090041431,8.24900783816102,211.886417436903));
#9498=CARTESIAN_POINT('Ctrl Pts',(272.206286881361,8.15849516816817,211.86745454526));
#9499=CARTESIAN_POINT('Ctrl Pts',(272.200254013146,8.11306202099549,211.85831251898));
#9500=CARTESIAN_POINT('Ctrl Pts',(272.181786152998,7.97621689063235,211.831970107323));
#9501=CARTESIAN_POINT('Ctrl Pts',(272.162216950128,7.83776839750515,211.808981242407));
#9502=CARTESIAN_POINT('Ctrl Pts',(272.148688469101,7.74478558622968,211.79523955313));
#9503=CARTESIAN_POINT('Ctrl Pts',(272.120458629868,7.55777052137251,211.770794552104));
#9504=CARTESIAN_POINT('Ctrl Pts',(272.089693315032,7.36926221411733,211.752255039253));
#9505=CARTESIAN_POINT('Ctrl Pts',(272.073625838366,7.2747894772671,211.744416060796));
#9506=CARTESIAN_POINT('Ctrl Pts',(272.040122753753,7.0857216778495,211.731540745773));
#9507=CARTESIAN_POINT('Ctrl Pts',(272.004186317112,6.89708101766129,211.724417364348));
#9508=CARTESIAN_POINT('Ctrl Pts',(271.985678563046,6.80303331688287,211.72232492334));
#9509=CARTESIAN_POINT('Ctrl Pts',(271.947918355153,6.61586439342885,211.721314941486));
#9510=CARTESIAN_POINT('Ctrl Pts',(271.909095042456,6.43115255148415,211.727149460144));
#9511=CARTESIAN_POINT('Ctrl Pts',(271.889534725037,6.33956535352855,211.731905114266));
#9512=CARTESIAN_POINT('Ctrl Pts',(271.849978937065,6.15807046561718,211.745197871204));
#9513=CARTESIAN_POINT('Ctrl Pts',(271.808383421126,5.97991042992319,211.765438596402));
#9514=CARTESIAN_POINT('Ctrl Pts',(271.786793024434,5.89166063579078,211.77715083275));
#9515=CARTESIAN_POINT('Ctrl Pts',(271.752733653826,5.76049638169045,211.796721293658));
#9516=CARTESIAN_POINT('Ctrl Pts',(271.716802032988,5.6313700233182,211.819013397934));
#9517=CARTESIAN_POINT('Ctrl Pts',(271.704648477147,5.58856589859633,211.826729997055));
#9518=CARTESIAN_POINT('Ctrl Pts',(271.680112314901,5.50346761681948,211.842713547707));
#9519=CARTESIAN_POINT('Ctrl Pts',(271.655348769846,5.4194626183333,211.859770114313));
#9520=CARTESIAN_POINT('Ctrl Pts',(271.642967807023,5.37775178937006,211.868559742957));
#9521=CARTESIAN_POINT('Ctrl Pts',(271.618305266986,5.29495260641697,211.886655298727));
#9522=CARTESIAN_POINT('Ctrl Pts',(271.593853996685,5.21347128371905,211.90578586342));
#9523=CARTESIAN_POINT('Ctrl Pts',(271.581686131672,5.17307816802088,211.91561032134));
#9524=CARTESIAN_POINT('Ctrl Pts',(271.557377873591,5.09302196806601,211.935787460917));
#9525=CARTESIAN_POINT('Ctrl Pts',(271.532851262772,5.01446235153347,211.957029810646));
#9526=CARTESIAN_POINT('Ctrl Pts',(271.520466039784,4.97556579838774,211.967919617606));
#9527=CARTESIAN_POINT('Ctrl Pts',(271.482689239932,4.86002432623038,212.00138783577));
#9528=CARTESIAN_POINT('Ctrl Pts',(271.442626491164,4.74775193542482,212.037167349265));
#9529=CARTESIAN_POINT('Ctrl Pts',(271.414455775869,4.67422439581473,212.061975161645));
#9530=CARTESIAN_POINT('Ctrl Pts',(271.356309456666,4.52868234896582,212.113146868266));
#9531=CARTESIAN_POINT('Ctrl Pts',(271.296973379729,4.38506742161527,212.167734022979));
#9532=CARTESIAN_POINT('Ctrl Pts',(271.267601939928,4.31346084726081,212.19594134189));
#9533=CARTESIAN_POINT('Ctrl Pts',(271.209913516726,4.17096118395646,212.254880668607));
#9534=CARTESIAN_POINT('Ctrl Pts',(271.153307918701,4.03208811428072,212.31957947801));
#9535=CARTESIAN_POINT('Ctrl Pts',(271.125039145574,3.96408766457421,212.353568651589));
#9536=CARTESIAN_POINT('Ctrl Pts',(271.067534132155,3.8326786194345,212.424476693771));
#9537=CARTESIAN_POINT('Ctrl Pts',(271.007776021421,3.71137110207164,212.500072285319));
#9538=CARTESIAN_POINT('Ctrl Pts',(270.977227210198,3.65352000039515,212.538745469619));
#9539=CARTESIAN_POINT('Ctrl Pts',(270.915434494269,3.54225596668589,212.617644174363));
#9540=CARTESIAN_POINT('Ctrl Pts',(270.854000039177,3.43680665016384,212.7002313669));
#9541=CARTESIAN_POINT('Ctrl Pts',(270.823774745635,3.38474146844643,212.742585563246));
#9542=CARTESIAN_POINT('Ctrl Pts',(270.736520086454,3.22927636124501,212.873211198147));
#9543=CARTESIAN_POINT('Ctrl Pts',(270.662204223288,3.07395257071828,213.016148779541));
#9544=CARTESIAN_POINT('Ctrl Pts',(270.617320721945,2.96392067546956,213.120684476655));
#9545=CARTESIAN_POINT('Ctrl Pts',(270.478205615216,2.62911688432378,213.435358870477));
#9546=CARTESIAN_POINT('Ctrl Pts',(270.342595021464,2.29716979328312,213.754065391787));
#9547=CARTESIAN_POINT('Ctrl Pts',(270.25509831022,2.08127760219359,213.970557574141));
#9548=CARTESIAN_POINT('Ctrl Pts',(270.168943632042,1.86671923385006,214.193460677654));
#9549=CARTESIAN_POINT('Ctrl Pts',(270.084018256681,1.65508704277346,214.421134025515));
#9550=CARTESIAN_POINT('Ctrl Pts',(272.171087761413,12.9054769429883,214.696667177826));
#9551=CARTESIAN_POINT('Ctrl Pts',(272.187804765103,12.6951192363436,214.478657563479));
#9552=CARTESIAN_POINT('Ctrl Pts',(272.208249052544,12.4837464670037,214.267557453282));
#9553=CARTESIAN_POINT('Ctrl Pts',(272.233952638414,12.2716121371613,214.065571607538));
#9554=CARTESIAN_POINT('Ctrl Pts',(272.281153343819,11.9387373113745,213.774208981753));
#9555=CARTESIAN_POINT('Ctrl Pts',(272.329473007559,11.5707746659819,213.496467628573));
#9556=CARTESIAN_POINT('Ctrl Pts',(272.345064931692,11.4437557940051,213.405371019102));
#9557=CARTESIAN_POINT('Ctrl Pts',(272.374798881786,11.1829638476258,213.229160949365));
#9558=CARTESIAN_POINT('Ctrl Pts',(272.400246781537,10.9064261952621,213.063210395623));
#9559=CARTESIAN_POINT('Ctrl Pts',(272.411555697623,10.7636565782719,212.982491470924));
#9560=CARTESIAN_POINT('Ctrl Pts',(272.425404964659,10.5453653539496,212.865486027035));
#9561=CARTESIAN_POINT('Ctrl Pts',(272.434223653468,10.3204711369547,212.754579911523));
#9562=CARTESIAN_POINT('Ctrl Pts',(272.436531648619,10.2449565069041,212.718314167847));
#9563=CARTESIAN_POINT('Ctrl Pts',(272.43988623834,10.0926491688165,212.647258001014));
#9564=CARTESIAN_POINT('Ctrl Pts',(272.440900708635,9.93686669469614,212.579272707302));
#9565=CARTESIAN_POINT('Ctrl Pts',(272.440797414291,9.85815152635567,212.546097516604));
#9566=CARTESIAN_POINT('Ctrl Pts',(272.439338356499,9.69916737883058,212.481460114671));
#9567=CARTESIAN_POINT('Ctrl Pts',(272.435336652736,9.53713976356068,212.420367003924));
#9568=CARTESIAN_POINT('Ctrl Pts',(272.432689775284,9.45538533759799,212.390735793148));
#9569=CARTESIAN_POINT('Ctrl Pts',(272.427728447935,9.33163506904848,212.347694367364));
#9570=CARTESIAN_POINT('Ctrl Pts',(272.421218623375,9.20629449547447,212.306765640951));
#9571=CARTESIAN_POINT('Ctrl Pts',(272.418873196919,9.16434201109439,212.293357537164));
#9572=CARTESIAN_POINT('Ctrl Pts',(272.413822229315,9.08010132303703,212.267005473216));
#9573=CARTESIAN_POINT('Ctrl Pts',(272.408033635449,8.99521070088055,212.241565429559));
#9574=CARTESIAN_POINT('Ctrl Pts',(272.404950605671,8.95260824352397,212.229069437353));
#9575=CARTESIAN_POINT('Ctrl Pts',(272.398399046855,8.86710230947771,212.204515264406));
#9576=CARTESIAN_POINT('Ctrl Pts',(272.39106790568,8.78101437312874,212.180824345822));
#9577=CARTESIAN_POINT('Ctrl Pts',(272.387205277513,8.73782992539798,212.16919160819));
#9578=CARTESIAN_POINT('Ctrl Pts',(272.379085586376,8.6511861031641,212.146350100295));
#9579=CARTESIAN_POINT('Ctrl Pts',(272.370189407624,8.56398804141839,212.124377344024));
#9580=CARTESIAN_POINT('Ctrl Pts',(272.365550197003,8.52024947690819,212.113613188923));
#9581=CARTESIAN_POINT('Ctrl Pts',(272.355902486755,8.43248279394008,212.092552122237));
#9582=CARTESIAN_POINT('Ctrl Pts',(272.345549500568,8.34410515936241,212.072489874557));
#9583=CARTESIAN_POINT('Ctrl Pts',(272.340204933351,8.2997557646763,212.062724382363));
#9584=CARTESIAN_POINT('Ctrl Pts',(272.329199167291,8.21071512296372,212.043764798593));
#9585=CARTESIAN_POINT('Ctrl Pts',(272.317586470459,8.1209625618632,212.026015694848));
#9586=CARTESIAN_POINT('Ctrl Pts',(272.311635081038,8.07590117165548,212.017460812736));
#9587=CARTESIAN_POINT('Ctrl Pts',(272.293355058576,7.94015200295912,211.992795025416));
#9588=CARTESIAN_POINT('Ctrl Pts',(272.273785683331,7.80274152403264,211.97118929393));
#9589=CARTESIAN_POINT('Ctrl Pts',(272.260157264329,7.7104238050176,211.958204264411));
#9590=CARTESIAN_POINT('Ctrl Pts',(272.23158165999,7.52464960542674,211.934989934365));
#9591=CARTESIAN_POINT('Ctrl Pts',(272.200237018872,7.33730668380866,211.917172928549));
#9592=CARTESIAN_POINT('Ctrl Pts',(272.183837398467,7.24342133742133,211.909583977276));
#9593=CARTESIAN_POINT('Ctrl Pts',(272.149614288535,7.05562775591125,211.897026479598));
#9594=CARTESIAN_POINT('Ctrl Pts',(272.112852706553,6.86861080571816,211.889875670116));
#9595=CARTESIAN_POINT('Ctrl Pts',(272.093908733168,6.77550169251398,211.88768827371));
#9596=CARTESIAN_POINT('Ctrl Pts',(272.055197528385,6.59052504374066,211.886306326348));
#9597=CARTESIAN_POINT('Ctrl Pts',(272.015224608278,6.40862132918182,211.891394746236));
#9598=CARTESIAN_POINT('Ctrl Pts',(271.995027745995,6.31858925136729,211.895679415996));
#9599=CARTESIAN_POINT('Ctrl Pts',(271.954107822902,6.14046582679483,211.907858335646));
#9600=CARTESIAN_POINT('Ctrl Pts',(271.911255961315,5.96614948899847,211.92673252697));
#9601=CARTESIAN_POINT('Ctrl Pts',(271.889131447507,5.87992612921985,211.9377203062));
#9602=CARTESIAN_POINT('Ctrl Pts',(271.85457496809,5.75193177442786,211.95616011433));
#9603=CARTESIAN_POINT('Ctrl Pts',(271.818430963584,5.62605362910538,211.977221088565));
#9604=CARTESIAN_POINT('Ctrl Pts',(271.806229491885,5.58433466448679,211.98451443358));
#9605=CARTESIAN_POINT('Ctrl Pts',(271.781604110719,5.50139625430128,211.999620524309));
#9606=CARTESIAN_POINT('Ctrl Pts',(271.756684981775,5.41950284542694,212.015730215378));
#9607=CARTESIAN_POINT('Ctrl Pts',(271.744189915353,5.37882881360119,212.024027103502));
#9608=CARTESIAN_POINT('Ctrl Pts',(271.719189506752,5.29805339409017,212.041096016041));
#9609=CARTESIAN_POINT('Ctrl Pts',(271.694183666999,5.21847197997286,212.059107701757));
#9610=CARTESIAN_POINT('Ctrl Pts',(271.681684173642,5.17899187008347,212.068347346694));
#9611=CARTESIAN_POINT('Ctrl Pts',(271.656647174067,5.10067398506938,212.087295464312));
#9612=CARTESIAN_POINT('Ctrl Pts',(271.631390999564,5.02365011110784,212.107183839929));
#9613=CARTESIAN_POINT('Ctrl Pts',(271.618672751477,4.98546418159533,212.117363755956));
#9614=CARTESIAN_POINT('Ctrl Pts',(271.580110960138,4.87186392120911,212.148612796541));
#9615=CARTESIAN_POINT('Ctrl Pts',(271.540074391088,4.76097456896773,212.181977088765));
#9616=CARTESIAN_POINT('Ctrl Pts',(271.512472427962,4.68811636804425,212.205154881135));
#9617=CARTESIAN_POINT('Ctrl Pts',(271.455801536207,4.54387514773722,212.253223803432));
#9618=CARTESIAN_POINT('Ctrl Pts',(271.397460183452,4.40200554867886,212.305010485459));
#9619=CARTESIAN_POINT('Ctrl Pts',(271.368186543769,4.33150822294146,212.331893405876));
#9620=CARTESIAN_POINT('Ctrl Pts',(271.309848104982,4.19163886514042,212.388207537523));
#9621=CARTESIAN_POINT('Ctrl Pts',(271.2516203244,4.05578485999299,212.450086954659));
#9622=CARTESIAN_POINT('Ctrl Pts',(271.222475797589,3.98928160862699,212.482551727143));
#9623=CARTESIAN_POINT('Ctrl Pts',(271.1637153579,3.86050843553452,212.550089398405));
#9624=CARTESIAN_POINT('Ctrl Pts',(271.104395698147,3.74095592856203,212.622126857214));
#9625=CARTESIAN_POINT('Ctrl Pts',(271.074614943739,3.6836775526133,212.659060300416));
#9626=CARTESIAN_POINT('Ctrl Pts',(271.016157104413,3.57346756510143,212.735162435825));
#9627=CARTESIAN_POINT('Ctrl Pts',(270.958451891639,3.46753385240859,212.815606465351));
#9628=CARTESIAN_POINT('Ctrl Pts',(270.92922463402,3.41414538332841,212.856959779147));
#9629=CARTESIAN_POINT('Ctrl Pts',(270.843314865625,3.25288645596063,212.985055536288));
#9630=CARTESIAN_POINT('Ctrl Pts',(270.768566432666,3.09187483542024,213.125138112346));
#9631=CARTESIAN_POINT('Ctrl Pts',(270.727343141093,2.98434087662084,213.22566540498));
#9632=CARTESIAN_POINT('Ctrl Pts',(270.596754178386,2.65102031580182,213.534529113897));
#9633=CARTESIAN_POINT('Ctrl Pts',(270.466528846072,2.31519544137503,213.853595376925));
#9634=CARTESIAN_POINT('Ctrl Pts',(270.380673158459,2.09793657591076,214.067065949948));
#9635=CARTESIAN_POINT('Ctrl Pts',(270.296108887101,1.88204331648212,214.287429497973));
#9636=CARTESIAN_POINT('Ctrl Pts',(270.212485829724,1.66915357726097,214.512542256741));
#9637=CARTESIAN_POINT('Ctrl Pts',(272.418312327103,12.804586812351,214.899240174015));
#9638=CARTESIAN_POINT('Ctrl Pts',(272.435298316646,12.5926493392854,214.687586707656));
#9639=CARTESIAN_POINT('Ctrl Pts',(272.455760050562,12.3787938754024,214.482876264995));
#9640=CARTESIAN_POINT('Ctrl Pts',(272.480831595325,12.1621403730991,214.286679977355));
#9641=CARTESIAN_POINT('Ctrl Pts',(272.523892972486,11.8217117251682,214.001996359246));
#9642=CARTESIAN_POINT('Ctrl Pts',(272.566908992248,11.4515095550946,213.733472382403));
#9643=CARTESIAN_POINT('Ctrl Pts',(272.580839776182,11.3245470296755,213.64596638891));
#9644=CARTESIAN_POINT('Ctrl Pts',(272.607248938841,11.0632649949318,213.47566408641));
#9645=CARTESIAN_POINT('Ctrl Pts',(272.629423463971,10.7875239498322,213.315483447558));
#9646=CARTESIAN_POINT('Ctrl Pts',(272.639079020321,10.6462425105615,213.238097714137));
#9647=CARTESIAN_POINT('Ctrl Pts',(272.650950105071,10.4292880577001,213.126372903345));
#9648=CARTESIAN_POINT('Ctrl Pts',(272.65781447204,10.2076250948164,213.021102203089));
#9649=CARTESIAN_POINT('Ctrl Pts',(272.659455484647,10.1334821139765,212.986684266642));
#9650=CARTESIAN_POINT('Ctrl Pts',(272.662105034432,9.98201778362337,212.919197760819));
#9651=CARTESIAN_POINT('Ctrl Pts',(272.662585524686,9.82753448788704,212.854814789542));
#9652=CARTESIAN_POINT('Ctrl Pts',(272.662243725284,9.74965050552775,212.823449574581));
#9653=CARTESIAN_POINT('Ctrl Pts',(272.660351991757,9.59264888268086,212.762436168289));
#9654=CARTESIAN_POINT('Ctrl Pts',(272.655979431091,9.43317630642037,212.704937885569));
#9655=CARTESIAN_POINT('Ctrl Pts',(272.653158233975,9.35281990496734,212.677088783679));
#9656=CARTESIAN_POINT('Ctrl Pts',(272.647962675214,9.2313684847439,212.636695140782));
#9657=CARTESIAN_POINT('Ctrl Pts',(272.641290683732,9.10852639417115,212.598377351369));
#9658=CARTESIAN_POINT('Ctrl Pts',(272.638901182878,9.06742413951359,212.58583614804));
#9659=CARTESIAN_POINT('Ctrl Pts',(272.633789865819,8.9849164212253,212.561220821174));
#9660=CARTESIAN_POINT('Ctrl Pts',(272.62801337982,8.90181410255727,212.537550871614));
#9661=CARTESIAN_POINT('Ctrl Pts',(272.624958703208,8.86011720214364,212.525955032198));
#9662=CARTESIAN_POINT('Ctrl Pts',(272.618517133795,8.77643452203642,212.503247815926));
#9663=CARTESIAN_POINT('Ctrl Pts',(272.611416620723,8.69216891227627,212.48152783419));
#9664=CARTESIAN_POINT('Ctrl Pts',(272.607702942804,8.64988916292282,212.470919163005));
#9665=CARTESIAN_POINT('Ctrl Pts',(272.599953846348,8.56502874037895,212.450217211942));
#9666=CARTESIAN_POINT('Ctrl Pts',(272.591570438516,8.47954519064695,212.430573296392));
#9667=CARTESIAN_POINT('Ctrl Pts',(272.587222436731,8.43664236058674,212.421022628874));
#9668=CARTESIAN_POINT('Ctrl Pts',(272.578217072566,8.35050036300307,212.402477229084));
#9669=CARTESIAN_POINT('Ctrl Pts',(272.568587957076,8.26365923645537,212.385058554962));
#9670=CARTESIAN_POINT('Ctrl Pts',(272.563616294162,8.22005727380986,212.376634716533));
#9671=CARTESIAN_POINT('Ctrl Pts',(272.553350738031,8.13247869948843,212.360359857744));
#9672=CARTESIAN_POINT('Ctrl Pts',(272.542418791394,8.04413669389909,212.345228374933));
#9673=CARTESIAN_POINT('Ctrl Pts',(272.536780754757,7.99977130846317,212.337947920333));
#9674=CARTESIAN_POINT('Ctrl Pts',(272.519330109496,7.86608816604676,212.316956853374));
#9675=CARTESIAN_POINT('Ctrl Pts',(272.500206737619,7.73067564123518,212.298493395782));
#9676=CARTESIAN_POINT('Ctrl Pts',(272.48665744602,7.63965802543242,212.287285712039));
#9677=CARTESIAN_POINT('Ctrl Pts',(272.457844410912,7.45637094538432,212.267017785931));
#9678=CARTESIAN_POINT('Ctrl Pts',(272.425602588849,7.27137946245951,212.251075064497));
#9679=CARTESIAN_POINT('Ctrl Pts',(272.408622459703,7.17865278105771,212.244192218886));
#9680=CARTESIAN_POINT('Ctrl Pts',(272.373034256644,6.99332368476073,212.232629999228));
#9681=CARTESIAN_POINT('Ctrl Pts',(272.334463446125,6.8093960792445,212.225548676026));
#9682=CARTESIAN_POINT('Ctrl Pts',(272.314499728846,6.7180694982311,212.223147341586));
#9683=CARTESIAN_POINT('Ctrl Pts',(272.273400926579,6.53719924484693,212.22070987555));
#9684=CARTESIAN_POINT('Ctrl Pts',(272.230200462347,6.36047732991293,212.223252242455));
#9685=CARTESIAN_POINT('Ctrl Pts',(272.208138508599,6.27330329772862,212.225829527511));
#9686=CARTESIAN_POINT('Ctrl Pts',(272.163100447053,6.10138709515795,212.233732038671));
#9687=CARTESIAN_POINT('Ctrl Pts',(272.11618553725,5.93412630837175,212.247170936149));
#9688=CARTESIAN_POINT('Ctrl Pts',(272.092247121489,5.8516098267281,212.255288686967));
#9689=CARTESIAN_POINT('Ctrl Pts',(272.055634939295,5.72934182179098,212.269476072822));
#9690=CARTESIAN_POINT('Ctrl Pts',(272.018158257893,5.60927518128419,212.286423645045));
#9691=CARTESIAN_POINT('Ctrl Pts',(272.005580098358,5.56949384751254,212.292365879162));
#9692=CARTESIAN_POINT('Ctrl Pts',(271.980279055863,5.49041474363107,212.304805362174));
#9693=CARTESIAN_POINT('Ctrl Pts',(271.954738097075,5.41231168311526,212.318309233015));
#9694=CARTESIAN_POINT('Ctrl Pts',(271.941920024108,5.37350634408955,212.325315734525));
#9695=CARTESIAN_POINT('Ctrl Pts',(271.916210029452,5.29639350478735,212.339824320738));
#9696=CARTESIAN_POINT('Ctrl Pts',(271.890370110811,5.22026956294723,212.355325356132));
#9697=CARTESIAN_POINT('Ctrl Pts',(271.877422256994,5.18245331367291,212.36332405225));
#9698=CARTESIAN_POINT('Ctrl Pts',(271.851467268553,5.1072998714583,212.379831996677));
#9699=CARTESIAN_POINT('Ctrl Pts',(271.825361128941,5.03306747126555,212.397392462925));
#9700=CARTESIAN_POINT('Ctrl Pts',(271.812262302407,4.99617228543131,212.406443790736));
#9701=CARTESIAN_POINT('Ctrl Pts',(271.772785298677,4.88611587525711,212.434432555171));
#9702=CARTESIAN_POINT('Ctrl Pts',(271.732629945165,4.77784573601533,212.464960119493));
#9703=CARTESIAN_POINT('Ctrl Pts',(271.705431998876,4.70637541943177,212.486467445985));
#9704=CARTESIAN_POINT('Ctrl Pts',(271.649980102513,4.56458891445143,212.531841654613));
#9705=CARTESIAN_POINT('Ctrl Pts',(271.592457194611,4.42519852487511,212.581839627843));
#9706=CARTESIAN_POINT('Ctrl Pts',(271.563182328239,4.35611941949443,212.607968169153));
#9707=CARTESIAN_POINT('Ctrl Pts',(271.503815475347,4.2196380134906,212.662345892361));
#9708=CARTESIAN_POINT('Ctrl Pts',(271.443408661956,4.08788302761929,212.720626065742));
#9709=CARTESIAN_POINT('Ctrl Pts',(271.41309709991,4.02352177935112,212.750660981062));
#9710=CARTESIAN_POINT('Ctrl Pts',(271.352584257195,3.89866691544339,212.812265064887));
#9711=CARTESIAN_POINT('Ctrl Pts',(271.293168380593,3.78167527706618,212.877152332111));
#9712=CARTESIAN_POINT('Ctrl Pts',(271.263896428304,3.72517219675207,212.910438217137));
#9713=CARTESIAN_POINT('Ctrl Pts',(271.207194786321,3.61551228622865,212.97940765978));
#9714=CARTESIAN_POINT('Ctrl Pts',(271.156430819718,3.5095335613129,213.055535043863));
#9715=CARTESIAN_POINT('Ctrl Pts',(271.132103257661,3.45617584420887,213.095614794262));
#9716=CARTESIAN_POINT('Ctrl Pts',(271.057638224001,3.29310638261369,213.219156134126));
#9717=CARTESIAN_POINT('Ctrl Pts',(270.987614961126,3.1269735252833,213.354123562172));
#9718=CARTESIAN_POINT('Ctrl Pts',(270.94594374769,3.01712000143853,213.448784030746));
#9719=CARTESIAN_POINT('Ctrl Pts',(270.824435686954,2.68391464104063,213.743280554539));
#9720=CARTESIAN_POINT('Ctrl Pts',(270.706125409188,2.34725903130919,214.056712172883));
#9721=CARTESIAN_POINT('Ctrl Pts',(270.624188268082,2.12676819692643,214.265833563507));
#9722=CARTESIAN_POINT('Ctrl Pts',(270.543413209881,1.9088674584189,214.481185954654));
#9723=CARTESIAN_POINT('Ctrl Pts',(270.462913176303,1.69397849406551,214.701241842093));
#9724=CARTESIAN_POINT('Ctrl Pts',(272.665230074764,12.7027428047041,215.112680678125));
#9725=CARTESIAN_POINT('Ctrl Pts',(272.682191532343,12.4888061143218,214.906887554069));
#9726=CARTESIAN_POINT('Ctrl Pts',(272.702225962452,12.2721858210496,214.707943796704));
#9727=CARTESIAN_POINT('Ctrl Pts',(272.725967390148,12.0514071448181,214.516779494268));
#9728=CARTESIAN_POINT('Ctrl Pts',(272.765300076201,11.7059465922373,214.24017063414));
#9729=CARTESIAN_POINT('Ctrl Pts',(272.803872020797,11.3337048512143,213.980911261943));
#9730=CARTESIAN_POINT('Ctrl Pts',(272.816313922839,11.2063663959445,213.896544148639));
#9731=CARTESIAN_POINT('Ctrl Pts',(272.839748732555,10.9450687938697,213.732536037687));
#9732=CARTESIAN_POINT('Ctrl Pts',(272.859010928556,10.6709085255575,213.578663571512));
#9733=CARTESIAN_POINT('Ctrl Pts',(272.86734232456,10.5304665728564,213.504449681315));
#9734=CARTESIAN_POINT('Ctrl Pts',(272.877051227136,10.3166266007781,213.397402130349));
#9735=CARTESIAN_POINT('Ctrl Pts',(272.882617117116,10.0965452034313,213.296763905235));
#9736=CARTESIAN_POINT('Ctrl Pts',(272.884112258322,10.0220298823485,213.263946683688));
#9737=CARTESIAN_POINT('Ctrl Pts',(272.885923952776,9.87236872999156,213.199838715623));
#9738=CARTESIAN_POINT('Ctrl Pts',(272.885716884758,9.71994961526086,213.13884517076));
#9739=CARTESIAN_POINT('Ctrl Pts',(272.88507421356,9.64314076872382,213.109169546757));
#9740=CARTESIAN_POINT('Ctrl Pts',(272.882648902332,9.48843962035808,213.051522823866));
#9741=CARTESIAN_POINT('Ctrl Pts',(272.877881396069,9.33140313023703,212.997308911533));
#9742=CARTESIAN_POINT('Ctrl Pts',(272.874892351666,9.25225231661219,212.971060843851));
#9743=CARTESIAN_POINT('Ctrl Pts',(272.869514050453,9.13248988522479,212.933005809942));
#9744=CARTESIAN_POINT('Ctrl Pts',(272.862831341461,9.01142079047521,212.897098410536));
#9745=CARTESIAN_POINT('Ctrl Pts',(272.860460364192,8.97092953977574,212.885375924474));
#9746=CARTESIAN_POINT('Ctrl Pts',(272.855429361588,8.88968194545405,212.862430915028));
#9747=CARTESIAN_POINT('Ctrl Pts',(272.849814612855,8.80788581217168,212.840491812153));
#9748=CARTESIAN_POINT('Ctrl Pts',(272.846859933181,8.7668464130016,212.829775390373));
#9749=CARTESIAN_POINT('Ctrl Pts',(272.8406544602,8.68447159101382,212.808852638601));
#9750=CARTESIAN_POINT('Ctrl Pts',(272.83386357772,8.60149393968511,212.788974802196));
#9751=CARTESIAN_POINT('Ctrl Pts',(272.830323379579,8.55985136989803,212.779303101236));
#9752=CARTESIAN_POINT('Ctrl Pts',(272.822961499242,8.47625969526079,212.760514387102));
#9753=CARTESIAN_POINT('Ctrl Pts',(272.815058257041,8.39205590408317,212.742887082876));
#9754=CARTESIAN_POINT('Ctrl Pts',(272.810976497477,8.34980122286537,212.734376495375));
#9755=CARTESIAN_POINT('Ctrl Pts',(272.802566727749,8.26498388711458,212.717993738892));
#9756=CARTESIAN_POINT('Ctrl Pts',(272.793670886039,8.1795222837321,212.702924378981));
#9757=CARTESIAN_POINT('Ctrl Pts',(272.78910313104,8.13662368844935,212.695727289337));
#9758=CARTESIAN_POINT('Ctrl Pts',(272.779716806944,8.05046542266869,212.682007579889));
#9759=CARTESIAN_POINT('Ctrl Pts',(272.769749982244,7.96354475946622,212.66955668962));
#9760=CARTESIAN_POINT('Ctrl Pts',(272.764602350603,7.91988370722484,212.663629279621));
#9761=CARTESIAN_POINT('Ctrl Pts',(272.748566488291,7.7882812096649,212.646623857308));
#9762=CARTESIAN_POINT('Ctrl Pts',(272.730462630532,7.65485804441586,212.631606628178));
#9763=CARTESIAN_POINT('Ctrl Pts',(272.717196995358,7.56512862143437,212.622147111224));
#9764=CARTESIAN_POINT('Ctrl Pts',(272.688055084398,7.38448962658528,212.604102215778));
#9765=CARTESIAN_POINT('Ctrl Pts',(272.654391026669,7.20231696788975,212.588842182016));
#9766=CARTESIAN_POINT('Ctrl Pts',(272.636592306197,7.11106110581701,212.582150884214));
#9767=CARTESIAN_POINT('Ctrl Pts',(272.599568584272,6.92854792325871,212.571370100493));
#9768=CARTESIAN_POINT('Ctrl Pts',(272.559501518748,6.74732005534434,212.565110293486));
#9769=CARTESIAN_POINT('Ctrl Pts',(272.538676509971,6.65734191932323,212.562968158635));
#9770=CARTESIAN_POINT('Ctrl Pts',(272.495011961227,6.4797380460877,212.559601300268));
#9771=CARTESIAN_POINT('Ctrl Pts',(272.447620008588,6.30766114190037,212.558080205633));
#9772=CARTESIAN_POINT('Ctrl Pts',(272.423049471079,6.22322727756939,212.557750236834));
#9773=CARTESIAN_POINT('Ctrl Pts',(272.37284477507,6.05718178754328,212.558999260104));
#9774=CARTESIAN_POINT('Ctrl Pts',(272.321288362965,5.89602648457271,212.565209726226));
#9775=CARTESIAN_POINT('Ctrl Pts',(272.295373195892,5.81647792968258,212.569854587596));
#9776=CARTESIAN_POINT('Ctrl Pts',(272.256310115066,5.69859643413014,212.579042528154));
#9777=CARTESIAN_POINT('Ctrl Pts',(272.216946107385,5.58280782232515,212.591320681695));
#9778=CARTESIAN_POINT('Ctrl Pts',(272.203790654279,5.54443963210684,212.595744080357));
#9779=CARTESIAN_POINT('Ctrl Pts',(272.177408898402,5.46814977892219,212.605225328076));
#9780=CARTESIAN_POINT('Ctrl Pts',(272.150884056062,5.39274635913297,212.615925952834));
#9781=CARTESIAN_POINT('Ctrl Pts',(272.137585498516,5.35526439472679,212.621568870993));
#9782=CARTESIAN_POINT('Ctrl Pts',(272.110916793206,5.28074685255633,212.633414093885));
#9783=CARTESIAN_POINT('Ctrl Pts',(272.084114658516,5.2071438121634,212.646351507611));
#9784=CARTESIAN_POINT('Ctrl Pts',(272.070682600528,5.17057601724858,212.653086691824));
#9785=CARTESIAN_POINT('Ctrl Pts',(272.043766474635,5.09791835859913,212.66709385521));
#9786=CARTESIAN_POINT('Ctrl Pts',(272.016776544004,5.02617046892322,212.682266879589));
#9787=CARTESIAN_POINT('Ctrl Pts',(272.003270396323,4.99051334705929,212.69016677007));
#9788=CARTESIAN_POINT('Ctrl Pts',(271.96274883075,4.88410016566299,212.714944416962));
#9789=CARTESIAN_POINT('Ctrl Pts',(271.922241443925,4.77902989583509,212.743339791323));
#9790=CARTESIAN_POINT('Ctrl Pts',(271.89528469716,4.70925427479013,212.764270360659));
#9791=CARTESIAN_POINT('Ctrl Pts',(271.841024965923,4.56994213008898,212.810011038835));
#9792=CARTESIAN_POINT('Ctrl Pts',(271.785242176384,4.43203613761212,212.861818285148));
#9793=CARTESIAN_POINT('Ctrl Pts',(271.756763019687,4.36363853104924,212.888842083));
#9794=CARTESIAN_POINT('Ctrl Pts',(271.698581607846,4.22872835572609,212.944324884899));
#9795=CARTESIAN_POINT('Ctrl Pts',(271.638850953672,4.09883463753027,213.002107081521));
#9796=CARTESIAN_POINT('Ctrl Pts',(271.608813453919,4.03545942595921,213.031415337613));
#9797=CARTESIAN_POINT('Ctrl Pts',(271.549110395773,3.91231212369509,213.090893495774));
#9798=CARTESIAN_POINT('Ctrl Pts',(271.491312589077,3.7958829819743,213.152893941527));
#9799=CARTESIAN_POINT('Ctrl Pts',(271.463159931107,3.73925140476786,213.184697339651));
#9800=CARTESIAN_POINT('Ctrl Pts',(271.409212274743,3.62821051520165,213.250906936108));
#9801=CARTESIAN_POINT('Ctrl Pts',(271.358624802562,3.51971139952054,213.322133468111));
#9802=CARTESIAN_POINT('Ctrl Pts',(271.334488978241,3.46602548711646,213.359171319969));
#9803=CARTESIAN_POINT('Ctrl Pts',(271.265416259355,3.30522794022057,213.474958009964));
#9804=CARTESIAN_POINT('Ctrl Pts',(271.201714761413,3.1421581679088,213.602576628558));
#9805=CARTESIAN_POINT('Ctrl Pts',(271.160910797346,3.03194587221708,213.692045825609));
#9806=CARTESIAN_POINT('Ctrl Pts',(271.043756151361,2.7005727022925,213.970700104756));
#9807=CARTESIAN_POINT('Ctrl Pts',(270.933059395034,2.36661738095572,214.272497093406));
#9808=CARTESIAN_POINT('Ctrl Pts',(270.856457354208,2.14543790427973,214.47715950738));
#9809=CARTESIAN_POINT('Ctrl Pts',(270.779805476064,1.92692528216445,214.687169258785));
#9810=CARTESIAN_POINT('Ctrl Pts',(270.702851738129,1.71115294657671,214.901998186298));
#9811=CARTESIAN_POINT('Ctrl Pts',(272.788537598866,12.6514974132494,215.221997117636));
#9812=CARTESIAN_POINT('Ctrl Pts',(272.805415024352,12.4365092379112,215.019056957434));
#9813=CARTESIAN_POINT('Ctrl Pts',(272.825152033014,12.2185176517626,214.822930091171));
#9814=CARTESIAN_POINT('Ctrl Pts',(272.848182242714,11.9959540325017,214.634396275128));
#9815=CARTESIAN_POINT('Ctrl Pts',(272.885799505589,11.6482312986031,214.361955900977));
#9816=CARTESIAN_POINT('Ctrl Pts',(272.922309475826,11.2750655619848,214.107333941812));
#9817=CARTESIAN_POINT('Ctrl Pts',(272.934057807621,11.147605667559,214.024574111751));
#9818=CARTESIAN_POINT('Ctrl Pts',(272.956106097868,10.8863986911494,213.863770796114));
#9819=CARTESIAN_POINT('Ctrl Pts',(272.974072830809,10.6129748787342,213.713095867634));
#9820=CARTESIAN_POINT('Ctrl Pts',(272.981738177322,10.473297809366,213.64047641622));
#9821=CARTESIAN_POINT('Ctrl Pts',(272.990809400171,10.2597748097947,213.535765209239));
#9822=CARTESIAN_POINT('Ctrl Pts',(272.99589910596,10.0402980982293,213.437610657213));
#9823=CARTESIAN_POINT('Ctrl Pts',(272.997133571619,9.96648229176117,213.405634579099));
#9824=CARTESIAN_POINT('Ctrl Pts',(272.998645252377,9.81756103699218,213.343211369463));
#9825=CARTESIAN_POINT('Ctrl Pts',(272.99815313803,9.66617797440804,213.28395012312));
#9826=CARTESIAN_POINT('Ctrl Pts',(272.997384511305,9.58990044513077,213.255136522917));
#9827=CARTESIAN_POINT('Ctrl Pts',(272.994751289017,9.43620917784699,213.199183323899));
#9828=CARTESIAN_POINT('Ctrl Pts',(272.98987101101,9.2801248664235,213.146625141605));
#9829=CARTESIAN_POINT('Ctrl Pts',(272.986850792164,9.20143990021891,213.121198475908));
#9830=CARTESIAN_POINT('Ctrl Pts',(272.981479922141,9.08248279294153,213.084420084727));
#9831=CARTESIAN_POINT('Ctrl Pts',(272.974864303419,8.96229025743321,213.049815771586));
#9832=CARTESIAN_POINT('Ctrl Pts',(272.97252117279,8.92209480827659,213.038528583543));
#9833=CARTESIAN_POINT('Ctrl Pts',(272.967553610012,8.84143329723181,213.016450064892));
#9834=CARTESIAN_POINT('Ctrl Pts',(272.96201130008,8.76019778568153,212.995359907721));
#9835=CARTESIAN_POINT('Ctrl Pts',(272.959093424146,8.71942857655855,212.985061134558));
#9836=CARTESIAN_POINT('Ctrl Pts',(272.9529588935,8.63756860411378,212.964955166488));
#9837=CARTESIAN_POINT('Ctrl Pts',(272.946222479844,8.5550535938868,212.94584311084));
#9838=CARTESIAN_POINT('Ctrl Pts',(272.942702525953,8.51362932753923,212.93653794845));
#9839=CARTESIAN_POINT('Ctrl Pts',(272.935360555195,8.43045147313363,212.918441538457));
#9840=CARTESIAN_POINT('Ctrl Pts',(272.927411286668,8.34666350174477,212.901393819404));
#9841=CARTESIAN_POINT('Ctrl Pts',(272.923287873493,8.30462587974161,212.893142612266));
#9842=CARTESIAN_POINT('Ctrl Pts',(272.914706112525,8.22033500837785,212.877149006821));
#9843=CARTESIAN_POINT('Ctrl Pts',(272.905473453969,8.1358066341439,212.862235605828));
#9844=CARTESIAN_POINT('Ctrl Pts',(272.900663857705,8.09357260589671,212.855016422233));
#9845=CARTESIAN_POINT('Ctrl Pts',(272.891312111677,8.00865599519939,212.841970034661));
#9846=CARTESIAN_POINT('Ctrl Pts',(272.882181767562,7.92263512538062,212.831295689658));
#9847=CARTESIAN_POINT('Ctrl Pts',(272.87756986803,7.87932962930059,212.826416315007));
#9848=CARTESIAN_POINT('Ctrl Pts',(272.86304933138,7.74873481899315,212.812420714068));
#9849=CARTESIAN_POINT('Ctrl Pts',(272.845947862552,7.61614730972567,212.799681817339));
#9850=CARTESIAN_POINT('Ctrl Pts',(272.832788198227,7.52697996899957,212.790956814609));
#9851=CARTESIAN_POINT('Ctrl Pts',(272.802793925268,7.34749816329645,212.772864438636));
#9852=CARTESIAN_POINT('Ctrl Pts',(272.766999120474,7.16692490402471,212.755613512643));
#9853=CARTESIAN_POINT('Ctrl Pts',(272.747533992887,7.07689979014798,212.74687620275));
#9854=CARTESIAN_POINT('Ctrl Pts',(272.709900854808,6.89955430827982,212.735123111995));
#9855=CARTESIAN_POINT('Ctrl Pts',(272.670925638958,6.71684883610221,212.732989635607));
#9856=CARTESIAN_POINT('Ctrl Pts',(272.650186375402,6.62734498326064,212.731760730312));
#9857=CARTESIAN_POINT('Ctrl Pts',(272.60592834411,6.45033746566368,212.729224088095));
#9858=CARTESIAN_POINT('Ctrl Pts',(272.556033818447,6.28066036879239,212.724901804498));
#9859=CARTESIAN_POINT('Ctrl Pts',(272.529651288509,6.19801941307679,212.722074845482));
#9860=CARTESIAN_POINT('Ctrl Pts',(272.476472171858,6.03553136711485,212.718936589707));
#9861=CARTESIAN_POINT('Ctrl Pts',(272.422351182699,5.87757503749839,212.721028786479));
#9862=CARTESIAN_POINT('Ctrl Pts',(272.396842733682,5.79851108237653,212.726182124908));
#9863=CARTESIAN_POINT('Ctrl Pts',(272.357064418277,5.68182926523381,212.734090408608));
#9864=CARTESIAN_POINT('Ctrl Pts',(272.317049536285,5.5676602195571,212.744741021746));
#9865=CARTESIAN_POINT('Ctrl Pts',(272.303687580315,5.52992302181567,212.748563180101));
#9866=CARTESIAN_POINT('Ctrl Pts',(272.276934410772,5.45516138922792,212.756705181336));
#9867=CARTESIAN_POINT('Ctrl Pts',(272.250049696942,5.38102212054259,212.766279856386));
#9868=CARTESIAN_POINT('Ctrl Pts',(272.236559833688,5.34392467193531,212.771527936694));
#9869=CARTESIAN_POINT('Ctrl Pts',(272.209494466577,5.269976397226,212.782717570947));
#9870=CARTESIAN_POINT('Ctrl Pts',(272.18225137835,5.19667354834791,212.795147686038));
#9871=CARTESIAN_POINT('Ctrl Pts',(272.168583644596,5.16023332175749,212.801627232653));
#9872=CARTESIAN_POINT('Ctrl Pts',(272.141159485948,5.08783827478548,212.815068904587));
#9873=CARTESIAN_POINT('Ctrl Pts',(272.113519311352,5.01676317097137,212.829159526855));
#9874=CARTESIAN_POINT('Ctrl Pts',(272.099650835669,4.98158741475647,212.836351858626));
#9875=CARTESIAN_POINT('Ctrl Pts',(272.057563391756,4.87850500189356,212.856869087895));
#9876=CARTESIAN_POINT('Ctrl Pts',(272.015633706824,4.77894593609794,212.879359624538));
#9877=CARTESIAN_POINT('Ctrl Pts',(271.989717171879,4.70890931128331,212.901975219549));
#9878=CARTESIAN_POINT('Ctrl Pts',(271.936921829351,4.57028495878149,212.949255067967));
#9879=CARTESIAN_POINT('Ctrl Pts',(271.882716836035,4.432900564242,213.002654342125));
#9880=CARTESIAN_POINT('Ctrl Pts',(271.854959034397,4.36487904901239,213.03022944769));
#9881=CARTESIAN_POINT('Ctrl Pts',(271.798162537132,4.2307923759301,213.086475039955));
#9882=CARTESIAN_POINT('Ctrl Pts',(271.739752350282,4.10165470637599,213.144422684132));
#9883=CARTESIAN_POINT('Ctrl Pts',(271.710376197124,4.03857637181677,213.173702137982));
#9884=CARTESIAN_POINT('Ctrl Pts',(271.652028284906,3.91569082632307,213.233023385478));
#9885=CARTESIAN_POINT('Ctrl Pts',(271.595514713372,3.7989178109311,213.294554780149));
#9886=CARTESIAN_POINT('Ctrl Pts',(271.567980680289,3.74196194770977,213.326043973771));
#9887=CARTESIAN_POINT('Ctrl Pts',(271.51468167203,3.63022143427747,213.390997215962));
#9888=CARTESIAN_POINT('Ctrl Pts',(271.464968007305,3.52143787367295,213.460474350729));
#9889=CARTESIAN_POINT('Ctrl Pts',(271.441022578098,3.46743501507756,213.496493521662));
#9890=CARTESIAN_POINT('Ctrl Pts',(271.371580795319,3.3057019217353,213.608449133513));
#9891=CARTESIAN_POINT('Ctrl Pts',(271.308536274769,3.14365014302078,213.73164928308));
#9892=CARTESIAN_POINT('Ctrl Pts',(271.268678398116,3.03449151295192,213.818368536874));
#9893=CARTESIAN_POINT('Ctrl Pts',(271.153396328568,2.70527717028645,214.089038345127));
#9894=CARTESIAN_POINT('Ctrl Pts',(271.044986587236,2.37262392079519,214.384521278457));
#9895=CARTESIAN_POINT('Ctrl Pts',(270.970778241072,2.15191849455755,214.586221063607));
#9896=CARTESIAN_POINT('Ctrl Pts',(270.89605527298,1.93347294383532,214.793361512368));
#9897=CARTESIAN_POINT('Ctrl Pts',(270.82082840632,1.71756219868221,215.005460663941));
#9898=CARTESIAN_POINT('Ctrl Pts',(272.911656357797,12.5999481847986,215.333860428666));
#9899=CARTESIAN_POINT('Ctrl Pts',(272.928397872541,12.3838964564811,215.13373749684));
#9900=CARTESIAN_POINT('Ctrl Pts',(272.947788475936,12.1645779993931,214.940410396419));
#9901=CARTESIAN_POINT('Ctrl Pts',(272.970102427935,11.940388820733,214.754558427604));
#9902=CARTESIAN_POINT('Ctrl Pts',(273.006111981026,11.5906693903999,214.486403718863));
#9903=CARTESIAN_POINT('Ctrl Pts',(273.040736563067,11.2166964014066,214.236489795378));
#9904=CARTESIAN_POINT('Ctrl Pts',(273.051850247581,11.0891222780713,214.155342277222));
#9905=CARTESIAN_POINT('Ctrl Pts',(273.072646336713,10.8280046466679,213.997791915766));
#9906=CARTESIAN_POINT('Ctrl Pts',(273.08947941361,10.5552377218002,213.850408748198));
#9907=CARTESIAN_POINT('Ctrl Pts',(273.096627907491,10.4160161058039,213.779436196845));
#9908=CARTESIAN_POINT('Ctrl Pts',(273.105058133764,10.2032324767671,213.677219905036));
#9909=CARTESIAN_POINT('Ctrl Pts',(273.109687684787,9.98468640161322,213.581649547378));
#9910=CARTESIAN_POINT('Ctrl Pts',(273.110787887595,9.91120769401563,213.550547357259));
#9911=CARTESIAN_POINT('Ctrl Pts',(273.112065823726,9.76302150905926,213.489895243151));
#9912=CARTESIAN_POINT('Ctrl Pts',(273.11141901929,9.61245636080682,213.432441066942));
#9913=CARTESIAN_POINT('Ctrl Pts',(273.110594876602,9.53659924940794,213.404537242657));
#9914=CARTESIAN_POINT('Ctrl Pts',(273.107904460331,9.38375059451048,213.350415212306));
#9915=CARTESIAN_POINT('Ctrl Pts',(273.103086838712,9.22857843414698,213.299742685998));
#9916=CARTESIAN_POINT('Ctrl Pts',(273.100133674359,9.15039239156638,213.275285292401));
#9917=CARTESIAN_POINT('Ctrl Pts',(273.09489941212,9.0322383494809,213.239983478331));
#9918=CARTESIAN_POINT('Ctrl Pts',(273.088453148422,8.91281904705101,213.206841459275));
#9919=CARTESIAN_POINT('Ctrl Pts',(273.086169295404,8.8728737020453,213.196038320819));
#9920=CARTESIAN_POINT('Ctrl Pts',(273.08132772386,8.79269994372076,213.174924033089));
#9921=CARTESIAN_POINT('Ctrl Pts',(273.075929834518,8.71194172998775,213.154798028734));
#9922=CARTESIAN_POINT('Ctrl Pts',(273.073089680777,8.67141207653761,213.144983224013));
#9923=CARTESIAN_POINT('Ctrl Pts',(273.067122690016,8.5900413874759,213.125852101939));
#9924=CARTESIAN_POINT('Ctrl Pts',(273.060578435487,8.50804750222196,213.107731647549));
#9925=CARTESIAN_POINT('Ctrl Pts',(273.057161013292,8.46689450971293,213.098927484987));
#9926=CARTESIAN_POINT('Ctrl Pts',(273.050035576125,8.38428631706529,213.08184237026));
#9927=CARTESIAN_POINT('Ctrl Pts',(273.042335681038,8.30111902586809,213.065839230635));
#9928=CARTESIAN_POINT('Ctrl Pts',(273.038344973503,8.25940503646725,213.058118615137));
#9929=CARTESIAN_POINT('Ctrl Pts',(273.030079567883,8.17576557375628,213.043251232074));
#9930=CARTESIAN_POINT('Ctrl Pts',(273.021331371574,8.09171386263228,213.029681358215));
#9931=CARTESIAN_POINT('Ctrl Pts',(273.016851964174,8.04959556590184,213.023250203463));
#9932=CARTESIAN_POINT('Ctrl Pts',(273.007878722289,7.96498804934044,213.011380872358));
#9933=CARTESIAN_POINT('Ctrl Pts',(272.998701209331,7.87950365798183,213.001280419075));
#9934=CARTESIAN_POINT('Ctrl Pts',(272.994015423603,7.83651385978086,212.9966153202));
#9935=CARTESIAN_POINT('Ctrl Pts',(272.979302634465,7.70686640902697,212.983291830388));
#9936=CARTESIAN_POINT('Ctrl Pts',(272.961972879863,7.57529128752599,212.971136214056));
#9937=CARTESIAN_POINT('Ctrl Pts',(272.948615399592,7.48682848675539,212.962713150951));
#9938=CARTESIAN_POINT('Ctrl Pts',(272.918001934794,7.30883082265585,212.944865704825));
#9939=CARTESIAN_POINT('Ctrl Pts',(272.881324620061,7.13016598915321,212.92729075002));
#9940=CARTESIAN_POINT('Ctrl Pts',(272.861610916296,7.04144748305177,212.918544362961));
#9941=CARTESIAN_POINT('Ctrl Pts',(272.823221550872,6.86547943104804,212.906820327724));
#9942=CARTESIAN_POINT('Ctrl Pts',(272.783741282418,6.68553497464947,212.904512693223));
#9943=CARTESIAN_POINT('Ctrl Pts',(272.762867028589,6.5960413499152,212.903870006906));
#9944=CARTESIAN_POINT('Ctrl Pts',(272.717659813113,6.42059261513008,212.900859616164));
#9945=CARTESIAN_POINT('Ctrl Pts',(272.665864731685,6.25329709346094,212.894189758239));
#9946=CARTESIAN_POINT('Ctrl Pts',(272.638454535525,6.17199454853789,212.889940918313));
#9947=CARTESIAN_POINT('Ctrl Pts',(272.581991045654,6.01294483628714,212.88186896596));
#9948=CARTESIAN_POINT('Ctrl Pts',(272.527713863938,5.85704067084803,212.8832868182));
#9949=CARTESIAN_POINT('Ctrl Pts',(272.501946576676,5.77853065631531,212.888055251282));
#9950=CARTESIAN_POINT('Ctrl Pts',(272.461440173046,5.66283885597965,212.894774892815));
#9951=CARTESIAN_POINT('Ctrl Pts',(272.420720763427,5.55001892781984,212.903920474062));
#9952=CARTESIAN_POINT('Ctrl Pts',(272.407135835182,5.51278999110585,212.907207391949));
#9953=CARTESIAN_POINT('Ctrl Pts',(272.379953669464,5.43903895411282,212.914296603374));
#9954=CARTESIAN_POINT('Ctrl Pts',(272.352684108357,5.36597889130781,212.922816291904));
#9955=CARTESIAN_POINT('Ctrl Pts',(272.339013581965,5.32945124751312,212.92752910756));
#9956=CARTESIAN_POINT('Ctrl Pts',(272.311596565377,5.25652023600476,212.937747807517));
#9957=CARTESIAN_POINT('Ctrl Pts',(272.284026957119,5.18410658840722,212.949327780738));
#9958=CARTESIAN_POINT('Ctrl Pts',(272.270203608069,5.14809244176273,212.955404267512));
#9959=CARTESIAN_POINT('Ctrl Pts',(272.242479048553,5.07657966845269,212.968024848712));
#9960=CARTESIAN_POINT('Ctrl Pts',(272.214602977272,5.00636523955242,212.98137954721));
#9961=CARTESIAN_POINT('Ctrl Pts',(272.200628692102,4.97164392590269,212.988195326835));
#9962=CARTESIAN_POINT('Ctrl Pts',(272.158593837571,4.86893571330194,213.008826413048));
#9963=CARTESIAN_POINT('Ctrl Pts',(272.116970574417,4.76873298572593,213.03249685034));
#9964=CARTESIAN_POINT('Ctrl Pts',(272.09028464329,4.70073229823218,213.052639463429));
#9965=CARTESIAN_POINT('Ctrl Pts',(272.037039280667,4.56448931075873,213.097541278149));
#9966=CARTESIAN_POINT('Ctrl Pts',(271.983108834933,4.42908655009797,213.149389042775));
#9967=CARTESIAN_POINT('Ctrl Pts',(271.955663379828,4.36196797047515,213.176354879577));
#9968=CARTESIAN_POINT('Ctrl Pts',(271.899773787852,4.22952304955262,213.231596961494));
#9969=CARTESIAN_POINT('Ctrl Pts',(271.842627429938,4.10156034458052,213.288848344059));
#9970=CARTESIAN_POINT('Ctrl Pts',(271.813920433888,4.03892323188913,213.317821037424));
#9971=CARTESIAN_POINT('Ctrl Pts',(271.75688051396,3.91654848966114,213.376570419409));
#9972=CARTESIAN_POINT('Ctrl Pts',(271.701492141349,3.79961913139646,213.43746411967));
#9973=CARTESIAN_POINT('Ctrl Pts',(271.674443451236,3.74243407879115,213.468581851357));
#9974=CARTESIAN_POINT('Ctrl Pts',(271.621926274999,3.63008063608579,213.532580922342));
#9975=CARTESIAN_POINT('Ctrl Pts',(271.572678500582,3.52064868783778,213.600618356708));
#9976=CARTESIAN_POINT('Ctrl Pts',(271.548902169766,3.46638269442028,213.635778972247));
#9977=CARTESIAN_POINT('Ctrl Pts',(271.479901810653,3.30417262230308,213.744816102508));
#9978=CARTESIAN_POINT('Ctrl Pts',(271.417214640873,3.14252010523261,213.864312975651));
#9979=CARTESIAN_POINT('Ctrl Pts',(271.377628728722,3.03392709616863,213.948435505299));
#9980=CARTESIAN_POINT('Ctrl Pts',(271.263232524021,2.70652961218902,214.211406259784));
#9981=CARTESIAN_POINT('Ctrl Pts',(271.156589955573,2.37572920624188,214.500287809339));
#9982=CARTESIAN_POINT('Ctrl Pts',(271.084193995628,2.15566487758227,214.698727156723));
#9983=CARTESIAN_POINT('Ctrl Pts',(271.011139227504,1.93756383641813,214.902806183192));
#9984=CARTESIAN_POINT('Ctrl Pts',(270.937477402113,1.72176435861867,215.11204129332));
#9985=CARTESIAN_POINT('Ctrl Pts',(273.034553389678,12.5481212650223,215.448191378603));
#9986=CARTESIAN_POINT('Ctrl Pts',(273.051117473123,12.3310136496623,215.250865283488));
#9987=CARTESIAN_POINT('Ctrl Pts',(273.070128309845,12.1104251896427,215.060335561262));
#9988=CARTESIAN_POINT('Ctrl Pts',(273.091734477231,11.8847613807364,214.87722326103));
#9989=CARTESIAN_POINT('Ctrl Pts',(273.126238435648,11.5332513747699,214.61343508212));
#9990=CARTESIAN_POINT('Ctrl Pts',(273.159127805428,11.1585584618973,214.368273126913));
#9991=CARTESIAN_POINT('Ctrl Pts',(273.169658695306,11.0308843024487,214.288749823982));
#9992=CARTESIAN_POINT('Ctrl Pts',(273.189313997314,10.7698529561801,214.134488239614));
#9993=CARTESIAN_POINT('Ctrl Pts',(273.205134924804,10.4976807654141,213.990459050977));
#9994=CARTESIAN_POINT('Ctrl Pts',(273.211829444027,10.3588668765206,213.921173249633));
#9995=CARTESIAN_POINT('Ctrl Pts',(273.219695490768,10.1467884027738,213.821523118841));
#9996=CARTESIAN_POINT('Ctrl Pts',(273.223933969526,9.92912364772992,213.728605896387));
#9997=CARTESIAN_POINT('Ctrl Pts',(273.224923109538,9.85595987717956,213.698399388608));
#9998=CARTESIAN_POINT('Ctrl Pts',(273.226017124878,9.70844483709074,213.639560570384));
#9999=CARTESIAN_POINT('Ctrl Pts',(273.225270072146,9.55861157841552,213.583959981586));
#10000=CARTESIAN_POINT('Ctrl Pts',(273.224418340095,9.48313005075167,213.556991953718));
#10001=CARTESIAN_POINT('Ctrl Pts',(273.221724541637,9.33104585236934,213.504761863523));
#10002=CARTESIAN_POINT('Ctrl Pts',(273.217010292648,9.17669379112836,213.456034297649));
#10003=CARTESIAN_POINT('Ctrl Pts',(273.21413730985,9.09894230885136,213.432567552139));
#10004=CARTESIAN_POINT('Ctrl Pts',(273.209055055329,8.98146345717855,213.398766481646));
#10005=CARTESIAN_POINT('Ctrl Pts',(273.202799974594,8.86271557296675,213.367130550552));
#10006=CARTESIAN_POINT('Ctrl Pts',(273.20058383954,8.82299207211672,213.356829376835));
#10007=CARTESIAN_POINT('Ctrl Pts',(273.195886382284,8.74325957604811,213.336720176155));
#10008=CARTESIAN_POINT('Ctrl Pts',(273.190651972948,8.66294590745798,213.317606024324));
#10009=CARTESIAN_POINT('Ctrl Pts',(273.187898902215,8.62264130402312,213.308299935424));
#10010=CARTESIAN_POINT('Ctrl Pts',(273.182117730821,8.54173151263269,213.290194248056));
#10011=CARTESIAN_POINT('Ctrl Pts',(273.175783395895,8.46022379279935,213.273117790212));
#10012=CARTESIAN_POINT('Ctrl Pts',(273.172477176035,8.41932109724074,213.264840937552));
#10013=CARTESIAN_POINT('Ctrl Pts',(273.165586600046,8.33722691071297,213.248821442746));
#10014=CARTESIAN_POINT('Ctrl Pts',(273.158147096138,8.25458217823884,213.233906474095));
#10015=CARTESIAN_POINT('Ctrl Pts',(273.15429206382,8.21312822814455,213.226734276769));
#10016=CARTESIAN_POINT('Ctrl Pts',(273.146318292237,8.12997843025768,213.212984430758));
#10017=CARTESIAN_POINT('Ctrl Pts',(273.137860398846,8.04632145704817,213.200512798002));
#10018=CARTESIAN_POINT('Ctrl Pts',(273.133519979494,8.00436250781724,213.194617093818));
#10019=CARTESIAN_POINT('Ctrl Pts',(273.124668541713,7.92010232867241,213.183592230893));
#10020=CARTESIAN_POINT('Ctrl Pts',(273.115337658504,7.83508051470097,213.173934869659));
#10021=CARTESIAN_POINT('Ctrl Pts',(273.110518667122,7.79236070484593,213.169407886523));
#10022=CARTESIAN_POINT('Ctrl Pts',(273.095363683821,7.66359080273836,213.156422460873));
#10023=CARTESIAN_POINT('Ctrl Pts',(273.077574524268,7.53308789078033,213.144523097803));
#10024=CARTESIAN_POINT('Ctrl Pts',(273.064026797989,7.44540357756669,213.136400578722));
#10025=CARTESIAN_POINT('Ctrl Pts',(273.033262341926,7.26911802641645,213.119396391218));
#10026=CARTESIAN_POINT('Ctrl Pts',(272.996720460427,7.09230845318389,213.102942306527));
#10027=CARTESIAN_POINT('Ctrl Pts',(272.97726934328,7.00438175337753,213.095075972117));
#10028=CARTESIAN_POINT('Ctrl Pts',(272.938403803981,6.82900010859735,213.083914503193));
#10029=CARTESIAN_POINT('Ctrl Pts',(272.897581368375,6.65205709284711,213.079811969673));
#10030=CARTESIAN_POINT('Ctrl Pts',(272.876146064611,6.56381796463177,213.078490693961));
#10031=CARTESIAN_POINT('Ctrl Pts',(272.829851336109,6.39082910868136,213.074089629122));
#10032=CARTESIAN_POINT('Ctrl Pts',(272.777228418079,6.22556504625705,213.066341861036));
#10033=CARTESIAN_POINT('Ctrl Pts',(272.749408033082,6.14518431867096,213.061542413548));
#10034=CARTESIAN_POINT('Ctrl Pts',(272.692578647612,5.98766540661948,213.052954658533));
#10035=CARTESIAN_POINT('Ctrl Pts',(272.637244010148,5.83344681608514,213.052650910182));
#10036=CARTESIAN_POINT('Ctrl Pts',(272.610379606909,5.75628190322881,213.055523225381));
#10037=CARTESIAN_POINT('Ctrl Pts',(272.569098365211,5.64222543543087,213.060588766387));
#10038=CARTESIAN_POINT('Ctrl Pts',(272.527674708196,5.53078391274191,213.068241186488));
#10039=CARTESIAN_POINT('Ctrl Pts',(272.51385938343,5.49396205971253,213.071061916696));
#10040=CARTESIAN_POINT('Ctrl Pts',(272.486219735035,5.42089479264526,213.07729467174));
#10041=CARTESIAN_POINT('Ctrl Pts',(272.458529953047,5.34857808563684,213.084927754934));
#10042=CARTESIAN_POINT('Ctrl Pts',(272.444665200326,5.31250989729663,213.08914769726));
#10043=CARTESIAN_POINT('Ctrl Pts',(272.416888665985,5.24056627000211,213.098358671013));
#10044=CARTESIAN_POINT('Ctrl Pts',(272.38902011475,5.16918792794195,213.108957941452));
#10045=CARTESIAN_POINT('Ctrl Pts',(272.375063178071,5.13368046914821,213.114569220711));
#10046=CARTESIAN_POINT('Ctrl Pts',(272.347107084735,5.06314088181971,213.126327902344));
#10047=CARTESIAN_POINT('Ctrl Pts',(272.319093580029,4.99370019784107,213.139077095511));
#10048=CARTESIAN_POINT('Ctrl Pts',(272.305078468829,4.95929308857463,213.145676796844));
#10049=CARTESIAN_POINT('Ctrl Pts',(272.263059812926,4.85704722572131,213.166195105097));
#10050=CARTESIAN_POINT('Ctrl Pts',(272.221486901484,4.75678360562406,213.190120302328));
#10051=CARTESIAN_POINT('Ctrl Pts',(272.194391708825,4.6897196290319,213.209028261948));
#10052=CARTESIAN_POINT('Ctrl Pts',(272.140572485548,4.55541439259636,213.251534961108));
#10053=CARTESIAN_POINT('Ctrl Pts',(272.086535196969,4.42208664299123,213.301026852084));
#10054=CARTESIAN_POINT('Ctrl Pts',(272.059218615754,4.35594081450792,213.32696688771));
#10055=CARTESIAN_POINT('Ctrl Pts',(272.003902324713,4.22527408219328,213.380423751208));
#10056=CARTESIAN_POINT('Ctrl Pts',(271.947775456193,4.09860475425858,213.43637297238));
#10057=CARTESIAN_POINT('Ctrl Pts',(271.919641984641,4.0364608580319,213.464796154871));
#10058=CARTESIAN_POINT('Ctrl Pts',(271.863754045042,3.91472223539384,213.522578454144));
#10059=CARTESIAN_POINT('Ctrl Pts',(271.80938985876,3.79780665546177,213.582608017518));
#10060=CARTESIAN_POINT('Ctrl Pts',(271.782785290626,3.74049066639277,213.613278963868));
#10061=CARTESIAN_POINT('Ctrl Pts',(271.730991137849,3.62771827114251,213.676260259115));
#10062=CARTESIAN_POINT('Ctrl Pts',(271.682169930588,3.51776870678902,213.742950004831));
#10063=CARTESIAN_POINT('Ctrl Pts',(271.658540906965,3.46327402051436,213.777332812661));
#10064=CARTESIAN_POINT('Ctrl Pts',(271.589866395932,3.30058164489615,213.883747860814));
#10065=CARTESIAN_POINT('Ctrl Pts',(271.527285325436,3.13909629139476,213.999903627276));
#10066=CARTESIAN_POINT('Ctrl Pts',(271.487778099139,3.03092124443952,214.081616591665));
#10067=CARTESIAN_POINT('Ctrl Pts',(271.373727291462,2.7050596482167,214.337320703293));
#10068=CARTESIAN_POINT('Ctrl Pts',(271.268226651201,2.37617215222644,214.619558591919));
#10069=CARTESIAN_POINT('Ctrl Pts',(271.197211876425,2.15692886328181,214.814516138317));
#10070=CARTESIAN_POINT('Ctrl Pts',(271.12554857336,1.93936240474123,215.015392714037));
#10071=CARTESIAN_POINT('Ctrl Pts',(271.053256221276,1.72386185300325,215.221654324259));
#10072=CARTESIAN_POINT('',(260.08866086795,7.007416436513,212.999295208924));
#10073=CARTESIAN_POINT('',(273.000001000026,8.07900436355759,212.999988482385));
#10074=CARTESIAN_POINT('Ctrl Pts',(260.088938561066,7.00742586379302,212.998898848335));
#10075=CARTESIAN_POINT('Ctrl Pts',(260.126328604555,6.78372792589624,213.00411001686));
#10076=CARTESIAN_POINT('Ctrl Pts',(260.18040350845,6.53124289737695,213.001395882314));
#10077=CARTESIAN_POINT('Ctrl Pts',(260.33435608096,6.00468522655231,212.999992775855));
#10078=CARTESIAN_POINT('Ctrl Pts',(260.422502119707,5.75910380679912,212.999967148393));
#10079=CARTESIAN_POINT('Ctrl Pts',(260.727478667901,5.04716315538501,213.00009010385));
#10080=CARTESIAN_POINT('Ctrl Pts',(260.985017146859,4.60074062535627,213.000067661479));
#10081=CARTESIAN_POINT('Ctrl Pts',(261.493075928872,3.92045718742593,212.999808826941));
#10082=CARTESIAN_POINT('Ctrl Pts',(261.671850961453,3.72367338056882,212.994821568577));
#10083=CARTESIAN_POINT('Ctrl Pts',(261.918005086137,3.46498297006911,212.990831650848));
#10084=CARTESIAN_POINT('Ctrl Pts',(262.039302160023,3.34805639525251,212.99320697209));
#10085=CARTESIAN_POINT('Ctrl Pts',(262.324125140661,3.0934210036468,212.999816367992));
#10086=CARTESIAN_POINT('Ctrl Pts',(262.482830442839,2.96489357183068,212.999868662675));
#10087=CARTESIAN_POINT('Ctrl Pts',(262.83940187016,2.70249997706612,212.999172131373));
#10088=CARTESIAN_POINT('Ctrl Pts',(263.03926139931,2.57175419264587,213.000098366788));
#10089=CARTESIAN_POINT('Ctrl Pts',(263.954288512862,2.04238867808359,213.000078556691));
#10090=CARTESIAN_POINT('Ctrl Pts',(264.73534259029,1.76966012711173,212.999699720854));
#10091=CARTESIAN_POINT('Ctrl Pts',(265.968398606698,1.58672923309301,213.000246999804));
#10092=CARTESIAN_POINT('Ctrl Pts',(266.395874909366,1.56582805800625,212.999908446961));
#10093=CARTESIAN_POINT('Ctrl Pts',(267.633548376718,1.62727753617397,213.000322933046));
#10094=CARTESIAN_POINT('Ctrl Pts',(268.430076017534,1.81925052706713,212.999554223513));
#10095=CARTESIAN_POINT('Ctrl Pts',(269.827762230349,2.44911931874574,213.000324673967));
#10096=CARTESIAN_POINT('Ctrl Pts',(270.431060074198,2.85252719749396,212.999851672767));
#10097=CARTESIAN_POINT('Ctrl Pts',(271.408392562599,3.77270166123165,212.999940764981));
#10098=CARTESIAN_POINT('Ctrl Pts',(271.797685090766,4.26176078138082,213.000125966026));
#10099=CARTESIAN_POINT('Ctrl Pts',(272.274081802172,5.07672054994633,213.000045264155));
#10100=CARTESIAN_POINT('Ctrl Pts',(272.415730653042,5.36646630996378,212.999937374322));
#10101=CARTESIAN_POINT('Ctrl Pts',(272.842254758335,6.43304984602008,213.000299070038));
#10102=CARTESIAN_POINT('Ctrl Pts',(273.000001000007,7.25227325775505,212.999936506926));
#10103=CARTESIAN_POINT('Ctrl Pts',(273.000001000026,8.07900436355759,212.999988482385));
#10104=CARTESIAN_POINT('',(261.739398963023,8.07900421215847,210.515127203706));
#10105=CARTESIAN_POINT('Ctrl Pts',(261.739398986534,8.07900417498046,210.51512720105));
#10106=CARTESIAN_POINT('Ctrl Pts',(261.730224609442,8.07229939938154,210.527771183757));
#10107=CARTESIAN_POINT('Ctrl Pts',(261.721079140251,8.06560409614223,210.540403535732));
#10108=CARTESIAN_POINT('Ctrl Pts',(261.711952069923,8.05892289433243,210.553040739975));
#10109=CARTESIAN_POINT('Ctrl Pts',(261.696844730289,8.04786401330225,210.573958135116));
#10110=CARTESIAN_POINT('Ctrl Pts',(261.681786416363,8.03684430897738,210.59489093378));
#10111=CARTESIAN_POINT('Ctrl Pts',(261.666753776664,8.0258760443239,210.615876810581));
#10112=CARTESIAN_POINT('Ctrl Pts',(261.649517926094,8.01330025095902,210.639938415454));
#10113=CARTESIAN_POINT('Ctrl Pts',(261.632316367525,8.00079209786772,210.664069043839));
#10114=CARTESIAN_POINT('Ctrl Pts',(261.615150334364,7.98835488993661,210.688269525948));
#10115=CARTESIAN_POINT('Ctrl Pts',(261.58995004795,7.97009667039784,210.723796608693));
#10116=CARTESIAN_POINT('Ctrl Pts',(261.564828274019,7.95199205004105,210.759471817983));
#10117=CARTESIAN_POINT('Ctrl Pts',(261.539846790861,7.93401206850148,210.795203352719));
#10118=CARTESIAN_POINT('Ctrl Pts',(261.526801715832,7.92462310601573,210.813861994746));
#10119=CARTESIAN_POINT('Ctrl Pts',(261.51379532351,7.91526754574828,210.832535186371));
#10120=CARTESIAN_POINT('Ctrl Pts',(261.500836165981,7.90593852261606,210.851209136205));
#10121=CARTESIAN_POINT('Ctrl Pts',(261.483775621639,7.89365699795387,210.87579312235));
#10122=CARTESIAN_POINT('Ctrl Pts',(261.46676069949,7.88143566419947,210.900428897204));
#10123=CARTESIAN_POINT('Ctrl Pts',(261.449798565995,7.86927852801972,210.925099808824));
#10124=CARTESIAN_POINT('Ctrl Pts',(261.432086956438,7.85658422577175,210.950860810774));
#10125=CARTESIAN_POINT('Ctrl Pts',(261.414433319359,7.84395980310441,210.976659510289));
#10126=CARTESIAN_POINT('Ctrl Pts',(261.396837849506,7.83140684178971,211.002485899986));
#10127=CARTESIAN_POINT('Ctrl Pts',(261.368690996566,7.81132631202616,211.043799465286));
#10128=CARTESIAN_POINT('Ctrl Pts',(261.340694268632,7.79142897265993,211.085182593652));
#10129=CARTESIAN_POINT('Ctrl Pts',(261.312807251444,7.77171258535066,211.126642533343));
#10130=CARTESIAN_POINT('Ctrl Pts',(261.297504688247,7.76089352712039,211.149393024835));
#10131=CARTESIAN_POINT('Ctrl Pts',(261.28223445677,7.75012877275364,211.172167430835));
#10132=CARTESIAN_POINT('Ctrl Pts',(261.266987017943,7.73941697933182,211.194969757756));
#10133=CARTESIAN_POINT('Ctrl Pts',(261.262789469655,7.73646807291867,211.201247131249));
#10134=CARTESIAN_POINT('Ctrl Pts',(261.258594177409,7.73352358502689,211.207525822666));
#10135=CARTESIAN_POINT('Ctrl Pts',(261.25440101219,7.73058345013681,211.21380580579));
#10136=CARTESIAN_POINT('Ctrl Pts',(261.218590421413,7.705474025189,211.267438299135));
#10137=CARTESIAN_POINT('Ctrl Pts',(261.182933620766,7.68068060100746,211.32116735603));
#10138=CARTESIAN_POINT('Ctrl Pts',(261.147357240395,7.65616759739355,211.374962089784));
#10139=CARTESIAN_POINT('Ctrl Pts',(261.136888438902,7.64895433493844,211.390791873004));
#10140=CARTESIAN_POINT('Ctrl Pts',(261.126426742725,7.64176554114144,211.406627128017));
#10141=CARTESIAN_POINT('Ctrl Pts',(261.115970654116,7.63460113588746,211.422466589715));
#10142=CARTESIAN_POINT('Ctrl Pts',(261.089130219176,7.61621034366309,211.463125965992));
#10143=CARTESIAN_POINT('Ctrl Pts',(261.062326286192,7.59797658999096,211.503813142988));
#10144=CARTESIAN_POINT('Ctrl Pts',(261.035538348129,7.57992679390612,211.544503961462));
#10145=CARTESIAN_POINT('Ctrl Pts',(261.016265323426,7.56694056984505,211.573779643217));
#10146=CARTESIAN_POINT('Ctrl Pts',(260.996995109673,7.55406853414844,211.603062671116));
#10147=CARTESIAN_POINT('Ctrl Pts',(260.977726969061,7.541276838919,211.632346156165));
#10148=CARTESIAN_POINT('Ctrl Pts',(260.95366028126,7.5252994936348,211.668922414695));
#10149=CARTESIAN_POINT('Ctrl Pts',(260.929596813865,7.50944533859908,211.705498975451));
#10150=CARTESIAN_POINT('Ctrl Pts',(260.905536971154,7.49369761783121,211.742071715658));
#10151=CARTESIAN_POINT('Ctrl Pts',(260.882876600929,7.47886588401299,211.776517154191));
#10152=CARTESIAN_POINT('Ctrl Pts',(260.860219593643,7.46412984645921,211.810959283462));
#10153=CARTESIAN_POINT('Ctrl Pts',(260.837566472256,7.44951708965215,211.845403919459));
#10154=CARTESIAN_POINT('Ctrl Pts',(260.824058683507,7.44080367534494,211.865942849112));
#10155=CARTESIAN_POINT('Ctrl Pts',(260.810552278541,7.43213491857767,211.886482848767));
#10156=CARTESIAN_POINT('Ctrl Pts',(260.797047026543,7.42352054802636,211.907026628365));
#10157=CARTESIAN_POINT('Ctrl Pts',(260.768911097793,7.40557395094606,211.949826149556));
#10158=CARTESIAN_POINT('Ctrl Pts',(260.740788185354,7.38776782987221,211.992646342496));
#10159=CARTESIAN_POINT('Ctrl Pts',(260.712700512184,7.37016920789855,212.035482287367));
#10160=CARTESIAN_POINT('Ctrl Pts',(260.687732379027,7.35452516596699,212.07356068457));
#10161=CARTESIAN_POINT('Ctrl Pts',(260.662791804514,7.33904624932714,212.111652051838));
#10162=CARTESIAN_POINT('Ctrl Pts',(260.637886479281,7.32373505505831,212.149763438992));
#10163=CARTESIAN_POINT('Ctrl Pts',(260.612981154048,7.30842386078947,212.187874826147));
#10164=CARTESIAN_POINT('Ctrl Pts',(260.588110881259,7.29328002338574,212.226006442864));
#10165=CARTESIAN_POINT('Ctrl Pts',(260.563275619861,7.27824460054757,212.264170925924));
#10166=CARTESIAN_POINT('Ctrl Pts',(260.560579036663,7.27661207218571,212.268314780186));
#10167=CARTESIAN_POINT('Ctrl Pts',(260.5578828771,7.27498129076822,212.272458902631));
#10168=CARTESIAN_POINT('Ctrl Pts',(260.555187133641,7.27335227415428,212.276603289833));
#10169=CARTESIAN_POINT('Ctrl Pts',(260.523484270382,7.25419448271512,212.325342698007));
#10170=CARTESIAN_POINT('Ctrl Pts',(260.491839617796,7.23528651061102,212.37411902129));
#10171=CARTESIAN_POINT('Ctrl Pts',(260.460236361788,7.21661821087122,212.42292510916));
#10172=CARTESIAN_POINT('Ctrl Pts',(260.432390024289,7.20016915337663,212.465929247547));
#10173=CARTESIAN_POINT('Ctrl Pts',(260.404575365044,7.18390084457261,212.508956642993));
#10174=CARTESIAN_POINT('Ctrl Pts',(260.376780197536,7.16780983889851,212.551997787264));
#10175=CARTESIAN_POINT('Ctrl Pts',(260.359683119063,7.1579121044585,212.578472814656));
#10176=CARTESIAN_POINT('Ctrl Pts',(260.34259344757,7.14808196111722,212.604952935969));
#10177=CARTESIAN_POINT('Ctrl Pts',(260.325508858229,7.13832908753192,212.631434702724));
#10178=CARTESIAN_POINT('Ctrl Pts',(260.306953101061,7.12773638610256,212.660196835863));
#10179=CARTESIAN_POINT('Ctrl Pts',(260.288401542857,7.11724812168758,212.688960240564));
#10180=CARTESIAN_POINT('Ctrl Pts',(260.269855089641,7.10683841266825,212.717727087658));
#10181=CARTESIAN_POINT('Ctrl Pts',(260.246035214841,7.09346885016132,212.754673380742));
#10182=CARTESIAN_POINT('Ctrl Pts',(260.222223646164,7.08022627677168,212.791625476395));
#10183=CARTESIAN_POINT('Ctrl Pts',(260.198424525118,7.06709751980756,212.828586671016));
#10184=CARTESIAN_POINT('Ctrl Pts',(260.17000274487,7.05141867836476,212.87272708062));
#10185=CARTESIAN_POINT('Ctrl Pts',(260.141599133077,7.03590393600428,212.916880228246));
#10186=CARTESIAN_POINT('Ctrl Pts',(260.11322217319,7.02060526039639,212.961049935857));
#10187=CARTESIAN_POINT('Ctrl Pts',(260.105032827616,7.01619019472784,212.973796932045));
#10188=CARTESIAN_POINT('Ctrl Pts',(260.096845683161,7.01179339072951,212.98654531355));
#10189=CARTESIAN_POINT('Ctrl Pts',(260.08866086795,7.007416436513,212.999295208924));
#10190=CARTESIAN_POINT('',(260.026602035936,8.66646324707335,213.000107410392));
#10191=CARTESIAN_POINT('',(260.026601791382,8.66646333095092,213.000107765198));
#10192=CARTESIAN_POINT('Ctrl Pts',(273.000001000026,8.07900436355759,212.999988482385));
#10193=CARTESIAN_POINT('Ctrl Pts',(273.000001000047,8.93886614339118,213.000042540725));
#10194=CARTESIAN_POINT('Ctrl Pts',(272.829351822117,9.79033476249869,213.000026383101));
#10195=CARTESIAN_POINT('Ctrl Pts',(272.156126160859,11.4024643800305,212.99996066375));
#10196=CARTESIAN_POINT('Ctrl Pts',(271.67528775798,12.0825345351024,213.002626940987));
#10197=CARTESIAN_POINT('Ctrl Pts',(270.935315107816,12.8407281266173,212.996549048133));
#10198=CARTESIAN_POINT('Ctrl Pts',(270.705720954746,13.0446348957964,213.00008644237));
#10199=CARTESIAN_POINT('Ctrl Pts',(270.100594155914,13.5096456869332,212.998310448964));
#10200=CARTESIAN_POINT('Ctrl Pts',(269.710775901028,13.7491770989678,213.001078822041));
#10201=CARTESIAN_POINT('Ctrl Pts',(268.57139317393,14.2923638361451,212.998834887195));
#10202=CARTESIAN_POINT('Ctrl Pts',(267.787788480444,14.5006693708744,213.000189888068));
#10203=CARTESIAN_POINT('Ctrl Pts',(266.933853752141,14.5647215280173,213.000108798381));
#10204=CARTESIAN_POINT('Ctrl Pts',(266.881474720728,14.5680129885292,213.000087859466));
#10205=CARTESIAN_POINT('Ctrl Pts',(266.629024580917,14.5808096316374,212.999961579869));
#10206=CARTESIAN_POINT('Ctrl Pts',(266.428614876735,14.5816984113397,213.000025994067));
#10207=CARTESIAN_POINT('Ctrl Pts',(265.363657396467,14.5371733326991,213.000222839121));
#10208=CARTESIAN_POINT('Ctrl Pts',(264.514748716673,14.3286334621815,212.999341100627));
#10209=CARTESIAN_POINT('Ctrl Pts',(263.018223611324,13.6241841111773,213.000761051886));
#10210=CARTESIAN_POINT('Ctrl Pts',(262.371314741619,13.1609769114227,212.998278282527));
#10211=CARTESIAN_POINT('Ctrl Pts',(261.404710864246,12.1596150725521,213.001732409111));
#10212=CARTESIAN_POINT('Ctrl Pts',(261.048838449232,11.6700761729603,213.00173301126));
#10213=CARTESIAN_POINT('Ctrl Pts',(260.570703229869,10.7744136611772,213.000621415333));
#10214=CARTESIAN_POINT('Ctrl Pts',(260.410526539116,10.3901335831926,212.999666429163));
#10215=CARTESIAN_POINT('Ctrl Pts',(260.22193885576,9.77794386475809,213.000012685462));
#10216=CARTESIAN_POINT('Ctrl Pts',(260.167012606495,9.5600752049812,213.000491152614));
#10217=CARTESIAN_POINT('Ctrl Pts',(260.1010739352,9.22665127501137,212.999898957059));
#10218=CARTESIAN_POINT('Ctrl Pts',(260.081558961088,9.11154575396202,213.000442909467));
#10219=CARTESIAN_POINT('Ctrl Pts',(260.04977414366,8.88965836011232,213.002802569745));
#10220=CARTESIAN_POINT('Ctrl Pts',(260.036820893827,8.77906784755096,213.003197188976));
#10221=CARTESIAN_POINT('Ctrl Pts',(260.02660217231,8.66646474983018,213.000104800353));
#10222=CARTESIAN_POINT('',(269.499932028861,11.0789678385741,208.000376689399));
#10223=CARTESIAN_POINT('Ctrl Pts',(269.5,11.078931433569,208.000458907604));
#10224=CARTESIAN_POINT('Ctrl Pts',(269.5,11.0477183950346,207.985958421223));
#10225=CARTESIAN_POINT('Ctrl Pts',(269.5,11.014425503407,207.97804666847));
#10226=CARTESIAN_POINT('Ctrl Pts',(269.5,10.9269262676974,207.969166810445));
#10227=CARTESIAN_POINT('Ctrl Pts',(269.5,10.8714317474366,207.974471773018));
#10228=CARTESIAN_POINT('Ctrl Pts',(269.5,10.697955558044,207.99927930675));
#10229=CARTESIAN_POINT('Ctrl Pts',(269.5,10.6178125328161,208.023090545024));
#10230=CARTESIAN_POINT('Ctrl Pts',(269.5,10.321300074088,208.003465935534));
#10231=CARTESIAN_POINT('Ctrl Pts',(269.5,10.2291658465045,207.980541603374));
#10232=CARTESIAN_POINT('Ctrl Pts',(269.5,9.88845013675819,207.986082699113));
#10233=CARTESIAN_POINT('Ctrl Pts',(269.5,9.78694885351693,207.992918804824));
#10234=CARTESIAN_POINT('Ctrl Pts',(269.5,9.57474937319222,207.999577260037));
#10235=CARTESIAN_POINT('Ctrl Pts',(269.5,9.52050149812104,207.999407699184));
#10236=CARTESIAN_POINT('Ctrl Pts',(269.5,9.28581805727513,208.000658556476));
#10237=CARTESIAN_POINT('Ctrl Pts',(269.5,9.19613044309722,208.001644504598));
#10238=CARTESIAN_POINT('Ctrl Pts',(269.5,8.70480479250867,208.001545397382));
#10239=CARTESIAN_POINT('Ctrl Pts',(269.500000000173,8.52418499555902,207.990669699133));
#10240=CARTESIAN_POINT('Ctrl Pts',(269.500000000173,7.95044342148875,208.001869169572));
#10241=CARTESIAN_POINT('Ctrl Pts',(269.5,7.78021056239782,208.01420716332));
#10242=CARTESIAN_POINT('Ctrl Pts',(269.5,7.20923348733358,208.001665508306));
#10243=CARTESIAN_POINT('Ctrl Pts',(269.5,6.9719650177225,207.96229461506));
#10244=CARTESIAN_POINT('Ctrl Pts',(269.5,6.51573478579621,208.000292521273));
#10245=CARTESIAN_POINT('Ctrl Pts',(269.5,6.39463846185573,208.04303169511));
#10246=CARTESIAN_POINT('Ctrl Pts',(269.5,6.17118359800255,208.074628498286));
#10247=CARTESIAN_POINT('Ctrl Pts',(269.5,6.08899889231604,208.072890921957));
#10248=CARTESIAN_POINT('Ctrl Pts',(269.5,5.90089588232588,208.027381067189));
#10249=CARTESIAN_POINT('Ctrl Pts',(269.5,5.81390091537447,207.990417373814));
#10250=CARTESIAN_POINT('Ctrl Pts',(269.5,5.62809969992193,207.92215334697));
#10251=CARTESIAN_POINT('Ctrl Pts',(269.5,5.51581625684914,207.885548651156));
#10252=CARTESIAN_POINT('Ctrl Pts',(269.5,5.35200695161615,207.877115784873));
#10253=CARTESIAN_POINT('Ctrl Pts',(269.5,5.28967105186659,207.880059842975));
#10254=CARTESIAN_POINT('Ctrl Pts',(269.5,5.18449852856846,207.915793692086));
#10255=CARTESIAN_POINT('Ctrl Pts',(269.5,5.1453333437849,207.937837747715));
#10256=CARTESIAN_POINT('Ctrl Pts',(269.5,5.09964971344564,207.978190490343));
#10257=CARTESIAN_POINT('Ctrl Pts',(269.5,5.08913276932738,207.988922397514));
#10258=CARTESIAN_POINT('Ctrl Pts',(269.5,5.07954100532086,207.999980926514));
#10259=CARTESIAN_POINT('',(263.5,11.0790042435791,207.999980926514));
#10260=CARTESIAN_POINT('Ctrl Pts',(269.499864057722,11.0790042435791,208.000294471194));
#10261=CARTESIAN_POINT('Ctrl Pts',(269.493736589899,11.0790042435791,207.991362468898));
#10262=CARTESIAN_POINT('Ctrl Pts',(269.487292109714,11.0790042435791,207.982651471548));
#10263=CARTESIAN_POINT('Ctrl Pts',(269.452544438739,11.0790042435791,207.939446751482));
#10264=CARTESIAN_POINT('Ctrl Pts',(269.419583149303,11.0790042435791,207.910274437354));
#10265=CARTESIAN_POINT('Ctrl Pts',(269.34738840116,11.0790042435791,207.870546629768));
#10266=CARTESIAN_POINT('Ctrl Pts',(269.308931509166,11.0790042435791,207.857222553961));
#10267=CARTESIAN_POINT('Ctrl Pts',(269.21185178702,11.0790042435791,207.844649511006));
#10268=CARTESIAN_POINT('Ctrl Pts',(269.159607450322,11.0790042435791,207.848572609195));
#10269=CARTESIAN_POINT('Ctrl Pts',(269.024508876521,11.0790042435791,207.875746559728));
#10270=CARTESIAN_POINT('Ctrl Pts',(268.943477294254,11.0790042435791,207.910036508561));
#10271=CARTESIAN_POINT('Ctrl Pts',(268.756545064799,11.0790042435791,207.996471752188));
#10272=CARTESIAN_POINT('Ctrl Pts',(268.655040524024,11.0790042435871,208.050682325476));
#10273=CARTESIAN_POINT('Ctrl Pts',(268.431137741089,11.0790042435871,208.088976111948));
#10274=CARTESIAN_POINT('Ctrl Pts',(268.338843973973,11.0790042435792,208.072878730686));
#10275=CARTESIAN_POINT('Ctrl Pts',(268.068828907558,11.0790042435792,208.012108267899));
#10276=CARTESIAN_POINT('Ctrl Pts',(267.92277861681,11.0790042435791,207.968348872898));
#10277=CARTESIAN_POINT('Ctrl Pts',(267.391000913115,11.0790042435791,207.980082080135));
#10278=CARTESIAN_POINT('Ctrl Pts',(267.185666440863,11.0790042435791,208.010108468149));
#10279=CARTESIAN_POINT('Ctrl Pts',(266.6987763025,11.0790042435791,208.012909035624));
#10280=CARTESIAN_POINT('Ctrl Pts',(266.494972388029,11.0790042435791,207.997155834239));
#10281=CARTESIAN_POINT('Ctrl Pts',(265.972351255665,11.0790042435791,207.984018400768));
#10282=CARTESIAN_POINT('Ctrl Pts',(265.814166783591,11.0790042435791,207.996392747534));
#10283=CARTESIAN_POINT('Ctrl Pts',(265.450392015553,11.0790042435791,208.0176344461));
#10284=CARTESIAN_POINT('Ctrl Pts',(265.318431738766,11.0790042435791,208.022944416702));
#10285=CARTESIAN_POINT('Ctrl Pts',(264.967056700984,11.0790042435791,207.999639137671));
#10286=CARTESIAN_POINT('Ctrl Pts',(264.818700050136,11.079004243579,207.979548337301));
#10287=CARTESIAN_POINT('Ctrl Pts',(264.550721159223,11.079004243579,207.963262473109));
#10288=CARTESIAN_POINT('Ctrl Pts',(264.460338212328,11.0790042435791,207.96610548719));
#10289=CARTESIAN_POINT('Ctrl Pts',(264.267165529129,11.0790042435791,207.993479612056));
#10290=CARTESIAN_POINT('Ctrl Pts',(264.198195547271,11.0790042435791,208.015126455681));
#10291=CARTESIAN_POINT('Ctrl Pts',(263.993380994322,11.0790042435791,208.027811447614));
#10292=CARTESIAN_POINT('Ctrl Pts',(263.898959146412,11.0790042435791,208.003691670289));
#10293=CARTESIAN_POINT('Ctrl Pts',(263.727735778857,11.0790042435791,207.972744394526));
#10294=CARTESIAN_POINT('Ctrl Pts',(263.659298383489,11.0790042435791,207.963323759496));
#10295=CARTESIAN_POINT('Ctrl Pts',(263.562575600085,11.0790042435791,207.975124789333));
#10296=CARTESIAN_POINT('Ctrl Pts',(263.53021566371,11.0790042435791,207.98420262284));
#10297=CARTESIAN_POINT('Ctrl Pts',(263.500366442762,11.0790042435791,208.000646115544));
#10298=CARTESIAN_POINT('',(263.5,10.3290042435791,207.999980926514));
#10299=CARTESIAN_POINT('Origin',(266.474352040174,8.07884058159233,217.528136571524));
#10300=CARTESIAN_POINT('Ctrl Pts',(260.026602124568,8.66646422374943,213.000147074108));
#10301=CARTESIAN_POINT('Ctrl Pts',(260.012112270654,8.50679611830674,213.000068406227));
#10302=CARTESIAN_POINT('Ctrl Pts',(260.003682993877,8.34812801210814,213.000008572594));
#10303=CARTESIAN_POINT('Ctrl Pts',(259.99429221758,7.80509533896808,212.99993578657));
#10304=CARTESIAN_POINT('Ctrl Pts',(260.02234077299,7.40587352630985,213.000250338724));
#10305=CARTESIAN_POINT('Ctrl Pts',(260.088936367023,7.00743899037642,213.000066079508));
#10306=CARTESIAN_POINT('Origin',(241.500000666193,8.07900438343909,202.089230060578));
#10307=CARTESIAN_POINT('',(240.075000687081,8.07900439173018,203.999981880188));
#10308=CARTESIAN_POINT('Origin',(241.50000065866,8.07900439173018,203.999981880188));
#10309=CARTESIAN_POINT('',(240.075000710734,8.07900424357911,197.999982833863));
#10310=CARTESIAN_POINT('',(240.075000694614,8.07900438343909,202.08923005496));
#10311=CARTESIAN_POINT('Origin',(241.500000682313,8.07900436569511,197.999982833863));
#10312=CARTESIAN_POINT('',(241.101251782129,9.44707756467369,200.940812613766));
#10313=CARTESIAN_POINT('',(242.500000762032,9.09420127329756,199.599981482106));
#10314=CARTESIAN_POINT('Ctrl Pts',(241.101251782129,9.44707756467369,200.940812613766));
#10315=CARTESIAN_POINT('Ctrl Pts',(241.105428542724,9.44829495415288,200.842074000528));
#10316=CARTESIAN_POINT('Ctrl Pts',(241.120203396571,9.45270945832722,200.742657801199));
#10317=CARTESIAN_POINT('Ctrl Pts',(241.176045477616,9.46704867538744,200.529209513455));
#10318=CARTESIAN_POINT('Ctrl Pts',(241.221817225866,9.47787528827772,200.416222404113));
#10319=CARTESIAN_POINT('Ctrl Pts',(241.340404765475,9.49630975600093,200.206340751319));
#10320=CARTESIAN_POINT('Ctrl Pts',(241.413363455824,9.50380973934115,200.109190307784));
#10321=CARTESIAN_POINT('Ctrl Pts',(241.58011331492,9.50419148431684,199.937862525693));
#10322=CARTESIAN_POINT('Ctrl Pts',(241.673918657289,9.49698049134776,199.863698788482));
#10323=CARTESIAN_POINT('Ctrl Pts',(241.863815814458,9.45985458535274,199.748401473143));
#10324=CARTESIAN_POINT('Ctrl Pts',(241.966610620019,9.42997341489832,199.701192490922));
#10325=CARTESIAN_POINT('Ctrl Pts',(242.169355287975,9.34186091855815,199.635418757357));
#10326=CARTESIAN_POINT('Ctrl Pts',(242.269082312441,9.28339417946061,199.616483405935));
#10327=CARTESIAN_POINT('Ctrl Pts',(242.405213964496,9.18137315556146,199.602266627835));
#10328=CARTESIAN_POINT('Ctrl Pts',(242.453970459238,9.13954253334208,199.599981482564));
#10329=CARTESIAN_POINT('Ctrl Pts',(242.500000761951,9.09420127329757,199.599981482105));
#10330=CARTESIAN_POINT('',(242.500000783072,7.06380749277896,199.599981461816));
#10331=CARTESIAN_POINT('Ctrl Pts',(242.50000078307,7.06380749278096,199.599981461816));
#10332=CARTESIAN_POINT('Ctrl Pts',(242.453970481293,7.01846623177169,199.599981461363));
#10333=CARTESIAN_POINT('Ctrl Pts',(242.405213987376,6.97663560851319,199.602266605791));
#10334=CARTESIAN_POINT('Ctrl Pts',(242.26908233711,6.87461458168804,199.616483381885));
#10335=CARTESIAN_POINT('Ctrl Pts',(242.169355313533,6.816147840543,199.635418732214));
#10336=CARTESIAN_POINT('Ctrl Pts',(241.966610646733,6.7280353404555,199.701192464377));
#10337=CARTESIAN_POINT('Ctrl Pts',(241.86381584144,6.69815416830519,199.748401446291));
#10338=CARTESIAN_POINT('Ctrl Pts',(241.673918684663,6.66102825956598,199.863698761501));
#10339=CARTESIAN_POINT('Ctrl Pts',(241.580113342621,6.65381726546281,199.937862498725));
#10340=CARTESIAN_POINT('Ctrl Pts',(241.413363484019,6.65419900865376,200.109190280828));
#10341=CARTESIAN_POINT('Ctrl Pts',(241.340404793837,6.66169899135374,200.206340724361));
#10342=CARTESIAN_POINT('Ctrl Pts',(241.221817254346,6.68013345842847,200.416222377105));
#10343=CARTESIAN_POINT('Ctrl Pts',(241.176045506062,6.69096007131555,200.529209486384));
#10344=CARTESIAN_POINT('Ctrl Pts',(241.115124327684,6.70660350763203,200.762071889338));
#10345=CARTESIAN_POINT('Ctrl Pts',(241.100000916127,6.71129639944912,200.881962298078));
#10346=CARTESIAN_POINT('Ctrl Pts',(241.100000915196,6.71129640047333,201.118000349428));
#10347=CARTESIAN_POINT('Ctrl Pts',(241.115124325774,6.70660350970602,201.23789075818));
#10348=CARTESIAN_POINT('Ctrl Pts',(241.176045502335,6.6909600754045,201.47075316144));
#10349=CARTESIAN_POINT('Ctrl Pts',(241.221817249785,6.68013346348253,201.583740271008));
#10350=CARTESIAN_POINT('Ctrl Pts',(241.340404787795,6.6616989982133,201.793621924535));
#10351=CARTESIAN_POINT('Ctrl Pts',(241.413363477339,6.65419901636129,201.890772368578));
#10352=CARTESIAN_POINT('Ctrl Pts',(241.580113334667,6.65381727470159,202.062100151932));
#10353=CARTESIAN_POINT('Ctrl Pts',(241.673918676072,6.66102826949888,202.136263889899));
#10354=CARTESIAN_POINT('Ctrl Pts',(241.863815831558,6.69815417916401,202.251561207116));
#10355=CARTESIAN_POINT('Ctrl Pts',(241.966610636434,6.72803535170748,202.298770190422));
#10356=CARTESIAN_POINT('Ctrl Pts',(242.169355302689,6.81614785234095,202.364543925947));
#10357=CARTESIAN_POINT('Ctrl Pts',(242.269082326131,6.87461459364124,202.383479278246));
#10358=CARTESIAN_POINT('Ctrl Pts',(242.440303035163,7.00293238418088,202.401360549891));
#10359=CARTESIAN_POINT('Ctrl Pts',(242.520579229358,7.07838834716696,202.40163553247));
#10360=CARTESIAN_POINT('Ctrl Pts',(242.662518635501,7.2475207538838,202.392333989298));
#10361=CARTESIAN_POINT('Ctrl Pts',(242.724196549518,7.3411898709899,202.382848823352));
#10362=CARTESIAN_POINT('Ctrl Pts',(242.823949866516,7.54031731304383,202.362935361026));
#10363=CARTESIAN_POINT('Ctrl Pts',(242.862124543999,7.64598949800907,202.352592683787));
#10364=CARTESIAN_POINT('Ctrl Pts',(242.912661444431,7.86158112846979,202.338040475888));
#10365=CARTESIAN_POINT('Ctrl Pts',(242.925000637917,7.97151152975635,202.333913407067));
#10366=CARTESIAN_POINT('Ctrl Pts',(242.925000635697,8.18649726882784,202.333913409215));
#10367=CARTESIAN_POINT('Ctrl Pts',(242.912661439908,8.29642766993227,202.338040480244));
#10368=CARTESIAN_POINT('Ctrl Pts',(242.862124535019,8.51201929939321,202.352592692452));
#10369=CARTESIAN_POINT('Ctrl Pts',(242.823949855385,8.61769148354383,202.362935371791));
#10370=CARTESIAN_POINT('Ctrl Pts',(242.724196534392,8.8168189235163,202.382848838078));
#10371=CARTESIAN_POINT('Ctrl Pts',(242.662518618534,8.91048803934502,202.392334005891));
#10372=CARTESIAN_POINT('Ctrl Pts',(242.520579208967,9.07962044321771,202.401635552463));
#10373=CARTESIAN_POINT('Ctrl Pts',(242.44030301319,9.15507640463736,202.401360571423));
#10374=CARTESIAN_POINT('Ctrl Pts',(242.269082301605,9.28339419141381,202.383479302353));
#10375=CARTESIAN_POINT('Ctrl Pts',(242.169355277303,9.3418609303561,202.364543951327));
#10376=CARTESIAN_POINT('Ctrl Pts',(241.966610609839,9.4299734261503,202.298770217929));
#10377=CARTESIAN_POINT('Ctrl Pts',(241.863815804605,9.45985459621157,202.251561235478));
#10378=CARTESIAN_POINT('Ctrl Pts',(241.673918647963,9.49698050128066,202.136263919152));
#10379=CARTESIAN_POINT('Ctrl Pts',(241.580113306127,9.50419149355562,202.062100181204));
#10380=CARTESIAN_POINT('Ctrl Pts',(241.413363448459,9.50380974704868,201.890772397736));
#10381=CARTESIAN_POINT('Ctrl Pts',(241.340404759003,9.49630976286049,201.79362195356));
#10382=CARTESIAN_POINT('Ctrl Pts',(241.221817221222,9.47787529333178,201.583740299679));
#10383=CARTESIAN_POINT('Ctrl Pts',(241.17604547392,9.46704867947639,201.470753189904));
#10384=CARTESIAN_POINT('Ctrl Pts',(241.115124297518,9.4514052418618,201.237890786151));
#10385=CARTESIAN_POINT('Ctrl Pts',(241.100000886954,9.44671234971637,201.118000377108));
#10386=CARTESIAN_POINT('Ctrl Pts',(241.100000887419,9.44671234920427,200.999981351164));
#10387=CARTESIAN_POINT('Ctrl Pts',(241.100000887496,9.44671234911888,200.980302476857));
#10388=CARTESIAN_POINT('Ctrl Pts',(241.100415969437,9.44683395253582,200.960571224362));
#10389=CARTESIAN_POINT('Ctrl Pts',(241.101251782129,9.4470775646737,200.940812613766));
#10390=CARTESIAN_POINT('Ctrl Pts',(242.500000761951,9.09420127329755,199.599981482106));
#10391=CARTESIAN_POINT('Ctrl Pts',(242.531902011544,9.06277756395171,199.599981481788));
#10392=CARTESIAN_POINT('Ctrl Pts',(242.562497504419,9.02967137017303,199.60107413416));
#10393=CARTESIAN_POINT('Ctrl Pts',(242.662518629309,8.9104880275469,199.607628698013));
#10394=CARTESIAN_POINT('Ctrl Pts',(242.724196545185,8.81681891171442,199.617113864445));
#10395=CARTESIAN_POINT('Ctrl Pts',(242.823949866138,8.61769147172035,199.637027327558));
#10396=CARTESIAN_POINT('Ctrl Pts',(242.862124545722,8.51201928754339,199.647370005098));
#10397=CARTESIAN_POINT('Ctrl Pts',(242.91266145049,8.29642765812624,199.661922213395));
#10398=CARTESIAN_POINT('Ctrl Pts',(242.925000646214,8.18649725709447,199.666049282314));
#10399=CARTESIAN_POINT('Ctrl Pts',(242.925000648434,7.97151151802299,199.666049280165));
#10400=CARTESIAN_POINT('Ctrl Pts',(242.912661454947,7.86158111666375,199.661922209039));
#10401=CARTESIAN_POINT('Ctrl Pts',(242.862124554625,7.64598948615926,199.647369996433));
#10402=CARTESIAN_POINT('Ctrl Pts',(242.823949877254,7.54031730122034,199.637027316792));
#10403=CARTESIAN_POINT('Ctrl Pts',(242.72419656053,7.34118985918802,199.617113849719));
#10404=CARTESIAN_POINT('Ctrl Pts',(242.662518646681,7.24752074208568,199.607628681421));
#10405=CARTESIAN_POINT('Ctrl Pts',(242.562497524275,7.12833739730332,199.60107411517));
#10406=CARTESIAN_POINT('Ctrl Pts',(242.531902032061,7.09523120284097,199.599981462129));
#10407=CARTESIAN_POINT('Ctrl Pts',(242.50000078307,7.06380749278094,199.599981461816));
#10408=CARTESIAN_POINT('Origin',(241.500000456924,8.07900424357909,197.999982833863));
#10409=CARTESIAN_POINT('Ctrl Pts',(241.500000476837,5.07900424357909,201.979776692433));
#10410=CARTESIAN_POINT('Ctrl Pts',(241.379783916177,5.07900424435313,201.857081074076));
#10411=CARTESIAN_POINT('Ctrl Pts',(241.276072379388,5.08655861265972,201.703516414582));
#10412=CARTESIAN_POINT('Ctrl Pts',(241.170880933624,5.09689632244946,201.449586416066));
#10413=CARTESIAN_POINT('Ctrl Pts',(241.143869138283,5.10016395110954,201.359695621427));
#10414=CARTESIAN_POINT('Ctrl Pts',(241.108424899941,5.10461563638739,201.178877879673));
#10415=CARTESIAN_POINT('Ctrl Pts',(241.100000933105,5.10579043414765,201.087949043316));
#10416=CARTESIAN_POINT('Ctrl Pts',(241.100000931366,5.10579043414765,200.911490700621));
#10417=CARTESIAN_POINT('Ctrl Pts',(241.108525219547,5.10460120603733,200.820039387261));
#10418=CARTESIAN_POINT('Ctrl Pts',(241.144372311873,5.1001026143352,200.638242747073));
#10419=CARTESIAN_POINT('Ctrl Pts',(241.17168640364,5.09680281412985,200.547895465905));
#10420=CARTESIAN_POINT('Ctrl Pts',(241.277194592179,5.08647662457057,200.294795047654));
#10421=CARTESIAN_POINT('Ctrl Pts',(241.380333484557,5.07900424357909,200.142320650636));
#10422=CARTESIAN_POINT('Ctrl Pts',(241.500000476837,5.07900424357909,200.020185933638));
#10423=CARTESIAN_POINT('',(241.500000516067,11.0790042435791,203.999981880188));
#10424=CARTESIAN_POINT('Origin',(241.500000516067,8.07900424357909,203.999981880188));
#10425=CARTESIAN_POINT('',(241.500000496153,11.0790042435791,201.979776835332));
#10426=CARTESIAN_POINT('',(241.500000456924,11.0790042435791,197.999982833863));
#10427=CARTESIAN_POINT('',(241.500000476837,11.0790042435791,200.020185930371));
#10428=CARTESIAN_POINT('Ctrl Pts',(241.500000476837,11.0790042435791,200.020185930371));
#10429=CARTESIAN_POINT('Ctrl Pts',(241.380333458688,11.0790042435791,200.142320658324));
#10430=CARTESIAN_POINT('Ctrl Pts',(241.277194542368,11.0715318591598,200.294795078709));
#10431=CARTESIAN_POINT('Ctrl Pts',(241.171686342045,11.0612056662474,200.547895525544));
#10432=CARTESIAN_POINT('Ctrl Pts',(241.144372250345,11.0579058654776,200.638242806666));
#10433=CARTESIAN_POINT('Ctrl Pts',(241.10852515812,11.0534072730361,200.820039446766));
#10434=CARTESIAN_POINT('Ctrl Pts',(241.10000086997,11.0522180447507,200.911490760085));
#10435=CARTESIAN_POINT('Ctrl Pts',(241.10000087171,11.0522180447507,201.087949102781));
#10436=CARTESIAN_POINT('Ctrl Pts',(241.108424838529,11.053392842686,201.178877939178));
#10437=CARTESIAN_POINT('Ctrl Pts',(241.143869076786,11.0578445286965,201.359695681019));
#10438=CARTESIAN_POINT('Ctrl Pts',(241.170880872059,11.061112157914,201.449586475704));
#10439=CARTESIAN_POINT('Ctrl Pts',(241.276072333246,11.0714498714124,201.703516512164));
#10440=CARTESIAN_POINT('Ctrl Pts',(241.37978390149,11.0790042435791,201.857081202628));
#10441=CARTESIAN_POINT('Ctrl Pts',(241.500000496153,11.0790042435791,201.979776835332));
#10442=CARTESIAN_POINT('',(241.500000476837,11.0790042435791,197.999982833863));
#10443=CARTESIAN_POINT('',(241.500000476837,11.0790042435791,201.598488950148));
#10444=CARTESIAN_POINT('Origin',(241.500000456924,8.07900424357909,197.999982833863));
#10445=CARTESIAN_POINT('Origin',(257.500000952197,5.07900424357909,200.99998140497));
#10446=CARTESIAN_POINT('',(257.500000952197,11.0790042435791,199.599981549087));
#10447=CARTESIAN_POINT('Origin',(257.500000952197,11.0790042435791,200.99998140497));
#10448=CARTESIAN_POINT('',(257.500000952197,5.07900424357909,199.599981549087));
#10449=CARTESIAN_POINT('Origin',(247.500000738094,5.07900424357909,200.999981446936));
#10450=CARTESIAN_POINT('',(247.500000738094,11.0790042435791,199.59998158795));
#10451=CARTESIAN_POINT('Origin',(247.500000738094,11.0790042435791,200.999981446936));
#10452=CARTESIAN_POINT('',(247.500000738094,5.07900424357909,199.59998158795));
#10453=CARTESIAN_POINT('Origin',(252.500000902956,5.07900424357909,200.999981400384));
#10454=CARTESIAN_POINT('',(252.500000902956,11.0790042435791,199.599981544352));
#10455=CARTESIAN_POINT('Origin',(252.500000902956,11.0790042435791,200.999981400384));
#10456=CARTESIAN_POINT('',(252.500000902956,5.07900424357909,199.599981544352));
#10457=CARTESIAN_POINT('Origin',(242.500000767693,8.55377297032205,200.999981347759));
#10458=CARTESIAN_POINT('',(242.50000074162,11.0790042777004,199.59998150194));
#10459=CARTESIAN_POINT('Origin',(242.50000074162,11.0790042435791,200.999981372994));
#10460=CARTESIAN_POINT('Origin',(242.50000074162,11.0790042435791,200.999981372994));
#10461=CARTESIAN_POINT('',(242.500000767693,8.55377298431236,199.599981476705));
#10462=CARTESIAN_POINT('',(242.500000767693,8.55377298431236,199.599981476705));
#10463=CARTESIAN_POINT('Origin',(258.601020812988,10.3290042435791,208.999981752954));
#10464=CARTESIAN_POINT('',(258.601020812988,11.0790042435791,203.999981880188));
#10465=CARTESIAN_POINT('Origin',(258.601020812988,11.0790042435791,208.999981752954));
#10466=CARTESIAN_POINT('',(258.601020812988,10.3290042435791,203.999981880188));
#10467=CARTESIAN_POINT('Origin',(266.500000919568,8.07900436371613,212.998960773011));
#10468=CARTESIAN_POINT('',(273.000000929717,8.0790043611534,219.999980926514));
#10469=CARTESIAN_POINT('',(273.000001000037,8.07900436371613,212.998960838298));
#10470=CARTESIAN_POINT('',(272.824556280171,9.57900424357909,219.999980926514));
#10471=CARTESIAN_POINT('Origin',(266.500000849248,8.0790043611534,219.999980926514));
#10472=CARTESIAN_POINT('',(272.824556378564,9.57900424679835,214.999982149069));
#10473=CARTESIAN_POINT('',(272.824556305499,9.57900424357909,217.499981880188));
#10474=CARTESIAN_POINT('',(272.980741665767,8.57900487090607,213.99998188029));
#10475=CARTESIAN_POINT('Origin',(266.500000914535,8.07900436353273,213.499981715935));
#10476=CARTESIAN_POINT('',(273.000000989982,8.07900436334971,213.999981880188));
#10477=CARTESIAN_POINT('Origin',(266.500000909513,8.0790043633497,213.999981880188));
#10478=CARTESIAN_POINT('',(273.000001000037,8.07900436371613,212.998960838298));
#10479=CARTESIAN_POINT('',(272.980741655234,7.57900376573055,213.999981880268));
#10480=CARTESIAN_POINT('Origin',(266.500000909513,8.0790043633497,213.999981880188));
#10481=CARTESIAN_POINT('',(272.824556311388,6.5790042409549,214.999982312486));
#10482=CARTESIAN_POINT('Origin',(266.500000914535,8.07900436353273,213.499981430131));
#10483=CARTESIAN_POINT('',(272.824556224401,6.57900424357909,219.999980926514));
#10484=CARTESIAN_POINT('',(272.824556249294,6.57900424357909,217.499981880188));
#10485=CARTESIAN_POINT('Origin',(266.500000849248,8.0790043611534,219.999980926514));
#10486=CARTESIAN_POINT('',(260.01926013663,8.57900447639025,213.999981880233));
#10487=CARTESIAN_POINT('',(260.019260155111,7.57900401076792,213.999981880233));
#10488=CARTESIAN_POINT('Origin',(266.500000909513,8.0790043633497,213.999981880188));
#10489=CARTESIAN_POINT('',(260.175445460775,9.579004244099,214.999982754134));
#10490=CARTESIAN_POINT('Origin',(266.500000914535,8.07900436353273,213.499981412263));
#10491=CARTESIAN_POINT('',(260.175445418325,9.57900424357909,219.999980926514));
#10492=CARTESIAN_POINT('',(260.175445443218,9.57900424357909,217.499981880188));
#10493=CARTESIAN_POINT('',(260.175445474095,6.57900424357909,219.999980926514));
#10494=CARTESIAN_POINT('Origin',(266.500000849248,8.0790043611534,219.999980926514));
#10495=CARTESIAN_POINT('',(260.175445517413,6.57900424305917,214.999982754134));
#10496=CARTESIAN_POINT('',(260.175445499423,6.57900424357909,217.499981880188));
#10497=CARTESIAN_POINT('Origin',(266.500000914535,8.07900436353273,213.499981172355));
#10498=CARTESIAN_POINT('',(265.,1.75444915953232,219.999980926514));
#10499=CARTESIAN_POINT('',(264.999999998234,1.75444914487265,214.999982515799));
#10500=CARTESIAN_POINT('',(265.,1.75444916640295,217.499981880188));
#10501=CARTESIAN_POINT('',(268.,1.75444875669876,219.999980926514));
#10502=CARTESIAN_POINT('Origin',(266.500000849248,8.0790043611534,219.999980926514));
#10503=CARTESIAN_POINT('',(267.999999999904,1.75444874916415,214.99998288351));
#10504=CARTESIAN_POINT('',(268.,1.75444875165839,217.499981880188));
#10505=CARTESIAN_POINT('',(266.999999975219,1.59826351299664,213.999981880184));
#10506=CARTESIAN_POINT('Origin',(266.500000914535,8.07900436353273,213.499982286959));
#10507=CARTESIAN_POINT('',(265.999999492213,1.59826368391812,213.999981880247));
#10508=CARTESIAN_POINT('Origin',(266.500000909513,8.0790043633497,213.999981880188));
#10509=CARTESIAN_POINT('Origin',(266.500000914535,8.07900436353273,213.499980398116));
#10510=CARTESIAN_POINT('',(265.99999949205,14.5597450428535,213.999981880358));
#10511=CARTESIAN_POINT('',(264.999999998217,14.4035595813628,214.999982515824));
#10512=CARTESIAN_POINT('Origin',(266.500000914535,8.07900436353273,213.499980398116));
#10513=CARTESIAN_POINT('',(266.999999975216,14.5597452137919,213.999981880185));
#10514=CARTESIAN_POINT('Origin',(266.500000909513,8.0790043633497,213.999981880188));
#10515=CARTESIAN_POINT('',(267.999999999914,14.403559977071,214.999982883524));
#10516=CARTESIAN_POINT('Origin',(266.500000914535,8.07900436353273,213.499982286959));
#10517=CARTESIAN_POINT('',(268.,14.403559965608,219.999980926514));
#10518=CARTESIAN_POINT('',(268.,14.4035599724787,217.499981880188));
#10519=CARTESIAN_POINT('',(265.,14.4035595627745,219.999980926514));
#10520=CARTESIAN_POINT('Origin',(266.500000849248,8.0790043611534,219.999980926514));
#10521=CARTESIAN_POINT('',(265.,14.4035595577341,217.499981880188));
#10522=CARTESIAN_POINT('Origin',(266.552632382042,10.4456697323743,233.999982833863));
#10523=CARTESIAN_POINT('Origin',(265.53487701416,3.82847451474923,214.465105056763));
#10524=CARTESIAN_POINT('',(265.999999957911,7.57900419125302,213.999981880188));
#10525=CARTESIAN_POINT('',(265.999999831284,5.95373939126175,213.999981880188));
#10526=CARTESIAN_POINT('',(264.999999998363,6.57900424526686,214.999982893954));
#10527=CARTESIAN_POINT('',(264.457059727662,6.03606399219095,215.542923731903));
#10528=CARTESIAN_POINT('',(265.,3.99760067351358,214.999982687872));
#10529=CARTESIAN_POINT('Origin',(262.24362449646,7.16875653621215,214.410229873658));
#10530=CARTESIAN_POINT('',(262.415673666217,6.57900424357909,214.99998282097));
#10531=CARTESIAN_POINT('',(264.606870461865,7.57900414920667,213.999981880188));
#10532=CARTESIAN_POINT('Origin',(265.53487701416,12.3295341050293,214.465105056763));
#10533=CARTESIAN_POINT('',(265.999999957911,8.57900429590516,213.999981880188));
#10534=CARTESIAN_POINT('',(264.999999998363,9.57900424189132,214.999982893954));
#10535=CARTESIAN_POINT('',(264.457059705559,10.1219445170706,215.542923754006));
#10536=CARTESIAN_POINT('',(265.999999831284,10.2042691470571,213.999981880188));
#10537=CARTESIAN_POINT('',(265.,12.16040794701,214.999982687872));
#10538=CARTESIAN_POINT('Origin',(262.24362449646,8.98925195094603,214.410229873658));
#10539=CARTESIAN_POINT('',(264.606870461865,8.57900433795151,213.999981880188));
#10540=CARTESIAN_POINT('',(262.415673666217,9.57900424357909,214.99998282097));
#10541=CARTESIAN_POINT('Origin',(270.742360687256,9.09870534297484,214.519683074952));
#10542=CARTESIAN_POINT('',(267.000000014625,8.57900415145302,213.999981880188));
#10543=CARTESIAN_POINT('',(268.856238557094,8.579004374893,213.999981880188));
#10544=CARTESIAN_POINT('',(267.999999978877,9.57900426474376,214.999982788433));
#10545=CARTESIAN_POINT('',(270.577318832909,9.57900424357909,214.999982414741));
#10546=CARTESIAN_POINT('',(268.610234179186,10.18923869219,215.610217632893));
#10547=CARTESIAN_POINT('Origin',(267.573883056641,12.3108851945068,214.573865509034));
#10548=CARTESIAN_POINT('',(268.,12.1510835751376,214.999982868801));
#10549=CARTESIAN_POINT('',(267.000000003972,10.194944709675,213.999981880188));
#10550=CARTESIAN_POINT('Origin',(267.573883056641,3.84712331872839,214.573865509034));
#10551=CARTESIAN_POINT('',(267.999999983213,6.57900422672614,214.999982801417));
#10552=CARTESIAN_POINT('',(268.,4.00692499211436,214.999982868801));
#10553=CARTESIAN_POINT('',(267.000000014625,7.57900431375463,213.999981880188));
#10554=CARTESIAN_POINT('',(268.610234169105,5.96876986021911,215.610217622812));
#10555=CARTESIAN_POINT('',(267.000000003972,5.96306377537218,213.999981880188));
#10556=CARTESIAN_POINT('Origin',(270.742360687256,7.05930323955077,214.519683074952));
#10557=CARTESIAN_POINT('',(270.577318861873,6.57900424357909,214.999982514603));
#10558=CARTESIAN_POINT('',(268.856238556811,7.57900414355257,213.999981880188));
#10559=CARTESIAN_POINT('Origin',(265.417798995972,8.07900424357909,198.594505667687));
#10560=CARTESIAN_POINT('',(263.146551132202,11.0790042435791,197.999982833863));
#10561=CARTESIAN_POINT('',(263.146551132202,8.07900429243536,197.999982833863));
#10562=CARTESIAN_POINT('',(267.689046859741,11.0790042435791,199.189028501511));
#10563=CARTESIAN_POINT('',(259.562102224891,11.0790042435791,197.061715920741));
#10564=CARTESIAN_POINT('',(267.689046859741,8.07900424357909,199.189028501511));
#10565=CARTESIAN_POINT('Origin',(241.988475910598,8.11932692036078,203.999981880188));
#10566=CARTESIAN_POINT('',(247.05305497921,11.0790042435791,203.999981880188));
#10567=CARTESIAN_POINT('Origin',(268.594523429871,8.07900424357909,200.094504952431));
#10568=CARTESIAN_POINT('',(269.5,11.0790042435791,200.999981403351));
#10569=CARTESIAN_POINT('',(264.851296541477,11.0790042435791,196.351278556847));
#10570=CARTESIAN_POINT('',(269.5,8.23535039962603,200.999981403351));
#10571=CARTESIAN_POINT('Origin',(241.561467639247,8.07900434129162,197.999982833863));
#10572=CARTESIAN_POINT('',(246.839550843535,11.0790042435791,197.999982833863));
#10573=CARTESIAN_POINT('Origin',(252.117634047822,11.0790042435791,201.598488950148));
#10574=CARTESIAN_POINT('',(269.5,11.0790042435791,204.260773436549));
#10575=CARTESIAN_POINT('Origin',(269.5,8.39169655567297,206.92305792295));
#10576=CARTESIAN_POINT('Origin',(268.,4.1667266791727,217.499981880188));
#10577=CARTESIAN_POINT('',(268.,6.57900424357909,219.999980926514));
#10578=CARTESIAN_POINT('',(268.,6.1228654986288,219.999980926514));
#10579=CARTESIAN_POINT('',(268.,6.57900424357909,217.499981880188));
#10580=CARTESIAN_POINT('Origin',(265.,4.1667266791727,217.499981880188));
#10581=CARTESIAN_POINT('',(265.,6.57900424357909,219.999980926514));
#10582=CARTESIAN_POINT('',(265.,6.57900424357909,217.499981880188));
#10583=CARTESIAN_POINT('',(265.,6.1228654986288,219.999980926514));
#10584=CARTESIAN_POINT('Origin',(265.,11.9912819420959,217.499981880188));
#10585=CARTESIAN_POINT('',(265.,9.57900424357909,219.999980926514));
#10586=CARTESIAN_POINT('',(265.,10.0351431300904,219.999980926514));
#10587=CARTESIAN_POINT('',(265.,9.57900424357909,217.499981880188));
#10588=CARTESIAN_POINT('Origin',(268.,11.9912819420959,217.499981880188));
#10589=CARTESIAN_POINT('',(268.,9.57900424357909,219.999980926514));
#10590=CARTESIAN_POINT('',(268.,9.57900424357909,217.499981880188));
#10591=CARTESIAN_POINT('',(268.,10.0351431300904,219.999980926514));
#10592=CARTESIAN_POINT('Origin',(266.970116424561,8.07900422842958,213.999981880188));
#10593=CARTESIAN_POINT('Origin',(266.847790593686,8.0790043180849,219.999980926514));
#10594=CARTESIAN_POINT('',(264.717756686003,9.57900424357909,219.999980926514));
#10595=CARTESIAN_POINT('',(268.630033907683,9.57900424357909,219.999980926514));
#10596=CARTESIAN_POINT('',(268.630033907683,6.57900424357909,219.999980926514));
#10597=CARTESIAN_POINT('',(264.717756686003,6.57900424357909,219.999980926514));
#10598=CARTESIAN_POINT('Origin',(270.41227722168,9.57900424357909,217.499981880188));
#10599=CARTESIAN_POINT('Origin',(262.58772277832,9.57900424357909,217.499981880188));
#10600=CARTESIAN_POINT('Origin',(270.41227722168,6.57900424357909,217.499981880188));
#10601=CARTESIAN_POINT('Origin',(262.58772277832,6.57900424357909,217.499981880188));
#10602=UNCERTAINTY_MEASURE_WITH_UNIT(LENGTH_MEASURE(0.01),#10606,
'DISTANCE_ACCURACY_VALUE',
'Maximum model space distance between geometric entities at asserted c
onnectivities');
#10603=UNCERTAINTY_MEASURE_WITH_UNIT(LENGTH_MEASURE(0.01),#10606,
'DISTANCE_ACCURACY_VALUE',
'Maximum model space distance between geometric entities at asserted c
onnectivities');
#10604=(
GEOMETRIC_REPRESENTATION_CONTEXT(3)
GLOBAL_UNCERTAINTY_ASSIGNED_CONTEXT((#10602))
GLOBAL_UNIT_ASSIGNED_CONTEXT((#10606,#10608,#10609))
REPRESENTATION_CONTEXT('','3D')
);
#10605=(
GEOMETRIC_REPRESENTATION_CONTEXT(3)
GLOBAL_UNCERTAINTY_ASSIGNED_CONTEXT((#10603))
GLOBAL_UNIT_ASSIGNED_CONTEXT((#10606,#10608,#10609))
REPRESENTATION_CONTEXT('','3D')
);
#10606=(
LENGTH_UNIT()
NAMED_UNIT(*)
SI_UNIT(.MILLI.,.METRE.)
);
#10607=(
LENGTH_UNIT()
NAMED_UNIT(*)
SI_UNIT($,.METRE.)
);
#10608=(
NAMED_UNIT(*)
PLANE_ANGLE_UNIT()
SI_UNIT($,.RADIAN.)
);
#10609=(
NAMED_UNIT(*)
SI_UNIT($,.STERADIAN.)
SOLID_ANGLE_UNIT()
);
#10610=SHAPE_DEFINITION_REPRESENTATION(#10611,#10612);
#10611=PRODUCT_DEFINITION_SHAPE('',$,#10614);
#10612=SHAPE_REPRESENTATION('',(#984),#10604);
#10613=PRODUCT_DEFINITION_CONTEXT('part definition',#10618,'design');
#10614=PRODUCT_DEFINITION('2026-09-20-17-41-46-001','(\X2\672A4FDD5B58\X0\)',
#10615,#10613);
#10615=PRODUCT_DEFINITION_FORMATION('',$,#10620);
#10616=PRODUCT_RELATED_PRODUCT_CATEGORY('(\X2\672A4FDD5B58\X0\)',
'(\X2\672A4FDD5B58\X0\)',(#10620));
#10617=APPLICATION_PROTOCOL_DEFINITION('international standard',
'automotive_design',2009,#10618);
#10618=APPLICATION_CONTEXT(
'Core Data for Automotive Mechanical Design Process');
#10619=PRODUCT_CONTEXT('part definition',#10618,'mechanical');
#10620=PRODUCT('2026-09-20-17-41-46-001','(\X2\672A4FDD5B58\X0\)',$,(#10619));
#10621=PRESENTATION_STYLE_ASSIGNMENT((#10623));
#10622=PRESENTATION_STYLE_ASSIGNMENT((#10624));
#10623=SURFACE_STYLE_USAGE(.BOTH.,#10625);
#10624=SURFACE_STYLE_USAGE(.BOTH.,#10626);
#10625=SURFACE_SIDE_STYLE('',(#10627));
#10626=SURFACE_SIDE_STYLE('',(#10628));
#10627=SURFACE_STYLE_FILL_AREA(#10629);
#10628=SURFACE_STYLE_FILL_AREA(#10630);
#10629=FILL_AREA_STYLE('\X2\94A2\X0\ - \X2\7F0E5149\X0\',(#10631));
#10630=FILL_AREA_STYLE('Opaque(160,160,160)',(#10632));
#10631=FILL_AREA_STYLE_COLOUR('\X2\94A2\X0\ - \X2\7F0E5149\X0\',#10633);
#10632=FILL_AREA_STYLE_COLOUR('Opaque(160,160,160)',#10634);
#10633=COLOUR_RGB('\X2\94A2\X0\ - \X2\7F0E5149\X0\',0.627450980392157,0.627450980392157,
0.627450980392157);
#10634=COLOUR_RGB('Opaque(160,160,160)',0.627450980392157,0.627450980392157,
0.627450980392157);
ENDSEC;
END-ISO-10303-21;
