ISO-10303-21;
HEADER;
FILE_DESCRIPTION(('Designed by EasyEDA Pro'),'2;1');
FILE_NAME('Open CASCADE Shape Model','2026-08-26T17:40:00',('Author'),(
    'Open CASCADE'),'Open CASCADE STEP processor 7.8','Open CASCADE 7.8'
  ,'Unknown');
FILE_SCHEMA(('AUTOMOTIVE_DESIGN { 1 0 10303 214 1 1 1 1 }'));
ENDSEC;
DATA;
#1 = APPLICATION_PROTOCOL_DEFINITION('international standard',
  'automotive_design',2000,#2);
#2 = APPLICATION_CONTEXT(
  'core data for automotive mechanical design processes');
#3 = SHAPE_DEFINITION_REPRESENTATION(#4,#10);
#4 = PRODUCT_DEFINITION_SHAPE('','',#5);
#5 = PRODUCT_DEFINITION('design','',#6,#9);
#6 = PRODUCT_DEFINITION_FORMATION('','',#7);
#7 = PRODUCT('EasyEDA PCB Model~Isop','EasyEDA PCB Model~Isop','',(#8));
#8 = PRODUCT_CONTEXT('',#2,'mechanical');
#9 = PRODUCT_DEFINITION_CONTEXT('part definition',#2,'design');
#10 = SHAPE_REPRESENTATION('',(#11,#15,#19,#23,#27,#31),#35);
#11 = AXIS2_PLACEMENT_3D('',#12,#13,#14);
#12 = CARTESIAN_POINT('',(0.,0.,0.));
#13 = DIRECTION('',(0.,0.,1.));
#14 = DIRECTION('',(1.,0.,-0.));
#15 = AXIS2_PLACEMENT_3D('',#16,#17,#18);
#16 = CARTESIAN_POINT('',(0.,0.,0.));
#17 = DIRECTION('',(0.,0.,1.));
#18 = DIRECTION('',(1.,0.,-0.));
#19 = AXIS2_PLACEMENT_3D('',#20,#21,#22);
#20 = CARTESIAN_POINT('',(0.,0.,1.610050800102));
#21 = DIRECTION('',(0.,0.,1.));
#22 = DIRECTION('',(1.,0.,-0.));
#23 = AXIS2_PLACEMENT_3D('',#24,#25,#26);
#24 = CARTESIAN_POINT('',(0.,0.,-1.E-02));
#25 = DIRECTION('',(0.,0.,1.));
#26 = DIRECTION('',(1.,0.,-0.));
#27 = AXIS2_PLACEMENT_3D('',#28,#29,#30);
#28 = CARTESIAN_POINT('',(0.,0.,0.));
#29 = DIRECTION('',(0.,0.,1.));
#30 = DIRECTION('',(1.,0.,-0.));
#31 = AXIS2_PLACEMENT_3D('',#32,#33,#34);
#32 = CARTESIAN_POINT('',(0.,0.,0.));
#33 = DIRECTION('',(0.,0.,1.));
#34 = DIRECTION('',(1.,0.,-0.));
#35 = ( GEOMETRIC_REPRESENTATION_CONTEXT(3) 
GLOBAL_UNCERTAINTY_ASSIGNED_CONTEXT((#39)) GLOBAL_UNIT_ASSIGNED_CONTEXT(
(#36,#37,#38)) REPRESENTATION_CONTEXT('Context #1',
  '3D Context with UNIT and UNCERTAINTY') );
#36 = ( LENGTH_UNIT() NAMED_UNIT(*) SI_UNIT(.MILLI.,.METRE.) );
#37 = ( NAMED_UNIT(*) PLANE_ANGLE_UNIT() SI_UNIT($,.RADIAN.) );
#38 = ( NAMED_UNIT(*) SI_UNIT($,.STERADIAN.) SOLID_ANGLE_UNIT() );
#39 = UNCERTAINTY_MEASURE_WITH_UNIT(LENGTH_MEASURE(1.E-07),#36,
  'distance_accuracy_value','confusion accuracy');
#40 = PRODUCT_RELATED_PRODUCT_CATEGORY('part',$,(#7));
#41 = SHAPE_DEFINITION_REPRESENTATION(#42,#48);
#42 = PRODUCT_DEFINITION_SHAPE('','',#43);
#43 = PRODUCT_DEFINITION('design','',#44,#47);
#44 = PRODUCT_DEFINITION_FORMATION('','',#45);
#45 = PRODUCT('Board~Isop','Board~Isop','',(#46));
#46 = PRODUCT_CONTEXT('',#2,'mechanical');
#47 = PRODUCT_DEFINITION_CONTEXT('part definition',#2,'design');
#48 = ADVANCED_BREP_SHAPE_REPRESENTATION('',(#11,#49),#16377);
#49 = MANIFOLD_SOLID_BREP('',#50);
#50 = CLOSED_SHELL('',(#51,#93,#124,#157,#188,#221,#252,#285,#307,#349,
    #373,#415,#439,#481,#505,#547,#571,#613,#637,#679,#703,#745,#769,
    #811,#835,#877,#901,#943,#967,#1009,#1033,#1075,#1099,#1141,#1165,
    #1207,#1231,#1273,#1297,#1339,#1363,#1405,#1429,#1471,#1495,#1537,
    #1561,#1603,#1627,#1669,#1693,#1735,#1759,#1801,#1825,#1867,#1891,
    #1933,#1957,#1999,#2023,#2065,#2089,#2131,#2155,#2197,#2221,#2263,
    #2287,#2327,#2360,#2391,#2415,#2455,#2488,#2519,#2543,#2583,#2616,
    #2647,#2671,#2711,#2744,#2775,#2799,#2839,#2872,#2903,#2927,#2967,
    #3000,#3031,#3055,#3097,#3121,#3163,#3187,#3229,#3253,#3295,#3319,
    #3361,#3385,#3427,#3451,#3493,#3517,#3559,#3583,#3623,#3656,#3687,
    #3711,#3751,#3784,#3815,#3839,#3879,#3912,#3943,#3967,#4007,#4040,
    #4071,#4095,#4135,#4168,#4199,#4223,#4263,#4296,#4327,#4351,#4393,
    #4417,#4459,#4483,#4525,#4549,#4591,#4615,#4657,#4681,#4723,#4747,
    #4789,#4813,#4855,#4879,#4921,#4945,#4987,#5011,#5051,#5084,#5115,
    #5139,#5179,#5212,#5243,#5267,#5307,#5340,#5371,#5395,#5437,#5461,
    #5503,#5527,#5569,#5593,#5635,#5659,#5701,#5725,#5767,#5791,#5831,
    #5864,#5895,#5919,#5959,#5992,#6023,#6047,#6089,#6113,#6155,#6179,
    #6221,#6245,#6287,#6311,#6353,#6377,#6419,#6443,#6485,#6509,#6551,
    #6575,#6617,#6641,#6683,#6707,#6749,#6773,#6815,#6839,#6881,#6905,
    #6947,#6971,#7013,#7037,#7079,#7103,#7145,#7169,#7211,#7235,#7277,
    #7301,#7343,#7367,#7409,#7433,#7475,#7499,#7541,#7565,#7607,#7631,
    #7673,#7697,#7739,#7763,#7805,#7829,#7871,#7895,#7937,#7961,#8003,
    #8027,#8069,#8093,#8135,#8159,#8201,#8225,#8267,#8291,#8333,#8357,
    #8399,#8423,#8465,#8489,#8531,#8555,#8597,#8621,#8663,#8687,#8729,
    #8753,#8795,#8819,#8861,#8885,#8927,#8951,#8993,#9017,#9059,#9083,
    #9125,#9149,#9191,#9215,#9257,#9281,#9323,#9347,#9389,#9413,#9455,
    #9479,#9521,#9545,#9587,#9611,#9653,#9677,#9719,#9743,#9785,#9809,
    #9851,#9875,#9917,#9941,#9983,#10007,#10049,#10073,#10115,#10139,
    #10181,#10205,#10247,#10271,#10313,#10337,#10379,#10403,#10445,
    #10469,#10511,#10535,#10577,#10601,#10643,#10667,#10709,#10733,
    #10775,#10799,#10841,#10865,#10907,#10931,#10973,#10997,#11039,
    #11063,#11105,#11129,#11171,#11195,#11237,#11261,#11303,#11327,
    #11369,#11393,#11435,#11459,#11501,#11525,#11567,#11591,#11633,
    #11657,#11699,#11723,#11765,#11789,#11831,#11855,#11897,#11921,
    #11963,#11987,#12029,#12053,#12095,#12119,#12161,#12185,#12227,
    #12251,#12293,#12317,#12359,#12383,#12425,#12449,#12491,#12515,
    #12557,#12581,#12623,#12647,#12689,#12713,#12755,#12779,#12821,
    #12845,#12887,#12911,#12953,#12977,#13019,#13043,#13085,#13109,
    #13151,#13175,#13217,#13241,#13281,#13314,#13345,#13369,#13409,
    #13442,#13473,#13497,#13539,#13563,#13605,#13629,#13671,#13695,
    #13737,#13761,#13803,#13827,#13869,#13893,#13935,#13959,#14001,
    #14025,#14067,#14091,#14133,#14157,#14199,#14223,#14265,#14289,
    #14331,#14355,#14397,#14421,#14461,#14494,#14525,#14549,#14589,
    #14622,#14653,#14677,#15527));
#51 = ADVANCED_FACE('',(#52),#88,.T.);
#52 = FACE_BOUND('',#53,.T.);
#53 = EDGE_LOOP('',(#54,#64,#73,#81));
#54 = ORIENTED_EDGE('',*,*,#55,.T.);
#55 = EDGE_CURVE('',#56,#58,#60,.T.);
#56 = VERTEX_POINT('',#57);
#57 = CARTESIAN_POINT('',(1.270002540006E-02,96.500193040386,0.));
#58 = VERTEX_POINT('',#59);
#59 = CARTESIAN_POINT('',(1.270002540006E-02,96.500193040386,
    1.600050800102));
#60 = LINE('',#61,#62);
#61 = CARTESIAN_POINT('',(1.270002540006E-02,96.500193040386,0.));
#62 = VECTOR('',#63,1.);
#63 = DIRECTION('',(0.,0.,1.));
#64 = ORIENTED_EDGE('',*,*,#65,.T.);
#65 = EDGE_CURVE('',#58,#66,#68,.T.);
#66 = VERTEX_POINT('',#67);
#67 = CARTESIAN_POINT('',(3.500007620015,99.987500635001,1.600050800102)
  );
#68 = CIRCLE('',#69,3.487307594615);
#69 = AXIS2_PLACEMENT_3D('',#70,#71,#72);
#70 = CARTESIAN_POINT('',(3.500007620015,96.500193040386,1.600050800102)
  );
#71 = DIRECTION('',(0.,0.,-1.));
#72 = DIRECTION('',(-1.,9.004611242829E-16,0.));
#73 = ORIENTED_EDGE('',*,*,#74,.F.);
#74 = EDGE_CURVE('',#75,#66,#77,.T.);
#75 = VERTEX_POINT('',#76);
#76 = CARTESIAN_POINT('',(3.500007620015,99.987500635001,0.));
#77 = LINE('',#78,#79);
#78 = CARTESIAN_POINT('',(3.500007620015,99.987500635001,0.));
#79 = VECTOR('',#80,1.);
#80 = DIRECTION('',(0.,0.,1.));
#81 = ORIENTED_EDGE('',*,*,#82,.F.);
#82 = EDGE_CURVE('',#56,#75,#83,.T.);
#83 = CIRCLE('',#84,3.487307594615);
#84 = AXIS2_PLACEMENT_3D('',#85,#86,#87);
#85 = CARTESIAN_POINT('',(3.500007620015,96.500193040386,0.));
#86 = DIRECTION('',(0.,0.,-1.));
#87 = DIRECTION('',(-1.,9.004611242829E-16,0.));
#88 = CYLINDRICAL_SURFACE('',#89,3.487307594615);
#89 = AXIS2_PLACEMENT_3D('',#90,#91,#92);
#90 = CARTESIAN_POINT('',(3.500007620015,96.500193040386,0.));
#91 = DIRECTION('',(0.,0.,-1.));
#92 = DIRECTION('',(-1.,9.004611242829E-16,0.));
#93 = ADVANCED_FACE('',(#94),#119,.T.);
#94 = FACE_BOUND('',#95,.T.);
#95 = EDGE_LOOP('',(#96,#97,#105,#113));
#96 = ORIENTED_EDGE('',*,*,#74,.T.);
#97 = ORIENTED_EDGE('',*,*,#98,.T.);
#98 = EDGE_CURVE('',#66,#99,#101,.T.);
#99 = VERTEX_POINT('',#100);
#100 = CARTESIAN_POINT('',(96.500193040386,99.987500635001,
    1.600050800102));
#101 = LINE('',#102,#103);
#102 = CARTESIAN_POINT('',(3.500007620015,99.987500635001,1.600050800102
    ));
#103 = VECTOR('',#104,1.);
#104 = DIRECTION('',(1.,-1.52804584754E-16,0.));
#105 = ORIENTED_EDGE('',*,*,#106,.F.);
#106 = EDGE_CURVE('',#107,#99,#109,.T.);
#107 = VERTEX_POINT('',#108);
#108 = CARTESIAN_POINT('',(96.500193040386,99.987500635001,0.));
#109 = LINE('',#110,#111);
#110 = CARTESIAN_POINT('',(96.500193040386,99.987500635001,0.));
#111 = VECTOR('',#112,1.);
#112 = DIRECTION('',(0.,0.,1.));
#113 = ORIENTED_EDGE('',*,*,#114,.F.);
#114 = EDGE_CURVE('',#75,#107,#115,.T.);
#115 = LINE('',#116,#117);
#116 = CARTESIAN_POINT('',(3.500007620015,99.987500635001,0.));
#117 = VECTOR('',#118,1.);
#118 = DIRECTION('',(1.,-1.52804584754E-16,0.));
#119 = PLANE('',#120);
#120 = AXIS2_PLACEMENT_3D('',#121,#122,#123);
#121 = CARTESIAN_POINT('',(3.500007620015,99.987500635001,0.));
#122 = DIRECTION('',(1.52804584754E-16,1.,-0.));
#123 = DIRECTION('',(1.,-1.52804584754E-16,0.));
#124 = ADVANCED_FACE('',(#125),#152,.T.);
#125 = FACE_BOUND('',#126,.T.);
#126 = EDGE_LOOP('',(#127,#128,#137,#145));
#127 = ORIENTED_EDGE('',*,*,#106,.T.);
#128 = ORIENTED_EDGE('',*,*,#129,.T.);
#129 = EDGE_CURVE('',#99,#130,#132,.T.);
#130 = VERTEX_POINT('',#131);
#131 = CARTESIAN_POINT('',(99.987500635001,96.500193040386,
    1.600050800102));
#132 = CIRCLE('',#133,3.487307594615);
#133 = AXIS2_PLACEMENT_3D('',#134,#135,#136);
#134 = CARTESIAN_POINT('',(96.500193040386,96.500193040386,
    1.600050800102));
#135 = DIRECTION('',(0.,0.,-1.));
#136 = DIRECTION('',(-1.890968360994E-15,1.,0.));
#137 = ORIENTED_EDGE('',*,*,#138,.F.);
#138 = EDGE_CURVE('',#139,#130,#141,.T.);
#139 = VERTEX_POINT('',#140);
#140 = CARTESIAN_POINT('',(99.987500635001,96.500193040386,0.));
#141 = LINE('',#142,#143);
#142 = CARTESIAN_POINT('',(99.987500635001,96.500193040386,0.));
#143 = VECTOR('',#144,1.);
#144 = DIRECTION('',(0.,0.,1.));
#145 = ORIENTED_EDGE('',*,*,#146,.F.);
#146 = EDGE_CURVE('',#107,#139,#147,.T.);
#147 = CIRCLE('',#148,3.487307594615);
#148 = AXIS2_PLACEMENT_3D('',#149,#150,#151);
#149 = CARTESIAN_POINT('',(96.500193040386,96.500193040386,0.));
#150 = DIRECTION('',(0.,0.,-1.));
#151 = DIRECTION('',(-1.890968360994E-15,1.,0.));
#152 = CYLINDRICAL_SURFACE('',#153,3.487307594615);
#153 = AXIS2_PLACEMENT_3D('',#154,#155,#156);
#154 = CARTESIAN_POINT('',(96.500193040386,96.500193040386,0.));
#155 = DIRECTION('',(0.,0.,-1.));
#156 = DIRECTION('',(-1.890968360994E-15,1.,0.));
#157 = ADVANCED_FACE('',(#158),#183,.T.);
#158 = FACE_BOUND('',#159,.T.);
#159 = EDGE_LOOP('',(#160,#161,#169,#177));
#160 = ORIENTED_EDGE('',*,*,#138,.T.);
#161 = ORIENTED_EDGE('',*,*,#162,.T.);
#162 = EDGE_CURVE('',#130,#163,#165,.T.);
#163 = VERTEX_POINT('',#164);
#164 = CARTESIAN_POINT('',(99.987500635001,23.500048260097,
    1.600050800102));
#165 = LINE('',#166,#167);
#166 = CARTESIAN_POINT('',(99.987500635001,96.500193040386,
    1.600050800102));
#167 = VECTOR('',#168,1.);
#168 = DIRECTION('',(-1.946688565889E-16,-1.,0.));
#169 = ORIENTED_EDGE('',*,*,#170,.F.);
#170 = EDGE_CURVE('',#171,#163,#173,.T.);
#171 = VERTEX_POINT('',#172);
#172 = CARTESIAN_POINT('',(99.987500635001,23.500048260097,0.));
#173 = LINE('',#174,#175);
#174 = CARTESIAN_POINT('',(99.987500635001,23.500048260097,0.));
#175 = VECTOR('',#176,1.);
#176 = DIRECTION('',(0.,0.,1.));
#177 = ORIENTED_EDGE('',*,*,#178,.F.);
#178 = EDGE_CURVE('',#139,#171,#179,.T.);
#179 = LINE('',#180,#181);
#180 = CARTESIAN_POINT('',(99.987500635001,96.500193040386,0.));
#181 = VECTOR('',#182,1.);
#182 = DIRECTION('',(-1.946688565889E-16,-1.,0.));
#183 = PLANE('',#184);
#184 = AXIS2_PLACEMENT_3D('',#185,#186,#187);
#185 = CARTESIAN_POINT('',(99.987500635001,96.500193040386,0.));
#186 = DIRECTION('',(1.,-1.946688565889E-16,0.));
#187 = DIRECTION('',(-1.946688565889E-16,-1.,0.));
#188 = ADVANCED_FACE('',(#189),#216,.T.);
#189 = FACE_BOUND('',#190,.T.);
#190 = EDGE_LOOP('',(#191,#192,#201,#209));
#191 = ORIENTED_EDGE('',*,*,#170,.T.);
#192 = ORIENTED_EDGE('',*,*,#193,.T.);
#193 = EDGE_CURVE('',#163,#194,#196,.T.);
#194 = VERTEX_POINT('',#195);
#195 = CARTESIAN_POINT('',(96.500193040386,20.012740665481,
    1.600050800102));
#196 = CIRCLE('',#197,3.487307594615);
#197 = AXIS2_PLACEMENT_3D('',#198,#199,#200);
#198 = CARTESIAN_POINT('',(96.500193040386,23.500048260097,
    1.600050800102));
#199 = DIRECTION('',(0.,0.,-1.));
#200 = DIRECTION('',(1.,3.061567822562E-15,0.));
#201 = ORIENTED_EDGE('',*,*,#202,.F.);
#202 = EDGE_CURVE('',#203,#194,#205,.T.);
#203 = VERTEX_POINT('',#204);
#204 = CARTESIAN_POINT('',(96.500193040386,20.012740665481,0.));
#205 = LINE('',#206,#207);
#206 = CARTESIAN_POINT('',(96.500193040386,20.012740665481,0.));
#207 = VECTOR('',#208,1.);
#208 = DIRECTION('',(0.,0.,1.));
#209 = ORIENTED_EDGE('',*,*,#210,.F.);
#210 = EDGE_CURVE('',#171,#203,#211,.T.);
#211 = CIRCLE('',#212,3.487307594615);
#212 = AXIS2_PLACEMENT_3D('',#213,#214,#215);
#213 = CARTESIAN_POINT('',(96.500193040386,23.500048260097,0.));
#214 = DIRECTION('',(0.,0.,-1.));
#215 = DIRECTION('',(1.,3.061567822562E-15,0.));
#216 = CYLINDRICAL_SURFACE('',#217,3.487307594615);
#217 = AXIS2_PLACEMENT_3D('',#218,#219,#220);
#218 = CARTESIAN_POINT('',(96.500193040386,23.500048260097,0.));
#219 = DIRECTION('',(0.,0.,-1.));
#220 = DIRECTION('',(1.,3.061567822562E-15,0.));
#221 = ADVANCED_FACE('',(#222),#247,.T.);
#222 = FACE_BOUND('',#223,.T.);
#223 = EDGE_LOOP('',(#224,#225,#233,#241));
#224 = ORIENTED_EDGE('',*,*,#202,.T.);
#225 = ORIENTED_EDGE('',*,*,#226,.T.);
#226 = EDGE_CURVE('',#194,#227,#229,.T.);
#227 = VERTEX_POINT('',#228);
#228 = CARTESIAN_POINT('',(3.500007620015,20.012740665481,1.600050800102
    ));
#229 = LINE('',#230,#231);
#230 = CARTESIAN_POINT('',(96.500193040386,20.012740665481,
    1.600050800102));
#231 = VECTOR('',#232,1.);
#232 = DIRECTION('',(-1.,0.,0.));
#233 = ORIENTED_EDGE('',*,*,#234,.F.);
#234 = EDGE_CURVE('',#235,#227,#237,.T.);
#235 = VERTEX_POINT('',#236);
#236 = CARTESIAN_POINT('',(3.500007620015,20.012740665481,0.));
#237 = LINE('',#238,#239);
#238 = CARTESIAN_POINT('',(3.500007620015,20.012740665481,0.));
#239 = VECTOR('',#240,1.);
#240 = DIRECTION('',(0.,0.,1.));
#241 = ORIENTED_EDGE('',*,*,#242,.F.);
#242 = EDGE_CURVE('',#203,#235,#243,.T.);
#243 = LINE('',#244,#245);
#244 = CARTESIAN_POINT('',(96.500193040386,20.012740665481,0.));
#245 = VECTOR('',#246,1.);
#246 = DIRECTION('',(-1.,0.,0.));
#247 = PLANE('',#248);
#248 = AXIS2_PLACEMENT_3D('',#249,#250,#251);
#249 = CARTESIAN_POINT('',(96.500193040386,20.012740665481,0.));
#250 = DIRECTION('',(0.,-1.,0.));
#251 = DIRECTION('',(-1.,0.,0.));
#252 = ADVANCED_FACE('',(#253),#280,.T.);
#253 = FACE_BOUND('',#254,.T.);
#254 = EDGE_LOOP('',(#255,#256,#265,#273));
#255 = ORIENTED_EDGE('',*,*,#234,.T.);
#256 = ORIENTED_EDGE('',*,*,#257,.T.);
#257 = EDGE_CURVE('',#227,#258,#260,.T.);
#258 = VERTEX_POINT('',#259);
#259 = CARTESIAN_POINT('',(1.270002540005E-02,23.500048260097,
    1.600050800102));
#260 = CIRCLE('',#261,3.487307594615);
#261 = AXIS2_PLACEMENT_3D('',#262,#263,#264);
#262 = CARTESIAN_POINT('',(3.500007620015,23.500048260097,1.600050800102
    ));
#263 = DIRECTION('',(0.,0.,-1.));
#264 = DIRECTION('',(0.,-1.,-0.));
#265 = ORIENTED_EDGE('',*,*,#266,.F.);
#266 = EDGE_CURVE('',#267,#258,#269,.T.);
#267 = VERTEX_POINT('',#268);
#268 = CARTESIAN_POINT('',(1.270002540005E-02,23.500048260097,0.));
#269 = LINE('',#270,#271);
#270 = CARTESIAN_POINT('',(1.270002540005E-02,23.500048260097,0.));
#271 = VECTOR('',#272,1.);
#272 = DIRECTION('',(0.,0.,1.));
#273 = ORIENTED_EDGE('',*,*,#274,.F.);
#274 = EDGE_CURVE('',#235,#267,#275,.T.);
#275 = CIRCLE('',#276,3.487307594615);
#276 = AXIS2_PLACEMENT_3D('',#277,#278,#279);
#277 = CARTESIAN_POINT('',(3.500007620015,23.500048260097,0.));
#278 = DIRECTION('',(0.,0.,-1.));
#279 = DIRECTION('',(0.,-1.,-0.));
#280 = CYLINDRICAL_SURFACE('',#281,3.487307594615);
#281 = AXIS2_PLACEMENT_3D('',#282,#283,#284);
#282 = CARTESIAN_POINT('',(3.500007620015,23.500048260097,0.));
#283 = DIRECTION('',(0.,0.,-1.));
#284 = DIRECTION('',(0.,-1.,-0.));
#285 = ADVANCED_FACE('',(#286),#302,.T.);
#286 = FACE_BOUND('',#287,.T.);
#287 = EDGE_LOOP('',(#288,#289,#295,#296));
#288 = ORIENTED_EDGE('',*,*,#266,.T.);
#289 = ORIENTED_EDGE('',*,*,#290,.T.);
#290 = EDGE_CURVE('',#258,#58,#291,.T.);
#291 = LINE('',#292,#293);
#292 = CARTESIAN_POINT('',(1.270002540005E-02,23.500048260097,
    1.600050800102));
#293 = VECTOR('',#294,1.);
#294 = DIRECTION('',(5.097225309853E-17,1.,0.));
#295 = ORIENTED_EDGE('',*,*,#55,.F.);
#296 = ORIENTED_EDGE('',*,*,#297,.F.);
#297 = EDGE_CURVE('',#267,#56,#298,.T.);
#298 = LINE('',#299,#300);
#299 = CARTESIAN_POINT('',(1.270002540005E-02,23.500048260097,0.));
#300 = VECTOR('',#301,1.);
#301 = DIRECTION('',(5.097225309853E-17,1.,0.));
#302 = PLANE('',#303);
#303 = AXIS2_PLACEMENT_3D('',#304,#305,#306);
#304 = CARTESIAN_POINT('',(1.270002540005E-02,23.500048260097,0.));
#305 = DIRECTION('',(-1.,5.097225309853E-17,0.));
#306 = DIRECTION('',(5.097225309853E-17,1.,0.));
#307 = ADVANCED_FACE('',(#308),#344,.F.);
#308 = FACE_BOUND('',#309,.T.);
#309 = EDGE_LOOP('',(#310,#320,#329,#337));
#310 = ORIENTED_EDGE('',*,*,#311,.T.);
#311 = EDGE_CURVE('',#312,#314,#316,.T.);
#312 = VERTEX_POINT('',#313);
#313 = CARTESIAN_POINT('',(2.074015748031,68.735204470409,0.));
#314 = VERTEX_POINT('',#315);
#315 = CARTESIAN_POINT('',(2.074015748031,68.735204470409,1.600050800102
    ));
#316 = LINE('',#317,#318);
#317 = CARTESIAN_POINT('',(2.074015748031,68.735204470409,0.));
#318 = VECTOR('',#319,1.);
#319 = DIRECTION('',(0.,0.,1.));
#320 = ORIENTED_EDGE('',*,*,#321,.T.);
#321 = EDGE_CURVE('',#314,#322,#324,.T.);
#322 = VERTEX_POINT('',#323);
#323 = CARTESIAN_POINT('',(0.973990347981,68.735204470409,1.600050800102
    ));
#324 = CIRCLE('',#325,0.550012700025);
#325 = AXIS2_PLACEMENT_3D('',#326,#327,#328);
#326 = CARTESIAN_POINT('',(1.524003048006,68.735204470409,1.600050800102
    ));
#327 = DIRECTION('',(0.,0.,1.));
#328 = DIRECTION('',(1.,1.110223024625E-16,-0.));
#329 = ORIENTED_EDGE('',*,*,#330,.F.);
#330 = EDGE_CURVE('',#331,#322,#333,.T.);
#331 = VERTEX_POINT('',#332);
#332 = CARTESIAN_POINT('',(0.973990347981,68.735204470409,0.));
#333 = LINE('',#334,#335);
#334 = CARTESIAN_POINT('',(0.973990347981,68.735204470409,0.));
#335 = VECTOR('',#336,1.);
#336 = DIRECTION('',(0.,0.,1.));
#337 = ORIENTED_EDGE('',*,*,#338,.F.);
#338 = EDGE_CURVE('',#312,#331,#339,.T.);
#339 = CIRCLE('',#340,0.550012700025);
#340 = AXIS2_PLACEMENT_3D('',#341,#342,#343);
#341 = CARTESIAN_POINT('',(1.524003048006,68.735204470409,0.));
#342 = DIRECTION('',(0.,0.,1.));
#343 = DIRECTION('',(1.,1.110223024625E-16,-0.));
#344 = CYLINDRICAL_SURFACE('',#345,0.550012700025);
#345 = AXIS2_PLACEMENT_3D('',#346,#347,#348);
#346 = CARTESIAN_POINT('',(1.524003048006,68.735204470409,0.));
#347 = DIRECTION('',(-0.,-0.,-1.));
#348 = DIRECTION('',(1.,1.110223024625E-16,-0.));
#349 = ADVANCED_FACE('',(#350),#368,.F.);
#350 = FACE_BOUND('',#351,.T.);
#351 = EDGE_LOOP('',(#352,#353,#360,#361));
#352 = ORIENTED_EDGE('',*,*,#330,.T.);
#353 = ORIENTED_EDGE('',*,*,#354,.T.);
#354 = EDGE_CURVE('',#322,#314,#355,.T.);
#355 = CIRCLE('',#356,0.550012700025);
#356 = AXIS2_PLACEMENT_3D('',#357,#358,#359);
#357 = CARTESIAN_POINT('',(1.524003048006,68.735204470409,1.600050800102
    ));
#358 = DIRECTION('',(0.,0.,1.));
#359 = DIRECTION('',(-1.,-1.110223024625E-16,0.));
#360 = ORIENTED_EDGE('',*,*,#311,.F.);
#361 = ORIENTED_EDGE('',*,*,#362,.F.);
#362 = EDGE_CURVE('',#331,#312,#363,.T.);
#363 = CIRCLE('',#364,0.550012700025);
#364 = AXIS2_PLACEMENT_3D('',#365,#366,#367);
#365 = CARTESIAN_POINT('',(1.524003048006,68.735204470409,0.));
#366 = DIRECTION('',(0.,0.,1.));
#367 = DIRECTION('',(-1.,-1.110223024625E-16,0.));
#368 = CYLINDRICAL_SURFACE('',#369,0.550012700025);
#369 = AXIS2_PLACEMENT_3D('',#370,#371,#372);
#370 = CARTESIAN_POINT('',(1.524003048006,68.735204470409,0.));
#371 = DIRECTION('',(-0.,-0.,-1.));
#372 = DIRECTION('',(-1.,-1.110223024625E-16,0.));
#373 = ADVANCED_FACE('',(#374),#410,.F.);
#374 = FACE_BOUND('',#375,.T.);
#375 = EDGE_LOOP('',(#376,#386,#395,#403));
#376 = ORIENTED_EDGE('',*,*,#377,.T.);
#377 = EDGE_CURVE('',#378,#380,#382,.T.);
#378 = VERTEX_POINT('',#379);
#379 = CARTESIAN_POINT('',(2.074015748031,75.847218694437,0.));
#380 = VERTEX_POINT('',#381);
#381 = CARTESIAN_POINT('',(2.074015748031,75.847218694437,1.600050800102
    ));
#382 = LINE('',#383,#384);
#383 = CARTESIAN_POINT('',(2.074015748031,75.847218694437,0.));
#384 = VECTOR('',#385,1.);
#385 = DIRECTION('',(0.,0.,1.));
#386 = ORIENTED_EDGE('',*,*,#387,.T.);
#387 = EDGE_CURVE('',#380,#388,#390,.T.);
#388 = VERTEX_POINT('',#389);
#389 = CARTESIAN_POINT('',(0.973990347981,75.847218694437,1.600050800102
    ));
#390 = CIRCLE('',#391,0.550012700025);
#391 = AXIS2_PLACEMENT_3D('',#392,#393,#394);
#392 = CARTESIAN_POINT('',(1.524003048006,75.847218694437,1.600050800102
    ));
#393 = DIRECTION('',(0.,0.,1.));
#394 = DIRECTION('',(1.,1.110223024625E-16,-0.));
#395 = ORIENTED_EDGE('',*,*,#396,.F.);
#396 = EDGE_CURVE('',#397,#388,#399,.T.);
#397 = VERTEX_POINT('',#398);
#398 = CARTESIAN_POINT('',(0.973990347981,75.847218694437,0.));
#399 = LINE('',#400,#401);
#400 = CARTESIAN_POINT('',(0.973990347981,75.847218694437,0.));
#401 = VECTOR('',#402,1.);
#402 = DIRECTION('',(0.,0.,1.));
#403 = ORIENTED_EDGE('',*,*,#404,.F.);
#404 = EDGE_CURVE('',#378,#397,#405,.T.);
#405 = CIRCLE('',#406,0.550012700025);
#406 = AXIS2_PLACEMENT_3D('',#407,#408,#409);
#407 = CARTESIAN_POINT('',(1.524003048006,75.847218694437,0.));
#408 = DIRECTION('',(0.,0.,1.));
#409 = DIRECTION('',(1.,1.110223024625E-16,-0.));
#410 = CYLINDRICAL_SURFACE('',#411,0.550012700025);
#411 = AXIS2_PLACEMENT_3D('',#412,#413,#414);
#412 = CARTESIAN_POINT('',(1.524003048006,75.847218694437,0.));
#413 = DIRECTION('',(-0.,-0.,-1.));
#414 = DIRECTION('',(1.,1.110223024625E-16,-0.));
#415 = ADVANCED_FACE('',(#416),#434,.F.);
#416 = FACE_BOUND('',#417,.T.);
#417 = EDGE_LOOP('',(#418,#419,#426,#427));
#418 = ORIENTED_EDGE('',*,*,#396,.T.);
#419 = ORIENTED_EDGE('',*,*,#420,.T.);
#420 = EDGE_CURVE('',#388,#380,#421,.T.);
#421 = CIRCLE('',#422,0.550012700025);
#422 = AXIS2_PLACEMENT_3D('',#423,#424,#425);
#423 = CARTESIAN_POINT('',(1.524003048006,75.847218694437,1.600050800102
    ));
#424 = DIRECTION('',(0.,0.,1.));
#425 = DIRECTION('',(-1.,-1.110223024625E-16,0.));
#426 = ORIENTED_EDGE('',*,*,#377,.F.);
#427 = ORIENTED_EDGE('',*,*,#428,.F.);
#428 = EDGE_CURVE('',#397,#378,#429,.T.);
#429 = CIRCLE('',#430,0.550012700025);
#430 = AXIS2_PLACEMENT_3D('',#431,#432,#433);
#431 = CARTESIAN_POINT('',(1.524003048006,75.847218694437,0.));
#432 = DIRECTION('',(0.,0.,1.));
#433 = DIRECTION('',(-1.,-1.110223024625E-16,0.));
#434 = CYLINDRICAL_SURFACE('',#435,0.550012700025);
#435 = AXIS2_PLACEMENT_3D('',#436,#437,#438);
#436 = CARTESIAN_POINT('',(1.524003048006,75.847218694437,0.));
#437 = DIRECTION('',(-0.,-0.,-1.));
#438 = DIRECTION('',(-1.,-1.110223024625E-16,0.));
#439 = ADVANCED_FACE('',(#440),#476,.F.);
#440 = FACE_BOUND('',#441,.T.);
#441 = EDGE_LOOP('',(#442,#452,#461,#469));
#442 = ORIENTED_EDGE('',*,*,#443,.T.);
#443 = EDGE_CURVE('',#444,#446,#448,.T.);
#444 = VERTEX_POINT('',#445);
#445 = CARTESIAN_POINT('',(2.074015748031,72.235204470409,0.));
#446 = VERTEX_POINT('',#447);
#447 = CARTESIAN_POINT('',(2.074015748031,72.235204470409,1.600050800102
    ));
#448 = LINE('',#449,#450);
#449 = CARTESIAN_POINT('',(2.074015748031,72.235204470409,0.));
#450 = VECTOR('',#451,1.);
#451 = DIRECTION('',(0.,0.,1.));
#452 = ORIENTED_EDGE('',*,*,#453,.T.);
#453 = EDGE_CURVE('',#446,#454,#456,.T.);
#454 = VERTEX_POINT('',#455);
#455 = CARTESIAN_POINT('',(0.973990347981,72.235204470409,1.600050800102
    ));
#456 = CIRCLE('',#457,0.550012700025);
#457 = AXIS2_PLACEMENT_3D('',#458,#459,#460);
#458 = CARTESIAN_POINT('',(1.524003048006,72.235204470409,1.600050800102
    ));
#459 = DIRECTION('',(0.,0.,1.));
#460 = DIRECTION('',(1.,1.110223024625E-16,-0.));
#461 = ORIENTED_EDGE('',*,*,#462,.F.);
#462 = EDGE_CURVE('',#463,#454,#465,.T.);
#463 = VERTEX_POINT('',#464);
#464 = CARTESIAN_POINT('',(0.973990347981,72.235204470409,0.));
#465 = LINE('',#466,#467);
#466 = CARTESIAN_POINT('',(0.973990347981,72.235204470409,0.));
#467 = VECTOR('',#468,1.);
#468 = DIRECTION('',(0.,0.,1.));
#469 = ORIENTED_EDGE('',*,*,#470,.F.);
#470 = EDGE_CURVE('',#444,#463,#471,.T.);
#471 = CIRCLE('',#472,0.550012700025);
#472 = AXIS2_PLACEMENT_3D('',#473,#474,#475);
#473 = CARTESIAN_POINT('',(1.524003048006,72.235204470409,0.));
#474 = DIRECTION('',(0.,0.,1.));
#475 = DIRECTION('',(1.,1.110223024625E-16,-0.));
#476 = CYLINDRICAL_SURFACE('',#477,0.550012700025);
#477 = AXIS2_PLACEMENT_3D('',#478,#479,#480);
#478 = CARTESIAN_POINT('',(1.524003048006,72.235204470409,0.));
#479 = DIRECTION('',(-0.,-0.,-1.));
#480 = DIRECTION('',(1.,1.110223024625E-16,-0.));
#481 = ADVANCED_FACE('',(#482),#500,.F.);
#482 = FACE_BOUND('',#483,.T.);
#483 = EDGE_LOOP('',(#484,#485,#492,#493));
#484 = ORIENTED_EDGE('',*,*,#462,.T.);
#485 = ORIENTED_EDGE('',*,*,#486,.T.);
#486 = EDGE_CURVE('',#454,#446,#487,.T.);
#487 = CIRCLE('',#488,0.550012700025);
#488 = AXIS2_PLACEMENT_3D('',#489,#490,#491);
#489 = CARTESIAN_POINT('',(1.524003048006,72.235204470409,1.600050800102
    ));
#490 = DIRECTION('',(0.,0.,1.));
#491 = DIRECTION('',(-1.,-1.110223024625E-16,0.));
#492 = ORIENTED_EDGE('',*,*,#443,.F.);
#493 = ORIENTED_EDGE('',*,*,#494,.F.);
#494 = EDGE_CURVE('',#463,#444,#495,.T.);
#495 = CIRCLE('',#496,0.550012700025);
#496 = AXIS2_PLACEMENT_3D('',#497,#498,#499);
#497 = CARTESIAN_POINT('',(1.524003048006,72.235204470409,0.));
#498 = DIRECTION('',(0.,0.,1.));
#499 = DIRECTION('',(-1.,-1.110223024625E-16,0.));
#500 = CYLINDRICAL_SURFACE('',#501,0.550012700025);
#501 = AXIS2_PLACEMENT_3D('',#502,#503,#504);
#502 = CARTESIAN_POINT('',(1.524003048006,72.235204470409,0.));
#503 = DIRECTION('',(-0.,-0.,-1.));
#504 = DIRECTION('',(-1.,-1.110223024625E-16,0.));
#505 = ADVANCED_FACE('',(#506),#542,.F.);
#506 = FACE_BOUND('',#507,.T.);
#507 = EDGE_LOOP('',(#508,#518,#527,#535));
#508 = ORIENTED_EDGE('',*,*,#509,.T.);
#509 = EDGE_CURVE('',#510,#512,#514,.T.);
#510 = VERTEX_POINT('',#511);
#511 = CARTESIAN_POINT('',(2.074015748031,79.347218694437,0.));
#512 = VERTEX_POINT('',#513);
#513 = CARTESIAN_POINT('',(2.074015748031,79.347218694437,1.600050800102
    ));
#514 = LINE('',#515,#516);
#515 = CARTESIAN_POINT('',(2.074015748031,79.347218694437,0.));
#516 = VECTOR('',#517,1.);
#517 = DIRECTION('',(0.,0.,1.));
#518 = ORIENTED_EDGE('',*,*,#519,.T.);
#519 = EDGE_CURVE('',#512,#520,#522,.T.);
#520 = VERTEX_POINT('',#521);
#521 = CARTESIAN_POINT('',(0.973990347981,79.347218694437,1.600050800102
    ));
#522 = CIRCLE('',#523,0.550012700025);
#523 = AXIS2_PLACEMENT_3D('',#524,#525,#526);
#524 = CARTESIAN_POINT('',(1.524003048006,79.347218694437,1.600050800102
    ));
#525 = DIRECTION('',(0.,0.,1.));
#526 = DIRECTION('',(1.,1.110223024625E-16,-0.));
#527 = ORIENTED_EDGE('',*,*,#528,.F.);
#528 = EDGE_CURVE('',#529,#520,#531,.T.);
#529 = VERTEX_POINT('',#530);
#530 = CARTESIAN_POINT('',(0.973990347981,79.347218694437,0.));
#531 = LINE('',#532,#533);
#532 = CARTESIAN_POINT('',(0.973990347981,79.347218694437,0.));
#533 = VECTOR('',#534,1.);
#534 = DIRECTION('',(0.,0.,1.));
#535 = ORIENTED_EDGE('',*,*,#536,.F.);
#536 = EDGE_CURVE('',#510,#529,#537,.T.);
#537 = CIRCLE('',#538,0.550012700025);
#538 = AXIS2_PLACEMENT_3D('',#539,#540,#541);
#539 = CARTESIAN_POINT('',(1.524003048006,79.347218694437,0.));
#540 = DIRECTION('',(0.,0.,1.));
#541 = DIRECTION('',(1.,1.110223024625E-16,-0.));
#542 = CYLINDRICAL_SURFACE('',#543,0.550012700025);
#543 = AXIS2_PLACEMENT_3D('',#544,#545,#546);
#544 = CARTESIAN_POINT('',(1.524003048006,79.347218694437,0.));
#545 = DIRECTION('',(-0.,-0.,-1.));
#546 = DIRECTION('',(1.,1.110223024625E-16,-0.));
#547 = ADVANCED_FACE('',(#548),#566,.F.);
#548 = FACE_BOUND('',#549,.T.);
#549 = EDGE_LOOP('',(#550,#551,#558,#559));
#550 = ORIENTED_EDGE('',*,*,#528,.T.);
#551 = ORIENTED_EDGE('',*,*,#552,.T.);
#552 = EDGE_CURVE('',#520,#512,#553,.T.);
#553 = CIRCLE('',#554,0.550012700025);
#554 = AXIS2_PLACEMENT_3D('',#555,#556,#557);
#555 = CARTESIAN_POINT('',(1.524003048006,79.347218694437,1.600050800102
    ));
#556 = DIRECTION('',(0.,0.,1.));
#557 = DIRECTION('',(-1.,-1.110223024625E-16,0.));
#558 = ORIENTED_EDGE('',*,*,#509,.F.);
#559 = ORIENTED_EDGE('',*,*,#560,.F.);
#560 = EDGE_CURVE('',#529,#510,#561,.T.);
#561 = CIRCLE('',#562,0.550012700025);
#562 = AXIS2_PLACEMENT_3D('',#563,#564,#565);
#563 = CARTESIAN_POINT('',(1.524003048006,79.347218694437,0.));
#564 = DIRECTION('',(0.,0.,1.));
#565 = DIRECTION('',(-1.,-1.110223024625E-16,0.));
#566 = CYLINDRICAL_SURFACE('',#567,0.550012700025);
#567 = AXIS2_PLACEMENT_3D('',#568,#569,#570);
#568 = CARTESIAN_POINT('',(1.524003048006,79.347218694437,0.));
#569 = DIRECTION('',(-0.,-0.,-1.));
#570 = DIRECTION('',(-1.,-1.110223024625E-16,0.));
#571 = ADVANCED_FACE('',(#572),#608,.F.);
#572 = FACE_BOUND('',#573,.T.);
#573 = EDGE_LOOP('',(#574,#584,#593,#601));
#574 = ORIENTED_EDGE('',*,*,#575,.T.);
#575 = EDGE_CURVE('',#576,#578,#580,.T.);
#576 = VERTEX_POINT('',#577);
#577 = CARTESIAN_POINT('',(2.201016002032,41.148082296165,0.));
#578 = VERTEX_POINT('',#579);
#579 = CARTESIAN_POINT('',(2.201016002032,41.148082296165,1.600050800102
    ));
#580 = LINE('',#581,#582);
#581 = CARTESIAN_POINT('',(2.201016002032,41.148082296165,0.));
#582 = VECTOR('',#583,1.);
#583 = DIRECTION('',(0.,0.,1.));
#584 = ORIENTED_EDGE('',*,*,#585,.T.);
#585 = EDGE_CURVE('',#578,#586,#588,.T.);
#586 = VERTEX_POINT('',#587);
#587 = CARTESIAN_POINT('',(1.100990601981,41.148082296165,1.600050800102
    ));
#588 = CIRCLE('',#589,0.550012700025);
#589 = AXIS2_PLACEMENT_3D('',#590,#591,#592);
#590 = CARTESIAN_POINT('',(1.651003302007,41.148082296165,1.600050800102
    ));
#591 = DIRECTION('',(0.,0.,1.));
#592 = DIRECTION('',(1.,1.110223024625E-16,-0.));
#593 = ORIENTED_EDGE('',*,*,#594,.F.);
#594 = EDGE_CURVE('',#595,#586,#597,.T.);
#595 = VERTEX_POINT('',#596);
#596 = CARTESIAN_POINT('',(1.100990601981,41.148082296165,0.));
#597 = LINE('',#598,#599);
#598 = CARTESIAN_POINT('',(1.100990601981,41.148082296165,0.));
#599 = VECTOR('',#600,1.);
#600 = DIRECTION('',(0.,0.,1.));
#601 = ORIENTED_EDGE('',*,*,#602,.F.);
#602 = EDGE_CURVE('',#576,#595,#603,.T.);
#603 = CIRCLE('',#604,0.550012700025);
#604 = AXIS2_PLACEMENT_3D('',#605,#606,#607);
#605 = CARTESIAN_POINT('',(1.651003302007,41.148082296165,0.));
#606 = DIRECTION('',(0.,0.,1.));
#607 = DIRECTION('',(1.,1.110223024625E-16,-0.));
#608 = CYLINDRICAL_SURFACE('',#609,0.550012700025);
#609 = AXIS2_PLACEMENT_3D('',#610,#611,#612);
#610 = CARTESIAN_POINT('',(1.651003302007,41.148082296165,0.));
#611 = DIRECTION('',(-0.,-0.,-1.));
#612 = DIRECTION('',(1.,1.110223024625E-16,-0.));
#613 = ADVANCED_FACE('',(#614),#632,.F.);
#614 = FACE_BOUND('',#615,.T.);
#615 = EDGE_LOOP('',(#616,#617,#624,#625));
#616 = ORIENTED_EDGE('',*,*,#594,.T.);
#617 = ORIENTED_EDGE('',*,*,#618,.T.);
#618 = EDGE_CURVE('',#586,#578,#619,.T.);
#619 = CIRCLE('',#620,0.550012700025);
#620 = AXIS2_PLACEMENT_3D('',#621,#622,#623);
#621 = CARTESIAN_POINT('',(1.651003302007,41.148082296165,1.600050800102
    ));
#622 = DIRECTION('',(0.,0.,1.));
#623 = DIRECTION('',(-1.,-1.110223024625E-16,0.));
#624 = ORIENTED_EDGE('',*,*,#575,.F.);
#625 = ORIENTED_EDGE('',*,*,#626,.F.);
#626 = EDGE_CURVE('',#595,#576,#627,.T.);
#627 = CIRCLE('',#628,0.550012700025);
#628 = AXIS2_PLACEMENT_3D('',#629,#630,#631);
#629 = CARTESIAN_POINT('',(1.651003302007,41.148082296165,0.));
#630 = DIRECTION('',(0.,0.,1.));
#631 = DIRECTION('',(-1.,-1.110223024625E-16,0.));
#632 = CYLINDRICAL_SURFACE('',#633,0.550012700025);
#633 = AXIS2_PLACEMENT_3D('',#634,#635,#636);
#634 = CARTESIAN_POINT('',(1.651003302007,41.148082296165,0.));
#635 = DIRECTION('',(-0.,-0.,-1.));
#636 = DIRECTION('',(-1.,-1.110223024625E-16,0.));
#637 = ADVANCED_FACE('',(#638),#674,.F.);
#638 = FACE_BOUND('',#639,.T.);
#639 = EDGE_LOOP('',(#640,#650,#659,#667));
#640 = ORIENTED_EDGE('',*,*,#641,.T.);
#641 = EDGE_CURVE('',#642,#644,#646,.T.);
#642 = VERTEX_POINT('',#643);
#643 = CARTESIAN_POINT('',(2.201016002032,33.528067056134,0.));
#644 = VERTEX_POINT('',#645);
#645 = CARTESIAN_POINT('',(2.201016002032,33.528067056134,1.600050800102
    ));
#646 = LINE('',#647,#648);
#647 = CARTESIAN_POINT('',(2.201016002032,33.528067056134,0.));
#648 = VECTOR('',#649,1.);
#649 = DIRECTION('',(0.,0.,1.));
#650 = ORIENTED_EDGE('',*,*,#651,.T.);
#651 = EDGE_CURVE('',#644,#652,#654,.T.);
#652 = VERTEX_POINT('',#653);
#653 = CARTESIAN_POINT('',(1.100990601981,33.528067056134,1.600050800102
    ));
#654 = CIRCLE('',#655,0.550012700025);
#655 = AXIS2_PLACEMENT_3D('',#656,#657,#658);
#656 = CARTESIAN_POINT('',(1.651003302007,33.528067056134,1.600050800102
    ));
#657 = DIRECTION('',(0.,0.,1.));
#658 = DIRECTION('',(1.,1.110223024625E-16,-0.));
#659 = ORIENTED_EDGE('',*,*,#660,.F.);
#660 = EDGE_CURVE('',#661,#652,#663,.T.);
#661 = VERTEX_POINT('',#662);
#662 = CARTESIAN_POINT('',(1.100990601981,33.528067056134,0.));
#663 = LINE('',#664,#665);
#664 = CARTESIAN_POINT('',(1.100990601981,33.528067056134,0.));
#665 = VECTOR('',#666,1.);
#666 = DIRECTION('',(0.,0.,1.));
#667 = ORIENTED_EDGE('',*,*,#668,.F.);
#668 = EDGE_CURVE('',#642,#661,#669,.T.);
#669 = CIRCLE('',#670,0.550012700025);
#670 = AXIS2_PLACEMENT_3D('',#671,#672,#673);
#671 = CARTESIAN_POINT('',(1.651003302007,33.528067056134,0.));
#672 = DIRECTION('',(0.,0.,1.));
#673 = DIRECTION('',(1.,1.110223024625E-16,-0.));
#674 = CYLINDRICAL_SURFACE('',#675,0.550012700025);
#675 = AXIS2_PLACEMENT_3D('',#676,#677,#678);
#676 = CARTESIAN_POINT('',(1.651003302007,33.528067056134,0.));
#677 = DIRECTION('',(-0.,-0.,-1.));
#678 = DIRECTION('',(1.,1.110223024625E-16,-0.));
#679 = ADVANCED_FACE('',(#680),#698,.F.);
#680 = FACE_BOUND('',#681,.T.);
#681 = EDGE_LOOP('',(#682,#683,#690,#691));
#682 = ORIENTED_EDGE('',*,*,#660,.T.);
#683 = ORIENTED_EDGE('',*,*,#684,.T.);
#684 = EDGE_CURVE('',#652,#644,#685,.T.);
#685 = CIRCLE('',#686,0.550012700025);
#686 = AXIS2_PLACEMENT_3D('',#687,#688,#689);
#687 = CARTESIAN_POINT('',(1.651003302007,33.528067056134,1.600050800102
    ));
#688 = DIRECTION('',(0.,0.,1.));
#689 = DIRECTION('',(-1.,-1.110223024625E-16,0.));
#690 = ORIENTED_EDGE('',*,*,#641,.F.);
#691 = ORIENTED_EDGE('',*,*,#692,.F.);
#692 = EDGE_CURVE('',#661,#642,#693,.T.);
#693 = CIRCLE('',#694,0.550012700025);
#694 = AXIS2_PLACEMENT_3D('',#695,#696,#697);
#695 = CARTESIAN_POINT('',(1.651003302007,33.528067056134,0.));
#696 = DIRECTION('',(0.,0.,1.));
#697 = DIRECTION('',(-1.,-1.110223024625E-16,0.));
#698 = CYLINDRICAL_SURFACE('',#699,0.550012700025);
#699 = AXIS2_PLACEMENT_3D('',#700,#701,#702);
#700 = CARTESIAN_POINT('',(1.651003302007,33.528067056134,0.));
#701 = DIRECTION('',(-0.,-0.,-1.));
#702 = DIRECTION('',(-1.,-1.110223024625E-16,0.));
#703 = ADVANCED_FACE('',(#704),#740,.F.);
#704 = FACE_BOUND('',#705,.T.);
#705 = EDGE_LOOP('',(#706,#716,#725,#733));
#706 = ORIENTED_EDGE('',*,*,#707,.T.);
#707 = EDGE_CURVE('',#708,#710,#712,.T.);
#708 = VERTEX_POINT('',#709);
#709 = CARTESIAN_POINT('',(2.201016002032,43.688087376175,0.));
#710 = VERTEX_POINT('',#711);
#711 = CARTESIAN_POINT('',(2.201016002032,43.688087376175,1.600050800102
    ));
#712 = LINE('',#713,#714);
#713 = CARTESIAN_POINT('',(2.201016002032,43.688087376175,0.));
#714 = VECTOR('',#715,1.);
#715 = DIRECTION('',(0.,0.,1.));
#716 = ORIENTED_EDGE('',*,*,#717,.T.);
#717 = EDGE_CURVE('',#710,#718,#720,.T.);
#718 = VERTEX_POINT('',#719);
#719 = CARTESIAN_POINT('',(1.100990601981,43.688087376175,1.600050800102
    ));
#720 = CIRCLE('',#721,0.550012700025);
#721 = AXIS2_PLACEMENT_3D('',#722,#723,#724);
#722 = CARTESIAN_POINT('',(1.651003302007,43.688087376175,1.600050800102
    ));
#723 = DIRECTION('',(0.,0.,1.));
#724 = DIRECTION('',(1.,1.110223024625E-16,-0.));
#725 = ORIENTED_EDGE('',*,*,#726,.F.);
#726 = EDGE_CURVE('',#727,#718,#729,.T.);
#727 = VERTEX_POINT('',#728);
#728 = CARTESIAN_POINT('',(1.100990601981,43.688087376175,0.));
#729 = LINE('',#730,#731);
#730 = CARTESIAN_POINT('',(1.100990601981,43.688087376175,0.));
#731 = VECTOR('',#732,1.);
#732 = DIRECTION('',(0.,0.,1.));
#733 = ORIENTED_EDGE('',*,*,#734,.F.);
#734 = EDGE_CURVE('',#708,#727,#735,.T.);
#735 = CIRCLE('',#736,0.550012700025);
#736 = AXIS2_PLACEMENT_3D('',#737,#738,#739);
#737 = CARTESIAN_POINT('',(1.651003302007,43.688087376175,0.));
#738 = DIRECTION('',(0.,0.,1.));
#739 = DIRECTION('',(1.,1.110223024625E-16,-0.));
#740 = CYLINDRICAL_SURFACE('',#741,0.550012700025);
#741 = AXIS2_PLACEMENT_3D('',#742,#743,#744);
#742 = CARTESIAN_POINT('',(1.651003302007,43.688087376175,0.));
#743 = DIRECTION('',(-0.,-0.,-1.));
#744 = DIRECTION('',(1.,1.110223024625E-16,-0.));
#745 = ADVANCED_FACE('',(#746),#764,.F.);
#746 = FACE_BOUND('',#747,.T.);
#747 = EDGE_LOOP('',(#748,#749,#756,#757));
#748 = ORIENTED_EDGE('',*,*,#726,.T.);
#749 = ORIENTED_EDGE('',*,*,#750,.T.);
#750 = EDGE_CURVE('',#718,#710,#751,.T.);
#751 = CIRCLE('',#752,0.550012700025);
#752 = AXIS2_PLACEMENT_3D('',#753,#754,#755);
#753 = CARTESIAN_POINT('',(1.651003302007,43.688087376175,1.600050800102
    ));
#754 = DIRECTION('',(0.,0.,1.));
#755 = DIRECTION('',(-1.,-1.110223024625E-16,0.));
#756 = ORIENTED_EDGE('',*,*,#707,.F.);
#757 = ORIENTED_EDGE('',*,*,#758,.F.);
#758 = EDGE_CURVE('',#727,#708,#759,.T.);
#759 = CIRCLE('',#760,0.550012700025);
#760 = AXIS2_PLACEMENT_3D('',#761,#762,#763);
#761 = CARTESIAN_POINT('',(1.651003302007,43.688087376175,0.));
#762 = DIRECTION('',(0.,0.,1.));
#763 = DIRECTION('',(-1.,-1.110223024625E-16,0.));
#764 = CYLINDRICAL_SURFACE('',#765,0.550012700025);
#765 = AXIS2_PLACEMENT_3D('',#766,#767,#768);
#766 = CARTESIAN_POINT('',(1.651003302007,43.688087376175,0.));
#767 = DIRECTION('',(-0.,-0.,-1.));
#768 = DIRECTION('',(-1.,-1.110223024625E-16,0.));
#769 = ADVANCED_FACE('',(#770),#806,.F.);
#770 = FACE_BOUND('',#771,.T.);
#771 = EDGE_LOOP('',(#772,#782,#791,#799));
#772 = ORIENTED_EDGE('',*,*,#773,.T.);
#773 = EDGE_CURVE('',#774,#776,#778,.T.);
#774 = VERTEX_POINT('',#775);
#775 = CARTESIAN_POINT('',(2.201016002032,36.068072136144,0.));
#776 = VERTEX_POINT('',#777);
#777 = CARTESIAN_POINT('',(2.201016002032,36.068072136144,1.600050800102
    ));
#778 = LINE('',#779,#780);
#779 = CARTESIAN_POINT('',(2.201016002032,36.068072136144,0.));
#780 = VECTOR('',#781,1.);
#781 = DIRECTION('',(0.,0.,1.));
#782 = ORIENTED_EDGE('',*,*,#783,.T.);
#783 = EDGE_CURVE('',#776,#784,#786,.T.);
#784 = VERTEX_POINT('',#785);
#785 = CARTESIAN_POINT('',(1.100990601981,36.068072136144,1.600050800102
    ));
#786 = CIRCLE('',#787,0.550012700025);
#787 = AXIS2_PLACEMENT_3D('',#788,#789,#790);
#788 = CARTESIAN_POINT('',(1.651003302007,36.068072136144,1.600050800102
    ));
#789 = DIRECTION('',(0.,0.,1.));
#790 = DIRECTION('',(1.,1.110223024625E-16,-0.));
#791 = ORIENTED_EDGE('',*,*,#792,.F.);
#792 = EDGE_CURVE('',#793,#784,#795,.T.);
#793 = VERTEX_POINT('',#794);
#794 = CARTESIAN_POINT('',(1.100990601981,36.068072136144,0.));
#795 = LINE('',#796,#797);
#796 = CARTESIAN_POINT('',(1.100990601981,36.068072136144,0.));
#797 = VECTOR('',#798,1.);
#798 = DIRECTION('',(0.,0.,1.));
#799 = ORIENTED_EDGE('',*,*,#800,.F.);
#800 = EDGE_CURVE('',#774,#793,#801,.T.);
#801 = CIRCLE('',#802,0.550012700025);
#802 = AXIS2_PLACEMENT_3D('',#803,#804,#805);
#803 = CARTESIAN_POINT('',(1.651003302007,36.068072136144,0.));
#804 = DIRECTION('',(0.,0.,1.));
#805 = DIRECTION('',(1.,1.110223024625E-16,-0.));
#806 = CYLINDRICAL_SURFACE('',#807,0.550012700025);
#807 = AXIS2_PLACEMENT_3D('',#808,#809,#810);
#808 = CARTESIAN_POINT('',(1.651003302007,36.068072136144,0.));
#809 = DIRECTION('',(-0.,-0.,-1.));
#810 = DIRECTION('',(1.,1.110223024625E-16,-0.));
#811 = ADVANCED_FACE('',(#812),#830,.F.);
#812 = FACE_BOUND('',#813,.T.);
#813 = EDGE_LOOP('',(#814,#815,#822,#823));
#814 = ORIENTED_EDGE('',*,*,#792,.T.);
#815 = ORIENTED_EDGE('',*,*,#816,.T.);
#816 = EDGE_CURVE('',#784,#776,#817,.T.);
#817 = CIRCLE('',#818,0.550012700025);
#818 = AXIS2_PLACEMENT_3D('',#819,#820,#821);
#819 = CARTESIAN_POINT('',(1.651003302007,36.068072136144,1.600050800102
    ));
#820 = DIRECTION('',(0.,0.,1.));
#821 = DIRECTION('',(-1.,-1.110223024625E-16,0.));
#822 = ORIENTED_EDGE('',*,*,#773,.F.);
#823 = ORIENTED_EDGE('',*,*,#824,.F.);
#824 = EDGE_CURVE('',#793,#774,#825,.T.);
#825 = CIRCLE('',#826,0.550012700025);
#826 = AXIS2_PLACEMENT_3D('',#827,#828,#829);
#827 = CARTESIAN_POINT('',(1.651003302007,36.068072136144,0.));
#828 = DIRECTION('',(0.,0.,1.));
#829 = DIRECTION('',(-1.,-1.110223024625E-16,0.));
#830 = CYLINDRICAL_SURFACE('',#831,0.550012700025);
#831 = AXIS2_PLACEMENT_3D('',#832,#833,#834);
#832 = CARTESIAN_POINT('',(1.651003302007,36.068072136144,0.));
#833 = DIRECTION('',(-0.,-0.,-1.));
#834 = DIRECTION('',(-1.,-1.110223024625E-16,0.));
#835 = ADVANCED_FACE('',(#836),#872,.F.);
#836 = FACE_BOUND('',#837,.T.);
#837 = EDGE_LOOP('',(#838,#848,#857,#865));
#838 = ORIENTED_EDGE('',*,*,#839,.T.);
#839 = EDGE_CURVE('',#840,#842,#844,.T.);
#840 = VERTEX_POINT('',#841);
#841 = CARTESIAN_POINT('',(2.201016002032,46.228092456185,0.));
#842 = VERTEX_POINT('',#843);
#843 = CARTESIAN_POINT('',(2.201016002032,46.228092456185,1.600050800102
    ));
#844 = LINE('',#845,#846);
#845 = CARTESIAN_POINT('',(2.201016002032,46.228092456185,0.));
#846 = VECTOR('',#847,1.);
#847 = DIRECTION('',(0.,0.,1.));
#848 = ORIENTED_EDGE('',*,*,#849,.T.);
#849 = EDGE_CURVE('',#842,#850,#852,.T.);
#850 = VERTEX_POINT('',#851);
#851 = CARTESIAN_POINT('',(1.100990601981,46.228092456185,1.600050800102
    ));
#852 = CIRCLE('',#853,0.550012700025);
#853 = AXIS2_PLACEMENT_3D('',#854,#855,#856);
#854 = CARTESIAN_POINT('',(1.651003302007,46.228092456185,1.600050800102
    ));
#855 = DIRECTION('',(0.,0.,1.));
#856 = DIRECTION('',(1.,1.110223024625E-16,-0.));
#857 = ORIENTED_EDGE('',*,*,#858,.F.);
#858 = EDGE_CURVE('',#859,#850,#861,.T.);
#859 = VERTEX_POINT('',#860);
#860 = CARTESIAN_POINT('',(1.100990601981,46.228092456185,0.));
#861 = LINE('',#862,#863);
#862 = CARTESIAN_POINT('',(1.100990601981,46.228092456185,0.));
#863 = VECTOR('',#864,1.);
#864 = DIRECTION('',(0.,0.,1.));
#865 = ORIENTED_EDGE('',*,*,#866,.F.);
#866 = EDGE_CURVE('',#840,#859,#867,.T.);
#867 = CIRCLE('',#868,0.550012700025);
#868 = AXIS2_PLACEMENT_3D('',#869,#870,#871);
#869 = CARTESIAN_POINT('',(1.651003302007,46.228092456185,0.));
#870 = DIRECTION('',(0.,0.,1.));
#871 = DIRECTION('',(1.,1.110223024625E-16,-0.));
#872 = CYLINDRICAL_SURFACE('',#873,0.550012700025);
#873 = AXIS2_PLACEMENT_3D('',#874,#875,#876);
#874 = CARTESIAN_POINT('',(1.651003302007,46.228092456185,0.));
#875 = DIRECTION('',(-0.,-0.,-1.));
#876 = DIRECTION('',(1.,1.110223024625E-16,-0.));
#877 = ADVANCED_FACE('',(#878),#896,.F.);
#878 = FACE_BOUND('',#879,.T.);
#879 = EDGE_LOOP('',(#880,#881,#888,#889));
#880 = ORIENTED_EDGE('',*,*,#858,.T.);
#881 = ORIENTED_EDGE('',*,*,#882,.T.);
#882 = EDGE_CURVE('',#850,#842,#883,.T.);
#883 = CIRCLE('',#884,0.550012700025);
#884 = AXIS2_PLACEMENT_3D('',#885,#886,#887);
#885 = CARTESIAN_POINT('',(1.651003302007,46.228092456185,1.600050800102
    ));
#886 = DIRECTION('',(0.,0.,1.));
#887 = DIRECTION('',(-1.,-1.110223024625E-16,0.));
#888 = ORIENTED_EDGE('',*,*,#839,.F.);
#889 = ORIENTED_EDGE('',*,*,#890,.F.);
#890 = EDGE_CURVE('',#859,#840,#891,.T.);
#891 = CIRCLE('',#892,0.550012700025);
#892 = AXIS2_PLACEMENT_3D('',#893,#894,#895);
#893 = CARTESIAN_POINT('',(1.651003302007,46.228092456185,0.));
#894 = DIRECTION('',(0.,0.,1.));
#895 = DIRECTION('',(-1.,-1.110223024625E-16,0.));
#896 = CYLINDRICAL_SURFACE('',#897,0.550012700025);
#897 = AXIS2_PLACEMENT_3D('',#898,#899,#900);
#898 = CARTESIAN_POINT('',(1.651003302007,46.228092456185,0.));
#899 = DIRECTION('',(-0.,-0.,-1.));
#900 = DIRECTION('',(-1.,-1.110223024625E-16,0.));
#901 = ADVANCED_FACE('',(#902),#938,.F.);
#902 = FACE_BOUND('',#903,.T.);
#903 = EDGE_LOOP('',(#904,#914,#923,#931));
#904 = ORIENTED_EDGE('',*,*,#905,.T.);
#905 = EDGE_CURVE('',#906,#908,#910,.T.);
#906 = VERTEX_POINT('',#907);
#907 = CARTESIAN_POINT('',(2.201016002032,38.608077216154,0.));
#908 = VERTEX_POINT('',#909);
#909 = CARTESIAN_POINT('',(2.201016002032,38.608077216154,1.600050800102
    ));
#910 = LINE('',#911,#912);
#911 = CARTESIAN_POINT('',(2.201016002032,38.608077216154,0.));
#912 = VECTOR('',#913,1.);
#913 = DIRECTION('',(0.,0.,1.));
#914 = ORIENTED_EDGE('',*,*,#915,.T.);
#915 = EDGE_CURVE('',#908,#916,#918,.T.);
#916 = VERTEX_POINT('',#917);
#917 = CARTESIAN_POINT('',(1.100990601981,38.608077216154,1.600050800102
    ));
#918 = CIRCLE('',#919,0.550012700025);
#919 = AXIS2_PLACEMENT_3D('',#920,#921,#922);
#920 = CARTESIAN_POINT('',(1.651003302007,38.608077216154,1.600050800102
    ));
#921 = DIRECTION('',(0.,0.,1.));
#922 = DIRECTION('',(1.,1.110223024625E-16,-0.));
#923 = ORIENTED_EDGE('',*,*,#924,.F.);
#924 = EDGE_CURVE('',#925,#916,#927,.T.);
#925 = VERTEX_POINT('',#926);
#926 = CARTESIAN_POINT('',(1.100990601981,38.608077216154,0.));
#927 = LINE('',#928,#929);
#928 = CARTESIAN_POINT('',(1.100990601981,38.608077216154,0.));
#929 = VECTOR('',#930,1.);
#930 = DIRECTION('',(0.,0.,1.));
#931 = ORIENTED_EDGE('',*,*,#932,.F.);
#932 = EDGE_CURVE('',#906,#925,#933,.T.);
#933 = CIRCLE('',#934,0.550012700025);
#934 = AXIS2_PLACEMENT_3D('',#935,#936,#937);
#935 = CARTESIAN_POINT('',(1.651003302007,38.608077216154,0.));
#936 = DIRECTION('',(0.,0.,1.));
#937 = DIRECTION('',(1.,1.110223024625E-16,-0.));
#938 = CYLINDRICAL_SURFACE('',#939,0.550012700025);
#939 = AXIS2_PLACEMENT_3D('',#940,#941,#942);
#940 = CARTESIAN_POINT('',(1.651003302007,38.608077216154,0.));
#941 = DIRECTION('',(-0.,-0.,-1.));
#942 = DIRECTION('',(1.,1.110223024625E-16,-0.));
#943 = ADVANCED_FACE('',(#944),#962,.F.);
#944 = FACE_BOUND('',#945,.T.);
#945 = EDGE_LOOP('',(#946,#947,#954,#955));
#946 = ORIENTED_EDGE('',*,*,#924,.T.);
#947 = ORIENTED_EDGE('',*,*,#948,.T.);
#948 = EDGE_CURVE('',#916,#908,#949,.T.);
#949 = CIRCLE('',#950,0.550012700025);
#950 = AXIS2_PLACEMENT_3D('',#951,#952,#953);
#951 = CARTESIAN_POINT('',(1.651003302007,38.608077216154,1.600050800102
    ));
#952 = DIRECTION('',(0.,0.,1.));
#953 = DIRECTION('',(-1.,-1.110223024625E-16,0.));
#954 = ORIENTED_EDGE('',*,*,#905,.F.);
#955 = ORIENTED_EDGE('',*,*,#956,.F.);
#956 = EDGE_CURVE('',#925,#906,#957,.T.);
#957 = CIRCLE('',#958,0.550012700025);
#958 = AXIS2_PLACEMENT_3D('',#959,#960,#961);
#959 = CARTESIAN_POINT('',(1.651003302007,38.608077216154,0.));
#960 = DIRECTION('',(0.,0.,1.));
#961 = DIRECTION('',(-1.,-1.110223024625E-16,0.));
#962 = CYLINDRICAL_SURFACE('',#963,0.550012700025);
#963 = AXIS2_PLACEMENT_3D('',#964,#965,#966);
#964 = CARTESIAN_POINT('',(1.651003302007,38.608077216154,0.));
#965 = DIRECTION('',(-0.,-0.,-1.));
#966 = DIRECTION('',(-1.,-1.110223024625E-16,0.));
#967 = ADVANCED_FACE('',(#968),#1004,.F.);
#968 = FACE_BOUND('',#969,.T.);
#969 = EDGE_LOOP('',(#970,#980,#989,#997));
#970 = ORIENTED_EDGE('',*,*,#971,.T.);
#971 = EDGE_CURVE('',#972,#974,#976,.T.);
#972 = VERTEX_POINT('',#973);
#973 = CARTESIAN_POINT('',(6.553213106426,94.869189738379,0.));
#974 = VERTEX_POINT('',#975);
#975 = CARTESIAN_POINT('',(6.553213106426,94.869189738379,1.600050800102
    ));
#976 = LINE('',#977,#978);
#977 = CARTESIAN_POINT('',(6.553213106426,94.869189738379,0.));
#978 = VECTOR('',#979,1.);
#979 = DIRECTION('',(0.,0.,1.));
#980 = ORIENTED_EDGE('',*,*,#981,.T.);
#981 = EDGE_CURVE('',#974,#982,#984,.T.);
#982 = VERTEX_POINT('',#983);
#983 = CARTESIAN_POINT('',(3.352806705613,94.869189738379,1.600050800102
    ));
#984 = CIRCLE('',#985,1.600203200406);
#985 = AXIS2_PLACEMENT_3D('',#986,#987,#988);
#986 = CARTESIAN_POINT('',(4.95300990602,94.869189738379,1.600050800102)
  );
#987 = DIRECTION('',(0.,0.,1.));
#988 = DIRECTION('',(1.,1.110223024625E-16,-0.));
#989 = ORIENTED_EDGE('',*,*,#990,.F.);
#990 = EDGE_CURVE('',#991,#982,#993,.T.);
#991 = VERTEX_POINT('',#992);
#992 = CARTESIAN_POINT('',(3.352806705613,94.869189738379,0.));
#993 = LINE('',#994,#995);
#994 = CARTESIAN_POINT('',(3.352806705613,94.869189738379,0.));
#995 = VECTOR('',#996,1.);
#996 = DIRECTION('',(0.,0.,1.));
#997 = ORIENTED_EDGE('',*,*,#998,.F.);
#998 = EDGE_CURVE('',#972,#991,#999,.T.);
#999 = CIRCLE('',#1000,1.600203200406);
#1000 = AXIS2_PLACEMENT_3D('',#1001,#1002,#1003);
#1001 = CARTESIAN_POINT('',(4.95300990602,94.869189738379,0.));
#1002 = DIRECTION('',(0.,0.,1.));
#1003 = DIRECTION('',(1.,1.110223024625E-16,-0.));
#1004 = CYLINDRICAL_SURFACE('',#1005,1.600203200406);
#1005 = AXIS2_PLACEMENT_3D('',#1006,#1007,#1008);
#1006 = CARTESIAN_POINT('',(4.95300990602,94.869189738379,0.));
#1007 = DIRECTION('',(-0.,-0.,-1.));
#1008 = DIRECTION('',(1.,1.110223024625E-16,-0.));
#1009 = ADVANCED_FACE('',(#1010),#1028,.F.);
#1010 = FACE_BOUND('',#1011,.T.);
#1011 = EDGE_LOOP('',(#1012,#1013,#1020,#1021));
#1012 = ORIENTED_EDGE('',*,*,#990,.T.);
#1013 = ORIENTED_EDGE('',*,*,#1014,.T.);
#1014 = EDGE_CURVE('',#982,#974,#1015,.T.);
#1015 = CIRCLE('',#1016,1.600203200406);
#1016 = AXIS2_PLACEMENT_3D('',#1017,#1018,#1019);
#1017 = CARTESIAN_POINT('',(4.95300990602,94.869189738379,1.600050800102
    ));
#1018 = DIRECTION('',(0.,0.,1.));
#1019 = DIRECTION('',(-1.,-1.110223024625E-16,0.));
#1020 = ORIENTED_EDGE('',*,*,#971,.F.);
#1021 = ORIENTED_EDGE('',*,*,#1022,.F.);
#1022 = EDGE_CURVE('',#991,#972,#1023,.T.);
#1023 = CIRCLE('',#1024,1.600203200406);
#1024 = AXIS2_PLACEMENT_3D('',#1025,#1026,#1027);
#1025 = CARTESIAN_POINT('',(4.95300990602,94.869189738379,0.));
#1026 = DIRECTION('',(0.,0.,1.));
#1027 = DIRECTION('',(-1.,-1.110223024625E-16,0.));
#1028 = CYLINDRICAL_SURFACE('',#1029,1.600203200406);
#1029 = AXIS2_PLACEMENT_3D('',#1030,#1031,#1032);
#1030 = CARTESIAN_POINT('',(4.95300990602,94.869189738379,0.));
#1031 = DIRECTION('',(-0.,-0.,-1.));
#1032 = DIRECTION('',(-1.,-1.110223024625E-16,0.));
#1033 = ADVANCED_FACE('',(#1034),#1070,.F.);
#1034 = FACE_BOUND('',#1035,.T.);
#1035 = EDGE_LOOP('',(#1036,#1046,#1055,#1063));
#1036 = ORIENTED_EDGE('',*,*,#1037,.T.);
#1037 = EDGE_CURVE('',#1038,#1040,#1042,.T.);
#1038 = VERTEX_POINT('',#1039);
#1039 = CARTESIAN_POINT('',(6.63905511811,25.215001270003,0.));
#1040 = VERTEX_POINT('',#1041);
#1041 = CARTESIAN_POINT('',(6.63905511811,25.215001270003,1.600050800102
    ));
#1042 = LINE('',#1043,#1044);
#1043 = CARTESIAN_POINT('',(6.63905511811,25.215001270003,0.));
#1044 = VECTOR('',#1045,1.);
#1045 = DIRECTION('',(0.,0.,1.));
#1046 = ORIENTED_EDGE('',*,*,#1047,.T.);
#1047 = EDGE_CURVE('',#1040,#1048,#1050,.T.);
#1048 = VERTEX_POINT('',#1049);
#1049 = CARTESIAN_POINT('',(3.438648717297,25.215001270003,
    1.600050800102));
#1050 = CIRCLE('',#1051,1.600203200406);
#1051 = AXIS2_PLACEMENT_3D('',#1052,#1053,#1054);
#1052 = CARTESIAN_POINT('',(5.038851917704,25.215001270003,
    1.600050800102));
#1053 = DIRECTION('',(0.,0.,1.));
#1054 = DIRECTION('',(1.,1.110223024625E-16,-0.));
#1055 = ORIENTED_EDGE('',*,*,#1056,.F.);
#1056 = EDGE_CURVE('',#1057,#1048,#1059,.T.);
#1057 = VERTEX_POINT('',#1058);
#1058 = CARTESIAN_POINT('',(3.438648717297,25.215001270003,0.));
#1059 = LINE('',#1060,#1061);
#1060 = CARTESIAN_POINT('',(3.438648717297,25.215001270003,0.));
#1061 = VECTOR('',#1062,1.);
#1062 = DIRECTION('',(0.,0.,1.));
#1063 = ORIENTED_EDGE('',*,*,#1064,.F.);
#1064 = EDGE_CURVE('',#1038,#1057,#1065,.T.);
#1065 = CIRCLE('',#1066,1.600203200406);
#1066 = AXIS2_PLACEMENT_3D('',#1067,#1068,#1069);
#1067 = CARTESIAN_POINT('',(5.038851917704,25.215001270003,0.));
#1068 = DIRECTION('',(0.,0.,1.));
#1069 = DIRECTION('',(1.,1.110223024625E-16,-0.));
#1070 = CYLINDRICAL_SURFACE('',#1071,1.600203200406);
#1071 = AXIS2_PLACEMENT_3D('',#1072,#1073,#1074);
#1072 = CARTESIAN_POINT('',(5.038851917704,25.215001270003,0.));
#1073 = DIRECTION('',(-0.,-0.,-1.));
#1074 = DIRECTION('',(1.,1.110223024625E-16,-0.));
#1075 = ADVANCED_FACE('',(#1076),#1094,.F.);
#1076 = FACE_BOUND('',#1077,.T.);
#1077 = EDGE_LOOP('',(#1078,#1079,#1086,#1087));
#1078 = ORIENTED_EDGE('',*,*,#1056,.T.);
#1079 = ORIENTED_EDGE('',*,*,#1080,.T.);
#1080 = EDGE_CURVE('',#1048,#1040,#1081,.T.);
#1081 = CIRCLE('',#1082,1.600203200406);
#1082 = AXIS2_PLACEMENT_3D('',#1083,#1084,#1085);
#1083 = CARTESIAN_POINT('',(5.038851917704,25.215001270003,
    1.600050800102));
#1084 = DIRECTION('',(0.,0.,1.));
#1085 = DIRECTION('',(-1.,-1.110223024625E-16,0.));
#1086 = ORIENTED_EDGE('',*,*,#1037,.F.);
#1087 = ORIENTED_EDGE('',*,*,#1088,.F.);
#1088 = EDGE_CURVE('',#1057,#1038,#1089,.T.);
#1089 = CIRCLE('',#1090,1.600203200406);
#1090 = AXIS2_PLACEMENT_3D('',#1091,#1092,#1093);
#1091 = CARTESIAN_POINT('',(5.038851917704,25.215001270003,0.));
#1092 = DIRECTION('',(0.,0.,1.));
#1093 = DIRECTION('',(-1.,-1.110223024625E-16,0.));
#1094 = CYLINDRICAL_SURFACE('',#1095,1.600203200406);
#1095 = AXIS2_PLACEMENT_3D('',#1096,#1097,#1098);
#1096 = CARTESIAN_POINT('',(5.038851917704,25.215001270003,0.));
#1097 = DIRECTION('',(-0.,-0.,-1.));
#1098 = DIRECTION('',(-1.,-1.110223024625E-16,0.));
#1099 = ADVANCED_FACE('',(#1100),#1136,.F.);
#1100 = FACE_BOUND('',#1101,.T.);
#1101 = EDGE_LOOP('',(#1102,#1112,#1121,#1129));
#1102 = ORIENTED_EDGE('',*,*,#1103,.T.);
#1103 = EDGE_CURVE('',#1104,#1106,#1108,.T.);
#1104 = VERTEX_POINT('',#1105);
#1105 = CARTESIAN_POINT('',(7.689027178054,87.864236728473,0.));
#1106 = VERTEX_POINT('',#1107);
#1107 = CARTESIAN_POINT('',(7.689027178054,87.864236728473,
    1.600050800102));
#1108 = LINE('',#1109,#1110);
#1109 = CARTESIAN_POINT('',(7.689027178054,87.864236728473,0.));
#1110 = VECTOR('',#1111,1.);
#1111 = DIRECTION('',(0.,0.,1.));
#1112 = ORIENTED_EDGE('',*,*,#1113,.T.);
#1113 = EDGE_CURVE('',#1106,#1114,#1116,.T.);
#1114 = VERTEX_POINT('',#1115);
#1115 = CARTESIAN_POINT('',(6.789001778004,87.864236728473,
    1.600050800102));
#1116 = CIRCLE('',#1117,0.450012700025);
#1117 = AXIS2_PLACEMENT_3D('',#1118,#1119,#1120);
#1118 = CARTESIAN_POINT('',(7.239014478029,87.864236728473,
    1.600050800102));
#1119 = DIRECTION('',(0.,0.,1.));
#1120 = DIRECTION('',(1.,1.110223024625E-16,-0.));
#1121 = ORIENTED_EDGE('',*,*,#1122,.F.);
#1122 = EDGE_CURVE('',#1123,#1114,#1125,.T.);
#1123 = VERTEX_POINT('',#1124);
#1124 = CARTESIAN_POINT('',(6.789001778004,87.864236728473,0.));
#1125 = LINE('',#1126,#1127);
#1126 = CARTESIAN_POINT('',(6.789001778004,87.864236728473,0.));
#1127 = VECTOR('',#1128,1.);
#1128 = DIRECTION('',(0.,0.,1.));
#1129 = ORIENTED_EDGE('',*,*,#1130,.F.);
#1130 = EDGE_CURVE('',#1104,#1123,#1131,.T.);
#1131 = CIRCLE('',#1132,0.450012700025);
#1132 = AXIS2_PLACEMENT_3D('',#1133,#1134,#1135);
#1133 = CARTESIAN_POINT('',(7.239014478029,87.864236728473,0.));
#1134 = DIRECTION('',(0.,0.,1.));
#1135 = DIRECTION('',(1.,1.110223024625E-16,-0.));
#1136 = CYLINDRICAL_SURFACE('',#1137,0.450012700025);
#1137 = AXIS2_PLACEMENT_3D('',#1138,#1139,#1140);
#1138 = CARTESIAN_POINT('',(7.239014478029,87.864236728473,0.));
#1139 = DIRECTION('',(-0.,-0.,-1.));
#1140 = DIRECTION('',(1.,1.110223024625E-16,-0.));
#1141 = ADVANCED_FACE('',(#1142),#1160,.F.);
#1142 = FACE_BOUND('',#1143,.T.);
#1143 = EDGE_LOOP('',(#1144,#1145,#1152,#1153));
#1144 = ORIENTED_EDGE('',*,*,#1122,.T.);
#1145 = ORIENTED_EDGE('',*,*,#1146,.T.);
#1146 = EDGE_CURVE('',#1114,#1106,#1147,.T.);
#1147 = CIRCLE('',#1148,0.450012700025);
#1148 = AXIS2_PLACEMENT_3D('',#1149,#1150,#1151);
#1149 = CARTESIAN_POINT('',(7.239014478029,87.864236728473,
    1.600050800102));
#1150 = DIRECTION('',(0.,0.,1.));
#1151 = DIRECTION('',(-1.,-1.110223024625E-16,0.));
#1152 = ORIENTED_EDGE('',*,*,#1103,.F.);
#1153 = ORIENTED_EDGE('',*,*,#1154,.F.);
#1154 = EDGE_CURVE('',#1123,#1104,#1155,.T.);
#1155 = CIRCLE('',#1156,0.450012700025);
#1156 = AXIS2_PLACEMENT_3D('',#1157,#1158,#1159);
#1157 = CARTESIAN_POINT('',(7.239014478029,87.864236728473,0.));
#1158 = DIRECTION('',(0.,0.,1.));
#1159 = DIRECTION('',(-1.,-1.110223024625E-16,0.));
#1160 = CYLINDRICAL_SURFACE('',#1161,0.450012700025);
#1161 = AXIS2_PLACEMENT_3D('',#1162,#1163,#1164);
#1162 = CARTESIAN_POINT('',(7.239014478029,87.864236728473,0.));
#1163 = DIRECTION('',(-0.,-0.,-1.));
#1164 = DIRECTION('',(-1.,-1.110223024625E-16,0.));
#1165 = ADVANCED_FACE('',(#1166),#1202,.F.);
#1166 = FACE_BOUND('',#1167,.T.);
#1167 = EDGE_LOOP('',(#1168,#1178,#1187,#1195));
#1168 = ORIENTED_EDGE('',*,*,#1169,.T.);
#1169 = EDGE_CURVE('',#1170,#1172,#1174,.T.);
#1170 = VERTEX_POINT('',#1171);
#1171 = CARTESIAN_POINT('',(7.689027178054,85.364236728473,0.));
#1172 = VERTEX_POINT('',#1173);
#1173 = CARTESIAN_POINT('',(7.689027178054,85.364236728473,
    1.600050800102));
#1174 = LINE('',#1175,#1176);
#1175 = CARTESIAN_POINT('',(7.689027178054,85.364236728473,0.));
#1176 = VECTOR('',#1177,1.);
#1177 = DIRECTION('',(0.,0.,1.));
#1178 = ORIENTED_EDGE('',*,*,#1179,.T.);
#1179 = EDGE_CURVE('',#1172,#1180,#1182,.T.);
#1180 = VERTEX_POINT('',#1181);
#1181 = CARTESIAN_POINT('',(6.789001778004,85.364236728473,
    1.600050800102));
#1182 = CIRCLE('',#1183,0.450012700025);
#1183 = AXIS2_PLACEMENT_3D('',#1184,#1185,#1186);
#1184 = CARTESIAN_POINT('',(7.239014478029,85.364236728473,
    1.600050800102));
#1185 = DIRECTION('',(0.,0.,1.));
#1186 = DIRECTION('',(1.,1.110223024625E-16,-0.));
#1187 = ORIENTED_EDGE('',*,*,#1188,.F.);
#1188 = EDGE_CURVE('',#1189,#1180,#1191,.T.);
#1189 = VERTEX_POINT('',#1190);
#1190 = CARTESIAN_POINT('',(6.789001778004,85.364236728473,0.));
#1191 = LINE('',#1192,#1193);
#1192 = CARTESIAN_POINT('',(6.789001778004,85.364236728473,0.));
#1193 = VECTOR('',#1194,1.);
#1194 = DIRECTION('',(0.,0.,1.));
#1195 = ORIENTED_EDGE('',*,*,#1196,.F.);
#1196 = EDGE_CURVE('',#1170,#1189,#1197,.T.);
#1197 = CIRCLE('',#1198,0.450012700025);
#1198 = AXIS2_PLACEMENT_3D('',#1199,#1200,#1201);
#1199 = CARTESIAN_POINT('',(7.239014478029,85.364236728473,0.));
#1200 = DIRECTION('',(0.,0.,1.));
#1201 = DIRECTION('',(1.,1.110223024625E-16,-0.));
#1202 = CYLINDRICAL_SURFACE('',#1203,0.450012700025);
#1203 = AXIS2_PLACEMENT_3D('',#1204,#1205,#1206);
#1204 = CARTESIAN_POINT('',(7.239014478029,85.364236728473,0.));
#1205 = DIRECTION('',(-0.,-0.,-1.));
#1206 = DIRECTION('',(1.,1.110223024625E-16,-0.));
#1207 = ADVANCED_FACE('',(#1208),#1226,.F.);
#1208 = FACE_BOUND('',#1209,.T.);
#1209 = EDGE_LOOP('',(#1210,#1211,#1218,#1219));
#1210 = ORIENTED_EDGE('',*,*,#1188,.T.);
#1211 = ORIENTED_EDGE('',*,*,#1212,.T.);
#1212 = EDGE_CURVE('',#1180,#1172,#1213,.T.);
#1213 = CIRCLE('',#1214,0.450012700025);
#1214 = AXIS2_PLACEMENT_3D('',#1215,#1216,#1217);
#1215 = CARTESIAN_POINT('',(7.239014478029,85.364236728473,
    1.600050800102));
#1216 = DIRECTION('',(0.,0.,1.));
#1217 = DIRECTION('',(-1.,-1.110223024625E-16,0.));
#1218 = ORIENTED_EDGE('',*,*,#1169,.F.);
#1219 = ORIENTED_EDGE('',*,*,#1220,.F.);
#1220 = EDGE_CURVE('',#1189,#1170,#1221,.T.);
#1221 = CIRCLE('',#1222,0.450012700025);
#1222 = AXIS2_PLACEMENT_3D('',#1223,#1224,#1225);
#1223 = CARTESIAN_POINT('',(7.239014478029,85.364236728473,0.));
#1224 = DIRECTION('',(0.,0.,1.));
#1225 = DIRECTION('',(-1.,-1.110223024625E-16,0.));
#1226 = CYLINDRICAL_SURFACE('',#1227,0.450012700025);
#1227 = AXIS2_PLACEMENT_3D('',#1228,#1229,#1230);
#1228 = CARTESIAN_POINT('',(7.239014478029,85.364236728473,0.));
#1229 = DIRECTION('',(-0.,-0.,-1.));
#1230 = DIRECTION('',(-1.,-1.110223024625E-16,0.));
#1231 = ADVANCED_FACE('',(#1232),#1268,.F.);
#1232 = FACE_BOUND('',#1233,.T.);
#1233 = EDGE_LOOP('',(#1234,#1244,#1253,#1261));
#1234 = ORIENTED_EDGE('',*,*,#1235,.T.);
#1235 = EDGE_CURVE('',#1236,#1238,#1240,.T.);
#1236 = VERTEX_POINT('',#1237);
#1237 = CARTESIAN_POINT('',(8.197028194056,62.845186690373,0.));
#1238 = VERTEX_POINT('',#1239);
#1239 = CARTESIAN_POINT('',(8.197028194056,62.845186690373,
    1.600050800102));
#1240 = LINE('',#1241,#1242);
#1241 = CARTESIAN_POINT('',(8.197028194056,62.845186690373,0.));
#1242 = VECTOR('',#1243,1.);
#1243 = DIRECTION('',(0.,0.,1.));
#1244 = ORIENTED_EDGE('',*,*,#1245,.T.);
#1245 = EDGE_CURVE('',#1238,#1246,#1248,.T.);
#1246 = VERTEX_POINT('',#1247);
#1247 = CARTESIAN_POINT('',(7.297002794006,62.845186690373,
    1.600050800102));
#1248 = CIRCLE('',#1249,0.450012700025);
#1249 = AXIS2_PLACEMENT_3D('',#1250,#1251,#1252);
#1250 = CARTESIAN_POINT('',(7.747015494031,62.845186690373,
    1.600050800102));
#1251 = DIRECTION('',(0.,0.,1.));
#1252 = DIRECTION('',(1.,1.110223024625E-16,-0.));
#1253 = ORIENTED_EDGE('',*,*,#1254,.F.);
#1254 = EDGE_CURVE('',#1255,#1246,#1257,.T.);
#1255 = VERTEX_POINT('',#1256);
#1256 = CARTESIAN_POINT('',(7.297002794006,62.845186690373,0.));
#1257 = LINE('',#1258,#1259);
#1258 = CARTESIAN_POINT('',(7.297002794006,62.845186690373,0.));
#1259 = VECTOR('',#1260,1.);
#1260 = DIRECTION('',(0.,0.,1.));
#1261 = ORIENTED_EDGE('',*,*,#1262,.F.);
#1262 = EDGE_CURVE('',#1236,#1255,#1263,.T.);
#1263 = CIRCLE('',#1264,0.450012700025);
#1264 = AXIS2_PLACEMENT_3D('',#1265,#1266,#1267);
#1265 = CARTESIAN_POINT('',(7.747015494031,62.845186690373,0.));
#1266 = DIRECTION('',(0.,0.,1.));
#1267 = DIRECTION('',(1.,1.110223024625E-16,-0.));
#1268 = CYLINDRICAL_SURFACE('',#1269,0.450012700025);
#1269 = AXIS2_PLACEMENT_3D('',#1270,#1271,#1272);
#1270 = CARTESIAN_POINT('',(7.747015494031,62.845186690373,0.));
#1271 = DIRECTION('',(-0.,-0.,-1.));
#1272 = DIRECTION('',(1.,1.110223024625E-16,-0.));
#1273 = ADVANCED_FACE('',(#1274),#1292,.F.);
#1274 = FACE_BOUND('',#1275,.T.);
#1275 = EDGE_LOOP('',(#1276,#1277,#1284,#1285));
#1276 = ORIENTED_EDGE('',*,*,#1254,.T.);
#1277 = ORIENTED_EDGE('',*,*,#1278,.T.);
#1278 = EDGE_CURVE('',#1246,#1238,#1279,.T.);
#1279 = CIRCLE('',#1280,0.450012700025);
#1280 = AXIS2_PLACEMENT_3D('',#1281,#1282,#1283);
#1281 = CARTESIAN_POINT('',(7.747015494031,62.845186690373,
    1.600050800102));
#1282 = DIRECTION('',(0.,0.,1.));
#1283 = DIRECTION('',(-1.,-1.110223024625E-16,0.));
#1284 = ORIENTED_EDGE('',*,*,#1235,.F.);
#1285 = ORIENTED_EDGE('',*,*,#1286,.F.);
#1286 = EDGE_CURVE('',#1255,#1236,#1287,.T.);
#1287 = CIRCLE('',#1288,0.450012700025);
#1288 = AXIS2_PLACEMENT_3D('',#1289,#1290,#1291);
#1289 = CARTESIAN_POINT('',(7.747015494031,62.845186690373,0.));
#1290 = DIRECTION('',(0.,0.,1.));
#1291 = DIRECTION('',(-1.,-1.110223024625E-16,0.));
#1292 = CYLINDRICAL_SURFACE('',#1293,0.450012700025);
#1293 = AXIS2_PLACEMENT_3D('',#1294,#1295,#1296);
#1294 = CARTESIAN_POINT('',(7.747015494031,62.845186690373,0.));
#1295 = DIRECTION('',(-0.,-0.,-1.));
#1296 = DIRECTION('',(-1.,-1.110223024625E-16,0.));
#1297 = ADVANCED_FACE('',(#1298),#1334,.F.);
#1298 = FACE_BOUND('',#1299,.T.);
#1299 = EDGE_LOOP('',(#1300,#1310,#1319,#1327));
#1300 = ORIENTED_EDGE('',*,*,#1301,.T.);
#1301 = EDGE_CURVE('',#1302,#1304,#1306,.T.);
#1302 = VERTEX_POINT('',#1303);
#1303 = CARTESIAN_POINT('',(8.197028194056,60.345186690373,0.));
#1304 = VERTEX_POINT('',#1305);
#1305 = CARTESIAN_POINT('',(8.197028194056,60.345186690373,
    1.600050800102));
#1306 = LINE('',#1307,#1308);
#1307 = CARTESIAN_POINT('',(8.197028194056,60.345186690373,0.));
#1308 = VECTOR('',#1309,1.);
#1309 = DIRECTION('',(0.,0.,1.));
#1310 = ORIENTED_EDGE('',*,*,#1311,.T.);
#1311 = EDGE_CURVE('',#1304,#1312,#1314,.T.);
#1312 = VERTEX_POINT('',#1313);
#1313 = CARTESIAN_POINT('',(7.297002794006,60.345186690373,
    1.600050800102));
#1314 = CIRCLE('',#1315,0.450012700025);
#1315 = AXIS2_PLACEMENT_3D('',#1316,#1317,#1318);
#1316 = CARTESIAN_POINT('',(7.747015494031,60.345186690373,
    1.600050800102));
#1317 = DIRECTION('',(0.,0.,1.));
#1318 = DIRECTION('',(1.,1.110223024625E-16,-0.));
#1319 = ORIENTED_EDGE('',*,*,#1320,.F.);
#1320 = EDGE_CURVE('',#1321,#1312,#1323,.T.);
#1321 = VERTEX_POINT('',#1322);
#1322 = CARTESIAN_POINT('',(7.297002794006,60.345186690373,0.));
#1323 = LINE('',#1324,#1325);
#1324 = CARTESIAN_POINT('',(7.297002794006,60.345186690373,0.));
#1325 = VECTOR('',#1326,1.);
#1326 = DIRECTION('',(0.,0.,1.));
#1327 = ORIENTED_EDGE('',*,*,#1328,.F.);
#1328 = EDGE_CURVE('',#1302,#1321,#1329,.T.);
#1329 = CIRCLE('',#1330,0.450012700025);
#1330 = AXIS2_PLACEMENT_3D('',#1331,#1332,#1333);
#1331 = CARTESIAN_POINT('',(7.747015494031,60.345186690373,0.));
#1332 = DIRECTION('',(0.,0.,1.));
#1333 = DIRECTION('',(1.,1.110223024625E-16,-0.));
#1334 = CYLINDRICAL_SURFACE('',#1335,0.450012700025);
#1335 = AXIS2_PLACEMENT_3D('',#1336,#1337,#1338);
#1336 = CARTESIAN_POINT('',(7.747015494031,60.345186690373,0.));
#1337 = DIRECTION('',(-0.,-0.,-1.));
#1338 = DIRECTION('',(1.,1.110223024625E-16,-0.));
#1339 = ADVANCED_FACE('',(#1340),#1358,.F.);
#1340 = FACE_BOUND('',#1341,.T.);
#1341 = EDGE_LOOP('',(#1342,#1343,#1350,#1351));
#1342 = ORIENTED_EDGE('',*,*,#1320,.T.);
#1343 = ORIENTED_EDGE('',*,*,#1344,.T.);
#1344 = EDGE_CURVE('',#1312,#1304,#1345,.T.);
#1345 = CIRCLE('',#1346,0.450012700025);
#1346 = AXIS2_PLACEMENT_3D('',#1347,#1348,#1349);
#1347 = CARTESIAN_POINT('',(7.747015494031,60.345186690373,
    1.600050800102));
#1348 = DIRECTION('',(0.,0.,1.));
#1349 = DIRECTION('',(-1.,-1.110223024625E-16,0.));
#1350 = ORIENTED_EDGE('',*,*,#1301,.F.);
#1351 = ORIENTED_EDGE('',*,*,#1352,.F.);
#1352 = EDGE_CURVE('',#1321,#1302,#1353,.T.);
#1353 = CIRCLE('',#1354,0.450012700025);
#1354 = AXIS2_PLACEMENT_3D('',#1355,#1356,#1357);
#1355 = CARTESIAN_POINT('',(7.747015494031,60.345186690373,0.));
#1356 = DIRECTION('',(0.,0.,1.));
#1357 = DIRECTION('',(-1.,-1.110223024625E-16,0.));
#1358 = CYLINDRICAL_SURFACE('',#1359,0.450012700025);
#1359 = AXIS2_PLACEMENT_3D('',#1360,#1361,#1362);
#1360 = CARTESIAN_POINT('',(7.747015494031,60.345186690373,0.));
#1361 = DIRECTION('',(-0.,-0.,-1.));
#1362 = DIRECTION('',(-1.,-1.110223024625E-16,0.));
#1363 = ADVANCED_FACE('',(#1364),#1400,.F.);
#1364 = FACE_BOUND('',#1365,.T.);
#1365 = EDGE_LOOP('',(#1366,#1376,#1385,#1393));
#1366 = ORIENTED_EDGE('',*,*,#1367,.T.);
#1367 = EDGE_CURVE('',#1368,#1370,#1372,.T.);
#1368 = VERTEX_POINT('',#1369);
#1369 = CARTESIAN_POINT('',(8.197028194056,55.352171704343,0.));
#1370 = VERTEX_POINT('',#1371);
#1371 = CARTESIAN_POINT('',(8.197028194056,55.352171704343,
    1.600050800102));
#1372 = LINE('',#1373,#1374);
#1373 = CARTESIAN_POINT('',(8.197028194056,55.352171704343,0.));
#1374 = VECTOR('',#1375,1.);
#1375 = DIRECTION('',(0.,0.,1.));
#1376 = ORIENTED_EDGE('',*,*,#1377,.T.);
#1377 = EDGE_CURVE('',#1370,#1378,#1380,.T.);
#1378 = VERTEX_POINT('',#1379);
#1379 = CARTESIAN_POINT('',(7.297002794006,55.352171704343,
    1.600050800102));
#1380 = CIRCLE('',#1381,0.450012700025);
#1381 = AXIS2_PLACEMENT_3D('',#1382,#1383,#1384);
#1382 = CARTESIAN_POINT('',(7.747015494031,55.352171704343,
    1.600050800102));
#1383 = DIRECTION('',(0.,0.,1.));
#1384 = DIRECTION('',(1.,1.110223024625E-16,-0.));
#1385 = ORIENTED_EDGE('',*,*,#1386,.F.);
#1386 = EDGE_CURVE('',#1387,#1378,#1389,.T.);
#1387 = VERTEX_POINT('',#1388);
#1388 = CARTESIAN_POINT('',(7.297002794006,55.352171704343,0.));
#1389 = LINE('',#1390,#1391);
#1390 = CARTESIAN_POINT('',(7.297002794006,55.352171704343,0.));
#1391 = VECTOR('',#1392,1.);
#1392 = DIRECTION('',(0.,0.,1.));
#1393 = ORIENTED_EDGE('',*,*,#1394,.F.);
#1394 = EDGE_CURVE('',#1368,#1387,#1395,.T.);
#1395 = CIRCLE('',#1396,0.450012700025);
#1396 = AXIS2_PLACEMENT_3D('',#1397,#1398,#1399);
#1397 = CARTESIAN_POINT('',(7.747015494031,55.352171704343,0.));
#1398 = DIRECTION('',(0.,0.,1.));
#1399 = DIRECTION('',(1.,1.110223024625E-16,-0.));
#1400 = CYLINDRICAL_SURFACE('',#1401,0.450012700025);
#1401 = AXIS2_PLACEMENT_3D('',#1402,#1403,#1404);
#1402 = CARTESIAN_POINT('',(7.747015494031,55.352171704343,0.));
#1403 = DIRECTION('',(-0.,-0.,-1.));
#1404 = DIRECTION('',(1.,1.110223024625E-16,-0.));
#1405 = ADVANCED_FACE('',(#1406),#1424,.F.);
#1406 = FACE_BOUND('',#1407,.T.);
#1407 = EDGE_LOOP('',(#1408,#1409,#1416,#1417));
#1408 = ORIENTED_EDGE('',*,*,#1386,.T.);
#1409 = ORIENTED_EDGE('',*,*,#1410,.T.);
#1410 = EDGE_CURVE('',#1378,#1370,#1411,.T.);
#1411 = CIRCLE('',#1412,0.450012700025);
#1412 = AXIS2_PLACEMENT_3D('',#1413,#1414,#1415);
#1413 = CARTESIAN_POINT('',(7.747015494031,55.352171704343,
    1.600050800102));
#1414 = DIRECTION('',(0.,0.,1.));
#1415 = DIRECTION('',(-1.,-1.110223024625E-16,0.));
#1416 = ORIENTED_EDGE('',*,*,#1367,.F.);
#1417 = ORIENTED_EDGE('',*,*,#1418,.F.);
#1418 = EDGE_CURVE('',#1387,#1368,#1419,.T.);
#1419 = CIRCLE('',#1420,0.450012700025);
#1420 = AXIS2_PLACEMENT_3D('',#1421,#1422,#1423);
#1421 = CARTESIAN_POINT('',(7.747015494031,55.352171704343,0.));
#1422 = DIRECTION('',(0.,0.,1.));
#1423 = DIRECTION('',(-1.,-1.110223024625E-16,0.));
#1424 = CYLINDRICAL_SURFACE('',#1425,0.450012700025);
#1425 = AXIS2_PLACEMENT_3D('',#1426,#1427,#1428);
#1426 = CARTESIAN_POINT('',(7.747015494031,55.352171704343,0.));
#1427 = DIRECTION('',(-0.,-0.,-1.));
#1428 = DIRECTION('',(-1.,-1.110223024625E-16,0.));
#1429 = ADVANCED_FACE('',(#1430),#1466,.F.);
#1430 = FACE_BOUND('',#1431,.T.);
#1431 = EDGE_LOOP('',(#1432,#1442,#1451,#1459));
#1432 = ORIENTED_EDGE('',*,*,#1433,.T.);
#1433 = EDGE_CURVE('',#1434,#1436,#1438,.T.);
#1434 = VERTEX_POINT('',#1435);
#1435 = CARTESIAN_POINT('',(8.197028194056,52.852171704343,0.));
#1436 = VERTEX_POINT('',#1437);
#1437 = CARTESIAN_POINT('',(8.197028194056,52.852171704343,
    1.600050800102));
#1438 = LINE('',#1439,#1440);
#1439 = CARTESIAN_POINT('',(8.197028194056,52.852171704343,0.));
#1440 = VECTOR('',#1441,1.);
#1441 = DIRECTION('',(0.,0.,1.));
#1442 = ORIENTED_EDGE('',*,*,#1443,.T.);
#1443 = EDGE_CURVE('',#1436,#1444,#1446,.T.);
#1444 = VERTEX_POINT('',#1445);
#1445 = CARTESIAN_POINT('',(7.297002794006,52.852171704343,
    1.600050800102));
#1446 = CIRCLE('',#1447,0.450012700025);
#1447 = AXIS2_PLACEMENT_3D('',#1448,#1449,#1450);
#1448 = CARTESIAN_POINT('',(7.747015494031,52.852171704343,
    1.600050800102));
#1449 = DIRECTION('',(0.,0.,1.));
#1450 = DIRECTION('',(1.,1.110223024625E-16,-0.));
#1451 = ORIENTED_EDGE('',*,*,#1452,.F.);
#1452 = EDGE_CURVE('',#1453,#1444,#1455,.T.);
#1453 = VERTEX_POINT('',#1454);
#1454 = CARTESIAN_POINT('',(7.297002794006,52.852171704343,0.));
#1455 = LINE('',#1456,#1457);
#1456 = CARTESIAN_POINT('',(7.297002794006,52.852171704343,0.));
#1457 = VECTOR('',#1458,1.);
#1458 = DIRECTION('',(0.,0.,1.));
#1459 = ORIENTED_EDGE('',*,*,#1460,.F.);
#1460 = EDGE_CURVE('',#1434,#1453,#1461,.T.);
#1461 = CIRCLE('',#1462,0.450012700025);
#1462 = AXIS2_PLACEMENT_3D('',#1463,#1464,#1465);
#1463 = CARTESIAN_POINT('',(7.747015494031,52.852171704343,0.));
#1464 = DIRECTION('',(0.,0.,1.));
#1465 = DIRECTION('',(1.,1.110223024625E-16,-0.));
#1466 = CYLINDRICAL_SURFACE('',#1467,0.450012700025);
#1467 = AXIS2_PLACEMENT_3D('',#1468,#1469,#1470);
#1468 = CARTESIAN_POINT('',(7.747015494031,52.852171704343,0.));
#1469 = DIRECTION('',(-0.,-0.,-1.));
#1470 = DIRECTION('',(1.,1.110223024625E-16,-0.));
#1471 = ADVANCED_FACE('',(#1472),#1490,.F.);
#1472 = FACE_BOUND('',#1473,.T.);
#1473 = EDGE_LOOP('',(#1474,#1475,#1482,#1483));
#1474 = ORIENTED_EDGE('',*,*,#1452,.T.);
#1475 = ORIENTED_EDGE('',*,*,#1476,.T.);
#1476 = EDGE_CURVE('',#1444,#1436,#1477,.T.);
#1477 = CIRCLE('',#1478,0.450012700025);
#1478 = AXIS2_PLACEMENT_3D('',#1479,#1480,#1481);
#1479 = CARTESIAN_POINT('',(7.747015494031,52.852171704343,
    1.600050800102));
#1480 = DIRECTION('',(0.,0.,1.));
#1481 = DIRECTION('',(-1.,-1.110223024625E-16,0.));
#1482 = ORIENTED_EDGE('',*,*,#1433,.F.);
#1483 = ORIENTED_EDGE('',*,*,#1484,.F.);
#1484 = EDGE_CURVE('',#1453,#1434,#1485,.T.);
#1485 = CIRCLE('',#1486,0.450012700025);
#1486 = AXIS2_PLACEMENT_3D('',#1487,#1488,#1489);
#1487 = CARTESIAN_POINT('',(7.747015494031,52.852171704343,0.));
#1488 = DIRECTION('',(0.,0.,1.));
#1489 = DIRECTION('',(-1.,-1.110223024625E-16,0.));
#1490 = CYLINDRICAL_SURFACE('',#1491,0.450012700025);
#1491 = AXIS2_PLACEMENT_3D('',#1492,#1493,#1494);
#1492 = CARTESIAN_POINT('',(7.747015494031,52.852171704343,0.));
#1493 = DIRECTION('',(-0.,-0.,-1.));
#1494 = DIRECTION('',(-1.,-1.110223024625E-16,0.));
#1495 = ADVANCED_FACE('',(#1496),#1532,.F.);
#1496 = FACE_BOUND('',#1497,.T.);
#1497 = EDGE_LOOP('',(#1498,#1508,#1517,#1525));
#1498 = ORIENTED_EDGE('',*,*,#1499,.T.);
#1499 = EDGE_CURVE('',#1500,#1502,#1504,.T.);
#1500 = VERTEX_POINT('',#1501);
#1501 = CARTESIAN_POINT('',(11.902921005842,39.751079502159,0.));
#1502 = VERTEX_POINT('',#1503);
#1503 = CARTESIAN_POINT('',(11.902921005842,39.751079502159,
    1.600050800102));
#1504 = LINE('',#1505,#1506);
#1505 = CARTESIAN_POINT('',(11.902921005842,39.751079502159,0.));
#1506 = VECTOR('',#1507,1.);
#1507 = DIRECTION('',(0.,0.,1.));
#1508 = ORIENTED_EDGE('',*,*,#1509,.T.);
#1509 = EDGE_CURVE('',#1502,#1510,#1512,.T.);
#1510 = VERTEX_POINT('',#1511);
#1511 = CARTESIAN_POINT('',(10.702921005842,39.751079502159,
    1.600050800102));
#1512 = CIRCLE('',#1513,0.6);
#1513 = AXIS2_PLACEMENT_3D('',#1514,#1515,#1516);
#1514 = CARTESIAN_POINT('',(11.302921005842,39.751079502159,
    1.600050800102));
#1515 = DIRECTION('',(0.,0.,1.));
#1516 = DIRECTION('',(1.,1.110223024625E-16,-0.));
#1517 = ORIENTED_EDGE('',*,*,#1518,.F.);
#1518 = EDGE_CURVE('',#1519,#1510,#1521,.T.);
#1519 = VERTEX_POINT('',#1520);
#1520 = CARTESIAN_POINT('',(10.702921005842,39.751079502159,0.));
#1521 = LINE('',#1522,#1523);
#1522 = CARTESIAN_POINT('',(10.702921005842,39.751079502159,0.));
#1523 = VECTOR('',#1524,1.);
#1524 = DIRECTION('',(0.,0.,1.));
#1525 = ORIENTED_EDGE('',*,*,#1526,.F.);
#1526 = EDGE_CURVE('',#1500,#1519,#1527,.T.);
#1527 = CIRCLE('',#1528,0.6);
#1528 = AXIS2_PLACEMENT_3D('',#1529,#1530,#1531);
#1529 = CARTESIAN_POINT('',(11.302921005842,39.751079502159,0.));
#1530 = DIRECTION('',(0.,0.,1.));
#1531 = DIRECTION('',(1.,1.110223024625E-16,-0.));
#1532 = CYLINDRICAL_SURFACE('',#1533,0.6);
#1533 = AXIS2_PLACEMENT_3D('',#1534,#1535,#1536);
#1534 = CARTESIAN_POINT('',(11.302921005842,39.751079502159,0.));
#1535 = DIRECTION('',(-0.,-0.,-1.));
#1536 = DIRECTION('',(1.,1.110223024625E-16,-0.));
#1537 = ADVANCED_FACE('',(#1538),#1556,.F.);
#1538 = FACE_BOUND('',#1539,.T.);
#1539 = EDGE_LOOP('',(#1540,#1541,#1548,#1549));
#1540 = ORIENTED_EDGE('',*,*,#1518,.T.);
#1541 = ORIENTED_EDGE('',*,*,#1542,.T.);
#1542 = EDGE_CURVE('',#1510,#1502,#1543,.T.);
#1543 = CIRCLE('',#1544,0.6);
#1544 = AXIS2_PLACEMENT_3D('',#1545,#1546,#1547);
#1545 = CARTESIAN_POINT('',(11.302921005842,39.751079502159,
    1.600050800102));
#1546 = DIRECTION('',(0.,0.,1.));
#1547 = DIRECTION('',(-1.,-1.110223024625E-16,0.));
#1548 = ORIENTED_EDGE('',*,*,#1499,.F.);
#1549 = ORIENTED_EDGE('',*,*,#1550,.F.);
#1550 = EDGE_CURVE('',#1519,#1500,#1551,.T.);
#1551 = CIRCLE('',#1552,0.6);
#1552 = AXIS2_PLACEMENT_3D('',#1553,#1554,#1555);
#1553 = CARTESIAN_POINT('',(11.302921005842,39.751079502159,0.));
#1554 = DIRECTION('',(0.,0.,1.));
#1555 = DIRECTION('',(-1.,-1.110223024625E-16,0.));
#1556 = CYLINDRICAL_SURFACE('',#1557,0.6);
#1557 = AXIS2_PLACEMENT_3D('',#1558,#1559,#1560);
#1558 = CARTESIAN_POINT('',(11.302921005842,39.751079502159,0.));
#1559 = DIRECTION('',(-0.,-0.,-1.));
#1560 = DIRECTION('',(-1.,-1.110223024625E-16,0.));
#1561 = ADVANCED_FACE('',(#1562),#1598,.F.);
#1562 = FACE_BOUND('',#1563,.T.);
#1563 = EDGE_LOOP('',(#1564,#1574,#1583,#1591));
#1564 = ORIENTED_EDGE('',*,*,#1565,.T.);
#1565 = EDGE_CURVE('',#1566,#1568,#1570,.T.);
#1566 = VERTEX_POINT('',#1567);
#1567 = CARTESIAN_POINT('',(11.902971805944,42.291084582169,0.));
#1568 = VERTEX_POINT('',#1569);
#1569 = CARTESIAN_POINT('',(11.902971805944,42.291084582169,
    1.600050800102));
#1570 = LINE('',#1571,#1572);
#1571 = CARTESIAN_POINT('',(11.902971805944,42.291084582169,0.));
#1572 = VECTOR('',#1573,1.);
#1573 = DIRECTION('',(0.,0.,1.));
#1574 = ORIENTED_EDGE('',*,*,#1575,.T.);
#1575 = EDGE_CURVE('',#1568,#1576,#1578,.T.);
#1576 = VERTEX_POINT('',#1577);
#1577 = CARTESIAN_POINT('',(10.702971805944,42.291084582169,
    1.600050800102));
#1578 = CIRCLE('',#1579,0.6);
#1579 = AXIS2_PLACEMENT_3D('',#1580,#1581,#1582);
#1580 = CARTESIAN_POINT('',(11.302971805944,42.291084582169,
    1.600050800102));
#1581 = DIRECTION('',(0.,0.,1.));
#1582 = DIRECTION('',(1.,1.110223024625E-16,-0.));
#1583 = ORIENTED_EDGE('',*,*,#1584,.F.);
#1584 = EDGE_CURVE('',#1585,#1576,#1587,.T.);
#1585 = VERTEX_POINT('',#1586);
#1586 = CARTESIAN_POINT('',(10.702971805944,42.291084582169,0.));
#1587 = LINE('',#1588,#1589);
#1588 = CARTESIAN_POINT('',(10.702971805944,42.291084582169,0.));
#1589 = VECTOR('',#1590,1.);
#1590 = DIRECTION('',(0.,0.,1.));
#1591 = ORIENTED_EDGE('',*,*,#1592,.F.);
#1592 = EDGE_CURVE('',#1566,#1585,#1593,.T.);
#1593 = CIRCLE('',#1594,0.6);
#1594 = AXIS2_PLACEMENT_3D('',#1595,#1596,#1597);
#1595 = CARTESIAN_POINT('',(11.302971805944,42.291084582169,0.));
#1596 = DIRECTION('',(0.,0.,1.));
#1597 = DIRECTION('',(1.,1.110223024625E-16,-0.));
#1598 = CYLINDRICAL_SURFACE('',#1599,0.6);
#1599 = AXIS2_PLACEMENT_3D('',#1600,#1601,#1602);
#1600 = CARTESIAN_POINT('',(11.302971805944,42.291084582169,0.));
#1601 = DIRECTION('',(-0.,-0.,-1.));
#1602 = DIRECTION('',(1.,1.110223024625E-16,-0.));
#1603 = ADVANCED_FACE('',(#1604),#1622,.F.);
#1604 = FACE_BOUND('',#1605,.T.);
#1605 = EDGE_LOOP('',(#1606,#1607,#1614,#1615));
#1606 = ORIENTED_EDGE('',*,*,#1584,.T.);
#1607 = ORIENTED_EDGE('',*,*,#1608,.T.);
#1608 = EDGE_CURVE('',#1576,#1568,#1609,.T.);
#1609 = CIRCLE('',#1610,0.6);
#1610 = AXIS2_PLACEMENT_3D('',#1611,#1612,#1613);
#1611 = CARTESIAN_POINT('',(11.302971805944,42.291084582169,
    1.600050800102));
#1612 = DIRECTION('',(0.,0.,1.));
#1613 = DIRECTION('',(-1.,-1.110223024625E-16,0.));
#1614 = ORIENTED_EDGE('',*,*,#1565,.F.);
#1615 = ORIENTED_EDGE('',*,*,#1616,.F.);
#1616 = EDGE_CURVE('',#1585,#1566,#1617,.T.);
#1617 = CIRCLE('',#1618,0.6);
#1618 = AXIS2_PLACEMENT_3D('',#1619,#1620,#1621);
#1619 = CARTESIAN_POINT('',(11.302971805944,42.291084582169,0.));
#1620 = DIRECTION('',(0.,0.,1.));
#1621 = DIRECTION('',(-1.,-1.110223024625E-16,0.));
#1622 = CYLINDRICAL_SURFACE('',#1623,0.6);
#1623 = AXIS2_PLACEMENT_3D('',#1624,#1625,#1626);
#1624 = CARTESIAN_POINT('',(11.302971805944,42.291084582169,0.));
#1625 = DIRECTION('',(-0.,-0.,-1.));
#1626 = DIRECTION('',(-1.,-1.110223024625E-16,0.));
#1627 = ADVANCED_FACE('',(#1628),#1664,.F.);
#1628 = FACE_BOUND('',#1629,.T.);
#1629 = EDGE_LOOP('',(#1630,#1640,#1649,#1657));
#1630 = ORIENTED_EDGE('',*,*,#1631,.T.);
#1631 = EDGE_CURVE('',#1632,#1634,#1636,.T.);
#1632 = VERTEX_POINT('',#1633);
#1633 = CARTESIAN_POINT('',(13.293624587249,97.627127254255,0.));
#1634 = VERTEX_POINT('',#1635);
#1635 = CARTESIAN_POINT('',(13.293624587249,97.627127254255,
    1.600050800102));
#1636 = LINE('',#1637,#1638);
#1637 = CARTESIAN_POINT('',(13.293624587249,97.627127254255,0.));
#1638 = VECTOR('',#1639,1.);
#1639 = DIRECTION('',(0.,0.,1.));
#1640 = ORIENTED_EDGE('',*,*,#1641,.T.);
#1641 = EDGE_CURVE('',#1634,#1642,#1644,.T.);
#1642 = VERTEX_POINT('',#1643);
#1643 = CARTESIAN_POINT('',(13.288544577089,93.127254254509,
    1.600050800102));
#1644 = CIRCLE('',#1645,2.249937933608);
#1645 = AXIS2_PLACEMENT_3D('',#1646,#1647,#1648);
#1646 = CARTESIAN_POINT('',(13.291084582169,95.377190754382,
    1.600050800102));
#1647 = DIRECTION('',(0.,0.,1.));
#1648 = DIRECTION('',(1.128922288064E-03,0.999999362767,-0.));
#1649 = ORIENTED_EDGE('',*,*,#1650,.F.);
#1650 = EDGE_CURVE('',#1651,#1642,#1653,.T.);
#1651 = VERTEX_POINT('',#1652);
#1652 = CARTESIAN_POINT('',(13.288544577089,93.127254254509,0.));
#1653 = LINE('',#1654,#1655);
#1654 = CARTESIAN_POINT('',(13.288544577089,93.127254254509,0.));
#1655 = VECTOR('',#1656,1.);
#1656 = DIRECTION('',(0.,0.,1.));
#1657 = ORIENTED_EDGE('',*,*,#1658,.F.);
#1658 = EDGE_CURVE('',#1632,#1651,#1659,.T.);
#1659 = CIRCLE('',#1660,2.249937933608);
#1660 = AXIS2_PLACEMENT_3D('',#1661,#1662,#1663);
#1661 = CARTESIAN_POINT('',(13.291084582169,95.377190754382,0.));
#1662 = DIRECTION('',(0.,0.,1.));
#1663 = DIRECTION('',(1.128922288064E-03,0.999999362767,-0.));
#1664 = CYLINDRICAL_SURFACE('',#1665,2.249937933608);
#1665 = AXIS2_PLACEMENT_3D('',#1666,#1667,#1668);
#1666 = CARTESIAN_POINT('',(13.291084582169,95.377190754382,0.));
#1667 = DIRECTION('',(-0.,-0.,-1.));
#1668 = DIRECTION('',(1.128922288064E-03,0.999999362767,-0.));
#1669 = ADVANCED_FACE('',(#1670),#1688,.F.);
#1670 = FACE_BOUND('',#1671,.T.);
#1671 = EDGE_LOOP('',(#1672,#1673,#1680,#1681));
#1672 = ORIENTED_EDGE('',*,*,#1650,.T.);
#1673 = ORIENTED_EDGE('',*,*,#1674,.T.);
#1674 = EDGE_CURVE('',#1642,#1634,#1675,.T.);
#1675 = CIRCLE('',#1676,2.249937933608);
#1676 = AXIS2_PLACEMENT_3D('',#1677,#1678,#1679);
#1677 = CARTESIAN_POINT('',(13.291084582169,95.377190754382,
    1.600050800102));
#1678 = DIRECTION('',(0.,0.,1.));
#1679 = DIRECTION('',(-1.128922288064E-03,-0.999999362767,0.));
#1680 = ORIENTED_EDGE('',*,*,#1631,.F.);
#1681 = ORIENTED_EDGE('',*,*,#1682,.F.);
#1682 = EDGE_CURVE('',#1651,#1632,#1683,.T.);
#1683 = CIRCLE('',#1684,2.249937933608);
#1684 = AXIS2_PLACEMENT_3D('',#1685,#1686,#1687);
#1685 = CARTESIAN_POINT('',(13.291084582169,95.377190754382,0.));
#1686 = DIRECTION('',(0.,0.,1.));
#1687 = DIRECTION('',(-1.128922288064E-03,-0.999999362767,0.));
#1688 = CYLINDRICAL_SURFACE('',#1689,2.249937933608);
#1689 = AXIS2_PLACEMENT_3D('',#1690,#1691,#1692);
#1690 = CARTESIAN_POINT('',(13.291084582169,95.377190754382,0.));
#1691 = DIRECTION('',(-0.,-0.,-1.));
#1692 = DIRECTION('',(-1.128922288064E-03,-0.999999362767,0.));
#1693 = ADVANCED_FACE('',(#1694),#1730,.F.);
#1694 = FACE_BOUND('',#1695,.T.);
#1695 = EDGE_LOOP('',(#1696,#1706,#1715,#1723));
#1696 = ORIENTED_EDGE('',*,*,#1697,.T.);
#1697 = EDGE_CURVE('',#1698,#1700,#1702,.T.);
#1698 = VERTEX_POINT('',#1699);
#1699 = CARTESIAN_POINT('',(13.835026670053,85.09017018034,0.));
#1700 = VERTEX_POINT('',#1701);
#1701 = CARTESIAN_POINT('',(13.835026670053,85.09017018034,
    1.600050800102));
#1702 = LINE('',#1703,#1704);
#1703 = CARTESIAN_POINT('',(13.835026670053,85.09017018034,0.));
#1704 = VECTOR('',#1705,1.);
#1705 = DIRECTION('',(0.,0.,1.));
#1706 = ORIENTED_EDGE('',*,*,#1707,.T.);
#1707 = EDGE_CURVE('',#1700,#1708,#1710,.T.);
#1708 = VERTEX_POINT('',#1709);
#1709 = CARTESIAN_POINT('',(12.835026670053,85.09017018034,
    1.600050800102));
#1710 = CIRCLE('',#1711,0.5);
#1711 = AXIS2_PLACEMENT_3D('',#1712,#1713,#1714);
#1712 = CARTESIAN_POINT('',(13.335026670053,85.09017018034,
    1.600050800102));
#1713 = DIRECTION('',(0.,0.,1.));
#1714 = DIRECTION('',(1.,1.110223024625E-16,-0.));
#1715 = ORIENTED_EDGE('',*,*,#1716,.F.);
#1716 = EDGE_CURVE('',#1717,#1708,#1719,.T.);
#1717 = VERTEX_POINT('',#1718);
#1718 = CARTESIAN_POINT('',(12.835026670053,85.09017018034,0.));
#1719 = LINE('',#1720,#1721);
#1720 = CARTESIAN_POINT('',(12.835026670053,85.09017018034,0.));
#1721 = VECTOR('',#1722,1.);
#1722 = DIRECTION('',(0.,0.,1.));
#1723 = ORIENTED_EDGE('',*,*,#1724,.F.);
#1724 = EDGE_CURVE('',#1698,#1717,#1725,.T.);
#1725 = CIRCLE('',#1726,0.5);
#1726 = AXIS2_PLACEMENT_3D('',#1727,#1728,#1729);
#1727 = CARTESIAN_POINT('',(13.335026670053,85.09017018034,0.));
#1728 = DIRECTION('',(0.,0.,1.));
#1729 = DIRECTION('',(1.,1.110223024625E-16,-0.));
#1730 = CYLINDRICAL_SURFACE('',#1731,0.5);
#1731 = AXIS2_PLACEMENT_3D('',#1732,#1733,#1734);
#1732 = CARTESIAN_POINT('',(13.335026670053,85.09017018034,0.));
#1733 = DIRECTION('',(-0.,-0.,-1.));
#1734 = DIRECTION('',(1.,1.110223024625E-16,-0.));
#1735 = ADVANCED_FACE('',(#1736),#1754,.F.);
#1736 = FACE_BOUND('',#1737,.T.);
#1737 = EDGE_LOOP('',(#1738,#1739,#1746,#1747));
#1738 = ORIENTED_EDGE('',*,*,#1716,.T.);
#1739 = ORIENTED_EDGE('',*,*,#1740,.T.);
#1740 = EDGE_CURVE('',#1708,#1700,#1741,.T.);
#1741 = CIRCLE('',#1742,0.5);
#1742 = AXIS2_PLACEMENT_3D('',#1743,#1744,#1745);
#1743 = CARTESIAN_POINT('',(13.335026670053,85.09017018034,
    1.600050800102));
#1744 = DIRECTION('',(0.,0.,1.));
#1745 = DIRECTION('',(-1.,-1.110223024625E-16,0.));
#1746 = ORIENTED_EDGE('',*,*,#1697,.F.);
#1747 = ORIENTED_EDGE('',*,*,#1748,.F.);
#1748 = EDGE_CURVE('',#1717,#1698,#1749,.T.);
#1749 = CIRCLE('',#1750,0.5);
#1750 = AXIS2_PLACEMENT_3D('',#1751,#1752,#1753);
#1751 = CARTESIAN_POINT('',(13.335026670053,85.09017018034,0.));
#1752 = DIRECTION('',(0.,0.,1.));
#1753 = DIRECTION('',(-1.,-1.110223024625E-16,0.));
#1754 = CYLINDRICAL_SURFACE('',#1755,0.5);
#1755 = AXIS2_PLACEMENT_3D('',#1756,#1757,#1758);
#1756 = CARTESIAN_POINT('',(13.335026670053,85.09017018034,0.));
#1757 = DIRECTION('',(-0.,-0.,-1.));
#1758 = DIRECTION('',(-1.,-1.110223024625E-16,0.));
#1759 = ADVANCED_FACE('',(#1760),#1796,.F.);
#1760 = FACE_BOUND('',#1761,.T.);
#1761 = EDGE_LOOP('',(#1762,#1772,#1781,#1789));
#1762 = ORIENTED_EDGE('',*,*,#1763,.T.);
#1763 = EDGE_CURVE('',#1764,#1766,#1768,.T.);
#1764 = VERTEX_POINT('',#1765);
#1765 = CARTESIAN_POINT('',(15.232029464059,65.659131318263,0.));
#1766 = VERTEX_POINT('',#1767);
#1767 = CARTESIAN_POINT('',(15.232029464059,65.659131318263,
    1.600050800102));
#1768 = LINE('',#1769,#1770);
#1769 = CARTESIAN_POINT('',(15.232029464059,65.659131318263,0.));
#1770 = VECTOR('',#1771,1.);
#1771 = DIRECTION('',(0.,0.,1.));
#1772 = ORIENTED_EDGE('',*,*,#1773,.T.);
#1773 = EDGE_CURVE('',#1766,#1774,#1776,.T.);
#1774 = VERTEX_POINT('',#1775);
#1775 = CARTESIAN_POINT('',(14.232029464059,65.659131318263,
    1.600050800102));
#1776 = CIRCLE('',#1777,0.5);
#1777 = AXIS2_PLACEMENT_3D('',#1778,#1779,#1780);
#1778 = CARTESIAN_POINT('',(14.732029464059,65.659131318263,
    1.600050800102));
#1779 = DIRECTION('',(0.,0.,1.));
#1780 = DIRECTION('',(1.,1.110223024625E-16,-0.));
#1781 = ORIENTED_EDGE('',*,*,#1782,.F.);
#1782 = EDGE_CURVE('',#1783,#1774,#1785,.T.);
#1783 = VERTEX_POINT('',#1784);
#1784 = CARTESIAN_POINT('',(14.232029464059,65.659131318263,0.));
#1785 = LINE('',#1786,#1787);
#1786 = CARTESIAN_POINT('',(14.232029464059,65.659131318263,0.));
#1787 = VECTOR('',#1788,1.);
#1788 = DIRECTION('',(0.,0.,1.));
#1789 = ORIENTED_EDGE('',*,*,#1790,.F.);
#1790 = EDGE_CURVE('',#1764,#1783,#1791,.T.);
#1791 = CIRCLE('',#1792,0.5);
#1792 = AXIS2_PLACEMENT_3D('',#1793,#1794,#1795);
#1793 = CARTESIAN_POINT('',(14.732029464059,65.659131318263,0.));
#1794 = DIRECTION('',(0.,0.,1.));
#1795 = DIRECTION('',(1.,1.110223024625E-16,-0.));
#1796 = CYLINDRICAL_SURFACE('',#1797,0.5);
#1797 = AXIS2_PLACEMENT_3D('',#1798,#1799,#1800);
#1798 = CARTESIAN_POINT('',(14.732029464059,65.659131318263,0.));
#1799 = DIRECTION('',(-0.,-0.,-1.));
#1800 = DIRECTION('',(1.,1.110223024625E-16,-0.));
#1801 = ADVANCED_FACE('',(#1802),#1820,.F.);
#1802 = FACE_BOUND('',#1803,.T.);
#1803 = EDGE_LOOP('',(#1804,#1805,#1812,#1813));
#1804 = ORIENTED_EDGE('',*,*,#1782,.T.);
#1805 = ORIENTED_EDGE('',*,*,#1806,.T.);
#1806 = EDGE_CURVE('',#1774,#1766,#1807,.T.);
#1807 = CIRCLE('',#1808,0.5);
#1808 = AXIS2_PLACEMENT_3D('',#1809,#1810,#1811);
#1809 = CARTESIAN_POINT('',(14.732029464059,65.659131318263,
    1.600050800102));
#1810 = DIRECTION('',(0.,0.,1.));
#1811 = DIRECTION('',(-1.,-1.110223024625E-16,0.));
#1812 = ORIENTED_EDGE('',*,*,#1763,.F.);
#1813 = ORIENTED_EDGE('',*,*,#1814,.F.);
#1814 = EDGE_CURVE('',#1783,#1764,#1815,.T.);
#1815 = CIRCLE('',#1816,0.5);
#1816 = AXIS2_PLACEMENT_3D('',#1817,#1818,#1819);
#1817 = CARTESIAN_POINT('',(14.732029464059,65.659131318263,0.));
#1818 = DIRECTION('',(0.,0.,1.));
#1819 = DIRECTION('',(-1.,-1.110223024625E-16,0.));
#1820 = CYLINDRICAL_SURFACE('',#1821,0.5);
#1821 = AXIS2_PLACEMENT_3D('',#1822,#1823,#1824);
#1822 = CARTESIAN_POINT('',(14.732029464059,65.659131318263,0.));
#1823 = DIRECTION('',(-0.,-0.,-1.));
#1824 = DIRECTION('',(-1.,-1.110223024625E-16,0.));
#1825 = ADVANCED_FACE('',(#1826),#1862,.F.);
#1826 = FACE_BOUND('',#1827,.T.);
#1827 = EDGE_LOOP('',(#1828,#1838,#1847,#1855));
#1828 = ORIENTED_EDGE('',*,*,#1829,.T.);
#1829 = EDGE_CURVE('',#1830,#1832,#1834,.T.);
#1830 = VERTEX_POINT('',#1831);
#1831 = CARTESIAN_POINT('',(15.232029464059,68.199136398273,0.));
#1832 = VERTEX_POINT('',#1833);
#1833 = CARTESIAN_POINT('',(15.232029464059,68.199136398273,
    1.600050800102));
#1834 = LINE('',#1835,#1836);
#1835 = CARTESIAN_POINT('',(15.232029464059,68.199136398273,0.));
#1836 = VECTOR('',#1837,1.);
#1837 = DIRECTION('',(0.,0.,1.));
#1838 = ORIENTED_EDGE('',*,*,#1839,.T.);
#1839 = EDGE_CURVE('',#1832,#1840,#1842,.T.);
#1840 = VERTEX_POINT('',#1841);
#1841 = CARTESIAN_POINT('',(14.232029464059,68.199136398273,
    1.600050800102));
#1842 = CIRCLE('',#1843,0.5);
#1843 = AXIS2_PLACEMENT_3D('',#1844,#1845,#1846);
#1844 = CARTESIAN_POINT('',(14.732029464059,68.199136398273,
    1.600050800102));
#1845 = DIRECTION('',(0.,0.,1.));
#1846 = DIRECTION('',(1.,1.110223024625E-16,-0.));
#1847 = ORIENTED_EDGE('',*,*,#1848,.F.);
#1848 = EDGE_CURVE('',#1849,#1840,#1851,.T.);
#1849 = VERTEX_POINT('',#1850);
#1850 = CARTESIAN_POINT('',(14.232029464059,68.199136398273,0.));
#1851 = LINE('',#1852,#1853);
#1852 = CARTESIAN_POINT('',(14.232029464059,68.199136398273,0.));
#1853 = VECTOR('',#1854,1.);
#1854 = DIRECTION('',(0.,0.,1.));
#1855 = ORIENTED_EDGE('',*,*,#1856,.F.);
#1856 = EDGE_CURVE('',#1830,#1849,#1857,.T.);
#1857 = CIRCLE('',#1858,0.5);
#1858 = AXIS2_PLACEMENT_3D('',#1859,#1860,#1861);
#1859 = CARTESIAN_POINT('',(14.732029464059,68.199136398273,0.));
#1860 = DIRECTION('',(0.,0.,1.));
#1861 = DIRECTION('',(1.,1.110223024625E-16,-0.));
#1862 = CYLINDRICAL_SURFACE('',#1863,0.5);
#1863 = AXIS2_PLACEMENT_3D('',#1864,#1865,#1866);
#1864 = CARTESIAN_POINT('',(14.732029464059,68.199136398273,0.));
#1865 = DIRECTION('',(-0.,-0.,-1.));
#1866 = DIRECTION('',(1.,1.110223024625E-16,-0.));
#1867 = ADVANCED_FACE('',(#1868),#1886,.F.);
#1868 = FACE_BOUND('',#1869,.T.);
#1869 = EDGE_LOOP('',(#1870,#1871,#1878,#1879));
#1870 = ORIENTED_EDGE('',*,*,#1848,.T.);
#1871 = ORIENTED_EDGE('',*,*,#1872,.T.);
#1872 = EDGE_CURVE('',#1840,#1832,#1873,.T.);
#1873 = CIRCLE('',#1874,0.5);
#1874 = AXIS2_PLACEMENT_3D('',#1875,#1876,#1877);
#1875 = CARTESIAN_POINT('',(14.732029464059,68.199136398273,
    1.600050800102));
#1876 = DIRECTION('',(0.,0.,1.));
#1877 = DIRECTION('',(-1.,-1.110223024625E-16,0.));
#1878 = ORIENTED_EDGE('',*,*,#1829,.F.);
#1879 = ORIENTED_EDGE('',*,*,#1880,.F.);
#1880 = EDGE_CURVE('',#1849,#1830,#1881,.T.);
#1881 = CIRCLE('',#1882,0.5);
#1882 = AXIS2_PLACEMENT_3D('',#1883,#1884,#1885);
#1883 = CARTESIAN_POINT('',(14.732029464059,68.199136398273,0.));
#1884 = DIRECTION('',(0.,0.,1.));
#1885 = DIRECTION('',(-1.,-1.110223024625E-16,0.));
#1886 = CYLINDRICAL_SURFACE('',#1887,0.5);
#1887 = AXIS2_PLACEMENT_3D('',#1888,#1889,#1890);
#1888 = CARTESIAN_POINT('',(14.732029464059,68.199136398273,0.));
#1889 = DIRECTION('',(-0.,-0.,-1.));
#1890 = DIRECTION('',(-1.,-1.110223024625E-16,0.));
#1891 = ADVANCED_FACE('',(#1892),#1928,.F.);
#1892 = FACE_BOUND('',#1893,.T.);
#1893 = EDGE_LOOP('',(#1894,#1904,#1913,#1921));
#1894 = ORIENTED_EDGE('',*,*,#1895,.T.);
#1895 = EDGE_CURVE('',#1896,#1898,#1900,.T.);
#1896 = VERTEX_POINT('',#1897);
#1897 = CARTESIAN_POINT('',(15.232029464059,63.119126238252,0.));
#1898 = VERTEX_POINT('',#1899);
#1899 = CARTESIAN_POINT('',(15.232029464059,63.119126238252,
    1.600050800102));
#1900 = LINE('',#1901,#1902);
#1901 = CARTESIAN_POINT('',(15.232029464059,63.119126238252,0.));
#1902 = VECTOR('',#1903,1.);
#1903 = DIRECTION('',(0.,0.,1.));
#1904 = ORIENTED_EDGE('',*,*,#1905,.T.);
#1905 = EDGE_CURVE('',#1898,#1906,#1908,.T.);
#1906 = VERTEX_POINT('',#1907);
#1907 = CARTESIAN_POINT('',(14.232029464059,63.119126238252,
    1.600050800102));
#1908 = CIRCLE('',#1909,0.5);
#1909 = AXIS2_PLACEMENT_3D('',#1910,#1911,#1912);
#1910 = CARTESIAN_POINT('',(14.732029464059,63.119126238252,
    1.600050800102));
#1911 = DIRECTION('',(0.,0.,1.));
#1912 = DIRECTION('',(1.,1.110223024625E-16,-0.));
#1913 = ORIENTED_EDGE('',*,*,#1914,.F.);
#1914 = EDGE_CURVE('',#1915,#1906,#1917,.T.);
#1915 = VERTEX_POINT('',#1916);
#1916 = CARTESIAN_POINT('',(14.232029464059,63.119126238252,0.));
#1917 = LINE('',#1918,#1919);
#1918 = CARTESIAN_POINT('',(14.232029464059,63.119126238252,0.));
#1919 = VECTOR('',#1920,1.);
#1920 = DIRECTION('',(0.,0.,1.));
#1921 = ORIENTED_EDGE('',*,*,#1922,.F.);
#1922 = EDGE_CURVE('',#1896,#1915,#1923,.T.);
#1923 = CIRCLE('',#1924,0.5);
#1924 = AXIS2_PLACEMENT_3D('',#1925,#1926,#1927);
#1925 = CARTESIAN_POINT('',(14.732029464059,63.119126238252,0.));
#1926 = DIRECTION('',(0.,0.,1.));
#1927 = DIRECTION('',(1.,1.110223024625E-16,-0.));
#1928 = CYLINDRICAL_SURFACE('',#1929,0.5);
#1929 = AXIS2_PLACEMENT_3D('',#1930,#1931,#1932);
#1930 = CARTESIAN_POINT('',(14.732029464059,63.119126238252,0.));
#1931 = DIRECTION('',(-0.,-0.,-1.));
#1932 = DIRECTION('',(1.,1.110223024625E-16,-0.));
#1933 = ADVANCED_FACE('',(#1934),#1952,.F.);
#1934 = FACE_BOUND('',#1935,.T.);
#1935 = EDGE_LOOP('',(#1936,#1937,#1944,#1945));
#1936 = ORIENTED_EDGE('',*,*,#1914,.T.);
#1937 = ORIENTED_EDGE('',*,*,#1938,.T.);
#1938 = EDGE_CURVE('',#1906,#1898,#1939,.T.);
#1939 = CIRCLE('',#1940,0.5);
#1940 = AXIS2_PLACEMENT_3D('',#1941,#1942,#1943);
#1941 = CARTESIAN_POINT('',(14.732029464059,63.119126238252,
    1.600050800102));
#1942 = DIRECTION('',(0.,0.,1.));
#1943 = DIRECTION('',(-1.,-1.110223024625E-16,0.));
#1944 = ORIENTED_EDGE('',*,*,#1895,.F.);
#1945 = ORIENTED_EDGE('',*,*,#1946,.F.);
#1946 = EDGE_CURVE('',#1915,#1896,#1947,.T.);
#1947 = CIRCLE('',#1948,0.5);
#1948 = AXIS2_PLACEMENT_3D('',#1949,#1950,#1951);
#1949 = CARTESIAN_POINT('',(14.732029464059,63.119126238252,0.));
#1950 = DIRECTION('',(0.,0.,1.));
#1951 = DIRECTION('',(-1.,-1.110223024625E-16,0.));
#1952 = CYLINDRICAL_SURFACE('',#1953,0.5);
#1953 = AXIS2_PLACEMENT_3D('',#1954,#1955,#1956);
#1954 = CARTESIAN_POINT('',(14.732029464059,63.119126238252,0.));
#1955 = DIRECTION('',(-0.,-0.,-1.));
#1956 = DIRECTION('',(-1.,-1.110223024625E-16,0.));
#1957 = ADVANCED_FACE('',(#1958),#1994,.F.);
#1958 = FACE_BOUND('',#1959,.T.);
#1959 = EDGE_LOOP('',(#1960,#1970,#1979,#1987));
#1960 = ORIENTED_EDGE('',*,*,#1961,.T.);
#1961 = EDGE_CURVE('',#1962,#1964,#1966,.T.);
#1962 = VERTEX_POINT('',#1963);
#1963 = CARTESIAN_POINT('',(15.232029464059,60.579121158242,0.));
#1964 = VERTEX_POINT('',#1965);
#1965 = CARTESIAN_POINT('',(15.232029464059,60.579121158242,
    1.600050800102));
#1966 = LINE('',#1967,#1968);
#1967 = CARTESIAN_POINT('',(15.232029464059,60.579121158242,0.));
#1968 = VECTOR('',#1969,1.);
#1969 = DIRECTION('',(0.,0.,1.));
#1970 = ORIENTED_EDGE('',*,*,#1971,.T.);
#1971 = EDGE_CURVE('',#1964,#1972,#1974,.T.);
#1972 = VERTEX_POINT('',#1973);
#1973 = CARTESIAN_POINT('',(14.232029464059,60.579121158242,
    1.600050800102));
#1974 = CIRCLE('',#1975,0.5);
#1975 = AXIS2_PLACEMENT_3D('',#1976,#1977,#1978);
#1976 = CARTESIAN_POINT('',(14.732029464059,60.579121158242,
    1.600050800102));
#1977 = DIRECTION('',(0.,0.,1.));
#1978 = DIRECTION('',(1.,1.110223024625E-16,-0.));
#1979 = ORIENTED_EDGE('',*,*,#1980,.F.);
#1980 = EDGE_CURVE('',#1981,#1972,#1983,.T.);
#1981 = VERTEX_POINT('',#1982);
#1982 = CARTESIAN_POINT('',(14.232029464059,60.579121158242,0.));
#1983 = LINE('',#1984,#1985);
#1984 = CARTESIAN_POINT('',(14.232029464059,60.579121158242,0.));
#1985 = VECTOR('',#1986,1.);
#1986 = DIRECTION('',(0.,0.,1.));
#1987 = ORIENTED_EDGE('',*,*,#1988,.F.);
#1988 = EDGE_CURVE('',#1962,#1981,#1989,.T.);
#1989 = CIRCLE('',#1990,0.5);
#1990 = AXIS2_PLACEMENT_3D('',#1991,#1992,#1993);
#1991 = CARTESIAN_POINT('',(14.732029464059,60.579121158242,0.));
#1992 = DIRECTION('',(0.,0.,1.));
#1993 = DIRECTION('',(1.,1.110223024625E-16,-0.));
#1994 = CYLINDRICAL_SURFACE('',#1995,0.5);
#1995 = AXIS2_PLACEMENT_3D('',#1996,#1997,#1998);
#1996 = CARTESIAN_POINT('',(14.732029464059,60.579121158242,0.));
#1997 = DIRECTION('',(-0.,-0.,-1.));
#1998 = DIRECTION('',(1.,1.110223024625E-16,-0.));
#1999 = ADVANCED_FACE('',(#2000),#2018,.F.);
#2000 = FACE_BOUND('',#2001,.T.);
#2001 = EDGE_LOOP('',(#2002,#2003,#2010,#2011));
#2002 = ORIENTED_EDGE('',*,*,#1980,.T.);
#2003 = ORIENTED_EDGE('',*,*,#2004,.T.);
#2004 = EDGE_CURVE('',#1972,#1964,#2005,.T.);
#2005 = CIRCLE('',#2006,0.5);
#2006 = AXIS2_PLACEMENT_3D('',#2007,#2008,#2009);
#2007 = CARTESIAN_POINT('',(14.732029464059,60.579121158242,
    1.600050800102));
#2008 = DIRECTION('',(0.,0.,1.));
#2009 = DIRECTION('',(-1.,-1.110223024625E-16,0.));
#2010 = ORIENTED_EDGE('',*,*,#1961,.F.);
#2011 = ORIENTED_EDGE('',*,*,#2012,.F.);
#2012 = EDGE_CURVE('',#1981,#1962,#2013,.T.);
#2013 = CIRCLE('',#2014,0.5);
#2014 = AXIS2_PLACEMENT_3D('',#2015,#2016,#2017);
#2015 = CARTESIAN_POINT('',(14.732029464059,60.579121158242,0.));
#2016 = DIRECTION('',(0.,0.,1.));
#2017 = DIRECTION('',(-1.,-1.110223024625E-16,0.));
#2018 = CYLINDRICAL_SURFACE('',#2019,0.5);
#2019 = AXIS2_PLACEMENT_3D('',#2020,#2021,#2022);
#2020 = CARTESIAN_POINT('',(14.732029464059,60.579121158242,0.));
#2021 = DIRECTION('',(-0.,-0.,-1.));
#2022 = DIRECTION('',(-1.,-1.110223024625E-16,0.));
#2023 = ADVANCED_FACE('',(#2024),#2060,.F.);
#2024 = FACE_BOUND('',#2025,.T.);
#2025 = EDGE_LOOP('',(#2026,#2036,#2045,#2053));
#2026 = ORIENTED_EDGE('',*,*,#2027,.T.);
#2027 = EDGE_CURVE('',#2028,#2030,#2032,.T.);
#2028 = VERTEX_POINT('',#2029);
#2029 = CARTESIAN_POINT('',(15.232029464059,58.039116078232,0.));
#2030 = VERTEX_POINT('',#2031);
#2031 = CARTESIAN_POINT('',(15.232029464059,58.039116078232,
    1.600050800102));
#2032 = LINE('',#2033,#2034);
#2033 = CARTESIAN_POINT('',(15.232029464059,58.039116078232,0.));
#2034 = VECTOR('',#2035,1.);
#2035 = DIRECTION('',(0.,0.,1.));
#2036 = ORIENTED_EDGE('',*,*,#2037,.T.);
#2037 = EDGE_CURVE('',#2030,#2038,#2040,.T.);
#2038 = VERTEX_POINT('',#2039);
#2039 = CARTESIAN_POINT('',(14.232029464059,58.039116078232,
    1.600050800102));
#2040 = CIRCLE('',#2041,0.5);
#2041 = AXIS2_PLACEMENT_3D('',#2042,#2043,#2044);
#2042 = CARTESIAN_POINT('',(14.732029464059,58.039116078232,
    1.600050800102));
#2043 = DIRECTION('',(0.,0.,1.));
#2044 = DIRECTION('',(1.,1.110223024625E-16,-0.));
#2045 = ORIENTED_EDGE('',*,*,#2046,.F.);
#2046 = EDGE_CURVE('',#2047,#2038,#2049,.T.);
#2047 = VERTEX_POINT('',#2048);
#2048 = CARTESIAN_POINT('',(14.232029464059,58.039116078232,0.));
#2049 = LINE('',#2050,#2051);
#2050 = CARTESIAN_POINT('',(14.232029464059,58.039116078232,0.));
#2051 = VECTOR('',#2052,1.);
#2052 = DIRECTION('',(0.,0.,1.));
#2053 = ORIENTED_EDGE('',*,*,#2054,.F.);
#2054 = EDGE_CURVE('',#2028,#2047,#2055,.T.);
#2055 = CIRCLE('',#2056,0.5);
#2056 = AXIS2_PLACEMENT_3D('',#2057,#2058,#2059);
#2057 = CARTESIAN_POINT('',(14.732029464059,58.039116078232,0.));
#2058 = DIRECTION('',(0.,0.,1.));
#2059 = DIRECTION('',(1.,1.110223024625E-16,-0.));
#2060 = CYLINDRICAL_SURFACE('',#2061,0.5);
#2061 = AXIS2_PLACEMENT_3D('',#2062,#2063,#2064);
#2062 = CARTESIAN_POINT('',(14.732029464059,58.039116078232,0.));
#2063 = DIRECTION('',(-0.,-0.,-1.));
#2064 = DIRECTION('',(1.,1.110223024625E-16,-0.));
#2065 = ADVANCED_FACE('',(#2066),#2084,.F.);
#2066 = FACE_BOUND('',#2067,.T.);
#2067 = EDGE_LOOP('',(#2068,#2069,#2076,#2077));
#2068 = ORIENTED_EDGE('',*,*,#2046,.T.);
#2069 = ORIENTED_EDGE('',*,*,#2070,.T.);
#2070 = EDGE_CURVE('',#2038,#2030,#2071,.T.);
#2071 = CIRCLE('',#2072,0.5);
#2072 = AXIS2_PLACEMENT_3D('',#2073,#2074,#2075);
#2073 = CARTESIAN_POINT('',(14.732029464059,58.039116078232,
    1.600050800102));
#2074 = DIRECTION('',(0.,0.,1.));
#2075 = DIRECTION('',(-1.,-1.110223024625E-16,0.));
#2076 = ORIENTED_EDGE('',*,*,#2027,.F.);
#2077 = ORIENTED_EDGE('',*,*,#2078,.F.);
#2078 = EDGE_CURVE('',#2047,#2028,#2079,.T.);
#2079 = CIRCLE('',#2080,0.5);
#2080 = AXIS2_PLACEMENT_3D('',#2081,#2082,#2083);
#2081 = CARTESIAN_POINT('',(14.732029464059,58.039116078232,0.));
#2082 = DIRECTION('',(0.,0.,1.));
#2083 = DIRECTION('',(-1.,-1.110223024625E-16,0.));
#2084 = CYLINDRICAL_SURFACE('',#2085,0.5);
#2085 = AXIS2_PLACEMENT_3D('',#2086,#2087,#2088);
#2086 = CARTESIAN_POINT('',(14.732029464059,58.039116078232,0.));
#2087 = DIRECTION('',(-0.,-0.,-1.));
#2088 = DIRECTION('',(-1.,-1.110223024625E-16,0.));
#2089 = ADVANCED_FACE('',(#2090),#2126,.F.);
#2090 = FACE_BOUND('',#2091,.T.);
#2091 = EDGE_LOOP('',(#2092,#2102,#2111,#2119));
#2092 = ORIENTED_EDGE('',*,*,#2093,.T.);
#2093 = EDGE_CURVE('',#2094,#2096,#2098,.T.);
#2094 = VERTEX_POINT('',#2095);
#2095 = CARTESIAN_POINT('',(15.232029464059,55.499110998222,0.));
#2096 = VERTEX_POINT('',#2097);
#2097 = CARTESIAN_POINT('',(15.232029464059,55.499110998222,
    1.600050800102));
#2098 = LINE('',#2099,#2100);
#2099 = CARTESIAN_POINT('',(15.232029464059,55.499110998222,0.));
#2100 = VECTOR('',#2101,1.);
#2101 = DIRECTION('',(0.,0.,1.));
#2102 = ORIENTED_EDGE('',*,*,#2103,.T.);
#2103 = EDGE_CURVE('',#2096,#2104,#2106,.T.);
#2104 = VERTEX_POINT('',#2105);
#2105 = CARTESIAN_POINT('',(14.232029464059,55.499110998222,
    1.600050800102));
#2106 = CIRCLE('',#2107,0.5);
#2107 = AXIS2_PLACEMENT_3D('',#2108,#2109,#2110);
#2108 = CARTESIAN_POINT('',(14.732029464059,55.499110998222,
    1.600050800102));
#2109 = DIRECTION('',(0.,0.,1.));
#2110 = DIRECTION('',(1.,1.110223024625E-16,-0.));
#2111 = ORIENTED_EDGE('',*,*,#2112,.F.);
#2112 = EDGE_CURVE('',#2113,#2104,#2115,.T.);
#2113 = VERTEX_POINT('',#2114);
#2114 = CARTESIAN_POINT('',(14.232029464059,55.499110998222,0.));
#2115 = LINE('',#2116,#2117);
#2116 = CARTESIAN_POINT('',(14.232029464059,55.499110998222,0.));
#2117 = VECTOR('',#2118,1.);
#2118 = DIRECTION('',(0.,0.,1.));
#2119 = ORIENTED_EDGE('',*,*,#2120,.F.);
#2120 = EDGE_CURVE('',#2094,#2113,#2121,.T.);
#2121 = CIRCLE('',#2122,0.5);
#2122 = AXIS2_PLACEMENT_3D('',#2123,#2124,#2125);
#2123 = CARTESIAN_POINT('',(14.732029464059,55.499110998222,0.));
#2124 = DIRECTION('',(0.,0.,1.));
#2125 = DIRECTION('',(1.,1.110223024625E-16,-0.));
#2126 = CYLINDRICAL_SURFACE('',#2127,0.5);
#2127 = AXIS2_PLACEMENT_3D('',#2128,#2129,#2130);
#2128 = CARTESIAN_POINT('',(14.732029464059,55.499110998222,0.));
#2129 = DIRECTION('',(-0.,-0.,-1.));
#2130 = DIRECTION('',(1.,1.110223024625E-16,-0.));
#2131 = ADVANCED_FACE('',(#2132),#2150,.F.);
#2132 = FACE_BOUND('',#2133,.T.);
#2133 = EDGE_LOOP('',(#2134,#2135,#2142,#2143));
#2134 = ORIENTED_EDGE('',*,*,#2112,.T.);
#2135 = ORIENTED_EDGE('',*,*,#2136,.T.);
#2136 = EDGE_CURVE('',#2104,#2096,#2137,.T.);
#2137 = CIRCLE('',#2138,0.5);
#2138 = AXIS2_PLACEMENT_3D('',#2139,#2140,#2141);
#2139 = CARTESIAN_POINT('',(14.732029464059,55.499110998222,
    1.600050800102));
#2140 = DIRECTION('',(0.,0.,1.));
#2141 = DIRECTION('',(-1.,-1.110223024625E-16,0.));
#2142 = ORIENTED_EDGE('',*,*,#2093,.F.);
#2143 = ORIENTED_EDGE('',*,*,#2144,.F.);
#2144 = EDGE_CURVE('',#2113,#2094,#2145,.T.);
#2145 = CIRCLE('',#2146,0.5);
#2146 = AXIS2_PLACEMENT_3D('',#2147,#2148,#2149);
#2147 = CARTESIAN_POINT('',(14.732029464059,55.499110998222,0.));
#2148 = DIRECTION('',(0.,0.,1.));
#2149 = DIRECTION('',(-1.,-1.110223024625E-16,0.));
#2150 = CYLINDRICAL_SURFACE('',#2151,0.5);
#2151 = AXIS2_PLACEMENT_3D('',#2152,#2153,#2154);
#2152 = CARTESIAN_POINT('',(14.732029464059,55.499110998222,0.));
#2153 = DIRECTION('',(-0.,-0.,-1.));
#2154 = DIRECTION('',(-1.,-1.110223024625E-16,0.));
#2155 = ADVANCED_FACE('',(#2156),#2192,.F.);
#2156 = FACE_BOUND('',#2157,.T.);
#2157 = EDGE_LOOP('',(#2158,#2168,#2177,#2185));
#2158 = ORIENTED_EDGE('',*,*,#2159,.T.);
#2159 = EDGE_CURVE('',#2160,#2162,#2164,.T.);
#2160 = VERTEX_POINT('',#2161);
#2161 = CARTESIAN_POINT('',(15.232029464059,73.279146558293,0.));
#2162 = VERTEX_POINT('',#2163);
#2163 = CARTESIAN_POINT('',(15.232029464059,73.279146558293,
    1.600050800102));
#2164 = LINE('',#2165,#2166);
#2165 = CARTESIAN_POINT('',(15.232029464059,73.279146558293,0.));
#2166 = VECTOR('',#2167,1.);
#2167 = DIRECTION('',(0.,0.,1.));
#2168 = ORIENTED_EDGE('',*,*,#2169,.T.);
#2169 = EDGE_CURVE('',#2162,#2170,#2172,.T.);
#2170 = VERTEX_POINT('',#2171);
#2171 = CARTESIAN_POINT('',(14.232029464059,73.279146558293,
    1.600050800102));
#2172 = CIRCLE('',#2173,0.5);
#2173 = AXIS2_PLACEMENT_3D('',#2174,#2175,#2176);
#2174 = CARTESIAN_POINT('',(14.732029464059,73.279146558293,
    1.600050800102));
#2175 = DIRECTION('',(0.,0.,1.));
#2176 = DIRECTION('',(1.,1.110223024625E-16,-0.));
#2177 = ORIENTED_EDGE('',*,*,#2178,.F.);
#2178 = EDGE_CURVE('',#2179,#2170,#2181,.T.);
#2179 = VERTEX_POINT('',#2180);
#2180 = CARTESIAN_POINT('',(14.232029464059,73.279146558293,0.));
#2181 = LINE('',#2182,#2183);
#2182 = CARTESIAN_POINT('',(14.232029464059,73.279146558293,0.));
#2183 = VECTOR('',#2184,1.);
#2184 = DIRECTION('',(0.,0.,1.));
#2185 = ORIENTED_EDGE('',*,*,#2186,.F.);
#2186 = EDGE_CURVE('',#2160,#2179,#2187,.T.);
#2187 = CIRCLE('',#2188,0.5);
#2188 = AXIS2_PLACEMENT_3D('',#2189,#2190,#2191);
#2189 = CARTESIAN_POINT('',(14.732029464059,73.279146558293,0.));
#2190 = DIRECTION('',(0.,0.,1.));
#2191 = DIRECTION('',(1.,1.110223024625E-16,-0.));
#2192 = CYLINDRICAL_SURFACE('',#2193,0.5);
#2193 = AXIS2_PLACEMENT_3D('',#2194,#2195,#2196);
#2194 = CARTESIAN_POINT('',(14.732029464059,73.279146558293,0.));
#2195 = DIRECTION('',(-0.,-0.,-1.));
#2196 = DIRECTION('',(1.,1.110223024625E-16,-0.));
#2197 = ADVANCED_FACE('',(#2198),#2216,.F.);
#2198 = FACE_BOUND('',#2199,.T.);
#2199 = EDGE_LOOP('',(#2200,#2201,#2208,#2209));
#2200 = ORIENTED_EDGE('',*,*,#2178,.T.);
#2201 = ORIENTED_EDGE('',*,*,#2202,.T.);
#2202 = EDGE_CURVE('',#2170,#2162,#2203,.T.);
#2203 = CIRCLE('',#2204,0.5);
#2204 = AXIS2_PLACEMENT_3D('',#2205,#2206,#2207);
#2205 = CARTESIAN_POINT('',(14.732029464059,73.279146558293,
    1.600050800102));
#2206 = DIRECTION('',(0.,0.,1.));
#2207 = DIRECTION('',(-1.,-1.110223024625E-16,0.));
#2208 = ORIENTED_EDGE('',*,*,#2159,.F.);
#2209 = ORIENTED_EDGE('',*,*,#2210,.F.);
#2210 = EDGE_CURVE('',#2179,#2160,#2211,.T.);
#2211 = CIRCLE('',#2212,0.5);
#2212 = AXIS2_PLACEMENT_3D('',#2213,#2214,#2215);
#2213 = CARTESIAN_POINT('',(14.732029464059,73.279146558293,0.));
#2214 = DIRECTION('',(0.,0.,1.));
#2215 = DIRECTION('',(-1.,-1.110223024625E-16,0.));
#2216 = CYLINDRICAL_SURFACE('',#2217,0.5);
#2217 = AXIS2_PLACEMENT_3D('',#2218,#2219,#2220);
#2218 = CARTESIAN_POINT('',(14.732029464059,73.279146558293,0.));
#2219 = DIRECTION('',(-0.,-0.,-1.));
#2220 = DIRECTION('',(-1.,-1.110223024625E-16,0.));
#2221 = ADVANCED_FACE('',(#2222),#2258,.F.);
#2222 = FACE_BOUND('',#2223,.T.);
#2223 = EDGE_LOOP('',(#2224,#2234,#2243,#2251));
#2224 = ORIENTED_EDGE('',*,*,#2225,.T.);
#2225 = EDGE_CURVE('',#2226,#2228,#2230,.T.);
#2226 = VERTEX_POINT('',#2227);
#2227 = CARTESIAN_POINT('',(15.232029464059,70.739141478283,0.));
#2228 = VERTEX_POINT('',#2229);
#2229 = CARTESIAN_POINT('',(15.232029464059,70.739141478283,
    1.600050800102));
#2230 = LINE('',#2231,#2232);
#2231 = CARTESIAN_POINT('',(15.232029464059,70.739141478283,0.));
#2232 = VECTOR('',#2233,1.);
#2233 = DIRECTION('',(0.,0.,1.));
#2234 = ORIENTED_EDGE('',*,*,#2235,.T.);
#2235 = EDGE_CURVE('',#2228,#2236,#2238,.T.);
#2236 = VERTEX_POINT('',#2237);
#2237 = CARTESIAN_POINT('',(14.232029464059,70.739141478283,
    1.600050800102));
#2238 = CIRCLE('',#2239,0.5);
#2239 = AXIS2_PLACEMENT_3D('',#2240,#2241,#2242);
#2240 = CARTESIAN_POINT('',(14.732029464059,70.739141478283,
    1.600050800102));
#2241 = DIRECTION('',(0.,0.,1.));
#2242 = DIRECTION('',(1.,1.110223024625E-16,-0.));
#2243 = ORIENTED_EDGE('',*,*,#2244,.F.);
#2244 = EDGE_CURVE('',#2245,#2236,#2247,.T.);
#2245 = VERTEX_POINT('',#2246);
#2246 = CARTESIAN_POINT('',(14.232029464059,70.739141478283,0.));
#2247 = LINE('',#2248,#2249);
#2248 = CARTESIAN_POINT('',(14.232029464059,70.739141478283,0.));
#2249 = VECTOR('',#2250,1.);
#2250 = DIRECTION('',(0.,0.,1.));
#2251 = ORIENTED_EDGE('',*,*,#2252,.F.);
#2252 = EDGE_CURVE('',#2226,#2245,#2253,.T.);
#2253 = CIRCLE('',#2254,0.5);
#2254 = AXIS2_PLACEMENT_3D('',#2255,#2256,#2257);
#2255 = CARTESIAN_POINT('',(14.732029464059,70.739141478283,0.));
#2256 = DIRECTION('',(0.,0.,1.));
#2257 = DIRECTION('',(1.,1.110223024625E-16,-0.));
#2258 = CYLINDRICAL_SURFACE('',#2259,0.5);
#2259 = AXIS2_PLACEMENT_3D('',#2260,#2261,#2262);
#2260 = CARTESIAN_POINT('',(14.732029464059,70.739141478283,0.));
#2261 = DIRECTION('',(-0.,-0.,-1.));
#2262 = DIRECTION('',(1.,1.110223024625E-16,-0.));
#2263 = ADVANCED_FACE('',(#2264),#2282,.F.);
#2264 = FACE_BOUND('',#2265,.T.);
#2265 = EDGE_LOOP('',(#2266,#2267,#2274,#2275));
#2266 = ORIENTED_EDGE('',*,*,#2244,.T.);
#2267 = ORIENTED_EDGE('',*,*,#2268,.T.);
#2268 = EDGE_CURVE('',#2236,#2228,#2269,.T.);
#2269 = CIRCLE('',#2270,0.5);
#2270 = AXIS2_PLACEMENT_3D('',#2271,#2272,#2273);
#2271 = CARTESIAN_POINT('',(14.732029464059,70.739141478283,
    1.600050800102));
#2272 = DIRECTION('',(0.,0.,1.));
#2273 = DIRECTION('',(-1.,-1.110223024625E-16,0.));
#2274 = ORIENTED_EDGE('',*,*,#2225,.F.);
#2275 = ORIENTED_EDGE('',*,*,#2276,.F.);
#2276 = EDGE_CURVE('',#2245,#2226,#2277,.T.);
#2277 = CIRCLE('',#2278,0.5);
#2278 = AXIS2_PLACEMENT_3D('',#2279,#2280,#2281);
#2279 = CARTESIAN_POINT('',(14.732029464059,70.739141478283,0.));
#2280 = DIRECTION('',(0.,0.,1.));
#2281 = DIRECTION('',(-1.,-1.110223024625E-16,0.));
#2282 = CYLINDRICAL_SURFACE('',#2283,0.5);
#2283 = AXIS2_PLACEMENT_3D('',#2284,#2285,#2286);
#2284 = CARTESIAN_POINT('',(14.732029464059,70.739141478283,0.));
#2285 = DIRECTION('',(-0.,-0.,-1.));
#2286 = DIRECTION('',(-1.,-1.110223024625E-16,0.));
#2287 = ADVANCED_FACE('',(#2288),#2322,.T.);
#2288 = FACE_BOUND('',#2289,.T.);
#2289 = EDGE_LOOP('',(#2290,#2300,#2308,#2316));
#2290 = ORIENTED_EDGE('',*,*,#2291,.T.);
#2291 = EDGE_CURVE('',#2292,#2294,#2296,.T.);
#2292 = VERTEX_POINT('',#2293);
#2293 = CARTESIAN_POINT('',(14.886537973076,47.921107442215,0.));
#2294 = VERTEX_POINT('',#2295);
#2295 = CARTESIAN_POINT('',(14.886537973076,47.921107442215,
    1.600050800102));
#2296 = LINE('',#2297,#2298);
#2297 = CARTESIAN_POINT('',(14.886537973076,47.921107442215,0.));
#2298 = VECTOR('',#2299,1.);
#2299 = DIRECTION('',(0.,0.,1.));
#2300 = ORIENTED_EDGE('',*,*,#2301,.T.);
#2301 = EDGE_CURVE('',#2294,#2302,#2304,.T.);
#2302 = VERTEX_POINT('',#2303);
#2303 = CARTESIAN_POINT('',(14.831521463043,47.921107442215,
    1.600050800102));
#2304 = LINE('',#2305,#2306);
#2305 = CARTESIAN_POINT('',(14.886537973076,47.921107442215,
    1.600050800102));
#2306 = VECTOR('',#2307,1.);
#2307 = DIRECTION('',(-1.,0.,0.));
#2308 = ORIENTED_EDGE('',*,*,#2309,.F.);
#2309 = EDGE_CURVE('',#2310,#2302,#2312,.T.);
#2310 = VERTEX_POINT('',#2311);
#2311 = CARTESIAN_POINT('',(14.831521463043,47.921107442215,0.));
#2312 = LINE('',#2313,#2314);
#2313 = CARTESIAN_POINT('',(14.831521463043,47.921107442215,0.));
#2314 = VECTOR('',#2315,1.);
#2315 = DIRECTION('',(0.,0.,1.));
#2316 = ORIENTED_EDGE('',*,*,#2317,.F.);
#2317 = EDGE_CURVE('',#2292,#2310,#2318,.T.);
#2318 = LINE('',#2319,#2320);
#2319 = CARTESIAN_POINT('',(14.886537973076,47.921107442215,0.));
#2320 = VECTOR('',#2321,1.);
#2321 = DIRECTION('',(-1.,0.,0.));
#2322 = PLANE('',#2323);
#2323 = AXIS2_PLACEMENT_3D('',#2324,#2325,#2326);
#2324 = CARTESIAN_POINT('',(14.886537973076,47.921107442215,0.));
#2325 = DIRECTION('',(0.,-1.,0.));
#2326 = DIRECTION('',(-1.,0.,0.));
#2327 = ADVANCED_FACE('',(#2328),#2355,.F.);
#2328 = FACE_BOUND('',#2329,.T.);
#2329 = EDGE_LOOP('',(#2330,#2331,#2340,#2348));
#2330 = ORIENTED_EDGE('',*,*,#2309,.T.);
#2331 = ORIENTED_EDGE('',*,*,#2332,.T.);
#2332 = EDGE_CURVE('',#2302,#2333,#2335,.T.);
#2333 = VERTEX_POINT('',#2334);
#2334 = CARTESIAN_POINT('',(14.831521463043,46.821082042164,
    1.600050800102));
#2335 = CIRCLE('',#2336,0.550012700025);
#2336 = AXIS2_PLACEMENT_3D('',#2337,#2338,#2339);
#2337 = CARTESIAN_POINT('',(14.831521463043,47.371094742189,
    1.600050800102));
#2338 = DIRECTION('',(0.,0.,1.));
#2339 = DIRECTION('',(-1.110223024625E-16,1.,0.));
#2340 = ORIENTED_EDGE('',*,*,#2341,.F.);
#2341 = EDGE_CURVE('',#2342,#2333,#2344,.T.);
#2342 = VERTEX_POINT('',#2343);
#2343 = CARTESIAN_POINT('',(14.831521463043,46.821082042164,0.));
#2344 = LINE('',#2345,#2346);
#2345 = CARTESIAN_POINT('',(14.831521463043,46.821082042164,0.));
#2346 = VECTOR('',#2347,1.);
#2347 = DIRECTION('',(0.,0.,1.));
#2348 = ORIENTED_EDGE('',*,*,#2349,.F.);
#2349 = EDGE_CURVE('',#2310,#2342,#2350,.T.);
#2350 = CIRCLE('',#2351,0.550012700025);
#2351 = AXIS2_PLACEMENT_3D('',#2352,#2353,#2354);
#2352 = CARTESIAN_POINT('',(14.831521463043,47.371094742189,0.));
#2353 = DIRECTION('',(0.,0.,1.));
#2354 = DIRECTION('',(-1.110223024625E-16,1.,0.));
#2355 = CYLINDRICAL_SURFACE('',#2356,0.550012700025);
#2356 = AXIS2_PLACEMENT_3D('',#2357,#2358,#2359);
#2357 = CARTESIAN_POINT('',(14.831521463043,47.371094742189,0.));
#2358 = DIRECTION('',(-0.,-0.,-1.));
#2359 = DIRECTION('',(-1.110223024625E-16,1.,0.));
#2360 = ADVANCED_FACE('',(#2361),#2386,.T.);
#2361 = FACE_BOUND('',#2362,.T.);
#2362 = EDGE_LOOP('',(#2363,#2364,#2372,#2380));
#2363 = ORIENTED_EDGE('',*,*,#2341,.T.);
#2364 = ORIENTED_EDGE('',*,*,#2365,.T.);
#2365 = EDGE_CURVE('',#2333,#2366,#2368,.T.);
#2366 = VERTEX_POINT('',#2367);
#2367 = CARTESIAN_POINT('',(14.886537973076,46.821082042164,
    1.600050800102));
#2368 = LINE('',#2369,#2370);
#2369 = CARTESIAN_POINT('',(14.831521463043,46.821082042164,
    1.600050800102));
#2370 = VECTOR('',#2371,1.);
#2371 = DIRECTION('',(1.,0.,0.));
#2372 = ORIENTED_EDGE('',*,*,#2373,.F.);
#2373 = EDGE_CURVE('',#2374,#2366,#2376,.T.);
#2374 = VERTEX_POINT('',#2375);
#2375 = CARTESIAN_POINT('',(14.886537973076,46.821082042164,0.));
#2376 = LINE('',#2377,#2378);
#2377 = CARTESIAN_POINT('',(14.886537973076,46.821082042164,0.));
#2378 = VECTOR('',#2379,1.);
#2379 = DIRECTION('',(0.,0.,1.));
#2380 = ORIENTED_EDGE('',*,*,#2381,.F.);
#2381 = EDGE_CURVE('',#2342,#2374,#2382,.T.);
#2382 = LINE('',#2383,#2384);
#2383 = CARTESIAN_POINT('',(14.831521463043,46.821082042164,0.));
#2384 = VECTOR('',#2385,1.);
#2385 = DIRECTION('',(1.,0.,0.));
#2386 = PLANE('',#2387);
#2387 = AXIS2_PLACEMENT_3D('',#2388,#2389,#2390);
#2388 = CARTESIAN_POINT('',(14.831521463043,46.821082042164,0.));
#2389 = DIRECTION('',(0.,1.,0.));
#2390 = DIRECTION('',(1.,0.,0.));
#2391 = ADVANCED_FACE('',(#2392),#2410,.F.);
#2392 = FACE_BOUND('',#2393,.T.);
#2393 = EDGE_LOOP('',(#2394,#2395,#2402,#2403));
#2394 = ORIENTED_EDGE('',*,*,#2373,.T.);
#2395 = ORIENTED_EDGE('',*,*,#2396,.T.);
#2396 = EDGE_CURVE('',#2366,#2294,#2397,.T.);
#2397 = CIRCLE('',#2398,0.550012700025);
#2398 = AXIS2_PLACEMENT_3D('',#2399,#2400,#2401);
#2399 = CARTESIAN_POINT('',(14.886537973076,47.371094742189,
    1.600050800102));
#2400 = DIRECTION('',(0.,0.,1.));
#2401 = DIRECTION('',(1.110223024625E-16,-1.,0.));
#2402 = ORIENTED_EDGE('',*,*,#2291,.F.);
#2403 = ORIENTED_EDGE('',*,*,#2404,.F.);
#2404 = EDGE_CURVE('',#2374,#2292,#2405,.T.);
#2405 = CIRCLE('',#2406,0.550012700025);
#2406 = AXIS2_PLACEMENT_3D('',#2407,#2408,#2409);
#2407 = CARTESIAN_POINT('',(14.886537973076,47.371094742189,0.));
#2408 = DIRECTION('',(0.,0.,1.));
#2409 = DIRECTION('',(1.110223024625E-16,-1.,0.));
#2410 = CYLINDRICAL_SURFACE('',#2411,0.550012700025);
#2411 = AXIS2_PLACEMENT_3D('',#2412,#2413,#2414);
#2412 = CARTESIAN_POINT('',(14.886537973076,47.371094742189,0.));
#2413 = DIRECTION('',(-0.,-0.,-1.));
#2414 = DIRECTION('',(1.110223024625E-16,-1.,0.));
#2415 = ADVANCED_FACE('',(#2416),#2450,.T.);
#2416 = FACE_BOUND('',#2417,.T.);
#2417 = EDGE_LOOP('',(#2418,#2428,#2436,#2444));
#2418 = ORIENTED_EDGE('',*,*,#2419,.T.);
#2419 = EDGE_CURVE('',#2420,#2422,#2424,.T.);
#2420 = VERTEX_POINT('',#2421);
#2421 = CARTESIAN_POINT('',(14.886537973076,45.381102362205,0.));
#2422 = VERTEX_POINT('',#2423);
#2423 = CARTESIAN_POINT('',(14.886537973076,45.381102362205,
    1.600050800102));
#2424 = LINE('',#2425,#2426);
#2425 = CARTESIAN_POINT('',(14.886537973076,45.381102362205,0.));
#2426 = VECTOR('',#2427,1.);
#2427 = DIRECTION('',(0.,0.,1.));
#2428 = ORIENTED_EDGE('',*,*,#2429,.T.);
#2429 = EDGE_CURVE('',#2422,#2430,#2432,.T.);
#2430 = VERTEX_POINT('',#2431);
#2431 = CARTESIAN_POINT('',(14.831521463043,45.381102362205,
    1.600050800102));
#2432 = LINE('',#2433,#2434);
#2433 = CARTESIAN_POINT('',(14.886537973076,45.381102362205,
    1.600050800102));
#2434 = VECTOR('',#2435,1.);
#2435 = DIRECTION('',(-1.,0.,0.));
#2436 = ORIENTED_EDGE('',*,*,#2437,.F.);
#2437 = EDGE_CURVE('',#2438,#2430,#2440,.T.);
#2438 = VERTEX_POINT('',#2439);
#2439 = CARTESIAN_POINT('',(14.831521463043,45.381102362205,0.));
#2440 = LINE('',#2441,#2442);
#2441 = CARTESIAN_POINT('',(14.831521463043,45.381102362205,0.));
#2442 = VECTOR('',#2443,1.);
#2443 = DIRECTION('',(0.,0.,1.));
#2444 = ORIENTED_EDGE('',*,*,#2445,.F.);
#2445 = EDGE_CURVE('',#2420,#2438,#2446,.T.);
#2446 = LINE('',#2447,#2448);
#2447 = CARTESIAN_POINT('',(14.886537973076,45.381102362205,0.));
#2448 = VECTOR('',#2449,1.);
#2449 = DIRECTION('',(-1.,0.,0.));
#2450 = PLANE('',#2451);
#2451 = AXIS2_PLACEMENT_3D('',#2452,#2453,#2454);
#2452 = CARTESIAN_POINT('',(14.886537973076,45.381102362205,0.));
#2453 = DIRECTION('',(0.,-1.,0.));
#2454 = DIRECTION('',(-1.,0.,0.));
#2455 = ADVANCED_FACE('',(#2456),#2483,.F.);
#2456 = FACE_BOUND('',#2457,.T.);
#2457 = EDGE_LOOP('',(#2458,#2459,#2468,#2476));
#2458 = ORIENTED_EDGE('',*,*,#2437,.T.);
#2459 = ORIENTED_EDGE('',*,*,#2460,.T.);
#2460 = EDGE_CURVE('',#2430,#2461,#2463,.T.);
#2461 = VERTEX_POINT('',#2462);
#2462 = CARTESIAN_POINT('',(14.831521463043,44.281076962154,
    1.600050800102));
#2463 = CIRCLE('',#2464,0.550012700025);
#2464 = AXIS2_PLACEMENT_3D('',#2465,#2466,#2467);
#2465 = CARTESIAN_POINT('',(14.831521463043,44.831089662179,
    1.600050800102));
#2466 = DIRECTION('',(0.,0.,1.));
#2467 = DIRECTION('',(-1.110223024625E-16,1.,0.));
#2468 = ORIENTED_EDGE('',*,*,#2469,.F.);
#2469 = EDGE_CURVE('',#2470,#2461,#2472,.T.);
#2470 = VERTEX_POINT('',#2471);
#2471 = CARTESIAN_POINT('',(14.831521463043,44.281076962154,0.));
#2472 = LINE('',#2473,#2474);
#2473 = CARTESIAN_POINT('',(14.831521463043,44.281076962154,0.));
#2474 = VECTOR('',#2475,1.);
#2475 = DIRECTION('',(0.,0.,1.));
#2476 = ORIENTED_EDGE('',*,*,#2477,.F.);
#2477 = EDGE_CURVE('',#2438,#2470,#2478,.T.);
#2478 = CIRCLE('',#2479,0.550012700025);
#2479 = AXIS2_PLACEMENT_3D('',#2480,#2481,#2482);
#2480 = CARTESIAN_POINT('',(14.831521463043,44.831089662179,0.));
#2481 = DIRECTION('',(0.,0.,1.));
#2482 = DIRECTION('',(-1.110223024625E-16,1.,0.));
#2483 = CYLINDRICAL_SURFACE('',#2484,0.550012700025);
#2484 = AXIS2_PLACEMENT_3D('',#2485,#2486,#2487);
#2485 = CARTESIAN_POINT('',(14.831521463043,44.831089662179,0.));
#2486 = DIRECTION('',(-0.,-0.,-1.));
#2487 = DIRECTION('',(-1.110223024625E-16,1.,0.));
#2488 = ADVANCED_FACE('',(#2489),#2514,.T.);
#2489 = FACE_BOUND('',#2490,.T.);
#2490 = EDGE_LOOP('',(#2491,#2492,#2500,#2508));
#2491 = ORIENTED_EDGE('',*,*,#2469,.T.);
#2492 = ORIENTED_EDGE('',*,*,#2493,.T.);
#2493 = EDGE_CURVE('',#2461,#2494,#2496,.T.);
#2494 = VERTEX_POINT('',#2495);
#2495 = CARTESIAN_POINT('',(14.886537973076,44.281076962154,
    1.600050800102));
#2496 = LINE('',#2497,#2498);
#2497 = CARTESIAN_POINT('',(14.831521463043,44.281076962154,
    1.600050800102));
#2498 = VECTOR('',#2499,1.);
#2499 = DIRECTION('',(1.,0.,0.));
#2500 = ORIENTED_EDGE('',*,*,#2501,.F.);
#2501 = EDGE_CURVE('',#2502,#2494,#2504,.T.);
#2502 = VERTEX_POINT('',#2503);
#2503 = CARTESIAN_POINT('',(14.886537973076,44.281076962154,0.));
#2504 = LINE('',#2505,#2506);
#2505 = CARTESIAN_POINT('',(14.886537973076,44.281076962154,0.));
#2506 = VECTOR('',#2507,1.);
#2507 = DIRECTION('',(0.,0.,1.));
#2508 = ORIENTED_EDGE('',*,*,#2509,.F.);
#2509 = EDGE_CURVE('',#2470,#2502,#2510,.T.);
#2510 = LINE('',#2511,#2512);
#2511 = CARTESIAN_POINT('',(14.831521463043,44.281076962154,0.));
#2512 = VECTOR('',#2513,1.);
#2513 = DIRECTION('',(1.,0.,0.));
#2514 = PLANE('',#2515);
#2515 = AXIS2_PLACEMENT_3D('',#2516,#2517,#2518);
#2516 = CARTESIAN_POINT('',(14.831521463043,44.281076962154,0.));
#2517 = DIRECTION('',(0.,1.,0.));
#2518 = DIRECTION('',(1.,0.,0.));
#2519 = ADVANCED_FACE('',(#2520),#2538,.F.);
#2520 = FACE_BOUND('',#2521,.T.);
#2521 = EDGE_LOOP('',(#2522,#2523,#2530,#2531));
#2522 = ORIENTED_EDGE('',*,*,#2501,.T.);
#2523 = ORIENTED_EDGE('',*,*,#2524,.T.);
#2524 = EDGE_CURVE('',#2494,#2422,#2525,.T.);
#2525 = CIRCLE('',#2526,0.550012700025);
#2526 = AXIS2_PLACEMENT_3D('',#2527,#2528,#2529);
#2527 = CARTESIAN_POINT('',(14.886537973076,44.831089662179,
    1.600050800102));
#2528 = DIRECTION('',(0.,0.,1.));
#2529 = DIRECTION('',(1.110223024625E-16,-1.,0.));
#2530 = ORIENTED_EDGE('',*,*,#2419,.F.);
#2531 = ORIENTED_EDGE('',*,*,#2532,.F.);
#2532 = EDGE_CURVE('',#2502,#2420,#2533,.T.);
#2533 = CIRCLE('',#2534,0.550012700025);
#2534 = AXIS2_PLACEMENT_3D('',#2535,#2536,#2537);
#2535 = CARTESIAN_POINT('',(14.886537973076,44.831089662179,0.));
#2536 = DIRECTION('',(0.,0.,1.));
#2537 = DIRECTION('',(1.110223024625E-16,-1.,0.));
#2538 = CYLINDRICAL_SURFACE('',#2539,0.550012700025);
#2539 = AXIS2_PLACEMENT_3D('',#2540,#2541,#2542);
#2540 = CARTESIAN_POINT('',(14.886537973076,44.831089662179,0.));
#2541 = DIRECTION('',(-0.,-0.,-1.));
#2542 = DIRECTION('',(1.110223024625E-16,-1.,0.));
#2543 = ADVANCED_FACE('',(#2544),#2578,.T.);
#2544 = FACE_BOUND('',#2545,.T.);
#2545 = EDGE_LOOP('',(#2546,#2556,#2564,#2572));
#2546 = ORIENTED_EDGE('',*,*,#2547,.T.);
#2547 = EDGE_CURVE('',#2548,#2550,#2552,.T.);
#2548 = VERTEX_POINT('',#2549);
#2549 = CARTESIAN_POINT('',(14.886537973076,42.841097282195,0.));
#2550 = VERTEX_POINT('',#2551);
#2551 = CARTESIAN_POINT('',(14.886537973076,42.841097282195,
    1.600050800102));
#2552 = LINE('',#2553,#2554);
#2553 = CARTESIAN_POINT('',(14.886537973076,42.841097282195,0.));
#2554 = VECTOR('',#2555,1.);
#2555 = DIRECTION('',(0.,0.,1.));
#2556 = ORIENTED_EDGE('',*,*,#2557,.T.);
#2557 = EDGE_CURVE('',#2550,#2558,#2560,.T.);
#2558 = VERTEX_POINT('',#2559);
#2559 = CARTESIAN_POINT('',(14.831521463043,42.841097282195,
    1.600050800102));
#2560 = LINE('',#2561,#2562);
#2561 = CARTESIAN_POINT('',(14.886537973076,42.841097282195,
    1.600050800102));
#2562 = VECTOR('',#2563,1.);
#2563 = DIRECTION('',(-1.,0.,0.));
#2564 = ORIENTED_EDGE('',*,*,#2565,.F.);
#2565 = EDGE_CURVE('',#2566,#2558,#2568,.T.);
#2566 = VERTEX_POINT('',#2567);
#2567 = CARTESIAN_POINT('',(14.831521463043,42.841097282195,0.));
#2568 = LINE('',#2569,#2570);
#2569 = CARTESIAN_POINT('',(14.831521463043,42.841097282195,0.));
#2570 = VECTOR('',#2571,1.);
#2571 = DIRECTION('',(0.,0.,1.));
#2572 = ORIENTED_EDGE('',*,*,#2573,.F.);
#2573 = EDGE_CURVE('',#2548,#2566,#2574,.T.);
#2574 = LINE('',#2575,#2576);
#2575 = CARTESIAN_POINT('',(14.886537973076,42.841097282195,0.));
#2576 = VECTOR('',#2577,1.);
#2577 = DIRECTION('',(-1.,0.,0.));
#2578 = PLANE('',#2579);
#2579 = AXIS2_PLACEMENT_3D('',#2580,#2581,#2582);
#2580 = CARTESIAN_POINT('',(14.886537973076,42.841097282195,0.));
#2581 = DIRECTION('',(0.,-1.,0.));
#2582 = DIRECTION('',(-1.,0.,0.));
#2583 = ADVANCED_FACE('',(#2584),#2611,.F.);
#2584 = FACE_BOUND('',#2585,.T.);
#2585 = EDGE_LOOP('',(#2586,#2587,#2596,#2604));
#2586 = ORIENTED_EDGE('',*,*,#2565,.T.);
#2587 = ORIENTED_EDGE('',*,*,#2588,.T.);
#2588 = EDGE_CURVE('',#2558,#2589,#2591,.T.);
#2589 = VERTEX_POINT('',#2590);
#2590 = CARTESIAN_POINT('',(14.831521463043,41.741071882144,
    1.600050800102));
#2591 = CIRCLE('',#2592,0.550012700025);
#2592 = AXIS2_PLACEMENT_3D('',#2593,#2594,#2595);
#2593 = CARTESIAN_POINT('',(14.831521463043,42.291084582169,
    1.600050800102));
#2594 = DIRECTION('',(0.,0.,1.));
#2595 = DIRECTION('',(-1.110223024625E-16,1.,0.));
#2596 = ORIENTED_EDGE('',*,*,#2597,.F.);
#2597 = EDGE_CURVE('',#2598,#2589,#2600,.T.);
#2598 = VERTEX_POINT('',#2599);
#2599 = CARTESIAN_POINT('',(14.831521463043,41.741071882144,0.));
#2600 = LINE('',#2601,#2602);
#2601 = CARTESIAN_POINT('',(14.831521463043,41.741071882144,0.));
#2602 = VECTOR('',#2603,1.);
#2603 = DIRECTION('',(0.,0.,1.));
#2604 = ORIENTED_EDGE('',*,*,#2605,.F.);
#2605 = EDGE_CURVE('',#2566,#2598,#2606,.T.);
#2606 = CIRCLE('',#2607,0.550012700025);
#2607 = AXIS2_PLACEMENT_3D('',#2608,#2609,#2610);
#2608 = CARTESIAN_POINT('',(14.831521463043,42.291084582169,0.));
#2609 = DIRECTION('',(0.,0.,1.));
#2610 = DIRECTION('',(-1.110223024625E-16,1.,0.));
#2611 = CYLINDRICAL_SURFACE('',#2612,0.550012700025);
#2612 = AXIS2_PLACEMENT_3D('',#2613,#2614,#2615);
#2613 = CARTESIAN_POINT('',(14.831521463043,42.291084582169,0.));
#2614 = DIRECTION('',(-0.,-0.,-1.));
#2615 = DIRECTION('',(-1.110223024625E-16,1.,0.));
#2616 = ADVANCED_FACE('',(#2617),#2642,.T.);
#2617 = FACE_BOUND('',#2618,.T.);
#2618 = EDGE_LOOP('',(#2619,#2620,#2628,#2636));
#2619 = ORIENTED_EDGE('',*,*,#2597,.T.);
#2620 = ORIENTED_EDGE('',*,*,#2621,.T.);
#2621 = EDGE_CURVE('',#2589,#2622,#2624,.T.);
#2622 = VERTEX_POINT('',#2623);
#2623 = CARTESIAN_POINT('',(14.886537973076,41.741071882144,
    1.600050800102));
#2624 = LINE('',#2625,#2626);
#2625 = CARTESIAN_POINT('',(14.831521463043,41.741071882144,
    1.600050800102));
#2626 = VECTOR('',#2627,1.);
#2627 = DIRECTION('',(1.,0.,0.));
#2628 = ORIENTED_EDGE('',*,*,#2629,.F.);
#2629 = EDGE_CURVE('',#2630,#2622,#2632,.T.);
#2630 = VERTEX_POINT('',#2631);
#2631 = CARTESIAN_POINT('',(14.886537973076,41.741071882144,0.));
#2632 = LINE('',#2633,#2634);
#2633 = CARTESIAN_POINT('',(14.886537973076,41.741071882144,0.));
#2634 = VECTOR('',#2635,1.);
#2635 = DIRECTION('',(0.,0.,1.));
#2636 = ORIENTED_EDGE('',*,*,#2637,.F.);
#2637 = EDGE_CURVE('',#2598,#2630,#2638,.T.);
#2638 = LINE('',#2639,#2640);
#2639 = CARTESIAN_POINT('',(14.831521463043,41.741071882144,0.));
#2640 = VECTOR('',#2641,1.);
#2641 = DIRECTION('',(1.,0.,0.));
#2642 = PLANE('',#2643);
#2643 = AXIS2_PLACEMENT_3D('',#2644,#2645,#2646);
#2644 = CARTESIAN_POINT('',(14.831521463043,41.741071882144,0.));
#2645 = DIRECTION('',(0.,1.,0.));
#2646 = DIRECTION('',(1.,0.,0.));
#2647 = ADVANCED_FACE('',(#2648),#2666,.F.);
#2648 = FACE_BOUND('',#2649,.T.);
#2649 = EDGE_LOOP('',(#2650,#2651,#2658,#2659));
#2650 = ORIENTED_EDGE('',*,*,#2629,.T.);
#2651 = ORIENTED_EDGE('',*,*,#2652,.T.);
#2652 = EDGE_CURVE('',#2622,#2550,#2653,.T.);
#2653 = CIRCLE('',#2654,0.550012700025);
#2654 = AXIS2_PLACEMENT_3D('',#2655,#2656,#2657);
#2655 = CARTESIAN_POINT('',(14.886537973076,42.291084582169,
    1.600050800102));
#2656 = DIRECTION('',(0.,0.,1.));
#2657 = DIRECTION('',(1.110223024625E-16,-1.,0.));
#2658 = ORIENTED_EDGE('',*,*,#2547,.F.);
#2659 = ORIENTED_EDGE('',*,*,#2660,.F.);
#2660 = EDGE_CURVE('',#2630,#2548,#2661,.T.);
#2661 = CIRCLE('',#2662,0.550012700025);
#2662 = AXIS2_PLACEMENT_3D('',#2663,#2664,#2665);
#2663 = CARTESIAN_POINT('',(14.886537973076,42.291084582169,0.));
#2664 = DIRECTION('',(0.,0.,1.));
#2665 = DIRECTION('',(1.110223024625E-16,-1.,0.));
#2666 = CYLINDRICAL_SURFACE('',#2667,0.550012700025);
#2667 = AXIS2_PLACEMENT_3D('',#2668,#2669,#2670);
#2668 = CARTESIAN_POINT('',(14.886537973076,42.291084582169,0.));
#2669 = DIRECTION('',(-0.,-0.,-1.));
#2670 = DIRECTION('',(1.110223024625E-16,-1.,0.));
#2671 = ADVANCED_FACE('',(#2672),#2706,.T.);
#2672 = FACE_BOUND('',#2673,.T.);
#2673 = EDGE_LOOP('',(#2674,#2684,#2692,#2700));
#2674 = ORIENTED_EDGE('',*,*,#2675,.T.);
#2675 = EDGE_CURVE('',#2676,#2678,#2680,.T.);
#2676 = VERTEX_POINT('',#2677);
#2677 = CARTESIAN_POINT('',(14.886537973076,35.221082042164,0.));
#2678 = VERTEX_POINT('',#2679);
#2679 = CARTESIAN_POINT('',(14.886537973076,35.221082042164,
    1.600050800102));
#2680 = LINE('',#2681,#2682);
#2681 = CARTESIAN_POINT('',(14.886537973076,35.221082042164,0.));
#2682 = VECTOR('',#2683,1.);
#2683 = DIRECTION('',(0.,0.,1.));
#2684 = ORIENTED_EDGE('',*,*,#2685,.T.);
#2685 = EDGE_CURVE('',#2678,#2686,#2688,.T.);
#2686 = VERTEX_POINT('',#2687);
#2687 = CARTESIAN_POINT('',(14.831521463043,35.221082042164,
    1.600050800102));
#2688 = LINE('',#2689,#2690);
#2689 = CARTESIAN_POINT('',(14.886537973076,35.221082042164,
    1.600050800102));
#2690 = VECTOR('',#2691,1.);
#2691 = DIRECTION('',(-1.,0.,0.));
#2692 = ORIENTED_EDGE('',*,*,#2693,.F.);
#2693 = EDGE_CURVE('',#2694,#2686,#2696,.T.);
#2694 = VERTEX_POINT('',#2695);
#2695 = CARTESIAN_POINT('',(14.831521463043,35.221082042164,0.));
#2696 = LINE('',#2697,#2698);
#2697 = CARTESIAN_POINT('',(14.831521463043,35.221082042164,0.));
#2698 = VECTOR('',#2699,1.);
#2699 = DIRECTION('',(0.,0.,1.));
#2700 = ORIENTED_EDGE('',*,*,#2701,.F.);
#2701 = EDGE_CURVE('',#2676,#2694,#2702,.T.);
#2702 = LINE('',#2703,#2704);
#2703 = CARTESIAN_POINT('',(14.886537973076,35.221082042164,0.));
#2704 = VECTOR('',#2705,1.);
#2705 = DIRECTION('',(-1.,0.,0.));
#2706 = PLANE('',#2707);
#2707 = AXIS2_PLACEMENT_3D('',#2708,#2709,#2710);
#2708 = CARTESIAN_POINT('',(14.886537973076,35.221082042164,0.));
#2709 = DIRECTION('',(0.,-1.,0.));
#2710 = DIRECTION('',(-1.,0.,0.));
#2711 = ADVANCED_FACE('',(#2712),#2739,.F.);
#2712 = FACE_BOUND('',#2713,.T.);
#2713 = EDGE_LOOP('',(#2714,#2715,#2724,#2732));
#2714 = ORIENTED_EDGE('',*,*,#2693,.T.);
#2715 = ORIENTED_EDGE('',*,*,#2716,.T.);
#2716 = EDGE_CURVE('',#2686,#2717,#2719,.T.);
#2717 = VERTEX_POINT('',#2718);
#2718 = CARTESIAN_POINT('',(14.831521463043,34.121056642113,
    1.600050800102));
#2719 = CIRCLE('',#2720,0.550012700025);
#2720 = AXIS2_PLACEMENT_3D('',#2721,#2722,#2723);
#2721 = CARTESIAN_POINT('',(14.831521463043,34.671069342139,
    1.600050800102));
#2722 = DIRECTION('',(0.,0.,1.));
#2723 = DIRECTION('',(-1.110223024625E-16,1.,0.));
#2724 = ORIENTED_EDGE('',*,*,#2725,.F.);
#2725 = EDGE_CURVE('',#2726,#2717,#2728,.T.);
#2726 = VERTEX_POINT('',#2727);
#2727 = CARTESIAN_POINT('',(14.831521463043,34.121056642113,0.));
#2728 = LINE('',#2729,#2730);
#2729 = CARTESIAN_POINT('',(14.831521463043,34.121056642113,0.));
#2730 = VECTOR('',#2731,1.);
#2731 = DIRECTION('',(0.,0.,1.));
#2732 = ORIENTED_EDGE('',*,*,#2733,.F.);
#2733 = EDGE_CURVE('',#2694,#2726,#2734,.T.);
#2734 = CIRCLE('',#2735,0.550012700025);
#2735 = AXIS2_PLACEMENT_3D('',#2736,#2737,#2738);
#2736 = CARTESIAN_POINT('',(14.831521463043,34.671069342139,0.));
#2737 = DIRECTION('',(0.,0.,1.));
#2738 = DIRECTION('',(-1.110223024625E-16,1.,0.));
#2739 = CYLINDRICAL_SURFACE('',#2740,0.550012700025);
#2740 = AXIS2_PLACEMENT_3D('',#2741,#2742,#2743);
#2741 = CARTESIAN_POINT('',(14.831521463043,34.671069342139,0.));
#2742 = DIRECTION('',(-0.,-0.,-1.));
#2743 = DIRECTION('',(-1.110223024625E-16,1.,0.));
#2744 = ADVANCED_FACE('',(#2745),#2770,.T.);
#2745 = FACE_BOUND('',#2746,.T.);
#2746 = EDGE_LOOP('',(#2747,#2748,#2756,#2764));
#2747 = ORIENTED_EDGE('',*,*,#2725,.T.);
#2748 = ORIENTED_EDGE('',*,*,#2749,.T.);
#2749 = EDGE_CURVE('',#2717,#2750,#2752,.T.);
#2750 = VERTEX_POINT('',#2751);
#2751 = CARTESIAN_POINT('',(14.886537973076,34.121056642113,
    1.600050800102));
#2752 = LINE('',#2753,#2754);
#2753 = CARTESIAN_POINT('',(14.831521463043,34.121056642113,
    1.600050800102));
#2754 = VECTOR('',#2755,1.);
#2755 = DIRECTION('',(1.,0.,0.));
#2756 = ORIENTED_EDGE('',*,*,#2757,.F.);
#2757 = EDGE_CURVE('',#2758,#2750,#2760,.T.);
#2758 = VERTEX_POINT('',#2759);
#2759 = CARTESIAN_POINT('',(14.886537973076,34.121056642113,0.));
#2760 = LINE('',#2761,#2762);
#2761 = CARTESIAN_POINT('',(14.886537973076,34.121056642113,0.));
#2762 = VECTOR('',#2763,1.);
#2763 = DIRECTION('',(0.,0.,1.));
#2764 = ORIENTED_EDGE('',*,*,#2765,.F.);
#2765 = EDGE_CURVE('',#2726,#2758,#2766,.T.);
#2766 = LINE('',#2767,#2768);
#2767 = CARTESIAN_POINT('',(14.831521463043,34.121056642113,0.));
#2768 = VECTOR('',#2769,1.);
#2769 = DIRECTION('',(1.,0.,0.));
#2770 = PLANE('',#2771);
#2771 = AXIS2_PLACEMENT_3D('',#2772,#2773,#2774);
#2772 = CARTESIAN_POINT('',(14.831521463043,34.121056642113,0.));
#2773 = DIRECTION('',(0.,1.,0.));
#2774 = DIRECTION('',(1.,0.,0.));
#2775 = ADVANCED_FACE('',(#2776),#2794,.F.);
#2776 = FACE_BOUND('',#2777,.T.);
#2777 = EDGE_LOOP('',(#2778,#2779,#2786,#2787));
#2778 = ORIENTED_EDGE('',*,*,#2757,.T.);
#2779 = ORIENTED_EDGE('',*,*,#2780,.T.);
#2780 = EDGE_CURVE('',#2750,#2678,#2781,.T.);
#2781 = CIRCLE('',#2782,0.550012700025);
#2782 = AXIS2_PLACEMENT_3D('',#2783,#2784,#2785);
#2783 = CARTESIAN_POINT('',(14.886537973076,34.671069342139,
    1.600050800102));
#2784 = DIRECTION('',(0.,0.,1.));
#2785 = DIRECTION('',(1.110223024625E-16,-1.,0.));
#2786 = ORIENTED_EDGE('',*,*,#2675,.F.);
#2787 = ORIENTED_EDGE('',*,*,#2788,.F.);
#2788 = EDGE_CURVE('',#2758,#2676,#2789,.T.);
#2789 = CIRCLE('',#2790,0.550012700025);
#2790 = AXIS2_PLACEMENT_3D('',#2791,#2792,#2793);
#2791 = CARTESIAN_POINT('',(14.886537973076,34.671069342139,0.));
#2792 = DIRECTION('',(0.,0.,1.));
#2793 = DIRECTION('',(1.110223024625E-16,-1.,0.));
#2794 = CYLINDRICAL_SURFACE('',#2795,0.550012700025);
#2795 = AXIS2_PLACEMENT_3D('',#2796,#2797,#2798);
#2796 = CARTESIAN_POINT('',(14.886537973076,34.671069342139,0.));
#2797 = DIRECTION('',(-0.,-0.,-1.));
#2798 = DIRECTION('',(1.110223024625E-16,-1.,0.));
#2799 = ADVANCED_FACE('',(#2800),#2834,.T.);
#2800 = FACE_BOUND('',#2801,.T.);
#2801 = EDGE_LOOP('',(#2802,#2812,#2820,#2828));
#2802 = ORIENTED_EDGE('',*,*,#2803,.T.);
#2803 = EDGE_CURVE('',#2804,#2806,#2808,.T.);
#2804 = VERTEX_POINT('',#2805);
#2805 = CARTESIAN_POINT('',(14.886537973076,40.301092202184,0.));
#2806 = VERTEX_POINT('',#2807);
#2807 = CARTESIAN_POINT('',(14.886537973076,40.301092202184,
    1.600050800102));
#2808 = LINE('',#2809,#2810);
#2809 = CARTESIAN_POINT('',(14.886537973076,40.301092202184,0.));
#2810 = VECTOR('',#2811,1.);
#2811 = DIRECTION('',(0.,0.,1.));
#2812 = ORIENTED_EDGE('',*,*,#2813,.T.);
#2813 = EDGE_CURVE('',#2806,#2814,#2816,.T.);
#2814 = VERTEX_POINT('',#2815);
#2815 = CARTESIAN_POINT('',(14.831521463043,40.301092202184,
    1.600050800102));
#2816 = LINE('',#2817,#2818);
#2817 = CARTESIAN_POINT('',(14.886537973076,40.301092202184,
    1.600050800102));
#2818 = VECTOR('',#2819,1.);
#2819 = DIRECTION('',(-1.,0.,0.));
#2820 = ORIENTED_EDGE('',*,*,#2821,.F.);
#2821 = EDGE_CURVE('',#2822,#2814,#2824,.T.);
#2822 = VERTEX_POINT('',#2823);
#2823 = CARTESIAN_POINT('',(14.831521463043,40.301092202184,0.));
#2824 = LINE('',#2825,#2826);
#2825 = CARTESIAN_POINT('',(14.831521463043,40.301092202184,0.));
#2826 = VECTOR('',#2827,1.);
#2827 = DIRECTION('',(0.,0.,1.));
#2828 = ORIENTED_EDGE('',*,*,#2829,.F.);
#2829 = EDGE_CURVE('',#2804,#2822,#2830,.T.);
#2830 = LINE('',#2831,#2832);
#2831 = CARTESIAN_POINT('',(14.886537973076,40.301092202184,0.));
#2832 = VECTOR('',#2833,1.);
#2833 = DIRECTION('',(-1.,0.,0.));
#2834 = PLANE('',#2835);
#2835 = AXIS2_PLACEMENT_3D('',#2836,#2837,#2838);
#2836 = CARTESIAN_POINT('',(14.886537973076,40.301092202184,0.));
#2837 = DIRECTION('',(0.,-1.,0.));
#2838 = DIRECTION('',(-1.,0.,0.));
#2839 = ADVANCED_FACE('',(#2840),#2867,.F.);
#2840 = FACE_BOUND('',#2841,.T.);
#2841 = EDGE_LOOP('',(#2842,#2843,#2852,#2860));
#2842 = ORIENTED_EDGE('',*,*,#2821,.T.);
#2843 = ORIENTED_EDGE('',*,*,#2844,.T.);
#2844 = EDGE_CURVE('',#2814,#2845,#2847,.T.);
#2845 = VERTEX_POINT('',#2846);
#2846 = CARTESIAN_POINT('',(14.831521463043,39.201066802134,
    1.600050800102));
#2847 = CIRCLE('',#2848,0.550012700025);
#2848 = AXIS2_PLACEMENT_3D('',#2849,#2850,#2851);
#2849 = CARTESIAN_POINT('',(14.831521463043,39.751079502159,
    1.600050800102));
#2850 = DIRECTION('',(0.,0.,1.));
#2851 = DIRECTION('',(-1.110223024625E-16,1.,0.));
#2852 = ORIENTED_EDGE('',*,*,#2853,.F.);
#2853 = EDGE_CURVE('',#2854,#2845,#2856,.T.);
#2854 = VERTEX_POINT('',#2855);
#2855 = CARTESIAN_POINT('',(14.831521463043,39.201066802134,0.));
#2856 = LINE('',#2857,#2858);
#2857 = CARTESIAN_POINT('',(14.831521463043,39.201066802134,0.));
#2858 = VECTOR('',#2859,1.);
#2859 = DIRECTION('',(0.,0.,1.));
#2860 = ORIENTED_EDGE('',*,*,#2861,.F.);
#2861 = EDGE_CURVE('',#2822,#2854,#2862,.T.);
#2862 = CIRCLE('',#2863,0.550012700025);
#2863 = AXIS2_PLACEMENT_3D('',#2864,#2865,#2866);
#2864 = CARTESIAN_POINT('',(14.831521463043,39.751079502159,0.));
#2865 = DIRECTION('',(0.,0.,1.));
#2866 = DIRECTION('',(-1.110223024625E-16,1.,0.));
#2867 = CYLINDRICAL_SURFACE('',#2868,0.550012700025);
#2868 = AXIS2_PLACEMENT_3D('',#2869,#2870,#2871);
#2869 = CARTESIAN_POINT('',(14.831521463043,39.751079502159,0.));
#2870 = DIRECTION('',(-0.,-0.,-1.));
#2871 = DIRECTION('',(-1.110223024625E-16,1.,0.));
#2872 = ADVANCED_FACE('',(#2873),#2898,.T.);
#2873 = FACE_BOUND('',#2874,.T.);
#2874 = EDGE_LOOP('',(#2875,#2876,#2884,#2892));
#2875 = ORIENTED_EDGE('',*,*,#2853,.T.);
#2876 = ORIENTED_EDGE('',*,*,#2877,.T.);
#2877 = EDGE_CURVE('',#2845,#2878,#2880,.T.);
#2878 = VERTEX_POINT('',#2879);
#2879 = CARTESIAN_POINT('',(14.886537973076,39.201066802134,
    1.600050800102));
#2880 = LINE('',#2881,#2882);
#2881 = CARTESIAN_POINT('',(14.831521463043,39.201066802134,
    1.600050800102));
#2882 = VECTOR('',#2883,1.);
#2883 = DIRECTION('',(1.,0.,0.));
#2884 = ORIENTED_EDGE('',*,*,#2885,.F.);
#2885 = EDGE_CURVE('',#2886,#2878,#2888,.T.);
#2886 = VERTEX_POINT('',#2887);
#2887 = CARTESIAN_POINT('',(14.886537973076,39.201066802134,0.));
#2888 = LINE('',#2889,#2890);
#2889 = CARTESIAN_POINT('',(14.886537973076,39.201066802134,0.));
#2890 = VECTOR('',#2891,1.);
#2891 = DIRECTION('',(0.,0.,1.));
#2892 = ORIENTED_EDGE('',*,*,#2893,.F.);
#2893 = EDGE_CURVE('',#2854,#2886,#2894,.T.);
#2894 = LINE('',#2895,#2896);
#2895 = CARTESIAN_POINT('',(14.831521463043,39.201066802134,0.));
#2896 = VECTOR('',#2897,1.);
#2897 = DIRECTION('',(1.,0.,0.));
#2898 = PLANE('',#2899);
#2899 = AXIS2_PLACEMENT_3D('',#2900,#2901,#2902);
#2900 = CARTESIAN_POINT('',(14.831521463043,39.201066802134,0.));
#2901 = DIRECTION('',(0.,1.,0.));
#2902 = DIRECTION('',(1.,0.,0.));
#2903 = ADVANCED_FACE('',(#2904),#2922,.F.);
#2904 = FACE_BOUND('',#2905,.T.);
#2905 = EDGE_LOOP('',(#2906,#2907,#2914,#2915));
#2906 = ORIENTED_EDGE('',*,*,#2885,.T.);
#2907 = ORIENTED_EDGE('',*,*,#2908,.T.);
#2908 = EDGE_CURVE('',#2878,#2806,#2909,.T.);
#2909 = CIRCLE('',#2910,0.550012700025);
#2910 = AXIS2_PLACEMENT_3D('',#2911,#2912,#2913);
#2911 = CARTESIAN_POINT('',(14.886537973076,39.751079502159,
    1.600050800102));
#2912 = DIRECTION('',(0.,0.,1.));
#2913 = DIRECTION('',(1.110223024625E-16,-1.,0.));
#2914 = ORIENTED_EDGE('',*,*,#2803,.F.);
#2915 = ORIENTED_EDGE('',*,*,#2916,.F.);
#2916 = EDGE_CURVE('',#2886,#2804,#2917,.T.);
#2917 = CIRCLE('',#2918,0.550012700025);
#2918 = AXIS2_PLACEMENT_3D('',#2919,#2920,#2921);
#2919 = CARTESIAN_POINT('',(14.886537973076,39.751079502159,0.));
#2920 = DIRECTION('',(0.,0.,1.));
#2921 = DIRECTION('',(1.110223024625E-16,-1.,0.));
#2922 = CYLINDRICAL_SURFACE('',#2923,0.550012700025);
#2923 = AXIS2_PLACEMENT_3D('',#2924,#2925,#2926);
#2924 = CARTESIAN_POINT('',(14.886537973076,39.751079502159,0.));
#2925 = DIRECTION('',(-0.,-0.,-1.));
#2926 = DIRECTION('',(1.110223024625E-16,-1.,0.));
#2927 = ADVANCED_FACE('',(#2928),#2962,.T.);
#2928 = FACE_BOUND('',#2929,.T.);
#2929 = EDGE_LOOP('',(#2930,#2940,#2948,#2956));
#2930 = ORIENTED_EDGE('',*,*,#2931,.T.);
#2931 = EDGE_CURVE('',#2932,#2934,#2936,.T.);
#2932 = VERTEX_POINT('',#2933);
#2933 = CARTESIAN_POINT('',(14.886537973076,37.761087122174,0.));
#2934 = VERTEX_POINT('',#2935);
#2935 = CARTESIAN_POINT('',(14.886537973076,37.761087122174,
    1.600050800102));
#2936 = LINE('',#2937,#2938);
#2937 = CARTESIAN_POINT('',(14.886537973076,37.761087122174,0.));
#2938 = VECTOR('',#2939,1.);
#2939 = DIRECTION('',(0.,0.,1.));
#2940 = ORIENTED_EDGE('',*,*,#2941,.T.);
#2941 = EDGE_CURVE('',#2934,#2942,#2944,.T.);
#2942 = VERTEX_POINT('',#2943);
#2943 = CARTESIAN_POINT('',(14.831521463043,37.761087122174,
    1.600050800102));
#2944 = LINE('',#2945,#2946);
#2945 = CARTESIAN_POINT('',(14.886537973076,37.761087122174,
    1.600050800102));
#2946 = VECTOR('',#2947,1.);
#2947 = DIRECTION('',(-1.,0.,0.));
#2948 = ORIENTED_EDGE('',*,*,#2949,.F.);
#2949 = EDGE_CURVE('',#2950,#2942,#2952,.T.);
#2950 = VERTEX_POINT('',#2951);
#2951 = CARTESIAN_POINT('',(14.831521463043,37.761087122174,0.));
#2952 = LINE('',#2953,#2954);
#2953 = CARTESIAN_POINT('',(14.831521463043,37.761087122174,0.));
#2954 = VECTOR('',#2955,1.);
#2955 = DIRECTION('',(0.,0.,1.));
#2956 = ORIENTED_EDGE('',*,*,#2957,.F.);
#2957 = EDGE_CURVE('',#2932,#2950,#2958,.T.);
#2958 = LINE('',#2959,#2960);
#2959 = CARTESIAN_POINT('',(14.886537973076,37.761087122174,0.));
#2960 = VECTOR('',#2961,1.);
#2961 = DIRECTION('',(-1.,0.,0.));
#2962 = PLANE('',#2963);
#2963 = AXIS2_PLACEMENT_3D('',#2964,#2965,#2966);
#2964 = CARTESIAN_POINT('',(14.886537973076,37.761087122174,0.));
#2965 = DIRECTION('',(0.,-1.,0.));
#2966 = DIRECTION('',(-1.,0.,0.));
#2967 = ADVANCED_FACE('',(#2968),#2995,.F.);
#2968 = FACE_BOUND('',#2969,.T.);
#2969 = EDGE_LOOP('',(#2970,#2971,#2980,#2988));
#2970 = ORIENTED_EDGE('',*,*,#2949,.T.);
#2971 = ORIENTED_EDGE('',*,*,#2972,.T.);
#2972 = EDGE_CURVE('',#2942,#2973,#2975,.T.);
#2973 = VERTEX_POINT('',#2974);
#2974 = CARTESIAN_POINT('',(14.831521463043,36.661061722123,
    1.600050800102));
#2975 = CIRCLE('',#2976,0.550012700025);
#2976 = AXIS2_PLACEMENT_3D('',#2977,#2978,#2979);
#2977 = CARTESIAN_POINT('',(14.831521463043,37.211074422149,
    1.600050800102));
#2978 = DIRECTION('',(0.,0.,1.));
#2979 = DIRECTION('',(-1.110223024625E-16,1.,0.));
#2980 = ORIENTED_EDGE('',*,*,#2981,.F.);
#2981 = EDGE_CURVE('',#2982,#2973,#2984,.T.);
#2982 = VERTEX_POINT('',#2983);
#2983 = CARTESIAN_POINT('',(14.831521463043,36.661061722123,0.));
#2984 = LINE('',#2985,#2986);
#2985 = CARTESIAN_POINT('',(14.831521463043,36.661061722123,0.));
#2986 = VECTOR('',#2987,1.);
#2987 = DIRECTION('',(0.,0.,1.));
#2988 = ORIENTED_EDGE('',*,*,#2989,.F.);
#2989 = EDGE_CURVE('',#2950,#2982,#2990,.T.);
#2990 = CIRCLE('',#2991,0.550012700025);
#2991 = AXIS2_PLACEMENT_3D('',#2992,#2993,#2994);
#2992 = CARTESIAN_POINT('',(14.831521463043,37.211074422149,0.));
#2993 = DIRECTION('',(0.,0.,1.));
#2994 = DIRECTION('',(-1.110223024625E-16,1.,0.));
#2995 = CYLINDRICAL_SURFACE('',#2996,0.550012700025);
#2996 = AXIS2_PLACEMENT_3D('',#2997,#2998,#2999);
#2997 = CARTESIAN_POINT('',(14.831521463043,37.211074422149,0.));
#2998 = DIRECTION('',(-0.,-0.,-1.));
#2999 = DIRECTION('',(-1.110223024625E-16,1.,0.));
#3000 = ADVANCED_FACE('',(#3001),#3026,.T.);
#3001 = FACE_BOUND('',#3002,.T.);
#3002 = EDGE_LOOP('',(#3003,#3004,#3012,#3020));
#3003 = ORIENTED_EDGE('',*,*,#2981,.T.);
#3004 = ORIENTED_EDGE('',*,*,#3005,.T.);
#3005 = EDGE_CURVE('',#2973,#3006,#3008,.T.);
#3006 = VERTEX_POINT('',#3007);
#3007 = CARTESIAN_POINT('',(14.886537973076,36.661061722123,
    1.600050800102));
#3008 = LINE('',#3009,#3010);
#3009 = CARTESIAN_POINT('',(14.831521463043,36.661061722123,
    1.600050800102));
#3010 = VECTOR('',#3011,1.);
#3011 = DIRECTION('',(1.,0.,0.));
#3012 = ORIENTED_EDGE('',*,*,#3013,.F.);
#3013 = EDGE_CURVE('',#3014,#3006,#3016,.T.);
#3014 = VERTEX_POINT('',#3015);
#3015 = CARTESIAN_POINT('',(14.886537973076,36.661061722123,0.));
#3016 = LINE('',#3017,#3018);
#3017 = CARTESIAN_POINT('',(14.886537973076,36.661061722123,0.));
#3018 = VECTOR('',#3019,1.);
#3019 = DIRECTION('',(0.,0.,1.));
#3020 = ORIENTED_EDGE('',*,*,#3021,.F.);
#3021 = EDGE_CURVE('',#2982,#3014,#3022,.T.);
#3022 = LINE('',#3023,#3024);
#3023 = CARTESIAN_POINT('',(14.831521463043,36.661061722123,0.));
#3024 = VECTOR('',#3025,1.);
#3025 = DIRECTION('',(1.,0.,0.));
#3026 = PLANE('',#3027);
#3027 = AXIS2_PLACEMENT_3D('',#3028,#3029,#3030);
#3028 = CARTESIAN_POINT('',(14.831521463043,36.661061722123,0.));
#3029 = DIRECTION('',(0.,1.,0.));
#3030 = DIRECTION('',(1.,0.,0.));
#3031 = ADVANCED_FACE('',(#3032),#3050,.F.);
#3032 = FACE_BOUND('',#3033,.T.);
#3033 = EDGE_LOOP('',(#3034,#3035,#3042,#3043));
#3034 = ORIENTED_EDGE('',*,*,#3013,.T.);
#3035 = ORIENTED_EDGE('',*,*,#3036,.T.);
#3036 = EDGE_CURVE('',#3006,#2934,#3037,.T.);
#3037 = CIRCLE('',#3038,0.550012700025);
#3038 = AXIS2_PLACEMENT_3D('',#3039,#3040,#3041);
#3039 = CARTESIAN_POINT('',(14.886537973076,37.211074422149,
    1.600050800102));
#3040 = DIRECTION('',(0.,0.,1.));
#3041 = DIRECTION('',(1.110223024625E-16,-1.,0.));
#3042 = ORIENTED_EDGE('',*,*,#2931,.F.);
#3043 = ORIENTED_EDGE('',*,*,#3044,.F.);
#3044 = EDGE_CURVE('',#3014,#2932,#3045,.T.);
#3045 = CIRCLE('',#3046,0.550012700025);
#3046 = AXIS2_PLACEMENT_3D('',#3047,#3048,#3049);
#3047 = CARTESIAN_POINT('',(14.886537973076,37.211074422149,0.));
#3048 = DIRECTION('',(0.,0.,1.));
#3049 = DIRECTION('',(1.110223024625E-16,-1.,0.));
#3050 = CYLINDRICAL_SURFACE('',#3051,0.550012700025);
#3051 = AXIS2_PLACEMENT_3D('',#3052,#3053,#3054);
#3052 = CARTESIAN_POINT('',(14.886537973076,37.211074422149,0.));
#3053 = DIRECTION('',(-0.,-0.,-1.));
#3054 = DIRECTION('',(1.110223024625E-16,-1.,0.));
#3055 = ADVANCED_FACE('',(#3056),#3092,.F.);
#3056 = FACE_BOUND('',#3057,.T.);
#3057 = EDGE_LOOP('',(#3058,#3068,#3077,#3085));
#3058 = ORIENTED_EDGE('',*,*,#3059,.T.);
#3059 = EDGE_CURVE('',#3060,#3062,#3064,.T.);
#3060 = VERTEX_POINT('',#3061);
#3061 = CARTESIAN_POINT('',(18.915036830074,85.09017018034,0.));
#3062 = VERTEX_POINT('',#3063);
#3063 = CARTESIAN_POINT('',(18.915036830074,85.09017018034,
    1.600050800102));
#3064 = LINE('',#3065,#3066);
#3065 = CARTESIAN_POINT('',(18.915036830074,85.09017018034,0.));
#3066 = VECTOR('',#3067,1.);
#3067 = DIRECTION('',(0.,0.,1.));
#3068 = ORIENTED_EDGE('',*,*,#3069,.T.);
#3069 = EDGE_CURVE('',#3062,#3070,#3072,.T.);
#3070 = VERTEX_POINT('',#3071);
#3071 = CARTESIAN_POINT('',(17.915036830074,85.09017018034,
    1.600050800102));
#3072 = CIRCLE('',#3073,0.5);
#3073 = AXIS2_PLACEMENT_3D('',#3074,#3075,#3076);
#3074 = CARTESIAN_POINT('',(18.415036830074,85.09017018034,
    1.600050800102));
#3075 = DIRECTION('',(0.,0.,1.));
#3076 = DIRECTION('',(1.,1.110223024625E-16,-0.));
#3077 = ORIENTED_EDGE('',*,*,#3078,.F.);
#3078 = EDGE_CURVE('',#3079,#3070,#3081,.T.);
#3079 = VERTEX_POINT('',#3080);
#3080 = CARTESIAN_POINT('',(17.915036830074,85.09017018034,0.));
#3081 = LINE('',#3082,#3083);
#3082 = CARTESIAN_POINT('',(17.915036830074,85.09017018034,0.));
#3083 = VECTOR('',#3084,1.);
#3084 = DIRECTION('',(0.,0.,1.));
#3085 = ORIENTED_EDGE('',*,*,#3086,.F.);
#3086 = EDGE_CURVE('',#3060,#3079,#3087,.T.);
#3087 = CIRCLE('',#3088,0.5);
#3088 = AXIS2_PLACEMENT_3D('',#3089,#3090,#3091);
#3089 = CARTESIAN_POINT('',(18.415036830074,85.09017018034,0.));
#3090 = DIRECTION('',(0.,0.,1.));
#3091 = DIRECTION('',(1.,1.110223024625E-16,-0.));
#3092 = CYLINDRICAL_SURFACE('',#3093,0.5);
#3093 = AXIS2_PLACEMENT_3D('',#3094,#3095,#3096);
#3094 = CARTESIAN_POINT('',(18.415036830074,85.09017018034,0.));
#3095 = DIRECTION('',(-0.,-0.,-1.));
#3096 = DIRECTION('',(1.,1.110223024625E-16,-0.));
#3097 = ADVANCED_FACE('',(#3098),#3116,.F.);
#3098 = FACE_BOUND('',#3099,.T.);
#3099 = EDGE_LOOP('',(#3100,#3101,#3108,#3109));
#3100 = ORIENTED_EDGE('',*,*,#3078,.T.);
#3101 = ORIENTED_EDGE('',*,*,#3102,.T.);
#3102 = EDGE_CURVE('',#3070,#3062,#3103,.T.);
#3103 = CIRCLE('',#3104,0.5);
#3104 = AXIS2_PLACEMENT_3D('',#3105,#3106,#3107);
#3105 = CARTESIAN_POINT('',(18.415036830074,85.09017018034,
    1.600050800102));
#3106 = DIRECTION('',(0.,0.,1.));
#3107 = DIRECTION('',(-1.,-1.110223024625E-16,0.));
#3108 = ORIENTED_EDGE('',*,*,#3059,.F.);
#3109 = ORIENTED_EDGE('',*,*,#3110,.F.);
#3110 = EDGE_CURVE('',#3079,#3060,#3111,.T.);
#3111 = CIRCLE('',#3112,0.5);
#3112 = AXIS2_PLACEMENT_3D('',#3113,#3114,#3115);
#3113 = CARTESIAN_POINT('',(18.415036830074,85.09017018034,0.));
#3114 = DIRECTION('',(0.,0.,1.));
#3115 = DIRECTION('',(-1.,-1.110223024625E-16,0.));
#3116 = CYLINDRICAL_SURFACE('',#3117,0.5);
#3117 = AXIS2_PLACEMENT_3D('',#3118,#3119,#3120);
#3118 = CARTESIAN_POINT('',(18.415036830074,85.09017018034,0.));
#3119 = DIRECTION('',(-0.,-0.,-1.));
#3120 = DIRECTION('',(-1.,-1.110223024625E-16,0.));
#3121 = ADVANCED_FACE('',(#3122),#3158,.F.);
#3122 = FACE_BOUND('',#3123,.T.);
#3123 = EDGE_LOOP('',(#3124,#3134,#3143,#3151));
#3124 = ORIENTED_EDGE('',*,*,#3125,.T.);
#3125 = EDGE_CURVE('',#3126,#3128,#3130,.T.);
#3126 = VERTEX_POINT('',#3127);
#3127 = CARTESIAN_POINT('',(20.493522987046,97.627127254255,0.));
#3128 = VERTEX_POINT('',#3129);
#3129 = CARTESIAN_POINT('',(20.493522987046,97.627127254255,
    1.600050800102));
#3130 = LINE('',#3131,#3132);
#3131 = CARTESIAN_POINT('',(20.493522987046,97.627127254255,0.));
#3132 = VECTOR('',#3133,1.);
#3133 = DIRECTION('',(0.,0.,1.));
#3134 = ORIENTED_EDGE('',*,*,#3135,.T.);
#3135 = EDGE_CURVE('',#3128,#3136,#3138,.T.);
#3136 = VERTEX_POINT('',#3137);
#3137 = CARTESIAN_POINT('',(20.488442976886,93.127254254509,
    1.600050800102));
#3138 = CIRCLE('',#3139,2.249937933608);
#3139 = AXIS2_PLACEMENT_3D('',#3140,#3141,#3142);
#3140 = CARTESIAN_POINT('',(20.490982981966,95.377190754382,
    1.600050800102));
#3141 = DIRECTION('',(0.,0.,1.));
#3142 = DIRECTION('',(1.128922288064E-03,0.999999362767,-0.));
#3143 = ORIENTED_EDGE('',*,*,#3144,.F.);
#3144 = EDGE_CURVE('',#3145,#3136,#3147,.T.);
#3145 = VERTEX_POINT('',#3146);
#3146 = CARTESIAN_POINT('',(20.488442976886,93.127254254509,0.));
#3147 = LINE('',#3148,#3149);
#3148 = CARTESIAN_POINT('',(20.488442976886,93.127254254509,0.));
#3149 = VECTOR('',#3150,1.);
#3150 = DIRECTION('',(0.,0.,1.));
#3151 = ORIENTED_EDGE('',*,*,#3152,.F.);
#3152 = EDGE_CURVE('',#3126,#3145,#3153,.T.);
#3153 = CIRCLE('',#3154,2.249937933608);
#3154 = AXIS2_PLACEMENT_3D('',#3155,#3156,#3157);
#3155 = CARTESIAN_POINT('',(20.490982981966,95.377190754382,0.));
#3156 = DIRECTION('',(0.,0.,1.));
#3157 = DIRECTION('',(1.128922288064E-03,0.999999362767,-0.));
#3158 = CYLINDRICAL_SURFACE('',#3159,2.249937933608);
#3159 = AXIS2_PLACEMENT_3D('',#3160,#3161,#3162);
#3160 = CARTESIAN_POINT('',(20.490982981966,95.377190754382,0.));
#3161 = DIRECTION('',(-0.,-0.,-1.));
#3162 = DIRECTION('',(1.128922288064E-03,0.999999362767,-0.));
#3163 = ADVANCED_FACE('',(#3164),#3182,.F.);
#3164 = FACE_BOUND('',#3165,.T.);
#3165 = EDGE_LOOP('',(#3166,#3167,#3174,#3175));
#3166 = ORIENTED_EDGE('',*,*,#3144,.T.);
#3167 = ORIENTED_EDGE('',*,*,#3168,.T.);
#3168 = EDGE_CURVE('',#3136,#3128,#3169,.T.);
#3169 = CIRCLE('',#3170,2.249937933608);
#3170 = AXIS2_PLACEMENT_3D('',#3171,#3172,#3173);
#3171 = CARTESIAN_POINT('',(20.490982981966,95.377190754382,
    1.600050800102));
#3172 = DIRECTION('',(0.,0.,1.));
#3173 = DIRECTION('',(-1.128922288064E-03,-0.999999362767,0.));
#3174 = ORIENTED_EDGE('',*,*,#3125,.F.);
#3175 = ORIENTED_EDGE('',*,*,#3176,.F.);
#3176 = EDGE_CURVE('',#3145,#3126,#3177,.T.);
#3177 = CIRCLE('',#3178,2.249937933608);
#3178 = AXIS2_PLACEMENT_3D('',#3179,#3180,#3181);
#3179 = CARTESIAN_POINT('',(20.490982981966,95.377190754382,0.));
#3180 = DIRECTION('',(0.,0.,1.));
#3181 = DIRECTION('',(-1.128922288064E-03,-0.999999362767,0.));
#3182 = CYLINDRICAL_SURFACE('',#3183,2.249937933608);
#3183 = AXIS2_PLACEMENT_3D('',#3184,#3185,#3186);
#3184 = CARTESIAN_POINT('',(20.490982981966,95.377190754382,0.));
#3185 = DIRECTION('',(-0.,-0.,-1.));
#3186 = DIRECTION('',(-1.128922288064E-03,-0.999999362767,0.));
#3187 = ADVANCED_FACE('',(#3188),#3224,.F.);
#3188 = FACE_BOUND('',#3189,.T.);
#3189 = EDGE_LOOP('',(#3190,#3200,#3209,#3217));
#3190 = ORIENTED_EDGE('',*,*,#3191,.T.);
#3191 = EDGE_CURVE('',#3192,#3194,#3196,.T.);
#3192 = VERTEX_POINT('',#3193);
#3193 = CARTESIAN_POINT('',(20.615951231902,50.165100330201,0.));
#3194 = VERTEX_POINT('',#3195);
#3195 = CARTESIAN_POINT('',(20.615951231902,50.165100330201,
    1.600050800102));
#3196 = LINE('',#3197,#3198);
#3197 = CARTESIAN_POINT('',(20.615951231902,50.165100330201,0.));
#3198 = VECTOR('',#3199,1.);
#3199 = DIRECTION('',(0.,0.,1.));
#3200 = ORIENTED_EDGE('',*,*,#3201,.T.);
#3201 = EDGE_CURVE('',#3194,#3202,#3204,.T.);
#3202 = VERTEX_POINT('',#3203);
#3203 = CARTESIAN_POINT('',(19.516129032258,50.165100330201,
    1.600050800102));
#3204 = CIRCLE('',#3205,0.549911099822);
#3205 = AXIS2_PLACEMENT_3D('',#3206,#3207,#3208);
#3206 = CARTESIAN_POINT('',(20.06604013208,50.165100330201,
    1.600050800102));
#3207 = DIRECTION('',(0.,0.,1.));
#3208 = DIRECTION('',(1.,1.110223024625E-16,-0.));
#3209 = ORIENTED_EDGE('',*,*,#3210,.F.);
#3210 = EDGE_CURVE('',#3211,#3202,#3213,.T.);
#3211 = VERTEX_POINT('',#3212);
#3212 = CARTESIAN_POINT('',(19.516129032258,50.165100330201,0.));
#3213 = LINE('',#3214,#3215);
#3214 = CARTESIAN_POINT('',(19.516129032258,50.165100330201,0.));
#3215 = VECTOR('',#3216,1.);
#3216 = DIRECTION('',(0.,0.,1.));
#3217 = ORIENTED_EDGE('',*,*,#3218,.F.);
#3218 = EDGE_CURVE('',#3192,#3211,#3219,.T.);
#3219 = CIRCLE('',#3220,0.549911099822);
#3220 = AXIS2_PLACEMENT_3D('',#3221,#3222,#3223);
#3221 = CARTESIAN_POINT('',(20.06604013208,50.165100330201,0.));
#3222 = DIRECTION('',(0.,0.,1.));
#3223 = DIRECTION('',(1.,1.110223024625E-16,-0.));
#3224 = CYLINDRICAL_SURFACE('',#3225,0.549911099822);
#3225 = AXIS2_PLACEMENT_3D('',#3226,#3227,#3228);
#3226 = CARTESIAN_POINT('',(20.06604013208,50.165100330201,0.));
#3227 = DIRECTION('',(-0.,-0.,-1.));
#3228 = DIRECTION('',(1.,1.110223024625E-16,-0.));
#3229 = ADVANCED_FACE('',(#3230),#3248,.F.);
#3230 = FACE_BOUND('',#3231,.T.);
#3231 = EDGE_LOOP('',(#3232,#3233,#3240,#3241));
#3232 = ORIENTED_EDGE('',*,*,#3210,.T.);
#3233 = ORIENTED_EDGE('',*,*,#3234,.T.);
#3234 = EDGE_CURVE('',#3202,#3194,#3235,.T.);
#3235 = CIRCLE('',#3236,0.549911099822);
#3236 = AXIS2_PLACEMENT_3D('',#3237,#3238,#3239);
#3237 = CARTESIAN_POINT('',(20.06604013208,50.165100330201,
    1.600050800102));
#3238 = DIRECTION('',(0.,0.,1.));
#3239 = DIRECTION('',(-1.,-1.110223024625E-16,0.));
#3240 = ORIENTED_EDGE('',*,*,#3191,.F.);
#3241 = ORIENTED_EDGE('',*,*,#3242,.F.);
#3242 = EDGE_CURVE('',#3211,#3192,#3243,.T.);
#3243 = CIRCLE('',#3244,0.549911099822);
#3244 = AXIS2_PLACEMENT_3D('',#3245,#3246,#3247);
#3245 = CARTESIAN_POINT('',(20.06604013208,50.165100330201,0.));
#3246 = DIRECTION('',(0.,0.,1.));
#3247 = DIRECTION('',(-1.,-1.110223024625E-16,0.));
#3248 = CYLINDRICAL_SURFACE('',#3249,0.549911099822);
#3249 = AXIS2_PLACEMENT_3D('',#3250,#3251,#3252);
#3250 = CARTESIAN_POINT('',(20.06604013208,50.165100330201,0.));
#3251 = DIRECTION('',(-0.,-0.,-1.));
#3252 = DIRECTION('',(-1.,-1.110223024625E-16,0.));
#3253 = ADVANCED_FACE('',(#3254),#3290,.F.);
#3254 = FACE_BOUND('',#3255,.T.);
#3255 = EDGE_LOOP('',(#3256,#3266,#3275,#3283));
#3256 = ORIENTED_EDGE('',*,*,#3257,.T.);
#3257 = EDGE_CURVE('',#3258,#3260,#3262,.T.);
#3258 = VERTEX_POINT('',#3259);
#3259 = CARTESIAN_POINT('',(23.155956311913,50.165100330201,0.));
#3260 = VERTEX_POINT('',#3261);
#3261 = CARTESIAN_POINT('',(23.155956311913,50.165100330201,
    1.600050800102));
#3262 = LINE('',#3263,#3264);
#3263 = CARTESIAN_POINT('',(23.155956311913,50.165100330201,0.));
#3264 = VECTOR('',#3265,1.);
#3265 = DIRECTION('',(0.,0.,1.));
#3266 = ORIENTED_EDGE('',*,*,#3267,.T.);
#3267 = EDGE_CURVE('',#3260,#3268,#3270,.T.);
#3268 = VERTEX_POINT('',#3269);
#3269 = CARTESIAN_POINT('',(22.056134112268,50.165100330201,
    1.600050800102));
#3270 = CIRCLE('',#3271,0.549911099822);
#3271 = AXIS2_PLACEMENT_3D('',#3272,#3273,#3274);
#3272 = CARTESIAN_POINT('',(22.60604521209,50.165100330201,
    1.600050800102));
#3273 = DIRECTION('',(0.,0.,1.));
#3274 = DIRECTION('',(1.,1.110223024625E-16,-0.));
#3275 = ORIENTED_EDGE('',*,*,#3276,.F.);
#3276 = EDGE_CURVE('',#3277,#3268,#3279,.T.);
#3277 = VERTEX_POINT('',#3278);
#3278 = CARTESIAN_POINT('',(22.056134112268,50.165100330201,0.));
#3279 = LINE('',#3280,#3281);
#3280 = CARTESIAN_POINT('',(22.056134112268,50.165100330201,0.));
#3281 = VECTOR('',#3282,1.);
#3282 = DIRECTION('',(0.,0.,1.));
#3283 = ORIENTED_EDGE('',*,*,#3284,.F.);
#3284 = EDGE_CURVE('',#3258,#3277,#3285,.T.);
#3285 = CIRCLE('',#3286,0.549911099822);
#3286 = AXIS2_PLACEMENT_3D('',#3287,#3288,#3289);
#3287 = CARTESIAN_POINT('',(22.60604521209,50.165100330201,0.));
#3288 = DIRECTION('',(0.,0.,1.));
#3289 = DIRECTION('',(1.,1.110223024625E-16,-0.));
#3290 = CYLINDRICAL_SURFACE('',#3291,0.549911099822);
#3291 = AXIS2_PLACEMENT_3D('',#3292,#3293,#3294);
#3292 = CARTESIAN_POINT('',(22.60604521209,50.165100330201,0.));
#3293 = DIRECTION('',(-0.,-0.,-1.));
#3294 = DIRECTION('',(1.,1.110223024625E-16,-0.));
#3295 = ADVANCED_FACE('',(#3296),#3314,.F.);
#3296 = FACE_BOUND('',#3297,.T.);
#3297 = EDGE_LOOP('',(#3298,#3299,#3306,#3307));
#3298 = ORIENTED_EDGE('',*,*,#3276,.T.);
#3299 = ORIENTED_EDGE('',*,*,#3300,.T.);
#3300 = EDGE_CURVE('',#3268,#3260,#3301,.T.);
#3301 = CIRCLE('',#3302,0.549911099822);
#3302 = AXIS2_PLACEMENT_3D('',#3303,#3304,#3305);
#3303 = CARTESIAN_POINT('',(22.60604521209,50.165100330201,
    1.600050800102));
#3304 = DIRECTION('',(0.,0.,1.));
#3305 = DIRECTION('',(-1.,-1.110223024625E-16,0.));
#3306 = ORIENTED_EDGE('',*,*,#3257,.F.);
#3307 = ORIENTED_EDGE('',*,*,#3308,.F.);
#3308 = EDGE_CURVE('',#3277,#3258,#3309,.T.);
#3309 = CIRCLE('',#3310,0.549911099822);
#3310 = AXIS2_PLACEMENT_3D('',#3311,#3312,#3313);
#3311 = CARTESIAN_POINT('',(22.60604521209,50.165100330201,0.));
#3312 = DIRECTION('',(0.,0.,1.));
#3313 = DIRECTION('',(-1.,-1.110223024625E-16,0.));
#3314 = CYLINDRICAL_SURFACE('',#3315,0.549911099822);
#3315 = AXIS2_PLACEMENT_3D('',#3316,#3317,#3318);
#3316 = CARTESIAN_POINT('',(22.60604521209,50.165100330201,0.));
#3317 = DIRECTION('',(-0.,-0.,-1.));
#3318 = DIRECTION('',(-1.,-1.110223024625E-16,0.));
#3319 = ADVANCED_FACE('',(#3320),#3356,.F.);
#3320 = FACE_BOUND('',#3321,.T.);
#3321 = EDGE_LOOP('',(#3322,#3332,#3341,#3349));
#3322 = ORIENTED_EDGE('',*,*,#3323,.T.);
#3323 = EDGE_CURVE('',#3324,#3326,#3328,.T.);
#3324 = VERTEX_POINT('',#3325);
#3325 = CARTESIAN_POINT('',(25.695961391923,50.165100330201,0.));
#3326 = VERTEX_POINT('',#3327);
#3327 = CARTESIAN_POINT('',(25.695961391923,50.165100330201,
    1.600050800102));
#3328 = LINE('',#3329,#3330);
#3329 = CARTESIAN_POINT('',(25.695961391923,50.165100330201,0.));
#3330 = VECTOR('',#3331,1.);
#3331 = DIRECTION('',(0.,0.,1.));
#3332 = ORIENTED_EDGE('',*,*,#3333,.T.);
#3333 = EDGE_CURVE('',#3326,#3334,#3336,.T.);
#3334 = VERTEX_POINT('',#3335);
#3335 = CARTESIAN_POINT('',(24.596139192278,50.165100330201,
    1.600050800102));
#3336 = CIRCLE('',#3337,0.549911099822);
#3337 = AXIS2_PLACEMENT_3D('',#3338,#3339,#3340);
#3338 = CARTESIAN_POINT('',(25.146050292101,50.165100330201,
    1.600050800102));
#3339 = DIRECTION('',(0.,0.,1.));
#3340 = DIRECTION('',(1.,1.110223024625E-16,-0.));
#3341 = ORIENTED_EDGE('',*,*,#3342,.F.);
#3342 = EDGE_CURVE('',#3343,#3334,#3345,.T.);
#3343 = VERTEX_POINT('',#3344);
#3344 = CARTESIAN_POINT('',(24.596139192278,50.165100330201,0.));
#3345 = LINE('',#3346,#3347);
#3346 = CARTESIAN_POINT('',(24.596139192278,50.165100330201,0.));
#3347 = VECTOR('',#3348,1.);
#3348 = DIRECTION('',(0.,0.,1.));
#3349 = ORIENTED_EDGE('',*,*,#3350,.F.);
#3350 = EDGE_CURVE('',#3324,#3343,#3351,.T.);
#3351 = CIRCLE('',#3352,0.549911099822);
#3352 = AXIS2_PLACEMENT_3D('',#3353,#3354,#3355);
#3353 = CARTESIAN_POINT('',(25.146050292101,50.165100330201,0.));
#3354 = DIRECTION('',(0.,0.,1.));
#3355 = DIRECTION('',(1.,1.110223024625E-16,-0.));
#3356 = CYLINDRICAL_SURFACE('',#3357,0.549911099822);
#3357 = AXIS2_PLACEMENT_3D('',#3358,#3359,#3360);
#3358 = CARTESIAN_POINT('',(25.146050292101,50.165100330201,0.));
#3359 = DIRECTION('',(-0.,-0.,-1.));
#3360 = DIRECTION('',(1.,1.110223024625E-16,-0.));
#3361 = ADVANCED_FACE('',(#3362),#3380,.F.);
#3362 = FACE_BOUND('',#3363,.T.);
#3363 = EDGE_LOOP('',(#3364,#3365,#3372,#3373));
#3364 = ORIENTED_EDGE('',*,*,#3342,.T.);
#3365 = ORIENTED_EDGE('',*,*,#3366,.T.);
#3366 = EDGE_CURVE('',#3334,#3326,#3367,.T.);
#3367 = CIRCLE('',#3368,0.549911099822);
#3368 = AXIS2_PLACEMENT_3D('',#3369,#3370,#3371);
#3369 = CARTESIAN_POINT('',(25.146050292101,50.165100330201,
    1.600050800102));
#3370 = DIRECTION('',(0.,0.,1.));
#3371 = DIRECTION('',(-1.,-1.110223024625E-16,0.));
#3372 = ORIENTED_EDGE('',*,*,#3323,.F.);
#3373 = ORIENTED_EDGE('',*,*,#3374,.F.);
#3374 = EDGE_CURVE('',#3343,#3324,#3375,.T.);
#3375 = CIRCLE('',#3376,0.549911099822);
#3376 = AXIS2_PLACEMENT_3D('',#3377,#3378,#3379);
#3377 = CARTESIAN_POINT('',(25.146050292101,50.165100330201,0.));
#3378 = DIRECTION('',(0.,0.,1.));
#3379 = DIRECTION('',(-1.,-1.110223024625E-16,0.));
#3380 = CYLINDRICAL_SURFACE('',#3381,0.549911099822);
#3381 = AXIS2_PLACEMENT_3D('',#3382,#3383,#3384);
#3382 = CARTESIAN_POINT('',(25.146050292101,50.165100330201,0.));
#3383 = DIRECTION('',(-0.,-0.,-1.));
#3384 = DIRECTION('',(-1.,-1.110223024625E-16,0.));
#3385 = ADVANCED_FACE('',(#3386),#3422,.F.);
#3386 = FACE_BOUND('',#3387,.T.);
#3387 = EDGE_LOOP('',(#3388,#3398,#3407,#3415));
#3388 = ORIENTED_EDGE('',*,*,#3389,.T.);
#3389 = EDGE_CURVE('',#3390,#3392,#3394,.T.);
#3390 = VERTEX_POINT('',#3391);
#3391 = CARTESIAN_POINT('',(27.347053594107,97.790195580391,0.));
#3392 = VERTEX_POINT('',#3393);
#3393 = CARTESIAN_POINT('',(27.347053594107,97.790195580391,
    1.600050800102));
#3394 = LINE('',#3395,#3396);
#3395 = CARTESIAN_POINT('',(27.347053594107,97.790195580391,0.));
#3396 = VECTOR('',#3397,1.);
#3397 = DIRECTION('',(0.,0.,1.));
#3398 = ORIENTED_EDGE('',*,*,#3399,.T.);
#3399 = EDGE_CURVE('',#3392,#3400,#3402,.T.);
#3400 = VERTEX_POINT('',#3401);
#3401 = CARTESIAN_POINT('',(26.247053594107,97.790195580391,
    1.600050800102));
#3402 = CIRCLE('',#3403,0.55);
#3403 = AXIS2_PLACEMENT_3D('',#3404,#3405,#3406);
#3404 = CARTESIAN_POINT('',(26.797053594107,97.790195580391,
    1.600050800102));
#3405 = DIRECTION('',(0.,0.,1.));
#3406 = DIRECTION('',(1.,1.110223024625E-16,-0.));
#3407 = ORIENTED_EDGE('',*,*,#3408,.F.);
#3408 = EDGE_CURVE('',#3409,#3400,#3411,.T.);
#3409 = VERTEX_POINT('',#3410);
#3410 = CARTESIAN_POINT('',(26.247053594107,97.790195580391,0.));
#3411 = LINE('',#3412,#3413);
#3412 = CARTESIAN_POINT('',(26.247053594107,97.790195580391,0.));
#3413 = VECTOR('',#3414,1.);
#3414 = DIRECTION('',(0.,0.,1.));
#3415 = ORIENTED_EDGE('',*,*,#3416,.F.);
#3416 = EDGE_CURVE('',#3390,#3409,#3417,.T.);
#3417 = CIRCLE('',#3418,0.55);
#3418 = AXIS2_PLACEMENT_3D('',#3419,#3420,#3421);
#3419 = CARTESIAN_POINT('',(26.797053594107,97.790195580391,0.));
#3420 = DIRECTION('',(0.,0.,1.));
#3421 = DIRECTION('',(1.,1.110223024625E-16,-0.));
#3422 = CYLINDRICAL_SURFACE('',#3423,0.55);
#3423 = AXIS2_PLACEMENT_3D('',#3424,#3425,#3426);
#3424 = CARTESIAN_POINT('',(26.797053594107,97.790195580391,0.));
#3425 = DIRECTION('',(-0.,-0.,-1.));
#3426 = DIRECTION('',(1.,1.110223024625E-16,-0.));
#3427 = ADVANCED_FACE('',(#3428),#3446,.F.);
#3428 = FACE_BOUND('',#3429,.T.);
#3429 = EDGE_LOOP('',(#3430,#3431,#3438,#3439));
#3430 = ORIENTED_EDGE('',*,*,#3408,.T.);
#3431 = ORIENTED_EDGE('',*,*,#3432,.T.);
#3432 = EDGE_CURVE('',#3400,#3392,#3433,.T.);
#3433 = CIRCLE('',#3434,0.55);
#3434 = AXIS2_PLACEMENT_3D('',#3435,#3436,#3437);
#3435 = CARTESIAN_POINT('',(26.797053594107,97.790195580391,
    1.600050800102));
#3436 = DIRECTION('',(0.,0.,1.));
#3437 = DIRECTION('',(-1.,-1.110223024625E-16,0.));
#3438 = ORIENTED_EDGE('',*,*,#3389,.F.);
#3439 = ORIENTED_EDGE('',*,*,#3440,.F.);
#3440 = EDGE_CURVE('',#3409,#3390,#3441,.T.);
#3441 = CIRCLE('',#3442,0.55);
#3442 = AXIS2_PLACEMENT_3D('',#3443,#3444,#3445);
#3443 = CARTESIAN_POINT('',(26.797053594107,97.790195580391,0.));
#3444 = DIRECTION('',(0.,0.,1.));
#3445 = DIRECTION('',(-1.,-1.110223024625E-16,0.));
#3446 = CYLINDRICAL_SURFACE('',#3447,0.55);
#3447 = AXIS2_PLACEMENT_3D('',#3448,#3449,#3450);
#3448 = CARTESIAN_POINT('',(26.797053594107,97.790195580391,0.));
#3449 = DIRECTION('',(-0.,-0.,-1.));
#3450 = DIRECTION('',(-1.,-1.110223024625E-16,0.));
#3451 = ADVANCED_FACE('',(#3452),#3488,.F.);
#3452 = FACE_BOUND('',#3453,.T.);
#3453 = EDGE_LOOP('',(#3454,#3464,#3473,#3481));
#3454 = ORIENTED_EDGE('',*,*,#3455,.T.);
#3455 = EDGE_CURVE('',#3456,#3458,#3460,.T.);
#3456 = VERTEX_POINT('',#3457);
#3457 = CARTESIAN_POINT('',(27.347053594107,95.250190500381,0.));
#3458 = VERTEX_POINT('',#3459);
#3459 = CARTESIAN_POINT('',(27.347053594107,95.250190500381,
    1.600050800102));
#3460 = LINE('',#3461,#3462);
#3461 = CARTESIAN_POINT('',(27.347053594107,95.250190500381,0.));
#3462 = VECTOR('',#3463,1.);
#3463 = DIRECTION('',(0.,0.,1.));
#3464 = ORIENTED_EDGE('',*,*,#3465,.T.);
#3465 = EDGE_CURVE('',#3458,#3466,#3468,.T.);
#3466 = VERTEX_POINT('',#3467);
#3467 = CARTESIAN_POINT('',(26.247053594107,95.250190500381,
    1.600050800102));
#3468 = CIRCLE('',#3469,0.55);
#3469 = AXIS2_PLACEMENT_3D('',#3470,#3471,#3472);
#3470 = CARTESIAN_POINT('',(26.797053594107,95.250190500381,
    1.600050800102));
#3471 = DIRECTION('',(0.,0.,1.));
#3472 = DIRECTION('',(1.,1.110223024625E-16,-0.));
#3473 = ORIENTED_EDGE('',*,*,#3474,.F.);
#3474 = EDGE_CURVE('',#3475,#3466,#3477,.T.);
#3475 = VERTEX_POINT('',#3476);
#3476 = CARTESIAN_POINT('',(26.247053594107,95.250190500381,0.));
#3477 = LINE('',#3478,#3479);
#3478 = CARTESIAN_POINT('',(26.247053594107,95.250190500381,0.));
#3479 = VECTOR('',#3480,1.);
#3480 = DIRECTION('',(0.,0.,1.));
#3481 = ORIENTED_EDGE('',*,*,#3482,.F.);
#3482 = EDGE_CURVE('',#3456,#3475,#3483,.T.);
#3483 = CIRCLE('',#3484,0.55);
#3484 = AXIS2_PLACEMENT_3D('',#3485,#3486,#3487);
#3485 = CARTESIAN_POINT('',(26.797053594107,95.250190500381,0.));
#3486 = DIRECTION('',(0.,0.,1.));
#3487 = DIRECTION('',(1.,1.110223024625E-16,-0.));
#3488 = CYLINDRICAL_SURFACE('',#3489,0.55);
#3489 = AXIS2_PLACEMENT_3D('',#3490,#3491,#3492);
#3490 = CARTESIAN_POINT('',(26.797053594107,95.250190500381,0.));
#3491 = DIRECTION('',(-0.,-0.,-1.));
#3492 = DIRECTION('',(1.,1.110223024625E-16,-0.));
#3493 = ADVANCED_FACE('',(#3494),#3512,.F.);
#3494 = FACE_BOUND('',#3495,.T.);
#3495 = EDGE_LOOP('',(#3496,#3497,#3504,#3505));
#3496 = ORIENTED_EDGE('',*,*,#3474,.T.);
#3497 = ORIENTED_EDGE('',*,*,#3498,.T.);
#3498 = EDGE_CURVE('',#3466,#3458,#3499,.T.);
#3499 = CIRCLE('',#3500,0.55);
#3500 = AXIS2_PLACEMENT_3D('',#3501,#3502,#3503);
#3501 = CARTESIAN_POINT('',(26.797053594107,95.250190500381,
    1.600050800102));
#3502 = DIRECTION('',(0.,0.,1.));
#3503 = DIRECTION('',(-1.,-1.110223024625E-16,0.));
#3504 = ORIENTED_EDGE('',*,*,#3455,.F.);
#3505 = ORIENTED_EDGE('',*,*,#3506,.F.);
#3506 = EDGE_CURVE('',#3475,#3456,#3507,.T.);
#3507 = CIRCLE('',#3508,0.55);
#3508 = AXIS2_PLACEMENT_3D('',#3509,#3510,#3511);
#3509 = CARTESIAN_POINT('',(26.797053594107,95.250190500381,0.));
#3510 = DIRECTION('',(0.,0.,1.));
#3511 = DIRECTION('',(-1.,-1.110223024625E-16,0.));
#3512 = CYLINDRICAL_SURFACE('',#3513,0.55);
#3513 = AXIS2_PLACEMENT_3D('',#3514,#3515,#3516);
#3514 = CARTESIAN_POINT('',(26.797053594107,95.250190500381,0.));
#3515 = DIRECTION('',(-0.,-0.,-1.));
#3516 = DIRECTION('',(-1.,-1.110223024625E-16,0.));
#3517 = ADVANCED_FACE('',(#3518),#3554,.F.);
#3518 = FACE_BOUND('',#3519,.T.);
#3519 = EDGE_LOOP('',(#3520,#3530,#3539,#3547));
#3520 = ORIENTED_EDGE('',*,*,#3521,.T.);
#3521 = EDGE_CURVE('',#3522,#3524,#3526,.T.);
#3522 = VERTEX_POINT('',#3523);
#3523 = CARTESIAN_POINT('',(28.235966471933,50.165100330201,0.));
#3524 = VERTEX_POINT('',#3525);
#3525 = CARTESIAN_POINT('',(28.235966471933,50.165100330201,
    1.600050800102));
#3526 = LINE('',#3527,#3528);
#3527 = CARTESIAN_POINT('',(28.235966471933,50.165100330201,0.));
#3528 = VECTOR('',#3529,1.);
#3529 = DIRECTION('',(0.,0.,1.));
#3530 = ORIENTED_EDGE('',*,*,#3531,.T.);
#3531 = EDGE_CURVE('',#3524,#3532,#3534,.T.);
#3532 = VERTEX_POINT('',#3533);
#3533 = CARTESIAN_POINT('',(27.136144272289,50.165100330201,
    1.600050800102));
#3534 = CIRCLE('',#3535,0.549911099822);
#3535 = AXIS2_PLACEMENT_3D('',#3536,#3537,#3538);
#3536 = CARTESIAN_POINT('',(27.686055372111,50.165100330201,
    1.600050800102));
#3537 = DIRECTION('',(0.,0.,1.));
#3538 = DIRECTION('',(1.,1.110223024625E-16,-0.));
#3539 = ORIENTED_EDGE('',*,*,#3540,.F.);
#3540 = EDGE_CURVE('',#3541,#3532,#3543,.T.);
#3541 = VERTEX_POINT('',#3542);
#3542 = CARTESIAN_POINT('',(27.136144272289,50.165100330201,0.));
#3543 = LINE('',#3544,#3545);
#3544 = CARTESIAN_POINT('',(27.136144272289,50.165100330201,0.));
#3545 = VECTOR('',#3546,1.);
#3546 = DIRECTION('',(0.,0.,1.));
#3547 = ORIENTED_EDGE('',*,*,#3548,.F.);
#3548 = EDGE_CURVE('',#3522,#3541,#3549,.T.);
#3549 = CIRCLE('',#3550,0.549911099822);
#3550 = AXIS2_PLACEMENT_3D('',#3551,#3552,#3553);
#3551 = CARTESIAN_POINT('',(27.686055372111,50.165100330201,0.));
#3552 = DIRECTION('',(0.,0.,1.));
#3553 = DIRECTION('',(1.,1.110223024625E-16,-0.));
#3554 = CYLINDRICAL_SURFACE('',#3555,0.549911099822);
#3555 = AXIS2_PLACEMENT_3D('',#3556,#3557,#3558);
#3556 = CARTESIAN_POINT('',(27.686055372111,50.165100330201,0.));
#3557 = DIRECTION('',(-0.,-0.,-1.));
#3558 = DIRECTION('',(1.,1.110223024625E-16,-0.));
#3559 = ADVANCED_FACE('',(#3560),#3578,.F.);
#3560 = FACE_BOUND('',#3561,.T.);
#3561 = EDGE_LOOP('',(#3562,#3563,#3570,#3571));
#3562 = ORIENTED_EDGE('',*,*,#3540,.T.);
#3563 = ORIENTED_EDGE('',*,*,#3564,.T.);
#3564 = EDGE_CURVE('',#3532,#3524,#3565,.T.);
#3565 = CIRCLE('',#3566,0.549911099822);
#3566 = AXIS2_PLACEMENT_3D('',#3567,#3568,#3569);
#3567 = CARTESIAN_POINT('',(27.686055372111,50.165100330201,
    1.600050800102));
#3568 = DIRECTION('',(0.,0.,1.));
#3569 = DIRECTION('',(-1.,-1.110223024625E-16,0.));
#3570 = ORIENTED_EDGE('',*,*,#3521,.F.);
#3571 = ORIENTED_EDGE('',*,*,#3572,.F.);
#3572 = EDGE_CURVE('',#3541,#3522,#3573,.T.);
#3573 = CIRCLE('',#3574,0.549911099822);
#3574 = AXIS2_PLACEMENT_3D('',#3575,#3576,#3577);
#3575 = CARTESIAN_POINT('',(27.686055372111,50.165100330201,0.));
#3576 = DIRECTION('',(0.,0.,1.));
#3577 = DIRECTION('',(-1.,-1.110223024625E-16,0.));
#3578 = CYLINDRICAL_SURFACE('',#3579,0.549911099822);
#3579 = AXIS2_PLACEMENT_3D('',#3580,#3581,#3582);
#3580 = CARTESIAN_POINT('',(27.686055372111,50.165100330201,0.));
#3581 = DIRECTION('',(-0.,-0.,-1.));
#3582 = DIRECTION('',(-1.,-1.110223024625E-16,0.));
#3583 = ADVANCED_FACE('',(#3584),#3618,.T.);
#3584 = FACE_BOUND('',#3585,.T.);
#3585 = EDGE_LOOP('',(#3586,#3596,#3604,#3612));
#3586 = ORIENTED_EDGE('',*,*,#3587,.T.);
#3587 = EDGE_CURVE('',#3588,#3590,#3592,.T.);
#3588 = VERTEX_POINT('',#3589);
#3589 = CARTESIAN_POINT('',(28.094551689103,47.921107442215,0.));
#3590 = VERTEX_POINT('',#3591);
#3591 = CARTESIAN_POINT('',(28.094551689103,47.921107442215,
    1.600050800102));
#3592 = LINE('',#3593,#3594);
#3593 = CARTESIAN_POINT('',(28.094551689103,47.921107442215,0.));
#3594 = VECTOR('',#3595,1.);
#3595 = DIRECTION('',(0.,0.,1.));
#3596 = ORIENTED_EDGE('',*,*,#3597,.T.);
#3597 = EDGE_CURVE('',#3590,#3598,#3600,.T.);
#3598 = VERTEX_POINT('',#3599);
#3599 = CARTESIAN_POINT('',(28.039560579121,47.921107442215,
    1.600050800102));
#3600 = LINE('',#3601,#3602);
#3601 = CARTESIAN_POINT('',(28.094551689103,47.921107442215,
    1.600050800102));
#3602 = VECTOR('',#3603,1.);
#3603 = DIRECTION('',(-1.,0.,0.));
#3604 = ORIENTED_EDGE('',*,*,#3605,.F.);
#3605 = EDGE_CURVE('',#3606,#3598,#3608,.T.);
#3606 = VERTEX_POINT('',#3607);
#3607 = CARTESIAN_POINT('',(28.039560579121,47.921107442215,0.));
#3608 = LINE('',#3609,#3610);
#3609 = CARTESIAN_POINT('',(28.039560579121,47.921107442215,0.));
#3610 = VECTOR('',#3611,1.);
#3611 = DIRECTION('',(0.,0.,1.));
#3612 = ORIENTED_EDGE('',*,*,#3613,.F.);
#3613 = EDGE_CURVE('',#3588,#3606,#3614,.T.);
#3614 = LINE('',#3615,#3616);
#3615 = CARTESIAN_POINT('',(28.094551689103,47.921107442215,0.));
#3616 = VECTOR('',#3617,1.);
#3617 = DIRECTION('',(-1.,0.,0.));
#3618 = PLANE('',#3619);
#3619 = AXIS2_PLACEMENT_3D('',#3620,#3621,#3622);
#3620 = CARTESIAN_POINT('',(28.094551689103,47.921107442215,0.));
#3621 = DIRECTION('',(0.,-1.,0.));
#3622 = DIRECTION('',(-1.,0.,0.));
#3623 = ADVANCED_FACE('',(#3624),#3651,.F.);
#3624 = FACE_BOUND('',#3625,.T.);
#3625 = EDGE_LOOP('',(#3626,#3627,#3636,#3644));
#3626 = ORIENTED_EDGE('',*,*,#3605,.T.);
#3627 = ORIENTED_EDGE('',*,*,#3628,.T.);
#3628 = EDGE_CURVE('',#3598,#3629,#3631,.T.);
#3629 = VERTEX_POINT('',#3630);
#3630 = CARTESIAN_POINT('',(28.039560579121,46.821082042164,
    1.600050800102));
#3631 = CIRCLE('',#3632,0.550012700025);
#3632 = AXIS2_PLACEMENT_3D('',#3633,#3634,#3635);
#3633 = CARTESIAN_POINT('',(28.039560579121,47.371094742189,
    1.600050800102));
#3634 = DIRECTION('',(0.,0.,1.));
#3635 = DIRECTION('',(-1.110223024625E-16,1.,0.));
#3636 = ORIENTED_EDGE('',*,*,#3637,.F.);
#3637 = EDGE_CURVE('',#3638,#3629,#3640,.T.);
#3638 = VERTEX_POINT('',#3639);
#3639 = CARTESIAN_POINT('',(28.039560579121,46.821082042164,0.));
#3640 = LINE('',#3641,#3642);
#3641 = CARTESIAN_POINT('',(28.039560579121,46.821082042164,0.));
#3642 = VECTOR('',#3643,1.);
#3643 = DIRECTION('',(0.,0.,1.));
#3644 = ORIENTED_EDGE('',*,*,#3645,.F.);
#3645 = EDGE_CURVE('',#3606,#3638,#3646,.T.);
#3646 = CIRCLE('',#3647,0.550012700025);
#3647 = AXIS2_PLACEMENT_3D('',#3648,#3649,#3650);
#3648 = CARTESIAN_POINT('',(28.039560579121,47.371094742189,0.));
#3649 = DIRECTION('',(0.,0.,1.));
#3650 = DIRECTION('',(-1.110223024625E-16,1.,0.));
#3651 = CYLINDRICAL_SURFACE('',#3652,0.550012700025);
#3652 = AXIS2_PLACEMENT_3D('',#3653,#3654,#3655);
#3653 = CARTESIAN_POINT('',(28.039560579121,47.371094742189,0.));
#3654 = DIRECTION('',(-0.,-0.,-1.));
#3655 = DIRECTION('',(-1.110223024625E-16,1.,0.));
#3656 = ADVANCED_FACE('',(#3657),#3682,.T.);
#3657 = FACE_BOUND('',#3658,.T.);
#3658 = EDGE_LOOP('',(#3659,#3660,#3668,#3676));
#3659 = ORIENTED_EDGE('',*,*,#3637,.T.);
#3660 = ORIENTED_EDGE('',*,*,#3661,.T.);
#3661 = EDGE_CURVE('',#3629,#3662,#3664,.T.);
#3662 = VERTEX_POINT('',#3663);
#3663 = CARTESIAN_POINT('',(28.094551689103,46.821082042164,
    1.600050800102));
#3664 = LINE('',#3665,#3666);
#3665 = CARTESIAN_POINT('',(28.039560579121,46.821082042164,
    1.600050800102));
#3666 = VECTOR('',#3667,1.);
#3667 = DIRECTION('',(1.,0.,0.));
#3668 = ORIENTED_EDGE('',*,*,#3669,.F.);
#3669 = EDGE_CURVE('',#3670,#3662,#3672,.T.);
#3670 = VERTEX_POINT('',#3671);
#3671 = CARTESIAN_POINT('',(28.094551689103,46.821082042164,0.));
#3672 = LINE('',#3673,#3674);
#3673 = CARTESIAN_POINT('',(28.094551689103,46.821082042164,0.));
#3674 = VECTOR('',#3675,1.);
#3675 = DIRECTION('',(0.,0.,1.));
#3676 = ORIENTED_EDGE('',*,*,#3677,.F.);
#3677 = EDGE_CURVE('',#3638,#3670,#3678,.T.);
#3678 = LINE('',#3679,#3680);
#3679 = CARTESIAN_POINT('',(28.039560579121,46.821082042164,0.));
#3680 = VECTOR('',#3681,1.);
#3681 = DIRECTION('',(1.,0.,0.));
#3682 = PLANE('',#3683);
#3683 = AXIS2_PLACEMENT_3D('',#3684,#3685,#3686);
#3684 = CARTESIAN_POINT('',(28.039560579121,46.821082042164,0.));
#3685 = DIRECTION('',(0.,1.,0.));
#3686 = DIRECTION('',(1.,0.,0.));
#3687 = ADVANCED_FACE('',(#3688),#3706,.F.);
#3688 = FACE_BOUND('',#3689,.T.);
#3689 = EDGE_LOOP('',(#3690,#3691,#3698,#3699));
#3690 = ORIENTED_EDGE('',*,*,#3669,.T.);
#3691 = ORIENTED_EDGE('',*,*,#3692,.T.);
#3692 = EDGE_CURVE('',#3662,#3590,#3693,.T.);
#3693 = CIRCLE('',#3694,0.550012700025);
#3694 = AXIS2_PLACEMENT_3D('',#3695,#3696,#3697);
#3695 = CARTESIAN_POINT('',(28.094551689103,47.371094742189,
    1.600050800102));
#3696 = DIRECTION('',(0.,0.,1.));
#3697 = DIRECTION('',(1.110223024625E-16,-1.,0.));
#3698 = ORIENTED_EDGE('',*,*,#3587,.F.);
#3699 = ORIENTED_EDGE('',*,*,#3700,.F.);
#3700 = EDGE_CURVE('',#3670,#3588,#3701,.T.);
#3701 = CIRCLE('',#3702,0.550012700025);
#3702 = AXIS2_PLACEMENT_3D('',#3703,#3704,#3705);
#3703 = CARTESIAN_POINT('',(28.094551689103,47.371094742189,0.));
#3704 = DIRECTION('',(0.,0.,1.));
#3705 = DIRECTION('',(1.110223024625E-16,-1.,0.));
#3706 = CYLINDRICAL_SURFACE('',#3707,0.550012700025);
#3707 = AXIS2_PLACEMENT_3D('',#3708,#3709,#3710);
#3708 = CARTESIAN_POINT('',(28.094551689103,47.371094742189,0.));
#3709 = DIRECTION('',(-0.,-0.,-1.));
#3710 = DIRECTION('',(1.110223024625E-16,-1.,0.));
#3711 = ADVANCED_FACE('',(#3712),#3746,.T.);
#3712 = FACE_BOUND('',#3713,.T.);
#3713 = EDGE_LOOP('',(#3714,#3724,#3732,#3740));
#3714 = ORIENTED_EDGE('',*,*,#3715,.T.);
#3715 = EDGE_CURVE('',#3716,#3718,#3720,.T.);
#3716 = VERTEX_POINT('',#3717);
#3717 = CARTESIAN_POINT('',(28.094551689103,45.381102362205,0.));
#3718 = VERTEX_POINT('',#3719);
#3719 = CARTESIAN_POINT('',(28.094551689103,45.381102362205,
    1.600050800102));
#3720 = LINE('',#3721,#3722);
#3721 = CARTESIAN_POINT('',(28.094551689103,45.381102362205,0.));
#3722 = VECTOR('',#3723,1.);
#3723 = DIRECTION('',(0.,0.,1.));
#3724 = ORIENTED_EDGE('',*,*,#3725,.T.);
#3725 = EDGE_CURVE('',#3718,#3726,#3728,.T.);
#3726 = VERTEX_POINT('',#3727);
#3727 = CARTESIAN_POINT('',(28.039560579121,45.381102362205,
    1.600050800102));
#3728 = LINE('',#3729,#3730);
#3729 = CARTESIAN_POINT('',(28.094551689103,45.381102362205,
    1.600050800102));
#3730 = VECTOR('',#3731,1.);
#3731 = DIRECTION('',(-1.,0.,0.));
#3732 = ORIENTED_EDGE('',*,*,#3733,.F.);
#3733 = EDGE_CURVE('',#3734,#3726,#3736,.T.);
#3734 = VERTEX_POINT('',#3735);
#3735 = CARTESIAN_POINT('',(28.039560579121,45.381102362205,0.));
#3736 = LINE('',#3737,#3738);
#3737 = CARTESIAN_POINT('',(28.039560579121,45.381102362205,0.));
#3738 = VECTOR('',#3739,1.);
#3739 = DIRECTION('',(0.,0.,1.));
#3740 = ORIENTED_EDGE('',*,*,#3741,.F.);
#3741 = EDGE_CURVE('',#3716,#3734,#3742,.T.);
#3742 = LINE('',#3743,#3744);
#3743 = CARTESIAN_POINT('',(28.094551689103,45.381102362205,0.));
#3744 = VECTOR('',#3745,1.);
#3745 = DIRECTION('',(-1.,0.,0.));
#3746 = PLANE('',#3747);
#3747 = AXIS2_PLACEMENT_3D('',#3748,#3749,#3750);
#3748 = CARTESIAN_POINT('',(28.094551689103,45.381102362205,0.));
#3749 = DIRECTION('',(0.,-1.,0.));
#3750 = DIRECTION('',(-1.,0.,0.));
#3751 = ADVANCED_FACE('',(#3752),#3779,.F.);
#3752 = FACE_BOUND('',#3753,.T.);
#3753 = EDGE_LOOP('',(#3754,#3755,#3764,#3772));
#3754 = ORIENTED_EDGE('',*,*,#3733,.T.);
#3755 = ORIENTED_EDGE('',*,*,#3756,.T.);
#3756 = EDGE_CURVE('',#3726,#3757,#3759,.T.);
#3757 = VERTEX_POINT('',#3758);
#3758 = CARTESIAN_POINT('',(28.039560579121,44.281076962154,
    1.600050800102));
#3759 = CIRCLE('',#3760,0.550012700025);
#3760 = AXIS2_PLACEMENT_3D('',#3761,#3762,#3763);
#3761 = CARTESIAN_POINT('',(28.039560579121,44.831089662179,
    1.600050800102));
#3762 = DIRECTION('',(0.,0.,1.));
#3763 = DIRECTION('',(-1.110223024625E-16,1.,0.));
#3764 = ORIENTED_EDGE('',*,*,#3765,.F.);
#3765 = EDGE_CURVE('',#3766,#3757,#3768,.T.);
#3766 = VERTEX_POINT('',#3767);
#3767 = CARTESIAN_POINT('',(28.039560579121,44.281076962154,0.));
#3768 = LINE('',#3769,#3770);
#3769 = CARTESIAN_POINT('',(28.039560579121,44.281076962154,0.));
#3770 = VECTOR('',#3771,1.);
#3771 = DIRECTION('',(0.,0.,1.));
#3772 = ORIENTED_EDGE('',*,*,#3773,.F.);
#3773 = EDGE_CURVE('',#3734,#3766,#3774,.T.);
#3774 = CIRCLE('',#3775,0.550012700025);
#3775 = AXIS2_PLACEMENT_3D('',#3776,#3777,#3778);
#3776 = CARTESIAN_POINT('',(28.039560579121,44.831089662179,0.));
#3777 = DIRECTION('',(0.,0.,1.));
#3778 = DIRECTION('',(-1.110223024625E-16,1.,0.));
#3779 = CYLINDRICAL_SURFACE('',#3780,0.550012700025);
#3780 = AXIS2_PLACEMENT_3D('',#3781,#3782,#3783);
#3781 = CARTESIAN_POINT('',(28.039560579121,44.831089662179,0.));
#3782 = DIRECTION('',(-0.,-0.,-1.));
#3783 = DIRECTION('',(-1.110223024625E-16,1.,0.));
#3784 = ADVANCED_FACE('',(#3785),#3810,.T.);
#3785 = FACE_BOUND('',#3786,.T.);
#3786 = EDGE_LOOP('',(#3787,#3788,#3796,#3804));
#3787 = ORIENTED_EDGE('',*,*,#3765,.T.);
#3788 = ORIENTED_EDGE('',*,*,#3789,.T.);
#3789 = EDGE_CURVE('',#3757,#3790,#3792,.T.);
#3790 = VERTEX_POINT('',#3791);
#3791 = CARTESIAN_POINT('',(28.094551689103,44.281076962154,
    1.600050800102));
#3792 = LINE('',#3793,#3794);
#3793 = CARTESIAN_POINT('',(28.039560579121,44.281076962154,
    1.600050800102));
#3794 = VECTOR('',#3795,1.);
#3795 = DIRECTION('',(1.,0.,0.));
#3796 = ORIENTED_EDGE('',*,*,#3797,.F.);
#3797 = EDGE_CURVE('',#3798,#3790,#3800,.T.);
#3798 = VERTEX_POINT('',#3799);
#3799 = CARTESIAN_POINT('',(28.094551689103,44.281076962154,0.));
#3800 = LINE('',#3801,#3802);
#3801 = CARTESIAN_POINT('',(28.094551689103,44.281076962154,0.));
#3802 = VECTOR('',#3803,1.);
#3803 = DIRECTION('',(0.,0.,1.));
#3804 = ORIENTED_EDGE('',*,*,#3805,.F.);
#3805 = EDGE_CURVE('',#3766,#3798,#3806,.T.);
#3806 = LINE('',#3807,#3808);
#3807 = CARTESIAN_POINT('',(28.039560579121,44.281076962154,0.));
#3808 = VECTOR('',#3809,1.);
#3809 = DIRECTION('',(1.,0.,0.));
#3810 = PLANE('',#3811);
#3811 = AXIS2_PLACEMENT_3D('',#3812,#3813,#3814);
#3812 = CARTESIAN_POINT('',(28.039560579121,44.281076962154,0.));
#3813 = DIRECTION('',(0.,1.,0.));
#3814 = DIRECTION('',(1.,0.,0.));
#3815 = ADVANCED_FACE('',(#3816),#3834,.F.);
#3816 = FACE_BOUND('',#3817,.T.);
#3817 = EDGE_LOOP('',(#3818,#3819,#3826,#3827));
#3818 = ORIENTED_EDGE('',*,*,#3797,.T.);
#3819 = ORIENTED_EDGE('',*,*,#3820,.T.);
#3820 = EDGE_CURVE('',#3790,#3718,#3821,.T.);
#3821 = CIRCLE('',#3822,0.550012700025);
#3822 = AXIS2_PLACEMENT_3D('',#3823,#3824,#3825);
#3823 = CARTESIAN_POINT('',(28.094551689103,44.831089662179,
    1.600050800102));
#3824 = DIRECTION('',(0.,0.,1.));
#3825 = DIRECTION('',(1.110223024625E-16,-1.,0.));
#3826 = ORIENTED_EDGE('',*,*,#3715,.F.);
#3827 = ORIENTED_EDGE('',*,*,#3828,.F.);
#3828 = EDGE_CURVE('',#3798,#3716,#3829,.T.);
#3829 = CIRCLE('',#3830,0.550012700025);
#3830 = AXIS2_PLACEMENT_3D('',#3831,#3832,#3833);
#3831 = CARTESIAN_POINT('',(28.094551689103,44.831089662179,0.));
#3832 = DIRECTION('',(0.,0.,1.));
#3833 = DIRECTION('',(1.110223024625E-16,-1.,0.));
#3834 = CYLINDRICAL_SURFACE('',#3835,0.550012700025);
#3835 = AXIS2_PLACEMENT_3D('',#3836,#3837,#3838);
#3836 = CARTESIAN_POINT('',(28.094551689103,44.831089662179,0.));
#3837 = DIRECTION('',(-0.,-0.,-1.));
#3838 = DIRECTION('',(1.110223024625E-16,-1.,0.));
#3839 = ADVANCED_FACE('',(#3840),#3874,.T.);
#3840 = FACE_BOUND('',#3841,.T.);
#3841 = EDGE_LOOP('',(#3842,#3852,#3860,#3868));
#3842 = ORIENTED_EDGE('',*,*,#3843,.T.);
#3843 = EDGE_CURVE('',#3844,#3846,#3848,.T.);
#3844 = VERTEX_POINT('',#3845);
#3845 = CARTESIAN_POINT('',(28.094551689103,40.301092202184,0.));
#3846 = VERTEX_POINT('',#3847);
#3847 = CARTESIAN_POINT('',(28.094551689103,40.301092202184,
    1.600050800102));
#3848 = LINE('',#3849,#3850);
#3849 = CARTESIAN_POINT('',(28.094551689103,40.301092202184,0.));
#3850 = VECTOR('',#3851,1.);
#3851 = DIRECTION('',(0.,0.,1.));
#3852 = ORIENTED_EDGE('',*,*,#3853,.T.);
#3853 = EDGE_CURVE('',#3846,#3854,#3856,.T.);
#3854 = VERTEX_POINT('',#3855);
#3855 = CARTESIAN_POINT('',(28.039560579121,40.301092202184,
    1.600050800102));
#3856 = LINE('',#3857,#3858);
#3857 = CARTESIAN_POINT('',(28.094551689103,40.301092202184,
    1.600050800102));
#3858 = VECTOR('',#3859,1.);
#3859 = DIRECTION('',(-1.,0.,0.));
#3860 = ORIENTED_EDGE('',*,*,#3861,.F.);
#3861 = EDGE_CURVE('',#3862,#3854,#3864,.T.);
#3862 = VERTEX_POINT('',#3863);
#3863 = CARTESIAN_POINT('',(28.039560579121,40.301092202184,0.));
#3864 = LINE('',#3865,#3866);
#3865 = CARTESIAN_POINT('',(28.039560579121,40.301092202184,0.));
#3866 = VECTOR('',#3867,1.);
#3867 = DIRECTION('',(0.,0.,1.));
#3868 = ORIENTED_EDGE('',*,*,#3869,.F.);
#3869 = EDGE_CURVE('',#3844,#3862,#3870,.T.);
#3870 = LINE('',#3871,#3872);
#3871 = CARTESIAN_POINT('',(28.094551689103,40.301092202184,0.));
#3872 = VECTOR('',#3873,1.);
#3873 = DIRECTION('',(-1.,0.,0.));
#3874 = PLANE('',#3875);
#3875 = AXIS2_PLACEMENT_3D('',#3876,#3877,#3878);
#3876 = CARTESIAN_POINT('',(28.094551689103,40.301092202184,0.));
#3877 = DIRECTION('',(0.,-1.,0.));
#3878 = DIRECTION('',(-1.,0.,0.));
#3879 = ADVANCED_FACE('',(#3880),#3907,.F.);
#3880 = FACE_BOUND('',#3881,.T.);
#3881 = EDGE_LOOP('',(#3882,#3883,#3892,#3900));
#3882 = ORIENTED_EDGE('',*,*,#3861,.T.);
#3883 = ORIENTED_EDGE('',*,*,#3884,.T.);
#3884 = EDGE_CURVE('',#3854,#3885,#3887,.T.);
#3885 = VERTEX_POINT('',#3886);
#3886 = CARTESIAN_POINT('',(28.039560579121,39.201066802134,
    1.600050800102));
#3887 = CIRCLE('',#3888,0.550012700025);
#3888 = AXIS2_PLACEMENT_3D('',#3889,#3890,#3891);
#3889 = CARTESIAN_POINT('',(28.039560579121,39.751079502159,
    1.600050800102));
#3890 = DIRECTION('',(0.,0.,1.));
#3891 = DIRECTION('',(-1.110223024625E-16,1.,0.));
#3892 = ORIENTED_EDGE('',*,*,#3893,.F.);
#3893 = EDGE_CURVE('',#3894,#3885,#3896,.T.);
#3894 = VERTEX_POINT('',#3895);
#3895 = CARTESIAN_POINT('',(28.039560579121,39.201066802134,0.));
#3896 = LINE('',#3897,#3898);
#3897 = CARTESIAN_POINT('',(28.039560579121,39.201066802134,0.));
#3898 = VECTOR('',#3899,1.);
#3899 = DIRECTION('',(0.,0.,1.));
#3900 = ORIENTED_EDGE('',*,*,#3901,.F.);
#3901 = EDGE_CURVE('',#3862,#3894,#3902,.T.);
#3902 = CIRCLE('',#3903,0.550012700025);
#3903 = AXIS2_PLACEMENT_3D('',#3904,#3905,#3906);
#3904 = CARTESIAN_POINT('',(28.039560579121,39.751079502159,0.));
#3905 = DIRECTION('',(0.,0.,1.));
#3906 = DIRECTION('',(-1.110223024625E-16,1.,0.));
#3907 = CYLINDRICAL_SURFACE('',#3908,0.550012700025);
#3908 = AXIS2_PLACEMENT_3D('',#3909,#3910,#3911);
#3909 = CARTESIAN_POINT('',(28.039560579121,39.751079502159,0.));
#3910 = DIRECTION('',(-0.,-0.,-1.));
#3911 = DIRECTION('',(-1.110223024625E-16,1.,0.));
#3912 = ADVANCED_FACE('',(#3913),#3938,.T.);
#3913 = FACE_BOUND('',#3914,.T.);
#3914 = EDGE_LOOP('',(#3915,#3916,#3924,#3932));
#3915 = ORIENTED_EDGE('',*,*,#3893,.T.);
#3916 = ORIENTED_EDGE('',*,*,#3917,.T.);
#3917 = EDGE_CURVE('',#3885,#3918,#3920,.T.);
#3918 = VERTEX_POINT('',#3919);
#3919 = CARTESIAN_POINT('',(28.094551689103,39.201066802134,
    1.600050800102));
#3920 = LINE('',#3921,#3922);
#3921 = CARTESIAN_POINT('',(28.039560579121,39.201066802134,
    1.600050800102));
#3922 = VECTOR('',#3923,1.);
#3923 = DIRECTION('',(1.,0.,0.));
#3924 = ORIENTED_EDGE('',*,*,#3925,.F.);
#3925 = EDGE_CURVE('',#3926,#3918,#3928,.T.);
#3926 = VERTEX_POINT('',#3927);
#3927 = CARTESIAN_POINT('',(28.094551689103,39.201066802134,0.));
#3928 = LINE('',#3929,#3930);
#3929 = CARTESIAN_POINT('',(28.094551689103,39.201066802134,0.));
#3930 = VECTOR('',#3931,1.);
#3931 = DIRECTION('',(0.,0.,1.));
#3932 = ORIENTED_EDGE('',*,*,#3933,.F.);
#3933 = EDGE_CURVE('',#3894,#3926,#3934,.T.);
#3934 = LINE('',#3935,#3936);
#3935 = CARTESIAN_POINT('',(28.039560579121,39.201066802134,0.));
#3936 = VECTOR('',#3937,1.);
#3937 = DIRECTION('',(1.,0.,0.));
#3938 = PLANE('',#3939);
#3939 = AXIS2_PLACEMENT_3D('',#3940,#3941,#3942);
#3940 = CARTESIAN_POINT('',(28.039560579121,39.201066802134,0.));
#3941 = DIRECTION('',(0.,1.,0.));
#3942 = DIRECTION('',(1.,0.,0.));
#3943 = ADVANCED_FACE('',(#3944),#3962,.F.);
#3944 = FACE_BOUND('',#3945,.T.);
#3945 = EDGE_LOOP('',(#3946,#3947,#3954,#3955));
#3946 = ORIENTED_EDGE('',*,*,#3925,.T.);
#3947 = ORIENTED_EDGE('',*,*,#3948,.T.);
#3948 = EDGE_CURVE('',#3918,#3846,#3949,.T.);
#3949 = CIRCLE('',#3950,0.550012700025);
#3950 = AXIS2_PLACEMENT_3D('',#3951,#3952,#3953);
#3951 = CARTESIAN_POINT('',(28.094551689103,39.751079502159,
    1.600050800102));
#3952 = DIRECTION('',(0.,0.,1.));
#3953 = DIRECTION('',(1.110223024625E-16,-1.,0.));
#3954 = ORIENTED_EDGE('',*,*,#3843,.F.);
#3955 = ORIENTED_EDGE('',*,*,#3956,.F.);
#3956 = EDGE_CURVE('',#3926,#3844,#3957,.T.);
#3957 = CIRCLE('',#3958,0.550012700025);
#3958 = AXIS2_PLACEMENT_3D('',#3959,#3960,#3961);
#3959 = CARTESIAN_POINT('',(28.094551689103,39.751079502159,0.));
#3960 = DIRECTION('',(0.,0.,1.));
#3961 = DIRECTION('',(1.110223024625E-16,-1.,0.));
#3962 = CYLINDRICAL_SURFACE('',#3963,0.550012700025);
#3963 = AXIS2_PLACEMENT_3D('',#3964,#3965,#3966);
#3964 = CARTESIAN_POINT('',(28.094551689103,39.751079502159,0.));
#3965 = DIRECTION('',(-0.,-0.,-1.));
#3966 = DIRECTION('',(1.110223024625E-16,-1.,0.));
#3967 = ADVANCED_FACE('',(#3968),#4002,.T.);
#3968 = FACE_BOUND('',#3969,.T.);
#3969 = EDGE_LOOP('',(#3970,#3980,#3988,#3996));
#3970 = ORIENTED_EDGE('',*,*,#3971,.T.);
#3971 = EDGE_CURVE('',#3972,#3974,#3976,.T.);
#3972 = VERTEX_POINT('',#3973);
#3973 = CARTESIAN_POINT('',(28.094551689103,42.841097282195,0.));
#3974 = VERTEX_POINT('',#3975);
#3975 = CARTESIAN_POINT('',(28.094551689103,42.841097282195,
    1.600050800102));
#3976 = LINE('',#3977,#3978);
#3977 = CARTESIAN_POINT('',(28.094551689103,42.841097282195,0.));
#3978 = VECTOR('',#3979,1.);
#3979 = DIRECTION('',(0.,0.,1.));
#3980 = ORIENTED_EDGE('',*,*,#3981,.T.);
#3981 = EDGE_CURVE('',#3974,#3982,#3984,.T.);
#3982 = VERTEX_POINT('',#3983);
#3983 = CARTESIAN_POINT('',(28.039560579121,42.841097282195,
    1.600050800102));
#3984 = LINE('',#3985,#3986);
#3985 = CARTESIAN_POINT('',(28.094551689103,42.841097282195,
    1.600050800102));
#3986 = VECTOR('',#3987,1.);
#3987 = DIRECTION('',(-1.,0.,0.));
#3988 = ORIENTED_EDGE('',*,*,#3989,.F.);
#3989 = EDGE_CURVE('',#3990,#3982,#3992,.T.);
#3990 = VERTEX_POINT('',#3991);
#3991 = CARTESIAN_POINT('',(28.039560579121,42.841097282195,0.));
#3992 = LINE('',#3993,#3994);
#3993 = CARTESIAN_POINT('',(28.039560579121,42.841097282195,0.));
#3994 = VECTOR('',#3995,1.);
#3995 = DIRECTION('',(0.,0.,1.));
#3996 = ORIENTED_EDGE('',*,*,#3997,.F.);
#3997 = EDGE_CURVE('',#3972,#3990,#3998,.T.);
#3998 = LINE('',#3999,#4000);
#3999 = CARTESIAN_POINT('',(28.094551689103,42.841097282195,0.));
#4000 = VECTOR('',#4001,1.);
#4001 = DIRECTION('',(-1.,0.,0.));
#4002 = PLANE('',#4003);
#4003 = AXIS2_PLACEMENT_3D('',#4004,#4005,#4006);
#4004 = CARTESIAN_POINT('',(28.094551689103,42.841097282195,0.));
#4005 = DIRECTION('',(0.,-1.,0.));
#4006 = DIRECTION('',(-1.,0.,0.));
#4007 = ADVANCED_FACE('',(#4008),#4035,.F.);
#4008 = FACE_BOUND('',#4009,.T.);
#4009 = EDGE_LOOP('',(#4010,#4011,#4020,#4028));
#4010 = ORIENTED_EDGE('',*,*,#3989,.T.);
#4011 = ORIENTED_EDGE('',*,*,#4012,.T.);
#4012 = EDGE_CURVE('',#3982,#4013,#4015,.T.);
#4013 = VERTEX_POINT('',#4014);
#4014 = CARTESIAN_POINT('',(28.039560579121,41.741071882144,
    1.600050800102));
#4015 = CIRCLE('',#4016,0.550012700025);
#4016 = AXIS2_PLACEMENT_3D('',#4017,#4018,#4019);
#4017 = CARTESIAN_POINT('',(28.039560579121,42.291084582169,
    1.600050800102));
#4018 = DIRECTION('',(0.,0.,1.));
#4019 = DIRECTION('',(-1.110223024625E-16,1.,0.));
#4020 = ORIENTED_EDGE('',*,*,#4021,.F.);
#4021 = EDGE_CURVE('',#4022,#4013,#4024,.T.);
#4022 = VERTEX_POINT('',#4023);
#4023 = CARTESIAN_POINT('',(28.039560579121,41.741071882144,0.));
#4024 = LINE('',#4025,#4026);
#4025 = CARTESIAN_POINT('',(28.039560579121,41.741071882144,0.));
#4026 = VECTOR('',#4027,1.);
#4027 = DIRECTION('',(0.,0.,1.));
#4028 = ORIENTED_EDGE('',*,*,#4029,.F.);
#4029 = EDGE_CURVE('',#3990,#4022,#4030,.T.);
#4030 = CIRCLE('',#4031,0.550012700025);
#4031 = AXIS2_PLACEMENT_3D('',#4032,#4033,#4034);
#4032 = CARTESIAN_POINT('',(28.039560579121,42.291084582169,0.));
#4033 = DIRECTION('',(0.,0.,1.));
#4034 = DIRECTION('',(-1.110223024625E-16,1.,0.));
#4035 = CYLINDRICAL_SURFACE('',#4036,0.550012700025);
#4036 = AXIS2_PLACEMENT_3D('',#4037,#4038,#4039);
#4037 = CARTESIAN_POINT('',(28.039560579121,42.291084582169,0.));
#4038 = DIRECTION('',(-0.,-0.,-1.));
#4039 = DIRECTION('',(-1.110223024625E-16,1.,0.));
#4040 = ADVANCED_FACE('',(#4041),#4066,.T.);
#4041 = FACE_BOUND('',#4042,.T.);
#4042 = EDGE_LOOP('',(#4043,#4044,#4052,#4060));
#4043 = ORIENTED_EDGE('',*,*,#4021,.T.);
#4044 = ORIENTED_EDGE('',*,*,#4045,.T.);
#4045 = EDGE_CURVE('',#4013,#4046,#4048,.T.);
#4046 = VERTEX_POINT('',#4047);
#4047 = CARTESIAN_POINT('',(28.094551689103,41.741071882144,
    1.600050800102));
#4048 = LINE('',#4049,#4050);
#4049 = CARTESIAN_POINT('',(28.039560579121,41.741071882144,
    1.600050800102));
#4050 = VECTOR('',#4051,1.);
#4051 = DIRECTION('',(1.,0.,0.));
#4052 = ORIENTED_EDGE('',*,*,#4053,.F.);
#4053 = EDGE_CURVE('',#4054,#4046,#4056,.T.);
#4054 = VERTEX_POINT('',#4055);
#4055 = CARTESIAN_POINT('',(28.094551689103,41.741071882144,0.));
#4056 = LINE('',#4057,#4058);
#4057 = CARTESIAN_POINT('',(28.094551689103,41.741071882144,0.));
#4058 = VECTOR('',#4059,1.);
#4059 = DIRECTION('',(0.,0.,1.));
#4060 = ORIENTED_EDGE('',*,*,#4061,.F.);
#4061 = EDGE_CURVE('',#4022,#4054,#4062,.T.);
#4062 = LINE('',#4063,#4064);
#4063 = CARTESIAN_POINT('',(28.039560579121,41.741071882144,0.));
#4064 = VECTOR('',#4065,1.);
#4065 = DIRECTION('',(1.,0.,0.));
#4066 = PLANE('',#4067);
#4067 = AXIS2_PLACEMENT_3D('',#4068,#4069,#4070);
#4068 = CARTESIAN_POINT('',(28.039560579121,41.741071882144,0.));
#4069 = DIRECTION('',(0.,1.,0.));
#4070 = DIRECTION('',(1.,0.,0.));
#4071 = ADVANCED_FACE('',(#4072),#4090,.F.);
#4072 = FACE_BOUND('',#4073,.T.);
#4073 = EDGE_LOOP('',(#4074,#4075,#4082,#4083));
#4074 = ORIENTED_EDGE('',*,*,#4053,.T.);
#4075 = ORIENTED_EDGE('',*,*,#4076,.T.);
#4076 = EDGE_CURVE('',#4046,#3974,#4077,.T.);
#4077 = CIRCLE('',#4078,0.550012700025);
#4078 = AXIS2_PLACEMENT_3D('',#4079,#4080,#4081);
#4079 = CARTESIAN_POINT('',(28.094551689103,42.291084582169,
    1.600050800102));
#4080 = DIRECTION('',(0.,0.,1.));
#4081 = DIRECTION('',(1.110223024625E-16,-1.,0.));
#4082 = ORIENTED_EDGE('',*,*,#3971,.F.);
#4083 = ORIENTED_EDGE('',*,*,#4084,.F.);
#4084 = EDGE_CURVE('',#4054,#3972,#4085,.T.);
#4085 = CIRCLE('',#4086,0.550012700025);
#4086 = AXIS2_PLACEMENT_3D('',#4087,#4088,#4089);
#4087 = CARTESIAN_POINT('',(28.094551689103,42.291084582169,0.));
#4088 = DIRECTION('',(0.,0.,1.));
#4089 = DIRECTION('',(1.110223024625E-16,-1.,0.));
#4090 = CYLINDRICAL_SURFACE('',#4091,0.550012700025);
#4091 = AXIS2_PLACEMENT_3D('',#4092,#4093,#4094);
#4092 = CARTESIAN_POINT('',(28.094551689103,42.291084582169,0.));
#4093 = DIRECTION('',(-0.,-0.,-1.));
#4094 = DIRECTION('',(1.110223024625E-16,-1.,0.));
#4095 = ADVANCED_FACE('',(#4096),#4130,.T.);
#4096 = FACE_BOUND('',#4097,.T.);
#4097 = EDGE_LOOP('',(#4098,#4108,#4116,#4124));
#4098 = ORIENTED_EDGE('',*,*,#4099,.T.);
#4099 = EDGE_CURVE('',#4100,#4102,#4104,.T.);
#4100 = VERTEX_POINT('',#4101);
#4101 = CARTESIAN_POINT('',(28.094551689103,35.221082042164,0.));
#4102 = VERTEX_POINT('',#4103);
#4103 = CARTESIAN_POINT('',(28.094551689103,35.221082042164,
    1.600050800102));
#4104 = LINE('',#4105,#4106);
#4105 = CARTESIAN_POINT('',(28.094551689103,35.221082042164,0.));
#4106 = VECTOR('',#4107,1.);
#4107 = DIRECTION('',(0.,0.,1.));
#4108 = ORIENTED_EDGE('',*,*,#4109,.T.);
#4109 = EDGE_CURVE('',#4102,#4110,#4112,.T.);
#4110 = VERTEX_POINT('',#4111);
#4111 = CARTESIAN_POINT('',(28.039560579121,35.221082042164,
    1.600050800102));
#4112 = LINE('',#4113,#4114);
#4113 = CARTESIAN_POINT('',(28.094551689103,35.221082042164,
    1.600050800102));
#4114 = VECTOR('',#4115,1.);
#4115 = DIRECTION('',(-1.,0.,0.));
#4116 = ORIENTED_EDGE('',*,*,#4117,.F.);
#4117 = EDGE_CURVE('',#4118,#4110,#4120,.T.);
#4118 = VERTEX_POINT('',#4119);
#4119 = CARTESIAN_POINT('',(28.039560579121,35.221082042164,0.));
#4120 = LINE('',#4121,#4122);
#4121 = CARTESIAN_POINT('',(28.039560579121,35.221082042164,0.));
#4122 = VECTOR('',#4123,1.);
#4123 = DIRECTION('',(0.,0.,1.));
#4124 = ORIENTED_EDGE('',*,*,#4125,.F.);
#4125 = EDGE_CURVE('',#4100,#4118,#4126,.T.);
#4126 = LINE('',#4127,#4128);
#4127 = CARTESIAN_POINT('',(28.094551689103,35.221082042164,0.));
#4128 = VECTOR('',#4129,1.);
#4129 = DIRECTION('',(-1.,0.,0.));
#4130 = PLANE('',#4131);
#4131 = AXIS2_PLACEMENT_3D('',#4132,#4133,#4134);
#4132 = CARTESIAN_POINT('',(28.094551689103,35.221082042164,0.));
#4133 = DIRECTION('',(0.,-1.,0.));
#4134 = DIRECTION('',(-1.,0.,0.));
#4135 = ADVANCED_FACE('',(#4136),#4163,.F.);
#4136 = FACE_BOUND('',#4137,.T.);
#4137 = EDGE_LOOP('',(#4138,#4139,#4148,#4156));
#4138 = ORIENTED_EDGE('',*,*,#4117,.T.);
#4139 = ORIENTED_EDGE('',*,*,#4140,.T.);
#4140 = EDGE_CURVE('',#4110,#4141,#4143,.T.);
#4141 = VERTEX_POINT('',#4142);
#4142 = CARTESIAN_POINT('',(28.039560579121,34.121056642113,
    1.600050800102));
#4143 = CIRCLE('',#4144,0.550012700025);
#4144 = AXIS2_PLACEMENT_3D('',#4145,#4146,#4147);
#4145 = CARTESIAN_POINT('',(28.039560579121,34.671069342139,
    1.600050800102));
#4146 = DIRECTION('',(0.,0.,1.));
#4147 = DIRECTION('',(-1.110223024625E-16,1.,0.));
#4148 = ORIENTED_EDGE('',*,*,#4149,.F.);
#4149 = EDGE_CURVE('',#4150,#4141,#4152,.T.);
#4150 = VERTEX_POINT('',#4151);
#4151 = CARTESIAN_POINT('',(28.039560579121,34.121056642113,0.));
#4152 = LINE('',#4153,#4154);
#4153 = CARTESIAN_POINT('',(28.039560579121,34.121056642113,0.));
#4154 = VECTOR('',#4155,1.);
#4155 = DIRECTION('',(0.,0.,1.));
#4156 = ORIENTED_EDGE('',*,*,#4157,.F.);
#4157 = EDGE_CURVE('',#4118,#4150,#4158,.T.);
#4158 = CIRCLE('',#4159,0.550012700025);
#4159 = AXIS2_PLACEMENT_3D('',#4160,#4161,#4162);
#4160 = CARTESIAN_POINT('',(28.039560579121,34.671069342139,0.));
#4161 = DIRECTION('',(0.,0.,1.));
#4162 = DIRECTION('',(-1.110223024625E-16,1.,0.));
#4163 = CYLINDRICAL_SURFACE('',#4164,0.550012700025);
#4164 = AXIS2_PLACEMENT_3D('',#4165,#4166,#4167);
#4165 = CARTESIAN_POINT('',(28.039560579121,34.671069342139,0.));
#4166 = DIRECTION('',(-0.,-0.,-1.));
#4167 = DIRECTION('',(-1.110223024625E-16,1.,0.));
#4168 = ADVANCED_FACE('',(#4169),#4194,.T.);
#4169 = FACE_BOUND('',#4170,.T.);
#4170 = EDGE_LOOP('',(#4171,#4172,#4180,#4188));
#4171 = ORIENTED_EDGE('',*,*,#4149,.T.);
#4172 = ORIENTED_EDGE('',*,*,#4173,.T.);
#4173 = EDGE_CURVE('',#4141,#4174,#4176,.T.);
#4174 = VERTEX_POINT('',#4175);
#4175 = CARTESIAN_POINT('',(28.094551689103,34.121056642113,
    1.600050800102));
#4176 = LINE('',#4177,#4178);
#4177 = CARTESIAN_POINT('',(28.039560579121,34.121056642113,
    1.600050800102));
#4178 = VECTOR('',#4179,1.);
#4179 = DIRECTION('',(1.,0.,0.));
#4180 = ORIENTED_EDGE('',*,*,#4181,.F.);
#4181 = EDGE_CURVE('',#4182,#4174,#4184,.T.);
#4182 = VERTEX_POINT('',#4183);
#4183 = CARTESIAN_POINT('',(28.094551689103,34.121056642113,0.));
#4184 = LINE('',#4185,#4186);
#4185 = CARTESIAN_POINT('',(28.094551689103,34.121056642113,0.));
#4186 = VECTOR('',#4187,1.);
#4187 = DIRECTION('',(0.,0.,1.));
#4188 = ORIENTED_EDGE('',*,*,#4189,.F.);
#4189 = EDGE_CURVE('',#4150,#4182,#4190,.T.);
#4190 = LINE('',#4191,#4192);
#4191 = CARTESIAN_POINT('',(28.039560579121,34.121056642113,0.));
#4192 = VECTOR('',#4193,1.);
#4193 = DIRECTION('',(1.,0.,0.));
#4194 = PLANE('',#4195);
#4195 = AXIS2_PLACEMENT_3D('',#4196,#4197,#4198);
#4196 = CARTESIAN_POINT('',(28.039560579121,34.121056642113,0.));
#4197 = DIRECTION('',(0.,1.,0.));
#4198 = DIRECTION('',(1.,0.,0.));
#4199 = ADVANCED_FACE('',(#4200),#4218,.F.);
#4200 = FACE_BOUND('',#4201,.T.);
#4201 = EDGE_LOOP('',(#4202,#4203,#4210,#4211));
#4202 = ORIENTED_EDGE('',*,*,#4181,.T.);
#4203 = ORIENTED_EDGE('',*,*,#4204,.T.);
#4204 = EDGE_CURVE('',#4174,#4102,#4205,.T.);
#4205 = CIRCLE('',#4206,0.550012700025);
#4206 = AXIS2_PLACEMENT_3D('',#4207,#4208,#4209);
#4207 = CARTESIAN_POINT('',(28.094551689103,34.671069342139,
    1.600050800102));
#4208 = DIRECTION('',(0.,0.,1.));
#4209 = DIRECTION('',(1.110223024625E-16,-1.,0.));
#4210 = ORIENTED_EDGE('',*,*,#4099,.F.);
#4211 = ORIENTED_EDGE('',*,*,#4212,.F.);
#4212 = EDGE_CURVE('',#4182,#4100,#4213,.T.);
#4213 = CIRCLE('',#4214,0.550012700025);
#4214 = AXIS2_PLACEMENT_3D('',#4215,#4216,#4217);
#4215 = CARTESIAN_POINT('',(28.094551689103,34.671069342139,0.));
#4216 = DIRECTION('',(0.,0.,1.));
#4217 = DIRECTION('',(1.110223024625E-16,-1.,0.));
#4218 = CYLINDRICAL_SURFACE('',#4219,0.550012700025);
#4219 = AXIS2_PLACEMENT_3D('',#4220,#4221,#4222);
#4220 = CARTESIAN_POINT('',(28.094551689103,34.671069342139,0.));
#4221 = DIRECTION('',(-0.,-0.,-1.));
#4222 = DIRECTION('',(1.110223024625E-16,-1.,0.));
#4223 = ADVANCED_FACE('',(#4224),#4258,.T.);
#4224 = FACE_BOUND('',#4225,.T.);
#4225 = EDGE_LOOP('',(#4226,#4236,#4244,#4252));
#4226 = ORIENTED_EDGE('',*,*,#4227,.T.);
#4227 = EDGE_CURVE('',#4228,#4230,#4232,.T.);
#4228 = VERTEX_POINT('',#4229);
#4229 = CARTESIAN_POINT('',(28.094551689103,37.761087122174,0.));
#4230 = VERTEX_POINT('',#4231);
#4231 = CARTESIAN_POINT('',(28.094551689103,37.761087122174,
    1.600050800102));
#4232 = LINE('',#4233,#4234);
#4233 = CARTESIAN_POINT('',(28.094551689103,37.761087122174,0.));
#4234 = VECTOR('',#4235,1.);
#4235 = DIRECTION('',(0.,0.,1.));
#4236 = ORIENTED_EDGE('',*,*,#4237,.T.);
#4237 = EDGE_CURVE('',#4230,#4238,#4240,.T.);
#4238 = VERTEX_POINT('',#4239);
#4239 = CARTESIAN_POINT('',(28.039560579121,37.761087122174,
    1.600050800102));
#4240 = LINE('',#4241,#4242);
#4241 = CARTESIAN_POINT('',(28.094551689103,37.761087122174,
    1.600050800102));
#4242 = VECTOR('',#4243,1.);
#4243 = DIRECTION('',(-1.,0.,0.));
#4244 = ORIENTED_EDGE('',*,*,#4245,.F.);
#4245 = EDGE_CURVE('',#4246,#4238,#4248,.T.);
#4246 = VERTEX_POINT('',#4247);
#4247 = CARTESIAN_POINT('',(28.039560579121,37.761087122174,0.));
#4248 = LINE('',#4249,#4250);
#4249 = CARTESIAN_POINT('',(28.039560579121,37.761087122174,0.));
#4250 = VECTOR('',#4251,1.);
#4251 = DIRECTION('',(0.,0.,1.));
#4252 = ORIENTED_EDGE('',*,*,#4253,.F.);
#4253 = EDGE_CURVE('',#4228,#4246,#4254,.T.);
#4254 = LINE('',#4255,#4256);
#4255 = CARTESIAN_POINT('',(28.094551689103,37.761087122174,0.));
#4256 = VECTOR('',#4257,1.);
#4257 = DIRECTION('',(-1.,0.,0.));
#4258 = PLANE('',#4259);
#4259 = AXIS2_PLACEMENT_3D('',#4260,#4261,#4262);
#4260 = CARTESIAN_POINT('',(28.094551689103,37.761087122174,0.));
#4261 = DIRECTION('',(0.,-1.,0.));
#4262 = DIRECTION('',(-1.,0.,0.));
#4263 = ADVANCED_FACE('',(#4264),#4291,.F.);
#4264 = FACE_BOUND('',#4265,.T.);
#4265 = EDGE_LOOP('',(#4266,#4267,#4276,#4284));
#4266 = ORIENTED_EDGE('',*,*,#4245,.T.);
#4267 = ORIENTED_EDGE('',*,*,#4268,.T.);
#4268 = EDGE_CURVE('',#4238,#4269,#4271,.T.);
#4269 = VERTEX_POINT('',#4270);
#4270 = CARTESIAN_POINT('',(28.039560579121,36.661061722123,
    1.600050800102));
#4271 = CIRCLE('',#4272,0.550012700025);
#4272 = AXIS2_PLACEMENT_3D('',#4273,#4274,#4275);
#4273 = CARTESIAN_POINT('',(28.039560579121,37.211074422149,
    1.600050800102));
#4274 = DIRECTION('',(0.,0.,1.));
#4275 = DIRECTION('',(-1.110223024625E-16,1.,0.));
#4276 = ORIENTED_EDGE('',*,*,#4277,.F.);
#4277 = EDGE_CURVE('',#4278,#4269,#4280,.T.);
#4278 = VERTEX_POINT('',#4279);
#4279 = CARTESIAN_POINT('',(28.039560579121,36.661061722123,0.));
#4280 = LINE('',#4281,#4282);
#4281 = CARTESIAN_POINT('',(28.039560579121,36.661061722123,0.));
#4282 = VECTOR('',#4283,1.);
#4283 = DIRECTION('',(0.,0.,1.));
#4284 = ORIENTED_EDGE('',*,*,#4285,.F.);
#4285 = EDGE_CURVE('',#4246,#4278,#4286,.T.);
#4286 = CIRCLE('',#4287,0.550012700025);
#4287 = AXIS2_PLACEMENT_3D('',#4288,#4289,#4290);
#4288 = CARTESIAN_POINT('',(28.039560579121,37.211074422149,0.));
#4289 = DIRECTION('',(0.,0.,1.));
#4290 = DIRECTION('',(-1.110223024625E-16,1.,0.));
#4291 = CYLINDRICAL_SURFACE('',#4292,0.550012700025);
#4292 = AXIS2_PLACEMENT_3D('',#4293,#4294,#4295);
#4293 = CARTESIAN_POINT('',(28.039560579121,37.211074422149,0.));
#4294 = DIRECTION('',(-0.,-0.,-1.));
#4295 = DIRECTION('',(-1.110223024625E-16,1.,0.));
#4296 = ADVANCED_FACE('',(#4297),#4322,.T.);
#4297 = FACE_BOUND('',#4298,.T.);
#4298 = EDGE_LOOP('',(#4299,#4300,#4308,#4316));
#4299 = ORIENTED_EDGE('',*,*,#4277,.T.);
#4300 = ORIENTED_EDGE('',*,*,#4301,.T.);
#4301 = EDGE_CURVE('',#4269,#4302,#4304,.T.);
#4302 = VERTEX_POINT('',#4303);
#4303 = CARTESIAN_POINT('',(28.094551689103,36.661061722123,
    1.600050800102));
#4304 = LINE('',#4305,#4306);
#4305 = CARTESIAN_POINT('',(28.039560579121,36.661061722123,
    1.600050800102));
#4306 = VECTOR('',#4307,1.);
#4307 = DIRECTION('',(1.,0.,0.));
#4308 = ORIENTED_EDGE('',*,*,#4309,.F.);
#4309 = EDGE_CURVE('',#4310,#4302,#4312,.T.);
#4310 = VERTEX_POINT('',#4311);
#4311 = CARTESIAN_POINT('',(28.094551689103,36.661061722123,0.));
#4312 = LINE('',#4313,#4314);
#4313 = CARTESIAN_POINT('',(28.094551689103,36.661061722123,0.));
#4314 = VECTOR('',#4315,1.);
#4315 = DIRECTION('',(0.,0.,1.));
#4316 = ORIENTED_EDGE('',*,*,#4317,.F.);
#4317 = EDGE_CURVE('',#4278,#4310,#4318,.T.);
#4318 = LINE('',#4319,#4320);
#4319 = CARTESIAN_POINT('',(28.039560579121,36.661061722123,0.));
#4320 = VECTOR('',#4321,1.);
#4321 = DIRECTION('',(1.,0.,0.));
#4322 = PLANE('',#4323);
#4323 = AXIS2_PLACEMENT_3D('',#4324,#4325,#4326);
#4324 = CARTESIAN_POINT('',(28.039560579121,36.661061722123,0.));
#4325 = DIRECTION('',(0.,1.,0.));
#4326 = DIRECTION('',(1.,0.,0.));
#4327 = ADVANCED_FACE('',(#4328),#4346,.F.);
#4328 = FACE_BOUND('',#4329,.T.);
#4329 = EDGE_LOOP('',(#4330,#4331,#4338,#4339));
#4330 = ORIENTED_EDGE('',*,*,#4309,.T.);
#4331 = ORIENTED_EDGE('',*,*,#4332,.T.);
#4332 = EDGE_CURVE('',#4302,#4230,#4333,.T.);
#4333 = CIRCLE('',#4334,0.550012700025);
#4334 = AXIS2_PLACEMENT_3D('',#4335,#4336,#4337);
#4335 = CARTESIAN_POINT('',(28.094551689103,37.211074422149,
    1.600050800102));
#4336 = DIRECTION('',(0.,0.,1.));
#4337 = DIRECTION('',(1.110223024625E-16,-1.,0.));
#4338 = ORIENTED_EDGE('',*,*,#4227,.F.);
#4339 = ORIENTED_EDGE('',*,*,#4340,.F.);
#4340 = EDGE_CURVE('',#4310,#4228,#4341,.T.);
#4341 = CIRCLE('',#4342,0.550012700025);
#4342 = AXIS2_PLACEMENT_3D('',#4343,#4344,#4345);
#4343 = CARTESIAN_POINT('',(28.094551689103,37.211074422149,0.));
#4344 = DIRECTION('',(0.,0.,1.));
#4345 = DIRECTION('',(1.110223024625E-16,-1.,0.));
#4346 = CYLINDRICAL_SURFACE('',#4347,0.550012700025);
#4347 = AXIS2_PLACEMENT_3D('',#4348,#4349,#4350);
#4348 = CARTESIAN_POINT('',(28.094551689103,37.211074422149,0.));
#4349 = DIRECTION('',(-0.,-0.,-1.));
#4350 = DIRECTION('',(1.110223024625E-16,-1.,0.));
#4351 = ADVANCED_FACE('',(#4352),#4388,.F.);
#4352 = FACE_BOUND('',#4353,.T.);
#4353 = EDGE_LOOP('',(#4354,#4364,#4373,#4381));
#4354 = ORIENTED_EDGE('',*,*,#4355,.T.);
#4355 = EDGE_CURVE('',#4356,#4358,#4360,.T.);
#4356 = VERTEX_POINT('',#4357);
#4357 = CARTESIAN_POINT('',(29.887058674117,97.790195580391,0.));
#4358 = VERTEX_POINT('',#4359);
#4359 = CARTESIAN_POINT('',(29.887058674117,97.790195580391,
    1.600050800102));
#4360 = LINE('',#4361,#4362);
#4361 = CARTESIAN_POINT('',(29.887058674117,97.790195580391,0.));
#4362 = VECTOR('',#4363,1.);
#4363 = DIRECTION('',(0.,0.,1.));
#4364 = ORIENTED_EDGE('',*,*,#4365,.T.);
#4365 = EDGE_CURVE('',#4358,#4366,#4368,.T.);
#4366 = VERTEX_POINT('',#4367);
#4367 = CARTESIAN_POINT('',(28.787058674117,97.790195580391,
    1.600050800102));
#4368 = CIRCLE('',#4369,0.55);
#4369 = AXIS2_PLACEMENT_3D('',#4370,#4371,#4372);
#4370 = CARTESIAN_POINT('',(29.337058674117,97.790195580391,
    1.600050800102));
#4371 = DIRECTION('',(0.,0.,1.));
#4372 = DIRECTION('',(1.,1.110223024625E-16,-0.));
#4373 = ORIENTED_EDGE('',*,*,#4374,.F.);
#4374 = EDGE_CURVE('',#4375,#4366,#4377,.T.);
#4375 = VERTEX_POINT('',#4376);
#4376 = CARTESIAN_POINT('',(28.787058674117,97.790195580391,0.));
#4377 = LINE('',#4378,#4379);
#4378 = CARTESIAN_POINT('',(28.787058674117,97.790195580391,0.));
#4379 = VECTOR('',#4380,1.);
#4380 = DIRECTION('',(0.,0.,1.));
#4381 = ORIENTED_EDGE('',*,*,#4382,.F.);
#4382 = EDGE_CURVE('',#4356,#4375,#4383,.T.);
#4383 = CIRCLE('',#4384,0.55);
#4384 = AXIS2_PLACEMENT_3D('',#4385,#4386,#4387);
#4385 = CARTESIAN_POINT('',(29.337058674117,97.790195580391,0.));
#4386 = DIRECTION('',(0.,0.,1.));
#4387 = DIRECTION('',(1.,1.110223024625E-16,-0.));
#4388 = CYLINDRICAL_SURFACE('',#4389,0.55);
#4389 = AXIS2_PLACEMENT_3D('',#4390,#4391,#4392);
#4390 = CARTESIAN_POINT('',(29.337058674117,97.790195580391,0.));
#4391 = DIRECTION('',(-0.,-0.,-1.));
#4392 = DIRECTION('',(1.,1.110223024625E-16,-0.));
#4393 = ADVANCED_FACE('',(#4394),#4412,.F.);
#4394 = FACE_BOUND('',#4395,.T.);
#4395 = EDGE_LOOP('',(#4396,#4397,#4404,#4405));
#4396 = ORIENTED_EDGE('',*,*,#4374,.T.);
#4397 = ORIENTED_EDGE('',*,*,#4398,.T.);
#4398 = EDGE_CURVE('',#4366,#4358,#4399,.T.);
#4399 = CIRCLE('',#4400,0.55);
#4400 = AXIS2_PLACEMENT_3D('',#4401,#4402,#4403);
#4401 = CARTESIAN_POINT('',(29.337058674117,97.790195580391,
    1.600050800102));
#4402 = DIRECTION('',(0.,0.,1.));
#4403 = DIRECTION('',(-1.,-1.110223024625E-16,0.));
#4404 = ORIENTED_EDGE('',*,*,#4355,.F.);
#4405 = ORIENTED_EDGE('',*,*,#4406,.F.);
#4406 = EDGE_CURVE('',#4375,#4356,#4407,.T.);
#4407 = CIRCLE('',#4408,0.55);
#4408 = AXIS2_PLACEMENT_3D('',#4409,#4410,#4411);
#4409 = CARTESIAN_POINT('',(29.337058674117,97.790195580391,0.));
#4410 = DIRECTION('',(0.,0.,1.));
#4411 = DIRECTION('',(-1.,-1.110223024625E-16,0.));
#4412 = CYLINDRICAL_SURFACE('',#4413,0.55);
#4413 = AXIS2_PLACEMENT_3D('',#4414,#4415,#4416);
#4414 = CARTESIAN_POINT('',(29.337058674117,97.790195580391,0.));
#4415 = DIRECTION('',(-0.,-0.,-1.));
#4416 = DIRECTION('',(-1.,-1.110223024625E-16,0.));
#4417 = ADVANCED_FACE('',(#4418),#4454,.F.);
#4418 = FACE_BOUND('',#4419,.T.);
#4419 = EDGE_LOOP('',(#4420,#4430,#4439,#4447));
#4420 = ORIENTED_EDGE('',*,*,#4421,.T.);
#4421 = EDGE_CURVE('',#4422,#4424,#4426,.T.);
#4422 = VERTEX_POINT('',#4423);
#4423 = CARTESIAN_POINT('',(29.887058674117,95.250190500381,0.));
#4424 = VERTEX_POINT('',#4425);
#4425 = CARTESIAN_POINT('',(29.887058674117,95.250190500381,
    1.600050800102));
#4426 = LINE('',#4427,#4428);
#4427 = CARTESIAN_POINT('',(29.887058674117,95.250190500381,0.));
#4428 = VECTOR('',#4429,1.);
#4429 = DIRECTION('',(0.,0.,1.));
#4430 = ORIENTED_EDGE('',*,*,#4431,.T.);
#4431 = EDGE_CURVE('',#4424,#4432,#4434,.T.);
#4432 = VERTEX_POINT('',#4433);
#4433 = CARTESIAN_POINT('',(28.787058674117,95.250190500381,
    1.600050800102));
#4434 = CIRCLE('',#4435,0.55);
#4435 = AXIS2_PLACEMENT_3D('',#4436,#4437,#4438);
#4436 = CARTESIAN_POINT('',(29.337058674117,95.250190500381,
    1.600050800102));
#4437 = DIRECTION('',(0.,0.,1.));
#4438 = DIRECTION('',(1.,1.110223024625E-16,-0.));
#4439 = ORIENTED_EDGE('',*,*,#4440,.F.);
#4440 = EDGE_CURVE('',#4441,#4432,#4443,.T.);
#4441 = VERTEX_POINT('',#4442);
#4442 = CARTESIAN_POINT('',(28.787058674117,95.250190500381,0.));
#4443 = LINE('',#4444,#4445);
#4444 = CARTESIAN_POINT('',(28.787058674117,95.250190500381,0.));
#4445 = VECTOR('',#4446,1.);
#4446 = DIRECTION('',(0.,0.,1.));
#4447 = ORIENTED_EDGE('',*,*,#4448,.F.);
#4448 = EDGE_CURVE('',#4422,#4441,#4449,.T.);
#4449 = CIRCLE('',#4450,0.55);
#4450 = AXIS2_PLACEMENT_3D('',#4451,#4452,#4453);
#4451 = CARTESIAN_POINT('',(29.337058674117,95.250190500381,0.));
#4452 = DIRECTION('',(0.,0.,1.));
#4453 = DIRECTION('',(1.,1.110223024625E-16,-0.));
#4454 = CYLINDRICAL_SURFACE('',#4455,0.55);
#4455 = AXIS2_PLACEMENT_3D('',#4456,#4457,#4458);
#4456 = CARTESIAN_POINT('',(29.337058674117,95.250190500381,0.));
#4457 = DIRECTION('',(-0.,-0.,-1.));
#4458 = DIRECTION('',(1.,1.110223024625E-16,-0.));
#4459 = ADVANCED_FACE('',(#4460),#4478,.F.);
#4460 = FACE_BOUND('',#4461,.T.);
#4461 = EDGE_LOOP('',(#4462,#4463,#4470,#4471));
#4462 = ORIENTED_EDGE('',*,*,#4440,.T.);
#4463 = ORIENTED_EDGE('',*,*,#4464,.T.);
#4464 = EDGE_CURVE('',#4432,#4424,#4465,.T.);
#4465 = CIRCLE('',#4466,0.55);
#4466 = AXIS2_PLACEMENT_3D('',#4467,#4468,#4469);
#4467 = CARTESIAN_POINT('',(29.337058674117,95.250190500381,
    1.600050800102));
#4468 = DIRECTION('',(0.,0.,1.));
#4469 = DIRECTION('',(-1.,-1.110223024625E-16,0.));
#4470 = ORIENTED_EDGE('',*,*,#4421,.F.);
#4471 = ORIENTED_EDGE('',*,*,#4472,.F.);
#4472 = EDGE_CURVE('',#4441,#4422,#4473,.T.);
#4473 = CIRCLE('',#4474,0.55);
#4474 = AXIS2_PLACEMENT_3D('',#4475,#4476,#4477);
#4475 = CARTESIAN_POINT('',(29.337058674117,95.250190500381,0.));
#4476 = DIRECTION('',(0.,0.,1.));
#4477 = DIRECTION('',(-1.,-1.110223024625E-16,0.));
#4478 = CYLINDRICAL_SURFACE('',#4479,0.55);
#4479 = AXIS2_PLACEMENT_3D('',#4480,#4481,#4482);
#4480 = CARTESIAN_POINT('',(29.337058674117,95.250190500381,0.));
#4481 = DIRECTION('',(-0.,-0.,-1.));
#4482 = DIRECTION('',(-1.,-1.110223024625E-16,0.));
#4483 = ADVANCED_FACE('',(#4484),#4520,.F.);
#4484 = FACE_BOUND('',#4485,.T.);
#4485 = EDGE_LOOP('',(#4486,#4496,#4505,#4513));
#4486 = ORIENTED_EDGE('',*,*,#4487,.T.);
#4487 = EDGE_CURVE('',#4488,#4490,#4492,.T.);
#4488 = VERTEX_POINT('',#4489);
#4489 = CARTESIAN_POINT('',(30.33205994412,70.739141478283,0.));
#4490 = VERTEX_POINT('',#4491);
#4491 = CARTESIAN_POINT('',(30.33205994412,70.739141478283,
    1.600050800102));
#4492 = LINE('',#4493,#4494);
#4493 = CARTESIAN_POINT('',(30.33205994412,70.739141478283,0.));
#4494 = VECTOR('',#4495,1.);
#4495 = DIRECTION('',(0.,0.,1.));
#4496 = ORIENTED_EDGE('',*,*,#4497,.T.);
#4497 = EDGE_CURVE('',#4490,#4498,#4500,.T.);
#4498 = VERTEX_POINT('',#4499);
#4499 = CARTESIAN_POINT('',(29.33205994412,70.739141478283,
    1.600050800102));
#4500 = CIRCLE('',#4501,0.5);
#4501 = AXIS2_PLACEMENT_3D('',#4502,#4503,#4504);
#4502 = CARTESIAN_POINT('',(29.83205994412,70.739141478283,
    1.600050800102));
#4503 = DIRECTION('',(0.,0.,1.));
#4504 = DIRECTION('',(1.,1.110223024625E-16,-0.));
#4505 = ORIENTED_EDGE('',*,*,#4506,.F.);
#4506 = EDGE_CURVE('',#4507,#4498,#4509,.T.);
#4507 = VERTEX_POINT('',#4508);
#4508 = CARTESIAN_POINT('',(29.33205994412,70.739141478283,0.));
#4509 = LINE('',#4510,#4511);
#4510 = CARTESIAN_POINT('',(29.33205994412,70.739141478283,0.));
#4511 = VECTOR('',#4512,1.);
#4512 = DIRECTION('',(0.,0.,1.));
#4513 = ORIENTED_EDGE('',*,*,#4514,.F.);
#4514 = EDGE_CURVE('',#4488,#4507,#4515,.T.);
#4515 = CIRCLE('',#4516,0.5);
#4516 = AXIS2_PLACEMENT_3D('',#4517,#4518,#4519);
#4517 = CARTESIAN_POINT('',(29.83205994412,70.739141478283,0.));
#4518 = DIRECTION('',(0.,0.,1.));
#4519 = DIRECTION('',(1.,1.110223024625E-16,-0.));
#4520 = CYLINDRICAL_SURFACE('',#4521,0.5);
#4521 = AXIS2_PLACEMENT_3D('',#4522,#4523,#4524);
#4522 = CARTESIAN_POINT('',(29.83205994412,70.739141478283,0.));
#4523 = DIRECTION('',(-0.,-0.,-1.));
#4524 = DIRECTION('',(1.,1.110223024625E-16,-0.));
#4525 = ADVANCED_FACE('',(#4526),#4544,.F.);
#4526 = FACE_BOUND('',#4527,.T.);
#4527 = EDGE_LOOP('',(#4528,#4529,#4536,#4537));
#4528 = ORIENTED_EDGE('',*,*,#4506,.T.);
#4529 = ORIENTED_EDGE('',*,*,#4530,.T.);
#4530 = EDGE_CURVE('',#4498,#4490,#4531,.T.);
#4531 = CIRCLE('',#4532,0.5);
#4532 = AXIS2_PLACEMENT_3D('',#4533,#4534,#4535);
#4533 = CARTESIAN_POINT('',(29.83205994412,70.739141478283,
    1.600050800102));
#4534 = DIRECTION('',(0.,0.,1.));
#4535 = DIRECTION('',(-1.,-1.110223024625E-16,0.));
#4536 = ORIENTED_EDGE('',*,*,#4487,.F.);
#4537 = ORIENTED_EDGE('',*,*,#4538,.F.);
#4538 = EDGE_CURVE('',#4507,#4488,#4539,.T.);
#4539 = CIRCLE('',#4540,0.5);
#4540 = AXIS2_PLACEMENT_3D('',#4541,#4542,#4543);
#4541 = CARTESIAN_POINT('',(29.83205994412,70.739141478283,0.));
#4542 = DIRECTION('',(0.,0.,1.));
#4543 = DIRECTION('',(-1.,-1.110223024625E-16,0.));
#4544 = CYLINDRICAL_SURFACE('',#4545,0.5);
#4545 = AXIS2_PLACEMENT_3D('',#4546,#4547,#4548);
#4546 = CARTESIAN_POINT('',(29.83205994412,70.739141478283,0.));
#4547 = DIRECTION('',(-0.,-0.,-1.));
#4548 = DIRECTION('',(-1.,-1.110223024625E-16,0.));
#4549 = ADVANCED_FACE('',(#4550),#4586,.F.);
#4550 = FACE_BOUND('',#4551,.T.);
#4551 = EDGE_LOOP('',(#4552,#4562,#4571,#4579));
#4552 = ORIENTED_EDGE('',*,*,#4553,.T.);
#4553 = EDGE_CURVE('',#4554,#4556,#4558,.T.);
#4554 = VERTEX_POINT('',#4555);
#4555 = CARTESIAN_POINT('',(30.33205994412,73.279146558293,0.));
#4556 = VERTEX_POINT('',#4557);
#4557 = CARTESIAN_POINT('',(30.33205994412,73.279146558293,
    1.600050800102));
#4558 = LINE('',#4559,#4560);
#4559 = CARTESIAN_POINT('',(30.33205994412,73.279146558293,0.));
#4560 = VECTOR('',#4561,1.);
#4561 = DIRECTION('',(0.,0.,1.));
#4562 = ORIENTED_EDGE('',*,*,#4563,.T.);
#4563 = EDGE_CURVE('',#4556,#4564,#4566,.T.);
#4564 = VERTEX_POINT('',#4565);
#4565 = CARTESIAN_POINT('',(29.33205994412,73.279146558293,
    1.600050800102));
#4566 = CIRCLE('',#4567,0.5);
#4567 = AXIS2_PLACEMENT_3D('',#4568,#4569,#4570);
#4568 = CARTESIAN_POINT('',(29.83205994412,73.279146558293,
    1.600050800102));
#4569 = DIRECTION('',(0.,0.,1.));
#4570 = DIRECTION('',(1.,1.110223024625E-16,-0.));
#4571 = ORIENTED_EDGE('',*,*,#4572,.F.);
#4572 = EDGE_CURVE('',#4573,#4564,#4575,.T.);
#4573 = VERTEX_POINT('',#4574);
#4574 = CARTESIAN_POINT('',(29.33205994412,73.279146558293,0.));
#4575 = LINE('',#4576,#4577);
#4576 = CARTESIAN_POINT('',(29.33205994412,73.279146558293,0.));
#4577 = VECTOR('',#4578,1.);
#4578 = DIRECTION('',(0.,0.,1.));
#4579 = ORIENTED_EDGE('',*,*,#4580,.F.);
#4580 = EDGE_CURVE('',#4554,#4573,#4581,.T.);
#4581 = CIRCLE('',#4582,0.5);
#4582 = AXIS2_PLACEMENT_3D('',#4583,#4584,#4585);
#4583 = CARTESIAN_POINT('',(29.83205994412,73.279146558293,0.));
#4584 = DIRECTION('',(0.,0.,1.));
#4585 = DIRECTION('',(1.,1.110223024625E-16,-0.));
#4586 = CYLINDRICAL_SURFACE('',#4587,0.5);
#4587 = AXIS2_PLACEMENT_3D('',#4588,#4589,#4590);
#4588 = CARTESIAN_POINT('',(29.83205994412,73.279146558293,0.));
#4589 = DIRECTION('',(-0.,-0.,-1.));
#4590 = DIRECTION('',(1.,1.110223024625E-16,-0.));
#4591 = ADVANCED_FACE('',(#4592),#4610,.F.);
#4592 = FACE_BOUND('',#4593,.T.);
#4593 = EDGE_LOOP('',(#4594,#4595,#4602,#4603));
#4594 = ORIENTED_EDGE('',*,*,#4572,.T.);
#4595 = ORIENTED_EDGE('',*,*,#4596,.T.);
#4596 = EDGE_CURVE('',#4564,#4556,#4597,.T.);
#4597 = CIRCLE('',#4598,0.5);
#4598 = AXIS2_PLACEMENT_3D('',#4599,#4600,#4601);
#4599 = CARTESIAN_POINT('',(29.83205994412,73.279146558293,
    1.600050800102));
#4600 = DIRECTION('',(0.,0.,1.));
#4601 = DIRECTION('',(-1.,-1.110223024625E-16,0.));
#4602 = ORIENTED_EDGE('',*,*,#4553,.F.);
#4603 = ORIENTED_EDGE('',*,*,#4604,.F.);
#4604 = EDGE_CURVE('',#4573,#4554,#4605,.T.);
#4605 = CIRCLE('',#4606,0.5);
#4606 = AXIS2_PLACEMENT_3D('',#4607,#4608,#4609);
#4607 = CARTESIAN_POINT('',(29.83205994412,73.279146558293,0.));
#4608 = DIRECTION('',(0.,0.,1.));
#4609 = DIRECTION('',(-1.,-1.110223024625E-16,0.));
#4610 = CYLINDRICAL_SURFACE('',#4611,0.5);
#4611 = AXIS2_PLACEMENT_3D('',#4612,#4613,#4614);
#4612 = CARTESIAN_POINT('',(29.83205994412,73.279146558293,0.));
#4613 = DIRECTION('',(-0.,-0.,-1.));
#4614 = DIRECTION('',(-1.,-1.110223024625E-16,0.));
#4615 = ADVANCED_FACE('',(#4616),#4652,.F.);
#4616 = FACE_BOUND('',#4617,.T.);
#4617 = EDGE_LOOP('',(#4618,#4628,#4637,#4645));
#4618 = ORIENTED_EDGE('',*,*,#4619,.T.);
#4619 = EDGE_CURVE('',#4620,#4622,#4624,.T.);
#4620 = VERTEX_POINT('',#4621);
#4621 = CARTESIAN_POINT('',(30.33205994412,55.499110998222,0.));
#4622 = VERTEX_POINT('',#4623);
#4623 = CARTESIAN_POINT('',(30.33205994412,55.499110998222,
    1.600050800102));
#4624 = LINE('',#4625,#4626);
#4625 = CARTESIAN_POINT('',(30.33205994412,55.499110998222,0.));
#4626 = VECTOR('',#4627,1.);
#4627 = DIRECTION('',(0.,0.,1.));
#4628 = ORIENTED_EDGE('',*,*,#4629,.T.);
#4629 = EDGE_CURVE('',#4622,#4630,#4632,.T.);
#4630 = VERTEX_POINT('',#4631);
#4631 = CARTESIAN_POINT('',(29.33205994412,55.499110998222,
    1.600050800102));
#4632 = CIRCLE('',#4633,0.5);
#4633 = AXIS2_PLACEMENT_3D('',#4634,#4635,#4636);
#4634 = CARTESIAN_POINT('',(29.83205994412,55.499110998222,
    1.600050800102));
#4635 = DIRECTION('',(0.,0.,1.));
#4636 = DIRECTION('',(1.,1.110223024625E-16,-0.));
#4637 = ORIENTED_EDGE('',*,*,#4638,.F.);
#4638 = EDGE_CURVE('',#4639,#4630,#4641,.T.);
#4639 = VERTEX_POINT('',#4640);
#4640 = CARTESIAN_POINT('',(29.33205994412,55.499110998222,0.));
#4641 = LINE('',#4642,#4643);
#4642 = CARTESIAN_POINT('',(29.33205994412,55.499110998222,0.));
#4643 = VECTOR('',#4644,1.);
#4644 = DIRECTION('',(0.,0.,1.));
#4645 = ORIENTED_EDGE('',*,*,#4646,.F.);
#4646 = EDGE_CURVE('',#4620,#4639,#4647,.T.);
#4647 = CIRCLE('',#4648,0.5);
#4648 = AXIS2_PLACEMENT_3D('',#4649,#4650,#4651);
#4649 = CARTESIAN_POINT('',(29.83205994412,55.499110998222,0.));
#4650 = DIRECTION('',(0.,0.,1.));
#4651 = DIRECTION('',(1.,1.110223024625E-16,-0.));
#4652 = CYLINDRICAL_SURFACE('',#4653,0.5);
#4653 = AXIS2_PLACEMENT_3D('',#4654,#4655,#4656);
#4654 = CARTESIAN_POINT('',(29.83205994412,55.499110998222,0.));
#4655 = DIRECTION('',(-0.,-0.,-1.));
#4656 = DIRECTION('',(1.,1.110223024625E-16,-0.));
#4657 = ADVANCED_FACE('',(#4658),#4676,.F.);
#4658 = FACE_BOUND('',#4659,.T.);
#4659 = EDGE_LOOP('',(#4660,#4661,#4668,#4669));
#4660 = ORIENTED_EDGE('',*,*,#4638,.T.);
#4661 = ORIENTED_EDGE('',*,*,#4662,.T.);
#4662 = EDGE_CURVE('',#4630,#4622,#4663,.T.);
#4663 = CIRCLE('',#4664,0.5);
#4664 = AXIS2_PLACEMENT_3D('',#4665,#4666,#4667);
#4665 = CARTESIAN_POINT('',(29.83205994412,55.499110998222,
    1.600050800102));
#4666 = DIRECTION('',(0.,0.,1.));
#4667 = DIRECTION('',(-1.,-1.110223024625E-16,0.));
#4668 = ORIENTED_EDGE('',*,*,#4619,.F.);
#4669 = ORIENTED_EDGE('',*,*,#4670,.F.);
#4670 = EDGE_CURVE('',#4639,#4620,#4671,.T.);
#4671 = CIRCLE('',#4672,0.5);
#4672 = AXIS2_PLACEMENT_3D('',#4673,#4674,#4675);
#4673 = CARTESIAN_POINT('',(29.83205994412,55.499110998222,0.));
#4674 = DIRECTION('',(0.,0.,1.));
#4675 = DIRECTION('',(-1.,-1.110223024625E-16,0.));
#4676 = CYLINDRICAL_SURFACE('',#4677,0.5);
#4677 = AXIS2_PLACEMENT_3D('',#4678,#4679,#4680);
#4678 = CARTESIAN_POINT('',(29.83205994412,55.499110998222,0.));
#4679 = DIRECTION('',(-0.,-0.,-1.));
#4680 = DIRECTION('',(-1.,-1.110223024625E-16,0.));
#4681 = ADVANCED_FACE('',(#4682),#4718,.F.);
#4682 = FACE_BOUND('',#4683,.T.);
#4683 = EDGE_LOOP('',(#4684,#4694,#4703,#4711));
#4684 = ORIENTED_EDGE('',*,*,#4685,.T.);
#4685 = EDGE_CURVE('',#4686,#4688,#4690,.T.);
#4686 = VERTEX_POINT('',#4687);
#4687 = CARTESIAN_POINT('',(30.33205994412,58.039116078232,0.));
#4688 = VERTEX_POINT('',#4689);
#4689 = CARTESIAN_POINT('',(30.33205994412,58.039116078232,
    1.600050800102));
#4690 = LINE('',#4691,#4692);
#4691 = CARTESIAN_POINT('',(30.33205994412,58.039116078232,0.));
#4692 = VECTOR('',#4693,1.);
#4693 = DIRECTION('',(0.,0.,1.));
#4694 = ORIENTED_EDGE('',*,*,#4695,.T.);
#4695 = EDGE_CURVE('',#4688,#4696,#4698,.T.);
#4696 = VERTEX_POINT('',#4697);
#4697 = CARTESIAN_POINT('',(29.33205994412,58.039116078232,
    1.600050800102));
#4698 = CIRCLE('',#4699,0.5);
#4699 = AXIS2_PLACEMENT_3D('',#4700,#4701,#4702);
#4700 = CARTESIAN_POINT('',(29.83205994412,58.039116078232,
    1.600050800102));
#4701 = DIRECTION('',(0.,0.,1.));
#4702 = DIRECTION('',(1.,1.110223024625E-16,-0.));
#4703 = ORIENTED_EDGE('',*,*,#4704,.F.);
#4704 = EDGE_CURVE('',#4705,#4696,#4707,.T.);
#4705 = VERTEX_POINT('',#4706);
#4706 = CARTESIAN_POINT('',(29.33205994412,58.039116078232,0.));
#4707 = LINE('',#4708,#4709);
#4708 = CARTESIAN_POINT('',(29.33205994412,58.039116078232,0.));
#4709 = VECTOR('',#4710,1.);
#4710 = DIRECTION('',(0.,0.,1.));
#4711 = ORIENTED_EDGE('',*,*,#4712,.F.);
#4712 = EDGE_CURVE('',#4686,#4705,#4713,.T.);
#4713 = CIRCLE('',#4714,0.5);
#4714 = AXIS2_PLACEMENT_3D('',#4715,#4716,#4717);
#4715 = CARTESIAN_POINT('',(29.83205994412,58.039116078232,0.));
#4716 = DIRECTION('',(0.,0.,1.));
#4717 = DIRECTION('',(1.,1.110223024625E-16,-0.));
#4718 = CYLINDRICAL_SURFACE('',#4719,0.5);
#4719 = AXIS2_PLACEMENT_3D('',#4720,#4721,#4722);
#4720 = CARTESIAN_POINT('',(29.83205994412,58.039116078232,0.));
#4721 = DIRECTION('',(-0.,-0.,-1.));
#4722 = DIRECTION('',(1.,1.110223024625E-16,-0.));
#4723 = ADVANCED_FACE('',(#4724),#4742,.F.);
#4724 = FACE_BOUND('',#4725,.T.);
#4725 = EDGE_LOOP('',(#4726,#4727,#4734,#4735));
#4726 = ORIENTED_EDGE('',*,*,#4704,.T.);
#4727 = ORIENTED_EDGE('',*,*,#4728,.T.);
#4728 = EDGE_CURVE('',#4696,#4688,#4729,.T.);
#4729 = CIRCLE('',#4730,0.5);
#4730 = AXIS2_PLACEMENT_3D('',#4731,#4732,#4733);
#4731 = CARTESIAN_POINT('',(29.83205994412,58.039116078232,
    1.600050800102));
#4732 = DIRECTION('',(0.,0.,1.));
#4733 = DIRECTION('',(-1.,-1.110223024625E-16,0.));
#4734 = ORIENTED_EDGE('',*,*,#4685,.F.);
#4735 = ORIENTED_EDGE('',*,*,#4736,.F.);
#4736 = EDGE_CURVE('',#4705,#4686,#4737,.T.);
#4737 = CIRCLE('',#4738,0.5);
#4738 = AXIS2_PLACEMENT_3D('',#4739,#4740,#4741);
#4739 = CARTESIAN_POINT('',(29.83205994412,58.039116078232,0.));
#4740 = DIRECTION('',(0.,0.,1.));
#4741 = DIRECTION('',(-1.,-1.110223024625E-16,0.));
#4742 = CYLINDRICAL_SURFACE('',#4743,0.5);
#4743 = AXIS2_PLACEMENT_3D('',#4744,#4745,#4746);
#4744 = CARTESIAN_POINT('',(29.83205994412,58.039116078232,0.));
#4745 = DIRECTION('',(-0.,-0.,-1.));
#4746 = DIRECTION('',(-1.,-1.110223024625E-16,0.));
#4747 = ADVANCED_FACE('',(#4748),#4784,.F.);
#4748 = FACE_BOUND('',#4749,.T.);
#4749 = EDGE_LOOP('',(#4750,#4760,#4769,#4777));
#4750 = ORIENTED_EDGE('',*,*,#4751,.T.);
#4751 = EDGE_CURVE('',#4752,#4754,#4756,.T.);
#4752 = VERTEX_POINT('',#4753);
#4753 = CARTESIAN_POINT('',(30.33205994412,60.579121158242,0.));
#4754 = VERTEX_POINT('',#4755);
#4755 = CARTESIAN_POINT('',(30.33205994412,60.579121158242,
    1.600050800102));
#4756 = LINE('',#4757,#4758);
#4757 = CARTESIAN_POINT('',(30.33205994412,60.579121158242,0.));
#4758 = VECTOR('',#4759,1.);
#4759 = DIRECTION('',(0.,0.,1.));
#4760 = ORIENTED_EDGE('',*,*,#4761,.T.);
#4761 = EDGE_CURVE('',#4754,#4762,#4764,.T.);
#4762 = VERTEX_POINT('',#4763);
#4763 = CARTESIAN_POINT('',(29.33205994412,60.579121158242,
    1.600050800102));
#4764 = CIRCLE('',#4765,0.5);
#4765 = AXIS2_PLACEMENT_3D('',#4766,#4767,#4768);
#4766 = CARTESIAN_POINT('',(29.83205994412,60.579121158242,
    1.600050800102));
#4767 = DIRECTION('',(0.,0.,1.));
#4768 = DIRECTION('',(1.,1.110223024625E-16,-0.));
#4769 = ORIENTED_EDGE('',*,*,#4770,.F.);
#4770 = EDGE_CURVE('',#4771,#4762,#4773,.T.);
#4771 = VERTEX_POINT('',#4772);
#4772 = CARTESIAN_POINT('',(29.33205994412,60.579121158242,0.));
#4773 = LINE('',#4774,#4775);
#4774 = CARTESIAN_POINT('',(29.33205994412,60.579121158242,0.));
#4775 = VECTOR('',#4776,1.);
#4776 = DIRECTION('',(0.,0.,1.));
#4777 = ORIENTED_EDGE('',*,*,#4778,.F.);
#4778 = EDGE_CURVE('',#4752,#4771,#4779,.T.);
#4779 = CIRCLE('',#4780,0.5);
#4780 = AXIS2_PLACEMENT_3D('',#4781,#4782,#4783);
#4781 = CARTESIAN_POINT('',(29.83205994412,60.579121158242,0.));
#4782 = DIRECTION('',(0.,0.,1.));
#4783 = DIRECTION('',(1.,1.110223024625E-16,-0.));
#4784 = CYLINDRICAL_SURFACE('',#4785,0.5);
#4785 = AXIS2_PLACEMENT_3D('',#4786,#4787,#4788);
#4786 = CARTESIAN_POINT('',(29.83205994412,60.579121158242,0.));
#4787 = DIRECTION('',(-0.,-0.,-1.));
#4788 = DIRECTION('',(1.,1.110223024625E-16,-0.));
#4789 = ADVANCED_FACE('',(#4790),#4808,.F.);
#4790 = FACE_BOUND('',#4791,.T.);
#4791 = EDGE_LOOP('',(#4792,#4793,#4800,#4801));
#4792 = ORIENTED_EDGE('',*,*,#4770,.T.);
#4793 = ORIENTED_EDGE('',*,*,#4794,.T.);
#4794 = EDGE_CURVE('',#4762,#4754,#4795,.T.);
#4795 = CIRCLE('',#4796,0.5);
#4796 = AXIS2_PLACEMENT_3D('',#4797,#4798,#4799);
#4797 = CARTESIAN_POINT('',(29.83205994412,60.579121158242,
    1.600050800102));
#4798 = DIRECTION('',(0.,0.,1.));
#4799 = DIRECTION('',(-1.,-1.110223024625E-16,0.));
#4800 = ORIENTED_EDGE('',*,*,#4751,.F.);
#4801 = ORIENTED_EDGE('',*,*,#4802,.F.);
#4802 = EDGE_CURVE('',#4771,#4752,#4803,.T.);
#4803 = CIRCLE('',#4804,0.5);
#4804 = AXIS2_PLACEMENT_3D('',#4805,#4806,#4807);
#4805 = CARTESIAN_POINT('',(29.83205994412,60.579121158242,0.));
#4806 = DIRECTION('',(0.,0.,1.));
#4807 = DIRECTION('',(-1.,-1.110223024625E-16,0.));
#4808 = CYLINDRICAL_SURFACE('',#4809,0.5);
#4809 = AXIS2_PLACEMENT_3D('',#4810,#4811,#4812);
#4810 = CARTESIAN_POINT('',(29.83205994412,60.579121158242,0.));
#4811 = DIRECTION('',(-0.,-0.,-1.));
#4812 = DIRECTION('',(-1.,-1.110223024625E-16,0.));
#4813 = ADVANCED_FACE('',(#4814),#4850,.F.);
#4814 = FACE_BOUND('',#4815,.T.);
#4815 = EDGE_LOOP('',(#4816,#4826,#4835,#4843));
#4816 = ORIENTED_EDGE('',*,*,#4817,.T.);
#4817 = EDGE_CURVE('',#4818,#4820,#4822,.T.);
#4818 = VERTEX_POINT('',#4819);
#4819 = CARTESIAN_POINT('',(30.33205994412,63.119126238252,0.));
#4820 = VERTEX_POINT('',#4821);
#4821 = CARTESIAN_POINT('',(30.33205994412,63.119126238252,
    1.600050800102));
#4822 = LINE('',#4823,#4824);
#4823 = CARTESIAN_POINT('',(30.33205994412,63.119126238252,0.));
#4824 = VECTOR('',#4825,1.);
#4825 = DIRECTION('',(0.,0.,1.));
#4826 = ORIENTED_EDGE('',*,*,#4827,.T.);
#4827 = EDGE_CURVE('',#4820,#4828,#4830,.T.);
#4828 = VERTEX_POINT('',#4829);
#4829 = CARTESIAN_POINT('',(29.33205994412,63.119126238252,
    1.600050800102));
#4830 = CIRCLE('',#4831,0.5);
#4831 = AXIS2_PLACEMENT_3D('',#4832,#4833,#4834);
#4832 = CARTESIAN_POINT('',(29.83205994412,63.119126238252,
    1.600050800102));
#4833 = DIRECTION('',(0.,0.,1.));
#4834 = DIRECTION('',(1.,1.110223024625E-16,-0.));
#4835 = ORIENTED_EDGE('',*,*,#4836,.F.);
#4836 = EDGE_CURVE('',#4837,#4828,#4839,.T.);
#4837 = VERTEX_POINT('',#4838);
#4838 = CARTESIAN_POINT('',(29.33205994412,63.119126238252,0.));
#4839 = LINE('',#4840,#4841);
#4840 = CARTESIAN_POINT('',(29.33205994412,63.119126238252,0.));
#4841 = VECTOR('',#4842,1.);
#4842 = DIRECTION('',(0.,0.,1.));
#4843 = ORIENTED_EDGE('',*,*,#4844,.F.);
#4844 = EDGE_CURVE('',#4818,#4837,#4845,.T.);
#4845 = CIRCLE('',#4846,0.5);
#4846 = AXIS2_PLACEMENT_3D('',#4847,#4848,#4849);
#4847 = CARTESIAN_POINT('',(29.83205994412,63.119126238252,0.));
#4848 = DIRECTION('',(0.,0.,1.));
#4849 = DIRECTION('',(1.,1.110223024625E-16,-0.));
#4850 = CYLINDRICAL_SURFACE('',#4851,0.5);
#4851 = AXIS2_PLACEMENT_3D('',#4852,#4853,#4854);
#4852 = CARTESIAN_POINT('',(29.83205994412,63.119126238252,0.));
#4853 = DIRECTION('',(-0.,-0.,-1.));
#4854 = DIRECTION('',(1.,1.110223024625E-16,-0.));
#4855 = ADVANCED_FACE('',(#4856),#4874,.F.);
#4856 = FACE_BOUND('',#4857,.T.);
#4857 = EDGE_LOOP('',(#4858,#4859,#4866,#4867));
#4858 = ORIENTED_EDGE('',*,*,#4836,.T.);
#4859 = ORIENTED_EDGE('',*,*,#4860,.T.);
#4860 = EDGE_CURVE('',#4828,#4820,#4861,.T.);
#4861 = CIRCLE('',#4862,0.5);
#4862 = AXIS2_PLACEMENT_3D('',#4863,#4864,#4865);
#4863 = CARTESIAN_POINT('',(29.83205994412,63.119126238252,
    1.600050800102));
#4864 = DIRECTION('',(0.,0.,1.));
#4865 = DIRECTION('',(-1.,-1.110223024625E-16,0.));
#4866 = ORIENTED_EDGE('',*,*,#4817,.F.);
#4867 = ORIENTED_EDGE('',*,*,#4868,.F.);
#4868 = EDGE_CURVE('',#4837,#4818,#4869,.T.);
#4869 = CIRCLE('',#4870,0.5);
#4870 = AXIS2_PLACEMENT_3D('',#4871,#4872,#4873);
#4871 = CARTESIAN_POINT('',(29.83205994412,63.119126238252,0.));
#4872 = DIRECTION('',(0.,0.,1.));
#4873 = DIRECTION('',(-1.,-1.110223024625E-16,0.));
#4874 = CYLINDRICAL_SURFACE('',#4875,0.5);
#4875 = AXIS2_PLACEMENT_3D('',#4876,#4877,#4878);
#4876 = CARTESIAN_POINT('',(29.83205994412,63.119126238252,0.));
#4877 = DIRECTION('',(-0.,-0.,-1.));
#4878 = DIRECTION('',(-1.,-1.110223024625E-16,0.));
#4879 = ADVANCED_FACE('',(#4880),#4916,.F.);
#4880 = FACE_BOUND('',#4881,.T.);
#4881 = EDGE_LOOP('',(#4882,#4892,#4901,#4909));
#4882 = ORIENTED_EDGE('',*,*,#4883,.T.);
#4883 = EDGE_CURVE('',#4884,#4886,#4888,.T.);
#4884 = VERTEX_POINT('',#4885);
#4885 = CARTESIAN_POINT('',(30.33205994412,65.659131318263,0.));
#4886 = VERTEX_POINT('',#4887);
#4887 = CARTESIAN_POINT('',(30.33205994412,65.659131318263,
    1.600050800102));
#4888 = LINE('',#4889,#4890);
#4889 = CARTESIAN_POINT('',(30.33205994412,65.659131318263,0.));
#4890 = VECTOR('',#4891,1.);
#4891 = DIRECTION('',(0.,0.,1.));
#4892 = ORIENTED_EDGE('',*,*,#4893,.T.);
#4893 = EDGE_CURVE('',#4886,#4894,#4896,.T.);
#4894 = VERTEX_POINT('',#4895);
#4895 = CARTESIAN_POINT('',(29.33205994412,65.659131318263,
    1.600050800102));
#4896 = CIRCLE('',#4897,0.5);
#4897 = AXIS2_PLACEMENT_3D('',#4898,#4899,#4900);
#4898 = CARTESIAN_POINT('',(29.83205994412,65.659131318263,
    1.600050800102));
#4899 = DIRECTION('',(0.,0.,1.));
#4900 = DIRECTION('',(1.,1.110223024625E-16,-0.));
#4901 = ORIENTED_EDGE('',*,*,#4902,.F.);
#4902 = EDGE_CURVE('',#4903,#4894,#4905,.T.);
#4903 = VERTEX_POINT('',#4904);
#4904 = CARTESIAN_POINT('',(29.33205994412,65.659131318263,0.));
#4905 = LINE('',#4906,#4907);
#4906 = CARTESIAN_POINT('',(29.33205994412,65.659131318263,0.));
#4907 = VECTOR('',#4908,1.);
#4908 = DIRECTION('',(0.,0.,1.));
#4909 = ORIENTED_EDGE('',*,*,#4910,.F.);
#4910 = EDGE_CURVE('',#4884,#4903,#4911,.T.);
#4911 = CIRCLE('',#4912,0.5);
#4912 = AXIS2_PLACEMENT_3D('',#4913,#4914,#4915);
#4913 = CARTESIAN_POINT('',(29.83205994412,65.659131318263,0.));
#4914 = DIRECTION('',(0.,0.,1.));
#4915 = DIRECTION('',(1.,1.110223024625E-16,-0.));
#4916 = CYLINDRICAL_SURFACE('',#4917,0.5);
#4917 = AXIS2_PLACEMENT_3D('',#4918,#4919,#4920);
#4918 = CARTESIAN_POINT('',(29.83205994412,65.659131318263,0.));
#4919 = DIRECTION('',(-0.,-0.,-1.));
#4920 = DIRECTION('',(1.,1.110223024625E-16,-0.));
#4921 = ADVANCED_FACE('',(#4922),#4940,.F.);
#4922 = FACE_BOUND('',#4923,.T.);
#4923 = EDGE_LOOP('',(#4924,#4925,#4932,#4933));
#4924 = ORIENTED_EDGE('',*,*,#4902,.T.);
#4925 = ORIENTED_EDGE('',*,*,#4926,.T.);
#4926 = EDGE_CURVE('',#4894,#4886,#4927,.T.);
#4927 = CIRCLE('',#4928,0.5);
#4928 = AXIS2_PLACEMENT_3D('',#4929,#4930,#4931);
#4929 = CARTESIAN_POINT('',(29.83205994412,65.659131318263,
    1.600050800102));
#4930 = DIRECTION('',(0.,0.,1.));
#4931 = DIRECTION('',(-1.,-1.110223024625E-16,0.));
#4932 = ORIENTED_EDGE('',*,*,#4883,.F.);
#4933 = ORIENTED_EDGE('',*,*,#4934,.F.);
#4934 = EDGE_CURVE('',#4903,#4884,#4935,.T.);
#4935 = CIRCLE('',#4936,0.5);
#4936 = AXIS2_PLACEMENT_3D('',#4937,#4938,#4939);
#4937 = CARTESIAN_POINT('',(29.83205994412,65.659131318263,0.));
#4938 = DIRECTION('',(0.,0.,1.));
#4939 = DIRECTION('',(-1.,-1.110223024625E-16,0.));
#4940 = CYLINDRICAL_SURFACE('',#4941,0.5);
#4941 = AXIS2_PLACEMENT_3D('',#4942,#4943,#4944);
#4942 = CARTESIAN_POINT('',(29.83205994412,65.659131318263,0.));
#4943 = DIRECTION('',(-0.,-0.,-1.));
#4944 = DIRECTION('',(-1.,-1.110223024625E-16,0.));
#4945 = ADVANCED_FACE('',(#4946),#4982,.F.);
#4946 = FACE_BOUND('',#4947,.T.);
#4947 = EDGE_LOOP('',(#4948,#4958,#4967,#4975));
#4948 = ORIENTED_EDGE('',*,*,#4949,.T.);
#4949 = EDGE_CURVE('',#4950,#4952,#4954,.T.);
#4950 = VERTEX_POINT('',#4951);
#4951 = CARTESIAN_POINT('',(30.33205994412,68.199136398273,0.));
#4952 = VERTEX_POINT('',#4953);
#4953 = CARTESIAN_POINT('',(30.33205994412,68.199136398273,
    1.600050800102));
#4954 = LINE('',#4955,#4956);
#4955 = CARTESIAN_POINT('',(30.33205994412,68.199136398273,0.));
#4956 = VECTOR('',#4957,1.);
#4957 = DIRECTION('',(0.,0.,1.));
#4958 = ORIENTED_EDGE('',*,*,#4959,.T.);
#4959 = EDGE_CURVE('',#4952,#4960,#4962,.T.);
#4960 = VERTEX_POINT('',#4961);
#4961 = CARTESIAN_POINT('',(29.33205994412,68.199136398273,
    1.600050800102));
#4962 = CIRCLE('',#4963,0.5);
#4963 = AXIS2_PLACEMENT_3D('',#4964,#4965,#4966);
#4964 = CARTESIAN_POINT('',(29.83205994412,68.199136398273,
    1.600050800102));
#4965 = DIRECTION('',(0.,0.,1.));
#4966 = DIRECTION('',(1.,1.110223024625E-16,-0.));
#4967 = ORIENTED_EDGE('',*,*,#4968,.F.);
#4968 = EDGE_CURVE('',#4969,#4960,#4971,.T.);
#4969 = VERTEX_POINT('',#4970);
#4970 = CARTESIAN_POINT('',(29.33205994412,68.199136398273,0.));
#4971 = LINE('',#4972,#4973);
#4972 = CARTESIAN_POINT('',(29.33205994412,68.199136398273,0.));
#4973 = VECTOR('',#4974,1.);
#4974 = DIRECTION('',(0.,0.,1.));
#4975 = ORIENTED_EDGE('',*,*,#4976,.F.);
#4976 = EDGE_CURVE('',#4950,#4969,#4977,.T.);
#4977 = CIRCLE('',#4978,0.5);
#4978 = AXIS2_PLACEMENT_3D('',#4979,#4980,#4981);
#4979 = CARTESIAN_POINT('',(29.83205994412,68.199136398273,0.));
#4980 = DIRECTION('',(0.,0.,1.));
#4981 = DIRECTION('',(1.,1.110223024625E-16,-0.));
#4982 = CYLINDRICAL_SURFACE('',#4983,0.5);
#4983 = AXIS2_PLACEMENT_3D('',#4984,#4985,#4986);
#4984 = CARTESIAN_POINT('',(29.83205994412,68.199136398273,0.));
#4985 = DIRECTION('',(-0.,-0.,-1.));
#4986 = DIRECTION('',(1.,1.110223024625E-16,-0.));
#4987 = ADVANCED_FACE('',(#4988),#5006,.F.);
#4988 = FACE_BOUND('',#4989,.T.);
#4989 = EDGE_LOOP('',(#4990,#4991,#4998,#4999));
#4990 = ORIENTED_EDGE('',*,*,#4968,.T.);
#4991 = ORIENTED_EDGE('',*,*,#4992,.T.);
#4992 = EDGE_CURVE('',#4960,#4952,#4993,.T.);
#4993 = CIRCLE('',#4994,0.5);
#4994 = AXIS2_PLACEMENT_3D('',#4995,#4996,#4997);
#4995 = CARTESIAN_POINT('',(29.83205994412,68.199136398273,
    1.600050800102));
#4996 = DIRECTION('',(0.,0.,1.));
#4997 = DIRECTION('',(-1.,-1.110223024625E-16,0.));
#4998 = ORIENTED_EDGE('',*,*,#4949,.F.);
#4999 = ORIENTED_EDGE('',*,*,#5000,.F.);
#5000 = EDGE_CURVE('',#4969,#4950,#5001,.T.);
#5001 = CIRCLE('',#5002,0.5);
#5002 = AXIS2_PLACEMENT_3D('',#5003,#5004,#5005);
#5003 = CARTESIAN_POINT('',(29.83205994412,68.199136398273,0.));
#5004 = DIRECTION('',(0.,0.,1.));
#5005 = DIRECTION('',(-1.,-1.110223024625E-16,0.));
#5006 = CYLINDRICAL_SURFACE('',#5007,0.5);
#5007 = AXIS2_PLACEMENT_3D('',#5008,#5009,#5010);
#5008 = CARTESIAN_POINT('',(29.83205994412,68.199136398273,0.));
#5009 = DIRECTION('',(-0.,-0.,-1.));
#5010 = DIRECTION('',(-1.,-1.110223024625E-16,0.));
#5011 = ADVANCED_FACE('',(#5012),#5046,.T.);
#5012 = FACE_BOUND('',#5013,.T.);
#5013 = EDGE_LOOP('',(#5014,#5024,#5032,#5040));
#5014 = ORIENTED_EDGE('',*,*,#5015,.T.);
#5015 = EDGE_CURVE('',#5016,#5018,#5020,.T.);
#5016 = VERTEX_POINT('',#5017);
#5017 = CARTESIAN_POINT('',(34.407048514097,89.382194564389,0.));
#5018 = VERTEX_POINT('',#5019);
#5019 = CARTESIAN_POINT('',(34.407048514097,89.382194564389,
    1.600050800102));
#5020 = LINE('',#5021,#5022);
#5021 = CARTESIAN_POINT('',(34.407048514097,89.382194564389,0.));
#5022 = VECTOR('',#5023,1.);
#5023 = DIRECTION('',(0.,0.,1.));
#5024 = ORIENTED_EDGE('',*,*,#5025,.T.);
#5025 = EDGE_CURVE('',#5018,#5026,#5028,.T.);
#5026 = VERTEX_POINT('',#5027);
#5027 = CARTESIAN_POINT('',(30.307048514097,89.382194564389,
    1.600050800102));
#5028 = LINE('',#5029,#5030);
#5029 = CARTESIAN_POINT('',(34.407048514097,89.382194564389,
    1.600050800102));
#5030 = VECTOR('',#5031,1.);
#5031 = DIRECTION('',(-1.,0.,0.));
#5032 = ORIENTED_EDGE('',*,*,#5033,.F.);
#5033 = EDGE_CURVE('',#5034,#5026,#5036,.T.);
#5034 = VERTEX_POINT('',#5035);
#5035 = CARTESIAN_POINT('',(30.307048514097,89.382194564389,0.));
#5036 = LINE('',#5037,#5038);
#5037 = CARTESIAN_POINT('',(30.307048514097,89.382194564389,0.));
#5038 = VECTOR('',#5039,1.);
#5039 = DIRECTION('',(0.,0.,1.));
#5040 = ORIENTED_EDGE('',*,*,#5041,.F.);
#5041 = EDGE_CURVE('',#5016,#5034,#5042,.T.);
#5042 = LINE('',#5043,#5044);
#5043 = CARTESIAN_POINT('',(34.407048514097,89.382194564389,0.));
#5044 = VECTOR('',#5045,1.);
#5045 = DIRECTION('',(-1.,0.,0.));
#5046 = PLANE('',#5047);
#5047 = AXIS2_PLACEMENT_3D('',#5048,#5049,#5050);
#5048 = CARTESIAN_POINT('',(34.407048514097,89.382194564389,0.));
#5049 = DIRECTION('',(0.,-1.,0.));
#5050 = DIRECTION('',(-1.,0.,0.));
#5051 = ADVANCED_FACE('',(#5052),#5079,.F.);
#5052 = FACE_BOUND('',#5053,.T.);
#5053 = EDGE_LOOP('',(#5054,#5055,#5064,#5072));
#5054 = ORIENTED_EDGE('',*,*,#5033,.T.);
#5055 = ORIENTED_EDGE('',*,*,#5056,.T.);
#5056 = EDGE_CURVE('',#5026,#5057,#5059,.T.);
#5057 = VERTEX_POINT('',#5058);
#5058 = CARTESIAN_POINT('',(30.307048514097,87.982194564389,
    1.600050800102));
#5059 = CIRCLE('',#5060,0.7);
#5060 = AXIS2_PLACEMENT_3D('',#5061,#5062,#5063);
#5061 = CARTESIAN_POINT('',(30.307048514097,88.682194564389,
    1.600050800102));
#5062 = DIRECTION('',(0.,0.,1.));
#5063 = DIRECTION('',(-1.110223024625E-16,1.,0.));
#5064 = ORIENTED_EDGE('',*,*,#5065,.F.);
#5065 = EDGE_CURVE('',#5066,#5057,#5068,.T.);
#5066 = VERTEX_POINT('',#5067);
#5067 = CARTESIAN_POINT('',(30.307048514097,87.982194564389,0.));
#5068 = LINE('',#5069,#5070);
#5069 = CARTESIAN_POINT('',(30.307048514097,87.982194564389,0.));
#5070 = VECTOR('',#5071,1.);
#5071 = DIRECTION('',(0.,0.,1.));
#5072 = ORIENTED_EDGE('',*,*,#5073,.F.);
#5073 = EDGE_CURVE('',#5034,#5066,#5074,.T.);
#5074 = CIRCLE('',#5075,0.7);
#5075 = AXIS2_PLACEMENT_3D('',#5076,#5077,#5078);
#5076 = CARTESIAN_POINT('',(30.307048514097,88.682194564389,0.));
#5077 = DIRECTION('',(0.,0.,1.));
#5078 = DIRECTION('',(-1.110223024625E-16,1.,0.));
#5079 = CYLINDRICAL_SURFACE('',#5080,0.7);
#5080 = AXIS2_PLACEMENT_3D('',#5081,#5082,#5083);
#5081 = CARTESIAN_POINT('',(30.307048514097,88.682194564389,0.));
#5082 = DIRECTION('',(-0.,-0.,-1.));
#5083 = DIRECTION('',(-1.110223024625E-16,1.,0.));
#5084 = ADVANCED_FACE('',(#5085),#5110,.T.);
#5085 = FACE_BOUND('',#5086,.T.);
#5086 = EDGE_LOOP('',(#5087,#5088,#5096,#5104));
#5087 = ORIENTED_EDGE('',*,*,#5065,.T.);
#5088 = ORIENTED_EDGE('',*,*,#5089,.T.);
#5089 = EDGE_CURVE('',#5057,#5090,#5092,.T.);
#5090 = VERTEX_POINT('',#5091);
#5091 = CARTESIAN_POINT('',(34.407048514097,87.982194564389,
    1.600050800102));
#5092 = LINE('',#5093,#5094);
#5093 = CARTESIAN_POINT('',(30.307048514097,87.982194564389,
    1.600050800102));
#5094 = VECTOR('',#5095,1.);
#5095 = DIRECTION('',(1.,0.,0.));
#5096 = ORIENTED_EDGE('',*,*,#5097,.F.);
#5097 = EDGE_CURVE('',#5098,#5090,#5100,.T.);
#5098 = VERTEX_POINT('',#5099);
#5099 = CARTESIAN_POINT('',(34.407048514097,87.982194564389,0.));
#5100 = LINE('',#5101,#5102);
#5101 = CARTESIAN_POINT('',(34.407048514097,87.982194564389,0.));
#5102 = VECTOR('',#5103,1.);
#5103 = DIRECTION('',(0.,0.,1.));
#5104 = ORIENTED_EDGE('',*,*,#5105,.F.);
#5105 = EDGE_CURVE('',#5066,#5098,#5106,.T.);
#5106 = LINE('',#5107,#5108);
#5107 = CARTESIAN_POINT('',(30.307048514097,87.982194564389,0.));
#5108 = VECTOR('',#5109,1.);
#5109 = DIRECTION('',(1.,0.,0.));
#5110 = PLANE('',#5111);
#5111 = AXIS2_PLACEMENT_3D('',#5112,#5113,#5114);
#5112 = CARTESIAN_POINT('',(30.307048514097,87.982194564389,0.));
#5113 = DIRECTION('',(0.,1.,0.));
#5114 = DIRECTION('',(1.,0.,0.));
#5115 = ADVANCED_FACE('',(#5116),#5134,.F.);
#5116 = FACE_BOUND('',#5117,.T.);
#5117 = EDGE_LOOP('',(#5118,#5119,#5126,#5127));
#5118 = ORIENTED_EDGE('',*,*,#5097,.T.);
#5119 = ORIENTED_EDGE('',*,*,#5120,.T.);
#5120 = EDGE_CURVE('',#5090,#5018,#5121,.T.);
#5121 = CIRCLE('',#5122,0.7);
#5122 = AXIS2_PLACEMENT_3D('',#5123,#5124,#5125);
#5123 = CARTESIAN_POINT('',(34.407048514097,88.682194564389,
    1.600050800102));
#5124 = DIRECTION('',(0.,0.,1.));
#5125 = DIRECTION('',(1.110223024625E-16,-1.,0.));
#5126 = ORIENTED_EDGE('',*,*,#5015,.F.);
#5127 = ORIENTED_EDGE('',*,*,#5128,.F.);
#5128 = EDGE_CURVE('',#5098,#5016,#5129,.T.);
#5129 = CIRCLE('',#5130,0.7);
#5130 = AXIS2_PLACEMENT_3D('',#5131,#5132,#5133);
#5131 = CARTESIAN_POINT('',(34.407048514097,88.682194564389,0.));
#5132 = DIRECTION('',(0.,0.,1.));
#5133 = DIRECTION('',(1.110223024625E-16,-1.,0.));
#5134 = CYLINDRICAL_SURFACE('',#5135,0.7);
#5135 = AXIS2_PLACEMENT_3D('',#5136,#5137,#5138);
#5136 = CARTESIAN_POINT('',(34.407048514097,88.682194564389,0.));
#5137 = DIRECTION('',(-0.,-0.,-1.));
#5138 = DIRECTION('',(1.110223024625E-16,-1.,0.));
#5139 = ADVANCED_FACE('',(#5140),#5174,.T.);
#5140 = FACE_BOUND('',#5141,.T.);
#5141 = EDGE_LOOP('',(#5142,#5152,#5160,#5168));
#5142 = ORIENTED_EDGE('',*,*,#5143,.T.);
#5143 = EDGE_CURVE('',#5144,#5146,#5148,.T.);
#5144 = VERTEX_POINT('',#5145);
#5145 = CARTESIAN_POINT('',(34.407048514097,81.182245364491,0.));
#5146 = VERTEX_POINT('',#5147);
#5147 = CARTESIAN_POINT('',(34.407048514097,81.182245364491,
    1.600050800102));
#5148 = LINE('',#5149,#5150);
#5149 = CARTESIAN_POINT('',(34.407048514097,81.182245364491,0.));
#5150 = VECTOR('',#5151,1.);
#5151 = DIRECTION('',(0.,0.,1.));
#5152 = ORIENTED_EDGE('',*,*,#5153,.T.);
#5153 = EDGE_CURVE('',#5146,#5154,#5156,.T.);
#5154 = VERTEX_POINT('',#5155);
#5155 = CARTESIAN_POINT('',(30.307048514097,81.182245364491,
    1.600050800102));
#5156 = LINE('',#5157,#5158);
#5157 = CARTESIAN_POINT('',(34.407048514097,81.182245364491,
    1.600050800102));
#5158 = VECTOR('',#5159,1.);
#5159 = DIRECTION('',(-1.,0.,0.));
#5160 = ORIENTED_EDGE('',*,*,#5161,.F.);
#5161 = EDGE_CURVE('',#5162,#5154,#5164,.T.);
#5162 = VERTEX_POINT('',#5163);
#5163 = CARTESIAN_POINT('',(30.307048514097,81.182245364491,0.));
#5164 = LINE('',#5165,#5166);
#5165 = CARTESIAN_POINT('',(30.307048514097,81.182245364491,0.));
#5166 = VECTOR('',#5167,1.);
#5167 = DIRECTION('',(0.,0.,1.));
#5168 = ORIENTED_EDGE('',*,*,#5169,.F.);
#5169 = EDGE_CURVE('',#5144,#5162,#5170,.T.);
#5170 = LINE('',#5171,#5172);
#5171 = CARTESIAN_POINT('',(34.407048514097,81.182245364491,0.));
#5172 = VECTOR('',#5173,1.);
#5173 = DIRECTION('',(-1.,0.,0.));
#5174 = PLANE('',#5175);
#5175 = AXIS2_PLACEMENT_3D('',#5176,#5177,#5178);
#5176 = CARTESIAN_POINT('',(34.407048514097,81.182245364491,0.));
#5177 = DIRECTION('',(0.,-1.,0.));
#5178 = DIRECTION('',(-1.,0.,0.));
#5179 = ADVANCED_FACE('',(#5180),#5207,.F.);
#5180 = FACE_BOUND('',#5181,.T.);
#5181 = EDGE_LOOP('',(#5182,#5183,#5192,#5200));
#5182 = ORIENTED_EDGE('',*,*,#5161,.T.);
#5183 = ORIENTED_EDGE('',*,*,#5184,.T.);
#5184 = EDGE_CURVE('',#5154,#5185,#5187,.T.);
#5185 = VERTEX_POINT('',#5186);
#5186 = CARTESIAN_POINT('',(30.307048514097,79.782245364491,
    1.600050800102));
#5187 = CIRCLE('',#5188,0.7);
#5188 = AXIS2_PLACEMENT_3D('',#5189,#5190,#5191);
#5189 = CARTESIAN_POINT('',(30.307048514097,80.482245364491,
    1.600050800102));
#5190 = DIRECTION('',(0.,0.,1.));
#5191 = DIRECTION('',(-1.110223024625E-16,1.,0.));
#5192 = ORIENTED_EDGE('',*,*,#5193,.F.);
#5193 = EDGE_CURVE('',#5194,#5185,#5196,.T.);
#5194 = VERTEX_POINT('',#5195);
#5195 = CARTESIAN_POINT('',(30.307048514097,79.782245364491,0.));
#5196 = LINE('',#5197,#5198);
#5197 = CARTESIAN_POINT('',(30.307048514097,79.782245364491,0.));
#5198 = VECTOR('',#5199,1.);
#5199 = DIRECTION('',(0.,0.,1.));
#5200 = ORIENTED_EDGE('',*,*,#5201,.F.);
#5201 = EDGE_CURVE('',#5162,#5194,#5202,.T.);
#5202 = CIRCLE('',#5203,0.7);
#5203 = AXIS2_PLACEMENT_3D('',#5204,#5205,#5206);
#5204 = CARTESIAN_POINT('',(30.307048514097,80.482245364491,0.));
#5205 = DIRECTION('',(0.,0.,1.));
#5206 = DIRECTION('',(-1.110223024625E-16,1.,0.));
#5207 = CYLINDRICAL_SURFACE('',#5208,0.7);
#5208 = AXIS2_PLACEMENT_3D('',#5209,#5210,#5211);
#5209 = CARTESIAN_POINT('',(30.307048514097,80.482245364491,0.));
#5210 = DIRECTION('',(-0.,-0.,-1.));
#5211 = DIRECTION('',(-1.110223024625E-16,1.,0.));
#5212 = ADVANCED_FACE('',(#5213),#5238,.T.);
#5213 = FACE_BOUND('',#5214,.T.);
#5214 = EDGE_LOOP('',(#5215,#5216,#5224,#5232));
#5215 = ORIENTED_EDGE('',*,*,#5193,.T.);
#5216 = ORIENTED_EDGE('',*,*,#5217,.T.);
#5217 = EDGE_CURVE('',#5185,#5218,#5220,.T.);
#5218 = VERTEX_POINT('',#5219);
#5219 = CARTESIAN_POINT('',(34.407048514097,79.782245364491,
    1.600050800102));
#5220 = LINE('',#5221,#5222);
#5221 = CARTESIAN_POINT('',(30.307048514097,79.782245364491,
    1.600050800102));
#5222 = VECTOR('',#5223,1.);
#5223 = DIRECTION('',(1.,-3.466062125659E-15,0.));
#5224 = ORIENTED_EDGE('',*,*,#5225,.F.);
#5225 = EDGE_CURVE('',#5226,#5218,#5228,.T.);
#5226 = VERTEX_POINT('',#5227);
#5227 = CARTESIAN_POINT('',(34.407048514097,79.782245364491,0.));
#5228 = LINE('',#5229,#5230);
#5229 = CARTESIAN_POINT('',(34.407048514097,79.782245364491,0.));
#5230 = VECTOR('',#5231,1.);
#5231 = DIRECTION('',(0.,0.,1.));
#5232 = ORIENTED_EDGE('',*,*,#5233,.F.);
#5233 = EDGE_CURVE('',#5194,#5226,#5234,.T.);
#5234 = LINE('',#5235,#5236);
#5235 = CARTESIAN_POINT('',(30.307048514097,79.782245364491,0.));
#5236 = VECTOR('',#5237,1.);
#5237 = DIRECTION('',(1.,-3.466062125659E-15,0.));
#5238 = PLANE('',#5239);
#5239 = AXIS2_PLACEMENT_3D('',#5240,#5241,#5242);
#5240 = CARTESIAN_POINT('',(30.307048514097,79.782245364491,0.));
#5241 = DIRECTION('',(3.466062125659E-15,1.,-0.));
#5242 = DIRECTION('',(1.,-3.466062125659E-15,0.));
#5243 = ADVANCED_FACE('',(#5244),#5262,.F.);
#5244 = FACE_BOUND('',#5245,.T.);
#5245 = EDGE_LOOP('',(#5246,#5247,#5254,#5255));
#5246 = ORIENTED_EDGE('',*,*,#5225,.T.);
#5247 = ORIENTED_EDGE('',*,*,#5248,.T.);
#5248 = EDGE_CURVE('',#5218,#5146,#5249,.T.);
#5249 = CIRCLE('',#5250,0.7);
#5250 = AXIS2_PLACEMENT_3D('',#5251,#5252,#5253);
#5251 = CARTESIAN_POINT('',(34.407048514097,80.482245364491,
    1.600050800102));
#5252 = DIRECTION('',(0.,0.,1.));
#5253 = DIRECTION('',(1.110223024625E-16,-1.,0.));
#5254 = ORIENTED_EDGE('',*,*,#5143,.F.);
#5255 = ORIENTED_EDGE('',*,*,#5256,.F.);
#5256 = EDGE_CURVE('',#5226,#5144,#5257,.T.);
#5257 = CIRCLE('',#5258,0.7);
#5258 = AXIS2_PLACEMENT_3D('',#5259,#5260,#5261);
#5259 = CARTESIAN_POINT('',(34.407048514097,80.482245364491,0.));
#5260 = DIRECTION('',(0.,0.,1.));
#5261 = DIRECTION('',(1.110223024625E-16,-1.,0.));
#5262 = CYLINDRICAL_SURFACE('',#5263,0.7);
#5263 = AXIS2_PLACEMENT_3D('',#5264,#5265,#5266);
#5264 = CARTESIAN_POINT('',(34.407048514097,80.482245364491,0.));
#5265 = DIRECTION('',(-0.,-0.,-1.));
#5266 = DIRECTION('',(1.110223024625E-16,-1.,0.));
#5267 = ADVANCED_FACE('',(#5268),#5302,.T.);
#5268 = FACE_BOUND('',#5269,.T.);
#5269 = EDGE_LOOP('',(#5270,#5280,#5288,#5296));
#5270 = ORIENTED_EDGE('',*,*,#5271,.T.);
#5271 = EDGE_CURVE('',#5272,#5274,#5276,.T.);
#5272 = VERTEX_POINT('',#5273);
#5273 = CARTESIAN_POINT('',(45.546141732283,85.345500381001,0.));
#5274 = VERTEX_POINT('',#5275);
#5275 = CARTESIAN_POINT('',(45.546141732283,85.345500381001,
    1.600050800102));
#5276 = LINE('',#5277,#5278);
#5277 = CARTESIAN_POINT('',(45.546141732283,85.345500381001,0.));
#5278 = VECTOR('',#5279,1.);
#5279 = DIRECTION('',(0.,0.,1.));
#5280 = ORIENTED_EDGE('',*,*,#5281,.T.);
#5281 = EDGE_CURVE('',#5274,#5282,#5284,.T.);
#5282 = VERTEX_POINT('',#5283);
#5283 = CARTESIAN_POINT('',(31.046111252223,85.345500381001,
    1.600050800102));
#5284 = LINE('',#5285,#5286);
#5285 = CARTESIAN_POINT('',(45.546141732283,85.345500381001,
    1.600050800102));
#5286 = VECTOR('',#5287,1.);
#5287 = DIRECTION('',(-1.,0.,0.));
#5288 = ORIENTED_EDGE('',*,*,#5289,.F.);
#5289 = EDGE_CURVE('',#5290,#5282,#5292,.T.);
#5290 = VERTEX_POINT('',#5291);
#5291 = CARTESIAN_POINT('',(31.046111252223,85.345500381001,0.));
#5292 = LINE('',#5293,#5294);
#5293 = CARTESIAN_POINT('',(31.046111252223,85.345500381001,0.));
#5294 = VECTOR('',#5295,1.);
#5295 = DIRECTION('',(0.,0.,1.));
#5296 = ORIENTED_EDGE('',*,*,#5297,.F.);
#5297 = EDGE_CURVE('',#5272,#5290,#5298,.T.);
#5298 = LINE('',#5299,#5300);
#5299 = CARTESIAN_POINT('',(45.546141732283,85.345500381001,0.));
#5300 = VECTOR('',#5301,1.);
#5301 = DIRECTION('',(-1.,0.,0.));
#5302 = PLANE('',#5303);
#5303 = AXIS2_PLACEMENT_3D('',#5304,#5305,#5306);
#5304 = CARTESIAN_POINT('',(45.546141732283,85.345500381001,0.));
#5305 = DIRECTION('',(0.,-1.,0.));
#5306 = DIRECTION('',(-1.,0.,0.));
#5307 = ADVANCED_FACE('',(#5308),#5335,.F.);
#5308 = FACE_BOUND('',#5309,.T.);
#5309 = EDGE_LOOP('',(#5310,#5311,#5320,#5328));
#5310 = ORIENTED_EDGE('',*,*,#5289,.T.);
#5311 = ORIENTED_EDGE('',*,*,#5312,.T.);
#5312 = EDGE_CURVE('',#5282,#5313,#5315,.T.);
#5313 = VERTEX_POINT('',#5314);
#5314 = CARTESIAN_POINT('',(31.046111252223,83.845497840996,
    1.600050800102));
#5315 = CIRCLE('',#5316,0.750001270003);
#5316 = AXIS2_PLACEMENT_3D('',#5317,#5318,#5319);
#5317 = CARTESIAN_POINT('',(31.046111252223,84.595499110998,
    1.600050800102));
#5318 = DIRECTION('',(0.,0.,1.));
#5319 = DIRECTION('',(-1.110223024625E-16,1.,0.));
#5320 = ORIENTED_EDGE('',*,*,#5321,.F.);
#5321 = EDGE_CURVE('',#5322,#5313,#5324,.T.);
#5322 = VERTEX_POINT('',#5323);
#5323 = CARTESIAN_POINT('',(31.046111252223,83.845497840996,0.));
#5324 = LINE('',#5325,#5326);
#5325 = CARTESIAN_POINT('',(31.046111252223,83.845497840996,0.));
#5326 = VECTOR('',#5327,1.);
#5327 = DIRECTION('',(0.,0.,1.));
#5328 = ORIENTED_EDGE('',*,*,#5329,.F.);
#5329 = EDGE_CURVE('',#5290,#5322,#5330,.T.);
#5330 = CIRCLE('',#5331,0.750001270003);
#5331 = AXIS2_PLACEMENT_3D('',#5332,#5333,#5334);
#5332 = CARTESIAN_POINT('',(31.046111252223,84.595499110998,0.));
#5333 = DIRECTION('',(0.,0.,1.));
#5334 = DIRECTION('',(-1.110223024625E-16,1.,0.));
#5335 = CYLINDRICAL_SURFACE('',#5336,0.750001270003);
#5336 = AXIS2_PLACEMENT_3D('',#5337,#5338,#5339);
#5337 = CARTESIAN_POINT('',(31.046111252223,84.595499110998,0.));
#5338 = DIRECTION('',(-0.,-0.,-1.));
#5339 = DIRECTION('',(-1.110223024625E-16,1.,0.));
#5340 = ADVANCED_FACE('',(#5341),#5366,.T.);
#5341 = FACE_BOUND('',#5342,.T.);
#5342 = EDGE_LOOP('',(#5343,#5344,#5352,#5360));
#5343 = ORIENTED_EDGE('',*,*,#5321,.T.);
#5344 = ORIENTED_EDGE('',*,*,#5345,.T.);
#5345 = EDGE_CURVE('',#5313,#5346,#5348,.T.);
#5346 = VERTEX_POINT('',#5347);
#5347 = CARTESIAN_POINT('',(45.546141732283,83.845497840996,
    1.600050800102));
#5348 = LINE('',#5349,#5350);
#5349 = CARTESIAN_POINT('',(31.046111252223,83.845497840996,
    1.600050800102));
#5350 = VECTOR('',#5351,1.);
#5351 = DIRECTION('',(1.,0.,0.));
#5352 = ORIENTED_EDGE('',*,*,#5353,.F.);
#5353 = EDGE_CURVE('',#5354,#5346,#5356,.T.);
#5354 = VERTEX_POINT('',#5355);
#5355 = CARTESIAN_POINT('',(45.546141732283,83.845497840996,0.));
#5356 = LINE('',#5357,#5358);
#5357 = CARTESIAN_POINT('',(45.546141732283,83.845497840996,0.));
#5358 = VECTOR('',#5359,1.);
#5359 = DIRECTION('',(0.,0.,1.));
#5360 = ORIENTED_EDGE('',*,*,#5361,.F.);
#5361 = EDGE_CURVE('',#5322,#5354,#5362,.T.);
#5362 = LINE('',#5363,#5364);
#5363 = CARTESIAN_POINT('',(31.046111252223,83.845497840996,0.));
#5364 = VECTOR('',#5365,1.);
#5365 = DIRECTION('',(1.,0.,0.));
#5366 = PLANE('',#5367);
#5367 = AXIS2_PLACEMENT_3D('',#5368,#5369,#5370);
#5368 = CARTESIAN_POINT('',(31.046111252223,83.845497840996,0.));
#5369 = DIRECTION('',(0.,1.,0.));
#5370 = DIRECTION('',(1.,0.,0.));
#5371 = ADVANCED_FACE('',(#5372),#5390,.F.);
#5372 = FACE_BOUND('',#5373,.T.);
#5373 = EDGE_LOOP('',(#5374,#5375,#5382,#5383));
#5374 = ORIENTED_EDGE('',*,*,#5353,.T.);
#5375 = ORIENTED_EDGE('',*,*,#5376,.T.);
#5376 = EDGE_CURVE('',#5346,#5274,#5377,.T.);
#5377 = CIRCLE('',#5378,0.750001270003);
#5378 = AXIS2_PLACEMENT_3D('',#5379,#5380,#5381);
#5379 = CARTESIAN_POINT('',(45.546141732283,84.595499110998,
    1.600050800102));
#5380 = DIRECTION('',(0.,0.,1.));
#5381 = DIRECTION('',(1.110223024625E-16,-1.,0.));
#5382 = ORIENTED_EDGE('',*,*,#5271,.F.);
#5383 = ORIENTED_EDGE('',*,*,#5384,.F.);
#5384 = EDGE_CURVE('',#5354,#5272,#5385,.T.);
#5385 = CIRCLE('',#5386,0.750001270003);
#5386 = AXIS2_PLACEMENT_3D('',#5387,#5388,#5389);
#5387 = CARTESIAN_POINT('',(45.546141732283,84.595499110998,0.));
#5388 = DIRECTION('',(0.,0.,1.));
#5389 = DIRECTION('',(1.110223024625E-16,-1.,0.));
#5390 = CYLINDRICAL_SURFACE('',#5391,0.750001270003);
#5391 = AXIS2_PLACEMENT_3D('',#5392,#5393,#5394);
#5392 = CARTESIAN_POINT('',(45.546141732283,84.595499110998,0.));
#5393 = DIRECTION('',(-0.,-0.,-1.));
#5394 = DIRECTION('',(1.110223024625E-16,-1.,0.));
#5395 = ADVANCED_FACE('',(#5396),#5432,.F.);
#5396 = FACE_BOUND('',#5397,.T.);
#5397 = EDGE_LOOP('',(#5398,#5408,#5417,#5425));
#5398 = ORIENTED_EDGE('',*,*,#5399,.T.);
#5399 = EDGE_CURVE('',#5400,#5402,#5404,.T.);
#5400 = VERTEX_POINT('',#5401);
#5401 = CARTESIAN_POINT('',(32.427063754128,97.790195580391,0.));
#5402 = VERTEX_POINT('',#5403);
#5403 = CARTESIAN_POINT('',(32.427063754128,97.790195580391,
    1.600050800102));
#5404 = LINE('',#5405,#5406);
#5405 = CARTESIAN_POINT('',(32.427063754128,97.790195580391,0.));
#5406 = VECTOR('',#5407,1.);
#5407 = DIRECTION('',(0.,0.,1.));
#5408 = ORIENTED_EDGE('',*,*,#5409,.T.);
#5409 = EDGE_CURVE('',#5402,#5410,#5412,.T.);
#5410 = VERTEX_POINT('',#5411);
#5411 = CARTESIAN_POINT('',(31.327063754128,97.790195580391,
    1.600050800102));
#5412 = CIRCLE('',#5413,0.55);
#5413 = AXIS2_PLACEMENT_3D('',#5414,#5415,#5416);
#5414 = CARTESIAN_POINT('',(31.877063754128,97.790195580391,
    1.600050800102));
#5415 = DIRECTION('',(0.,0.,1.));
#5416 = DIRECTION('',(1.,1.110223024625E-16,-0.));
#5417 = ORIENTED_EDGE('',*,*,#5418,.F.);
#5418 = EDGE_CURVE('',#5419,#5410,#5421,.T.);
#5419 = VERTEX_POINT('',#5420);
#5420 = CARTESIAN_POINT('',(31.327063754128,97.790195580391,0.));
#5421 = LINE('',#5422,#5423);
#5422 = CARTESIAN_POINT('',(31.327063754128,97.790195580391,0.));
#5423 = VECTOR('',#5424,1.);
#5424 = DIRECTION('',(0.,0.,1.));
#5425 = ORIENTED_EDGE('',*,*,#5426,.F.);
#5426 = EDGE_CURVE('',#5400,#5419,#5427,.T.);
#5427 = CIRCLE('',#5428,0.55);
#5428 = AXIS2_PLACEMENT_3D('',#5429,#5430,#5431);
#5429 = CARTESIAN_POINT('',(31.877063754128,97.790195580391,0.));
#5430 = DIRECTION('',(0.,0.,1.));
#5431 = DIRECTION('',(1.,1.110223024625E-16,-0.));
#5432 = CYLINDRICAL_SURFACE('',#5433,0.55);
#5433 = AXIS2_PLACEMENT_3D('',#5434,#5435,#5436);
#5434 = CARTESIAN_POINT('',(31.877063754128,97.790195580391,0.));
#5435 = DIRECTION('',(-0.,-0.,-1.));
#5436 = DIRECTION('',(1.,1.110223024625E-16,-0.));
#5437 = ADVANCED_FACE('',(#5438),#5456,.F.);
#5438 = FACE_BOUND('',#5439,.T.);
#5439 = EDGE_LOOP('',(#5440,#5441,#5448,#5449));
#5440 = ORIENTED_EDGE('',*,*,#5418,.T.);
#5441 = ORIENTED_EDGE('',*,*,#5442,.T.);
#5442 = EDGE_CURVE('',#5410,#5402,#5443,.T.);
#5443 = CIRCLE('',#5444,0.55);
#5444 = AXIS2_PLACEMENT_3D('',#5445,#5446,#5447);
#5445 = CARTESIAN_POINT('',(31.877063754128,97.790195580391,
    1.600050800102));
#5446 = DIRECTION('',(0.,0.,1.));
#5447 = DIRECTION('',(-1.,-1.110223024625E-16,0.));
#5448 = ORIENTED_EDGE('',*,*,#5399,.F.);
#5449 = ORIENTED_EDGE('',*,*,#5450,.F.);
#5450 = EDGE_CURVE('',#5419,#5400,#5451,.T.);
#5451 = CIRCLE('',#5452,0.55);
#5452 = AXIS2_PLACEMENT_3D('',#5453,#5454,#5455);
#5453 = CARTESIAN_POINT('',(31.877063754128,97.790195580391,0.));
#5454 = DIRECTION('',(0.,0.,1.));
#5455 = DIRECTION('',(-1.,-1.110223024625E-16,0.));
#5456 = CYLINDRICAL_SURFACE('',#5457,0.55);
#5457 = AXIS2_PLACEMENT_3D('',#5458,#5459,#5460);
#5458 = CARTESIAN_POINT('',(31.877063754128,97.790195580391,0.));
#5459 = DIRECTION('',(-0.,-0.,-1.));
#5460 = DIRECTION('',(-1.,-1.110223024625E-16,0.));
#5461 = ADVANCED_FACE('',(#5462),#5498,.F.);
#5462 = FACE_BOUND('',#5463,.T.);
#5463 = EDGE_LOOP('',(#5464,#5474,#5483,#5491));
#5464 = ORIENTED_EDGE('',*,*,#5465,.T.);
#5465 = EDGE_CURVE('',#5466,#5468,#5470,.T.);
#5466 = VERTEX_POINT('',#5467);
#5467 = CARTESIAN_POINT('',(32.427063754128,95.250190500381,0.));
#5468 = VERTEX_POINT('',#5469);
#5469 = CARTESIAN_POINT('',(32.427063754128,95.250190500381,
    1.600050800102));
#5470 = LINE('',#5471,#5472);
#5471 = CARTESIAN_POINT('',(32.427063754128,95.250190500381,0.));
#5472 = VECTOR('',#5473,1.);
#5473 = DIRECTION('',(0.,0.,1.));
#5474 = ORIENTED_EDGE('',*,*,#5475,.T.);
#5475 = EDGE_CURVE('',#5468,#5476,#5478,.T.);
#5476 = VERTEX_POINT('',#5477);
#5477 = CARTESIAN_POINT('',(31.327063754128,95.250190500381,
    1.600050800102));
#5478 = CIRCLE('',#5479,0.55);
#5479 = AXIS2_PLACEMENT_3D('',#5480,#5481,#5482);
#5480 = CARTESIAN_POINT('',(31.877063754128,95.250190500381,
    1.600050800102));
#5481 = DIRECTION('',(0.,0.,1.));
#5482 = DIRECTION('',(1.,1.110223024625E-16,-0.));
#5483 = ORIENTED_EDGE('',*,*,#5484,.F.);
#5484 = EDGE_CURVE('',#5485,#5476,#5487,.T.);
#5485 = VERTEX_POINT('',#5486);
#5486 = CARTESIAN_POINT('',(31.327063754128,95.250190500381,0.));
#5487 = LINE('',#5488,#5489);
#5488 = CARTESIAN_POINT('',(31.327063754128,95.250190500381,0.));
#5489 = VECTOR('',#5490,1.);
#5490 = DIRECTION('',(0.,0.,1.));
#5491 = ORIENTED_EDGE('',*,*,#5492,.F.);
#5492 = EDGE_CURVE('',#5466,#5485,#5493,.T.);
#5493 = CIRCLE('',#5494,0.55);
#5494 = AXIS2_PLACEMENT_3D('',#5495,#5496,#5497);
#5495 = CARTESIAN_POINT('',(31.877063754128,95.250190500381,0.));
#5496 = DIRECTION('',(0.,0.,1.));
#5497 = DIRECTION('',(1.,1.110223024625E-16,-0.));
#5498 = CYLINDRICAL_SURFACE('',#5499,0.55);
#5499 = AXIS2_PLACEMENT_3D('',#5500,#5501,#5502);
#5500 = CARTESIAN_POINT('',(31.877063754128,95.250190500381,0.));
#5501 = DIRECTION('',(-0.,-0.,-1.));
#5502 = DIRECTION('',(1.,1.110223024625E-16,-0.));
#5503 = ADVANCED_FACE('',(#5504),#5522,.F.);
#5504 = FACE_BOUND('',#5505,.T.);
#5505 = EDGE_LOOP('',(#5506,#5507,#5514,#5515));
#5506 = ORIENTED_EDGE('',*,*,#5484,.T.);
#5507 = ORIENTED_EDGE('',*,*,#5508,.T.);
#5508 = EDGE_CURVE('',#5476,#5468,#5509,.T.);
#5509 = CIRCLE('',#5510,0.55);
#5510 = AXIS2_PLACEMENT_3D('',#5511,#5512,#5513);
#5511 = CARTESIAN_POINT('',(31.877063754128,95.250190500381,
    1.600050800102));
#5512 = DIRECTION('',(0.,0.,1.));
#5513 = DIRECTION('',(-1.,-1.110223024625E-16,0.));
#5514 = ORIENTED_EDGE('',*,*,#5465,.F.);
#5515 = ORIENTED_EDGE('',*,*,#5516,.F.);
#5516 = EDGE_CURVE('',#5485,#5466,#5517,.T.);
#5517 = CIRCLE('',#5518,0.55);
#5518 = AXIS2_PLACEMENT_3D('',#5519,#5520,#5521);
#5519 = CARTESIAN_POINT('',(31.877063754128,95.250190500381,0.));
#5520 = DIRECTION('',(0.,0.,1.));
#5521 = DIRECTION('',(-1.,-1.110223024625E-16,0.));
#5522 = CYLINDRICAL_SURFACE('',#5523,0.55);
#5523 = AXIS2_PLACEMENT_3D('',#5524,#5525,#5526);
#5524 = CARTESIAN_POINT('',(31.877063754128,95.250190500381,0.));
#5525 = DIRECTION('',(-0.,-0.,-1.));
#5526 = DIRECTION('',(-1.,-1.110223024625E-16,0.));
#5527 = ADVANCED_FACE('',(#5528),#5564,.F.);
#5528 = FACE_BOUND('',#5529,.T.);
#5529 = EDGE_LOOP('',(#5530,#5540,#5549,#5557));
#5530 = ORIENTED_EDGE('',*,*,#5531,.T.);
#5531 = EDGE_CURVE('',#5532,#5534,#5536,.T.);
#5532 = VERTEX_POINT('',#5533);
#5533 = CARTESIAN_POINT('',(34.967068834138,97.790195580391,0.));
#5534 = VERTEX_POINT('',#5535);
#5535 = CARTESIAN_POINT('',(34.967068834138,97.790195580391,
    1.600050800102));
#5536 = LINE('',#5537,#5538);
#5537 = CARTESIAN_POINT('',(34.967068834138,97.790195580391,0.));
#5538 = VECTOR('',#5539,1.);
#5539 = DIRECTION('',(0.,0.,1.));
#5540 = ORIENTED_EDGE('',*,*,#5541,.T.);
#5541 = EDGE_CURVE('',#5534,#5542,#5544,.T.);
#5542 = VERTEX_POINT('',#5543);
#5543 = CARTESIAN_POINT('',(33.867068834138,97.790195580391,
    1.600050800102));
#5544 = CIRCLE('',#5545,0.55);
#5545 = AXIS2_PLACEMENT_3D('',#5546,#5547,#5548);
#5546 = CARTESIAN_POINT('',(34.417068834138,97.790195580391,
    1.600050800102));
#5547 = DIRECTION('',(0.,0.,1.));
#5548 = DIRECTION('',(1.,1.110223024625E-16,-0.));
#5549 = ORIENTED_EDGE('',*,*,#5550,.F.);
#5550 = EDGE_CURVE('',#5551,#5542,#5553,.T.);
#5551 = VERTEX_POINT('',#5552);
#5552 = CARTESIAN_POINT('',(33.867068834138,97.790195580391,0.));
#5553 = LINE('',#5554,#5555);
#5554 = CARTESIAN_POINT('',(33.867068834138,97.790195580391,0.));
#5555 = VECTOR('',#5556,1.);
#5556 = DIRECTION('',(0.,0.,1.));
#5557 = ORIENTED_EDGE('',*,*,#5558,.F.);
#5558 = EDGE_CURVE('',#5532,#5551,#5559,.T.);
#5559 = CIRCLE('',#5560,0.55);
#5560 = AXIS2_PLACEMENT_3D('',#5561,#5562,#5563);
#5561 = CARTESIAN_POINT('',(34.417068834138,97.790195580391,0.));
#5562 = DIRECTION('',(0.,0.,1.));
#5563 = DIRECTION('',(1.,1.110223024625E-16,-0.));
#5564 = CYLINDRICAL_SURFACE('',#5565,0.55);
#5565 = AXIS2_PLACEMENT_3D('',#5566,#5567,#5568);
#5566 = CARTESIAN_POINT('',(34.417068834138,97.790195580391,0.));
#5567 = DIRECTION('',(-0.,-0.,-1.));
#5568 = DIRECTION('',(1.,1.110223024625E-16,-0.));
#5569 = ADVANCED_FACE('',(#5570),#5588,.F.);
#5570 = FACE_BOUND('',#5571,.T.);
#5571 = EDGE_LOOP('',(#5572,#5573,#5580,#5581));
#5572 = ORIENTED_EDGE('',*,*,#5550,.T.);
#5573 = ORIENTED_EDGE('',*,*,#5574,.T.);
#5574 = EDGE_CURVE('',#5542,#5534,#5575,.T.);
#5575 = CIRCLE('',#5576,0.55);
#5576 = AXIS2_PLACEMENT_3D('',#5577,#5578,#5579);
#5577 = CARTESIAN_POINT('',(34.417068834138,97.790195580391,
    1.600050800102));
#5578 = DIRECTION('',(0.,0.,1.));
#5579 = DIRECTION('',(-1.,-1.110223024625E-16,0.));
#5580 = ORIENTED_EDGE('',*,*,#5531,.F.);
#5581 = ORIENTED_EDGE('',*,*,#5582,.F.);
#5582 = EDGE_CURVE('',#5551,#5532,#5583,.T.);
#5583 = CIRCLE('',#5584,0.55);
#5584 = AXIS2_PLACEMENT_3D('',#5585,#5586,#5587);
#5585 = CARTESIAN_POINT('',(34.417068834138,97.790195580391,0.));
#5586 = DIRECTION('',(0.,0.,1.));
#5587 = DIRECTION('',(-1.,-1.110223024625E-16,0.));
#5588 = CYLINDRICAL_SURFACE('',#5589,0.55);
#5589 = AXIS2_PLACEMENT_3D('',#5590,#5591,#5592);
#5590 = CARTESIAN_POINT('',(34.417068834138,97.790195580391,0.));
#5591 = DIRECTION('',(-0.,-0.,-1.));
#5592 = DIRECTION('',(-1.,-1.110223024625E-16,0.));
#5593 = ADVANCED_FACE('',(#5594),#5630,.F.);
#5594 = FACE_BOUND('',#5595,.T.);
#5595 = EDGE_LOOP('',(#5596,#5606,#5615,#5623));
#5596 = ORIENTED_EDGE('',*,*,#5597,.T.);
#5597 = EDGE_CURVE('',#5598,#5600,#5602,.T.);
#5598 = VERTEX_POINT('',#5599);
#5599 = CARTESIAN_POINT('',(34.967068834138,95.250190500381,0.));
#5600 = VERTEX_POINT('',#5601);
#5601 = CARTESIAN_POINT('',(34.967068834138,95.250190500381,
    1.600050800102));
#5602 = LINE('',#5603,#5604);
#5603 = CARTESIAN_POINT('',(34.967068834138,95.250190500381,0.));
#5604 = VECTOR('',#5605,1.);
#5605 = DIRECTION('',(0.,0.,1.));
#5606 = ORIENTED_EDGE('',*,*,#5607,.T.);
#5607 = EDGE_CURVE('',#5600,#5608,#5610,.T.);
#5608 = VERTEX_POINT('',#5609);
#5609 = CARTESIAN_POINT('',(33.867068834138,95.250190500381,
    1.600050800102));
#5610 = CIRCLE('',#5611,0.55);
#5611 = AXIS2_PLACEMENT_3D('',#5612,#5613,#5614);
#5612 = CARTESIAN_POINT('',(34.417068834138,95.250190500381,
    1.600050800102));
#5613 = DIRECTION('',(0.,0.,1.));
#5614 = DIRECTION('',(1.,1.110223024625E-16,-0.));
#5615 = ORIENTED_EDGE('',*,*,#5616,.F.);
#5616 = EDGE_CURVE('',#5617,#5608,#5619,.T.);
#5617 = VERTEX_POINT('',#5618);
#5618 = CARTESIAN_POINT('',(33.867068834138,95.250190500381,0.));
#5619 = LINE('',#5620,#5621);
#5620 = CARTESIAN_POINT('',(33.867068834138,95.250190500381,0.));
#5621 = VECTOR('',#5622,1.);
#5622 = DIRECTION('',(0.,0.,1.));
#5623 = ORIENTED_EDGE('',*,*,#5624,.F.);
#5624 = EDGE_CURVE('',#5598,#5617,#5625,.T.);
#5625 = CIRCLE('',#5626,0.55);
#5626 = AXIS2_PLACEMENT_3D('',#5627,#5628,#5629);
#5627 = CARTESIAN_POINT('',(34.417068834138,95.250190500381,0.));
#5628 = DIRECTION('',(0.,0.,1.));
#5629 = DIRECTION('',(1.,1.110223024625E-16,-0.));
#5630 = CYLINDRICAL_SURFACE('',#5631,0.55);
#5631 = AXIS2_PLACEMENT_3D('',#5632,#5633,#5634);
#5632 = CARTESIAN_POINT('',(34.417068834138,95.250190500381,0.));
#5633 = DIRECTION('',(-0.,-0.,-1.));
#5634 = DIRECTION('',(1.,1.110223024625E-16,-0.));
#5635 = ADVANCED_FACE('',(#5636),#5654,.F.);
#5636 = FACE_BOUND('',#5637,.T.);
#5637 = EDGE_LOOP('',(#5638,#5639,#5646,#5647));
#5638 = ORIENTED_EDGE('',*,*,#5616,.T.);
#5639 = ORIENTED_EDGE('',*,*,#5640,.T.);
#5640 = EDGE_CURVE('',#5608,#5600,#5641,.T.);
#5641 = CIRCLE('',#5642,0.55);
#5642 = AXIS2_PLACEMENT_3D('',#5643,#5644,#5645);
#5643 = CARTESIAN_POINT('',(34.417068834138,95.250190500381,
    1.600050800102));
#5644 = DIRECTION('',(0.,0.,1.));
#5645 = DIRECTION('',(-1.,-1.110223024625E-16,0.));
#5646 = ORIENTED_EDGE('',*,*,#5597,.F.);
#5647 = ORIENTED_EDGE('',*,*,#5648,.F.);
#5648 = EDGE_CURVE('',#5617,#5598,#5649,.T.);
#5649 = CIRCLE('',#5650,0.55);
#5650 = AXIS2_PLACEMENT_3D('',#5651,#5652,#5653);
#5651 = CARTESIAN_POINT('',(34.417068834138,95.250190500381,0.));
#5652 = DIRECTION('',(0.,0.,1.));
#5653 = DIRECTION('',(-1.,-1.110223024625E-16,0.));
#5654 = CYLINDRICAL_SURFACE('',#5655,0.55);
#5655 = AXIS2_PLACEMENT_3D('',#5656,#5657,#5658);
#5656 = CARTESIAN_POINT('',(34.417068834138,95.250190500381,0.));
#5657 = DIRECTION('',(-0.,-0.,-1.));
#5658 = DIRECTION('',(-1.,-1.110223024625E-16,0.));
#5659 = ADVANCED_FACE('',(#5660),#5696,.F.);
#5660 = FACE_BOUND('',#5661,.T.);
#5661 = EDGE_LOOP('',(#5662,#5672,#5681,#5689));
#5662 = ORIENTED_EDGE('',*,*,#5663,.T.);
#5663 = EDGE_CURVE('',#5664,#5666,#5668,.T.);
#5664 = VERTEX_POINT('',#5665);
#5665 = CARTESIAN_POINT('',(39.285077470155,97.663195326391,0.));
#5666 = VERTEX_POINT('',#5667);
#5667 = CARTESIAN_POINT('',(39.285077470155,97.663195326391,
    1.600050800102));
#5668 = LINE('',#5669,#5670);
#5669 = CARTESIAN_POINT('',(39.285077470155,97.663195326391,0.));
#5670 = VECTOR('',#5671,1.);
#5671 = DIRECTION('',(0.,0.,1.));
#5672 = ORIENTED_EDGE('',*,*,#5673,.T.);
#5673 = EDGE_CURVE('',#5666,#5674,#5676,.T.);
#5674 = VERTEX_POINT('',#5675);
#5675 = CARTESIAN_POINT('',(38.185077470155,97.663195326391,
    1.600050800102));
#5676 = CIRCLE('',#5677,0.55);
#5677 = AXIS2_PLACEMENT_3D('',#5678,#5679,#5680);
#5678 = CARTESIAN_POINT('',(38.735077470155,97.663195326391,
    1.600050800102));
#5679 = DIRECTION('',(0.,0.,1.));
#5680 = DIRECTION('',(1.,1.110223024625E-16,-0.));
#5681 = ORIENTED_EDGE('',*,*,#5682,.F.);
#5682 = EDGE_CURVE('',#5683,#5674,#5685,.T.);
#5683 = VERTEX_POINT('',#5684);
#5684 = CARTESIAN_POINT('',(38.185077470155,97.663195326391,0.));
#5685 = LINE('',#5686,#5687);
#5686 = CARTESIAN_POINT('',(38.185077470155,97.663195326391,0.));
#5687 = VECTOR('',#5688,1.);
#5688 = DIRECTION('',(0.,0.,1.));
#5689 = ORIENTED_EDGE('',*,*,#5690,.F.);
#5690 = EDGE_CURVE('',#5664,#5683,#5691,.T.);
#5691 = CIRCLE('',#5692,0.55);
#5692 = AXIS2_PLACEMENT_3D('',#5693,#5694,#5695);
#5693 = CARTESIAN_POINT('',(38.735077470155,97.663195326391,0.));
#5694 = DIRECTION('',(0.,0.,1.));
#5695 = DIRECTION('',(1.,1.110223024625E-16,-0.));
#5696 = CYLINDRICAL_SURFACE('',#5697,0.55);
#5697 = AXIS2_PLACEMENT_3D('',#5698,#5699,#5700);
#5698 = CARTESIAN_POINT('',(38.735077470155,97.663195326391,0.));
#5699 = DIRECTION('',(-0.,-0.,-1.));
#5700 = DIRECTION('',(1.,1.110223024625E-16,-0.));
#5701 = ADVANCED_FACE('',(#5702),#5720,.F.);
#5702 = FACE_BOUND('',#5703,.T.);
#5703 = EDGE_LOOP('',(#5704,#5705,#5712,#5713));
#5704 = ORIENTED_EDGE('',*,*,#5682,.T.);
#5705 = ORIENTED_EDGE('',*,*,#5706,.T.);
#5706 = EDGE_CURVE('',#5674,#5666,#5707,.T.);
#5707 = CIRCLE('',#5708,0.55);
#5708 = AXIS2_PLACEMENT_3D('',#5709,#5710,#5711);
#5709 = CARTESIAN_POINT('',(38.735077470155,97.663195326391,
    1.600050800102));
#5710 = DIRECTION('',(0.,0.,1.));
#5711 = DIRECTION('',(-1.,-1.110223024625E-16,0.));
#5712 = ORIENTED_EDGE('',*,*,#5663,.F.);
#5713 = ORIENTED_EDGE('',*,*,#5714,.F.);
#5714 = EDGE_CURVE('',#5683,#5664,#5715,.T.);
#5715 = CIRCLE('',#5716,0.55);
#5716 = AXIS2_PLACEMENT_3D('',#5717,#5718,#5719);
#5717 = CARTESIAN_POINT('',(38.735077470155,97.663195326391,0.));
#5718 = DIRECTION('',(0.,0.,1.));
#5719 = DIRECTION('',(-1.,-1.110223024625E-16,0.));
#5720 = CYLINDRICAL_SURFACE('',#5721,0.55);
#5721 = AXIS2_PLACEMENT_3D('',#5722,#5723,#5724);
#5722 = CARTESIAN_POINT('',(38.735077470155,97.663195326391,0.));
#5723 = DIRECTION('',(-0.,-0.,-1.));
#5724 = DIRECTION('',(-1.,-1.110223024625E-16,0.));
#5725 = ADVANCED_FACE('',(#5726),#5762,.F.);
#5726 = FACE_BOUND('',#5727,.T.);
#5727 = EDGE_LOOP('',(#5728,#5738,#5747,#5755));
#5728 = ORIENTED_EDGE('',*,*,#5729,.T.);
#5729 = EDGE_CURVE('',#5730,#5732,#5734,.T.);
#5730 = VERTEX_POINT('',#5731);
#5731 = CARTESIAN_POINT('',(39.285077470155,95.123190246381,0.));
#5732 = VERTEX_POINT('',#5733);
#5733 = CARTESIAN_POINT('',(39.285077470155,95.123190246381,
    1.600050800102));
#5734 = LINE('',#5735,#5736);
#5735 = CARTESIAN_POINT('',(39.285077470155,95.123190246381,0.));
#5736 = VECTOR('',#5737,1.);
#5737 = DIRECTION('',(0.,0.,1.));
#5738 = ORIENTED_EDGE('',*,*,#5739,.T.);
#5739 = EDGE_CURVE('',#5732,#5740,#5742,.T.);
#5740 = VERTEX_POINT('',#5741);
#5741 = CARTESIAN_POINT('',(38.185077470155,95.123190246381,
    1.600050800102));
#5742 = CIRCLE('',#5743,0.55);
#5743 = AXIS2_PLACEMENT_3D('',#5744,#5745,#5746);
#5744 = CARTESIAN_POINT('',(38.735077470155,95.123190246381,
    1.600050800102));
#5745 = DIRECTION('',(0.,0.,1.));
#5746 = DIRECTION('',(1.,1.110223024625E-16,-0.));
#5747 = ORIENTED_EDGE('',*,*,#5748,.F.);
#5748 = EDGE_CURVE('',#5749,#5740,#5751,.T.);
#5749 = VERTEX_POINT('',#5750);
#5750 = CARTESIAN_POINT('',(38.185077470155,95.123190246381,0.));
#5751 = LINE('',#5752,#5753);
#5752 = CARTESIAN_POINT('',(38.185077470155,95.123190246381,0.));
#5753 = VECTOR('',#5754,1.);
#5754 = DIRECTION('',(0.,0.,1.));
#5755 = ORIENTED_EDGE('',*,*,#5756,.F.);
#5756 = EDGE_CURVE('',#5730,#5749,#5757,.T.);
#5757 = CIRCLE('',#5758,0.55);
#5758 = AXIS2_PLACEMENT_3D('',#5759,#5760,#5761);
#5759 = CARTESIAN_POINT('',(38.735077470155,95.123190246381,0.));
#5760 = DIRECTION('',(0.,0.,1.));
#5761 = DIRECTION('',(1.,1.110223024625E-16,-0.));
#5762 = CYLINDRICAL_SURFACE('',#5763,0.55);
#5763 = AXIS2_PLACEMENT_3D('',#5764,#5765,#5766);
#5764 = CARTESIAN_POINT('',(38.735077470155,95.123190246381,0.));
#5765 = DIRECTION('',(-0.,-0.,-1.));
#5766 = DIRECTION('',(1.,1.110223024625E-16,-0.));
#5767 = ADVANCED_FACE('',(#5768),#5786,.F.);
#5768 = FACE_BOUND('',#5769,.T.);
#5769 = EDGE_LOOP('',(#5770,#5771,#5778,#5779));
#5770 = ORIENTED_EDGE('',*,*,#5748,.T.);
#5771 = ORIENTED_EDGE('',*,*,#5772,.T.);
#5772 = EDGE_CURVE('',#5740,#5732,#5773,.T.);
#5773 = CIRCLE('',#5774,0.55);
#5774 = AXIS2_PLACEMENT_3D('',#5775,#5776,#5777);
#5775 = CARTESIAN_POINT('',(38.735077470155,95.123190246381,
    1.600050800102));
#5776 = DIRECTION('',(0.,0.,1.));
#5777 = DIRECTION('',(-1.,-1.110223024625E-16,0.));
#5778 = ORIENTED_EDGE('',*,*,#5729,.F.);
#5779 = ORIENTED_EDGE('',*,*,#5780,.F.);
#5780 = EDGE_CURVE('',#5749,#5730,#5781,.T.);
#5781 = CIRCLE('',#5782,0.55);
#5782 = AXIS2_PLACEMENT_3D('',#5783,#5784,#5785);
#5783 = CARTESIAN_POINT('',(38.735077470155,95.123190246381,0.));
#5784 = DIRECTION('',(0.,0.,1.));
#5785 = DIRECTION('',(-1.,-1.110223024625E-16,0.));
#5786 = CYLINDRICAL_SURFACE('',#5787,0.55);
#5787 = AXIS2_PLACEMENT_3D('',#5788,#5789,#5790);
#5788 = CARTESIAN_POINT('',(38.735077470155,95.123190246381,0.));
#5789 = DIRECTION('',(-0.,-0.,-1.));
#5790 = DIRECTION('',(-1.,-1.110223024625E-16,0.));
#5791 = ADVANCED_FACE('',(#5792),#5826,.T.);
#5792 = FACE_BOUND('',#5793,.T.);
#5793 = EDGE_LOOP('',(#5794,#5804,#5812,#5820));
#5794 = ORIENTED_EDGE('',*,*,#5795,.T.);
#5795 = EDGE_CURVE('',#5796,#5798,#5800,.T.);
#5796 = VERTEX_POINT('',#5797);
#5797 = CARTESIAN_POINT('',(43.517955295911,87.609225298451,0.));
#5798 = VERTEX_POINT('',#5799);
#5799 = CARTESIAN_POINT('',(43.517955295911,87.609225298451,
    1.600050800102));
#5800 = LINE('',#5801,#5802);
#5801 = CARTESIAN_POINT('',(43.517955295911,87.609225298451,0.));
#5802 = VECTOR('',#5803,1.);
#5803 = DIRECTION('',(0.,0.,1.));
#5804 = ORIENTED_EDGE('',*,*,#5805,.T.);
#5805 = EDGE_CURVE('',#5798,#5806,#5808,.T.);
#5806 = VERTEX_POINT('',#5807);
#5807 = CARTESIAN_POINT('',(39.417955295911,87.609225298451,
    1.600050800102));
#5808 = LINE('',#5809,#5810);
#5809 = CARTESIAN_POINT('',(43.517955295911,87.609225298451,
    1.600050800102));
#5810 = VECTOR('',#5811,1.);
#5811 = DIRECTION('',(-1.,0.,0.));
#5812 = ORIENTED_EDGE('',*,*,#5813,.F.);
#5813 = EDGE_CURVE('',#5814,#5806,#5816,.T.);
#5814 = VERTEX_POINT('',#5815);
#5815 = CARTESIAN_POINT('',(39.417955295911,87.609225298451,0.));
#5816 = LINE('',#5817,#5818);
#5817 = CARTESIAN_POINT('',(39.417955295911,87.609225298451,0.));
#5818 = VECTOR('',#5819,1.);
#5819 = DIRECTION('',(0.,0.,1.));
#5820 = ORIENTED_EDGE('',*,*,#5821,.F.);
#5821 = EDGE_CURVE('',#5796,#5814,#5822,.T.);
#5822 = LINE('',#5823,#5824);
#5823 = CARTESIAN_POINT('',(43.517955295911,87.609225298451,0.));
#5824 = VECTOR('',#5825,1.);
#5825 = DIRECTION('',(-1.,0.,0.));
#5826 = PLANE('',#5827);
#5827 = AXIS2_PLACEMENT_3D('',#5828,#5829,#5830);
#5828 = CARTESIAN_POINT('',(43.517955295911,87.609225298451,0.));
#5829 = DIRECTION('',(0.,-1.,0.));
#5830 = DIRECTION('',(-1.,0.,0.));
#5831 = ADVANCED_FACE('',(#5832),#5859,.F.);
#5832 = FACE_BOUND('',#5833,.T.);
#5833 = EDGE_LOOP('',(#5834,#5835,#5844,#5852));
#5834 = ORIENTED_EDGE('',*,*,#5813,.T.);
#5835 = ORIENTED_EDGE('',*,*,#5836,.T.);
#5836 = EDGE_CURVE('',#5806,#5837,#5839,.T.);
#5837 = VERTEX_POINT('',#5838);
#5838 = CARTESIAN_POINT('',(39.417955295911,86.209225298451,
    1.600050800102));
#5839 = CIRCLE('',#5840,0.7);
#5840 = AXIS2_PLACEMENT_3D('',#5841,#5842,#5843);
#5841 = CARTESIAN_POINT('',(39.417955295911,86.909225298451,
    1.600050800102));
#5842 = DIRECTION('',(0.,0.,1.));
#5843 = DIRECTION('',(-1.110223024625E-16,1.,0.));
#5844 = ORIENTED_EDGE('',*,*,#5845,.F.);
#5845 = EDGE_CURVE('',#5846,#5837,#5848,.T.);
#5846 = VERTEX_POINT('',#5847);
#5847 = CARTESIAN_POINT('',(39.417955295911,86.209225298451,0.));
#5848 = LINE('',#5849,#5850);
#5849 = CARTESIAN_POINT('',(39.417955295911,86.209225298451,0.));
#5850 = VECTOR('',#5851,1.);
#5851 = DIRECTION('',(0.,0.,1.));
#5852 = ORIENTED_EDGE('',*,*,#5853,.F.);
#5853 = EDGE_CURVE('',#5814,#5846,#5854,.T.);
#5854 = CIRCLE('',#5855,0.7);
#5855 = AXIS2_PLACEMENT_3D('',#5856,#5857,#5858);
#5856 = CARTESIAN_POINT('',(39.417955295911,86.909225298451,0.));
#5857 = DIRECTION('',(0.,0.,1.));
#5858 = DIRECTION('',(-1.110223024625E-16,1.,0.));
#5859 = CYLINDRICAL_SURFACE('',#5860,0.7);
#5860 = AXIS2_PLACEMENT_3D('',#5861,#5862,#5863);
#5861 = CARTESIAN_POINT('',(39.417955295911,86.909225298451,0.));
#5862 = DIRECTION('',(-0.,-0.,-1.));
#5863 = DIRECTION('',(-1.110223024625E-16,1.,0.));
#5864 = ADVANCED_FACE('',(#5865),#5890,.T.);
#5865 = FACE_BOUND('',#5866,.T.);
#5866 = EDGE_LOOP('',(#5867,#5868,#5876,#5884));
#5867 = ORIENTED_EDGE('',*,*,#5845,.T.);
#5868 = ORIENTED_EDGE('',*,*,#5869,.T.);
#5869 = EDGE_CURVE('',#5837,#5870,#5872,.T.);
#5870 = VERTEX_POINT('',#5871);
#5871 = CARTESIAN_POINT('',(43.517955295911,86.209225298451,
    1.600050800102));
#5872 = LINE('',#5873,#5874);
#5873 = CARTESIAN_POINT('',(39.417955295911,86.209225298451,
    1.600050800102));
#5874 = VECTOR('',#5875,1.);
#5875 = DIRECTION('',(1.,0.,0.));
#5876 = ORIENTED_EDGE('',*,*,#5877,.F.);
#5877 = EDGE_CURVE('',#5878,#5870,#5880,.T.);
#5878 = VERTEX_POINT('',#5879);
#5879 = CARTESIAN_POINT('',(43.517955295911,86.209225298451,0.));
#5880 = LINE('',#5881,#5882);
#5881 = CARTESIAN_POINT('',(43.517955295911,86.209225298451,0.));
#5882 = VECTOR('',#5883,1.);
#5883 = DIRECTION('',(0.,0.,1.));
#5884 = ORIENTED_EDGE('',*,*,#5885,.F.);
#5885 = EDGE_CURVE('',#5846,#5878,#5886,.T.);
#5886 = LINE('',#5887,#5888);
#5887 = CARTESIAN_POINT('',(39.417955295911,86.209225298451,0.));
#5888 = VECTOR('',#5889,1.);
#5889 = DIRECTION('',(1.,0.,0.));
#5890 = PLANE('',#5891);
#5891 = AXIS2_PLACEMENT_3D('',#5892,#5893,#5894);
#5892 = CARTESIAN_POINT('',(39.417955295911,86.209225298451,0.));
#5893 = DIRECTION('',(0.,1.,0.));
#5894 = DIRECTION('',(1.,0.,0.));
#5895 = ADVANCED_FACE('',(#5896),#5914,.F.);
#5896 = FACE_BOUND('',#5897,.T.);
#5897 = EDGE_LOOP('',(#5898,#5899,#5906,#5907));
#5898 = ORIENTED_EDGE('',*,*,#5877,.T.);
#5899 = ORIENTED_EDGE('',*,*,#5900,.T.);
#5900 = EDGE_CURVE('',#5870,#5798,#5901,.T.);
#5901 = CIRCLE('',#5902,0.7);
#5902 = AXIS2_PLACEMENT_3D('',#5903,#5904,#5905);
#5903 = CARTESIAN_POINT('',(43.517955295911,86.909225298451,
    1.600050800102));
#5904 = DIRECTION('',(0.,0.,1.));
#5905 = DIRECTION('',(1.110223024625E-16,-1.,0.));
#5906 = ORIENTED_EDGE('',*,*,#5795,.F.);
#5907 = ORIENTED_EDGE('',*,*,#5908,.F.);
#5908 = EDGE_CURVE('',#5878,#5796,#5909,.T.);
#5909 = CIRCLE('',#5910,0.7);
#5910 = AXIS2_PLACEMENT_3D('',#5911,#5912,#5913);
#5911 = CARTESIAN_POINT('',(43.517955295911,86.909225298451,0.));
#5912 = DIRECTION('',(0.,0.,1.));
#5913 = DIRECTION('',(1.110223024625E-16,-1.,0.));
#5914 = CYLINDRICAL_SURFACE('',#5915,0.7);
#5915 = AXIS2_PLACEMENT_3D('',#5916,#5917,#5918);
#5916 = CARTESIAN_POINT('',(43.517955295911,86.909225298451,0.));
#5917 = DIRECTION('',(-0.,-0.,-1.));
#5918 = DIRECTION('',(1.110223024625E-16,-1.,0.));
#5919 = ADVANCED_FACE('',(#5920),#5954,.T.);
#5920 = FACE_BOUND('',#5921,.T.);
#5921 = EDGE_LOOP('',(#5922,#5932,#5940,#5948));
#5922 = ORIENTED_EDGE('',*,*,#5923,.T.);
#5923 = EDGE_CURVE('',#5924,#5926,#5928,.T.);
#5924 = VERTEX_POINT('',#5925);
#5925 = CARTESIAN_POINT('',(43.557007874016,82.994267208534,0.));
#5926 = VERTEX_POINT('',#5927);
#5927 = CARTESIAN_POINT('',(43.557007874016,82.994267208534,
    1.600050800102));
#5928 = LINE('',#5929,#5930);
#5929 = CARTESIAN_POINT('',(43.557007874016,82.994267208534,0.));
#5930 = VECTOR('',#5931,1.);
#5931 = DIRECTION('',(0.,0.,1.));
#5932 = ORIENTED_EDGE('',*,*,#5933,.T.);
#5933 = EDGE_CURVE('',#5926,#5934,#5936,.T.);
#5934 = VERTEX_POINT('',#5935);
#5935 = CARTESIAN_POINT('',(39.457007874016,82.994267208534,
    1.600050800102));
#5936 = LINE('',#5937,#5938);
#5937 = CARTESIAN_POINT('',(43.557007874016,82.994267208534,
    1.600050800102));
#5938 = VECTOR('',#5939,1.);
#5939 = DIRECTION('',(-1.,0.,0.));
#5940 = ORIENTED_EDGE('',*,*,#5941,.F.);
#5941 = EDGE_CURVE('',#5942,#5934,#5944,.T.);
#5942 = VERTEX_POINT('',#5943);
#5943 = CARTESIAN_POINT('',(39.457007874016,82.994267208534,0.));
#5944 = LINE('',#5945,#5946);
#5945 = CARTESIAN_POINT('',(39.457007874016,82.994267208534,0.));
#5946 = VECTOR('',#5947,1.);
#5947 = DIRECTION('',(0.,0.,1.));
#5948 = ORIENTED_EDGE('',*,*,#5949,.F.);
#5949 = EDGE_CURVE('',#5924,#5942,#5950,.T.);
#5950 = LINE('',#5951,#5952);
#5951 = CARTESIAN_POINT('',(43.557007874016,82.994267208534,0.));
#5952 = VECTOR('',#5953,1.);
#5953 = DIRECTION('',(-1.,0.,0.));
#5954 = PLANE('',#5955);
#5955 = AXIS2_PLACEMENT_3D('',#5956,#5957,#5958);
#5956 = CARTESIAN_POINT('',(43.557007874016,82.994267208534,0.));
#5957 = DIRECTION('',(0.,-1.,0.));
#5958 = DIRECTION('',(-1.,0.,0.));
#5959 = ADVANCED_FACE('',(#5960),#5987,.F.);
#5960 = FACE_BOUND('',#5961,.T.);
#5961 = EDGE_LOOP('',(#5962,#5963,#5972,#5980));
#5962 = ORIENTED_EDGE('',*,*,#5941,.T.);
#5963 = ORIENTED_EDGE('',*,*,#5964,.T.);
#5964 = EDGE_CURVE('',#5934,#5965,#5967,.T.);
#5965 = VERTEX_POINT('',#5966);
#5966 = CARTESIAN_POINT('',(39.457007874016,81.594267208534,
    1.600050800102));
#5967 = CIRCLE('',#5968,0.7);
#5968 = AXIS2_PLACEMENT_3D('',#5969,#5970,#5971);
#5969 = CARTESIAN_POINT('',(39.457007874016,82.294267208534,
    1.600050800102));
#5970 = DIRECTION('',(0.,0.,1.));
#5971 = DIRECTION('',(-1.110223024625E-16,1.,0.));
#5972 = ORIENTED_EDGE('',*,*,#5973,.F.);
#5973 = EDGE_CURVE('',#5974,#5965,#5976,.T.);
#5974 = VERTEX_POINT('',#5975);
#5975 = CARTESIAN_POINT('',(39.457007874016,81.594267208534,0.));
#5976 = LINE('',#5977,#5978);
#5977 = CARTESIAN_POINT('',(39.457007874016,81.594267208534,0.));
#5978 = VECTOR('',#5979,1.);
#5979 = DIRECTION('',(0.,0.,1.));
#5980 = ORIENTED_EDGE('',*,*,#5981,.F.);
#5981 = EDGE_CURVE('',#5942,#5974,#5982,.T.);
#5982 = CIRCLE('',#5983,0.7);
#5983 = AXIS2_PLACEMENT_3D('',#5984,#5985,#5986);
#5984 = CARTESIAN_POINT('',(39.457007874016,82.294267208534,0.));
#5985 = DIRECTION('',(0.,0.,1.));
#5986 = DIRECTION('',(-1.110223024625E-16,1.,0.));
#5987 = CYLINDRICAL_SURFACE('',#5988,0.7);
#5988 = AXIS2_PLACEMENT_3D('',#5989,#5990,#5991);
#5989 = CARTESIAN_POINT('',(39.457007874016,82.294267208534,0.));
#5990 = DIRECTION('',(-0.,-0.,-1.));
#5991 = DIRECTION('',(-1.110223024625E-16,1.,0.));
#5992 = ADVANCED_FACE('',(#5993),#6018,.T.);
#5993 = FACE_BOUND('',#5994,.T.);
#5994 = EDGE_LOOP('',(#5995,#5996,#6004,#6012));
#5995 = ORIENTED_EDGE('',*,*,#5973,.T.);
#5996 = ORIENTED_EDGE('',*,*,#5997,.T.);
#5997 = EDGE_CURVE('',#5965,#5998,#6000,.T.);
#5998 = VERTEX_POINT('',#5999);
#5999 = CARTESIAN_POINT('',(43.557007874016,81.594267208534,
    1.600050800102));
#6000 = LINE('',#6001,#6002);
#6001 = CARTESIAN_POINT('',(39.457007874016,81.594267208534,
    1.600050800102));
#6002 = VECTOR('',#6003,1.);
#6003 = DIRECTION('',(1.,0.,0.));
#6004 = ORIENTED_EDGE('',*,*,#6005,.F.);
#6005 = EDGE_CURVE('',#6006,#5998,#6008,.T.);
#6006 = VERTEX_POINT('',#6007);
#6007 = CARTESIAN_POINT('',(43.557007874016,81.594267208534,0.));
#6008 = LINE('',#6009,#6010);
#6009 = CARTESIAN_POINT('',(43.557007874016,81.594267208534,0.));
#6010 = VECTOR('',#6011,1.);
#6011 = DIRECTION('',(0.,0.,1.));
#6012 = ORIENTED_EDGE('',*,*,#6013,.F.);
#6013 = EDGE_CURVE('',#5974,#6006,#6014,.T.);
#6014 = LINE('',#6015,#6016);
#6015 = CARTESIAN_POINT('',(39.457007874016,81.594267208534,0.));
#6016 = VECTOR('',#6017,1.);
#6017 = DIRECTION('',(1.,0.,0.));
#6018 = PLANE('',#6019);
#6019 = AXIS2_PLACEMENT_3D('',#6020,#6021,#6022);
#6020 = CARTESIAN_POINT('',(39.457007874016,81.594267208534,0.));
#6021 = DIRECTION('',(0.,1.,0.));
#6022 = DIRECTION('',(1.,0.,0.));
#6023 = ADVANCED_FACE('',(#6024),#6042,.F.);
#6024 = FACE_BOUND('',#6025,.T.);
#6025 = EDGE_LOOP('',(#6026,#6027,#6034,#6035));
#6026 = ORIENTED_EDGE('',*,*,#6005,.T.);
#6027 = ORIENTED_EDGE('',*,*,#6028,.T.);
#6028 = EDGE_CURVE('',#5998,#5926,#6029,.T.);
#6029 = CIRCLE('',#6030,0.7);
#6030 = AXIS2_PLACEMENT_3D('',#6031,#6032,#6033);
#6031 = CARTESIAN_POINT('',(43.557007874016,82.294267208534,
    1.600050800102));
#6032 = DIRECTION('',(0.,0.,1.));
#6033 = DIRECTION('',(1.110223024625E-16,-1.,0.));
#6034 = ORIENTED_EDGE('',*,*,#5923,.F.);
#6035 = ORIENTED_EDGE('',*,*,#6036,.F.);
#6036 = EDGE_CURVE('',#6006,#5924,#6037,.T.);
#6037 = CIRCLE('',#6038,0.7);
#6038 = AXIS2_PLACEMENT_3D('',#6039,#6040,#6041);
#6039 = CARTESIAN_POINT('',(43.557007874016,82.294267208534,0.));
#6040 = DIRECTION('',(0.,0.,1.));
#6041 = DIRECTION('',(1.110223024625E-16,-1.,0.));
#6042 = CYLINDRICAL_SURFACE('',#6043,0.7);
#6043 = AXIS2_PLACEMENT_3D('',#6044,#6045,#6046);
#6044 = CARTESIAN_POINT('',(43.557007874016,82.294267208534,0.));
#6045 = DIRECTION('',(-0.,-0.,-1.));
#6046 = DIRECTION('',(1.110223024625E-16,-1.,0.));
#6047 = ADVANCED_FACE('',(#6048),#6084,.F.);
#6048 = FACE_BOUND('',#6049,.T.);
#6049 = EDGE_LOOP('',(#6050,#6060,#6069,#6077));
#6050 = ORIENTED_EDGE('',*,*,#6051,.T.);
#6051 = EDGE_CURVE('',#6052,#6054,#6056,.T.);
#6052 = VERTEX_POINT('',#6053);
#6053 = CARTESIAN_POINT('',(39.970078740157,63.246126492253,0.));
#6054 = VERTEX_POINT('',#6055);
#6055 = CARTESIAN_POINT('',(39.970078740157,63.246126492253,
    1.600050800102));
#6056 = LINE('',#6057,#6058);
#6057 = CARTESIAN_POINT('',(39.970078740157,63.246126492253,0.));
#6058 = VECTOR('',#6059,1.);
#6059 = DIRECTION('',(0.,0.,1.));
#6060 = ORIENTED_EDGE('',*,*,#6061,.T.);
#6061 = EDGE_CURVE('',#6054,#6062,#6064,.T.);
#6062 = VERTEX_POINT('',#6063);
#6063 = CARTESIAN_POINT('',(38.770078740157,63.246126492253,
    1.600050800102));
#6064 = CIRCLE('',#6065,0.6);
#6065 = AXIS2_PLACEMENT_3D('',#6066,#6067,#6068);
#6066 = CARTESIAN_POINT('',(39.370078740157,63.246126492253,
    1.600050800102));
#6067 = DIRECTION('',(0.,0.,1.));
#6068 = DIRECTION('',(1.,1.110223024625E-16,-0.));
#6069 = ORIENTED_EDGE('',*,*,#6070,.F.);
#6070 = EDGE_CURVE('',#6071,#6062,#6073,.T.);
#6071 = VERTEX_POINT('',#6072);
#6072 = CARTESIAN_POINT('',(38.770078740157,63.246126492253,0.));
#6073 = LINE('',#6074,#6075);
#6074 = CARTESIAN_POINT('',(38.770078740157,63.246126492253,0.));
#6075 = VECTOR('',#6076,1.);
#6076 = DIRECTION('',(0.,0.,1.));
#6077 = ORIENTED_EDGE('',*,*,#6078,.F.);
#6078 = EDGE_CURVE('',#6052,#6071,#6079,.T.);
#6079 = CIRCLE('',#6080,0.6);
#6080 = AXIS2_PLACEMENT_3D('',#6081,#6082,#6083);
#6081 = CARTESIAN_POINT('',(39.370078740157,63.246126492253,0.));
#6082 = DIRECTION('',(0.,0.,1.));
#6083 = DIRECTION('',(1.,1.110223024625E-16,-0.));
#6084 = CYLINDRICAL_SURFACE('',#6085,0.6);
#6085 = AXIS2_PLACEMENT_3D('',#6086,#6087,#6088);
#6086 = CARTESIAN_POINT('',(39.370078740157,63.246126492253,0.));
#6087 = DIRECTION('',(-0.,-0.,-1.));
#6088 = DIRECTION('',(1.,1.110223024625E-16,-0.));
#6089 = ADVANCED_FACE('',(#6090),#6108,.F.);
#6090 = FACE_BOUND('',#6091,.T.);
#6091 = EDGE_LOOP('',(#6092,#6093,#6100,#6101));
#6092 = ORIENTED_EDGE('',*,*,#6070,.T.);
#6093 = ORIENTED_EDGE('',*,*,#6094,.T.);
#6094 = EDGE_CURVE('',#6062,#6054,#6095,.T.);
#6095 = CIRCLE('',#6096,0.6);
#6096 = AXIS2_PLACEMENT_3D('',#6097,#6098,#6099);
#6097 = CARTESIAN_POINT('',(39.370078740157,63.246126492253,
    1.600050800102));
#6098 = DIRECTION('',(0.,0.,1.));
#6099 = DIRECTION('',(-1.,-1.110223024625E-16,0.));
#6100 = ORIENTED_EDGE('',*,*,#6051,.F.);
#6101 = ORIENTED_EDGE('',*,*,#6102,.F.);
#6102 = EDGE_CURVE('',#6071,#6052,#6103,.T.);
#6103 = CIRCLE('',#6104,0.6);
#6104 = AXIS2_PLACEMENT_3D('',#6105,#6106,#6107);
#6105 = CARTESIAN_POINT('',(39.370078740157,63.246126492253,0.));
#6106 = DIRECTION('',(0.,0.,1.));
#6107 = DIRECTION('',(-1.,-1.110223024625E-16,0.));
#6108 = CYLINDRICAL_SURFACE('',#6109,0.6);
#6109 = AXIS2_PLACEMENT_3D('',#6110,#6111,#6112);
#6110 = CARTESIAN_POINT('',(39.370078740157,63.246126492253,0.));
#6111 = DIRECTION('',(-0.,-0.,-1.));
#6112 = DIRECTION('',(-1.,-1.110223024625E-16,0.));
#6113 = ADVANCED_FACE('',(#6114),#6150,.F.);
#6114 = FACE_BOUND('',#6115,.T.);
#6115 = EDGE_LOOP('',(#6116,#6126,#6135,#6143));
#6116 = ORIENTED_EDGE('',*,*,#6117,.T.);
#6117 = EDGE_CURVE('',#6118,#6120,#6122,.T.);
#6118 = VERTEX_POINT('',#6119);
#6119 = CARTESIAN_POINT('',(39.970078740157,36.195072390145,0.));
#6120 = VERTEX_POINT('',#6121);
#6121 = CARTESIAN_POINT('',(39.970078740157,36.195072390145,
    1.600050800102));
#6122 = LINE('',#6123,#6124);
#6123 = CARTESIAN_POINT('',(39.970078740157,36.195072390145,0.));
#6124 = VECTOR('',#6125,1.);
#6125 = DIRECTION('',(0.,0.,1.));
#6126 = ORIENTED_EDGE('',*,*,#6127,.T.);
#6127 = EDGE_CURVE('',#6120,#6128,#6130,.T.);
#6128 = VERTEX_POINT('',#6129);
#6129 = CARTESIAN_POINT('',(38.770078740157,36.195072390145,
    1.600050800102));
#6130 = CIRCLE('',#6131,0.6);
#6131 = AXIS2_PLACEMENT_3D('',#6132,#6133,#6134);
#6132 = CARTESIAN_POINT('',(39.370078740157,36.195072390145,
    1.600050800102));
#6133 = DIRECTION('',(0.,0.,1.));
#6134 = DIRECTION('',(1.,1.110223024625E-16,-0.));
#6135 = ORIENTED_EDGE('',*,*,#6136,.F.);
#6136 = EDGE_CURVE('',#6137,#6128,#6139,.T.);
#6137 = VERTEX_POINT('',#6138);
#6138 = CARTESIAN_POINT('',(38.770078740157,36.195072390145,0.));
#6139 = LINE('',#6140,#6141);
#6140 = CARTESIAN_POINT('',(38.770078740157,36.195072390145,0.));
#6141 = VECTOR('',#6142,1.);
#6142 = DIRECTION('',(0.,0.,1.));
#6143 = ORIENTED_EDGE('',*,*,#6144,.F.);
#6144 = EDGE_CURVE('',#6118,#6137,#6145,.T.);
#6145 = CIRCLE('',#6146,0.6);
#6146 = AXIS2_PLACEMENT_3D('',#6147,#6148,#6149);
#6147 = CARTESIAN_POINT('',(39.370078740157,36.195072390145,0.));
#6148 = DIRECTION('',(0.,0.,1.));
#6149 = DIRECTION('',(1.,1.110223024625E-16,-0.));
#6150 = CYLINDRICAL_SURFACE('',#6151,0.6);
#6151 = AXIS2_PLACEMENT_3D('',#6152,#6153,#6154);
#6152 = CARTESIAN_POINT('',(39.370078740157,36.195072390145,0.));
#6153 = DIRECTION('',(-0.,-0.,-1.));
#6154 = DIRECTION('',(1.,1.110223024625E-16,-0.));
#6155 = ADVANCED_FACE('',(#6156),#6174,.F.);
#6156 = FACE_BOUND('',#6157,.T.);
#6157 = EDGE_LOOP('',(#6158,#6159,#6166,#6167));
#6158 = ORIENTED_EDGE('',*,*,#6136,.T.);
#6159 = ORIENTED_EDGE('',*,*,#6160,.T.);
#6160 = EDGE_CURVE('',#6128,#6120,#6161,.T.);
#6161 = CIRCLE('',#6162,0.6);
#6162 = AXIS2_PLACEMENT_3D('',#6163,#6164,#6165);
#6163 = CARTESIAN_POINT('',(39.370078740157,36.195072390145,
    1.600050800102));
#6164 = DIRECTION('',(0.,0.,1.));
#6165 = DIRECTION('',(-1.,-1.110223024625E-16,0.));
#6166 = ORIENTED_EDGE('',*,*,#6117,.F.);
#6167 = ORIENTED_EDGE('',*,*,#6168,.F.);
#6168 = EDGE_CURVE('',#6137,#6118,#6169,.T.);
#6169 = CIRCLE('',#6170,0.6);
#6170 = AXIS2_PLACEMENT_3D('',#6171,#6172,#6173);
#6171 = CARTESIAN_POINT('',(39.370078740157,36.195072390145,0.));
#6172 = DIRECTION('',(0.,0.,1.));
#6173 = DIRECTION('',(-1.,-1.110223024625E-16,0.));
#6174 = CYLINDRICAL_SURFACE('',#6175,0.6);
#6175 = AXIS2_PLACEMENT_3D('',#6176,#6177,#6178);
#6176 = CARTESIAN_POINT('',(39.370078740157,36.195072390145,0.));
#6177 = DIRECTION('',(-0.,-0.,-1.));
#6178 = DIRECTION('',(-1.,-1.110223024625E-16,0.));
#6179 = ADVANCED_FACE('',(#6180),#6216,.F.);
#6180 = FACE_BOUND('',#6181,.T.);
#6181 = EDGE_LOOP('',(#6182,#6192,#6201,#6209));
#6182 = ORIENTED_EDGE('',*,*,#6183,.T.);
#6183 = EDGE_CURVE('',#6184,#6186,#6188,.T.);
#6184 = VERTEX_POINT('',#6185);
#6185 = CARTESIAN_POINT('',(39.870129540259,57.40411480823,0.));
#6186 = VERTEX_POINT('',#6187);
#6187 = CARTESIAN_POINT('',(39.870129540259,57.40411480823,
    1.600050800102));
#6188 = LINE('',#6189,#6190);
#6189 = CARTESIAN_POINT('',(39.870129540259,57.40411480823,0.));
#6190 = VECTOR('',#6191,1.);
#6191 = DIRECTION('',(0.,0.,1.));
#6192 = ORIENTED_EDGE('',*,*,#6193,.T.);
#6193 = EDGE_CURVE('',#6186,#6194,#6196,.T.);
#6194 = VERTEX_POINT('',#6195);
#6195 = CARTESIAN_POINT('',(38.870129540259,57.40411480823,
    1.600050800102));
#6196 = CIRCLE('',#6197,0.5);
#6197 = AXIS2_PLACEMENT_3D('',#6198,#6199,#6200);
#6198 = CARTESIAN_POINT('',(39.370129540259,57.40411480823,
    1.600050800102));
#6199 = DIRECTION('',(0.,0.,1.));
#6200 = DIRECTION('',(1.,1.110223024625E-16,-0.));
#6201 = ORIENTED_EDGE('',*,*,#6202,.F.);
#6202 = EDGE_CURVE('',#6203,#6194,#6205,.T.);
#6203 = VERTEX_POINT('',#6204);
#6204 = CARTESIAN_POINT('',(38.870129540259,57.40411480823,0.));
#6205 = LINE('',#6206,#6207);
#6206 = CARTESIAN_POINT('',(38.870129540259,57.40411480823,0.));
#6207 = VECTOR('',#6208,1.);
#6208 = DIRECTION('',(0.,0.,1.));
#6209 = ORIENTED_EDGE('',*,*,#6210,.F.);
#6210 = EDGE_CURVE('',#6184,#6203,#6211,.T.);
#6211 = CIRCLE('',#6212,0.5);
#6212 = AXIS2_PLACEMENT_3D('',#6213,#6214,#6215);
#6213 = CARTESIAN_POINT('',(39.370129540259,57.40411480823,0.));
#6214 = DIRECTION('',(0.,0.,1.));
#6215 = DIRECTION('',(1.,1.110223024625E-16,-0.));
#6216 = CYLINDRICAL_SURFACE('',#6217,0.5);
#6217 = AXIS2_PLACEMENT_3D('',#6218,#6219,#6220);
#6218 = CARTESIAN_POINT('',(39.370129540259,57.40411480823,0.));
#6219 = DIRECTION('',(-0.,-0.,-1.));
#6220 = DIRECTION('',(1.,1.110223024625E-16,-0.));
#6221 = ADVANCED_FACE('',(#6222),#6240,.F.);
#6222 = FACE_BOUND('',#6223,.T.);
#6223 = EDGE_LOOP('',(#6224,#6225,#6232,#6233));
#6224 = ORIENTED_EDGE('',*,*,#6202,.T.);
#6225 = ORIENTED_EDGE('',*,*,#6226,.T.);
#6226 = EDGE_CURVE('',#6194,#6186,#6227,.T.);
#6227 = CIRCLE('',#6228,0.5);
#6228 = AXIS2_PLACEMENT_3D('',#6229,#6230,#6231);
#6229 = CARTESIAN_POINT('',(39.370129540259,57.40411480823,
    1.600050800102));
#6230 = DIRECTION('',(0.,0.,1.));
#6231 = DIRECTION('',(-1.,-1.110223024625E-16,0.));
#6232 = ORIENTED_EDGE('',*,*,#6183,.F.);
#6233 = ORIENTED_EDGE('',*,*,#6234,.F.);
#6234 = EDGE_CURVE('',#6203,#6184,#6235,.T.);
#6235 = CIRCLE('',#6236,0.5);
#6236 = AXIS2_PLACEMENT_3D('',#6237,#6238,#6239);
#6237 = CARTESIAN_POINT('',(39.370129540259,57.40411480823,0.));
#6238 = DIRECTION('',(0.,0.,1.));
#6239 = DIRECTION('',(-1.,-1.110223024625E-16,0.));
#6240 = CYLINDRICAL_SURFACE('',#6241,0.5);
#6241 = AXIS2_PLACEMENT_3D('',#6242,#6243,#6244);
#6242 = CARTESIAN_POINT('',(39.370129540259,57.40411480823,0.));
#6243 = DIRECTION('',(-0.,-0.,-1.));
#6244 = DIRECTION('',(-1.,-1.110223024625E-16,0.));
#6245 = ADVANCED_FACE('',(#6246),#6282,.F.);
#6246 = FACE_BOUND('',#6247,.T.);
#6247 = EDGE_LOOP('',(#6248,#6258,#6267,#6275));
#6248 = ORIENTED_EDGE('',*,*,#6249,.T.);
#6249 = EDGE_CURVE('',#6250,#6252,#6254,.T.);
#6250 = VERTEX_POINT('',#6251);
#6251 = CARTESIAN_POINT('',(39.870129540259,42.164109728219,0.));
#6252 = VERTEX_POINT('',#6253);
#6253 = CARTESIAN_POINT('',(39.870129540259,42.164109728219,
    1.600050800102));
#6254 = LINE('',#6255,#6256);
#6255 = CARTESIAN_POINT('',(39.870129540259,42.164109728219,0.));
#6256 = VECTOR('',#6257,1.);
#6257 = DIRECTION('',(0.,0.,1.));
#6258 = ORIENTED_EDGE('',*,*,#6259,.T.);
#6259 = EDGE_CURVE('',#6252,#6260,#6262,.T.);
#6260 = VERTEX_POINT('',#6261);
#6261 = CARTESIAN_POINT('',(38.870129540259,42.164109728219,
    1.600050800102));
#6262 = CIRCLE('',#6263,0.5);
#6263 = AXIS2_PLACEMENT_3D('',#6264,#6265,#6266);
#6264 = CARTESIAN_POINT('',(39.370129540259,42.164109728219,
    1.600050800102));
#6265 = DIRECTION('',(0.,0.,1.));
#6266 = DIRECTION('',(1.,1.110223024625E-16,-0.));
#6267 = ORIENTED_EDGE('',*,*,#6268,.F.);
#6268 = EDGE_CURVE('',#6269,#6260,#6271,.T.);
#6269 = VERTEX_POINT('',#6270);
#6270 = CARTESIAN_POINT('',(38.870129540259,42.164109728219,0.));
#6271 = LINE('',#6272,#6273);
#6272 = CARTESIAN_POINT('',(38.870129540259,42.164109728219,0.));
#6273 = VECTOR('',#6274,1.);
#6274 = DIRECTION('',(0.,0.,1.));
#6275 = ORIENTED_EDGE('',*,*,#6276,.F.);
#6276 = EDGE_CURVE('',#6250,#6269,#6277,.T.);
#6277 = CIRCLE('',#6278,0.5);
#6278 = AXIS2_PLACEMENT_3D('',#6279,#6280,#6281);
#6279 = CARTESIAN_POINT('',(39.370129540259,42.164109728219,0.));
#6280 = DIRECTION('',(0.,0.,1.));
#6281 = DIRECTION('',(1.,1.110223024625E-16,-0.));
#6282 = CYLINDRICAL_SURFACE('',#6283,0.5);
#6283 = AXIS2_PLACEMENT_3D('',#6284,#6285,#6286);
#6284 = CARTESIAN_POINT('',(39.370129540259,42.164109728219,0.));
#6285 = DIRECTION('',(-0.,-0.,-1.));
#6286 = DIRECTION('',(1.,1.110223024625E-16,-0.));
#6287 = ADVANCED_FACE('',(#6288),#6306,.F.);
#6288 = FACE_BOUND('',#6289,.T.);
#6289 = EDGE_LOOP('',(#6290,#6291,#6298,#6299));
#6290 = ORIENTED_EDGE('',*,*,#6268,.T.);
#6291 = ORIENTED_EDGE('',*,*,#6292,.T.);
#6292 = EDGE_CURVE('',#6260,#6252,#6293,.T.);
#6293 = CIRCLE('',#6294,0.5);
#6294 = AXIS2_PLACEMENT_3D('',#6295,#6296,#6297);
#6295 = CARTESIAN_POINT('',(39.370129540259,42.164109728219,
    1.600050800102));
#6296 = DIRECTION('',(0.,0.,1.));
#6297 = DIRECTION('',(-1.,-1.110223024625E-16,0.));
#6298 = ORIENTED_EDGE('',*,*,#6249,.F.);
#6299 = ORIENTED_EDGE('',*,*,#6300,.F.);
#6300 = EDGE_CURVE('',#6269,#6250,#6301,.T.);
#6301 = CIRCLE('',#6302,0.5);
#6302 = AXIS2_PLACEMENT_3D('',#6303,#6304,#6305);
#6303 = CARTESIAN_POINT('',(39.370129540259,42.164109728219,0.));
#6304 = DIRECTION('',(0.,0.,1.));
#6305 = DIRECTION('',(-1.,-1.110223024625E-16,0.));
#6306 = CYLINDRICAL_SURFACE('',#6307,0.5);
#6307 = AXIS2_PLACEMENT_3D('',#6308,#6309,#6310);
#6308 = CARTESIAN_POINT('',(39.370129540259,42.164109728219,0.));
#6309 = DIRECTION('',(-0.,-0.,-1.));
#6310 = DIRECTION('',(-1.,-1.110223024625E-16,0.));
#6311 = ADVANCED_FACE('',(#6312),#6348,.F.);
#6312 = FACE_BOUND('',#6313,.T.);
#6313 = EDGE_LOOP('',(#6314,#6324,#6333,#6341));
#6314 = ORIENTED_EDGE('',*,*,#6315,.T.);
#6315 = EDGE_CURVE('',#6316,#6318,#6320,.T.);
#6316 = VERTEX_POINT('',#6317);
#6317 = CARTESIAN_POINT('',(41.825082550165,97.663195326391,0.));
#6318 = VERTEX_POINT('',#6319);
#6319 = CARTESIAN_POINT('',(41.825082550165,97.663195326391,
    1.600050800102));
#6320 = LINE('',#6321,#6322);
#6321 = CARTESIAN_POINT('',(41.825082550165,97.663195326391,0.));
#6322 = VECTOR('',#6323,1.);
#6323 = DIRECTION('',(0.,0.,1.));
#6324 = ORIENTED_EDGE('',*,*,#6325,.T.);
#6325 = EDGE_CURVE('',#6318,#6326,#6328,.T.);
#6326 = VERTEX_POINT('',#6327);
#6327 = CARTESIAN_POINT('',(40.725082550165,97.663195326391,
    1.600050800102));
#6328 = CIRCLE('',#6329,0.55);
#6329 = AXIS2_PLACEMENT_3D('',#6330,#6331,#6332);
#6330 = CARTESIAN_POINT('',(41.275082550165,97.663195326391,
    1.600050800102));
#6331 = DIRECTION('',(0.,0.,1.));
#6332 = DIRECTION('',(1.,1.110223024625E-16,-0.));
#6333 = ORIENTED_EDGE('',*,*,#6334,.F.);
#6334 = EDGE_CURVE('',#6335,#6326,#6337,.T.);
#6335 = VERTEX_POINT('',#6336);
#6336 = CARTESIAN_POINT('',(40.725082550165,97.663195326391,0.));
#6337 = LINE('',#6338,#6339);
#6338 = CARTESIAN_POINT('',(40.725082550165,97.663195326391,0.));
#6339 = VECTOR('',#6340,1.);
#6340 = DIRECTION('',(0.,0.,1.));
#6341 = ORIENTED_EDGE('',*,*,#6342,.F.);
#6342 = EDGE_CURVE('',#6316,#6335,#6343,.T.);
#6343 = CIRCLE('',#6344,0.55);
#6344 = AXIS2_PLACEMENT_3D('',#6345,#6346,#6347);
#6345 = CARTESIAN_POINT('',(41.275082550165,97.663195326391,0.));
#6346 = DIRECTION('',(0.,0.,1.));
#6347 = DIRECTION('',(1.,1.110223024625E-16,-0.));
#6348 = CYLINDRICAL_SURFACE('',#6349,0.55);
#6349 = AXIS2_PLACEMENT_3D('',#6350,#6351,#6352);
#6350 = CARTESIAN_POINT('',(41.275082550165,97.663195326391,0.));
#6351 = DIRECTION('',(-0.,-0.,-1.));
#6352 = DIRECTION('',(1.,1.110223024625E-16,-0.));
#6353 = ADVANCED_FACE('',(#6354),#6372,.F.);
#6354 = FACE_BOUND('',#6355,.T.);
#6355 = EDGE_LOOP('',(#6356,#6357,#6364,#6365));
#6356 = ORIENTED_EDGE('',*,*,#6334,.T.);
#6357 = ORIENTED_EDGE('',*,*,#6358,.T.);
#6358 = EDGE_CURVE('',#6326,#6318,#6359,.T.);
#6359 = CIRCLE('',#6360,0.55);
#6360 = AXIS2_PLACEMENT_3D('',#6361,#6362,#6363);
#6361 = CARTESIAN_POINT('',(41.275082550165,97.663195326391,
    1.600050800102));
#6362 = DIRECTION('',(0.,0.,1.));
#6363 = DIRECTION('',(-1.,-1.110223024625E-16,0.));
#6364 = ORIENTED_EDGE('',*,*,#6315,.F.);
#6365 = ORIENTED_EDGE('',*,*,#6366,.F.);
#6366 = EDGE_CURVE('',#6335,#6316,#6367,.T.);
#6367 = CIRCLE('',#6368,0.55);
#6368 = AXIS2_PLACEMENT_3D('',#6369,#6370,#6371);
#6369 = CARTESIAN_POINT('',(41.275082550165,97.663195326391,0.));
#6370 = DIRECTION('',(0.,0.,1.));
#6371 = DIRECTION('',(-1.,-1.110223024625E-16,0.));
#6372 = CYLINDRICAL_SURFACE('',#6373,0.55);
#6373 = AXIS2_PLACEMENT_3D('',#6374,#6375,#6376);
#6374 = CARTESIAN_POINT('',(41.275082550165,97.663195326391,0.));
#6375 = DIRECTION('',(-0.,-0.,-1.));
#6376 = DIRECTION('',(-1.,-1.110223024625E-16,0.));
#6377 = ADVANCED_FACE('',(#6378),#6414,.F.);
#6378 = FACE_BOUND('',#6379,.T.);
#6379 = EDGE_LOOP('',(#6380,#6390,#6399,#6407));
#6380 = ORIENTED_EDGE('',*,*,#6381,.T.);
#6381 = EDGE_CURVE('',#6382,#6384,#6386,.T.);
#6382 = VERTEX_POINT('',#6383);
#6383 = CARTESIAN_POINT('',(41.825082550165,95.123190246381,0.));
#6384 = VERTEX_POINT('',#6385);
#6385 = CARTESIAN_POINT('',(41.825082550165,95.123190246381,
    1.600050800102));
#6386 = LINE('',#6387,#6388);
#6387 = CARTESIAN_POINT('',(41.825082550165,95.123190246381,0.));
#6388 = VECTOR('',#6389,1.);
#6389 = DIRECTION('',(0.,0.,1.));
#6390 = ORIENTED_EDGE('',*,*,#6391,.T.);
#6391 = EDGE_CURVE('',#6384,#6392,#6394,.T.);
#6392 = VERTEX_POINT('',#6393);
#6393 = CARTESIAN_POINT('',(40.725082550165,95.123190246381,
    1.600050800102));
#6394 = CIRCLE('',#6395,0.55);
#6395 = AXIS2_PLACEMENT_3D('',#6396,#6397,#6398);
#6396 = CARTESIAN_POINT('',(41.275082550165,95.123190246381,
    1.600050800102));
#6397 = DIRECTION('',(0.,0.,1.));
#6398 = DIRECTION('',(1.,1.110223024625E-16,-0.));
#6399 = ORIENTED_EDGE('',*,*,#6400,.F.);
#6400 = EDGE_CURVE('',#6401,#6392,#6403,.T.);
#6401 = VERTEX_POINT('',#6402);
#6402 = CARTESIAN_POINT('',(40.725082550165,95.123190246381,0.));
#6403 = LINE('',#6404,#6405);
#6404 = CARTESIAN_POINT('',(40.725082550165,95.123190246381,0.));
#6405 = VECTOR('',#6406,1.);
#6406 = DIRECTION('',(0.,0.,1.));
#6407 = ORIENTED_EDGE('',*,*,#6408,.F.);
#6408 = EDGE_CURVE('',#6382,#6401,#6409,.T.);
#6409 = CIRCLE('',#6410,0.55);
#6410 = AXIS2_PLACEMENT_3D('',#6411,#6412,#6413);
#6411 = CARTESIAN_POINT('',(41.275082550165,95.123190246381,0.));
#6412 = DIRECTION('',(0.,0.,1.));
#6413 = DIRECTION('',(1.,1.110223024625E-16,-0.));
#6414 = CYLINDRICAL_SURFACE('',#6415,0.55);
#6415 = AXIS2_PLACEMENT_3D('',#6416,#6417,#6418);
#6416 = CARTESIAN_POINT('',(41.275082550165,95.123190246381,0.));
#6417 = DIRECTION('',(-0.,-0.,-1.));
#6418 = DIRECTION('',(1.,1.110223024625E-16,-0.));
#6419 = ADVANCED_FACE('',(#6420),#6438,.F.);
#6420 = FACE_BOUND('',#6421,.T.);
#6421 = EDGE_LOOP('',(#6422,#6423,#6430,#6431));
#6422 = ORIENTED_EDGE('',*,*,#6400,.T.);
#6423 = ORIENTED_EDGE('',*,*,#6424,.T.);
#6424 = EDGE_CURVE('',#6392,#6384,#6425,.T.);
#6425 = CIRCLE('',#6426,0.55);
#6426 = AXIS2_PLACEMENT_3D('',#6427,#6428,#6429);
#6427 = CARTESIAN_POINT('',(41.275082550165,95.123190246381,
    1.600050800102));
#6428 = DIRECTION('',(0.,0.,1.));
#6429 = DIRECTION('',(-1.,-1.110223024625E-16,0.));
#6430 = ORIENTED_EDGE('',*,*,#6381,.F.);
#6431 = ORIENTED_EDGE('',*,*,#6432,.F.);
#6432 = EDGE_CURVE('',#6401,#6382,#6433,.T.);
#6433 = CIRCLE('',#6434,0.55);
#6434 = AXIS2_PLACEMENT_3D('',#6435,#6436,#6437);
#6435 = CARTESIAN_POINT('',(41.275082550165,95.123190246381,0.));
#6436 = DIRECTION('',(0.,0.,1.));
#6437 = DIRECTION('',(-1.,-1.110223024625E-16,0.));
#6438 = CYLINDRICAL_SURFACE('',#6439,0.55);
#6439 = AXIS2_PLACEMENT_3D('',#6440,#6441,#6442);
#6440 = CARTESIAN_POINT('',(41.275082550165,95.123190246381,0.));
#6441 = DIRECTION('',(-0.,-0.,-1.));
#6442 = DIRECTION('',(-1.,-1.110223024625E-16,0.));
#6443 = ADVANCED_FACE('',(#6444),#6480,.F.);
#6444 = FACE_BOUND('',#6445,.T.);
#6445 = EDGE_LOOP('',(#6446,#6456,#6465,#6473));
#6446 = ORIENTED_EDGE('',*,*,#6447,.T.);
#6447 = EDGE_CURVE('',#6448,#6450,#6452,.T.);
#6448 = VERTEX_POINT('',#6449);
#6449 = CARTESIAN_POINT('',(42.510083820168,63.246126492253,0.));
#6450 = VERTEX_POINT('',#6451);
#6451 = CARTESIAN_POINT('',(42.510083820168,63.246126492253,
    1.600050800102));
#6452 = LINE('',#6453,#6454);
#6453 = CARTESIAN_POINT('',(42.510083820168,63.246126492253,0.));
#6454 = VECTOR('',#6455,1.);
#6455 = DIRECTION('',(0.,0.,1.));
#6456 = ORIENTED_EDGE('',*,*,#6457,.T.);
#6457 = EDGE_CURVE('',#6450,#6458,#6460,.T.);
#6458 = VERTEX_POINT('',#6459);
#6459 = CARTESIAN_POINT('',(41.310083820168,63.246126492253,
    1.600050800102));
#6460 = CIRCLE('',#6461,0.6);
#6461 = AXIS2_PLACEMENT_3D('',#6462,#6463,#6464);
#6462 = CARTESIAN_POINT('',(41.910083820168,63.246126492253,
    1.600050800102));
#6463 = DIRECTION('',(0.,0.,1.));
#6464 = DIRECTION('',(1.,1.110223024625E-16,-0.));
#6465 = ORIENTED_EDGE('',*,*,#6466,.F.);
#6466 = EDGE_CURVE('',#6467,#6458,#6469,.T.);
#6467 = VERTEX_POINT('',#6468);
#6468 = CARTESIAN_POINT('',(41.310083820168,63.246126492253,0.));
#6469 = LINE('',#6470,#6471);
#6470 = CARTESIAN_POINT('',(41.310083820168,63.246126492253,0.));
#6471 = VECTOR('',#6472,1.);
#6472 = DIRECTION('',(0.,0.,1.));
#6473 = ORIENTED_EDGE('',*,*,#6474,.F.);
#6474 = EDGE_CURVE('',#6448,#6467,#6475,.T.);
#6475 = CIRCLE('',#6476,0.6);
#6476 = AXIS2_PLACEMENT_3D('',#6477,#6478,#6479);
#6477 = CARTESIAN_POINT('',(41.910083820168,63.246126492253,0.));
#6478 = DIRECTION('',(0.,0.,1.));
#6479 = DIRECTION('',(1.,1.110223024625E-16,-0.));
#6480 = CYLINDRICAL_SURFACE('',#6481,0.6);
#6481 = AXIS2_PLACEMENT_3D('',#6482,#6483,#6484);
#6482 = CARTESIAN_POINT('',(41.910083820168,63.246126492253,0.));
#6483 = DIRECTION('',(-0.,-0.,-1.));
#6484 = DIRECTION('',(1.,1.110223024625E-16,-0.));
#6485 = ADVANCED_FACE('',(#6486),#6504,.F.);
#6486 = FACE_BOUND('',#6487,.T.);
#6487 = EDGE_LOOP('',(#6488,#6489,#6496,#6497));
#6488 = ORIENTED_EDGE('',*,*,#6466,.T.);
#6489 = ORIENTED_EDGE('',*,*,#6490,.T.);
#6490 = EDGE_CURVE('',#6458,#6450,#6491,.T.);
#6491 = CIRCLE('',#6492,0.6);
#6492 = AXIS2_PLACEMENT_3D('',#6493,#6494,#6495);
#6493 = CARTESIAN_POINT('',(41.910083820168,63.246126492253,
    1.600050800102));
#6494 = DIRECTION('',(0.,0.,1.));
#6495 = DIRECTION('',(-1.,-1.110223024625E-16,0.));
#6496 = ORIENTED_EDGE('',*,*,#6447,.F.);
#6497 = ORIENTED_EDGE('',*,*,#6498,.F.);
#6498 = EDGE_CURVE('',#6467,#6448,#6499,.T.);
#6499 = CIRCLE('',#6500,0.6);
#6500 = AXIS2_PLACEMENT_3D('',#6501,#6502,#6503);
#6501 = CARTESIAN_POINT('',(41.910083820168,63.246126492253,0.));
#6502 = DIRECTION('',(0.,0.,1.));
#6503 = DIRECTION('',(-1.,-1.110223024625E-16,0.));
#6504 = CYLINDRICAL_SURFACE('',#6505,0.6);
#6505 = AXIS2_PLACEMENT_3D('',#6506,#6507,#6508);
#6506 = CARTESIAN_POINT('',(41.910083820168,63.246126492253,0.));
#6507 = DIRECTION('',(-0.,-0.,-1.));
#6508 = DIRECTION('',(-1.,-1.110223024625E-16,0.));
#6509 = ADVANCED_FACE('',(#6510),#6546,.F.);
#6510 = FACE_BOUND('',#6511,.T.);
#6511 = EDGE_LOOP('',(#6512,#6522,#6531,#6539));
#6512 = ORIENTED_EDGE('',*,*,#6513,.T.);
#6513 = EDGE_CURVE('',#6514,#6516,#6518,.T.);
#6514 = VERTEX_POINT('',#6515);
#6515 = CARTESIAN_POINT('',(42.510083820168,36.195072390145,0.));
#6516 = VERTEX_POINT('',#6517);
#6517 = CARTESIAN_POINT('',(42.510083820168,36.195072390145,
    1.600050800102));
#6518 = LINE('',#6519,#6520);
#6519 = CARTESIAN_POINT('',(42.510083820168,36.195072390145,0.));
#6520 = VECTOR('',#6521,1.);
#6521 = DIRECTION('',(0.,0.,1.));
#6522 = ORIENTED_EDGE('',*,*,#6523,.T.);
#6523 = EDGE_CURVE('',#6516,#6524,#6526,.T.);
#6524 = VERTEX_POINT('',#6525);
#6525 = CARTESIAN_POINT('',(41.310083820168,36.195072390145,
    1.600050800102));
#6526 = CIRCLE('',#6527,0.6);
#6527 = AXIS2_PLACEMENT_3D('',#6528,#6529,#6530);
#6528 = CARTESIAN_POINT('',(41.910083820168,36.195072390145,
    1.600050800102));
#6529 = DIRECTION('',(0.,0.,1.));
#6530 = DIRECTION('',(1.,1.110223024625E-16,-0.));
#6531 = ORIENTED_EDGE('',*,*,#6532,.F.);
#6532 = EDGE_CURVE('',#6533,#6524,#6535,.T.);
#6533 = VERTEX_POINT('',#6534);
#6534 = CARTESIAN_POINT('',(41.310083820168,36.195072390145,0.));
#6535 = LINE('',#6536,#6537);
#6536 = CARTESIAN_POINT('',(41.310083820168,36.195072390145,0.));
#6537 = VECTOR('',#6538,1.);
#6538 = DIRECTION('',(0.,0.,1.));
#6539 = ORIENTED_EDGE('',*,*,#6540,.F.);
#6540 = EDGE_CURVE('',#6514,#6533,#6541,.T.);
#6541 = CIRCLE('',#6542,0.6);
#6542 = AXIS2_PLACEMENT_3D('',#6543,#6544,#6545);
#6543 = CARTESIAN_POINT('',(41.910083820168,36.195072390145,0.));
#6544 = DIRECTION('',(0.,0.,1.));
#6545 = DIRECTION('',(1.,1.110223024625E-16,-0.));
#6546 = CYLINDRICAL_SURFACE('',#6547,0.6);
#6547 = AXIS2_PLACEMENT_3D('',#6548,#6549,#6550);
#6548 = CARTESIAN_POINT('',(41.910083820168,36.195072390145,0.));
#6549 = DIRECTION('',(-0.,-0.,-1.));
#6550 = DIRECTION('',(1.,1.110223024625E-16,-0.));
#6551 = ADVANCED_FACE('',(#6552),#6570,.F.);
#6552 = FACE_BOUND('',#6553,.T.);
#6553 = EDGE_LOOP('',(#6554,#6555,#6562,#6563));
#6554 = ORIENTED_EDGE('',*,*,#6532,.T.);
#6555 = ORIENTED_EDGE('',*,*,#6556,.T.);
#6556 = EDGE_CURVE('',#6524,#6516,#6557,.T.);
#6557 = CIRCLE('',#6558,0.6);
#6558 = AXIS2_PLACEMENT_3D('',#6559,#6560,#6561);
#6559 = CARTESIAN_POINT('',(41.910083820168,36.195072390145,
    1.600050800102));
#6560 = DIRECTION('',(0.,0.,1.));
#6561 = DIRECTION('',(-1.,-1.110223024625E-16,0.));
#6562 = ORIENTED_EDGE('',*,*,#6513,.F.);
#6563 = ORIENTED_EDGE('',*,*,#6564,.F.);
#6564 = EDGE_CURVE('',#6533,#6514,#6565,.T.);
#6565 = CIRCLE('',#6566,0.6);
#6566 = AXIS2_PLACEMENT_3D('',#6567,#6568,#6569);
#6567 = CARTESIAN_POINT('',(41.910083820168,36.195072390145,0.));
#6568 = DIRECTION('',(0.,0.,1.));
#6569 = DIRECTION('',(-1.,-1.110223024625E-16,0.));
#6570 = CYLINDRICAL_SURFACE('',#6571,0.6);
#6571 = AXIS2_PLACEMENT_3D('',#6572,#6573,#6574);
#6572 = CARTESIAN_POINT('',(41.910083820168,36.195072390145,0.));
#6573 = DIRECTION('',(-0.,-0.,-1.));
#6574 = DIRECTION('',(-1.,-1.110223024625E-16,0.));
#6575 = ADVANCED_FACE('',(#6576),#6612,.F.);
#6576 = FACE_BOUND('',#6577,.T.);
#6577 = EDGE_LOOP('',(#6578,#6588,#6597,#6605));
#6578 = ORIENTED_EDGE('',*,*,#6579,.T.);
#6579 = EDGE_CURVE('',#6580,#6582,#6584,.T.);
#6580 = VERTEX_POINT('',#6581);
#6581 = CARTESIAN_POINT('',(42.410134620269,57.40411480823,0.));
#6582 = VERTEX_POINT('',#6583);
#6583 = CARTESIAN_POINT('',(42.410134620269,57.40411480823,
    1.600050800102));
#6584 = LINE('',#6585,#6586);
#6585 = CARTESIAN_POINT('',(42.410134620269,57.40411480823,0.));
#6586 = VECTOR('',#6587,1.);
#6587 = DIRECTION('',(0.,0.,1.));
#6588 = ORIENTED_EDGE('',*,*,#6589,.T.);
#6589 = EDGE_CURVE('',#6582,#6590,#6592,.T.);
#6590 = VERTEX_POINT('',#6591);
#6591 = CARTESIAN_POINT('',(41.410134620269,57.40411480823,
    1.600050800102));
#6592 = CIRCLE('',#6593,0.5);
#6593 = AXIS2_PLACEMENT_3D('',#6594,#6595,#6596);
#6594 = CARTESIAN_POINT('',(41.910134620269,57.40411480823,
    1.600050800102));
#6595 = DIRECTION('',(0.,0.,1.));
#6596 = DIRECTION('',(1.,1.110223024625E-16,-0.));
#6597 = ORIENTED_EDGE('',*,*,#6598,.F.);
#6598 = EDGE_CURVE('',#6599,#6590,#6601,.T.);
#6599 = VERTEX_POINT('',#6600);
#6600 = CARTESIAN_POINT('',(41.410134620269,57.40411480823,0.));
#6601 = LINE('',#6602,#6603);
#6602 = CARTESIAN_POINT('',(41.410134620269,57.40411480823,0.));
#6603 = VECTOR('',#6604,1.);
#6604 = DIRECTION('',(0.,0.,1.));
#6605 = ORIENTED_EDGE('',*,*,#6606,.F.);
#6606 = EDGE_CURVE('',#6580,#6599,#6607,.T.);
#6607 = CIRCLE('',#6608,0.5);
#6608 = AXIS2_PLACEMENT_3D('',#6609,#6610,#6611);
#6609 = CARTESIAN_POINT('',(41.910134620269,57.40411480823,0.));
#6610 = DIRECTION('',(0.,0.,1.));
#6611 = DIRECTION('',(1.,1.110223024625E-16,-0.));
#6612 = CYLINDRICAL_SURFACE('',#6613,0.5);
#6613 = AXIS2_PLACEMENT_3D('',#6614,#6615,#6616);
#6614 = CARTESIAN_POINT('',(41.910134620269,57.40411480823,0.));
#6615 = DIRECTION('',(-0.,-0.,-1.));
#6616 = DIRECTION('',(1.,1.110223024625E-16,-0.));
#6617 = ADVANCED_FACE('',(#6618),#6636,.F.);
#6618 = FACE_BOUND('',#6619,.T.);
#6619 = EDGE_LOOP('',(#6620,#6621,#6628,#6629));
#6620 = ORIENTED_EDGE('',*,*,#6598,.T.);
#6621 = ORIENTED_EDGE('',*,*,#6622,.T.);
#6622 = EDGE_CURVE('',#6590,#6582,#6623,.T.);
#6623 = CIRCLE('',#6624,0.5);
#6624 = AXIS2_PLACEMENT_3D('',#6625,#6626,#6627);
#6625 = CARTESIAN_POINT('',(41.910134620269,57.40411480823,
    1.600050800102));
#6626 = DIRECTION('',(0.,0.,1.));
#6627 = DIRECTION('',(-1.,-1.110223024625E-16,0.));
#6628 = ORIENTED_EDGE('',*,*,#6579,.F.);
#6629 = ORIENTED_EDGE('',*,*,#6630,.F.);
#6630 = EDGE_CURVE('',#6599,#6580,#6631,.T.);
#6631 = CIRCLE('',#6632,0.5);
#6632 = AXIS2_PLACEMENT_3D('',#6633,#6634,#6635);
#6633 = CARTESIAN_POINT('',(41.910134620269,57.40411480823,0.));
#6634 = DIRECTION('',(0.,0.,1.));
#6635 = DIRECTION('',(-1.,-1.110223024625E-16,0.));
#6636 = CYLINDRICAL_SURFACE('',#6637,0.5);
#6637 = AXIS2_PLACEMENT_3D('',#6638,#6639,#6640);
#6638 = CARTESIAN_POINT('',(41.910134620269,57.40411480823,0.));
#6639 = DIRECTION('',(-0.,-0.,-1.));
#6640 = DIRECTION('',(-1.,-1.110223024625E-16,0.));
#6641 = ADVANCED_FACE('',(#6642),#6678,.F.);
#6642 = FACE_BOUND('',#6643,.T.);
#6643 = EDGE_LOOP('',(#6644,#6654,#6663,#6671));
#6644 = ORIENTED_EDGE('',*,*,#6645,.T.);
#6645 = EDGE_CURVE('',#6646,#6648,#6650,.T.);
#6646 = VERTEX_POINT('',#6647);
#6647 = CARTESIAN_POINT('',(42.410134620269,42.164109728219,0.));
#6648 = VERTEX_POINT('',#6649);
#6649 = CARTESIAN_POINT('',(42.410134620269,42.164109728219,
    1.600050800102));
#6650 = LINE('',#6651,#6652);
#6651 = CARTESIAN_POINT('',(42.410134620269,42.164109728219,0.));
#6652 = VECTOR('',#6653,1.);
#6653 = DIRECTION('',(0.,0.,1.));
#6654 = ORIENTED_EDGE('',*,*,#6655,.T.);
#6655 = EDGE_CURVE('',#6648,#6656,#6658,.T.);
#6656 = VERTEX_POINT('',#6657);
#6657 = CARTESIAN_POINT('',(41.410134620269,42.164109728219,
    1.600050800102));
#6658 = CIRCLE('',#6659,0.5);
#6659 = AXIS2_PLACEMENT_3D('',#6660,#6661,#6662);
#6660 = CARTESIAN_POINT('',(41.910134620269,42.164109728219,
    1.600050800102));
#6661 = DIRECTION('',(0.,0.,1.));
#6662 = DIRECTION('',(1.,1.110223024625E-16,-0.));
#6663 = ORIENTED_EDGE('',*,*,#6664,.F.);
#6664 = EDGE_CURVE('',#6665,#6656,#6667,.T.);
#6665 = VERTEX_POINT('',#6666);
#6666 = CARTESIAN_POINT('',(41.410134620269,42.164109728219,0.));
#6667 = LINE('',#6668,#6669);
#6668 = CARTESIAN_POINT('',(41.410134620269,42.164109728219,0.));
#6669 = VECTOR('',#6670,1.);
#6670 = DIRECTION('',(0.,0.,1.));
#6671 = ORIENTED_EDGE('',*,*,#6672,.F.);
#6672 = EDGE_CURVE('',#6646,#6665,#6673,.T.);
#6673 = CIRCLE('',#6674,0.5);
#6674 = AXIS2_PLACEMENT_3D('',#6675,#6676,#6677);
#6675 = CARTESIAN_POINT('',(41.910134620269,42.164109728219,0.));
#6676 = DIRECTION('',(0.,0.,1.));
#6677 = DIRECTION('',(1.,1.110223024625E-16,-0.));
#6678 = CYLINDRICAL_SURFACE('',#6679,0.5);
#6679 = AXIS2_PLACEMENT_3D('',#6680,#6681,#6682);
#6680 = CARTESIAN_POINT('',(41.910134620269,42.164109728219,0.));
#6681 = DIRECTION('',(-0.,-0.,-1.));
#6682 = DIRECTION('',(1.,1.110223024625E-16,-0.));
#6683 = ADVANCED_FACE('',(#6684),#6702,.F.);
#6684 = FACE_BOUND('',#6685,.T.);
#6685 = EDGE_LOOP('',(#6686,#6687,#6694,#6695));
#6686 = ORIENTED_EDGE('',*,*,#6664,.T.);
#6687 = ORIENTED_EDGE('',*,*,#6688,.T.);
#6688 = EDGE_CURVE('',#6656,#6648,#6689,.T.);
#6689 = CIRCLE('',#6690,0.5);
#6690 = AXIS2_PLACEMENT_3D('',#6691,#6692,#6693);
#6691 = CARTESIAN_POINT('',(41.910134620269,42.164109728219,
    1.600050800102));
#6692 = DIRECTION('',(0.,0.,1.));
#6693 = DIRECTION('',(-1.,-1.110223024625E-16,0.));
#6694 = ORIENTED_EDGE('',*,*,#6645,.F.);
#6695 = ORIENTED_EDGE('',*,*,#6696,.F.);
#6696 = EDGE_CURVE('',#6665,#6646,#6697,.T.);
#6697 = CIRCLE('',#6698,0.5);
#6698 = AXIS2_PLACEMENT_3D('',#6699,#6700,#6701);
#6699 = CARTESIAN_POINT('',(41.910134620269,42.164109728219,0.));
#6700 = DIRECTION('',(0.,0.,1.));
#6701 = DIRECTION('',(-1.,-1.110223024625E-16,0.));
#6702 = CYLINDRICAL_SURFACE('',#6703,0.5);
#6703 = AXIS2_PLACEMENT_3D('',#6704,#6705,#6706);
#6704 = CARTESIAN_POINT('',(41.910134620269,42.164109728219,0.));
#6705 = DIRECTION('',(-0.,-0.,-1.));
#6706 = DIRECTION('',(-1.,-1.110223024625E-16,0.));
#6707 = ADVANCED_FACE('',(#6708),#6744,.F.);
#6708 = FACE_BOUND('',#6709,.T.);
#6709 = EDGE_LOOP('',(#6710,#6720,#6729,#6737));
#6710 = ORIENTED_EDGE('',*,*,#6711,.T.);
#6711 = EDGE_CURVE('',#6712,#6714,#6716,.T.);
#6712 = VERTEX_POINT('',#6713);
#6713 = CARTESIAN_POINT('',(43.423418846838,68.326136652273,0.));
#6714 = VERTEX_POINT('',#6715);
#6715 = CARTESIAN_POINT('',(43.423418846838,68.326136652273,
    1.600050800102));
#6716 = LINE('',#6717,#6718);
#6717 = CARTESIAN_POINT('',(43.423418846838,68.326136652273,0.));
#6718 = VECTOR('',#6719,1.);
#6719 = DIRECTION('',(0.,0.,1.));
#6720 = ORIENTED_EDGE('',*,*,#6721,.T.);
#6721 = EDGE_CURVE('',#6714,#6722,#6724,.T.);
#6722 = VERTEX_POINT('',#6723);
#6723 = CARTESIAN_POINT('',(42.509017018034,68.326136652273,
    1.600050800102));
#6724 = CIRCLE('',#6725,0.457200914402);
#6725 = AXIS2_PLACEMENT_3D('',#6726,#6727,#6728);
#6726 = CARTESIAN_POINT('',(42.966217932436,68.326136652273,
    1.600050800102));
#6727 = DIRECTION('',(0.,0.,1.));
#6728 = DIRECTION('',(1.,1.110223024625E-16,-0.));
#6729 = ORIENTED_EDGE('',*,*,#6730,.F.);
#6730 = EDGE_CURVE('',#6731,#6722,#6733,.T.);
#6731 = VERTEX_POINT('',#6732);
#6732 = CARTESIAN_POINT('',(42.509017018034,68.326136652273,0.));
#6733 = LINE('',#6734,#6735);
#6734 = CARTESIAN_POINT('',(42.509017018034,68.326136652273,0.));
#6735 = VECTOR('',#6736,1.);
#6736 = DIRECTION('',(0.,0.,1.));
#6737 = ORIENTED_EDGE('',*,*,#6738,.F.);
#6738 = EDGE_CURVE('',#6712,#6731,#6739,.T.);
#6739 = CIRCLE('',#6740,0.457200914402);
#6740 = AXIS2_PLACEMENT_3D('',#6741,#6742,#6743);
#6741 = CARTESIAN_POINT('',(42.966217932436,68.326136652273,0.));
#6742 = DIRECTION('',(0.,0.,1.));
#6743 = DIRECTION('',(1.,1.110223024625E-16,-0.));
#6744 = CYLINDRICAL_SURFACE('',#6745,0.457200914402);
#6745 = AXIS2_PLACEMENT_3D('',#6746,#6747,#6748);
#6746 = CARTESIAN_POINT('',(42.966217932436,68.326136652273,0.));
#6747 = DIRECTION('',(-0.,-0.,-1.));
#6748 = DIRECTION('',(1.,1.110223024625E-16,-0.));
#6749 = ADVANCED_FACE('',(#6750),#6768,.F.);
#6750 = FACE_BOUND('',#6751,.T.);
#6751 = EDGE_LOOP('',(#6752,#6753,#6760,#6761));
#6752 = ORIENTED_EDGE('',*,*,#6730,.T.);
#6753 = ORIENTED_EDGE('',*,*,#6754,.T.);
#6754 = EDGE_CURVE('',#6722,#6714,#6755,.T.);
#6755 = CIRCLE('',#6756,0.457200914402);
#6756 = AXIS2_PLACEMENT_3D('',#6757,#6758,#6759);
#6757 = CARTESIAN_POINT('',(42.966217932436,68.326136652273,
    1.600050800102));
#6758 = DIRECTION('',(0.,0.,1.));
#6759 = DIRECTION('',(-1.,-1.110223024625E-16,0.));
#6760 = ORIENTED_EDGE('',*,*,#6711,.F.);
#6761 = ORIENTED_EDGE('',*,*,#6762,.F.);
#6762 = EDGE_CURVE('',#6731,#6712,#6763,.T.);
#6763 = CIRCLE('',#6764,0.457200914402);
#6764 = AXIS2_PLACEMENT_3D('',#6765,#6766,#6767);
#6765 = CARTESIAN_POINT('',(42.966217932436,68.326136652273,0.));
#6766 = DIRECTION('',(0.,0.,1.));
#6767 = DIRECTION('',(-1.,-1.110223024625E-16,0.));
#6768 = CYLINDRICAL_SURFACE('',#6769,0.457200914402);
#6769 = AXIS2_PLACEMENT_3D('',#6770,#6771,#6772);
#6770 = CARTESIAN_POINT('',(42.966217932436,68.326136652273,0.));
#6771 = DIRECTION('',(-0.,-0.,-1.));
#6772 = DIRECTION('',(-1.,-1.110223024625E-16,0.));
#6773 = ADVANCED_FACE('',(#6774),#6810,.F.);
#6774 = FACE_BOUND('',#6775,.T.);
#6775 = EDGE_LOOP('',(#6776,#6786,#6795,#6803));
#6776 = ORIENTED_EDGE('',*,*,#6777,.T.);
#6777 = EDGE_CURVE('',#6778,#6780,#6782,.T.);
#6778 = VERTEX_POINT('',#6779);
#6779 = CARTESIAN_POINT('',(44.365087630175,97.663195326391,0.));
#6780 = VERTEX_POINT('',#6781);
#6781 = CARTESIAN_POINT('',(44.365087630175,97.663195326391,
    1.600050800102));
#6782 = LINE('',#6783,#6784);
#6783 = CARTESIAN_POINT('',(44.365087630175,97.663195326391,0.));
#6784 = VECTOR('',#6785,1.);
#6785 = DIRECTION('',(0.,0.,1.));
#6786 = ORIENTED_EDGE('',*,*,#6787,.T.);
#6787 = EDGE_CURVE('',#6780,#6788,#6790,.T.);
#6788 = VERTEX_POINT('',#6789);
#6789 = CARTESIAN_POINT('',(43.265087630175,97.663195326391,
    1.600050800102));
#6790 = CIRCLE('',#6791,0.55);
#6791 = AXIS2_PLACEMENT_3D('',#6792,#6793,#6794);
#6792 = CARTESIAN_POINT('',(43.815087630175,97.663195326391,
    1.600050800102));
#6793 = DIRECTION('',(0.,0.,1.));
#6794 = DIRECTION('',(1.,1.110223024625E-16,-0.));
#6795 = ORIENTED_EDGE('',*,*,#6796,.F.);
#6796 = EDGE_CURVE('',#6797,#6788,#6799,.T.);
#6797 = VERTEX_POINT('',#6798);
#6798 = CARTESIAN_POINT('',(43.265087630175,97.663195326391,0.));
#6799 = LINE('',#6800,#6801);
#6800 = CARTESIAN_POINT('',(43.265087630175,97.663195326391,0.));
#6801 = VECTOR('',#6802,1.);
#6802 = DIRECTION('',(0.,0.,1.));
#6803 = ORIENTED_EDGE('',*,*,#6804,.F.);
#6804 = EDGE_CURVE('',#6778,#6797,#6805,.T.);
#6805 = CIRCLE('',#6806,0.55);
#6806 = AXIS2_PLACEMENT_3D('',#6807,#6808,#6809);
#6807 = CARTESIAN_POINT('',(43.815087630175,97.663195326391,0.));
#6808 = DIRECTION('',(0.,0.,1.));
#6809 = DIRECTION('',(1.,1.110223024625E-16,-0.));
#6810 = CYLINDRICAL_SURFACE('',#6811,0.55);
#6811 = AXIS2_PLACEMENT_3D('',#6812,#6813,#6814);
#6812 = CARTESIAN_POINT('',(43.815087630175,97.663195326391,0.));
#6813 = DIRECTION('',(-0.,-0.,-1.));
#6814 = DIRECTION('',(1.,1.110223024625E-16,-0.));
#6815 = ADVANCED_FACE('',(#6816),#6834,.F.);
#6816 = FACE_BOUND('',#6817,.T.);
#6817 = EDGE_LOOP('',(#6818,#6819,#6826,#6827));
#6818 = ORIENTED_EDGE('',*,*,#6796,.T.);
#6819 = ORIENTED_EDGE('',*,*,#6820,.T.);
#6820 = EDGE_CURVE('',#6788,#6780,#6821,.T.);
#6821 = CIRCLE('',#6822,0.55);
#6822 = AXIS2_PLACEMENT_3D('',#6823,#6824,#6825);
#6823 = CARTESIAN_POINT('',(43.815087630175,97.663195326391,
    1.600050800102));
#6824 = DIRECTION('',(0.,0.,1.));
#6825 = DIRECTION('',(-1.,-1.110223024625E-16,0.));
#6826 = ORIENTED_EDGE('',*,*,#6777,.F.);
#6827 = ORIENTED_EDGE('',*,*,#6828,.F.);
#6828 = EDGE_CURVE('',#6797,#6778,#6829,.T.);
#6829 = CIRCLE('',#6830,0.55);
#6830 = AXIS2_PLACEMENT_3D('',#6831,#6832,#6833);
#6831 = CARTESIAN_POINT('',(43.815087630175,97.663195326391,0.));
#6832 = DIRECTION('',(0.,0.,1.));
#6833 = DIRECTION('',(-1.,-1.110223024625E-16,0.));
#6834 = CYLINDRICAL_SURFACE('',#6835,0.55);
#6835 = AXIS2_PLACEMENT_3D('',#6836,#6837,#6838);
#6836 = CARTESIAN_POINT('',(43.815087630175,97.663195326391,0.));
#6837 = DIRECTION('',(-0.,-0.,-1.));
#6838 = DIRECTION('',(-1.,-1.110223024625E-16,0.));
#6839 = ADVANCED_FACE('',(#6840),#6876,.F.);
#6840 = FACE_BOUND('',#6841,.T.);
#6841 = EDGE_LOOP('',(#6842,#6852,#6861,#6869));
#6842 = ORIENTED_EDGE('',*,*,#6843,.T.);
#6843 = EDGE_CURVE('',#6844,#6846,#6848,.T.);
#6844 = VERTEX_POINT('',#6845);
#6845 = CARTESIAN_POINT('',(44.365087630175,95.123190246381,0.));
#6846 = VERTEX_POINT('',#6847);
#6847 = CARTESIAN_POINT('',(44.365087630175,95.123190246381,
    1.600050800102));
#6848 = LINE('',#6849,#6850);
#6849 = CARTESIAN_POINT('',(44.365087630175,95.123190246381,0.));
#6850 = VECTOR('',#6851,1.);
#6851 = DIRECTION('',(0.,0.,1.));
#6852 = ORIENTED_EDGE('',*,*,#6853,.T.);
#6853 = EDGE_CURVE('',#6846,#6854,#6856,.T.);
#6854 = VERTEX_POINT('',#6855);
#6855 = CARTESIAN_POINT('',(43.265087630175,95.123190246381,
    1.600050800102));
#6856 = CIRCLE('',#6857,0.55);
#6857 = AXIS2_PLACEMENT_3D('',#6858,#6859,#6860);
#6858 = CARTESIAN_POINT('',(43.815087630175,95.123190246381,
    1.600050800102));
#6859 = DIRECTION('',(0.,0.,1.));
#6860 = DIRECTION('',(1.,1.110223024625E-16,-0.));
#6861 = ORIENTED_EDGE('',*,*,#6862,.F.);
#6862 = EDGE_CURVE('',#6863,#6854,#6865,.T.);
#6863 = VERTEX_POINT('',#6864);
#6864 = CARTESIAN_POINT('',(43.265087630175,95.123190246381,0.));
#6865 = LINE('',#6866,#6867);
#6866 = CARTESIAN_POINT('',(43.265087630175,95.123190246381,0.));
#6867 = VECTOR('',#6868,1.);
#6868 = DIRECTION('',(0.,0.,1.));
#6869 = ORIENTED_EDGE('',*,*,#6870,.F.);
#6870 = EDGE_CURVE('',#6844,#6863,#6871,.T.);
#6871 = CIRCLE('',#6872,0.55);
#6872 = AXIS2_PLACEMENT_3D('',#6873,#6874,#6875);
#6873 = CARTESIAN_POINT('',(43.815087630175,95.123190246381,0.));
#6874 = DIRECTION('',(0.,0.,1.));
#6875 = DIRECTION('',(1.,1.110223024625E-16,-0.));
#6876 = CYLINDRICAL_SURFACE('',#6877,0.55);
#6877 = AXIS2_PLACEMENT_3D('',#6878,#6879,#6880);
#6878 = CARTESIAN_POINT('',(43.815087630175,95.123190246381,0.));
#6879 = DIRECTION('',(-0.,-0.,-1.));
#6880 = DIRECTION('',(1.,1.110223024625E-16,-0.));
#6881 = ADVANCED_FACE('',(#6882),#6900,.F.);
#6882 = FACE_BOUND('',#6883,.T.);
#6883 = EDGE_LOOP('',(#6884,#6885,#6892,#6893));
#6884 = ORIENTED_EDGE('',*,*,#6862,.T.);
#6885 = ORIENTED_EDGE('',*,*,#6886,.T.);
#6886 = EDGE_CURVE('',#6854,#6846,#6887,.T.);
#6887 = CIRCLE('',#6888,0.55);
#6888 = AXIS2_PLACEMENT_3D('',#6889,#6890,#6891);
#6889 = CARTESIAN_POINT('',(43.815087630175,95.123190246381,
    1.600050800102));
#6890 = DIRECTION('',(0.,0.,1.));
#6891 = DIRECTION('',(-1.,-1.110223024625E-16,0.));
#6892 = ORIENTED_EDGE('',*,*,#6843,.F.);
#6893 = ORIENTED_EDGE('',*,*,#6894,.F.);
#6894 = EDGE_CURVE('',#6863,#6844,#6895,.T.);
#6895 = CIRCLE('',#6896,0.55);
#6896 = AXIS2_PLACEMENT_3D('',#6897,#6898,#6899);
#6897 = CARTESIAN_POINT('',(43.815087630175,95.123190246381,0.));
#6898 = DIRECTION('',(0.,0.,1.));
#6899 = DIRECTION('',(-1.,-1.110223024625E-16,0.));
#6900 = CYLINDRICAL_SURFACE('',#6901,0.55);
#6901 = AXIS2_PLACEMENT_3D('',#6902,#6903,#6904);
#6902 = CARTESIAN_POINT('',(43.815087630175,95.123190246381,0.));
#6903 = DIRECTION('',(-0.,-0.,-1.));
#6904 = DIRECTION('',(-1.,-1.110223024625E-16,0.));
#6905 = ADVANCED_FACE('',(#6906),#6942,.F.);
#6906 = FACE_BOUND('',#6907,.T.);
#6907 = EDGE_LOOP('',(#6908,#6918,#6927,#6935));
#6908 = ORIENTED_EDGE('',*,*,#6909,.T.);
#6909 = EDGE_CURVE('',#6910,#6912,#6914,.T.);
#6910 = VERTEX_POINT('',#6911);
#6911 = CARTESIAN_POINT('',(45.500127000254,30.682067564135,0.));
#6912 = VERTEX_POINT('',#6913);
#6913 = CARTESIAN_POINT('',(45.500127000254,30.682067564135,
    1.600050800102));
#6914 = LINE('',#6915,#6916);
#6915 = CARTESIAN_POINT('',(45.500127000254,30.682067564135,0.));
#6916 = VECTOR('',#6917,1.);
#6917 = DIRECTION('',(0.,0.,1.));
#6918 = ORIENTED_EDGE('',*,*,#6919,.T.);
#6919 = EDGE_CURVE('',#6912,#6920,#6922,.T.);
#6920 = VERTEX_POINT('',#6921);
#6921 = CARTESIAN_POINT('',(43.468122936246,30.682067564135,
    1.600050800102));
#6922 = CIRCLE('',#6923,1.016002032004);
#6923 = AXIS2_PLACEMENT_3D('',#6924,#6925,#6926);
#6924 = CARTESIAN_POINT('',(44.48412496825,30.682067564135,
    1.600050800102));
#6925 = DIRECTION('',(0.,0.,1.));
#6926 = DIRECTION('',(1.,1.110223024625E-16,-0.));
#6927 = ORIENTED_EDGE('',*,*,#6928,.F.);
#6928 = EDGE_CURVE('',#6929,#6920,#6931,.T.);
#6929 = VERTEX_POINT('',#6930);
#6930 = CARTESIAN_POINT('',(43.468122936246,30.682067564135,0.));
#6931 = LINE('',#6932,#6933);
#6932 = CARTESIAN_POINT('',(43.468122936246,30.682067564135,0.));
#6933 = VECTOR('',#6934,1.);
#6934 = DIRECTION('',(0.,0.,1.));
#6935 = ORIENTED_EDGE('',*,*,#6936,.F.);
#6936 = EDGE_CURVE('',#6910,#6929,#6937,.T.);
#6937 = CIRCLE('',#6938,1.016002032004);
#6938 = AXIS2_PLACEMENT_3D('',#6939,#6940,#6941);
#6939 = CARTESIAN_POINT('',(44.48412496825,30.682067564135,0.));
#6940 = DIRECTION('',(0.,0.,1.));
#6941 = DIRECTION('',(1.,1.110223024625E-16,-0.));
#6942 = CYLINDRICAL_SURFACE('',#6943,1.016002032004);
#6943 = AXIS2_PLACEMENT_3D('',#6944,#6945,#6946);
#6944 = CARTESIAN_POINT('',(44.48412496825,30.682067564135,0.));
#6945 = DIRECTION('',(-0.,-0.,-1.));
#6946 = DIRECTION('',(1.,1.110223024625E-16,-0.));
#6947 = ADVANCED_FACE('',(#6948),#6966,.F.);
#6948 = FACE_BOUND('',#6949,.T.);
#6949 = EDGE_LOOP('',(#6950,#6951,#6958,#6959));
#6950 = ORIENTED_EDGE('',*,*,#6928,.T.);
#6951 = ORIENTED_EDGE('',*,*,#6952,.T.);
#6952 = EDGE_CURVE('',#6920,#6912,#6953,.T.);
#6953 = CIRCLE('',#6954,1.016002032004);
#6954 = AXIS2_PLACEMENT_3D('',#6955,#6956,#6957);
#6955 = CARTESIAN_POINT('',(44.48412496825,30.682067564135,
    1.600050800102));
#6956 = DIRECTION('',(0.,0.,1.));
#6957 = DIRECTION('',(-1.,-1.110223024625E-16,0.));
#6958 = ORIENTED_EDGE('',*,*,#6909,.F.);
#6959 = ORIENTED_EDGE('',*,*,#6960,.F.);
#6960 = EDGE_CURVE('',#6929,#6910,#6961,.T.);
#6961 = CIRCLE('',#6962,1.016002032004);
#6962 = AXIS2_PLACEMENT_3D('',#6963,#6964,#6965);
#6963 = CARTESIAN_POINT('',(44.48412496825,30.682067564135,0.));
#6964 = DIRECTION('',(0.,0.,1.));
#6965 = DIRECTION('',(-1.,-1.110223024625E-16,0.));
#6966 = CYLINDRICAL_SURFACE('',#6967,1.016002032004);
#6967 = AXIS2_PLACEMENT_3D('',#6968,#6969,#6970);
#6968 = CARTESIAN_POINT('',(44.48412496825,30.682067564135,0.));
#6969 = DIRECTION('',(-0.,-0.,-1.));
#6970 = DIRECTION('',(-1.,-1.110223024625E-16,0.));
#6971 = ADVANCED_FACE('',(#6972),#7008,.F.);
#6972 = FACE_BOUND('',#6973,.T.);
#6973 = EDGE_LOOP('',(#6974,#6984,#6993,#7001));
#6974 = ORIENTED_EDGE('',*,*,#6975,.T.);
#6975 = EDGE_CURVE('',#6976,#6978,#6980,.T.);
#6976 = VERTEX_POINT('',#6977);
#6977 = CARTESIAN_POINT('',(45.050088900178,63.246126492253,0.));
#6978 = VERTEX_POINT('',#6979);
#6979 = CARTESIAN_POINT('',(45.050088900178,63.246126492253,
    1.600050800102));
#6980 = LINE('',#6981,#6982);
#6981 = CARTESIAN_POINT('',(45.050088900178,63.246126492253,0.));
#6982 = VECTOR('',#6983,1.);
#6983 = DIRECTION('',(0.,0.,1.));
#6984 = ORIENTED_EDGE('',*,*,#6985,.T.);
#6985 = EDGE_CURVE('',#6978,#6986,#6988,.T.);
#6986 = VERTEX_POINT('',#6987);
#6987 = CARTESIAN_POINT('',(43.850088900178,63.246126492253,
    1.600050800102));
#6988 = CIRCLE('',#6989,0.6);
#6989 = AXIS2_PLACEMENT_3D('',#6990,#6991,#6992);
#6990 = CARTESIAN_POINT('',(44.450088900178,63.246126492253,
    1.600050800102));
#6991 = DIRECTION('',(0.,0.,1.));
#6992 = DIRECTION('',(1.,1.110223024625E-16,-0.));
#6993 = ORIENTED_EDGE('',*,*,#6994,.F.);
#6994 = EDGE_CURVE('',#6995,#6986,#6997,.T.);
#6995 = VERTEX_POINT('',#6996);
#6996 = CARTESIAN_POINT('',(43.850088900178,63.246126492253,0.));
#6997 = LINE('',#6998,#6999);
#6998 = CARTESIAN_POINT('',(43.850088900178,63.246126492253,0.));
#6999 = VECTOR('',#7000,1.);
#7000 = DIRECTION('',(0.,0.,1.));
#7001 = ORIENTED_EDGE('',*,*,#7002,.F.);
#7002 = EDGE_CURVE('',#6976,#6995,#7003,.T.);
#7003 = CIRCLE('',#7004,0.6);
#7004 = AXIS2_PLACEMENT_3D('',#7005,#7006,#7007);
#7005 = CARTESIAN_POINT('',(44.450088900178,63.246126492253,0.));
#7006 = DIRECTION('',(0.,0.,1.));
#7007 = DIRECTION('',(1.,1.110223024625E-16,-0.));
#7008 = CYLINDRICAL_SURFACE('',#7009,0.6);
#7009 = AXIS2_PLACEMENT_3D('',#7010,#7011,#7012);
#7010 = CARTESIAN_POINT('',(44.450088900178,63.246126492253,0.));
#7011 = DIRECTION('',(-0.,-0.,-1.));
#7012 = DIRECTION('',(1.,1.110223024625E-16,-0.));
#7013 = ADVANCED_FACE('',(#7014),#7032,.F.);
#7014 = FACE_BOUND('',#7015,.T.);
#7015 = EDGE_LOOP('',(#7016,#7017,#7024,#7025));
#7016 = ORIENTED_EDGE('',*,*,#6994,.T.);
#7017 = ORIENTED_EDGE('',*,*,#7018,.T.);
#7018 = EDGE_CURVE('',#6986,#6978,#7019,.T.);
#7019 = CIRCLE('',#7020,0.6);
#7020 = AXIS2_PLACEMENT_3D('',#7021,#7022,#7023);
#7021 = CARTESIAN_POINT('',(44.450088900178,63.246126492253,
    1.600050800102));
#7022 = DIRECTION('',(0.,0.,1.));
#7023 = DIRECTION('',(-1.,-1.110223024625E-16,0.));
#7024 = ORIENTED_EDGE('',*,*,#6975,.F.);
#7025 = ORIENTED_EDGE('',*,*,#7026,.F.);
#7026 = EDGE_CURVE('',#6995,#6976,#7027,.T.);
#7027 = CIRCLE('',#7028,0.6);
#7028 = AXIS2_PLACEMENT_3D('',#7029,#7030,#7031);
#7029 = CARTESIAN_POINT('',(44.450088900178,63.246126492253,0.));
#7030 = DIRECTION('',(0.,0.,1.));
#7031 = DIRECTION('',(-1.,-1.110223024625E-16,0.));
#7032 = CYLINDRICAL_SURFACE('',#7033,0.6);
#7033 = AXIS2_PLACEMENT_3D('',#7034,#7035,#7036);
#7034 = CARTESIAN_POINT('',(44.450088900178,63.246126492253,0.));
#7035 = DIRECTION('',(-0.,-0.,-1.));
#7036 = DIRECTION('',(-1.,-1.110223024625E-16,0.));
#7037 = ADVANCED_FACE('',(#7038),#7074,.F.);
#7038 = FACE_BOUND('',#7039,.T.);
#7039 = EDGE_LOOP('',(#7040,#7050,#7059,#7067));
#7040 = ORIENTED_EDGE('',*,*,#7041,.T.);
#7041 = EDGE_CURVE('',#7042,#7044,#7046,.T.);
#7042 = VERTEX_POINT('',#7043);
#7043 = CARTESIAN_POINT('',(45.050088900178,36.195072390145,0.));
#7044 = VERTEX_POINT('',#7045);
#7045 = CARTESIAN_POINT('',(45.050088900178,36.195072390145,
    1.600050800102));
#7046 = LINE('',#7047,#7048);
#7047 = CARTESIAN_POINT('',(45.050088900178,36.195072390145,0.));
#7048 = VECTOR('',#7049,1.);
#7049 = DIRECTION('',(0.,0.,1.));
#7050 = ORIENTED_EDGE('',*,*,#7051,.T.);
#7051 = EDGE_CURVE('',#7044,#7052,#7054,.T.);
#7052 = VERTEX_POINT('',#7053);
#7053 = CARTESIAN_POINT('',(43.850088900178,36.195072390145,
    1.600050800102));
#7054 = CIRCLE('',#7055,0.6);
#7055 = AXIS2_PLACEMENT_3D('',#7056,#7057,#7058);
#7056 = CARTESIAN_POINT('',(44.450088900178,36.195072390145,
    1.600050800102));
#7057 = DIRECTION('',(0.,0.,1.));
#7058 = DIRECTION('',(1.,1.110223024625E-16,-0.));
#7059 = ORIENTED_EDGE('',*,*,#7060,.F.);
#7060 = EDGE_CURVE('',#7061,#7052,#7063,.T.);
#7061 = VERTEX_POINT('',#7062);
#7062 = CARTESIAN_POINT('',(43.850088900178,36.195072390145,0.));
#7063 = LINE('',#7064,#7065);
#7064 = CARTESIAN_POINT('',(43.850088900178,36.195072390145,0.));
#7065 = VECTOR('',#7066,1.);
#7066 = DIRECTION('',(0.,0.,1.));
#7067 = ORIENTED_EDGE('',*,*,#7068,.F.);
#7068 = EDGE_CURVE('',#7042,#7061,#7069,.T.);
#7069 = CIRCLE('',#7070,0.6);
#7070 = AXIS2_PLACEMENT_3D('',#7071,#7072,#7073);
#7071 = CARTESIAN_POINT('',(44.450088900178,36.195072390145,0.));
#7072 = DIRECTION('',(0.,0.,1.));
#7073 = DIRECTION('',(1.,1.110223024625E-16,-0.));
#7074 = CYLINDRICAL_SURFACE('',#7075,0.6);
#7075 = AXIS2_PLACEMENT_3D('',#7076,#7077,#7078);
#7076 = CARTESIAN_POINT('',(44.450088900178,36.195072390145,0.));
#7077 = DIRECTION('',(-0.,-0.,-1.));
#7078 = DIRECTION('',(1.,1.110223024625E-16,-0.));
#7079 = ADVANCED_FACE('',(#7080),#7098,.F.);
#7080 = FACE_BOUND('',#7081,.T.);
#7081 = EDGE_LOOP('',(#7082,#7083,#7090,#7091));
#7082 = ORIENTED_EDGE('',*,*,#7060,.T.);
#7083 = ORIENTED_EDGE('',*,*,#7084,.T.);
#7084 = EDGE_CURVE('',#7052,#7044,#7085,.T.);
#7085 = CIRCLE('',#7086,0.6);
#7086 = AXIS2_PLACEMENT_3D('',#7087,#7088,#7089);
#7087 = CARTESIAN_POINT('',(44.450088900178,36.195072390145,
    1.600050800102));
#7088 = DIRECTION('',(0.,0.,1.));
#7089 = DIRECTION('',(-1.,-1.110223024625E-16,0.));
#7090 = ORIENTED_EDGE('',*,*,#7041,.F.);
#7091 = ORIENTED_EDGE('',*,*,#7092,.F.);
#7092 = EDGE_CURVE('',#7061,#7042,#7093,.T.);
#7093 = CIRCLE('',#7094,0.6);
#7094 = AXIS2_PLACEMENT_3D('',#7095,#7096,#7097);
#7095 = CARTESIAN_POINT('',(44.450088900178,36.195072390145,0.));
#7096 = DIRECTION('',(0.,0.,1.));
#7097 = DIRECTION('',(-1.,-1.110223024625E-16,0.));
#7098 = CYLINDRICAL_SURFACE('',#7099,0.6);
#7099 = AXIS2_PLACEMENT_3D('',#7100,#7101,#7102);
#7100 = CARTESIAN_POINT('',(44.450088900178,36.195072390145,0.));
#7101 = DIRECTION('',(-0.,-0.,-1.));
#7102 = DIRECTION('',(-1.,-1.110223024625E-16,0.));
#7103 = ADVANCED_FACE('',(#7104),#7140,.F.);
#7104 = FACE_BOUND('',#7105,.T.);
#7105 = EDGE_LOOP('',(#7106,#7116,#7125,#7133));
#7106 = ORIENTED_EDGE('',*,*,#7107,.T.);
#7107 = EDGE_CURVE('',#7108,#7110,#7112,.T.);
#7108 = VERTEX_POINT('',#7109);
#7109 = CARTESIAN_POINT('',(44.950139700279,57.40411480823,0.));
#7110 = VERTEX_POINT('',#7111);
#7111 = CARTESIAN_POINT('',(44.950139700279,57.40411480823,
    1.600050800102));
#7112 = LINE('',#7113,#7114);
#7113 = CARTESIAN_POINT('',(44.950139700279,57.40411480823,0.));
#7114 = VECTOR('',#7115,1.);
#7115 = DIRECTION('',(0.,0.,1.));
#7116 = ORIENTED_EDGE('',*,*,#7117,.T.);
#7117 = EDGE_CURVE('',#7110,#7118,#7120,.T.);
#7118 = VERTEX_POINT('',#7119);
#7119 = CARTESIAN_POINT('',(43.950139700279,57.40411480823,
    1.600050800102));
#7120 = CIRCLE('',#7121,0.5);
#7121 = AXIS2_PLACEMENT_3D('',#7122,#7123,#7124);
#7122 = CARTESIAN_POINT('',(44.450139700279,57.40411480823,
    1.600050800102));
#7123 = DIRECTION('',(0.,0.,1.));
#7124 = DIRECTION('',(1.,1.110223024625E-16,-0.));
#7125 = ORIENTED_EDGE('',*,*,#7126,.F.);
#7126 = EDGE_CURVE('',#7127,#7118,#7129,.T.);
#7127 = VERTEX_POINT('',#7128);
#7128 = CARTESIAN_POINT('',(43.950139700279,57.40411480823,0.));
#7129 = LINE('',#7130,#7131);
#7130 = CARTESIAN_POINT('',(43.950139700279,57.40411480823,0.));
#7131 = VECTOR('',#7132,1.);
#7132 = DIRECTION('',(0.,0.,1.));
#7133 = ORIENTED_EDGE('',*,*,#7134,.F.);
#7134 = EDGE_CURVE('',#7108,#7127,#7135,.T.);
#7135 = CIRCLE('',#7136,0.5);
#7136 = AXIS2_PLACEMENT_3D('',#7137,#7138,#7139);
#7137 = CARTESIAN_POINT('',(44.450139700279,57.40411480823,0.));
#7138 = DIRECTION('',(0.,0.,1.));
#7139 = DIRECTION('',(1.,1.110223024625E-16,-0.));
#7140 = CYLINDRICAL_SURFACE('',#7141,0.5);
#7141 = AXIS2_PLACEMENT_3D('',#7142,#7143,#7144);
#7142 = CARTESIAN_POINT('',(44.450139700279,57.40411480823,0.));
#7143 = DIRECTION('',(-0.,-0.,-1.));
#7144 = DIRECTION('',(1.,1.110223024625E-16,-0.));
#7145 = ADVANCED_FACE('',(#7146),#7164,.F.);
#7146 = FACE_BOUND('',#7147,.T.);
#7147 = EDGE_LOOP('',(#7148,#7149,#7156,#7157));
#7148 = ORIENTED_EDGE('',*,*,#7126,.T.);
#7149 = ORIENTED_EDGE('',*,*,#7150,.T.);
#7150 = EDGE_CURVE('',#7118,#7110,#7151,.T.);
#7151 = CIRCLE('',#7152,0.5);
#7152 = AXIS2_PLACEMENT_3D('',#7153,#7154,#7155);
#7153 = CARTESIAN_POINT('',(44.450139700279,57.40411480823,
    1.600050800102));
#7154 = DIRECTION('',(0.,0.,1.));
#7155 = DIRECTION('',(-1.,-1.110223024625E-16,0.));
#7156 = ORIENTED_EDGE('',*,*,#7107,.F.);
#7157 = ORIENTED_EDGE('',*,*,#7158,.F.);
#7158 = EDGE_CURVE('',#7127,#7108,#7159,.T.);
#7159 = CIRCLE('',#7160,0.5);
#7160 = AXIS2_PLACEMENT_3D('',#7161,#7162,#7163);
#7161 = CARTESIAN_POINT('',(44.450139700279,57.40411480823,0.));
#7162 = DIRECTION('',(0.,0.,1.));
#7163 = DIRECTION('',(-1.,-1.110223024625E-16,0.));
#7164 = CYLINDRICAL_SURFACE('',#7165,0.5);
#7165 = AXIS2_PLACEMENT_3D('',#7166,#7167,#7168);
#7166 = CARTESIAN_POINT('',(44.450139700279,57.40411480823,0.));
#7167 = DIRECTION('',(-0.,-0.,-1.));
#7168 = DIRECTION('',(-1.,-1.110223024625E-16,0.));
#7169 = ADVANCED_FACE('',(#7170),#7206,.F.);
#7170 = FACE_BOUND('',#7171,.T.);
#7171 = EDGE_LOOP('',(#7172,#7182,#7191,#7199));
#7172 = ORIENTED_EDGE('',*,*,#7173,.T.);
#7173 = EDGE_CURVE('',#7174,#7176,#7178,.T.);
#7174 = VERTEX_POINT('',#7175);
#7175 = CARTESIAN_POINT('',(44.950139700279,42.164109728219,0.));
#7176 = VERTEX_POINT('',#7177);
#7177 = CARTESIAN_POINT('',(44.950139700279,42.164109728219,
    1.600050800102));
#7178 = LINE('',#7179,#7180);
#7179 = CARTESIAN_POINT('',(44.950139700279,42.164109728219,0.));
#7180 = VECTOR('',#7181,1.);
#7181 = DIRECTION('',(0.,0.,1.));
#7182 = ORIENTED_EDGE('',*,*,#7183,.T.);
#7183 = EDGE_CURVE('',#7176,#7184,#7186,.T.);
#7184 = VERTEX_POINT('',#7185);
#7185 = CARTESIAN_POINT('',(43.950139700279,42.164109728219,
    1.600050800102));
#7186 = CIRCLE('',#7187,0.5);
#7187 = AXIS2_PLACEMENT_3D('',#7188,#7189,#7190);
#7188 = CARTESIAN_POINT('',(44.450139700279,42.164109728219,
    1.600050800102));
#7189 = DIRECTION('',(0.,0.,1.));
#7190 = DIRECTION('',(1.,1.110223024625E-16,-0.));
#7191 = ORIENTED_EDGE('',*,*,#7192,.F.);
#7192 = EDGE_CURVE('',#7193,#7184,#7195,.T.);
#7193 = VERTEX_POINT('',#7194);
#7194 = CARTESIAN_POINT('',(43.950139700279,42.164109728219,0.));
#7195 = LINE('',#7196,#7197);
#7196 = CARTESIAN_POINT('',(43.950139700279,42.164109728219,0.));
#7197 = VECTOR('',#7198,1.);
#7198 = DIRECTION('',(0.,0.,1.));
#7199 = ORIENTED_EDGE('',*,*,#7200,.F.);
#7200 = EDGE_CURVE('',#7174,#7193,#7201,.T.);
#7201 = CIRCLE('',#7202,0.5);
#7202 = AXIS2_PLACEMENT_3D('',#7203,#7204,#7205);
#7203 = CARTESIAN_POINT('',(44.450139700279,42.164109728219,0.));
#7204 = DIRECTION('',(0.,0.,1.));
#7205 = DIRECTION('',(1.,1.110223024625E-16,-0.));
#7206 = CYLINDRICAL_SURFACE('',#7207,0.5);
#7207 = AXIS2_PLACEMENT_3D('',#7208,#7209,#7210);
#7208 = CARTESIAN_POINT('',(44.450139700279,42.164109728219,0.));
#7209 = DIRECTION('',(-0.,-0.,-1.));
#7210 = DIRECTION('',(1.,1.110223024625E-16,-0.));
#7211 = ADVANCED_FACE('',(#7212),#7230,.F.);
#7212 = FACE_BOUND('',#7213,.T.);
#7213 = EDGE_LOOP('',(#7214,#7215,#7222,#7223));
#7214 = ORIENTED_EDGE('',*,*,#7192,.T.);
#7215 = ORIENTED_EDGE('',*,*,#7216,.T.);
#7216 = EDGE_CURVE('',#7184,#7176,#7217,.T.);
#7217 = CIRCLE('',#7218,0.5);
#7218 = AXIS2_PLACEMENT_3D('',#7219,#7220,#7221);
#7219 = CARTESIAN_POINT('',(44.450139700279,42.164109728219,
    1.600050800102));
#7220 = DIRECTION('',(0.,0.,1.));
#7221 = DIRECTION('',(-1.,-1.110223024625E-16,0.));
#7222 = ORIENTED_EDGE('',*,*,#7173,.F.);
#7223 = ORIENTED_EDGE('',*,*,#7224,.F.);
#7224 = EDGE_CURVE('',#7193,#7174,#7225,.T.);
#7225 = CIRCLE('',#7226,0.5);
#7226 = AXIS2_PLACEMENT_3D('',#7227,#7228,#7229);
#7227 = CARTESIAN_POINT('',(44.450139700279,42.164109728219,0.));
#7228 = DIRECTION('',(0.,0.,1.));
#7229 = DIRECTION('',(-1.,-1.110223024625E-16,0.));
#7230 = CYLINDRICAL_SURFACE('',#7231,0.5);
#7231 = AXIS2_PLACEMENT_3D('',#7232,#7233,#7234);
#7232 = CARTESIAN_POINT('',(44.450139700279,42.164109728219,0.));
#7233 = DIRECTION('',(-0.,-0.,-1.));
#7234 = DIRECTION('',(-1.,-1.110223024625E-16,0.));
#7235 = ADVANCED_FACE('',(#7236),#7272,.F.);
#7236 = FACE_BOUND('',#7237,.T.);
#7237 = EDGE_LOOP('',(#7238,#7248,#7257,#7265));
#7238 = ORIENTED_EDGE('',*,*,#7239,.T.);
#7239 = EDGE_CURVE('',#7240,#7242,#7244,.T.);
#7240 = VERTEX_POINT('',#7241);
#7241 = CARTESIAN_POINT('',(45.923418846838,68.326136652273,0.));
#7242 = VERTEX_POINT('',#7243);
#7243 = CARTESIAN_POINT('',(45.923418846838,68.326136652273,
    1.600050800102));
#7244 = LINE('',#7245,#7246);
#7245 = CARTESIAN_POINT('',(45.923418846838,68.326136652273,0.));
#7246 = VECTOR('',#7247,1.);
#7247 = DIRECTION('',(0.,0.,1.));
#7248 = ORIENTED_EDGE('',*,*,#7249,.T.);
#7249 = EDGE_CURVE('',#7242,#7250,#7252,.T.);
#7250 = VERTEX_POINT('',#7251);
#7251 = CARTESIAN_POINT('',(45.009017018034,68.326136652273,
    1.600050800102));
#7252 = CIRCLE('',#7253,0.457200914402);
#7253 = AXIS2_PLACEMENT_3D('',#7254,#7255,#7256);
#7254 = CARTESIAN_POINT('',(45.466217932436,68.326136652273,
    1.600050800102));
#7255 = DIRECTION('',(0.,0.,1.));
#7256 = DIRECTION('',(1.,1.110223024625E-16,-0.));
#7257 = ORIENTED_EDGE('',*,*,#7258,.F.);
#7258 = EDGE_CURVE('',#7259,#7250,#7261,.T.);
#7259 = VERTEX_POINT('',#7260);
#7260 = CARTESIAN_POINT('',(45.009017018034,68.326136652273,0.));
#7261 = LINE('',#7262,#7263);
#7262 = CARTESIAN_POINT('',(45.009017018034,68.326136652273,0.));
#7263 = VECTOR('',#7264,1.);
#7264 = DIRECTION('',(0.,0.,1.));
#7265 = ORIENTED_EDGE('',*,*,#7266,.F.);
#7266 = EDGE_CURVE('',#7240,#7259,#7267,.T.);
#7267 = CIRCLE('',#7268,0.457200914402);
#7268 = AXIS2_PLACEMENT_3D('',#7269,#7270,#7271);
#7269 = CARTESIAN_POINT('',(45.466217932436,68.326136652273,0.));
#7270 = DIRECTION('',(0.,0.,1.));
#7271 = DIRECTION('',(1.,1.110223024625E-16,-0.));
#7272 = CYLINDRICAL_SURFACE('',#7273,0.457200914402);
#7273 = AXIS2_PLACEMENT_3D('',#7274,#7275,#7276);
#7274 = CARTESIAN_POINT('',(45.466217932436,68.326136652273,0.));
#7275 = DIRECTION('',(-0.,-0.,-1.));
#7276 = DIRECTION('',(1.,1.110223024625E-16,-0.));
#7277 = ADVANCED_FACE('',(#7278),#7296,.F.);
#7278 = FACE_BOUND('',#7279,.T.);
#7279 = EDGE_LOOP('',(#7280,#7281,#7288,#7289));
#7280 = ORIENTED_EDGE('',*,*,#7258,.T.);
#7281 = ORIENTED_EDGE('',*,*,#7282,.T.);
#7282 = EDGE_CURVE('',#7250,#7242,#7283,.T.);
#7283 = CIRCLE('',#7284,0.457200914402);
#7284 = AXIS2_PLACEMENT_3D('',#7285,#7286,#7287);
#7285 = CARTESIAN_POINT('',(45.466217932436,68.326136652273,
    1.600050800102));
#7286 = DIRECTION('',(0.,0.,1.));
#7287 = DIRECTION('',(-1.,-1.110223024625E-16,0.));
#7288 = ORIENTED_EDGE('',*,*,#7239,.F.);
#7289 = ORIENTED_EDGE('',*,*,#7290,.F.);
#7290 = EDGE_CURVE('',#7259,#7240,#7291,.T.);
#7291 = CIRCLE('',#7292,0.457200914402);
#7292 = AXIS2_PLACEMENT_3D('',#7293,#7294,#7295);
#7293 = CARTESIAN_POINT('',(45.466217932436,68.326136652273,0.));
#7294 = DIRECTION('',(0.,0.,1.));
#7295 = DIRECTION('',(-1.,-1.110223024625E-16,0.));
#7296 = CYLINDRICAL_SURFACE('',#7297,0.457200914402);
#7297 = AXIS2_PLACEMENT_3D('',#7298,#7299,#7300);
#7298 = CARTESIAN_POINT('',(45.466217932436,68.326136652273,0.));
#7299 = DIRECTION('',(-0.,-0.,-1.));
#7300 = DIRECTION('',(-1.,-1.110223024625E-16,0.));
#7301 = ADVANCED_FACE('',(#7302),#7338,.F.);
#7302 = FACE_BOUND('',#7303,.T.);
#7303 = EDGE_LOOP('',(#7304,#7314,#7323,#7331));
#7304 = ORIENTED_EDGE('',*,*,#7305,.T.);
#7305 = EDGE_CURVE('',#7306,#7308,#7310,.T.);
#7306 = VERTEX_POINT('',#7307);
#7307 = CARTESIAN_POINT('',(46.905092710185,97.663195326391,0.));
#7308 = VERTEX_POINT('',#7309);
#7309 = CARTESIAN_POINT('',(46.905092710185,97.663195326391,
    1.600050800102));
#7310 = LINE('',#7311,#7312);
#7311 = CARTESIAN_POINT('',(46.905092710185,97.663195326391,0.));
#7312 = VECTOR('',#7313,1.);
#7313 = DIRECTION('',(0.,0.,1.));
#7314 = ORIENTED_EDGE('',*,*,#7315,.T.);
#7315 = EDGE_CURVE('',#7308,#7316,#7318,.T.);
#7316 = VERTEX_POINT('',#7317);
#7317 = CARTESIAN_POINT('',(45.805092710185,97.663195326391,
    1.600050800102));
#7318 = CIRCLE('',#7319,0.55);
#7319 = AXIS2_PLACEMENT_3D('',#7320,#7321,#7322);
#7320 = CARTESIAN_POINT('',(46.355092710185,97.663195326391,
    1.600050800102));
#7321 = DIRECTION('',(0.,0.,1.));
#7322 = DIRECTION('',(1.,1.110223024625E-16,-0.));
#7323 = ORIENTED_EDGE('',*,*,#7324,.F.);
#7324 = EDGE_CURVE('',#7325,#7316,#7327,.T.);
#7325 = VERTEX_POINT('',#7326);
#7326 = CARTESIAN_POINT('',(45.805092710185,97.663195326391,0.));
#7327 = LINE('',#7328,#7329);
#7328 = CARTESIAN_POINT('',(45.805092710185,97.663195326391,0.));
#7329 = VECTOR('',#7330,1.);
#7330 = DIRECTION('',(0.,0.,1.));
#7331 = ORIENTED_EDGE('',*,*,#7332,.F.);
#7332 = EDGE_CURVE('',#7306,#7325,#7333,.T.);
#7333 = CIRCLE('',#7334,0.55);
#7334 = AXIS2_PLACEMENT_3D('',#7335,#7336,#7337);
#7335 = CARTESIAN_POINT('',(46.355092710185,97.663195326391,0.));
#7336 = DIRECTION('',(0.,0.,1.));
#7337 = DIRECTION('',(1.,1.110223024625E-16,-0.));
#7338 = CYLINDRICAL_SURFACE('',#7339,0.55);
#7339 = AXIS2_PLACEMENT_3D('',#7340,#7341,#7342);
#7340 = CARTESIAN_POINT('',(46.355092710185,97.663195326391,0.));
#7341 = DIRECTION('',(-0.,-0.,-1.));
#7342 = DIRECTION('',(1.,1.110223024625E-16,-0.));
#7343 = ADVANCED_FACE('',(#7344),#7362,.F.);
#7344 = FACE_BOUND('',#7345,.T.);
#7345 = EDGE_LOOP('',(#7346,#7347,#7354,#7355));
#7346 = ORIENTED_EDGE('',*,*,#7324,.T.);
#7347 = ORIENTED_EDGE('',*,*,#7348,.T.);
#7348 = EDGE_CURVE('',#7316,#7308,#7349,.T.);
#7349 = CIRCLE('',#7350,0.55);
#7350 = AXIS2_PLACEMENT_3D('',#7351,#7352,#7353);
#7351 = CARTESIAN_POINT('',(46.355092710185,97.663195326391,
    1.600050800102));
#7352 = DIRECTION('',(0.,0.,1.));
#7353 = DIRECTION('',(-1.,-1.110223024625E-16,0.));
#7354 = ORIENTED_EDGE('',*,*,#7305,.F.);
#7355 = ORIENTED_EDGE('',*,*,#7356,.F.);
#7356 = EDGE_CURVE('',#7325,#7306,#7357,.T.);
#7357 = CIRCLE('',#7358,0.55);
#7358 = AXIS2_PLACEMENT_3D('',#7359,#7360,#7361);
#7359 = CARTESIAN_POINT('',(46.355092710185,97.663195326391,0.));
#7360 = DIRECTION('',(0.,0.,1.));
#7361 = DIRECTION('',(-1.,-1.110223024625E-16,0.));
#7362 = CYLINDRICAL_SURFACE('',#7363,0.55);
#7363 = AXIS2_PLACEMENT_3D('',#7364,#7365,#7366);
#7364 = CARTESIAN_POINT('',(46.355092710185,97.663195326391,0.));
#7365 = DIRECTION('',(-0.,-0.,-1.));
#7366 = DIRECTION('',(-1.,-1.110223024625E-16,0.));
#7367 = ADVANCED_FACE('',(#7368),#7404,.F.);
#7368 = FACE_BOUND('',#7369,.T.);
#7369 = EDGE_LOOP('',(#7370,#7380,#7389,#7397));
#7370 = ORIENTED_EDGE('',*,*,#7371,.T.);
#7371 = EDGE_CURVE('',#7372,#7374,#7376,.T.);
#7372 = VERTEX_POINT('',#7373);
#7373 = CARTESIAN_POINT('',(46.905092710185,95.123190246381,0.));
#7374 = VERTEX_POINT('',#7375);
#7375 = CARTESIAN_POINT('',(46.905092710185,95.123190246381,
    1.600050800102));
#7376 = LINE('',#7377,#7378);
#7377 = CARTESIAN_POINT('',(46.905092710185,95.123190246381,0.));
#7378 = VECTOR('',#7379,1.);
#7379 = DIRECTION('',(0.,0.,1.));
#7380 = ORIENTED_EDGE('',*,*,#7381,.T.);
#7381 = EDGE_CURVE('',#7374,#7382,#7384,.T.);
#7382 = VERTEX_POINT('',#7383);
#7383 = CARTESIAN_POINT('',(45.805092710185,95.123190246381,
    1.600050800102));
#7384 = CIRCLE('',#7385,0.55);
#7385 = AXIS2_PLACEMENT_3D('',#7386,#7387,#7388);
#7386 = CARTESIAN_POINT('',(46.355092710185,95.123190246381,
    1.600050800102));
#7387 = DIRECTION('',(0.,0.,1.));
#7388 = DIRECTION('',(1.,1.110223024625E-16,-0.));
#7389 = ORIENTED_EDGE('',*,*,#7390,.F.);
#7390 = EDGE_CURVE('',#7391,#7382,#7393,.T.);
#7391 = VERTEX_POINT('',#7392);
#7392 = CARTESIAN_POINT('',(45.805092710185,95.123190246381,0.));
#7393 = LINE('',#7394,#7395);
#7394 = CARTESIAN_POINT('',(45.805092710185,95.123190246381,0.));
#7395 = VECTOR('',#7396,1.);
#7396 = DIRECTION('',(0.,0.,1.));
#7397 = ORIENTED_EDGE('',*,*,#7398,.F.);
#7398 = EDGE_CURVE('',#7372,#7391,#7399,.T.);
#7399 = CIRCLE('',#7400,0.55);
#7400 = AXIS2_PLACEMENT_3D('',#7401,#7402,#7403);
#7401 = CARTESIAN_POINT('',(46.355092710185,95.123190246381,0.));
#7402 = DIRECTION('',(0.,0.,1.));
#7403 = DIRECTION('',(1.,1.110223024625E-16,-0.));
#7404 = CYLINDRICAL_SURFACE('',#7405,0.55);
#7405 = AXIS2_PLACEMENT_3D('',#7406,#7407,#7408);
#7406 = CARTESIAN_POINT('',(46.355092710185,95.123190246381,0.));
#7407 = DIRECTION('',(-0.,-0.,-1.));
#7408 = DIRECTION('',(1.,1.110223024625E-16,-0.));
#7409 = ADVANCED_FACE('',(#7410),#7428,.F.);
#7410 = FACE_BOUND('',#7411,.T.);
#7411 = EDGE_LOOP('',(#7412,#7413,#7420,#7421));
#7412 = ORIENTED_EDGE('',*,*,#7390,.T.);
#7413 = ORIENTED_EDGE('',*,*,#7414,.T.);
#7414 = EDGE_CURVE('',#7382,#7374,#7415,.T.);
#7415 = CIRCLE('',#7416,0.55);
#7416 = AXIS2_PLACEMENT_3D('',#7417,#7418,#7419);
#7417 = CARTESIAN_POINT('',(46.355092710185,95.123190246381,
    1.600050800102));
#7418 = DIRECTION('',(0.,0.,1.));
#7419 = DIRECTION('',(-1.,-1.110223024625E-16,0.));
#7420 = ORIENTED_EDGE('',*,*,#7371,.F.);
#7421 = ORIENTED_EDGE('',*,*,#7422,.F.);
#7422 = EDGE_CURVE('',#7391,#7372,#7423,.T.);
#7423 = CIRCLE('',#7424,0.55);
#7424 = AXIS2_PLACEMENT_3D('',#7425,#7426,#7427);
#7425 = CARTESIAN_POINT('',(46.355092710185,95.123190246381,0.));
#7426 = DIRECTION('',(0.,0.,1.));
#7427 = DIRECTION('',(-1.,-1.110223024625E-16,0.));
#7428 = CYLINDRICAL_SURFACE('',#7429,0.55);
#7429 = AXIS2_PLACEMENT_3D('',#7430,#7431,#7432);
#7430 = CARTESIAN_POINT('',(46.355092710185,95.123190246381,0.));
#7431 = DIRECTION('',(-0.,-0.,-1.));
#7432 = DIRECTION('',(-1.,-1.110223024625E-16,0.));
#7433 = ADVANCED_FACE('',(#7434),#7470,.F.);
#7434 = FACE_BOUND('',#7435,.T.);
#7435 = EDGE_LOOP('',(#7436,#7446,#7455,#7463));
#7436 = ORIENTED_EDGE('',*,*,#7437,.T.);
#7437 = EDGE_CURVE('',#7438,#7440,#7442,.T.);
#7438 = VERTEX_POINT('',#7439);
#7439 = CARTESIAN_POINT('',(47.590093980188,63.246126492253,0.));
#7440 = VERTEX_POINT('',#7441);
#7441 = CARTESIAN_POINT('',(47.590093980188,63.246126492253,
    1.600050800102));
#7442 = LINE('',#7443,#7444);
#7443 = CARTESIAN_POINT('',(47.590093980188,63.246126492253,0.));
#7444 = VECTOR('',#7445,1.);
#7445 = DIRECTION('',(0.,0.,1.));
#7446 = ORIENTED_EDGE('',*,*,#7447,.T.);
#7447 = EDGE_CURVE('',#7440,#7448,#7450,.T.);
#7448 = VERTEX_POINT('',#7449);
#7449 = CARTESIAN_POINT('',(46.390093980188,63.246126492253,
    1.600050800102));
#7450 = CIRCLE('',#7451,0.6);
#7451 = AXIS2_PLACEMENT_3D('',#7452,#7453,#7454);
#7452 = CARTESIAN_POINT('',(46.990093980188,63.246126492253,
    1.600050800102));
#7453 = DIRECTION('',(0.,0.,1.));
#7454 = DIRECTION('',(1.,1.110223024625E-16,-0.));
#7455 = ORIENTED_EDGE('',*,*,#7456,.F.);
#7456 = EDGE_CURVE('',#7457,#7448,#7459,.T.);
#7457 = VERTEX_POINT('',#7458);
#7458 = CARTESIAN_POINT('',(46.390093980188,63.246126492253,0.));
#7459 = LINE('',#7460,#7461);
#7460 = CARTESIAN_POINT('',(46.390093980188,63.246126492253,0.));
#7461 = VECTOR('',#7462,1.);
#7462 = DIRECTION('',(0.,0.,1.));
#7463 = ORIENTED_EDGE('',*,*,#7464,.F.);
#7464 = EDGE_CURVE('',#7438,#7457,#7465,.T.);
#7465 = CIRCLE('',#7466,0.6);
#7466 = AXIS2_PLACEMENT_3D('',#7467,#7468,#7469);
#7467 = CARTESIAN_POINT('',(46.990093980188,63.246126492253,0.));
#7468 = DIRECTION('',(0.,0.,1.));
#7469 = DIRECTION('',(1.,1.110223024625E-16,-0.));
#7470 = CYLINDRICAL_SURFACE('',#7471,0.6);
#7471 = AXIS2_PLACEMENT_3D('',#7472,#7473,#7474);
#7472 = CARTESIAN_POINT('',(46.990093980188,63.246126492253,0.));
#7473 = DIRECTION('',(-0.,-0.,-1.));
#7474 = DIRECTION('',(1.,1.110223024625E-16,-0.));
#7475 = ADVANCED_FACE('',(#7476),#7494,.F.);
#7476 = FACE_BOUND('',#7477,.T.);
#7477 = EDGE_LOOP('',(#7478,#7479,#7486,#7487));
#7478 = ORIENTED_EDGE('',*,*,#7456,.T.);
#7479 = ORIENTED_EDGE('',*,*,#7480,.T.);
#7480 = EDGE_CURVE('',#7448,#7440,#7481,.T.);
#7481 = CIRCLE('',#7482,0.6);
#7482 = AXIS2_PLACEMENT_3D('',#7483,#7484,#7485);
#7483 = CARTESIAN_POINT('',(46.990093980188,63.246126492253,
    1.600050800102));
#7484 = DIRECTION('',(0.,0.,1.));
#7485 = DIRECTION('',(-1.,-1.110223024625E-16,0.));
#7486 = ORIENTED_EDGE('',*,*,#7437,.F.);
#7487 = ORIENTED_EDGE('',*,*,#7488,.F.);
#7488 = EDGE_CURVE('',#7457,#7438,#7489,.T.);
#7489 = CIRCLE('',#7490,0.6);
#7490 = AXIS2_PLACEMENT_3D('',#7491,#7492,#7493);
#7491 = CARTESIAN_POINT('',(46.990093980188,63.246126492253,0.));
#7492 = DIRECTION('',(0.,0.,1.));
#7493 = DIRECTION('',(-1.,-1.110223024625E-16,0.));
#7494 = CYLINDRICAL_SURFACE('',#7495,0.6);
#7495 = AXIS2_PLACEMENT_3D('',#7496,#7497,#7498);
#7496 = CARTESIAN_POINT('',(46.990093980188,63.246126492253,0.));
#7497 = DIRECTION('',(-0.,-0.,-1.));
#7498 = DIRECTION('',(-1.,-1.110223024625E-16,0.));
#7499 = ADVANCED_FACE('',(#7500),#7536,.F.);
#7500 = FACE_BOUND('',#7501,.T.);
#7501 = EDGE_LOOP('',(#7502,#7512,#7521,#7529));
#7502 = ORIENTED_EDGE('',*,*,#7503,.T.);
#7503 = EDGE_CURVE('',#7504,#7506,#7508,.T.);
#7504 = VERTEX_POINT('',#7505);
#7505 = CARTESIAN_POINT('',(47.590093980188,36.195072390145,0.));
#7506 = VERTEX_POINT('',#7507);
#7507 = CARTESIAN_POINT('',(47.590093980188,36.195072390145,
    1.600050800102));
#7508 = LINE('',#7509,#7510);
#7509 = CARTESIAN_POINT('',(47.590093980188,36.195072390145,0.));
#7510 = VECTOR('',#7511,1.);
#7511 = DIRECTION('',(0.,0.,1.));
#7512 = ORIENTED_EDGE('',*,*,#7513,.T.);
#7513 = EDGE_CURVE('',#7506,#7514,#7516,.T.);
#7514 = VERTEX_POINT('',#7515);
#7515 = CARTESIAN_POINT('',(46.390093980188,36.195072390145,
    1.600050800102));
#7516 = CIRCLE('',#7517,0.6);
#7517 = AXIS2_PLACEMENT_3D('',#7518,#7519,#7520);
#7518 = CARTESIAN_POINT('',(46.990093980188,36.195072390145,
    1.600050800102));
#7519 = DIRECTION('',(0.,0.,1.));
#7520 = DIRECTION('',(1.,1.110223024625E-16,-0.));
#7521 = ORIENTED_EDGE('',*,*,#7522,.F.);
#7522 = EDGE_CURVE('',#7523,#7514,#7525,.T.);
#7523 = VERTEX_POINT('',#7524);
#7524 = CARTESIAN_POINT('',(46.390093980188,36.195072390145,0.));
#7525 = LINE('',#7526,#7527);
#7526 = CARTESIAN_POINT('',(46.390093980188,36.195072390145,0.));
#7527 = VECTOR('',#7528,1.);
#7528 = DIRECTION('',(0.,0.,1.));
#7529 = ORIENTED_EDGE('',*,*,#7530,.F.);
#7530 = EDGE_CURVE('',#7504,#7523,#7531,.T.);
#7531 = CIRCLE('',#7532,0.6);
#7532 = AXIS2_PLACEMENT_3D('',#7533,#7534,#7535);
#7533 = CARTESIAN_POINT('',(46.990093980188,36.195072390145,0.));
#7534 = DIRECTION('',(0.,0.,1.));
#7535 = DIRECTION('',(1.,1.110223024625E-16,-0.));
#7536 = CYLINDRICAL_SURFACE('',#7537,0.6);
#7537 = AXIS2_PLACEMENT_3D('',#7538,#7539,#7540);
#7538 = CARTESIAN_POINT('',(46.990093980188,36.195072390145,0.));
#7539 = DIRECTION('',(-0.,-0.,-1.));
#7540 = DIRECTION('',(1.,1.110223024625E-16,-0.));
#7541 = ADVANCED_FACE('',(#7542),#7560,.F.);
#7542 = FACE_BOUND('',#7543,.T.);
#7543 = EDGE_LOOP('',(#7544,#7545,#7552,#7553));
#7544 = ORIENTED_EDGE('',*,*,#7522,.T.);
#7545 = ORIENTED_EDGE('',*,*,#7546,.T.);
#7546 = EDGE_CURVE('',#7514,#7506,#7547,.T.);
#7547 = CIRCLE('',#7548,0.6);
#7548 = AXIS2_PLACEMENT_3D('',#7549,#7550,#7551);
#7549 = CARTESIAN_POINT('',(46.990093980188,36.195072390145,
    1.600050800102));
#7550 = DIRECTION('',(0.,0.,1.));
#7551 = DIRECTION('',(-1.,-1.110223024625E-16,0.));
#7552 = ORIENTED_EDGE('',*,*,#7503,.F.);
#7553 = ORIENTED_EDGE('',*,*,#7554,.F.);
#7554 = EDGE_CURVE('',#7523,#7504,#7555,.T.);
#7555 = CIRCLE('',#7556,0.6);
#7556 = AXIS2_PLACEMENT_3D('',#7557,#7558,#7559);
#7557 = CARTESIAN_POINT('',(46.990093980188,36.195072390145,0.));
#7558 = DIRECTION('',(0.,0.,1.));
#7559 = DIRECTION('',(-1.,-1.110223024625E-16,0.));
#7560 = CYLINDRICAL_SURFACE('',#7561,0.6);
#7561 = AXIS2_PLACEMENT_3D('',#7562,#7563,#7564);
#7562 = CARTESIAN_POINT('',(46.990093980188,36.195072390145,0.));
#7563 = DIRECTION('',(-0.,-0.,-1.));
#7564 = DIRECTION('',(-1.,-1.110223024625E-16,0.));
#7565 = ADVANCED_FACE('',(#7566),#7602,.F.);
#7566 = FACE_BOUND('',#7567,.T.);
#7567 = EDGE_LOOP('',(#7568,#7578,#7587,#7595));
#7568 = ORIENTED_EDGE('',*,*,#7569,.T.);
#7569 = EDGE_CURVE('',#7570,#7572,#7574,.T.);
#7570 = VERTEX_POINT('',#7571);
#7571 = CARTESIAN_POINT('',(47.49014478029,57.40411480823,0.));
#7572 = VERTEX_POINT('',#7573);
#7573 = CARTESIAN_POINT('',(47.49014478029,57.40411480823,1.600050800102
    ));
#7574 = LINE('',#7575,#7576);
#7575 = CARTESIAN_POINT('',(47.49014478029,57.40411480823,0.));
#7576 = VECTOR('',#7577,1.);
#7577 = DIRECTION('',(0.,0.,1.));
#7578 = ORIENTED_EDGE('',*,*,#7579,.T.);
#7579 = EDGE_CURVE('',#7572,#7580,#7582,.T.);
#7580 = VERTEX_POINT('',#7581);
#7581 = CARTESIAN_POINT('',(46.49014478029,57.40411480823,1.600050800102
    ));
#7582 = CIRCLE('',#7583,0.5);
#7583 = AXIS2_PLACEMENT_3D('',#7584,#7585,#7586);
#7584 = CARTESIAN_POINT('',(46.99014478029,57.40411480823,1.600050800102
    ));
#7585 = DIRECTION('',(0.,0.,1.));
#7586 = DIRECTION('',(1.,1.110223024625E-16,-0.));
#7587 = ORIENTED_EDGE('',*,*,#7588,.F.);
#7588 = EDGE_CURVE('',#7589,#7580,#7591,.T.);
#7589 = VERTEX_POINT('',#7590);
#7590 = CARTESIAN_POINT('',(46.49014478029,57.40411480823,0.));
#7591 = LINE('',#7592,#7593);
#7592 = CARTESIAN_POINT('',(46.49014478029,57.40411480823,0.));
#7593 = VECTOR('',#7594,1.);
#7594 = DIRECTION('',(0.,0.,1.));
#7595 = ORIENTED_EDGE('',*,*,#7596,.F.);
#7596 = EDGE_CURVE('',#7570,#7589,#7597,.T.);
#7597 = CIRCLE('',#7598,0.5);
#7598 = AXIS2_PLACEMENT_3D('',#7599,#7600,#7601);
#7599 = CARTESIAN_POINT('',(46.99014478029,57.40411480823,0.));
#7600 = DIRECTION('',(0.,0.,1.));
#7601 = DIRECTION('',(1.,1.110223024625E-16,-0.));
#7602 = CYLINDRICAL_SURFACE('',#7603,0.5);
#7603 = AXIS2_PLACEMENT_3D('',#7604,#7605,#7606);
#7604 = CARTESIAN_POINT('',(46.99014478029,57.40411480823,0.));
#7605 = DIRECTION('',(-0.,-0.,-1.));
#7606 = DIRECTION('',(1.,1.110223024625E-16,-0.));
#7607 = ADVANCED_FACE('',(#7608),#7626,.F.);
#7608 = FACE_BOUND('',#7609,.T.);
#7609 = EDGE_LOOP('',(#7610,#7611,#7618,#7619));
#7610 = ORIENTED_EDGE('',*,*,#7588,.T.);
#7611 = ORIENTED_EDGE('',*,*,#7612,.T.);
#7612 = EDGE_CURVE('',#7580,#7572,#7613,.T.);
#7613 = CIRCLE('',#7614,0.5);
#7614 = AXIS2_PLACEMENT_3D('',#7615,#7616,#7617);
#7615 = CARTESIAN_POINT('',(46.99014478029,57.40411480823,1.600050800102
    ));
#7616 = DIRECTION('',(0.,0.,1.));
#7617 = DIRECTION('',(-1.,-1.110223024625E-16,0.));
#7618 = ORIENTED_EDGE('',*,*,#7569,.F.);
#7619 = ORIENTED_EDGE('',*,*,#7620,.F.);
#7620 = EDGE_CURVE('',#7589,#7570,#7621,.T.);
#7621 = CIRCLE('',#7622,0.5);
#7622 = AXIS2_PLACEMENT_3D('',#7623,#7624,#7625);
#7623 = CARTESIAN_POINT('',(46.99014478029,57.40411480823,0.));
#7624 = DIRECTION('',(0.,0.,1.));
#7625 = DIRECTION('',(-1.,-1.110223024625E-16,0.));
#7626 = CYLINDRICAL_SURFACE('',#7627,0.5);
#7627 = AXIS2_PLACEMENT_3D('',#7628,#7629,#7630);
#7628 = CARTESIAN_POINT('',(46.99014478029,57.40411480823,0.));
#7629 = DIRECTION('',(-0.,-0.,-1.));
#7630 = DIRECTION('',(-1.,-1.110223024625E-16,0.));
#7631 = ADVANCED_FACE('',(#7632),#7668,.F.);
#7632 = FACE_BOUND('',#7633,.T.);
#7633 = EDGE_LOOP('',(#7634,#7644,#7653,#7661));
#7634 = ORIENTED_EDGE('',*,*,#7635,.T.);
#7635 = EDGE_CURVE('',#7636,#7638,#7640,.T.);
#7636 = VERTEX_POINT('',#7637);
#7637 = CARTESIAN_POINT('',(47.49014478029,42.164109728219,0.));
#7638 = VERTEX_POINT('',#7639);
#7639 = CARTESIAN_POINT('',(47.49014478029,42.164109728219,
    1.600050800102));
#7640 = LINE('',#7641,#7642);
#7641 = CARTESIAN_POINT('',(47.49014478029,42.164109728219,0.));
#7642 = VECTOR('',#7643,1.);
#7643 = DIRECTION('',(0.,0.,1.));
#7644 = ORIENTED_EDGE('',*,*,#7645,.T.);
#7645 = EDGE_CURVE('',#7638,#7646,#7648,.T.);
#7646 = VERTEX_POINT('',#7647);
#7647 = CARTESIAN_POINT('',(46.49014478029,42.164109728219,
    1.600050800102));
#7648 = CIRCLE('',#7649,0.5);
#7649 = AXIS2_PLACEMENT_3D('',#7650,#7651,#7652);
#7650 = CARTESIAN_POINT('',(46.99014478029,42.164109728219,
    1.600050800102));
#7651 = DIRECTION('',(0.,0.,1.));
#7652 = DIRECTION('',(1.,1.110223024625E-16,-0.));
#7653 = ORIENTED_EDGE('',*,*,#7654,.F.);
#7654 = EDGE_CURVE('',#7655,#7646,#7657,.T.);
#7655 = VERTEX_POINT('',#7656);
#7656 = CARTESIAN_POINT('',(46.49014478029,42.164109728219,0.));
#7657 = LINE('',#7658,#7659);
#7658 = CARTESIAN_POINT('',(46.49014478029,42.164109728219,0.));
#7659 = VECTOR('',#7660,1.);
#7660 = DIRECTION('',(0.,0.,1.));
#7661 = ORIENTED_EDGE('',*,*,#7662,.F.);
#7662 = EDGE_CURVE('',#7636,#7655,#7663,.T.);
#7663 = CIRCLE('',#7664,0.5);
#7664 = AXIS2_PLACEMENT_3D('',#7665,#7666,#7667);
#7665 = CARTESIAN_POINT('',(46.99014478029,42.164109728219,0.));
#7666 = DIRECTION('',(0.,0.,1.));
#7667 = DIRECTION('',(1.,1.110223024625E-16,-0.));
#7668 = CYLINDRICAL_SURFACE('',#7669,0.5);
#7669 = AXIS2_PLACEMENT_3D('',#7670,#7671,#7672);
#7670 = CARTESIAN_POINT('',(46.99014478029,42.164109728219,0.));
#7671 = DIRECTION('',(-0.,-0.,-1.));
#7672 = DIRECTION('',(1.,1.110223024625E-16,-0.));
#7673 = ADVANCED_FACE('',(#7674),#7692,.F.);
#7674 = FACE_BOUND('',#7675,.T.);
#7675 = EDGE_LOOP('',(#7676,#7677,#7684,#7685));
#7676 = ORIENTED_EDGE('',*,*,#7654,.T.);
#7677 = ORIENTED_EDGE('',*,*,#7678,.T.);
#7678 = EDGE_CURVE('',#7646,#7638,#7679,.T.);
#7679 = CIRCLE('',#7680,0.5);
#7680 = AXIS2_PLACEMENT_3D('',#7681,#7682,#7683);
#7681 = CARTESIAN_POINT('',(46.99014478029,42.164109728219,
    1.600050800102));
#7682 = DIRECTION('',(0.,0.,1.));
#7683 = DIRECTION('',(-1.,-1.110223024625E-16,0.));
#7684 = ORIENTED_EDGE('',*,*,#7635,.F.);
#7685 = ORIENTED_EDGE('',*,*,#7686,.F.);
#7686 = EDGE_CURVE('',#7655,#7636,#7687,.T.);
#7687 = CIRCLE('',#7688,0.5);
#7688 = AXIS2_PLACEMENT_3D('',#7689,#7690,#7691);
#7689 = CARTESIAN_POINT('',(46.99014478029,42.164109728219,0.));
#7690 = DIRECTION('',(0.,0.,1.));
#7691 = DIRECTION('',(-1.,-1.110223024625E-16,0.));
#7692 = CYLINDRICAL_SURFACE('',#7693,0.5);
#7693 = AXIS2_PLACEMENT_3D('',#7694,#7695,#7696);
#7694 = CARTESIAN_POINT('',(46.99014478029,42.164109728219,0.));
#7695 = DIRECTION('',(-0.,-0.,-1.));
#7696 = DIRECTION('',(-1.,-1.110223024625E-16,0.));
#7697 = ADVANCED_FACE('',(#7698),#7734,.F.);
#7698 = FACE_BOUND('',#7699,.T.);
#7699 = EDGE_LOOP('',(#7700,#7710,#7719,#7727));
#7700 = ORIENTED_EDGE('',*,*,#7701,.T.);
#7701 = EDGE_CURVE('',#7702,#7704,#7706,.T.);
#7702 = VERTEX_POINT('',#7703);
#7703 = CARTESIAN_POINT('',(48.423418846838,68.326136652273,0.));
#7704 = VERTEX_POINT('',#7705);
#7705 = CARTESIAN_POINT('',(48.423418846838,68.326136652273,
    1.600050800102));
#7706 = LINE('',#7707,#7708);
#7707 = CARTESIAN_POINT('',(48.423418846838,68.326136652273,0.));
#7708 = VECTOR('',#7709,1.);
#7709 = DIRECTION('',(0.,0.,1.));
#7710 = ORIENTED_EDGE('',*,*,#7711,.T.);
#7711 = EDGE_CURVE('',#7704,#7712,#7714,.T.);
#7712 = VERTEX_POINT('',#7713);
#7713 = CARTESIAN_POINT('',(47.509017018034,68.326136652273,
    1.600050800102));
#7714 = CIRCLE('',#7715,0.457200914402);
#7715 = AXIS2_PLACEMENT_3D('',#7716,#7717,#7718);
#7716 = CARTESIAN_POINT('',(47.966217932436,68.326136652273,
    1.600050800102));
#7717 = DIRECTION('',(0.,0.,1.));
#7718 = DIRECTION('',(1.,1.110223024625E-16,-0.));
#7719 = ORIENTED_EDGE('',*,*,#7720,.F.);
#7720 = EDGE_CURVE('',#7721,#7712,#7723,.T.);
#7721 = VERTEX_POINT('',#7722);
#7722 = CARTESIAN_POINT('',(47.509017018034,68.326136652273,0.));
#7723 = LINE('',#7724,#7725);
#7724 = CARTESIAN_POINT('',(47.509017018034,68.326136652273,0.));
#7725 = VECTOR('',#7726,1.);
#7726 = DIRECTION('',(0.,0.,1.));
#7727 = ORIENTED_EDGE('',*,*,#7728,.F.);
#7728 = EDGE_CURVE('',#7702,#7721,#7729,.T.);
#7729 = CIRCLE('',#7730,0.457200914402);
#7730 = AXIS2_PLACEMENT_3D('',#7731,#7732,#7733);
#7731 = CARTESIAN_POINT('',(47.966217932436,68.326136652273,0.));
#7732 = DIRECTION('',(0.,0.,1.));
#7733 = DIRECTION('',(1.,1.110223024625E-16,-0.));
#7734 = CYLINDRICAL_SURFACE('',#7735,0.457200914402);
#7735 = AXIS2_PLACEMENT_3D('',#7736,#7737,#7738);
#7736 = CARTESIAN_POINT('',(47.966217932436,68.326136652273,0.));
#7737 = DIRECTION('',(-0.,-0.,-1.));
#7738 = DIRECTION('',(1.,1.110223024625E-16,-0.));
#7739 = ADVANCED_FACE('',(#7740),#7758,.F.);
#7740 = FACE_BOUND('',#7741,.T.);
#7741 = EDGE_LOOP('',(#7742,#7743,#7750,#7751));
#7742 = ORIENTED_EDGE('',*,*,#7720,.T.);
#7743 = ORIENTED_EDGE('',*,*,#7744,.T.);
#7744 = EDGE_CURVE('',#7712,#7704,#7745,.T.);
#7745 = CIRCLE('',#7746,0.457200914402);
#7746 = AXIS2_PLACEMENT_3D('',#7747,#7748,#7749);
#7747 = CARTESIAN_POINT('',(47.966217932436,68.326136652273,
    1.600050800102));
#7748 = DIRECTION('',(0.,0.,1.));
#7749 = DIRECTION('',(-1.,-1.110223024625E-16,0.));
#7750 = ORIENTED_EDGE('',*,*,#7701,.F.);
#7751 = ORIENTED_EDGE('',*,*,#7752,.F.);
#7752 = EDGE_CURVE('',#7721,#7702,#7753,.T.);
#7753 = CIRCLE('',#7754,0.457200914402);
#7754 = AXIS2_PLACEMENT_3D('',#7755,#7756,#7757);
#7755 = CARTESIAN_POINT('',(47.966217932436,68.326136652273,0.));
#7756 = DIRECTION('',(0.,0.,1.));
#7757 = DIRECTION('',(-1.,-1.110223024625E-16,0.));
#7758 = CYLINDRICAL_SURFACE('',#7759,0.457200914402);
#7759 = AXIS2_PLACEMENT_3D('',#7760,#7761,#7762);
#7760 = CARTESIAN_POINT('',(47.966217932436,68.326136652273,0.));
#7761 = DIRECTION('',(-0.,-0.,-1.));
#7762 = DIRECTION('',(-1.,-1.110223024625E-16,0.));
#7763 = ADVANCED_FACE('',(#7764),#7800,.F.);
#7764 = FACE_BOUND('',#7765,.T.);
#7765 = EDGE_LOOP('',(#7766,#7776,#7785,#7793));
#7766 = ORIENTED_EDGE('',*,*,#7767,.T.);
#7767 = EDGE_CURVE('',#7768,#7770,#7772,.T.);
#7768 = VERTEX_POINT('',#7769);
#7769 = CARTESIAN_POINT('',(50.130099060198,63.246126492253,0.));
#7770 = VERTEX_POINT('',#7771);
#7771 = CARTESIAN_POINT('',(50.130099060198,63.246126492253,
    1.600050800102));
#7772 = LINE('',#7773,#7774);
#7773 = CARTESIAN_POINT('',(50.130099060198,63.246126492253,0.));
#7774 = VECTOR('',#7775,1.);
#7775 = DIRECTION('',(0.,0.,1.));
#7776 = ORIENTED_EDGE('',*,*,#7777,.T.);
#7777 = EDGE_CURVE('',#7770,#7778,#7780,.T.);
#7778 = VERTEX_POINT('',#7779);
#7779 = CARTESIAN_POINT('',(48.930099060198,63.246126492253,
    1.600050800102));
#7780 = CIRCLE('',#7781,0.6);
#7781 = AXIS2_PLACEMENT_3D('',#7782,#7783,#7784);
#7782 = CARTESIAN_POINT('',(49.530099060198,63.246126492253,
    1.600050800102));
#7783 = DIRECTION('',(0.,0.,1.));
#7784 = DIRECTION('',(1.,1.110223024625E-16,-0.));
#7785 = ORIENTED_EDGE('',*,*,#7786,.F.);
#7786 = EDGE_CURVE('',#7787,#7778,#7789,.T.);
#7787 = VERTEX_POINT('',#7788);
#7788 = CARTESIAN_POINT('',(48.930099060198,63.246126492253,0.));
#7789 = LINE('',#7790,#7791);
#7790 = CARTESIAN_POINT('',(48.930099060198,63.246126492253,0.));
#7791 = VECTOR('',#7792,1.);
#7792 = DIRECTION('',(0.,0.,1.));
#7793 = ORIENTED_EDGE('',*,*,#7794,.F.);
#7794 = EDGE_CURVE('',#7768,#7787,#7795,.T.);
#7795 = CIRCLE('',#7796,0.6);
#7796 = AXIS2_PLACEMENT_3D('',#7797,#7798,#7799);
#7797 = CARTESIAN_POINT('',(49.530099060198,63.246126492253,0.));
#7798 = DIRECTION('',(0.,0.,1.));
#7799 = DIRECTION('',(1.,1.110223024625E-16,-0.));
#7800 = CYLINDRICAL_SURFACE('',#7801,0.6);
#7801 = AXIS2_PLACEMENT_3D('',#7802,#7803,#7804);
#7802 = CARTESIAN_POINT('',(49.530099060198,63.246126492253,0.));
#7803 = DIRECTION('',(-0.,-0.,-1.));
#7804 = DIRECTION('',(1.,1.110223024625E-16,-0.));
#7805 = ADVANCED_FACE('',(#7806),#7824,.F.);
#7806 = FACE_BOUND('',#7807,.T.);
#7807 = EDGE_LOOP('',(#7808,#7809,#7816,#7817));
#7808 = ORIENTED_EDGE('',*,*,#7786,.T.);
#7809 = ORIENTED_EDGE('',*,*,#7810,.T.);
#7810 = EDGE_CURVE('',#7778,#7770,#7811,.T.);
#7811 = CIRCLE('',#7812,0.6);
#7812 = AXIS2_PLACEMENT_3D('',#7813,#7814,#7815);
#7813 = CARTESIAN_POINT('',(49.530099060198,63.246126492253,
    1.600050800102));
#7814 = DIRECTION('',(0.,0.,1.));
#7815 = DIRECTION('',(-1.,-1.110223024625E-16,0.));
#7816 = ORIENTED_EDGE('',*,*,#7767,.F.);
#7817 = ORIENTED_EDGE('',*,*,#7818,.F.);
#7818 = EDGE_CURVE('',#7787,#7768,#7819,.T.);
#7819 = CIRCLE('',#7820,0.6);
#7820 = AXIS2_PLACEMENT_3D('',#7821,#7822,#7823);
#7821 = CARTESIAN_POINT('',(49.530099060198,63.246126492253,0.));
#7822 = DIRECTION('',(0.,0.,1.));
#7823 = DIRECTION('',(-1.,-1.110223024625E-16,0.));
#7824 = CYLINDRICAL_SURFACE('',#7825,0.6);
#7825 = AXIS2_PLACEMENT_3D('',#7826,#7827,#7828);
#7826 = CARTESIAN_POINT('',(49.530099060198,63.246126492253,0.));
#7827 = DIRECTION('',(-0.,-0.,-1.));
#7828 = DIRECTION('',(-1.,-1.110223024625E-16,0.));
#7829 = ADVANCED_FACE('',(#7830),#7866,.F.);
#7830 = FACE_BOUND('',#7831,.T.);
#7831 = EDGE_LOOP('',(#7832,#7842,#7851,#7859));
#7832 = ORIENTED_EDGE('',*,*,#7833,.T.);
#7833 = EDGE_CURVE('',#7834,#7836,#7838,.T.);
#7834 = VERTEX_POINT('',#7835);
#7835 = CARTESIAN_POINT('',(50.130099060198,36.195072390145,0.));
#7836 = VERTEX_POINT('',#7837);
#7837 = CARTESIAN_POINT('',(50.130099060198,36.195072390145,
    1.600050800102));
#7838 = LINE('',#7839,#7840);
#7839 = CARTESIAN_POINT('',(50.130099060198,36.195072390145,0.));
#7840 = VECTOR('',#7841,1.);
#7841 = DIRECTION('',(0.,0.,1.));
#7842 = ORIENTED_EDGE('',*,*,#7843,.T.);
#7843 = EDGE_CURVE('',#7836,#7844,#7846,.T.);
#7844 = VERTEX_POINT('',#7845);
#7845 = CARTESIAN_POINT('',(48.930099060198,36.195072390145,
    1.600050800102));
#7846 = CIRCLE('',#7847,0.6);
#7847 = AXIS2_PLACEMENT_3D('',#7848,#7849,#7850);
#7848 = CARTESIAN_POINT('',(49.530099060198,36.195072390145,
    1.600050800102));
#7849 = DIRECTION('',(0.,0.,1.));
#7850 = DIRECTION('',(1.,1.110223024625E-16,-0.));
#7851 = ORIENTED_EDGE('',*,*,#7852,.F.);
#7852 = EDGE_CURVE('',#7853,#7844,#7855,.T.);
#7853 = VERTEX_POINT('',#7854);
#7854 = CARTESIAN_POINT('',(48.930099060198,36.195072390145,0.));
#7855 = LINE('',#7856,#7857);
#7856 = CARTESIAN_POINT('',(48.930099060198,36.195072390145,0.));
#7857 = VECTOR('',#7858,1.);
#7858 = DIRECTION('',(0.,0.,1.));
#7859 = ORIENTED_EDGE('',*,*,#7860,.F.);
#7860 = EDGE_CURVE('',#7834,#7853,#7861,.T.);
#7861 = CIRCLE('',#7862,0.6);
#7862 = AXIS2_PLACEMENT_3D('',#7863,#7864,#7865);
#7863 = CARTESIAN_POINT('',(49.530099060198,36.195072390145,0.));
#7864 = DIRECTION('',(0.,0.,1.));
#7865 = DIRECTION('',(1.,1.110223024625E-16,-0.));
#7866 = CYLINDRICAL_SURFACE('',#7867,0.6);
#7867 = AXIS2_PLACEMENT_3D('',#7868,#7869,#7870);
#7868 = CARTESIAN_POINT('',(49.530099060198,36.195072390145,0.));
#7869 = DIRECTION('',(-0.,-0.,-1.));
#7870 = DIRECTION('',(1.,1.110223024625E-16,-0.));
#7871 = ADVANCED_FACE('',(#7872),#7890,.F.);
#7872 = FACE_BOUND('',#7873,.T.);
#7873 = EDGE_LOOP('',(#7874,#7875,#7882,#7883));
#7874 = ORIENTED_EDGE('',*,*,#7852,.T.);
#7875 = ORIENTED_EDGE('',*,*,#7876,.T.);
#7876 = EDGE_CURVE('',#7844,#7836,#7877,.T.);
#7877 = CIRCLE('',#7878,0.6);
#7878 = AXIS2_PLACEMENT_3D('',#7879,#7880,#7881);
#7879 = CARTESIAN_POINT('',(49.530099060198,36.195072390145,
    1.600050800102));
#7880 = DIRECTION('',(0.,0.,1.));
#7881 = DIRECTION('',(-1.,-1.110223024625E-16,0.));
#7882 = ORIENTED_EDGE('',*,*,#7833,.F.);
#7883 = ORIENTED_EDGE('',*,*,#7884,.F.);
#7884 = EDGE_CURVE('',#7853,#7834,#7885,.T.);
#7885 = CIRCLE('',#7886,0.6);
#7886 = AXIS2_PLACEMENT_3D('',#7887,#7888,#7889);
#7887 = CARTESIAN_POINT('',(49.530099060198,36.195072390145,0.));
#7888 = DIRECTION('',(0.,0.,1.));
#7889 = DIRECTION('',(-1.,-1.110223024625E-16,0.));
#7890 = CYLINDRICAL_SURFACE('',#7891,0.6);
#7891 = AXIS2_PLACEMENT_3D('',#7892,#7893,#7894);
#7892 = CARTESIAN_POINT('',(49.530099060198,36.195072390145,0.));
#7893 = DIRECTION('',(-0.,-0.,-1.));
#7894 = DIRECTION('',(-1.,-1.110223024625E-16,0.));
#7895 = ADVANCED_FACE('',(#7896),#7932,.F.);
#7896 = FACE_BOUND('',#7897,.T.);
#7897 = EDGE_LOOP('',(#7898,#7908,#7917,#7925));
#7898 = ORIENTED_EDGE('',*,*,#7899,.T.);
#7899 = EDGE_CURVE('',#7900,#7902,#7904,.T.);
#7900 = VERTEX_POINT('',#7901);
#7901 = CARTESIAN_POINT('',(50.030124460249,57.40411480823,0.));
#7902 = VERTEX_POINT('',#7903);
#7903 = CARTESIAN_POINT('',(50.030124460249,57.40411480823,
    1.600050800102));
#7904 = LINE('',#7905,#7906);
#7905 = CARTESIAN_POINT('',(50.030124460249,57.40411480823,0.));
#7906 = VECTOR('',#7907,1.);
#7907 = DIRECTION('',(0.,0.,1.));
#7908 = ORIENTED_EDGE('',*,*,#7909,.T.);
#7909 = EDGE_CURVE('',#7902,#7910,#7912,.T.);
#7910 = VERTEX_POINT('',#7911);
#7911 = CARTESIAN_POINT('',(49.030124460249,57.40411480823,
    1.600050800102));
#7912 = CIRCLE('',#7913,0.5);
#7913 = AXIS2_PLACEMENT_3D('',#7914,#7915,#7916);
#7914 = CARTESIAN_POINT('',(49.530124460249,57.40411480823,
    1.600050800102));
#7915 = DIRECTION('',(0.,0.,1.));
#7916 = DIRECTION('',(1.,1.110223024625E-16,-0.));
#7917 = ORIENTED_EDGE('',*,*,#7918,.F.);
#7918 = EDGE_CURVE('',#7919,#7910,#7921,.T.);
#7919 = VERTEX_POINT('',#7920);
#7920 = CARTESIAN_POINT('',(49.030124460249,57.40411480823,0.));
#7921 = LINE('',#7922,#7923);
#7922 = CARTESIAN_POINT('',(49.030124460249,57.40411480823,0.));
#7923 = VECTOR('',#7924,1.);
#7924 = DIRECTION('',(0.,0.,1.));
#7925 = ORIENTED_EDGE('',*,*,#7926,.F.);
#7926 = EDGE_CURVE('',#7900,#7919,#7927,.T.);
#7927 = CIRCLE('',#7928,0.5);
#7928 = AXIS2_PLACEMENT_3D('',#7929,#7930,#7931);
#7929 = CARTESIAN_POINT('',(49.530124460249,57.40411480823,0.));
#7930 = DIRECTION('',(0.,0.,1.));
#7931 = DIRECTION('',(1.,1.110223024625E-16,-0.));
#7932 = CYLINDRICAL_SURFACE('',#7933,0.5);
#7933 = AXIS2_PLACEMENT_3D('',#7934,#7935,#7936);
#7934 = CARTESIAN_POINT('',(49.530124460249,57.40411480823,0.));
#7935 = DIRECTION('',(-0.,-0.,-1.));
#7936 = DIRECTION('',(1.,1.110223024625E-16,-0.));
#7937 = ADVANCED_FACE('',(#7938),#7956,.F.);
#7938 = FACE_BOUND('',#7939,.T.);
#7939 = EDGE_LOOP('',(#7940,#7941,#7948,#7949));
#7940 = ORIENTED_EDGE('',*,*,#7918,.T.);
#7941 = ORIENTED_EDGE('',*,*,#7942,.T.);
#7942 = EDGE_CURVE('',#7910,#7902,#7943,.T.);
#7943 = CIRCLE('',#7944,0.5);
#7944 = AXIS2_PLACEMENT_3D('',#7945,#7946,#7947);
#7945 = CARTESIAN_POINT('',(49.530124460249,57.40411480823,
    1.600050800102));
#7946 = DIRECTION('',(0.,0.,1.));
#7947 = DIRECTION('',(-1.,-1.110223024625E-16,0.));
#7948 = ORIENTED_EDGE('',*,*,#7899,.F.);
#7949 = ORIENTED_EDGE('',*,*,#7950,.F.);
#7950 = EDGE_CURVE('',#7919,#7900,#7951,.T.);
#7951 = CIRCLE('',#7952,0.5);
#7952 = AXIS2_PLACEMENT_3D('',#7953,#7954,#7955);
#7953 = CARTESIAN_POINT('',(49.530124460249,57.40411480823,0.));
#7954 = DIRECTION('',(0.,0.,1.));
#7955 = DIRECTION('',(-1.,-1.110223024625E-16,0.));
#7956 = CYLINDRICAL_SURFACE('',#7957,0.5);
#7957 = AXIS2_PLACEMENT_3D('',#7958,#7959,#7960);
#7958 = CARTESIAN_POINT('',(49.530124460249,57.40411480823,0.));
#7959 = DIRECTION('',(-0.,-0.,-1.));
#7960 = DIRECTION('',(-1.,-1.110223024625E-16,0.));
#7961 = ADVANCED_FACE('',(#7962),#7998,.F.);
#7962 = FACE_BOUND('',#7963,.T.);
#7963 = EDGE_LOOP('',(#7964,#7974,#7983,#7991));
#7964 = ORIENTED_EDGE('',*,*,#7965,.T.);
#7965 = EDGE_CURVE('',#7966,#7968,#7970,.T.);
#7966 = VERTEX_POINT('',#7967);
#7967 = CARTESIAN_POINT('',(50.030124460249,42.164109728219,0.));
#7968 = VERTEX_POINT('',#7969);
#7969 = CARTESIAN_POINT('',(50.030124460249,42.164109728219,
    1.600050800102));
#7970 = LINE('',#7971,#7972);
#7971 = CARTESIAN_POINT('',(50.030124460249,42.164109728219,0.));
#7972 = VECTOR('',#7973,1.);
#7973 = DIRECTION('',(0.,0.,1.));
#7974 = ORIENTED_EDGE('',*,*,#7975,.T.);
#7975 = EDGE_CURVE('',#7968,#7976,#7978,.T.);
#7976 = VERTEX_POINT('',#7977);
#7977 = CARTESIAN_POINT('',(49.030124460249,42.164109728219,
    1.600050800102));
#7978 = CIRCLE('',#7979,0.5);
#7979 = AXIS2_PLACEMENT_3D('',#7980,#7981,#7982);
#7980 = CARTESIAN_POINT('',(49.530124460249,42.164109728219,
    1.600050800102));
#7981 = DIRECTION('',(0.,0.,1.));
#7982 = DIRECTION('',(1.,1.110223024625E-16,-0.));
#7983 = ORIENTED_EDGE('',*,*,#7984,.F.);
#7984 = EDGE_CURVE('',#7985,#7976,#7987,.T.);
#7985 = VERTEX_POINT('',#7986);
#7986 = CARTESIAN_POINT('',(49.030124460249,42.164109728219,0.));
#7987 = LINE('',#7988,#7989);
#7988 = CARTESIAN_POINT('',(49.030124460249,42.164109728219,0.));
#7989 = VECTOR('',#7990,1.);
#7990 = DIRECTION('',(0.,0.,1.));
#7991 = ORIENTED_EDGE('',*,*,#7992,.F.);
#7992 = EDGE_CURVE('',#7966,#7985,#7993,.T.);
#7993 = CIRCLE('',#7994,0.5);
#7994 = AXIS2_PLACEMENT_3D('',#7995,#7996,#7997);
#7995 = CARTESIAN_POINT('',(49.530124460249,42.164109728219,0.));
#7996 = DIRECTION('',(0.,0.,1.));
#7997 = DIRECTION('',(1.,1.110223024625E-16,-0.));
#7998 = CYLINDRICAL_SURFACE('',#7999,0.5);
#7999 = AXIS2_PLACEMENT_3D('',#8000,#8001,#8002);
#8000 = CARTESIAN_POINT('',(49.530124460249,42.164109728219,0.));
#8001 = DIRECTION('',(-0.,-0.,-1.));
#8002 = DIRECTION('',(1.,1.110223024625E-16,-0.));
#8003 = ADVANCED_FACE('',(#8004),#8022,.F.);
#8004 = FACE_BOUND('',#8005,.T.);
#8005 = EDGE_LOOP('',(#8006,#8007,#8014,#8015));
#8006 = ORIENTED_EDGE('',*,*,#7984,.T.);
#8007 = ORIENTED_EDGE('',*,*,#8008,.T.);
#8008 = EDGE_CURVE('',#7976,#7968,#8009,.T.);
#8009 = CIRCLE('',#8010,0.5);
#8010 = AXIS2_PLACEMENT_3D('',#8011,#8012,#8013);
#8011 = CARTESIAN_POINT('',(49.530124460249,42.164109728219,
    1.600050800102));
#8012 = DIRECTION('',(0.,0.,1.));
#8013 = DIRECTION('',(-1.,-1.110223024625E-16,0.));
#8014 = ORIENTED_EDGE('',*,*,#7965,.F.);
#8015 = ORIENTED_EDGE('',*,*,#8016,.F.);
#8016 = EDGE_CURVE('',#7985,#7966,#8017,.T.);
#8017 = CIRCLE('',#8018,0.5);
#8018 = AXIS2_PLACEMENT_3D('',#8019,#8020,#8021);
#8019 = CARTESIAN_POINT('',(49.530124460249,42.164109728219,0.));
#8020 = DIRECTION('',(0.,0.,1.));
#8021 = DIRECTION('',(-1.,-1.110223024625E-16,0.));
#8022 = CYLINDRICAL_SURFACE('',#8023,0.5);
#8023 = AXIS2_PLACEMENT_3D('',#8024,#8025,#8026);
#8024 = CARTESIAN_POINT('',(49.530124460249,42.164109728219,0.));
#8025 = DIRECTION('',(-0.,-0.,-1.));
#8026 = DIRECTION('',(-1.,-1.110223024625E-16,0.));
#8027 = ADVANCED_FACE('',(#8028),#8064,.F.);
#8028 = FACE_BOUND('',#8029,.T.);
#8029 = EDGE_LOOP('',(#8030,#8040,#8049,#8057));
#8030 = ORIENTED_EDGE('',*,*,#8031,.T.);
#8031 = EDGE_CURVE('',#8032,#8034,#8036,.T.);
#8032 = VERTEX_POINT('',#8033);
#8033 = CARTESIAN_POINT('',(51.518103886208,79.47016002032,0.));
#8034 = VERTEX_POINT('',#8035);
#8035 = CARTESIAN_POINT('',(51.518103886208,79.47016002032,
    1.600050800102));
#8036 = LINE('',#8037,#8038);
#8037 = CARTESIAN_POINT('',(51.518103886208,79.47016002032,0.));
#8038 = VECTOR('',#8039,1.);
#8039 = DIRECTION('',(0.,0.,1.));
#8040 = ORIENTED_EDGE('',*,*,#8041,.T.);
#8041 = EDGE_CURVE('',#8034,#8042,#8044,.T.);
#8042 = VERTEX_POINT('',#8043);
#8043 = CARTESIAN_POINT('',(50.018101346203,79.47016002032,
    1.600050800102));
#8044 = CIRCLE('',#8045,0.750001270003);
#8045 = AXIS2_PLACEMENT_3D('',#8046,#8047,#8048);
#8046 = CARTESIAN_POINT('',(50.768102616205,79.47016002032,
    1.600050800102));
#8047 = DIRECTION('',(0.,0.,1.));
#8048 = DIRECTION('',(1.,1.110223024625E-16,-0.));
#8049 = ORIENTED_EDGE('',*,*,#8050,.F.);
#8050 = EDGE_CURVE('',#8051,#8042,#8053,.T.);
#8051 = VERTEX_POINT('',#8052);
#8052 = CARTESIAN_POINT('',(50.018101346203,79.47016002032,0.));
#8053 = LINE('',#8054,#8055);
#8054 = CARTESIAN_POINT('',(50.018101346203,79.47016002032,0.));
#8055 = VECTOR('',#8056,1.);
#8056 = DIRECTION('',(0.,0.,1.));
#8057 = ORIENTED_EDGE('',*,*,#8058,.F.);
#8058 = EDGE_CURVE('',#8032,#8051,#8059,.T.);
#8059 = CIRCLE('',#8060,0.750001270003);
#8060 = AXIS2_PLACEMENT_3D('',#8061,#8062,#8063);
#8061 = CARTESIAN_POINT('',(50.768102616205,79.47016002032,0.));
#8062 = DIRECTION('',(0.,0.,1.));
#8063 = DIRECTION('',(1.,1.110223024625E-16,-0.));
#8064 = CYLINDRICAL_SURFACE('',#8065,0.750001270003);
#8065 = AXIS2_PLACEMENT_3D('',#8066,#8067,#8068);
#8066 = CARTESIAN_POINT('',(50.768102616205,79.47016002032,0.));
#8067 = DIRECTION('',(-0.,-0.,-1.));
#8068 = DIRECTION('',(1.,1.110223024625E-16,-0.));
#8069 = ADVANCED_FACE('',(#8070),#8088,.F.);
#8070 = FACE_BOUND('',#8071,.T.);
#8071 = EDGE_LOOP('',(#8072,#8073,#8080,#8081));
#8072 = ORIENTED_EDGE('',*,*,#8050,.T.);
#8073 = ORIENTED_EDGE('',*,*,#8074,.T.);
#8074 = EDGE_CURVE('',#8042,#8034,#8075,.T.);
#8075 = CIRCLE('',#8076,0.750001270003);
#8076 = AXIS2_PLACEMENT_3D('',#8077,#8078,#8079);
#8077 = CARTESIAN_POINT('',(50.768102616205,79.47016002032,
    1.600050800102));
#8078 = DIRECTION('',(0.,0.,1.));
#8079 = DIRECTION('',(-1.,-1.110223024625E-16,0.));
#8080 = ORIENTED_EDGE('',*,*,#8031,.F.);
#8081 = ORIENTED_EDGE('',*,*,#8082,.F.);
#8082 = EDGE_CURVE('',#8051,#8032,#8083,.T.);
#8083 = CIRCLE('',#8084,0.750001270003);
#8084 = AXIS2_PLACEMENT_3D('',#8085,#8086,#8087);
#8085 = CARTESIAN_POINT('',(50.768102616205,79.47016002032,0.));
#8086 = DIRECTION('',(0.,0.,1.));
#8087 = DIRECTION('',(-1.,-1.110223024625E-16,0.));
#8088 = CYLINDRICAL_SURFACE('',#8089,0.750001270003);
#8089 = AXIS2_PLACEMENT_3D('',#8090,#8091,#8092);
#8090 = CARTESIAN_POINT('',(50.768102616205,79.47016002032,0.));
#8091 = DIRECTION('',(-0.,-0.,-1.));
#8092 = DIRECTION('',(-1.,-1.110223024625E-16,0.));
#8093 = ADVANCED_FACE('',(#8094),#8130,.F.);
#8094 = FACE_BOUND('',#8095,.T.);
#8095 = EDGE_LOOP('',(#8096,#8106,#8115,#8123));
#8096 = ORIENTED_EDGE('',*,*,#8097,.T.);
#8097 = EDGE_CURVE('',#8098,#8100,#8102,.T.);
#8098 = VERTEX_POINT('',#8099);
#8099 = CARTESIAN_POINT('',(51.518103886208,96.470193040386,0.));
#8100 = VERTEX_POINT('',#8101);
#8101 = CARTESIAN_POINT('',(51.518103886208,96.470193040386,
    1.600050800102));
#8102 = LINE('',#8103,#8104);
#8103 = CARTESIAN_POINT('',(51.518103886208,96.470193040386,0.));
#8104 = VECTOR('',#8105,1.);
#8105 = DIRECTION('',(0.,0.,1.));
#8106 = ORIENTED_EDGE('',*,*,#8107,.T.);
#8107 = EDGE_CURVE('',#8100,#8108,#8110,.T.);
#8108 = VERTEX_POINT('',#8109);
#8109 = CARTESIAN_POINT('',(50.018101346203,96.470193040386,
    1.600050800102));
#8110 = CIRCLE('',#8111,0.750001270003);
#8111 = AXIS2_PLACEMENT_3D('',#8112,#8113,#8114);
#8112 = CARTESIAN_POINT('',(50.768102616205,96.470193040386,
    1.600050800102));
#8113 = DIRECTION('',(0.,0.,1.));
#8114 = DIRECTION('',(1.,1.110223024625E-16,-0.));
#8115 = ORIENTED_EDGE('',*,*,#8116,.F.);
#8116 = EDGE_CURVE('',#8117,#8108,#8119,.T.);
#8117 = VERTEX_POINT('',#8118);
#8118 = CARTESIAN_POINT('',(50.018101346203,96.470193040386,0.));
#8119 = LINE('',#8120,#8121);
#8120 = CARTESIAN_POINT('',(50.018101346203,96.470193040386,0.));
#8121 = VECTOR('',#8122,1.);
#8122 = DIRECTION('',(0.,0.,1.));
#8123 = ORIENTED_EDGE('',*,*,#8124,.F.);
#8124 = EDGE_CURVE('',#8098,#8117,#8125,.T.);
#8125 = CIRCLE('',#8126,0.750001270003);
#8126 = AXIS2_PLACEMENT_3D('',#8127,#8128,#8129);
#8127 = CARTESIAN_POINT('',(50.768102616205,96.470193040386,0.));
#8128 = DIRECTION('',(0.,0.,1.));
#8129 = DIRECTION('',(1.,1.110223024625E-16,-0.));
#8130 = CYLINDRICAL_SURFACE('',#8131,0.750001270003);
#8131 = AXIS2_PLACEMENT_3D('',#8132,#8133,#8134);
#8132 = CARTESIAN_POINT('',(50.768102616205,96.470193040386,0.));
#8133 = DIRECTION('',(-0.,-0.,-1.));
#8134 = DIRECTION('',(1.,1.110223024625E-16,-0.));
#8135 = ADVANCED_FACE('',(#8136),#8154,.F.);
#8136 = FACE_BOUND('',#8137,.T.);
#8137 = EDGE_LOOP('',(#8138,#8139,#8146,#8147));
#8138 = ORIENTED_EDGE('',*,*,#8116,.T.);
#8139 = ORIENTED_EDGE('',*,*,#8140,.T.);
#8140 = EDGE_CURVE('',#8108,#8100,#8141,.T.);
#8141 = CIRCLE('',#8142,0.750001270003);
#8142 = AXIS2_PLACEMENT_3D('',#8143,#8144,#8145);
#8143 = CARTESIAN_POINT('',(50.768102616205,96.470193040386,
    1.600050800102));
#8144 = DIRECTION('',(0.,0.,1.));
#8145 = DIRECTION('',(-1.,-1.110223024625E-16,0.));
#8146 = ORIENTED_EDGE('',*,*,#8097,.F.);
#8147 = ORIENTED_EDGE('',*,*,#8148,.F.);
#8148 = EDGE_CURVE('',#8117,#8098,#8149,.T.);
#8149 = CIRCLE('',#8150,0.750001270003);
#8150 = AXIS2_PLACEMENT_3D('',#8151,#8152,#8153);
#8151 = CARTESIAN_POINT('',(50.768102616205,96.470193040386,0.));
#8152 = DIRECTION('',(0.,0.,1.));
#8153 = DIRECTION('',(-1.,-1.110223024625E-16,0.));
#8154 = CYLINDRICAL_SURFACE('',#8155,0.750001270003);
#8155 = AXIS2_PLACEMENT_3D('',#8156,#8157,#8158);
#8156 = CARTESIAN_POINT('',(50.768102616205,96.470193040386,0.));
#8157 = DIRECTION('',(-0.,-0.,-1.));
#8158 = DIRECTION('',(-1.,-1.110223024625E-16,0.));
#8159 = ADVANCED_FACE('',(#8160),#8196,.F.);
#8160 = FACE_BOUND('',#8161,.T.);
#8161 = EDGE_LOOP('',(#8162,#8172,#8181,#8189));
#8162 = ORIENTED_EDGE('',*,*,#8163,.T.);
#8163 = EDGE_CURVE('',#8164,#8166,#8168,.T.);
#8164 = VERTEX_POINT('',#8165);
#8165 = CARTESIAN_POINT('',(52.670104140208,63.246126492253,0.));
#8166 = VERTEX_POINT('',#8167);
#8167 = CARTESIAN_POINT('',(52.670104140208,63.246126492253,
    1.600050800102));
#8168 = LINE('',#8169,#8170);
#8169 = CARTESIAN_POINT('',(52.670104140208,63.246126492253,0.));
#8170 = VECTOR('',#8171,1.);
#8171 = DIRECTION('',(0.,0.,1.));
#8172 = ORIENTED_EDGE('',*,*,#8173,.T.);
#8173 = EDGE_CURVE('',#8166,#8174,#8176,.T.);
#8174 = VERTEX_POINT('',#8175);
#8175 = CARTESIAN_POINT('',(51.470104140208,63.246126492253,
    1.600050800102));
#8176 = CIRCLE('',#8177,0.6);
#8177 = AXIS2_PLACEMENT_3D('',#8178,#8179,#8180);
#8178 = CARTESIAN_POINT('',(52.070104140208,63.246126492253,
    1.600050800102));
#8179 = DIRECTION('',(0.,0.,1.));
#8180 = DIRECTION('',(1.,1.110223024625E-16,-0.));
#8181 = ORIENTED_EDGE('',*,*,#8182,.F.);
#8182 = EDGE_CURVE('',#8183,#8174,#8185,.T.);
#8183 = VERTEX_POINT('',#8184);
#8184 = CARTESIAN_POINT('',(51.470104140208,63.246126492253,0.));
#8185 = LINE('',#8186,#8187);
#8186 = CARTESIAN_POINT('',(51.470104140208,63.246126492253,0.));
#8187 = VECTOR('',#8188,1.);
#8188 = DIRECTION('',(0.,0.,1.));
#8189 = ORIENTED_EDGE('',*,*,#8190,.F.);
#8190 = EDGE_CURVE('',#8164,#8183,#8191,.T.);
#8191 = CIRCLE('',#8192,0.6);
#8192 = AXIS2_PLACEMENT_3D('',#8193,#8194,#8195);
#8193 = CARTESIAN_POINT('',(52.070104140208,63.246126492253,0.));
#8194 = DIRECTION('',(0.,0.,1.));
#8195 = DIRECTION('',(1.,1.110223024625E-16,-0.));
#8196 = CYLINDRICAL_SURFACE('',#8197,0.6);
#8197 = AXIS2_PLACEMENT_3D('',#8198,#8199,#8200);
#8198 = CARTESIAN_POINT('',(52.070104140208,63.246126492253,0.));
#8199 = DIRECTION('',(-0.,-0.,-1.));
#8200 = DIRECTION('',(1.,1.110223024625E-16,-0.));
#8201 = ADVANCED_FACE('',(#8202),#8220,.F.);
#8202 = FACE_BOUND('',#8203,.T.);
#8203 = EDGE_LOOP('',(#8204,#8205,#8212,#8213));
#8204 = ORIENTED_EDGE('',*,*,#8182,.T.);
#8205 = ORIENTED_EDGE('',*,*,#8206,.T.);
#8206 = EDGE_CURVE('',#8174,#8166,#8207,.T.);
#8207 = CIRCLE('',#8208,0.6);
#8208 = AXIS2_PLACEMENT_3D('',#8209,#8210,#8211);
#8209 = CARTESIAN_POINT('',(52.070104140208,63.246126492253,
    1.600050800102));
#8210 = DIRECTION('',(0.,0.,1.));
#8211 = DIRECTION('',(-1.,-1.110223024625E-16,0.));
#8212 = ORIENTED_EDGE('',*,*,#8163,.F.);
#8213 = ORIENTED_EDGE('',*,*,#8214,.F.);
#8214 = EDGE_CURVE('',#8183,#8164,#8215,.T.);
#8215 = CIRCLE('',#8216,0.6);
#8216 = AXIS2_PLACEMENT_3D('',#8217,#8218,#8219);
#8217 = CARTESIAN_POINT('',(52.070104140208,63.246126492253,0.));
#8218 = DIRECTION('',(0.,0.,1.));
#8219 = DIRECTION('',(-1.,-1.110223024625E-16,0.));
#8220 = CYLINDRICAL_SURFACE('',#8221,0.6);
#8221 = AXIS2_PLACEMENT_3D('',#8222,#8223,#8224);
#8222 = CARTESIAN_POINT('',(52.070104140208,63.246126492253,0.));
#8223 = DIRECTION('',(-0.,-0.,-1.));
#8224 = DIRECTION('',(-1.,-1.110223024625E-16,0.));
#8225 = ADVANCED_FACE('',(#8226),#8262,.F.);
#8226 = FACE_BOUND('',#8227,.T.);
#8227 = EDGE_LOOP('',(#8228,#8238,#8247,#8255));
#8228 = ORIENTED_EDGE('',*,*,#8229,.T.);
#8229 = EDGE_CURVE('',#8230,#8232,#8234,.T.);
#8230 = VERTEX_POINT('',#8231);
#8231 = CARTESIAN_POINT('',(52.670104140208,36.195072390145,0.));
#8232 = VERTEX_POINT('',#8233);
#8233 = CARTESIAN_POINT('',(52.670104140208,36.195072390145,
    1.600050800102));
#8234 = LINE('',#8235,#8236);
#8235 = CARTESIAN_POINT('',(52.670104140208,36.195072390145,0.));
#8236 = VECTOR('',#8237,1.);
#8237 = DIRECTION('',(0.,0.,1.));
#8238 = ORIENTED_EDGE('',*,*,#8239,.T.);
#8239 = EDGE_CURVE('',#8232,#8240,#8242,.T.);
#8240 = VERTEX_POINT('',#8241);
#8241 = CARTESIAN_POINT('',(51.470104140208,36.195072390145,
    1.600050800102));
#8242 = CIRCLE('',#8243,0.6);
#8243 = AXIS2_PLACEMENT_3D('',#8244,#8245,#8246);
#8244 = CARTESIAN_POINT('',(52.070104140208,36.195072390145,
    1.600050800102));
#8245 = DIRECTION('',(0.,0.,1.));
#8246 = DIRECTION('',(1.,1.110223024625E-16,-0.));
#8247 = ORIENTED_EDGE('',*,*,#8248,.F.);
#8248 = EDGE_CURVE('',#8249,#8240,#8251,.T.);
#8249 = VERTEX_POINT('',#8250);
#8250 = CARTESIAN_POINT('',(51.470104140208,36.195072390145,0.));
#8251 = LINE('',#8252,#8253);
#8252 = CARTESIAN_POINT('',(51.470104140208,36.195072390145,0.));
#8253 = VECTOR('',#8254,1.);
#8254 = DIRECTION('',(0.,0.,1.));
#8255 = ORIENTED_EDGE('',*,*,#8256,.F.);
#8256 = EDGE_CURVE('',#8230,#8249,#8257,.T.);
#8257 = CIRCLE('',#8258,0.6);
#8258 = AXIS2_PLACEMENT_3D('',#8259,#8260,#8261);
#8259 = CARTESIAN_POINT('',(52.070104140208,36.195072390145,0.));
#8260 = DIRECTION('',(0.,0.,1.));
#8261 = DIRECTION('',(1.,1.110223024625E-16,-0.));
#8262 = CYLINDRICAL_SURFACE('',#8263,0.6);
#8263 = AXIS2_PLACEMENT_3D('',#8264,#8265,#8266);
#8264 = CARTESIAN_POINT('',(52.070104140208,36.195072390145,0.));
#8265 = DIRECTION('',(-0.,-0.,-1.));
#8266 = DIRECTION('',(1.,1.110223024625E-16,-0.));
#8267 = ADVANCED_FACE('',(#8268),#8286,.F.);
#8268 = FACE_BOUND('',#8269,.T.);
#8269 = EDGE_LOOP('',(#8270,#8271,#8278,#8279));
#8270 = ORIENTED_EDGE('',*,*,#8248,.T.);
#8271 = ORIENTED_EDGE('',*,*,#8272,.T.);
#8272 = EDGE_CURVE('',#8240,#8232,#8273,.T.);
#8273 = CIRCLE('',#8274,0.6);
#8274 = AXIS2_PLACEMENT_3D('',#8275,#8276,#8277);
#8275 = CARTESIAN_POINT('',(52.070104140208,36.195072390145,
    1.600050800102));
#8276 = DIRECTION('',(0.,0.,1.));
#8277 = DIRECTION('',(-1.,-1.110223024625E-16,0.));
#8278 = ORIENTED_EDGE('',*,*,#8229,.F.);
#8279 = ORIENTED_EDGE('',*,*,#8280,.F.);
#8280 = EDGE_CURVE('',#8249,#8230,#8281,.T.);
#8281 = CIRCLE('',#8282,0.6);
#8282 = AXIS2_PLACEMENT_3D('',#8283,#8284,#8285);
#8283 = CARTESIAN_POINT('',(52.070104140208,36.195072390145,0.));
#8284 = DIRECTION('',(0.,0.,1.));
#8285 = DIRECTION('',(-1.,-1.110223024625E-16,0.));
#8286 = CYLINDRICAL_SURFACE('',#8287,0.6);
#8287 = AXIS2_PLACEMENT_3D('',#8288,#8289,#8290);
#8288 = CARTESIAN_POINT('',(52.070104140208,36.195072390145,0.));
#8289 = DIRECTION('',(-0.,-0.,-1.));
#8290 = DIRECTION('',(-1.,-1.110223024625E-16,0.));
#8291 = ADVANCED_FACE('',(#8292),#8328,.F.);
#8292 = FACE_BOUND('',#8293,.T.);
#8293 = EDGE_LOOP('',(#8294,#8304,#8313,#8321));
#8294 = ORIENTED_EDGE('',*,*,#8295,.T.);
#8295 = EDGE_CURVE('',#8296,#8298,#8300,.T.);
#8296 = VERTEX_POINT('',#8297);
#8297 = CARTESIAN_POINT('',(52.570129540259,57.40411480823,0.));
#8298 = VERTEX_POINT('',#8299);
#8299 = CARTESIAN_POINT('',(52.570129540259,57.40411480823,
    1.600050800102));
#8300 = LINE('',#8301,#8302);
#8301 = CARTESIAN_POINT('',(52.570129540259,57.40411480823,0.));
#8302 = VECTOR('',#8303,1.);
#8303 = DIRECTION('',(0.,0.,1.));
#8304 = ORIENTED_EDGE('',*,*,#8305,.T.);
#8305 = EDGE_CURVE('',#8298,#8306,#8308,.T.);
#8306 = VERTEX_POINT('',#8307);
#8307 = CARTESIAN_POINT('',(51.570129540259,57.40411480823,
    1.600050800102));
#8308 = CIRCLE('',#8309,0.5);
#8309 = AXIS2_PLACEMENT_3D('',#8310,#8311,#8312);
#8310 = CARTESIAN_POINT('',(52.070129540259,57.40411480823,
    1.600050800102));
#8311 = DIRECTION('',(0.,0.,1.));
#8312 = DIRECTION('',(1.,1.110223024625E-16,-0.));
#8313 = ORIENTED_EDGE('',*,*,#8314,.F.);
#8314 = EDGE_CURVE('',#8315,#8306,#8317,.T.);
#8315 = VERTEX_POINT('',#8316);
#8316 = CARTESIAN_POINT('',(51.570129540259,57.40411480823,0.));
#8317 = LINE('',#8318,#8319);
#8318 = CARTESIAN_POINT('',(51.570129540259,57.40411480823,0.));
#8319 = VECTOR('',#8320,1.);
#8320 = DIRECTION('',(0.,0.,1.));
#8321 = ORIENTED_EDGE('',*,*,#8322,.F.);
#8322 = EDGE_CURVE('',#8296,#8315,#8323,.T.);
#8323 = CIRCLE('',#8324,0.5);
#8324 = AXIS2_PLACEMENT_3D('',#8325,#8326,#8327);
#8325 = CARTESIAN_POINT('',(52.070129540259,57.40411480823,0.));
#8326 = DIRECTION('',(0.,0.,1.));
#8327 = DIRECTION('',(1.,1.110223024625E-16,-0.));
#8328 = CYLINDRICAL_SURFACE('',#8329,0.5);
#8329 = AXIS2_PLACEMENT_3D('',#8330,#8331,#8332);
#8330 = CARTESIAN_POINT('',(52.070129540259,57.40411480823,0.));
#8331 = DIRECTION('',(-0.,-0.,-1.));
#8332 = DIRECTION('',(1.,1.110223024625E-16,-0.));
#8333 = ADVANCED_FACE('',(#8334),#8352,.F.);
#8334 = FACE_BOUND('',#8335,.T.);
#8335 = EDGE_LOOP('',(#8336,#8337,#8344,#8345));
#8336 = ORIENTED_EDGE('',*,*,#8314,.T.);
#8337 = ORIENTED_EDGE('',*,*,#8338,.T.);
#8338 = EDGE_CURVE('',#8306,#8298,#8339,.T.);
#8339 = CIRCLE('',#8340,0.5);
#8340 = AXIS2_PLACEMENT_3D('',#8341,#8342,#8343);
#8341 = CARTESIAN_POINT('',(52.070129540259,57.40411480823,
    1.600050800102));
#8342 = DIRECTION('',(0.,0.,1.));
#8343 = DIRECTION('',(-1.,-1.110223024625E-16,0.));
#8344 = ORIENTED_EDGE('',*,*,#8295,.F.);
#8345 = ORIENTED_EDGE('',*,*,#8346,.F.);
#8346 = EDGE_CURVE('',#8315,#8296,#8347,.T.);
#8347 = CIRCLE('',#8348,0.5);
#8348 = AXIS2_PLACEMENT_3D('',#8349,#8350,#8351);
#8349 = CARTESIAN_POINT('',(52.070129540259,57.40411480823,0.));
#8350 = DIRECTION('',(0.,0.,1.));
#8351 = DIRECTION('',(-1.,-1.110223024625E-16,0.));
#8352 = CYLINDRICAL_SURFACE('',#8353,0.5);
#8353 = AXIS2_PLACEMENT_3D('',#8354,#8355,#8356);
#8354 = CARTESIAN_POINT('',(52.070129540259,57.40411480823,0.));
#8355 = DIRECTION('',(-0.,-0.,-1.));
#8356 = DIRECTION('',(-1.,-1.110223024625E-16,0.));
#8357 = ADVANCED_FACE('',(#8358),#8394,.F.);
#8358 = FACE_BOUND('',#8359,.T.);
#8359 = EDGE_LOOP('',(#8360,#8370,#8379,#8387));
#8360 = ORIENTED_EDGE('',*,*,#8361,.T.);
#8361 = EDGE_CURVE('',#8362,#8364,#8366,.T.);
#8362 = VERTEX_POINT('',#8363);
#8363 = CARTESIAN_POINT('',(52.570129540259,42.164109728219,0.));
#8364 = VERTEX_POINT('',#8365);
#8365 = CARTESIAN_POINT('',(52.570129540259,42.164109728219,
    1.600050800102));
#8366 = LINE('',#8367,#8368);
#8367 = CARTESIAN_POINT('',(52.570129540259,42.164109728219,0.));
#8368 = VECTOR('',#8369,1.);
#8369 = DIRECTION('',(0.,0.,1.));
#8370 = ORIENTED_EDGE('',*,*,#8371,.T.);
#8371 = EDGE_CURVE('',#8364,#8372,#8374,.T.);
#8372 = VERTEX_POINT('',#8373);
#8373 = CARTESIAN_POINT('',(51.570129540259,42.164109728219,
    1.600050800102));
#8374 = CIRCLE('',#8375,0.5);
#8375 = AXIS2_PLACEMENT_3D('',#8376,#8377,#8378);
#8376 = CARTESIAN_POINT('',(52.070129540259,42.164109728219,
    1.600050800102));
#8377 = DIRECTION('',(0.,0.,1.));
#8378 = DIRECTION('',(1.,1.110223024625E-16,-0.));
#8379 = ORIENTED_EDGE('',*,*,#8380,.F.);
#8380 = EDGE_CURVE('',#8381,#8372,#8383,.T.);
#8381 = VERTEX_POINT('',#8382);
#8382 = CARTESIAN_POINT('',(51.570129540259,42.164109728219,0.));
#8383 = LINE('',#8384,#8385);
#8384 = CARTESIAN_POINT('',(51.570129540259,42.164109728219,0.));
#8385 = VECTOR('',#8386,1.);
#8386 = DIRECTION('',(0.,0.,1.));
#8387 = ORIENTED_EDGE('',*,*,#8388,.F.);
#8388 = EDGE_CURVE('',#8362,#8381,#8389,.T.);
#8389 = CIRCLE('',#8390,0.5);
#8390 = AXIS2_PLACEMENT_3D('',#8391,#8392,#8393);
#8391 = CARTESIAN_POINT('',(52.070129540259,42.164109728219,0.));
#8392 = DIRECTION('',(0.,0.,1.));
#8393 = DIRECTION('',(1.,1.110223024625E-16,-0.));
#8394 = CYLINDRICAL_SURFACE('',#8395,0.5);
#8395 = AXIS2_PLACEMENT_3D('',#8396,#8397,#8398);
#8396 = CARTESIAN_POINT('',(52.070129540259,42.164109728219,0.));
#8397 = DIRECTION('',(-0.,-0.,-1.));
#8398 = DIRECTION('',(1.,1.110223024625E-16,-0.));
#8399 = ADVANCED_FACE('',(#8400),#8418,.F.);
#8400 = FACE_BOUND('',#8401,.T.);
#8401 = EDGE_LOOP('',(#8402,#8403,#8410,#8411));
#8402 = ORIENTED_EDGE('',*,*,#8380,.T.);
#8403 = ORIENTED_EDGE('',*,*,#8404,.T.);
#8404 = EDGE_CURVE('',#8372,#8364,#8405,.T.);
#8405 = CIRCLE('',#8406,0.5);
#8406 = AXIS2_PLACEMENT_3D('',#8407,#8408,#8409);
#8407 = CARTESIAN_POINT('',(52.070129540259,42.164109728219,
    1.600050800102));
#8408 = DIRECTION('',(0.,0.,1.));
#8409 = DIRECTION('',(-1.,-1.110223024625E-16,0.));
#8410 = ORIENTED_EDGE('',*,*,#8361,.F.);
#8411 = ORIENTED_EDGE('',*,*,#8412,.F.);
#8412 = EDGE_CURVE('',#8381,#8362,#8413,.T.);
#8413 = CIRCLE('',#8414,0.5);
#8414 = AXIS2_PLACEMENT_3D('',#8415,#8416,#8417);
#8415 = CARTESIAN_POINT('',(52.070129540259,42.164109728219,0.));
#8416 = DIRECTION('',(0.,0.,1.));
#8417 = DIRECTION('',(-1.,-1.110223024625E-16,0.));
#8418 = CYLINDRICAL_SURFACE('',#8419,0.5);
#8419 = AXIS2_PLACEMENT_3D('',#8420,#8421,#8422);
#8420 = CARTESIAN_POINT('',(52.070129540259,42.164109728219,0.));
#8421 = DIRECTION('',(-0.,-0.,-1.));
#8422 = DIRECTION('',(-1.,-1.110223024625E-16,0.));
#8423 = ADVANCED_FACE('',(#8424),#8460,.F.);
#8424 = FACE_BOUND('',#8425,.T.);
#8425 = EDGE_LOOP('',(#8426,#8436,#8445,#8453));
#8426 = ORIENTED_EDGE('',*,*,#8427,.T.);
#8427 = EDGE_CURVE('',#8428,#8430,#8432,.T.);
#8428 = VERTEX_POINT('',#8429);
#8429 = CARTESIAN_POINT('',(52.849098298197,31.242062484125,0.));
#8430 = VERTEX_POINT('',#8431);
#8431 = CARTESIAN_POINT('',(52.849098298197,31.242062484125,
    1.600050800102));
#8432 = LINE('',#8433,#8434);
#8433 = CARTESIAN_POINT('',(52.849098298197,31.242062484125,0.));
#8434 = VECTOR('',#8435,1.);
#8435 = DIRECTION('',(0.,0.,1.));
#8436 = ORIENTED_EDGE('',*,*,#8437,.T.);
#8437 = EDGE_CURVE('',#8430,#8438,#8440,.T.);
#8438 = VERTEX_POINT('',#8439);
#8439 = CARTESIAN_POINT('',(51.799110998222,31.242062484125,
    1.600050800102));
#8440 = CIRCLE('',#8441,0.524993649987);
#8441 = AXIS2_PLACEMENT_3D('',#8442,#8443,#8444);
#8442 = CARTESIAN_POINT('',(52.324104648209,31.242062484125,
    1.600050800102));
#8443 = DIRECTION('',(0.,0.,1.));
#8444 = DIRECTION('',(1.,1.110223024625E-16,-0.));
#8445 = ORIENTED_EDGE('',*,*,#8446,.F.);
#8446 = EDGE_CURVE('',#8447,#8438,#8449,.T.);
#8447 = VERTEX_POINT('',#8448);
#8448 = CARTESIAN_POINT('',(51.799110998222,31.242062484125,0.));
#8449 = LINE('',#8450,#8451);
#8450 = CARTESIAN_POINT('',(51.799110998222,31.242062484125,0.));
#8451 = VECTOR('',#8452,1.);
#8452 = DIRECTION('',(0.,0.,1.));
#8453 = ORIENTED_EDGE('',*,*,#8454,.F.);
#8454 = EDGE_CURVE('',#8428,#8447,#8455,.T.);
#8455 = CIRCLE('',#8456,0.524993649987);
#8456 = AXIS2_PLACEMENT_3D('',#8457,#8458,#8459);
#8457 = CARTESIAN_POINT('',(52.324104648209,31.242062484125,0.));
#8458 = DIRECTION('',(0.,0.,1.));
#8459 = DIRECTION('',(1.,1.110223024625E-16,-0.));
#8460 = CYLINDRICAL_SURFACE('',#8461,0.524993649987);
#8461 = AXIS2_PLACEMENT_3D('',#8462,#8463,#8464);
#8462 = CARTESIAN_POINT('',(52.324104648209,31.242062484125,0.));
#8463 = DIRECTION('',(-0.,-0.,-1.));
#8464 = DIRECTION('',(1.,1.110223024625E-16,-0.));
#8465 = ADVANCED_FACE('',(#8466),#8484,.F.);
#8466 = FACE_BOUND('',#8467,.T.);
#8467 = EDGE_LOOP('',(#8468,#8469,#8476,#8477));
#8468 = ORIENTED_EDGE('',*,*,#8446,.T.);
#8469 = ORIENTED_EDGE('',*,*,#8470,.T.);
#8470 = EDGE_CURVE('',#8438,#8430,#8471,.T.);
#8471 = CIRCLE('',#8472,0.524993649987);
#8472 = AXIS2_PLACEMENT_3D('',#8473,#8474,#8475);
#8473 = CARTESIAN_POINT('',(52.324104648209,31.242062484125,
    1.600050800102));
#8474 = DIRECTION('',(0.,0.,1.));
#8475 = DIRECTION('',(-1.,-1.110223024625E-16,0.));
#8476 = ORIENTED_EDGE('',*,*,#8427,.F.);
#8477 = ORIENTED_EDGE('',*,*,#8478,.F.);
#8478 = EDGE_CURVE('',#8447,#8428,#8479,.T.);
#8479 = CIRCLE('',#8480,0.524993649987);
#8480 = AXIS2_PLACEMENT_3D('',#8481,#8482,#8483);
#8481 = CARTESIAN_POINT('',(52.324104648209,31.242062484125,0.));
#8482 = DIRECTION('',(0.,0.,1.));
#8483 = DIRECTION('',(-1.,-1.110223024625E-16,0.));
#8484 = CYLINDRICAL_SURFACE('',#8485,0.524993649987);
#8485 = AXIS2_PLACEMENT_3D('',#8486,#8487,#8488);
#8486 = CARTESIAN_POINT('',(52.324104648209,31.242062484125,0.));
#8487 = DIRECTION('',(-0.,-0.,-1.));
#8488 = DIRECTION('',(-1.,-1.110223024625E-16,0.));
#8489 = ADVANCED_FACE('',(#8490),#8526,.F.);
#8490 = FACE_BOUND('',#8491,.T.);
#8491 = EDGE_LOOP('',(#8492,#8502,#8511,#8519));
#8492 = ORIENTED_EDGE('',*,*,#8493,.T.);
#8493 = EDGE_CURVE('',#8494,#8496,#8498,.T.);
#8494 = VERTEX_POINT('',#8495);
#8495 = CARTESIAN_POINT('',(55.210109220218,63.246126492253,0.));
#8496 = VERTEX_POINT('',#8497);
#8497 = CARTESIAN_POINT('',(55.210109220218,63.246126492253,
    1.600050800102));
#8498 = LINE('',#8499,#8500);
#8499 = CARTESIAN_POINT('',(55.210109220218,63.246126492253,0.));
#8500 = VECTOR('',#8501,1.);
#8501 = DIRECTION('',(0.,0.,1.));
#8502 = ORIENTED_EDGE('',*,*,#8503,.T.);
#8503 = EDGE_CURVE('',#8496,#8504,#8506,.T.);
#8504 = VERTEX_POINT('',#8505);
#8505 = CARTESIAN_POINT('',(54.010109220218,63.246126492253,
    1.600050800102));
#8506 = CIRCLE('',#8507,0.6);
#8507 = AXIS2_PLACEMENT_3D('',#8508,#8509,#8510);
#8508 = CARTESIAN_POINT('',(54.610109220218,63.246126492253,
    1.600050800102));
#8509 = DIRECTION('',(0.,0.,1.));
#8510 = DIRECTION('',(1.,1.110223024625E-16,-0.));
#8511 = ORIENTED_EDGE('',*,*,#8512,.F.);
#8512 = EDGE_CURVE('',#8513,#8504,#8515,.T.);
#8513 = VERTEX_POINT('',#8514);
#8514 = CARTESIAN_POINT('',(54.010109220218,63.246126492253,0.));
#8515 = LINE('',#8516,#8517);
#8516 = CARTESIAN_POINT('',(54.010109220218,63.246126492253,0.));
#8517 = VECTOR('',#8518,1.);
#8518 = DIRECTION('',(0.,0.,1.));
#8519 = ORIENTED_EDGE('',*,*,#8520,.F.);
#8520 = EDGE_CURVE('',#8494,#8513,#8521,.T.);
#8521 = CIRCLE('',#8522,0.6);
#8522 = AXIS2_PLACEMENT_3D('',#8523,#8524,#8525);
#8523 = CARTESIAN_POINT('',(54.610109220218,63.246126492253,0.));
#8524 = DIRECTION('',(0.,0.,1.));
#8525 = DIRECTION('',(1.,1.110223024625E-16,-0.));
#8526 = CYLINDRICAL_SURFACE('',#8527,0.6);
#8527 = AXIS2_PLACEMENT_3D('',#8528,#8529,#8530);
#8528 = CARTESIAN_POINT('',(54.610109220218,63.246126492253,0.));
#8529 = DIRECTION('',(-0.,-0.,-1.));
#8530 = DIRECTION('',(1.,1.110223024625E-16,-0.));
#8531 = ADVANCED_FACE('',(#8532),#8550,.F.);
#8532 = FACE_BOUND('',#8533,.T.);
#8533 = EDGE_LOOP('',(#8534,#8535,#8542,#8543));
#8534 = ORIENTED_EDGE('',*,*,#8512,.T.);
#8535 = ORIENTED_EDGE('',*,*,#8536,.T.);
#8536 = EDGE_CURVE('',#8504,#8496,#8537,.T.);
#8537 = CIRCLE('',#8538,0.6);
#8538 = AXIS2_PLACEMENT_3D('',#8539,#8540,#8541);
#8539 = CARTESIAN_POINT('',(54.610109220218,63.246126492253,
    1.600050800102));
#8540 = DIRECTION('',(0.,0.,1.));
#8541 = DIRECTION('',(-1.,-1.110223024625E-16,0.));
#8542 = ORIENTED_EDGE('',*,*,#8493,.F.);
#8543 = ORIENTED_EDGE('',*,*,#8544,.F.);
#8544 = EDGE_CURVE('',#8513,#8494,#8545,.T.);
#8545 = CIRCLE('',#8546,0.6);
#8546 = AXIS2_PLACEMENT_3D('',#8547,#8548,#8549);
#8547 = CARTESIAN_POINT('',(54.610109220218,63.246126492253,0.));
#8548 = DIRECTION('',(0.,0.,1.));
#8549 = DIRECTION('',(-1.,-1.110223024625E-16,0.));
#8550 = CYLINDRICAL_SURFACE('',#8551,0.6);
#8551 = AXIS2_PLACEMENT_3D('',#8552,#8553,#8554);
#8552 = CARTESIAN_POINT('',(54.610109220218,63.246126492253,0.));
#8553 = DIRECTION('',(-0.,-0.,-1.));
#8554 = DIRECTION('',(-1.,-1.110223024625E-16,0.));
#8555 = ADVANCED_FACE('',(#8556),#8592,.F.);
#8556 = FACE_BOUND('',#8557,.T.);
#8557 = EDGE_LOOP('',(#8558,#8568,#8577,#8585));
#8558 = ORIENTED_EDGE('',*,*,#8559,.T.);
#8559 = EDGE_CURVE('',#8560,#8562,#8564,.T.);
#8560 = VERTEX_POINT('',#8561);
#8561 = CARTESIAN_POINT('',(55.210109220218,36.195072390145,0.));
#8562 = VERTEX_POINT('',#8563);
#8563 = CARTESIAN_POINT('',(55.210109220218,36.195072390145,
    1.600050800102));
#8564 = LINE('',#8565,#8566);
#8565 = CARTESIAN_POINT('',(55.210109220218,36.195072390145,0.));
#8566 = VECTOR('',#8567,1.);
#8567 = DIRECTION('',(0.,0.,1.));
#8568 = ORIENTED_EDGE('',*,*,#8569,.T.);
#8569 = EDGE_CURVE('',#8562,#8570,#8572,.T.);
#8570 = VERTEX_POINT('',#8571);
#8571 = CARTESIAN_POINT('',(54.010109220218,36.195072390145,
    1.600050800102));
#8572 = CIRCLE('',#8573,0.6);
#8573 = AXIS2_PLACEMENT_3D('',#8574,#8575,#8576);
#8574 = CARTESIAN_POINT('',(54.610109220218,36.195072390145,
    1.600050800102));
#8575 = DIRECTION('',(0.,0.,1.));
#8576 = DIRECTION('',(1.,1.110223024625E-16,-0.));
#8577 = ORIENTED_EDGE('',*,*,#8578,.F.);
#8578 = EDGE_CURVE('',#8579,#8570,#8581,.T.);
#8579 = VERTEX_POINT('',#8580);
#8580 = CARTESIAN_POINT('',(54.010109220218,36.195072390145,0.));
#8581 = LINE('',#8582,#8583);
#8582 = CARTESIAN_POINT('',(54.010109220218,36.195072390145,0.));
#8583 = VECTOR('',#8584,1.);
#8584 = DIRECTION('',(0.,0.,1.));
#8585 = ORIENTED_EDGE('',*,*,#8586,.F.);
#8586 = EDGE_CURVE('',#8560,#8579,#8587,.T.);
#8587 = CIRCLE('',#8588,0.6);
#8588 = AXIS2_PLACEMENT_3D('',#8589,#8590,#8591);
#8589 = CARTESIAN_POINT('',(54.610109220218,36.195072390145,0.));
#8590 = DIRECTION('',(0.,0.,1.));
#8591 = DIRECTION('',(1.,1.110223024625E-16,-0.));
#8592 = CYLINDRICAL_SURFACE('',#8593,0.6);
#8593 = AXIS2_PLACEMENT_3D('',#8594,#8595,#8596);
#8594 = CARTESIAN_POINT('',(54.610109220218,36.195072390145,0.));
#8595 = DIRECTION('',(-0.,-0.,-1.));
#8596 = DIRECTION('',(1.,1.110223024625E-16,-0.));
#8597 = ADVANCED_FACE('',(#8598),#8616,.F.);
#8598 = FACE_BOUND('',#8599,.T.);
#8599 = EDGE_LOOP('',(#8600,#8601,#8608,#8609));
#8600 = ORIENTED_EDGE('',*,*,#8578,.T.);
#8601 = ORIENTED_EDGE('',*,*,#8602,.T.);
#8602 = EDGE_CURVE('',#8570,#8562,#8603,.T.);
#8603 = CIRCLE('',#8604,0.6);
#8604 = AXIS2_PLACEMENT_3D('',#8605,#8606,#8607);
#8605 = CARTESIAN_POINT('',(54.610109220218,36.195072390145,
    1.600050800102));
#8606 = DIRECTION('',(0.,0.,1.));
#8607 = DIRECTION('',(-1.,-1.110223024625E-16,0.));
#8608 = ORIENTED_EDGE('',*,*,#8559,.F.);
#8609 = ORIENTED_EDGE('',*,*,#8610,.F.);
#8610 = EDGE_CURVE('',#8579,#8560,#8611,.T.);
#8611 = CIRCLE('',#8612,0.6);
#8612 = AXIS2_PLACEMENT_3D('',#8613,#8614,#8615);
#8613 = CARTESIAN_POINT('',(54.610109220218,36.195072390145,0.));
#8614 = DIRECTION('',(0.,0.,1.));
#8615 = DIRECTION('',(-1.,-1.110223024625E-16,0.));
#8616 = CYLINDRICAL_SURFACE('',#8617,0.6);
#8617 = AXIS2_PLACEMENT_3D('',#8618,#8619,#8620);
#8618 = CARTESIAN_POINT('',(54.610109220218,36.195072390145,0.));
#8619 = DIRECTION('',(-0.,-0.,-1.));
#8620 = DIRECTION('',(-1.,-1.110223024625E-16,0.));
#8621 = ADVANCED_FACE('',(#8622),#8658,.F.);
#8622 = FACE_BOUND('',#8623,.T.);
#8623 = EDGE_LOOP('',(#8624,#8634,#8643,#8651));
#8624 = ORIENTED_EDGE('',*,*,#8625,.T.);
#8625 = EDGE_CURVE('',#8626,#8628,#8630,.T.);
#8626 = VERTEX_POINT('',#8627);
#8627 = CARTESIAN_POINT('',(55.110134620269,57.40411480823,0.));
#8628 = VERTEX_POINT('',#8629);
#8629 = CARTESIAN_POINT('',(55.110134620269,57.40411480823,
    1.600050800102));
#8630 = LINE('',#8631,#8632);
#8631 = CARTESIAN_POINT('',(55.110134620269,57.40411480823,0.));
#8632 = VECTOR('',#8633,1.);
#8633 = DIRECTION('',(0.,0.,1.));
#8634 = ORIENTED_EDGE('',*,*,#8635,.T.);
#8635 = EDGE_CURVE('',#8628,#8636,#8638,.T.);
#8636 = VERTEX_POINT('',#8637);
#8637 = CARTESIAN_POINT('',(54.110134620269,57.40411480823,
    1.600050800102));
#8638 = CIRCLE('',#8639,0.5);
#8639 = AXIS2_PLACEMENT_3D('',#8640,#8641,#8642);
#8640 = CARTESIAN_POINT('',(54.610134620269,57.40411480823,
    1.600050800102));
#8641 = DIRECTION('',(0.,0.,1.));
#8642 = DIRECTION('',(1.,1.110223024625E-16,-0.));
#8643 = ORIENTED_EDGE('',*,*,#8644,.F.);
#8644 = EDGE_CURVE('',#8645,#8636,#8647,.T.);
#8645 = VERTEX_POINT('',#8646);
#8646 = CARTESIAN_POINT('',(54.110134620269,57.40411480823,0.));
#8647 = LINE('',#8648,#8649);
#8648 = CARTESIAN_POINT('',(54.110134620269,57.40411480823,0.));
#8649 = VECTOR('',#8650,1.);
#8650 = DIRECTION('',(0.,0.,1.));
#8651 = ORIENTED_EDGE('',*,*,#8652,.F.);
#8652 = EDGE_CURVE('',#8626,#8645,#8653,.T.);
#8653 = CIRCLE('',#8654,0.5);
#8654 = AXIS2_PLACEMENT_3D('',#8655,#8656,#8657);
#8655 = CARTESIAN_POINT('',(54.610134620269,57.40411480823,0.));
#8656 = DIRECTION('',(0.,0.,1.));
#8657 = DIRECTION('',(1.,1.110223024625E-16,-0.));
#8658 = CYLINDRICAL_SURFACE('',#8659,0.5);
#8659 = AXIS2_PLACEMENT_3D('',#8660,#8661,#8662);
#8660 = CARTESIAN_POINT('',(54.610134620269,57.40411480823,0.));
#8661 = DIRECTION('',(-0.,-0.,-1.));
#8662 = DIRECTION('',(1.,1.110223024625E-16,-0.));
#8663 = ADVANCED_FACE('',(#8664),#8682,.F.);
#8664 = FACE_BOUND('',#8665,.T.);
#8665 = EDGE_LOOP('',(#8666,#8667,#8674,#8675));
#8666 = ORIENTED_EDGE('',*,*,#8644,.T.);
#8667 = ORIENTED_EDGE('',*,*,#8668,.T.);
#8668 = EDGE_CURVE('',#8636,#8628,#8669,.T.);
#8669 = CIRCLE('',#8670,0.5);
#8670 = AXIS2_PLACEMENT_3D('',#8671,#8672,#8673);
#8671 = CARTESIAN_POINT('',(54.610134620269,57.40411480823,
    1.600050800102));
#8672 = DIRECTION('',(0.,0.,1.));
#8673 = DIRECTION('',(-1.,-1.110223024625E-16,0.));
#8674 = ORIENTED_EDGE('',*,*,#8625,.F.);
#8675 = ORIENTED_EDGE('',*,*,#8676,.F.);
#8676 = EDGE_CURVE('',#8645,#8626,#8677,.T.);
#8677 = CIRCLE('',#8678,0.5);
#8678 = AXIS2_PLACEMENT_3D('',#8679,#8680,#8681);
#8679 = CARTESIAN_POINT('',(54.610134620269,57.40411480823,0.));
#8680 = DIRECTION('',(0.,0.,1.));
#8681 = DIRECTION('',(-1.,-1.110223024625E-16,0.));
#8682 = CYLINDRICAL_SURFACE('',#8683,0.5);
#8683 = AXIS2_PLACEMENT_3D('',#8684,#8685,#8686);
#8684 = CARTESIAN_POINT('',(54.610134620269,57.40411480823,0.));
#8685 = DIRECTION('',(-0.,-0.,-1.));
#8686 = DIRECTION('',(-1.,-1.110223024625E-16,0.));
#8687 = ADVANCED_FACE('',(#8688),#8724,.F.);
#8688 = FACE_BOUND('',#8689,.T.);
#8689 = EDGE_LOOP('',(#8690,#8700,#8709,#8717));
#8690 = ORIENTED_EDGE('',*,*,#8691,.T.);
#8691 = EDGE_CURVE('',#8692,#8694,#8696,.T.);
#8692 = VERTEX_POINT('',#8693);
#8693 = CARTESIAN_POINT('',(55.110134620269,42.164109728219,0.));
#8694 = VERTEX_POINT('',#8695);
#8695 = CARTESIAN_POINT('',(55.110134620269,42.164109728219,
    1.600050800102));
#8696 = LINE('',#8697,#8698);
#8697 = CARTESIAN_POINT('',(55.110134620269,42.164109728219,0.));
#8698 = VECTOR('',#8699,1.);
#8699 = DIRECTION('',(0.,0.,1.));
#8700 = ORIENTED_EDGE('',*,*,#8701,.T.);
#8701 = EDGE_CURVE('',#8694,#8702,#8704,.T.);
#8702 = VERTEX_POINT('',#8703);
#8703 = CARTESIAN_POINT('',(54.110134620269,42.164109728219,
    1.600050800102));
#8704 = CIRCLE('',#8705,0.5);
#8705 = AXIS2_PLACEMENT_3D('',#8706,#8707,#8708);
#8706 = CARTESIAN_POINT('',(54.610134620269,42.164109728219,
    1.600050800102));
#8707 = DIRECTION('',(0.,0.,1.));
#8708 = DIRECTION('',(1.,1.110223024625E-16,-0.));
#8709 = ORIENTED_EDGE('',*,*,#8710,.F.);
#8710 = EDGE_CURVE('',#8711,#8702,#8713,.T.);
#8711 = VERTEX_POINT('',#8712);
#8712 = CARTESIAN_POINT('',(54.110134620269,42.164109728219,0.));
#8713 = LINE('',#8714,#8715);
#8714 = CARTESIAN_POINT('',(54.110134620269,42.164109728219,0.));
#8715 = VECTOR('',#8716,1.);
#8716 = DIRECTION('',(0.,0.,1.));
#8717 = ORIENTED_EDGE('',*,*,#8718,.F.);
#8718 = EDGE_CURVE('',#8692,#8711,#8719,.T.);
#8719 = CIRCLE('',#8720,0.5);
#8720 = AXIS2_PLACEMENT_3D('',#8721,#8722,#8723);
#8721 = CARTESIAN_POINT('',(54.610134620269,42.164109728219,0.));
#8722 = DIRECTION('',(0.,0.,1.));
#8723 = DIRECTION('',(1.,1.110223024625E-16,-0.));
#8724 = CYLINDRICAL_SURFACE('',#8725,0.5);
#8725 = AXIS2_PLACEMENT_3D('',#8726,#8727,#8728);
#8726 = CARTESIAN_POINT('',(54.610134620269,42.164109728219,0.));
#8727 = DIRECTION('',(-0.,-0.,-1.));
#8728 = DIRECTION('',(1.,1.110223024625E-16,-0.));
#8729 = ADVANCED_FACE('',(#8730),#8748,.F.);
#8730 = FACE_BOUND('',#8731,.T.);
#8731 = EDGE_LOOP('',(#8732,#8733,#8740,#8741));
#8732 = ORIENTED_EDGE('',*,*,#8710,.T.);
#8733 = ORIENTED_EDGE('',*,*,#8734,.T.);
#8734 = EDGE_CURVE('',#8702,#8694,#8735,.T.);
#8735 = CIRCLE('',#8736,0.5);
#8736 = AXIS2_PLACEMENT_3D('',#8737,#8738,#8739);
#8737 = CARTESIAN_POINT('',(54.610134620269,42.164109728219,
    1.600050800102));
#8738 = DIRECTION('',(0.,0.,1.));
#8739 = DIRECTION('',(-1.,-1.110223024625E-16,0.));
#8740 = ORIENTED_EDGE('',*,*,#8691,.F.);
#8741 = ORIENTED_EDGE('',*,*,#8742,.F.);
#8742 = EDGE_CURVE('',#8711,#8692,#8743,.T.);
#8743 = CIRCLE('',#8744,0.5);
#8744 = AXIS2_PLACEMENT_3D('',#8745,#8746,#8747);
#8745 = CARTESIAN_POINT('',(54.610134620269,42.164109728219,0.));
#8746 = DIRECTION('',(0.,0.,1.));
#8747 = DIRECTION('',(-1.,-1.110223024625E-16,0.));
#8748 = CYLINDRICAL_SURFACE('',#8749,0.5);
#8749 = AXIS2_PLACEMENT_3D('',#8750,#8751,#8752);
#8750 = CARTESIAN_POINT('',(54.610134620269,42.164109728219,0.));
#8751 = DIRECTION('',(-0.,-0.,-1.));
#8752 = DIRECTION('',(-1.,-1.110223024625E-16,0.));
#8753 = ADVANCED_FACE('',(#8754),#8790,.F.);
#8754 = FACE_BOUND('',#8755,.T.);
#8755 = EDGE_LOOP('',(#8756,#8766,#8775,#8783));
#8756 = ORIENTED_EDGE('',*,*,#8757,.T.);
#8757 = EDGE_CURVE('',#8758,#8760,#8762,.T.);
#8758 = VERTEX_POINT('',#8759);
#8759 = CARTESIAN_POINT('',(55.389103378207,31.242062484125,0.));
#8760 = VERTEX_POINT('',#8761);
#8761 = CARTESIAN_POINT('',(55.389103378207,31.242062484125,
    1.600050800102));
#8762 = LINE('',#8763,#8764);
#8763 = CARTESIAN_POINT('',(55.389103378207,31.242062484125,0.));
#8764 = VECTOR('',#8765,1.);
#8765 = DIRECTION('',(0.,0.,1.));
#8766 = ORIENTED_EDGE('',*,*,#8767,.T.);
#8767 = EDGE_CURVE('',#8760,#8768,#8770,.T.);
#8768 = VERTEX_POINT('',#8769);
#8769 = CARTESIAN_POINT('',(54.339116078232,31.242062484125,
    1.600050800102));
#8770 = CIRCLE('',#8771,0.524993649987);
#8771 = AXIS2_PLACEMENT_3D('',#8772,#8773,#8774);
#8772 = CARTESIAN_POINT('',(54.864109728219,31.242062484125,
    1.600050800102));
#8773 = DIRECTION('',(0.,0.,1.));
#8774 = DIRECTION('',(1.,1.110223024625E-16,-0.));
#8775 = ORIENTED_EDGE('',*,*,#8776,.F.);
#8776 = EDGE_CURVE('',#8777,#8768,#8779,.T.);
#8777 = VERTEX_POINT('',#8778);
#8778 = CARTESIAN_POINT('',(54.339116078232,31.242062484125,0.));
#8779 = LINE('',#8780,#8781);
#8780 = CARTESIAN_POINT('',(54.339116078232,31.242062484125,0.));
#8781 = VECTOR('',#8782,1.);
#8782 = DIRECTION('',(0.,0.,1.));
#8783 = ORIENTED_EDGE('',*,*,#8784,.F.);
#8784 = EDGE_CURVE('',#8758,#8777,#8785,.T.);
#8785 = CIRCLE('',#8786,0.524993649987);
#8786 = AXIS2_PLACEMENT_3D('',#8787,#8788,#8789);
#8787 = CARTESIAN_POINT('',(54.864109728219,31.242062484125,0.));
#8788 = DIRECTION('',(0.,0.,1.));
#8789 = DIRECTION('',(1.,1.110223024625E-16,-0.));
#8790 = CYLINDRICAL_SURFACE('',#8791,0.524993649987);
#8791 = AXIS2_PLACEMENT_3D('',#8792,#8793,#8794);
#8792 = CARTESIAN_POINT('',(54.864109728219,31.242062484125,0.));
#8793 = DIRECTION('',(-0.,-0.,-1.));
#8794 = DIRECTION('',(1.,1.110223024625E-16,-0.));
#8795 = ADVANCED_FACE('',(#8796),#8814,.F.);
#8796 = FACE_BOUND('',#8797,.T.);
#8797 = EDGE_LOOP('',(#8798,#8799,#8806,#8807));
#8798 = ORIENTED_EDGE('',*,*,#8776,.T.);
#8799 = ORIENTED_EDGE('',*,*,#8800,.T.);
#8800 = EDGE_CURVE('',#8768,#8760,#8801,.T.);
#8801 = CIRCLE('',#8802,0.524993649987);
#8802 = AXIS2_PLACEMENT_3D('',#8803,#8804,#8805);
#8803 = CARTESIAN_POINT('',(54.864109728219,31.242062484125,
    1.600050800102));
#8804 = DIRECTION('',(0.,0.,1.));
#8805 = DIRECTION('',(-1.,-1.110223024625E-16,0.));
#8806 = ORIENTED_EDGE('',*,*,#8757,.F.);
#8807 = ORIENTED_EDGE('',*,*,#8808,.F.);
#8808 = EDGE_CURVE('',#8777,#8758,#8809,.T.);
#8809 = CIRCLE('',#8810,0.524993649987);
#8810 = AXIS2_PLACEMENT_3D('',#8811,#8812,#8813);
#8811 = CARTESIAN_POINT('',(54.864109728219,31.242062484125,0.));
#8812 = DIRECTION('',(0.,0.,1.));
#8813 = DIRECTION('',(-1.,-1.110223024625E-16,0.));
#8814 = CYLINDRICAL_SURFACE('',#8815,0.524993649987);
#8815 = AXIS2_PLACEMENT_3D('',#8816,#8817,#8818);
#8816 = CARTESIAN_POINT('',(54.864109728219,31.242062484125,0.));
#8817 = DIRECTION('',(-0.,-0.,-1.));
#8818 = DIRECTION('',(-1.,-1.110223024625E-16,0.));
#8819 = ADVANCED_FACE('',(#8820),#8856,.F.);
#8820 = FACE_BOUND('',#8821,.T.);
#8821 = EDGE_LOOP('',(#8822,#8832,#8841,#8849));
#8822 = ORIENTED_EDGE('',*,*,#8823,.T.);
#8823 = EDGE_CURVE('',#8824,#8826,#8828,.T.);
#8824 = VERTEX_POINT('',#8825);
#8825 = CARTESIAN_POINT('',(57.750114300229,63.246126492253,0.));
#8826 = VERTEX_POINT('',#8827);
#8827 = CARTESIAN_POINT('',(57.750114300229,63.246126492253,
    1.600050800102));
#8828 = LINE('',#8829,#8830);
#8829 = CARTESIAN_POINT('',(57.750114300229,63.246126492253,0.));
#8830 = VECTOR('',#8831,1.);
#8831 = DIRECTION('',(0.,0.,1.));
#8832 = ORIENTED_EDGE('',*,*,#8833,.T.);
#8833 = EDGE_CURVE('',#8826,#8834,#8836,.T.);
#8834 = VERTEX_POINT('',#8835);
#8835 = CARTESIAN_POINT('',(56.550114300229,63.246126492253,
    1.600050800102));
#8836 = CIRCLE('',#8837,0.6);
#8837 = AXIS2_PLACEMENT_3D('',#8838,#8839,#8840);
#8838 = CARTESIAN_POINT('',(57.150114300229,63.246126492253,
    1.600050800102));
#8839 = DIRECTION('',(0.,0.,1.));
#8840 = DIRECTION('',(1.,1.110223024625E-16,-0.));
#8841 = ORIENTED_EDGE('',*,*,#8842,.F.);
#8842 = EDGE_CURVE('',#8843,#8834,#8845,.T.);
#8843 = VERTEX_POINT('',#8844);
#8844 = CARTESIAN_POINT('',(56.550114300229,63.246126492253,0.));
#8845 = LINE('',#8846,#8847);
#8846 = CARTESIAN_POINT('',(56.550114300229,63.246126492253,0.));
#8847 = VECTOR('',#8848,1.);
#8848 = DIRECTION('',(0.,0.,1.));
#8849 = ORIENTED_EDGE('',*,*,#8850,.F.);
#8850 = EDGE_CURVE('',#8824,#8843,#8851,.T.);
#8851 = CIRCLE('',#8852,0.6);
#8852 = AXIS2_PLACEMENT_3D('',#8853,#8854,#8855);
#8853 = CARTESIAN_POINT('',(57.150114300229,63.246126492253,0.));
#8854 = DIRECTION('',(0.,0.,1.));
#8855 = DIRECTION('',(1.,1.110223024625E-16,-0.));
#8856 = CYLINDRICAL_SURFACE('',#8857,0.6);
#8857 = AXIS2_PLACEMENT_3D('',#8858,#8859,#8860);
#8858 = CARTESIAN_POINT('',(57.150114300229,63.246126492253,0.));
#8859 = DIRECTION('',(-0.,-0.,-1.));
#8860 = DIRECTION('',(1.,1.110223024625E-16,-0.));
#8861 = ADVANCED_FACE('',(#8862),#8880,.F.);
#8862 = FACE_BOUND('',#8863,.T.);
#8863 = EDGE_LOOP('',(#8864,#8865,#8872,#8873));
#8864 = ORIENTED_EDGE('',*,*,#8842,.T.);
#8865 = ORIENTED_EDGE('',*,*,#8866,.T.);
#8866 = EDGE_CURVE('',#8834,#8826,#8867,.T.);
#8867 = CIRCLE('',#8868,0.6);
#8868 = AXIS2_PLACEMENT_3D('',#8869,#8870,#8871);
#8869 = CARTESIAN_POINT('',(57.150114300229,63.246126492253,
    1.600050800102));
#8870 = DIRECTION('',(0.,0.,1.));
#8871 = DIRECTION('',(-1.,-1.110223024625E-16,0.));
#8872 = ORIENTED_EDGE('',*,*,#8823,.F.);
#8873 = ORIENTED_EDGE('',*,*,#8874,.F.);
#8874 = EDGE_CURVE('',#8843,#8824,#8875,.T.);
#8875 = CIRCLE('',#8876,0.6);
#8876 = AXIS2_PLACEMENT_3D('',#8877,#8878,#8879);
#8877 = CARTESIAN_POINT('',(57.150114300229,63.246126492253,0.));
#8878 = DIRECTION('',(0.,0.,1.));
#8879 = DIRECTION('',(-1.,-1.110223024625E-16,0.));
#8880 = CYLINDRICAL_SURFACE('',#8881,0.6);
#8881 = AXIS2_PLACEMENT_3D('',#8882,#8883,#8884);
#8882 = CARTESIAN_POINT('',(57.150114300229,63.246126492253,0.));
#8883 = DIRECTION('',(-0.,-0.,-1.));
#8884 = DIRECTION('',(-1.,-1.110223024625E-16,0.));
#8885 = ADVANCED_FACE('',(#8886),#8922,.F.);
#8886 = FACE_BOUND('',#8887,.T.);
#8887 = EDGE_LOOP('',(#8888,#8898,#8907,#8915));
#8888 = ORIENTED_EDGE('',*,*,#8889,.T.);
#8889 = EDGE_CURVE('',#8890,#8892,#8894,.T.);
#8890 = VERTEX_POINT('',#8891);
#8891 = CARTESIAN_POINT('',(57.750114300229,36.195072390145,0.));
#8892 = VERTEX_POINT('',#8893);
#8893 = CARTESIAN_POINT('',(57.750114300229,36.195072390145,
    1.600050800102));
#8894 = LINE('',#8895,#8896);
#8895 = CARTESIAN_POINT('',(57.750114300229,36.195072390145,0.));
#8896 = VECTOR('',#8897,1.);
#8897 = DIRECTION('',(0.,0.,1.));
#8898 = ORIENTED_EDGE('',*,*,#8899,.T.);
#8899 = EDGE_CURVE('',#8892,#8900,#8902,.T.);
#8900 = VERTEX_POINT('',#8901);
#8901 = CARTESIAN_POINT('',(56.550114300229,36.195072390145,
    1.600050800102));
#8902 = CIRCLE('',#8903,0.6);
#8903 = AXIS2_PLACEMENT_3D('',#8904,#8905,#8906);
#8904 = CARTESIAN_POINT('',(57.150114300229,36.195072390145,
    1.600050800102));
#8905 = DIRECTION('',(0.,0.,1.));
#8906 = DIRECTION('',(1.,1.110223024625E-16,-0.));
#8907 = ORIENTED_EDGE('',*,*,#8908,.F.);
#8908 = EDGE_CURVE('',#8909,#8900,#8911,.T.);
#8909 = VERTEX_POINT('',#8910);
#8910 = CARTESIAN_POINT('',(56.550114300229,36.195072390145,0.));
#8911 = LINE('',#8912,#8913);
#8912 = CARTESIAN_POINT('',(56.550114300229,36.195072390145,0.));
#8913 = VECTOR('',#8914,1.);
#8914 = DIRECTION('',(0.,0.,1.));
#8915 = ORIENTED_EDGE('',*,*,#8916,.F.);
#8916 = EDGE_CURVE('',#8890,#8909,#8917,.T.);
#8917 = CIRCLE('',#8918,0.6);
#8918 = AXIS2_PLACEMENT_3D('',#8919,#8920,#8921);
#8919 = CARTESIAN_POINT('',(57.150114300229,36.195072390145,0.));
#8920 = DIRECTION('',(0.,0.,1.));
#8921 = DIRECTION('',(1.,1.110223024625E-16,-0.));
#8922 = CYLINDRICAL_SURFACE('',#8923,0.6);
#8923 = AXIS2_PLACEMENT_3D('',#8924,#8925,#8926);
#8924 = CARTESIAN_POINT('',(57.150114300229,36.195072390145,0.));
#8925 = DIRECTION('',(-0.,-0.,-1.));
#8926 = DIRECTION('',(1.,1.110223024625E-16,-0.));
#8927 = ADVANCED_FACE('',(#8928),#8946,.F.);
#8928 = FACE_BOUND('',#8929,.T.);
#8929 = EDGE_LOOP('',(#8930,#8931,#8938,#8939));
#8930 = ORIENTED_EDGE('',*,*,#8908,.T.);
#8931 = ORIENTED_EDGE('',*,*,#8932,.T.);
#8932 = EDGE_CURVE('',#8900,#8892,#8933,.T.);
#8933 = CIRCLE('',#8934,0.6);
#8934 = AXIS2_PLACEMENT_3D('',#8935,#8936,#8937);
#8935 = CARTESIAN_POINT('',(57.150114300229,36.195072390145,
    1.600050800102));
#8936 = DIRECTION('',(0.,0.,1.));
#8937 = DIRECTION('',(-1.,-1.110223024625E-16,0.));
#8938 = ORIENTED_EDGE('',*,*,#8889,.F.);
#8939 = ORIENTED_EDGE('',*,*,#8940,.F.);
#8940 = EDGE_CURVE('',#8909,#8890,#8941,.T.);
#8941 = CIRCLE('',#8942,0.6);
#8942 = AXIS2_PLACEMENT_3D('',#8943,#8944,#8945);
#8943 = CARTESIAN_POINT('',(57.150114300229,36.195072390145,0.));
#8944 = DIRECTION('',(0.,0.,1.));
#8945 = DIRECTION('',(-1.,-1.110223024625E-16,0.));
#8946 = CYLINDRICAL_SURFACE('',#8947,0.6);
#8947 = AXIS2_PLACEMENT_3D('',#8948,#8949,#8950);
#8948 = CARTESIAN_POINT('',(57.150114300229,36.195072390145,0.));
#8949 = DIRECTION('',(-0.,-0.,-1.));
#8950 = DIRECTION('',(-1.,-1.110223024625E-16,0.));
#8951 = ADVANCED_FACE('',(#8952),#8988,.F.);
#8952 = FACE_BOUND('',#8953,.T.);
#8953 = EDGE_LOOP('',(#8954,#8964,#8973,#8981));
#8954 = ORIENTED_EDGE('',*,*,#8955,.T.);
#8955 = EDGE_CURVE('',#8956,#8958,#8960,.T.);
#8956 = VERTEX_POINT('',#8957);
#8957 = CARTESIAN_POINT('',(57.650139700279,57.40411480823,0.));
#8958 = VERTEX_POINT('',#8959);
#8959 = CARTESIAN_POINT('',(57.650139700279,57.40411480823,
    1.600050800102));
#8960 = LINE('',#8961,#8962);
#8961 = CARTESIAN_POINT('',(57.650139700279,57.40411480823,0.));
#8962 = VECTOR('',#8963,1.);
#8963 = DIRECTION('',(0.,0.,1.));
#8964 = ORIENTED_EDGE('',*,*,#8965,.T.);
#8965 = EDGE_CURVE('',#8958,#8966,#8968,.T.);
#8966 = VERTEX_POINT('',#8967);
#8967 = CARTESIAN_POINT('',(56.650139700279,57.40411480823,
    1.600050800102));
#8968 = CIRCLE('',#8969,0.5);
#8969 = AXIS2_PLACEMENT_3D('',#8970,#8971,#8972);
#8970 = CARTESIAN_POINT('',(57.150139700279,57.40411480823,
    1.600050800102));
#8971 = DIRECTION('',(0.,0.,1.));
#8972 = DIRECTION('',(1.,1.110223024625E-16,-0.));
#8973 = ORIENTED_EDGE('',*,*,#8974,.F.);
#8974 = EDGE_CURVE('',#8975,#8966,#8977,.T.);
#8975 = VERTEX_POINT('',#8976);
#8976 = CARTESIAN_POINT('',(56.650139700279,57.40411480823,0.));
#8977 = LINE('',#8978,#8979);
#8978 = CARTESIAN_POINT('',(56.650139700279,57.40411480823,0.));
#8979 = VECTOR('',#8980,1.);
#8980 = DIRECTION('',(0.,0.,1.));
#8981 = ORIENTED_EDGE('',*,*,#8982,.F.);
#8982 = EDGE_CURVE('',#8956,#8975,#8983,.T.);
#8983 = CIRCLE('',#8984,0.5);
#8984 = AXIS2_PLACEMENT_3D('',#8985,#8986,#8987);
#8985 = CARTESIAN_POINT('',(57.150139700279,57.40411480823,0.));
#8986 = DIRECTION('',(0.,0.,1.));
#8987 = DIRECTION('',(1.,1.110223024625E-16,-0.));
#8988 = CYLINDRICAL_SURFACE('',#8989,0.5);
#8989 = AXIS2_PLACEMENT_3D('',#8990,#8991,#8992);
#8990 = CARTESIAN_POINT('',(57.150139700279,57.40411480823,0.));
#8991 = DIRECTION('',(-0.,-0.,-1.));
#8992 = DIRECTION('',(1.,1.110223024625E-16,-0.));
#8993 = ADVANCED_FACE('',(#8994),#9012,.F.);
#8994 = FACE_BOUND('',#8995,.T.);
#8995 = EDGE_LOOP('',(#8996,#8997,#9004,#9005));
#8996 = ORIENTED_EDGE('',*,*,#8974,.T.);
#8997 = ORIENTED_EDGE('',*,*,#8998,.T.);
#8998 = EDGE_CURVE('',#8966,#8958,#8999,.T.);
#8999 = CIRCLE('',#9000,0.5);
#9000 = AXIS2_PLACEMENT_3D('',#9001,#9002,#9003);
#9001 = CARTESIAN_POINT('',(57.150139700279,57.40411480823,
    1.600050800102));
#9002 = DIRECTION('',(0.,0.,1.));
#9003 = DIRECTION('',(-1.,-1.110223024625E-16,0.));
#9004 = ORIENTED_EDGE('',*,*,#8955,.F.);
#9005 = ORIENTED_EDGE('',*,*,#9006,.F.);
#9006 = EDGE_CURVE('',#8975,#8956,#9007,.T.);
#9007 = CIRCLE('',#9008,0.5);
#9008 = AXIS2_PLACEMENT_3D('',#9009,#9010,#9011);
#9009 = CARTESIAN_POINT('',(57.150139700279,57.40411480823,0.));
#9010 = DIRECTION('',(0.,0.,1.));
#9011 = DIRECTION('',(-1.,-1.110223024625E-16,0.));
#9012 = CYLINDRICAL_SURFACE('',#9013,0.5);
#9013 = AXIS2_PLACEMENT_3D('',#9014,#9015,#9016);
#9014 = CARTESIAN_POINT('',(57.150139700279,57.40411480823,0.));
#9015 = DIRECTION('',(-0.,-0.,-1.));
#9016 = DIRECTION('',(-1.,-1.110223024625E-16,0.));
#9017 = ADVANCED_FACE('',(#9018),#9054,.F.);
#9018 = FACE_BOUND('',#9019,.T.);
#9019 = EDGE_LOOP('',(#9020,#9030,#9039,#9047));
#9020 = ORIENTED_EDGE('',*,*,#9021,.T.);
#9021 = EDGE_CURVE('',#9022,#9024,#9026,.T.);
#9022 = VERTEX_POINT('',#9023);
#9023 = CARTESIAN_POINT('',(57.650139700279,42.164109728219,0.));
#9024 = VERTEX_POINT('',#9025);
#9025 = CARTESIAN_POINT('',(57.650139700279,42.164109728219,
    1.600050800102));
#9026 = LINE('',#9027,#9028);
#9027 = CARTESIAN_POINT('',(57.650139700279,42.164109728219,0.));
#9028 = VECTOR('',#9029,1.);
#9029 = DIRECTION('',(0.,0.,1.));
#9030 = ORIENTED_EDGE('',*,*,#9031,.T.);
#9031 = EDGE_CURVE('',#9024,#9032,#9034,.T.);
#9032 = VERTEX_POINT('',#9033);
#9033 = CARTESIAN_POINT('',(56.650139700279,42.164109728219,
    1.600050800102));
#9034 = CIRCLE('',#9035,0.5);
#9035 = AXIS2_PLACEMENT_3D('',#9036,#9037,#9038);
#9036 = CARTESIAN_POINT('',(57.150139700279,42.164109728219,
    1.600050800102));
#9037 = DIRECTION('',(0.,0.,1.));
#9038 = DIRECTION('',(1.,1.110223024625E-16,-0.));
#9039 = ORIENTED_EDGE('',*,*,#9040,.F.);
#9040 = EDGE_CURVE('',#9041,#9032,#9043,.T.);
#9041 = VERTEX_POINT('',#9042);
#9042 = CARTESIAN_POINT('',(56.650139700279,42.164109728219,0.));
#9043 = LINE('',#9044,#9045);
#9044 = CARTESIAN_POINT('',(56.650139700279,42.164109728219,0.));
#9045 = VECTOR('',#9046,1.);
#9046 = DIRECTION('',(0.,0.,1.));
#9047 = ORIENTED_EDGE('',*,*,#9048,.F.);
#9048 = EDGE_CURVE('',#9022,#9041,#9049,.T.);
#9049 = CIRCLE('',#9050,0.5);
#9050 = AXIS2_PLACEMENT_3D('',#9051,#9052,#9053);
#9051 = CARTESIAN_POINT('',(57.150139700279,42.164109728219,0.));
#9052 = DIRECTION('',(0.,0.,1.));
#9053 = DIRECTION('',(1.,1.110223024625E-16,-0.));
#9054 = CYLINDRICAL_SURFACE('',#9055,0.5);
#9055 = AXIS2_PLACEMENT_3D('',#9056,#9057,#9058);
#9056 = CARTESIAN_POINT('',(57.150139700279,42.164109728219,0.));
#9057 = DIRECTION('',(-0.,-0.,-1.));
#9058 = DIRECTION('',(1.,1.110223024625E-16,-0.));
#9059 = ADVANCED_FACE('',(#9060),#9078,.F.);
#9060 = FACE_BOUND('',#9061,.T.);
#9061 = EDGE_LOOP('',(#9062,#9063,#9070,#9071));
#9062 = ORIENTED_EDGE('',*,*,#9040,.T.);
#9063 = ORIENTED_EDGE('',*,*,#9064,.T.);
#9064 = EDGE_CURVE('',#9032,#9024,#9065,.T.);
#9065 = CIRCLE('',#9066,0.5);
#9066 = AXIS2_PLACEMENT_3D('',#9067,#9068,#9069);
#9067 = CARTESIAN_POINT('',(57.150139700279,42.164109728219,
    1.600050800102));
#9068 = DIRECTION('',(0.,0.,1.));
#9069 = DIRECTION('',(-1.,-1.110223024625E-16,0.));
#9070 = ORIENTED_EDGE('',*,*,#9021,.F.);
#9071 = ORIENTED_EDGE('',*,*,#9072,.F.);
#9072 = EDGE_CURVE('',#9041,#9022,#9073,.T.);
#9073 = CIRCLE('',#9074,0.5);
#9074 = AXIS2_PLACEMENT_3D('',#9075,#9076,#9077);
#9075 = CARTESIAN_POINT('',(57.150139700279,42.164109728219,0.));
#9076 = DIRECTION('',(0.,0.,1.));
#9077 = DIRECTION('',(-1.,-1.110223024625E-16,0.));
#9078 = CYLINDRICAL_SURFACE('',#9079,0.5);
#9079 = AXIS2_PLACEMENT_3D('',#9080,#9081,#9082);
#9080 = CARTESIAN_POINT('',(57.150139700279,42.164109728219,0.));
#9081 = DIRECTION('',(-0.,-0.,-1.));
#9082 = DIRECTION('',(-1.,-1.110223024625E-16,0.));
#9083 = ADVANCED_FACE('',(#9084),#9120,.F.);
#9084 = FACE_BOUND('',#9085,.T.);
#9085 = EDGE_LOOP('',(#9086,#9096,#9105,#9113));
#9086 = ORIENTED_EDGE('',*,*,#9087,.T.);
#9087 = EDGE_CURVE('',#9088,#9090,#9092,.T.);
#9088 = VERTEX_POINT('',#9089);
#9089 = CARTESIAN_POINT('',(57.929108458217,31.242062484125,0.));
#9090 = VERTEX_POINT('',#9091);
#9091 = CARTESIAN_POINT('',(57.929108458217,31.242062484125,
    1.600050800102));
#9092 = LINE('',#9093,#9094);
#9093 = CARTESIAN_POINT('',(57.929108458217,31.242062484125,0.));
#9094 = VECTOR('',#9095,1.);
#9095 = DIRECTION('',(0.,0.,1.));
#9096 = ORIENTED_EDGE('',*,*,#9097,.T.);
#9097 = EDGE_CURVE('',#9090,#9098,#9100,.T.);
#9098 = VERTEX_POINT('',#9099);
#9099 = CARTESIAN_POINT('',(56.879121158242,31.242062484125,
    1.600050800102));
#9100 = CIRCLE('',#9101,0.524993649987);
#9101 = AXIS2_PLACEMENT_3D('',#9102,#9103,#9104);
#9102 = CARTESIAN_POINT('',(57.40411480823,31.242062484125,
    1.600050800102));
#9103 = DIRECTION('',(0.,0.,1.));
#9104 = DIRECTION('',(1.,1.110223024625E-16,-0.));
#9105 = ORIENTED_EDGE('',*,*,#9106,.F.);
#9106 = EDGE_CURVE('',#9107,#9098,#9109,.T.);
#9107 = VERTEX_POINT('',#9108);
#9108 = CARTESIAN_POINT('',(56.879121158242,31.242062484125,0.));
#9109 = LINE('',#9110,#9111);
#9110 = CARTESIAN_POINT('',(56.879121158242,31.242062484125,0.));
#9111 = VECTOR('',#9112,1.);
#9112 = DIRECTION('',(0.,0.,1.));
#9113 = ORIENTED_EDGE('',*,*,#9114,.F.);
#9114 = EDGE_CURVE('',#9088,#9107,#9115,.T.);
#9115 = CIRCLE('',#9116,0.524993649987);
#9116 = AXIS2_PLACEMENT_3D('',#9117,#9118,#9119);
#9117 = CARTESIAN_POINT('',(57.40411480823,31.242062484125,0.));
#9118 = DIRECTION('',(0.,0.,1.));
#9119 = DIRECTION('',(1.,1.110223024625E-16,-0.));
#9120 = CYLINDRICAL_SURFACE('',#9121,0.524993649987);
#9121 = AXIS2_PLACEMENT_3D('',#9122,#9123,#9124);
#9122 = CARTESIAN_POINT('',(57.40411480823,31.242062484125,0.));
#9123 = DIRECTION('',(-0.,-0.,-1.));
#9124 = DIRECTION('',(1.,1.110223024625E-16,-0.));
#9125 = ADVANCED_FACE('',(#9126),#9144,.F.);
#9126 = FACE_BOUND('',#9127,.T.);
#9127 = EDGE_LOOP('',(#9128,#9129,#9136,#9137));
#9128 = ORIENTED_EDGE('',*,*,#9106,.T.);
#9129 = ORIENTED_EDGE('',*,*,#9130,.T.);
#9130 = EDGE_CURVE('',#9098,#9090,#9131,.T.);
#9131 = CIRCLE('',#9132,0.524993649987);
#9132 = AXIS2_PLACEMENT_3D('',#9133,#9134,#9135);
#9133 = CARTESIAN_POINT('',(57.40411480823,31.242062484125,
    1.600050800102));
#9134 = DIRECTION('',(0.,0.,1.));
#9135 = DIRECTION('',(-1.,-1.110223024625E-16,0.));
#9136 = ORIENTED_EDGE('',*,*,#9087,.F.);
#9137 = ORIENTED_EDGE('',*,*,#9138,.F.);
#9138 = EDGE_CURVE('',#9107,#9088,#9139,.T.);
#9139 = CIRCLE('',#9140,0.524993649987);
#9140 = AXIS2_PLACEMENT_3D('',#9141,#9142,#9143);
#9141 = CARTESIAN_POINT('',(57.40411480823,31.242062484125,0.));
#9142 = DIRECTION('',(0.,0.,1.));
#9143 = DIRECTION('',(-1.,-1.110223024625E-16,0.));
#9144 = CYLINDRICAL_SURFACE('',#9145,0.524993649987);
#9145 = AXIS2_PLACEMENT_3D('',#9146,#9147,#9148);
#9146 = CARTESIAN_POINT('',(57.40411480823,31.242062484125,0.));
#9147 = DIRECTION('',(-0.,-0.,-1.));
#9148 = DIRECTION('',(-1.,-1.110223024625E-16,0.));
#9149 = ADVANCED_FACE('',(#9150),#9186,.F.);
#9150 = FACE_BOUND('',#9151,.T.);
#9151 = EDGE_LOOP('',(#9152,#9162,#9171,#9179));
#9152 = ORIENTED_EDGE('',*,*,#9153,.T.);
#9153 = EDGE_CURVE('',#9154,#9156,#9158,.T.);
#9154 = VERTEX_POINT('',#9155);
#9155 = CARTESIAN_POINT('',(60.290119380239,63.246126492253,0.));
#9156 = VERTEX_POINT('',#9157);
#9157 = CARTESIAN_POINT('',(60.290119380239,63.246126492253,
    1.600050800102));
#9158 = LINE('',#9159,#9160);
#9159 = CARTESIAN_POINT('',(60.290119380239,63.246126492253,0.));
#9160 = VECTOR('',#9161,1.);
#9161 = DIRECTION('',(0.,0.,1.));
#9162 = ORIENTED_EDGE('',*,*,#9163,.T.);
#9163 = EDGE_CURVE('',#9156,#9164,#9166,.T.);
#9164 = VERTEX_POINT('',#9165);
#9165 = CARTESIAN_POINT('',(59.090119380239,63.246126492253,
    1.600050800102));
#9166 = CIRCLE('',#9167,0.6);
#9167 = AXIS2_PLACEMENT_3D('',#9168,#9169,#9170);
#9168 = CARTESIAN_POINT('',(59.690119380239,63.246126492253,
    1.600050800102));
#9169 = DIRECTION('',(0.,0.,1.));
#9170 = DIRECTION('',(1.,1.110223024625E-16,-0.));
#9171 = ORIENTED_EDGE('',*,*,#9172,.F.);
#9172 = EDGE_CURVE('',#9173,#9164,#9175,.T.);
#9173 = VERTEX_POINT('',#9174);
#9174 = CARTESIAN_POINT('',(59.090119380239,63.246126492253,0.));
#9175 = LINE('',#9176,#9177);
#9176 = CARTESIAN_POINT('',(59.090119380239,63.246126492253,0.));
#9177 = VECTOR('',#9178,1.);
#9178 = DIRECTION('',(0.,0.,1.));
#9179 = ORIENTED_EDGE('',*,*,#9180,.F.);
#9180 = EDGE_CURVE('',#9154,#9173,#9181,.T.);
#9181 = CIRCLE('',#9182,0.6);
#9182 = AXIS2_PLACEMENT_3D('',#9183,#9184,#9185);
#9183 = CARTESIAN_POINT('',(59.690119380239,63.246126492253,0.));
#9184 = DIRECTION('',(0.,0.,1.));
#9185 = DIRECTION('',(1.,1.110223024625E-16,-0.));
#9186 = CYLINDRICAL_SURFACE('',#9187,0.6);
#9187 = AXIS2_PLACEMENT_3D('',#9188,#9189,#9190);
#9188 = CARTESIAN_POINT('',(59.690119380239,63.246126492253,0.));
#9189 = DIRECTION('',(-0.,-0.,-1.));
#9190 = DIRECTION('',(1.,1.110223024625E-16,-0.));
#9191 = ADVANCED_FACE('',(#9192),#9210,.F.);
#9192 = FACE_BOUND('',#9193,.T.);
#9193 = EDGE_LOOP('',(#9194,#9195,#9202,#9203));
#9194 = ORIENTED_EDGE('',*,*,#9172,.T.);
#9195 = ORIENTED_EDGE('',*,*,#9196,.T.);
#9196 = EDGE_CURVE('',#9164,#9156,#9197,.T.);
#9197 = CIRCLE('',#9198,0.6);
#9198 = AXIS2_PLACEMENT_3D('',#9199,#9200,#9201);
#9199 = CARTESIAN_POINT('',(59.690119380239,63.246126492253,
    1.600050800102));
#9200 = DIRECTION('',(0.,0.,1.));
#9201 = DIRECTION('',(-1.,-1.110223024625E-16,0.));
#9202 = ORIENTED_EDGE('',*,*,#9153,.F.);
#9203 = ORIENTED_EDGE('',*,*,#9204,.F.);
#9204 = EDGE_CURVE('',#9173,#9154,#9205,.T.);
#9205 = CIRCLE('',#9206,0.6);
#9206 = AXIS2_PLACEMENT_3D('',#9207,#9208,#9209);
#9207 = CARTESIAN_POINT('',(59.690119380239,63.246126492253,0.));
#9208 = DIRECTION('',(0.,0.,1.));
#9209 = DIRECTION('',(-1.,-1.110223024625E-16,0.));
#9210 = CYLINDRICAL_SURFACE('',#9211,0.6);
#9211 = AXIS2_PLACEMENT_3D('',#9212,#9213,#9214);
#9212 = CARTESIAN_POINT('',(59.690119380239,63.246126492253,0.));
#9213 = DIRECTION('',(-0.,-0.,-1.));
#9214 = DIRECTION('',(-1.,-1.110223024625E-16,0.));
#9215 = ADVANCED_FACE('',(#9216),#9252,.F.);
#9216 = FACE_BOUND('',#9217,.T.);
#9217 = EDGE_LOOP('',(#9218,#9228,#9237,#9245));
#9218 = ORIENTED_EDGE('',*,*,#9219,.T.);
#9219 = EDGE_CURVE('',#9220,#9222,#9224,.T.);
#9220 = VERTEX_POINT('',#9221);
#9221 = CARTESIAN_POINT('',(60.290119380239,36.195072390145,0.));
#9222 = VERTEX_POINT('',#9223);
#9223 = CARTESIAN_POINT('',(60.290119380239,36.195072390145,
    1.600050800102));
#9224 = LINE('',#9225,#9226);
#9225 = CARTESIAN_POINT('',(60.290119380239,36.195072390145,0.));
#9226 = VECTOR('',#9227,1.);
#9227 = DIRECTION('',(0.,0.,1.));
#9228 = ORIENTED_EDGE('',*,*,#9229,.T.);
#9229 = EDGE_CURVE('',#9222,#9230,#9232,.T.);
#9230 = VERTEX_POINT('',#9231);
#9231 = CARTESIAN_POINT('',(59.090119380239,36.195072390145,
    1.600050800102));
#9232 = CIRCLE('',#9233,0.6);
#9233 = AXIS2_PLACEMENT_3D('',#9234,#9235,#9236);
#9234 = CARTESIAN_POINT('',(59.690119380239,36.195072390145,
    1.600050800102));
#9235 = DIRECTION('',(0.,0.,1.));
#9236 = DIRECTION('',(1.,1.110223024625E-16,-0.));
#9237 = ORIENTED_EDGE('',*,*,#9238,.F.);
#9238 = EDGE_CURVE('',#9239,#9230,#9241,.T.);
#9239 = VERTEX_POINT('',#9240);
#9240 = CARTESIAN_POINT('',(59.090119380239,36.195072390145,0.));
#9241 = LINE('',#9242,#9243);
#9242 = CARTESIAN_POINT('',(59.090119380239,36.195072390145,0.));
#9243 = VECTOR('',#9244,1.);
#9244 = DIRECTION('',(0.,0.,1.));
#9245 = ORIENTED_EDGE('',*,*,#9246,.F.);
#9246 = EDGE_CURVE('',#9220,#9239,#9247,.T.);
#9247 = CIRCLE('',#9248,0.6);
#9248 = AXIS2_PLACEMENT_3D('',#9249,#9250,#9251);
#9249 = CARTESIAN_POINT('',(59.690119380239,36.195072390145,0.));
#9250 = DIRECTION('',(0.,0.,1.));
#9251 = DIRECTION('',(1.,1.110223024625E-16,-0.));
#9252 = CYLINDRICAL_SURFACE('',#9253,0.6);
#9253 = AXIS2_PLACEMENT_3D('',#9254,#9255,#9256);
#9254 = CARTESIAN_POINT('',(59.690119380239,36.195072390145,0.));
#9255 = DIRECTION('',(-0.,-0.,-1.));
#9256 = DIRECTION('',(1.,1.110223024625E-16,-0.));
#9257 = ADVANCED_FACE('',(#9258),#9276,.F.);
#9258 = FACE_BOUND('',#9259,.T.);
#9259 = EDGE_LOOP('',(#9260,#9261,#9268,#9269));
#9260 = ORIENTED_EDGE('',*,*,#9238,.T.);
#9261 = ORIENTED_EDGE('',*,*,#9262,.T.);
#9262 = EDGE_CURVE('',#9230,#9222,#9263,.T.);
#9263 = CIRCLE('',#9264,0.6);
#9264 = AXIS2_PLACEMENT_3D('',#9265,#9266,#9267);
#9265 = CARTESIAN_POINT('',(59.690119380239,36.195072390145,
    1.600050800102));
#9266 = DIRECTION('',(0.,0.,1.));
#9267 = DIRECTION('',(-1.,-1.110223024625E-16,0.));
#9268 = ORIENTED_EDGE('',*,*,#9219,.F.);
#9269 = ORIENTED_EDGE('',*,*,#9270,.F.);
#9270 = EDGE_CURVE('',#9239,#9220,#9271,.T.);
#9271 = CIRCLE('',#9272,0.6);
#9272 = AXIS2_PLACEMENT_3D('',#9273,#9274,#9275);
#9273 = CARTESIAN_POINT('',(59.690119380239,36.195072390145,0.));
#9274 = DIRECTION('',(0.,0.,1.));
#9275 = DIRECTION('',(-1.,-1.110223024625E-16,0.));
#9276 = CYLINDRICAL_SURFACE('',#9277,0.6);
#9277 = AXIS2_PLACEMENT_3D('',#9278,#9279,#9280);
#9278 = CARTESIAN_POINT('',(59.690119380239,36.195072390145,0.));
#9279 = DIRECTION('',(-0.,-0.,-1.));
#9280 = DIRECTION('',(-1.,-1.110223024625E-16,0.));
#9281 = ADVANCED_FACE('',(#9282),#9318,.F.);
#9282 = FACE_BOUND('',#9283,.T.);
#9283 = EDGE_LOOP('',(#9284,#9294,#9303,#9311));
#9284 = ORIENTED_EDGE('',*,*,#9285,.T.);
#9285 = EDGE_CURVE('',#9286,#9288,#9290,.T.);
#9286 = VERTEX_POINT('',#9287);
#9287 = CARTESIAN_POINT('',(60.19014478029,57.40411480823,0.));
#9288 = VERTEX_POINT('',#9289);
#9289 = CARTESIAN_POINT('',(60.19014478029,57.40411480823,1.600050800102
    ));
#9290 = LINE('',#9291,#9292);
#9291 = CARTESIAN_POINT('',(60.19014478029,57.40411480823,0.));
#9292 = VECTOR('',#9293,1.);
#9293 = DIRECTION('',(0.,0.,1.));
#9294 = ORIENTED_EDGE('',*,*,#9295,.T.);
#9295 = EDGE_CURVE('',#9288,#9296,#9298,.T.);
#9296 = VERTEX_POINT('',#9297);
#9297 = CARTESIAN_POINT('',(59.19014478029,57.40411480823,1.600050800102
    ));
#9298 = CIRCLE('',#9299,0.5);
#9299 = AXIS2_PLACEMENT_3D('',#9300,#9301,#9302);
#9300 = CARTESIAN_POINT('',(59.69014478029,57.40411480823,1.600050800102
    ));
#9301 = DIRECTION('',(0.,0.,1.));
#9302 = DIRECTION('',(1.,1.110223024625E-16,-0.));
#9303 = ORIENTED_EDGE('',*,*,#9304,.F.);
#9304 = EDGE_CURVE('',#9305,#9296,#9307,.T.);
#9305 = VERTEX_POINT('',#9306);
#9306 = CARTESIAN_POINT('',(59.19014478029,57.40411480823,0.));
#9307 = LINE('',#9308,#9309);
#9308 = CARTESIAN_POINT('',(59.19014478029,57.40411480823,0.));
#9309 = VECTOR('',#9310,1.);
#9310 = DIRECTION('',(0.,0.,1.));
#9311 = ORIENTED_EDGE('',*,*,#9312,.F.);
#9312 = EDGE_CURVE('',#9286,#9305,#9313,.T.);
#9313 = CIRCLE('',#9314,0.5);
#9314 = AXIS2_PLACEMENT_3D('',#9315,#9316,#9317);
#9315 = CARTESIAN_POINT('',(59.69014478029,57.40411480823,0.));
#9316 = DIRECTION('',(0.,0.,1.));
#9317 = DIRECTION('',(1.,1.110223024625E-16,-0.));
#9318 = CYLINDRICAL_SURFACE('',#9319,0.5);
#9319 = AXIS2_PLACEMENT_3D('',#9320,#9321,#9322);
#9320 = CARTESIAN_POINT('',(59.69014478029,57.40411480823,0.));
#9321 = DIRECTION('',(-0.,-0.,-1.));
#9322 = DIRECTION('',(1.,1.110223024625E-16,-0.));
#9323 = ADVANCED_FACE('',(#9324),#9342,.F.);
#9324 = FACE_BOUND('',#9325,.T.);
#9325 = EDGE_LOOP('',(#9326,#9327,#9334,#9335));
#9326 = ORIENTED_EDGE('',*,*,#9304,.T.);
#9327 = ORIENTED_EDGE('',*,*,#9328,.T.);
#9328 = EDGE_CURVE('',#9296,#9288,#9329,.T.);
#9329 = CIRCLE('',#9330,0.5);
#9330 = AXIS2_PLACEMENT_3D('',#9331,#9332,#9333);
#9331 = CARTESIAN_POINT('',(59.69014478029,57.40411480823,1.600050800102
    ));
#9332 = DIRECTION('',(0.,0.,1.));
#9333 = DIRECTION('',(-1.,-1.110223024625E-16,0.));
#9334 = ORIENTED_EDGE('',*,*,#9285,.F.);
#9335 = ORIENTED_EDGE('',*,*,#9336,.F.);
#9336 = EDGE_CURVE('',#9305,#9286,#9337,.T.);
#9337 = CIRCLE('',#9338,0.5);
#9338 = AXIS2_PLACEMENT_3D('',#9339,#9340,#9341);
#9339 = CARTESIAN_POINT('',(59.69014478029,57.40411480823,0.));
#9340 = DIRECTION('',(0.,0.,1.));
#9341 = DIRECTION('',(-1.,-1.110223024625E-16,0.));
#9342 = CYLINDRICAL_SURFACE('',#9343,0.5);
#9343 = AXIS2_PLACEMENT_3D('',#9344,#9345,#9346);
#9344 = CARTESIAN_POINT('',(59.69014478029,57.40411480823,0.));
#9345 = DIRECTION('',(-0.,-0.,-1.));
#9346 = DIRECTION('',(-1.,-1.110223024625E-16,0.));
#9347 = ADVANCED_FACE('',(#9348),#9384,.F.);
#9348 = FACE_BOUND('',#9349,.T.);
#9349 = EDGE_LOOP('',(#9350,#9360,#9369,#9377));
#9350 = ORIENTED_EDGE('',*,*,#9351,.T.);
#9351 = EDGE_CURVE('',#9352,#9354,#9356,.T.);
#9352 = VERTEX_POINT('',#9353);
#9353 = CARTESIAN_POINT('',(60.19014478029,42.164109728219,0.));
#9354 = VERTEX_POINT('',#9355);
#9355 = CARTESIAN_POINT('',(60.19014478029,42.164109728219,
    1.600050800102));
#9356 = LINE('',#9357,#9358);
#9357 = CARTESIAN_POINT('',(60.19014478029,42.164109728219,0.));
#9358 = VECTOR('',#9359,1.);
#9359 = DIRECTION('',(0.,0.,1.));
#9360 = ORIENTED_EDGE('',*,*,#9361,.T.);
#9361 = EDGE_CURVE('',#9354,#9362,#9364,.T.);
#9362 = VERTEX_POINT('',#9363);
#9363 = CARTESIAN_POINT('',(59.19014478029,42.164109728219,
    1.600050800102));
#9364 = CIRCLE('',#9365,0.5);
#9365 = AXIS2_PLACEMENT_3D('',#9366,#9367,#9368);
#9366 = CARTESIAN_POINT('',(59.69014478029,42.164109728219,
    1.600050800102));
#9367 = DIRECTION('',(0.,0.,1.));
#9368 = DIRECTION('',(1.,1.110223024625E-16,-0.));
#9369 = ORIENTED_EDGE('',*,*,#9370,.F.);
#9370 = EDGE_CURVE('',#9371,#9362,#9373,.T.);
#9371 = VERTEX_POINT('',#9372);
#9372 = CARTESIAN_POINT('',(59.19014478029,42.164109728219,0.));
#9373 = LINE('',#9374,#9375);
#9374 = CARTESIAN_POINT('',(59.19014478029,42.164109728219,0.));
#9375 = VECTOR('',#9376,1.);
#9376 = DIRECTION('',(0.,0.,1.));
#9377 = ORIENTED_EDGE('',*,*,#9378,.F.);
#9378 = EDGE_CURVE('',#9352,#9371,#9379,.T.);
#9379 = CIRCLE('',#9380,0.5);
#9380 = AXIS2_PLACEMENT_3D('',#9381,#9382,#9383);
#9381 = CARTESIAN_POINT('',(59.69014478029,42.164109728219,0.));
#9382 = DIRECTION('',(0.,0.,1.));
#9383 = DIRECTION('',(1.,1.110223024625E-16,-0.));
#9384 = CYLINDRICAL_SURFACE('',#9385,0.5);
#9385 = AXIS2_PLACEMENT_3D('',#9386,#9387,#9388);
#9386 = CARTESIAN_POINT('',(59.69014478029,42.164109728219,0.));
#9387 = DIRECTION('',(-0.,-0.,-1.));
#9388 = DIRECTION('',(1.,1.110223024625E-16,-0.));
#9389 = ADVANCED_FACE('',(#9390),#9408,.F.);
#9390 = FACE_BOUND('',#9391,.T.);
#9391 = EDGE_LOOP('',(#9392,#9393,#9400,#9401));
#9392 = ORIENTED_EDGE('',*,*,#9370,.T.);
#9393 = ORIENTED_EDGE('',*,*,#9394,.T.);
#9394 = EDGE_CURVE('',#9362,#9354,#9395,.T.);
#9395 = CIRCLE('',#9396,0.5);
#9396 = AXIS2_PLACEMENT_3D('',#9397,#9398,#9399);
#9397 = CARTESIAN_POINT('',(59.69014478029,42.164109728219,
    1.600050800102));
#9398 = DIRECTION('',(0.,0.,1.));
#9399 = DIRECTION('',(-1.,-1.110223024625E-16,0.));
#9400 = ORIENTED_EDGE('',*,*,#9351,.F.);
#9401 = ORIENTED_EDGE('',*,*,#9402,.F.);
#9402 = EDGE_CURVE('',#9371,#9352,#9403,.T.);
#9403 = CIRCLE('',#9404,0.5);
#9404 = AXIS2_PLACEMENT_3D('',#9405,#9406,#9407);
#9405 = CARTESIAN_POINT('',(59.69014478029,42.164109728219,0.));
#9406 = DIRECTION('',(0.,0.,1.));
#9407 = DIRECTION('',(-1.,-1.110223024625E-16,0.));
#9408 = CYLINDRICAL_SURFACE('',#9409,0.5);
#9409 = AXIS2_PLACEMENT_3D('',#9410,#9411,#9412);
#9410 = CARTESIAN_POINT('',(59.69014478029,42.164109728219,0.));
#9411 = DIRECTION('',(-0.,-0.,-1.));
#9412 = DIRECTION('',(-1.,-1.110223024625E-16,0.));
#9413 = ADVANCED_FACE('',(#9414),#9450,.F.);
#9414 = FACE_BOUND('',#9415,.T.);
#9415 = EDGE_LOOP('',(#9416,#9426,#9435,#9443));
#9416 = ORIENTED_EDGE('',*,*,#9417,.T.);
#9417 = EDGE_CURVE('',#9418,#9420,#9422,.T.);
#9418 = VERTEX_POINT('',#9419);
#9419 = CARTESIAN_POINT('',(60.469113538227,31.242062484125,0.));
#9420 = VERTEX_POINT('',#9421);
#9421 = CARTESIAN_POINT('',(60.469113538227,31.242062484125,
    1.600050800102));
#9422 = LINE('',#9423,#9424);
#9423 = CARTESIAN_POINT('',(60.469113538227,31.242062484125,0.));
#9424 = VECTOR('',#9425,1.);
#9425 = DIRECTION('',(0.,0.,1.));
#9426 = ORIENTED_EDGE('',*,*,#9427,.T.);
#9427 = EDGE_CURVE('',#9420,#9428,#9430,.T.);
#9428 = VERTEX_POINT('',#9429);
#9429 = CARTESIAN_POINT('',(59.419126238252,31.242062484125,
    1.600050800102));
#9430 = CIRCLE('',#9431,0.524993649987);
#9431 = AXIS2_PLACEMENT_3D('',#9432,#9433,#9434);
#9432 = CARTESIAN_POINT('',(59.94411988824,31.242062484125,
    1.600050800102));
#9433 = DIRECTION('',(0.,0.,1.));
#9434 = DIRECTION('',(1.,1.110223024625E-16,-0.));
#9435 = ORIENTED_EDGE('',*,*,#9436,.F.);
#9436 = EDGE_CURVE('',#9437,#9428,#9439,.T.);
#9437 = VERTEX_POINT('',#9438);
#9438 = CARTESIAN_POINT('',(59.419126238252,31.242062484125,0.));
#9439 = LINE('',#9440,#9441);
#9440 = CARTESIAN_POINT('',(59.419126238252,31.242062484125,0.));
#9441 = VECTOR('',#9442,1.);
#9442 = DIRECTION('',(0.,0.,1.));
#9443 = ORIENTED_EDGE('',*,*,#9444,.F.);
#9444 = EDGE_CURVE('',#9418,#9437,#9445,.T.);
#9445 = CIRCLE('',#9446,0.524993649987);
#9446 = AXIS2_PLACEMENT_3D('',#9447,#9448,#9449);
#9447 = CARTESIAN_POINT('',(59.94411988824,31.242062484125,0.));
#9448 = DIRECTION('',(0.,0.,1.));
#9449 = DIRECTION('',(1.,1.110223024625E-16,-0.));
#9450 = CYLINDRICAL_SURFACE('',#9451,0.524993649987);
#9451 = AXIS2_PLACEMENT_3D('',#9452,#9453,#9454);
#9452 = CARTESIAN_POINT('',(59.94411988824,31.242062484125,0.));
#9453 = DIRECTION('',(-0.,-0.,-1.));
#9454 = DIRECTION('',(1.,1.110223024625E-16,-0.));
#9455 = ADVANCED_FACE('',(#9456),#9474,.F.);
#9456 = FACE_BOUND('',#9457,.T.);
#9457 = EDGE_LOOP('',(#9458,#9459,#9466,#9467));
#9458 = ORIENTED_EDGE('',*,*,#9436,.T.);
#9459 = ORIENTED_EDGE('',*,*,#9460,.T.);
#9460 = EDGE_CURVE('',#9428,#9420,#9461,.T.);
#9461 = CIRCLE('',#9462,0.524993649987);
#9462 = AXIS2_PLACEMENT_3D('',#9463,#9464,#9465);
#9463 = CARTESIAN_POINT('',(59.94411988824,31.242062484125,
    1.600050800102));
#9464 = DIRECTION('',(0.,0.,1.));
#9465 = DIRECTION('',(-1.,-1.110223024625E-16,0.));
#9466 = ORIENTED_EDGE('',*,*,#9417,.F.);
#9467 = ORIENTED_EDGE('',*,*,#9468,.F.);
#9468 = EDGE_CURVE('',#9437,#9418,#9469,.T.);
#9469 = CIRCLE('',#9470,0.524993649987);
#9470 = AXIS2_PLACEMENT_3D('',#9471,#9472,#9473);
#9471 = CARTESIAN_POINT('',(59.94411988824,31.242062484125,0.));
#9472 = DIRECTION('',(0.,0.,1.));
#9473 = DIRECTION('',(-1.,-1.110223024625E-16,0.));
#9474 = CYLINDRICAL_SURFACE('',#9475,0.524993649987);
#9475 = AXIS2_PLACEMENT_3D('',#9476,#9477,#9478);
#9476 = CARTESIAN_POINT('',(59.94411988824,31.242062484125,0.));
#9477 = DIRECTION('',(-0.,-0.,-1.));
#9478 = DIRECTION('',(-1.,-1.110223024625E-16,0.));
#9479 = ADVANCED_FACE('',(#9480),#9516,.F.);
#9480 = FACE_BOUND('',#9481,.T.);
#9481 = EDGE_LOOP('',(#9482,#9492,#9501,#9509));
#9482 = ORIENTED_EDGE('',*,*,#9483,.T.);
#9483 = EDGE_CURVE('',#9484,#9486,#9488,.T.);
#9484 = VERTEX_POINT('',#9485);
#9485 = CARTESIAN_POINT('',(62.830124460249,63.246126492253,0.));
#9486 = VERTEX_POINT('',#9487);
#9487 = CARTESIAN_POINT('',(62.830124460249,63.246126492253,
    1.600050800102));
#9488 = LINE('',#9489,#9490);
#9489 = CARTESIAN_POINT('',(62.830124460249,63.246126492253,0.));
#9490 = VECTOR('',#9491,1.);
#9491 = DIRECTION('',(0.,0.,1.));
#9492 = ORIENTED_EDGE('',*,*,#9493,.T.);
#9493 = EDGE_CURVE('',#9486,#9494,#9496,.T.);
#9494 = VERTEX_POINT('',#9495);
#9495 = CARTESIAN_POINT('',(61.630124460249,63.246126492253,
    1.600050800102));
#9496 = CIRCLE('',#9497,0.6);
#9497 = AXIS2_PLACEMENT_3D('',#9498,#9499,#9500);
#9498 = CARTESIAN_POINT('',(62.230124460249,63.246126492253,
    1.600050800102));
#9499 = DIRECTION('',(0.,0.,1.));
#9500 = DIRECTION('',(1.,1.110223024625E-16,-0.));
#9501 = ORIENTED_EDGE('',*,*,#9502,.F.);
#9502 = EDGE_CURVE('',#9503,#9494,#9505,.T.);
#9503 = VERTEX_POINT('',#9504);
#9504 = CARTESIAN_POINT('',(61.630124460249,63.246126492253,0.));
#9505 = LINE('',#9506,#9507);
#9506 = CARTESIAN_POINT('',(61.630124460249,63.246126492253,0.));
#9507 = VECTOR('',#9508,1.);
#9508 = DIRECTION('',(0.,0.,1.));
#9509 = ORIENTED_EDGE('',*,*,#9510,.F.);
#9510 = EDGE_CURVE('',#9484,#9503,#9511,.T.);
#9511 = CIRCLE('',#9512,0.6);
#9512 = AXIS2_PLACEMENT_3D('',#9513,#9514,#9515);
#9513 = CARTESIAN_POINT('',(62.230124460249,63.246126492253,0.));
#9514 = DIRECTION('',(0.,0.,1.));
#9515 = DIRECTION('',(1.,1.110223024625E-16,-0.));
#9516 = CYLINDRICAL_SURFACE('',#9517,0.6);
#9517 = AXIS2_PLACEMENT_3D('',#9518,#9519,#9520);
#9518 = CARTESIAN_POINT('',(62.230124460249,63.246126492253,0.));
#9519 = DIRECTION('',(-0.,-0.,-1.));
#9520 = DIRECTION('',(1.,1.110223024625E-16,-0.));
#9521 = ADVANCED_FACE('',(#9522),#9540,.F.);
#9522 = FACE_BOUND('',#9523,.T.);
#9523 = EDGE_LOOP('',(#9524,#9525,#9532,#9533));
#9524 = ORIENTED_EDGE('',*,*,#9502,.T.);
#9525 = ORIENTED_EDGE('',*,*,#9526,.T.);
#9526 = EDGE_CURVE('',#9494,#9486,#9527,.T.);
#9527 = CIRCLE('',#9528,0.6);
#9528 = AXIS2_PLACEMENT_3D('',#9529,#9530,#9531);
#9529 = CARTESIAN_POINT('',(62.230124460249,63.246126492253,
    1.600050800102));
#9530 = DIRECTION('',(0.,0.,1.));
#9531 = DIRECTION('',(-1.,-1.110223024625E-16,0.));
#9532 = ORIENTED_EDGE('',*,*,#9483,.F.);
#9533 = ORIENTED_EDGE('',*,*,#9534,.F.);
#9534 = EDGE_CURVE('',#9503,#9484,#9535,.T.);
#9535 = CIRCLE('',#9536,0.6);
#9536 = AXIS2_PLACEMENT_3D('',#9537,#9538,#9539);
#9537 = CARTESIAN_POINT('',(62.230124460249,63.246126492253,0.));
#9538 = DIRECTION('',(0.,0.,1.));
#9539 = DIRECTION('',(-1.,-1.110223024625E-16,0.));
#9540 = CYLINDRICAL_SURFACE('',#9541,0.6);
#9541 = AXIS2_PLACEMENT_3D('',#9542,#9543,#9544);
#9542 = CARTESIAN_POINT('',(62.230124460249,63.246126492253,0.));
#9543 = DIRECTION('',(-0.,-0.,-1.));
#9544 = DIRECTION('',(-1.,-1.110223024625E-16,0.));
#9545 = ADVANCED_FACE('',(#9546),#9582,.F.);
#9546 = FACE_BOUND('',#9547,.T.);
#9547 = EDGE_LOOP('',(#9548,#9558,#9567,#9575));
#9548 = ORIENTED_EDGE('',*,*,#9549,.T.);
#9549 = EDGE_CURVE('',#9550,#9552,#9554,.T.);
#9550 = VERTEX_POINT('',#9551);
#9551 = CARTESIAN_POINT('',(62.830124460249,36.195072390145,0.));
#9552 = VERTEX_POINT('',#9553);
#9553 = CARTESIAN_POINT('',(62.830124460249,36.195072390145,
    1.600050800102));
#9554 = LINE('',#9555,#9556);
#9555 = CARTESIAN_POINT('',(62.830124460249,36.195072390145,0.));
#9556 = VECTOR('',#9557,1.);
#9557 = DIRECTION('',(0.,0.,1.));
#9558 = ORIENTED_EDGE('',*,*,#9559,.T.);
#9559 = EDGE_CURVE('',#9552,#9560,#9562,.T.);
#9560 = VERTEX_POINT('',#9561);
#9561 = CARTESIAN_POINT('',(61.630124460249,36.195072390145,
    1.600050800102));
#9562 = CIRCLE('',#9563,0.6);
#9563 = AXIS2_PLACEMENT_3D('',#9564,#9565,#9566);
#9564 = CARTESIAN_POINT('',(62.230124460249,36.195072390145,
    1.600050800102));
#9565 = DIRECTION('',(0.,0.,1.));
#9566 = DIRECTION('',(1.,1.110223024625E-16,-0.));
#9567 = ORIENTED_EDGE('',*,*,#9568,.F.);
#9568 = EDGE_CURVE('',#9569,#9560,#9571,.T.);
#9569 = VERTEX_POINT('',#9570);
#9570 = CARTESIAN_POINT('',(61.630124460249,36.195072390145,0.));
#9571 = LINE('',#9572,#9573);
#9572 = CARTESIAN_POINT('',(61.630124460249,36.195072390145,0.));
#9573 = VECTOR('',#9574,1.);
#9574 = DIRECTION('',(0.,0.,1.));
#9575 = ORIENTED_EDGE('',*,*,#9576,.F.);
#9576 = EDGE_CURVE('',#9550,#9569,#9577,.T.);
#9577 = CIRCLE('',#9578,0.6);
#9578 = AXIS2_PLACEMENT_3D('',#9579,#9580,#9581);
#9579 = CARTESIAN_POINT('',(62.230124460249,36.195072390145,0.));
#9580 = DIRECTION('',(0.,0.,1.));
#9581 = DIRECTION('',(1.,1.110223024625E-16,-0.));
#9582 = CYLINDRICAL_SURFACE('',#9583,0.6);
#9583 = AXIS2_PLACEMENT_3D('',#9584,#9585,#9586);
#9584 = CARTESIAN_POINT('',(62.230124460249,36.195072390145,0.));
#9585 = DIRECTION('',(-0.,-0.,-1.));
#9586 = DIRECTION('',(1.,1.110223024625E-16,-0.));
#9587 = ADVANCED_FACE('',(#9588),#9606,.F.);
#9588 = FACE_BOUND('',#9589,.T.);
#9589 = EDGE_LOOP('',(#9590,#9591,#9598,#9599));
#9590 = ORIENTED_EDGE('',*,*,#9568,.T.);
#9591 = ORIENTED_EDGE('',*,*,#9592,.T.);
#9592 = EDGE_CURVE('',#9560,#9552,#9593,.T.);
#9593 = CIRCLE('',#9594,0.6);
#9594 = AXIS2_PLACEMENT_3D('',#9595,#9596,#9597);
#9595 = CARTESIAN_POINT('',(62.230124460249,36.195072390145,
    1.600050800102));
#9596 = DIRECTION('',(0.,0.,1.));
#9597 = DIRECTION('',(-1.,-1.110223024625E-16,0.));
#9598 = ORIENTED_EDGE('',*,*,#9549,.F.);
#9599 = ORIENTED_EDGE('',*,*,#9600,.F.);
#9600 = EDGE_CURVE('',#9569,#9550,#9601,.T.);
#9601 = CIRCLE('',#9602,0.6);
#9602 = AXIS2_PLACEMENT_3D('',#9603,#9604,#9605);
#9603 = CARTESIAN_POINT('',(62.230124460249,36.195072390145,0.));
#9604 = DIRECTION('',(0.,0.,1.));
#9605 = DIRECTION('',(-1.,-1.110223024625E-16,0.));
#9606 = CYLINDRICAL_SURFACE('',#9607,0.6);
#9607 = AXIS2_PLACEMENT_3D('',#9608,#9609,#9610);
#9608 = CARTESIAN_POINT('',(62.230124460249,36.195072390145,0.));
#9609 = DIRECTION('',(-0.,-0.,-1.));
#9610 = DIRECTION('',(-1.,-1.110223024625E-16,0.));
#9611 = ADVANCED_FACE('',(#9612),#9648,.F.);
#9612 = FACE_BOUND('',#9613,.T.);
#9613 = EDGE_LOOP('',(#9614,#9624,#9633,#9641));
#9614 = ORIENTED_EDGE('',*,*,#9615,.T.);
#9615 = EDGE_CURVE('',#9616,#9618,#9620,.T.);
#9616 = VERTEX_POINT('',#9617);
#9617 = CARTESIAN_POINT('',(62.730124460249,57.40411480823,0.));
#9618 = VERTEX_POINT('',#9619);
#9619 = CARTESIAN_POINT('',(62.730124460249,57.40411480823,
    1.600050800102));
#9620 = LINE('',#9621,#9622);
#9621 = CARTESIAN_POINT('',(62.730124460249,57.40411480823,0.));
#9622 = VECTOR('',#9623,1.);
#9623 = DIRECTION('',(0.,0.,1.));
#9624 = ORIENTED_EDGE('',*,*,#9625,.T.);
#9625 = EDGE_CURVE('',#9618,#9626,#9628,.T.);
#9626 = VERTEX_POINT('',#9627);
#9627 = CARTESIAN_POINT('',(61.730124460249,57.40411480823,
    1.600050800102));
#9628 = CIRCLE('',#9629,0.5);
#9629 = AXIS2_PLACEMENT_3D('',#9630,#9631,#9632);
#9630 = CARTESIAN_POINT('',(62.230124460249,57.40411480823,
    1.600050800102));
#9631 = DIRECTION('',(0.,0.,1.));
#9632 = DIRECTION('',(1.,1.110223024625E-16,-0.));
#9633 = ORIENTED_EDGE('',*,*,#9634,.F.);
#9634 = EDGE_CURVE('',#9635,#9626,#9637,.T.);
#9635 = VERTEX_POINT('',#9636);
#9636 = CARTESIAN_POINT('',(61.730124460249,57.40411480823,0.));
#9637 = LINE('',#9638,#9639);
#9638 = CARTESIAN_POINT('',(61.730124460249,57.40411480823,0.));
#9639 = VECTOR('',#9640,1.);
#9640 = DIRECTION('',(0.,0.,1.));
#9641 = ORIENTED_EDGE('',*,*,#9642,.F.);
#9642 = EDGE_CURVE('',#9616,#9635,#9643,.T.);
#9643 = CIRCLE('',#9644,0.5);
#9644 = AXIS2_PLACEMENT_3D('',#9645,#9646,#9647);
#9645 = CARTESIAN_POINT('',(62.230124460249,57.40411480823,0.));
#9646 = DIRECTION('',(0.,0.,1.));
#9647 = DIRECTION('',(1.,1.110223024625E-16,-0.));
#9648 = CYLINDRICAL_SURFACE('',#9649,0.5);
#9649 = AXIS2_PLACEMENT_3D('',#9650,#9651,#9652);
#9650 = CARTESIAN_POINT('',(62.230124460249,57.40411480823,0.));
#9651 = DIRECTION('',(-0.,-0.,-1.));
#9652 = DIRECTION('',(1.,1.110223024625E-16,-0.));
#9653 = ADVANCED_FACE('',(#9654),#9672,.F.);
#9654 = FACE_BOUND('',#9655,.T.);
#9655 = EDGE_LOOP('',(#9656,#9657,#9664,#9665));
#9656 = ORIENTED_EDGE('',*,*,#9634,.T.);
#9657 = ORIENTED_EDGE('',*,*,#9658,.T.);
#9658 = EDGE_CURVE('',#9626,#9618,#9659,.T.);
#9659 = CIRCLE('',#9660,0.5);
#9660 = AXIS2_PLACEMENT_3D('',#9661,#9662,#9663);
#9661 = CARTESIAN_POINT('',(62.230124460249,57.40411480823,
    1.600050800102));
#9662 = DIRECTION('',(0.,0.,1.));
#9663 = DIRECTION('',(-1.,-1.110223024625E-16,0.));
#9664 = ORIENTED_EDGE('',*,*,#9615,.F.);
#9665 = ORIENTED_EDGE('',*,*,#9666,.F.);
#9666 = EDGE_CURVE('',#9635,#9616,#9667,.T.);
#9667 = CIRCLE('',#9668,0.5);
#9668 = AXIS2_PLACEMENT_3D('',#9669,#9670,#9671);
#9669 = CARTESIAN_POINT('',(62.230124460249,57.40411480823,0.));
#9670 = DIRECTION('',(0.,0.,1.));
#9671 = DIRECTION('',(-1.,-1.110223024625E-16,0.));
#9672 = CYLINDRICAL_SURFACE('',#9673,0.5);
#9673 = AXIS2_PLACEMENT_3D('',#9674,#9675,#9676);
#9674 = CARTESIAN_POINT('',(62.230124460249,57.40411480823,0.));
#9675 = DIRECTION('',(-0.,-0.,-1.));
#9676 = DIRECTION('',(-1.,-1.110223024625E-16,0.));
#9677 = ADVANCED_FACE('',(#9678),#9714,.F.);
#9678 = FACE_BOUND('',#9679,.T.);
#9679 = EDGE_LOOP('',(#9680,#9690,#9699,#9707));
#9680 = ORIENTED_EDGE('',*,*,#9681,.T.);
#9681 = EDGE_CURVE('',#9682,#9684,#9686,.T.);
#9682 = VERTEX_POINT('',#9683);
#9683 = CARTESIAN_POINT('',(62.730124460249,42.164109728219,0.));
#9684 = VERTEX_POINT('',#9685);
#9685 = CARTESIAN_POINT('',(62.730124460249,42.164109728219,
    1.600050800102));
#9686 = LINE('',#9687,#9688);
#9687 = CARTESIAN_POINT('',(62.730124460249,42.164109728219,0.));
#9688 = VECTOR('',#9689,1.);
#9689 = DIRECTION('',(0.,0.,1.));
#9690 = ORIENTED_EDGE('',*,*,#9691,.T.);
#9691 = EDGE_CURVE('',#9684,#9692,#9694,.T.);
#9692 = VERTEX_POINT('',#9693);
#9693 = CARTESIAN_POINT('',(61.730124460249,42.164109728219,
    1.600050800102));
#9694 = CIRCLE('',#9695,0.5);
#9695 = AXIS2_PLACEMENT_3D('',#9696,#9697,#9698);
#9696 = CARTESIAN_POINT('',(62.230124460249,42.164109728219,
    1.600050800102));
#9697 = DIRECTION('',(0.,0.,1.));
#9698 = DIRECTION('',(1.,1.110223024625E-16,-0.));
#9699 = ORIENTED_EDGE('',*,*,#9700,.F.);
#9700 = EDGE_CURVE('',#9701,#9692,#9703,.T.);
#9701 = VERTEX_POINT('',#9702);
#9702 = CARTESIAN_POINT('',(61.730124460249,42.164109728219,0.));
#9703 = LINE('',#9704,#9705);
#9704 = CARTESIAN_POINT('',(61.730124460249,42.164109728219,0.));
#9705 = VECTOR('',#9706,1.);
#9706 = DIRECTION('',(0.,0.,1.));
#9707 = ORIENTED_EDGE('',*,*,#9708,.F.);
#9708 = EDGE_CURVE('',#9682,#9701,#9709,.T.);
#9709 = CIRCLE('',#9710,0.5);
#9710 = AXIS2_PLACEMENT_3D('',#9711,#9712,#9713);
#9711 = CARTESIAN_POINT('',(62.230124460249,42.164109728219,0.));
#9712 = DIRECTION('',(0.,0.,1.));
#9713 = DIRECTION('',(1.,1.110223024625E-16,-0.));
#9714 = CYLINDRICAL_SURFACE('',#9715,0.5);
#9715 = AXIS2_PLACEMENT_3D('',#9716,#9717,#9718);
#9716 = CARTESIAN_POINT('',(62.230124460249,42.164109728219,0.));
#9717 = DIRECTION('',(-0.,-0.,-1.));
#9718 = DIRECTION('',(1.,1.110223024625E-16,-0.));
#9719 = ADVANCED_FACE('',(#9720),#9738,.F.);
#9720 = FACE_BOUND('',#9721,.T.);
#9721 = EDGE_LOOP('',(#9722,#9723,#9730,#9731));
#9722 = ORIENTED_EDGE('',*,*,#9700,.T.);
#9723 = ORIENTED_EDGE('',*,*,#9724,.T.);
#9724 = EDGE_CURVE('',#9692,#9684,#9725,.T.);
#9725 = CIRCLE('',#9726,0.5);
#9726 = AXIS2_PLACEMENT_3D('',#9727,#9728,#9729);
#9727 = CARTESIAN_POINT('',(62.230124460249,42.164109728219,
    1.600050800102));
#9728 = DIRECTION('',(0.,0.,1.));
#9729 = DIRECTION('',(-1.,-1.110223024625E-16,0.));
#9730 = ORIENTED_EDGE('',*,*,#9681,.F.);
#9731 = ORIENTED_EDGE('',*,*,#9732,.F.);
#9732 = EDGE_CURVE('',#9701,#9682,#9733,.T.);
#9733 = CIRCLE('',#9734,0.5);
#9734 = AXIS2_PLACEMENT_3D('',#9735,#9736,#9737);
#9735 = CARTESIAN_POINT('',(62.230124460249,42.164109728219,0.));
#9736 = DIRECTION('',(0.,0.,1.));
#9737 = DIRECTION('',(-1.,-1.110223024625E-16,0.));
#9738 = CYLINDRICAL_SURFACE('',#9739,0.5);
#9739 = AXIS2_PLACEMENT_3D('',#9740,#9741,#9742);
#9740 = CARTESIAN_POINT('',(62.230124460249,42.164109728219,0.));
#9741 = DIRECTION('',(-0.,-0.,-1.));
#9742 = DIRECTION('',(-1.,-1.110223024625E-16,0.));
#9743 = ADVANCED_FACE('',(#9744),#9780,.F.);
#9744 = FACE_BOUND('',#9745,.T.);
#9745 = EDGE_LOOP('',(#9746,#9756,#9765,#9773));
#9746 = ORIENTED_EDGE('',*,*,#9747,.T.);
#9747 = EDGE_CURVE('',#9748,#9750,#9752,.T.);
#9748 = VERTEX_POINT('',#9749);
#9749 = CARTESIAN_POINT('',(65.370129540259,63.246126492253,0.));
#9750 = VERTEX_POINT('',#9751);
#9751 = CARTESIAN_POINT('',(65.370129540259,63.246126492253,
    1.600050800102));
#9752 = LINE('',#9753,#9754);
#9753 = CARTESIAN_POINT('',(65.370129540259,63.246126492253,0.));
#9754 = VECTOR('',#9755,1.);
#9755 = DIRECTION('',(0.,0.,1.));
#9756 = ORIENTED_EDGE('',*,*,#9757,.T.);
#9757 = EDGE_CURVE('',#9750,#9758,#9760,.T.);
#9758 = VERTEX_POINT('',#9759);
#9759 = CARTESIAN_POINT('',(64.170129540259,63.246126492253,
    1.600050800102));
#9760 = CIRCLE('',#9761,0.6);
#9761 = AXIS2_PLACEMENT_3D('',#9762,#9763,#9764);
#9762 = CARTESIAN_POINT('',(64.770129540259,63.246126492253,
    1.600050800102));
#9763 = DIRECTION('',(0.,0.,1.));
#9764 = DIRECTION('',(1.,1.110223024625E-16,-0.));
#9765 = ORIENTED_EDGE('',*,*,#9766,.F.);
#9766 = EDGE_CURVE('',#9767,#9758,#9769,.T.);
#9767 = VERTEX_POINT('',#9768);
#9768 = CARTESIAN_POINT('',(64.170129540259,63.246126492253,0.));
#9769 = LINE('',#9770,#9771);
#9770 = CARTESIAN_POINT('',(64.170129540259,63.246126492253,0.));
#9771 = VECTOR('',#9772,1.);
#9772 = DIRECTION('',(0.,0.,1.));
#9773 = ORIENTED_EDGE('',*,*,#9774,.F.);
#9774 = EDGE_CURVE('',#9748,#9767,#9775,.T.);
#9775 = CIRCLE('',#9776,0.6);
#9776 = AXIS2_PLACEMENT_3D('',#9777,#9778,#9779);
#9777 = CARTESIAN_POINT('',(64.770129540259,63.246126492253,0.));
#9778 = DIRECTION('',(0.,0.,1.));
#9779 = DIRECTION('',(1.,1.110223024625E-16,-0.));
#9780 = CYLINDRICAL_SURFACE('',#9781,0.6);
#9781 = AXIS2_PLACEMENT_3D('',#9782,#9783,#9784);
#9782 = CARTESIAN_POINT('',(64.770129540259,63.246126492253,0.));
#9783 = DIRECTION('',(-0.,-0.,-1.));
#9784 = DIRECTION('',(1.,1.110223024625E-16,-0.));
#9785 = ADVANCED_FACE('',(#9786),#9804,.F.);
#9786 = FACE_BOUND('',#9787,.T.);
#9787 = EDGE_LOOP('',(#9788,#9789,#9796,#9797));
#9788 = ORIENTED_EDGE('',*,*,#9766,.T.);
#9789 = ORIENTED_EDGE('',*,*,#9790,.T.);
#9790 = EDGE_CURVE('',#9758,#9750,#9791,.T.);
#9791 = CIRCLE('',#9792,0.6);
#9792 = AXIS2_PLACEMENT_3D('',#9793,#9794,#9795);
#9793 = CARTESIAN_POINT('',(64.770129540259,63.246126492253,
    1.600050800102));
#9794 = DIRECTION('',(0.,0.,1.));
#9795 = DIRECTION('',(-1.,-1.110223024625E-16,0.));
#9796 = ORIENTED_EDGE('',*,*,#9747,.F.);
#9797 = ORIENTED_EDGE('',*,*,#9798,.F.);
#9798 = EDGE_CURVE('',#9767,#9748,#9799,.T.);
#9799 = CIRCLE('',#9800,0.6);
#9800 = AXIS2_PLACEMENT_3D('',#9801,#9802,#9803);
#9801 = CARTESIAN_POINT('',(64.770129540259,63.246126492253,0.));
#9802 = DIRECTION('',(0.,0.,1.));
#9803 = DIRECTION('',(-1.,-1.110223024625E-16,0.));
#9804 = CYLINDRICAL_SURFACE('',#9805,0.6);
#9805 = AXIS2_PLACEMENT_3D('',#9806,#9807,#9808);
#9806 = CARTESIAN_POINT('',(64.770129540259,63.246126492253,0.));
#9807 = DIRECTION('',(-0.,-0.,-1.));
#9808 = DIRECTION('',(-1.,-1.110223024625E-16,0.));
#9809 = ADVANCED_FACE('',(#9810),#9846,.F.);
#9810 = FACE_BOUND('',#9811,.T.);
#9811 = EDGE_LOOP('',(#9812,#9822,#9831,#9839));
#9812 = ORIENTED_EDGE('',*,*,#9813,.T.);
#9813 = EDGE_CURVE('',#9814,#9816,#9818,.T.);
#9814 = VERTEX_POINT('',#9815);
#9815 = CARTESIAN_POINT('',(65.370129540259,36.195072390145,0.));
#9816 = VERTEX_POINT('',#9817);
#9817 = CARTESIAN_POINT('',(65.370129540259,36.195072390145,
    1.600050800102));
#9818 = LINE('',#9819,#9820);
#9819 = CARTESIAN_POINT('',(65.370129540259,36.195072390145,0.));
#9820 = VECTOR('',#9821,1.);
#9821 = DIRECTION('',(0.,0.,1.));
#9822 = ORIENTED_EDGE('',*,*,#9823,.T.);
#9823 = EDGE_CURVE('',#9816,#9824,#9826,.T.);
#9824 = VERTEX_POINT('',#9825);
#9825 = CARTESIAN_POINT('',(64.170129540259,36.195072390145,
    1.600050800102));
#9826 = CIRCLE('',#9827,0.6);
#9827 = AXIS2_PLACEMENT_3D('',#9828,#9829,#9830);
#9828 = CARTESIAN_POINT('',(64.770129540259,36.195072390145,
    1.600050800102));
#9829 = DIRECTION('',(0.,0.,1.));
#9830 = DIRECTION('',(1.,1.110223024625E-16,-0.));
#9831 = ORIENTED_EDGE('',*,*,#9832,.F.);
#9832 = EDGE_CURVE('',#9833,#9824,#9835,.T.);
#9833 = VERTEX_POINT('',#9834);
#9834 = CARTESIAN_POINT('',(64.170129540259,36.195072390145,0.));
#9835 = LINE('',#9836,#9837);
#9836 = CARTESIAN_POINT('',(64.170129540259,36.195072390145,0.));
#9837 = VECTOR('',#9838,1.);
#9838 = DIRECTION('',(0.,0.,1.));
#9839 = ORIENTED_EDGE('',*,*,#9840,.F.);
#9840 = EDGE_CURVE('',#9814,#9833,#9841,.T.);
#9841 = CIRCLE('',#9842,0.6);
#9842 = AXIS2_PLACEMENT_3D('',#9843,#9844,#9845);
#9843 = CARTESIAN_POINT('',(64.770129540259,36.195072390145,0.));
#9844 = DIRECTION('',(0.,0.,1.));
#9845 = DIRECTION('',(1.,1.110223024625E-16,-0.));
#9846 = CYLINDRICAL_SURFACE('',#9847,0.6);
#9847 = AXIS2_PLACEMENT_3D('',#9848,#9849,#9850);
#9848 = CARTESIAN_POINT('',(64.770129540259,36.195072390145,0.));
#9849 = DIRECTION('',(-0.,-0.,-1.));
#9850 = DIRECTION('',(1.,1.110223024625E-16,-0.));
#9851 = ADVANCED_FACE('',(#9852),#9870,.F.);
#9852 = FACE_BOUND('',#9853,.T.);
#9853 = EDGE_LOOP('',(#9854,#9855,#9862,#9863));
#9854 = ORIENTED_EDGE('',*,*,#9832,.T.);
#9855 = ORIENTED_EDGE('',*,*,#9856,.T.);
#9856 = EDGE_CURVE('',#9824,#9816,#9857,.T.);
#9857 = CIRCLE('',#9858,0.6);
#9858 = AXIS2_PLACEMENT_3D('',#9859,#9860,#9861);
#9859 = CARTESIAN_POINT('',(64.770129540259,36.195072390145,
    1.600050800102));
#9860 = DIRECTION('',(0.,0.,1.));
#9861 = DIRECTION('',(-1.,-1.110223024625E-16,0.));
#9862 = ORIENTED_EDGE('',*,*,#9813,.F.);
#9863 = ORIENTED_EDGE('',*,*,#9864,.F.);
#9864 = EDGE_CURVE('',#9833,#9814,#9865,.T.);
#9865 = CIRCLE('',#9866,0.6);
#9866 = AXIS2_PLACEMENT_3D('',#9867,#9868,#9869);
#9867 = CARTESIAN_POINT('',(64.770129540259,36.195072390145,0.));
#9868 = DIRECTION('',(0.,0.,1.));
#9869 = DIRECTION('',(-1.,-1.110223024625E-16,0.));
#9870 = CYLINDRICAL_SURFACE('',#9871,0.6);
#9871 = AXIS2_PLACEMENT_3D('',#9872,#9873,#9874);
#9872 = CARTESIAN_POINT('',(64.770129540259,36.195072390145,0.));
#9873 = DIRECTION('',(-0.,-0.,-1.));
#9874 = DIRECTION('',(-1.,-1.110223024625E-16,0.));
#9875 = ADVANCED_FACE('',(#9876),#9912,.F.);
#9876 = FACE_BOUND('',#9877,.T.);
#9877 = EDGE_LOOP('',(#9878,#9888,#9897,#9905));
#9878 = ORIENTED_EDGE('',*,*,#9879,.T.);
#9879 = EDGE_CURVE('',#9880,#9882,#9884,.T.);
#9880 = VERTEX_POINT('',#9881);
#9881 = CARTESIAN_POINT('',(65.270129540259,57.40411480823,0.));
#9882 = VERTEX_POINT('',#9883);
#9883 = CARTESIAN_POINT('',(65.270129540259,57.40411480823,
    1.600050800102));
#9884 = LINE('',#9885,#9886);
#9885 = CARTESIAN_POINT('',(65.270129540259,57.40411480823,0.));
#9886 = VECTOR('',#9887,1.);
#9887 = DIRECTION('',(0.,0.,1.));
#9888 = ORIENTED_EDGE('',*,*,#9889,.T.);
#9889 = EDGE_CURVE('',#9882,#9890,#9892,.T.);
#9890 = VERTEX_POINT('',#9891);
#9891 = CARTESIAN_POINT('',(64.270129540259,57.40411480823,
    1.600050800102));
#9892 = CIRCLE('',#9893,0.5);
#9893 = AXIS2_PLACEMENT_3D('',#9894,#9895,#9896);
#9894 = CARTESIAN_POINT('',(64.770129540259,57.40411480823,
    1.600050800102));
#9895 = DIRECTION('',(0.,0.,1.));
#9896 = DIRECTION('',(1.,1.110223024625E-16,-0.));
#9897 = ORIENTED_EDGE('',*,*,#9898,.F.);
#9898 = EDGE_CURVE('',#9899,#9890,#9901,.T.);
#9899 = VERTEX_POINT('',#9900);
#9900 = CARTESIAN_POINT('',(64.270129540259,57.40411480823,0.));
#9901 = LINE('',#9902,#9903);
#9902 = CARTESIAN_POINT('',(64.270129540259,57.40411480823,0.));
#9903 = VECTOR('',#9904,1.);
#9904 = DIRECTION('',(0.,0.,1.));
#9905 = ORIENTED_EDGE('',*,*,#9906,.F.);
#9906 = EDGE_CURVE('',#9880,#9899,#9907,.T.);
#9907 = CIRCLE('',#9908,0.5);
#9908 = AXIS2_PLACEMENT_3D('',#9909,#9910,#9911);
#9909 = CARTESIAN_POINT('',(64.770129540259,57.40411480823,0.));
#9910 = DIRECTION('',(0.,0.,1.));
#9911 = DIRECTION('',(1.,1.110223024625E-16,-0.));
#9912 = CYLINDRICAL_SURFACE('',#9913,0.5);
#9913 = AXIS2_PLACEMENT_3D('',#9914,#9915,#9916);
#9914 = CARTESIAN_POINT('',(64.770129540259,57.40411480823,0.));
#9915 = DIRECTION('',(-0.,-0.,-1.));
#9916 = DIRECTION('',(1.,1.110223024625E-16,-0.));
#9917 = ADVANCED_FACE('',(#9918),#9936,.F.);
#9918 = FACE_BOUND('',#9919,.T.);
#9919 = EDGE_LOOP('',(#9920,#9921,#9928,#9929));
#9920 = ORIENTED_EDGE('',*,*,#9898,.T.);
#9921 = ORIENTED_EDGE('',*,*,#9922,.T.);
#9922 = EDGE_CURVE('',#9890,#9882,#9923,.T.);
#9923 = CIRCLE('',#9924,0.5);
#9924 = AXIS2_PLACEMENT_3D('',#9925,#9926,#9927);
#9925 = CARTESIAN_POINT('',(64.770129540259,57.40411480823,
    1.600050800102));
#9926 = DIRECTION('',(0.,0.,1.));
#9927 = DIRECTION('',(-1.,-1.110223024625E-16,0.));
#9928 = ORIENTED_EDGE('',*,*,#9879,.F.);
#9929 = ORIENTED_EDGE('',*,*,#9930,.F.);
#9930 = EDGE_CURVE('',#9899,#9880,#9931,.T.);
#9931 = CIRCLE('',#9932,0.5);
#9932 = AXIS2_PLACEMENT_3D('',#9933,#9934,#9935);
#9933 = CARTESIAN_POINT('',(64.770129540259,57.40411480823,0.));
#9934 = DIRECTION('',(0.,0.,1.));
#9935 = DIRECTION('',(-1.,-1.110223024625E-16,0.));
#9936 = CYLINDRICAL_SURFACE('',#9937,0.5);
#9937 = AXIS2_PLACEMENT_3D('',#9938,#9939,#9940);
#9938 = CARTESIAN_POINT('',(64.770129540259,57.40411480823,0.));
#9939 = DIRECTION('',(-0.,-0.,-1.));
#9940 = DIRECTION('',(-1.,-1.110223024625E-16,0.));
#9941 = ADVANCED_FACE('',(#9942),#9978,.F.);
#9942 = FACE_BOUND('',#9943,.T.);
#9943 = EDGE_LOOP('',(#9944,#9954,#9963,#9971));
#9944 = ORIENTED_EDGE('',*,*,#9945,.T.);
#9945 = EDGE_CURVE('',#9946,#9948,#9950,.T.);
#9946 = VERTEX_POINT('',#9947);
#9947 = CARTESIAN_POINT('',(65.270129540259,42.164109728219,0.));
#9948 = VERTEX_POINT('',#9949);
#9949 = CARTESIAN_POINT('',(65.270129540259,42.164109728219,
    1.600050800102));
#9950 = LINE('',#9951,#9952);
#9951 = CARTESIAN_POINT('',(65.270129540259,42.164109728219,0.));
#9952 = VECTOR('',#9953,1.);
#9953 = DIRECTION('',(0.,0.,1.));
#9954 = ORIENTED_EDGE('',*,*,#9955,.T.);
#9955 = EDGE_CURVE('',#9948,#9956,#9958,.T.);
#9956 = VERTEX_POINT('',#9957);
#9957 = CARTESIAN_POINT('',(64.270129540259,42.164109728219,
    1.600050800102));
#9958 = CIRCLE('',#9959,0.5);
#9959 = AXIS2_PLACEMENT_3D('',#9960,#9961,#9962);
#9960 = CARTESIAN_POINT('',(64.770129540259,42.164109728219,
    1.600050800102));
#9961 = DIRECTION('',(0.,0.,1.));
#9962 = DIRECTION('',(1.,1.110223024625E-16,-0.));
#9963 = ORIENTED_EDGE('',*,*,#9964,.F.);
#9964 = EDGE_CURVE('',#9965,#9956,#9967,.T.);
#9965 = VERTEX_POINT('',#9966);
#9966 = CARTESIAN_POINT('',(64.270129540259,42.164109728219,0.));
#9967 = LINE('',#9968,#9969);
#9968 = CARTESIAN_POINT('',(64.270129540259,42.164109728219,0.));
#9969 = VECTOR('',#9970,1.);
#9970 = DIRECTION('',(0.,0.,1.));
#9971 = ORIENTED_EDGE('',*,*,#9972,.F.);
#9972 = EDGE_CURVE('',#9946,#9965,#9973,.T.);
#9973 = CIRCLE('',#9974,0.5);
#9974 = AXIS2_PLACEMENT_3D('',#9975,#9976,#9977);
#9975 = CARTESIAN_POINT('',(64.770129540259,42.164109728219,0.));
#9976 = DIRECTION('',(0.,0.,1.));
#9977 = DIRECTION('',(1.,1.110223024625E-16,-0.));
#9978 = CYLINDRICAL_SURFACE('',#9979,0.5);
#9979 = AXIS2_PLACEMENT_3D('',#9980,#9981,#9982);
#9980 = CARTESIAN_POINT('',(64.770129540259,42.164109728219,0.));
#9981 = DIRECTION('',(-0.,-0.,-1.));
#9982 = DIRECTION('',(1.,1.110223024625E-16,-0.));
#9983 = ADVANCED_FACE('',(#9984),#10002,.F.);
#9984 = FACE_BOUND('',#9985,.T.);
#9985 = EDGE_LOOP('',(#9986,#9987,#9994,#9995));
#9986 = ORIENTED_EDGE('',*,*,#9964,.T.);
#9987 = ORIENTED_EDGE('',*,*,#9988,.T.);
#9988 = EDGE_CURVE('',#9956,#9948,#9989,.T.);
#9989 = CIRCLE('',#9990,0.5);
#9990 = AXIS2_PLACEMENT_3D('',#9991,#9992,#9993);
#9991 = CARTESIAN_POINT('',(64.770129540259,42.164109728219,
    1.600050800102));
#9992 = DIRECTION('',(0.,0.,1.));
#9993 = DIRECTION('',(-1.,-1.110223024625E-16,0.));
#9994 = ORIENTED_EDGE('',*,*,#9945,.F.);
#9995 = ORIENTED_EDGE('',*,*,#9996,.F.);
#9996 = EDGE_CURVE('',#9965,#9946,#9997,.T.);
#9997 = CIRCLE('',#9998,0.5);
#9998 = AXIS2_PLACEMENT_3D('',#9999,#10000,#10001);
#9999 = CARTESIAN_POINT('',(64.770129540259,42.164109728219,0.));
#10000 = DIRECTION('',(0.,0.,1.));
#10001 = DIRECTION('',(-1.,-1.110223024625E-16,0.));
#10002 = CYLINDRICAL_SURFACE('',#10003,0.5);
#10003 = AXIS2_PLACEMENT_3D('',#10004,#10005,#10006);
#10004 = CARTESIAN_POINT('',(64.770129540259,42.164109728219,0.));
#10005 = DIRECTION('',(-0.,-0.,-1.));
#10006 = DIRECTION('',(-1.,-1.110223024625E-16,0.));
#10007 = ADVANCED_FACE('',(#10008),#10044,.F.);
#10008 = FACE_BOUND('',#10009,.T.);
#10009 = EDGE_LOOP('',(#10010,#10020,#10029,#10037));
#10010 = ORIENTED_EDGE('',*,*,#10011,.T.);
#10011 = EDGE_CURVE('',#10012,#10014,#10016,.T.);
#10012 = VERTEX_POINT('',#10013);
#10013 = CARTESIAN_POINT('',(67.910134620269,63.246126492253,0.));
#10014 = VERTEX_POINT('',#10015);
#10015 = CARTESIAN_POINT('',(67.910134620269,63.246126492253,
    1.600050800102));
#10016 = LINE('',#10017,#10018);
#10017 = CARTESIAN_POINT('',(67.910134620269,63.246126492253,0.));
#10018 = VECTOR('',#10019,1.);
#10019 = DIRECTION('',(0.,0.,1.));
#10020 = ORIENTED_EDGE('',*,*,#10021,.T.);
#10021 = EDGE_CURVE('',#10014,#10022,#10024,.T.);
#10022 = VERTEX_POINT('',#10023);
#10023 = CARTESIAN_POINT('',(66.710134620269,63.246126492253,
    1.600050800102));
#10024 = CIRCLE('',#10025,0.6);
#10025 = AXIS2_PLACEMENT_3D('',#10026,#10027,#10028);
#10026 = CARTESIAN_POINT('',(67.310134620269,63.246126492253,
    1.600050800102));
#10027 = DIRECTION('',(0.,0.,1.));
#10028 = DIRECTION('',(1.,1.110223024625E-16,-0.));
#10029 = ORIENTED_EDGE('',*,*,#10030,.F.);
#10030 = EDGE_CURVE('',#10031,#10022,#10033,.T.);
#10031 = VERTEX_POINT('',#10032);
#10032 = CARTESIAN_POINT('',(66.710134620269,63.246126492253,0.));
#10033 = LINE('',#10034,#10035);
#10034 = CARTESIAN_POINT('',(66.710134620269,63.246126492253,0.));
#10035 = VECTOR('',#10036,1.);
#10036 = DIRECTION('',(0.,0.,1.));
#10037 = ORIENTED_EDGE('',*,*,#10038,.F.);
#10038 = EDGE_CURVE('',#10012,#10031,#10039,.T.);
#10039 = CIRCLE('',#10040,0.6);
#10040 = AXIS2_PLACEMENT_3D('',#10041,#10042,#10043);
#10041 = CARTESIAN_POINT('',(67.310134620269,63.246126492253,0.));
#10042 = DIRECTION('',(0.,0.,1.));
#10043 = DIRECTION('',(1.,1.110223024625E-16,-0.));
#10044 = CYLINDRICAL_SURFACE('',#10045,0.6);
#10045 = AXIS2_PLACEMENT_3D('',#10046,#10047,#10048);
#10046 = CARTESIAN_POINT('',(67.310134620269,63.246126492253,0.));
#10047 = DIRECTION('',(-0.,-0.,-1.));
#10048 = DIRECTION('',(1.,1.110223024625E-16,-0.));
#10049 = ADVANCED_FACE('',(#10050),#10068,.F.);
#10050 = FACE_BOUND('',#10051,.T.);
#10051 = EDGE_LOOP('',(#10052,#10053,#10060,#10061));
#10052 = ORIENTED_EDGE('',*,*,#10030,.T.);
#10053 = ORIENTED_EDGE('',*,*,#10054,.T.);
#10054 = EDGE_CURVE('',#10022,#10014,#10055,.T.);
#10055 = CIRCLE('',#10056,0.6);
#10056 = AXIS2_PLACEMENT_3D('',#10057,#10058,#10059);
#10057 = CARTESIAN_POINT('',(67.310134620269,63.246126492253,
    1.600050800102));
#10058 = DIRECTION('',(0.,0.,1.));
#10059 = DIRECTION('',(-1.,-1.110223024625E-16,0.));
#10060 = ORIENTED_EDGE('',*,*,#10011,.F.);
#10061 = ORIENTED_EDGE('',*,*,#10062,.F.);
#10062 = EDGE_CURVE('',#10031,#10012,#10063,.T.);
#10063 = CIRCLE('',#10064,0.6);
#10064 = AXIS2_PLACEMENT_3D('',#10065,#10066,#10067);
#10065 = CARTESIAN_POINT('',(67.310134620269,63.246126492253,0.));
#10066 = DIRECTION('',(0.,0.,1.));
#10067 = DIRECTION('',(-1.,-1.110223024625E-16,0.));
#10068 = CYLINDRICAL_SURFACE('',#10069,0.6);
#10069 = AXIS2_PLACEMENT_3D('',#10070,#10071,#10072);
#10070 = CARTESIAN_POINT('',(67.310134620269,63.246126492253,0.));
#10071 = DIRECTION('',(-0.,-0.,-1.));
#10072 = DIRECTION('',(-1.,-1.110223024625E-16,0.));
#10073 = ADVANCED_FACE('',(#10074),#10110,.F.);
#10074 = FACE_BOUND('',#10075,.T.);
#10075 = EDGE_LOOP('',(#10076,#10086,#10095,#10103));
#10076 = ORIENTED_EDGE('',*,*,#10077,.T.);
#10077 = EDGE_CURVE('',#10078,#10080,#10082,.T.);
#10078 = VERTEX_POINT('',#10079);
#10079 = CARTESIAN_POINT('',(67.910134620269,36.195072390145,0.));
#10080 = VERTEX_POINT('',#10081);
#10081 = CARTESIAN_POINT('',(67.910134620269,36.195072390145,
    1.600050800102));
#10082 = LINE('',#10083,#10084);
#10083 = CARTESIAN_POINT('',(67.910134620269,36.195072390145,0.));
#10084 = VECTOR('',#10085,1.);
#10085 = DIRECTION('',(0.,0.,1.));
#10086 = ORIENTED_EDGE('',*,*,#10087,.T.);
#10087 = EDGE_CURVE('',#10080,#10088,#10090,.T.);
#10088 = VERTEX_POINT('',#10089);
#10089 = CARTESIAN_POINT('',(66.710134620269,36.195072390145,
    1.600050800102));
#10090 = CIRCLE('',#10091,0.6);
#10091 = AXIS2_PLACEMENT_3D('',#10092,#10093,#10094);
#10092 = CARTESIAN_POINT('',(67.310134620269,36.195072390145,
    1.600050800102));
#10093 = DIRECTION('',(0.,0.,1.));
#10094 = DIRECTION('',(1.,1.110223024625E-16,-0.));
#10095 = ORIENTED_EDGE('',*,*,#10096,.F.);
#10096 = EDGE_CURVE('',#10097,#10088,#10099,.T.);
#10097 = VERTEX_POINT('',#10098);
#10098 = CARTESIAN_POINT('',(66.710134620269,36.195072390145,0.));
#10099 = LINE('',#10100,#10101);
#10100 = CARTESIAN_POINT('',(66.710134620269,36.195072390145,0.));
#10101 = VECTOR('',#10102,1.);
#10102 = DIRECTION('',(0.,0.,1.));
#10103 = ORIENTED_EDGE('',*,*,#10104,.F.);
#10104 = EDGE_CURVE('',#10078,#10097,#10105,.T.);
#10105 = CIRCLE('',#10106,0.6);
#10106 = AXIS2_PLACEMENT_3D('',#10107,#10108,#10109);
#10107 = CARTESIAN_POINT('',(67.310134620269,36.195072390145,0.));
#10108 = DIRECTION('',(0.,0.,1.));
#10109 = DIRECTION('',(1.,1.110223024625E-16,-0.));
#10110 = CYLINDRICAL_SURFACE('',#10111,0.6);
#10111 = AXIS2_PLACEMENT_3D('',#10112,#10113,#10114);
#10112 = CARTESIAN_POINT('',(67.310134620269,36.195072390145,0.));
#10113 = DIRECTION('',(-0.,-0.,-1.));
#10114 = DIRECTION('',(1.,1.110223024625E-16,-0.));
#10115 = ADVANCED_FACE('',(#10116),#10134,.F.);
#10116 = FACE_BOUND('',#10117,.T.);
#10117 = EDGE_LOOP('',(#10118,#10119,#10126,#10127));
#10118 = ORIENTED_EDGE('',*,*,#10096,.T.);
#10119 = ORIENTED_EDGE('',*,*,#10120,.T.);
#10120 = EDGE_CURVE('',#10088,#10080,#10121,.T.);
#10121 = CIRCLE('',#10122,0.6);
#10122 = AXIS2_PLACEMENT_3D('',#10123,#10124,#10125);
#10123 = CARTESIAN_POINT('',(67.310134620269,36.195072390145,
    1.600050800102));
#10124 = DIRECTION('',(0.,0.,1.));
#10125 = DIRECTION('',(-1.,-1.110223024625E-16,0.));
#10126 = ORIENTED_EDGE('',*,*,#10077,.F.);
#10127 = ORIENTED_EDGE('',*,*,#10128,.F.);
#10128 = EDGE_CURVE('',#10097,#10078,#10129,.T.);
#10129 = CIRCLE('',#10130,0.6);
#10130 = AXIS2_PLACEMENT_3D('',#10131,#10132,#10133);
#10131 = CARTESIAN_POINT('',(67.310134620269,36.195072390145,0.));
#10132 = DIRECTION('',(0.,0.,1.));
#10133 = DIRECTION('',(-1.,-1.110223024625E-16,0.));
#10134 = CYLINDRICAL_SURFACE('',#10135,0.6);
#10135 = AXIS2_PLACEMENT_3D('',#10136,#10137,#10138);
#10136 = CARTESIAN_POINT('',(67.310134620269,36.195072390145,0.));
#10137 = DIRECTION('',(-0.,-0.,-1.));
#10138 = DIRECTION('',(-1.,-1.110223024625E-16,0.));
#10139 = ADVANCED_FACE('',(#10140),#10176,.F.);
#10140 = FACE_BOUND('',#10141,.T.);
#10141 = EDGE_LOOP('',(#10142,#10152,#10161,#10169));
#10142 = ORIENTED_EDGE('',*,*,#10143,.T.);
#10143 = EDGE_CURVE('',#10144,#10146,#10148,.T.);
#10144 = VERTEX_POINT('',#10145);
#10145 = CARTESIAN_POINT('',(68.800127000254,30.682067564135,0.));
#10146 = VERTEX_POINT('',#10147);
#10147 = CARTESIAN_POINT('',(68.800127000254,30.682067564135,
    1.600050800102));
#10148 = LINE('',#10149,#10150);
#10149 = CARTESIAN_POINT('',(68.800127000254,30.682067564135,0.));
#10150 = VECTOR('',#10151,1.);
#10151 = DIRECTION('',(0.,0.,1.));
#10152 = ORIENTED_EDGE('',*,*,#10153,.T.);
#10153 = EDGE_CURVE('',#10146,#10154,#10156,.T.);
#10154 = VERTEX_POINT('',#10155);
#10155 = CARTESIAN_POINT('',(66.768122936246,30.682067564135,
    1.600050800102));
#10156 = CIRCLE('',#10157,1.016002032004);
#10157 = AXIS2_PLACEMENT_3D('',#10158,#10159,#10160);
#10158 = CARTESIAN_POINT('',(67.78412496825,30.682067564135,
    1.600050800102));
#10159 = DIRECTION('',(0.,0.,1.));
#10160 = DIRECTION('',(1.,1.110223024625E-16,-0.));
#10161 = ORIENTED_EDGE('',*,*,#10162,.F.);
#10162 = EDGE_CURVE('',#10163,#10154,#10165,.T.);
#10163 = VERTEX_POINT('',#10164);
#10164 = CARTESIAN_POINT('',(66.768122936246,30.682067564135,0.));
#10165 = LINE('',#10166,#10167);
#10166 = CARTESIAN_POINT('',(66.768122936246,30.682067564135,0.));
#10167 = VECTOR('',#10168,1.);
#10168 = DIRECTION('',(0.,0.,1.));
#10169 = ORIENTED_EDGE('',*,*,#10170,.F.);
#10170 = EDGE_CURVE('',#10144,#10163,#10171,.T.);
#10171 = CIRCLE('',#10172,1.016002032004);
#10172 = AXIS2_PLACEMENT_3D('',#10173,#10174,#10175);
#10173 = CARTESIAN_POINT('',(67.78412496825,30.682067564135,0.));
#10174 = DIRECTION('',(0.,0.,1.));
#10175 = DIRECTION('',(1.,1.110223024625E-16,-0.));
#10176 = CYLINDRICAL_SURFACE('',#10177,1.016002032004);
#10177 = AXIS2_PLACEMENT_3D('',#10178,#10179,#10180);
#10178 = CARTESIAN_POINT('',(67.78412496825,30.682067564135,0.));
#10179 = DIRECTION('',(-0.,-0.,-1.));
#10180 = DIRECTION('',(1.,1.110223024625E-16,-0.));
#10181 = ADVANCED_FACE('',(#10182),#10200,.F.);
#10182 = FACE_BOUND('',#10183,.T.);
#10183 = EDGE_LOOP('',(#10184,#10185,#10192,#10193));
#10184 = ORIENTED_EDGE('',*,*,#10162,.T.);
#10185 = ORIENTED_EDGE('',*,*,#10186,.T.);
#10186 = EDGE_CURVE('',#10154,#10146,#10187,.T.);
#10187 = CIRCLE('',#10188,1.016002032004);
#10188 = AXIS2_PLACEMENT_3D('',#10189,#10190,#10191);
#10189 = CARTESIAN_POINT('',(67.78412496825,30.682067564135,
    1.600050800102));
#10190 = DIRECTION('',(0.,0.,1.));
#10191 = DIRECTION('',(-1.,-1.110223024625E-16,0.));
#10192 = ORIENTED_EDGE('',*,*,#10143,.F.);
#10193 = ORIENTED_EDGE('',*,*,#10194,.F.);
#10194 = EDGE_CURVE('',#10163,#10144,#10195,.T.);
#10195 = CIRCLE('',#10196,1.016002032004);
#10196 = AXIS2_PLACEMENT_3D('',#10197,#10198,#10199);
#10197 = CARTESIAN_POINT('',(67.78412496825,30.682067564135,0.));
#10198 = DIRECTION('',(0.,0.,1.));
#10199 = DIRECTION('',(-1.,-1.110223024625E-16,0.));
#10200 = CYLINDRICAL_SURFACE('',#10201,1.016002032004);
#10201 = AXIS2_PLACEMENT_3D('',#10202,#10203,#10204);
#10202 = CARTESIAN_POINT('',(67.78412496825,30.682067564135,0.));
#10203 = DIRECTION('',(-0.,-0.,-1.));
#10204 = DIRECTION('',(-1.,-1.110223024625E-16,0.));
#10205 = ADVANCED_FACE('',(#10206),#10242,.F.);
#10206 = FACE_BOUND('',#10207,.T.);
#10207 = EDGE_LOOP('',(#10208,#10218,#10227,#10235));
#10208 = ORIENTED_EDGE('',*,*,#10209,.T.);
#10209 = EDGE_CURVE('',#10210,#10212,#10214,.T.);
#10210 = VERTEX_POINT('',#10211);
#10211 = CARTESIAN_POINT('',(67.810134620269,57.40411480823,0.));
#10212 = VERTEX_POINT('',#10213);
#10213 = CARTESIAN_POINT('',(67.810134620269,57.40411480823,
    1.600050800102));
#10214 = LINE('',#10215,#10216);
#10215 = CARTESIAN_POINT('',(67.810134620269,57.40411480823,0.));
#10216 = VECTOR('',#10217,1.);
#10217 = DIRECTION('',(0.,0.,1.));
#10218 = ORIENTED_EDGE('',*,*,#10219,.T.);
#10219 = EDGE_CURVE('',#10212,#10220,#10222,.T.);
#10220 = VERTEX_POINT('',#10221);
#10221 = CARTESIAN_POINT('',(66.810134620269,57.40411480823,
    1.600050800102));
#10222 = CIRCLE('',#10223,0.5);
#10223 = AXIS2_PLACEMENT_3D('',#10224,#10225,#10226);
#10224 = CARTESIAN_POINT('',(67.310134620269,57.40411480823,
    1.600050800102));
#10225 = DIRECTION('',(0.,0.,1.));
#10226 = DIRECTION('',(1.,1.110223024625E-16,-0.));
#10227 = ORIENTED_EDGE('',*,*,#10228,.F.);
#10228 = EDGE_CURVE('',#10229,#10220,#10231,.T.);
#10229 = VERTEX_POINT('',#10230);
#10230 = CARTESIAN_POINT('',(66.810134620269,57.40411480823,0.));
#10231 = LINE('',#10232,#10233);
#10232 = CARTESIAN_POINT('',(66.810134620269,57.40411480823,0.));
#10233 = VECTOR('',#10234,1.);
#10234 = DIRECTION('',(0.,0.,1.));
#10235 = ORIENTED_EDGE('',*,*,#10236,.F.);
#10236 = EDGE_CURVE('',#10210,#10229,#10237,.T.);
#10237 = CIRCLE('',#10238,0.5);
#10238 = AXIS2_PLACEMENT_3D('',#10239,#10240,#10241);
#10239 = CARTESIAN_POINT('',(67.310134620269,57.40411480823,0.));
#10240 = DIRECTION('',(0.,0.,1.));
#10241 = DIRECTION('',(1.,1.110223024625E-16,-0.));
#10242 = CYLINDRICAL_SURFACE('',#10243,0.5);
#10243 = AXIS2_PLACEMENT_3D('',#10244,#10245,#10246);
#10244 = CARTESIAN_POINT('',(67.310134620269,57.40411480823,0.));
#10245 = DIRECTION('',(-0.,-0.,-1.));
#10246 = DIRECTION('',(1.,1.110223024625E-16,-0.));
#10247 = ADVANCED_FACE('',(#10248),#10266,.F.);
#10248 = FACE_BOUND('',#10249,.T.);
#10249 = EDGE_LOOP('',(#10250,#10251,#10258,#10259));
#10250 = ORIENTED_EDGE('',*,*,#10228,.T.);
#10251 = ORIENTED_EDGE('',*,*,#10252,.T.);
#10252 = EDGE_CURVE('',#10220,#10212,#10253,.T.);
#10253 = CIRCLE('',#10254,0.5);
#10254 = AXIS2_PLACEMENT_3D('',#10255,#10256,#10257);
#10255 = CARTESIAN_POINT('',(67.310134620269,57.40411480823,
    1.600050800102));
#10256 = DIRECTION('',(0.,0.,1.));
#10257 = DIRECTION('',(-1.,-1.110223024625E-16,0.));
#10258 = ORIENTED_EDGE('',*,*,#10209,.F.);
#10259 = ORIENTED_EDGE('',*,*,#10260,.F.);
#10260 = EDGE_CURVE('',#10229,#10210,#10261,.T.);
#10261 = CIRCLE('',#10262,0.5);
#10262 = AXIS2_PLACEMENT_3D('',#10263,#10264,#10265);
#10263 = CARTESIAN_POINT('',(67.310134620269,57.40411480823,0.));
#10264 = DIRECTION('',(0.,0.,1.));
#10265 = DIRECTION('',(-1.,-1.110223024625E-16,0.));
#10266 = CYLINDRICAL_SURFACE('',#10267,0.5);
#10267 = AXIS2_PLACEMENT_3D('',#10268,#10269,#10270);
#10268 = CARTESIAN_POINT('',(67.310134620269,57.40411480823,0.));
#10269 = DIRECTION('',(-0.,-0.,-1.));
#10270 = DIRECTION('',(-1.,-1.110223024625E-16,0.));
#10271 = ADVANCED_FACE('',(#10272),#10308,.F.);
#10272 = FACE_BOUND('',#10273,.T.);
#10273 = EDGE_LOOP('',(#10274,#10284,#10293,#10301));
#10274 = ORIENTED_EDGE('',*,*,#10275,.T.);
#10275 = EDGE_CURVE('',#10276,#10278,#10280,.T.);
#10276 = VERTEX_POINT('',#10277);
#10277 = CARTESIAN_POINT('',(67.810134620269,42.164109728219,0.));
#10278 = VERTEX_POINT('',#10279);
#10279 = CARTESIAN_POINT('',(67.810134620269,42.164109728219,
    1.600050800102));
#10280 = LINE('',#10281,#10282);
#10281 = CARTESIAN_POINT('',(67.810134620269,42.164109728219,0.));
#10282 = VECTOR('',#10283,1.);
#10283 = DIRECTION('',(0.,0.,1.));
#10284 = ORIENTED_EDGE('',*,*,#10285,.T.);
#10285 = EDGE_CURVE('',#10278,#10286,#10288,.T.);
#10286 = VERTEX_POINT('',#10287);
#10287 = CARTESIAN_POINT('',(66.810134620269,42.164109728219,
    1.600050800102));
#10288 = CIRCLE('',#10289,0.5);
#10289 = AXIS2_PLACEMENT_3D('',#10290,#10291,#10292);
#10290 = CARTESIAN_POINT('',(67.310134620269,42.164109728219,
    1.600050800102));
#10291 = DIRECTION('',(0.,0.,1.));
#10292 = DIRECTION('',(1.,1.110223024625E-16,-0.));
#10293 = ORIENTED_EDGE('',*,*,#10294,.F.);
#10294 = EDGE_CURVE('',#10295,#10286,#10297,.T.);
#10295 = VERTEX_POINT('',#10296);
#10296 = CARTESIAN_POINT('',(66.810134620269,42.164109728219,0.));
#10297 = LINE('',#10298,#10299);
#10298 = CARTESIAN_POINT('',(66.810134620269,42.164109728219,0.));
#10299 = VECTOR('',#10300,1.);
#10300 = DIRECTION('',(0.,0.,1.));
#10301 = ORIENTED_EDGE('',*,*,#10302,.F.);
#10302 = EDGE_CURVE('',#10276,#10295,#10303,.T.);
#10303 = CIRCLE('',#10304,0.5);
#10304 = AXIS2_PLACEMENT_3D('',#10305,#10306,#10307);
#10305 = CARTESIAN_POINT('',(67.310134620269,42.164109728219,0.));
#10306 = DIRECTION('',(0.,0.,1.));
#10307 = DIRECTION('',(1.,1.110223024625E-16,-0.));
#10308 = CYLINDRICAL_SURFACE('',#10309,0.5);
#10309 = AXIS2_PLACEMENT_3D('',#10310,#10311,#10312);
#10310 = CARTESIAN_POINT('',(67.310134620269,42.164109728219,0.));
#10311 = DIRECTION('',(-0.,-0.,-1.));
#10312 = DIRECTION('',(1.,1.110223024625E-16,-0.));
#10313 = ADVANCED_FACE('',(#10314),#10332,.F.);
#10314 = FACE_BOUND('',#10315,.T.);
#10315 = EDGE_LOOP('',(#10316,#10317,#10324,#10325));
#10316 = ORIENTED_EDGE('',*,*,#10294,.T.);
#10317 = ORIENTED_EDGE('',*,*,#10318,.T.);
#10318 = EDGE_CURVE('',#10286,#10278,#10319,.T.);
#10319 = CIRCLE('',#10320,0.5);
#10320 = AXIS2_PLACEMENT_3D('',#10321,#10322,#10323);
#10321 = CARTESIAN_POINT('',(67.310134620269,42.164109728219,
    1.600050800102));
#10322 = DIRECTION('',(0.,0.,1.));
#10323 = DIRECTION('',(-1.,-1.110223024625E-16,0.));
#10324 = ORIENTED_EDGE('',*,*,#10275,.F.);
#10325 = ORIENTED_EDGE('',*,*,#10326,.F.);
#10326 = EDGE_CURVE('',#10295,#10276,#10327,.T.);
#10327 = CIRCLE('',#10328,0.5);
#10328 = AXIS2_PLACEMENT_3D('',#10329,#10330,#10331);
#10329 = CARTESIAN_POINT('',(67.310134620269,42.164109728219,0.));
#10330 = DIRECTION('',(0.,0.,1.));
#10331 = DIRECTION('',(-1.,-1.110223024625E-16,0.));
#10332 = CYLINDRICAL_SURFACE('',#10333,0.5);
#10333 = AXIS2_PLACEMENT_3D('',#10334,#10335,#10336);
#10334 = CARTESIAN_POINT('',(67.310134620269,42.164109728219,0.));
#10335 = DIRECTION('',(-0.,-0.,-1.));
#10336 = DIRECTION('',(-1.,-1.110223024625E-16,0.));
#10337 = ADVANCED_FACE('',(#10338),#10374,.F.);
#10338 = FACE_BOUND('',#10339,.T.);
#10339 = EDGE_LOOP('',(#10340,#10350,#10359,#10367));
#10340 = ORIENTED_EDGE('',*,*,#10341,.T.);
#10341 = EDGE_CURVE('',#10342,#10344,#10346,.T.);
#10342 = VERTEX_POINT('',#10343);
#10343 = CARTESIAN_POINT('',(70.450139700279,63.246126492253,0.));
#10344 = VERTEX_POINT('',#10345);
#10345 = CARTESIAN_POINT('',(70.450139700279,63.246126492253,
    1.600050800102));
#10346 = LINE('',#10347,#10348);
#10347 = CARTESIAN_POINT('',(70.450139700279,63.246126492253,0.));
#10348 = VECTOR('',#10349,1.);
#10349 = DIRECTION('',(0.,0.,1.));
#10350 = ORIENTED_EDGE('',*,*,#10351,.T.);
#10351 = EDGE_CURVE('',#10344,#10352,#10354,.T.);
#10352 = VERTEX_POINT('',#10353);
#10353 = CARTESIAN_POINT('',(69.250139700279,63.246126492253,
    1.600050800102));
#10354 = CIRCLE('',#10355,0.6);
#10355 = AXIS2_PLACEMENT_3D('',#10356,#10357,#10358);
#10356 = CARTESIAN_POINT('',(69.850139700279,63.246126492253,
    1.600050800102));
#10357 = DIRECTION('',(0.,0.,1.));
#10358 = DIRECTION('',(1.,1.110223024625E-16,-0.));
#10359 = ORIENTED_EDGE('',*,*,#10360,.F.);
#10360 = EDGE_CURVE('',#10361,#10352,#10363,.T.);
#10361 = VERTEX_POINT('',#10362);
#10362 = CARTESIAN_POINT('',(69.250139700279,63.246126492253,0.));
#10363 = LINE('',#10364,#10365);
#10364 = CARTESIAN_POINT('',(69.250139700279,63.246126492253,0.));
#10365 = VECTOR('',#10366,1.);
#10366 = DIRECTION('',(0.,0.,1.));
#10367 = ORIENTED_EDGE('',*,*,#10368,.F.);
#10368 = EDGE_CURVE('',#10342,#10361,#10369,.T.);
#10369 = CIRCLE('',#10370,0.6);
#10370 = AXIS2_PLACEMENT_3D('',#10371,#10372,#10373);
#10371 = CARTESIAN_POINT('',(69.850139700279,63.246126492253,0.));
#10372 = DIRECTION('',(0.,0.,1.));
#10373 = DIRECTION('',(1.,1.110223024625E-16,-0.));
#10374 = CYLINDRICAL_SURFACE('',#10375,0.6);
#10375 = AXIS2_PLACEMENT_3D('',#10376,#10377,#10378);
#10376 = CARTESIAN_POINT('',(69.850139700279,63.246126492253,0.));
#10377 = DIRECTION('',(-0.,-0.,-1.));
#10378 = DIRECTION('',(1.,1.110223024625E-16,-0.));
#10379 = ADVANCED_FACE('',(#10380),#10398,.F.);
#10380 = FACE_BOUND('',#10381,.T.);
#10381 = EDGE_LOOP('',(#10382,#10383,#10390,#10391));
#10382 = ORIENTED_EDGE('',*,*,#10360,.T.);
#10383 = ORIENTED_EDGE('',*,*,#10384,.T.);
#10384 = EDGE_CURVE('',#10352,#10344,#10385,.T.);
#10385 = CIRCLE('',#10386,0.6);
#10386 = AXIS2_PLACEMENT_3D('',#10387,#10388,#10389);
#10387 = CARTESIAN_POINT('',(69.850139700279,63.246126492253,
    1.600050800102));
#10388 = DIRECTION('',(0.,0.,1.));
#10389 = DIRECTION('',(-1.,-1.110223024625E-16,0.));
#10390 = ORIENTED_EDGE('',*,*,#10341,.F.);
#10391 = ORIENTED_EDGE('',*,*,#10392,.F.);
#10392 = EDGE_CURVE('',#10361,#10342,#10393,.T.);
#10393 = CIRCLE('',#10394,0.6);
#10394 = AXIS2_PLACEMENT_3D('',#10395,#10396,#10397);
#10395 = CARTESIAN_POINT('',(69.850139700279,63.246126492253,0.));
#10396 = DIRECTION('',(0.,0.,1.));
#10397 = DIRECTION('',(-1.,-1.110223024625E-16,0.));
#10398 = CYLINDRICAL_SURFACE('',#10399,0.6);
#10399 = AXIS2_PLACEMENT_3D('',#10400,#10401,#10402);
#10400 = CARTESIAN_POINT('',(69.850139700279,63.246126492253,0.));
#10401 = DIRECTION('',(-0.,-0.,-1.));
#10402 = DIRECTION('',(-1.,-1.110223024625E-16,0.));
#10403 = ADVANCED_FACE('',(#10404),#10440,.F.);
#10404 = FACE_BOUND('',#10405,.T.);
#10405 = EDGE_LOOP('',(#10406,#10416,#10425,#10433));
#10406 = ORIENTED_EDGE('',*,*,#10407,.T.);
#10407 = EDGE_CURVE('',#10408,#10410,#10412,.T.);
#10408 = VERTEX_POINT('',#10409);
#10409 = CARTESIAN_POINT('',(70.450139700279,36.195072390145,0.));
#10410 = VERTEX_POINT('',#10411);
#10411 = CARTESIAN_POINT('',(70.450139700279,36.195072390145,
    1.600050800102));
#10412 = LINE('',#10413,#10414);
#10413 = CARTESIAN_POINT('',(70.450139700279,36.195072390145,0.));
#10414 = VECTOR('',#10415,1.);
#10415 = DIRECTION('',(0.,0.,1.));
#10416 = ORIENTED_EDGE('',*,*,#10417,.T.);
#10417 = EDGE_CURVE('',#10410,#10418,#10420,.T.);
#10418 = VERTEX_POINT('',#10419);
#10419 = CARTESIAN_POINT('',(69.250139700279,36.195072390145,
    1.600050800102));
#10420 = CIRCLE('',#10421,0.6);
#10421 = AXIS2_PLACEMENT_3D('',#10422,#10423,#10424);
#10422 = CARTESIAN_POINT('',(69.850139700279,36.195072390145,
    1.600050800102));
#10423 = DIRECTION('',(0.,0.,1.));
#10424 = DIRECTION('',(1.,1.110223024625E-16,-0.));
#10425 = ORIENTED_EDGE('',*,*,#10426,.F.);
#10426 = EDGE_CURVE('',#10427,#10418,#10429,.T.);
#10427 = VERTEX_POINT('',#10428);
#10428 = CARTESIAN_POINT('',(69.250139700279,36.195072390145,0.));
#10429 = LINE('',#10430,#10431);
#10430 = CARTESIAN_POINT('',(69.250139700279,36.195072390145,0.));
#10431 = VECTOR('',#10432,1.);
#10432 = DIRECTION('',(0.,0.,1.));
#10433 = ORIENTED_EDGE('',*,*,#10434,.F.);
#10434 = EDGE_CURVE('',#10408,#10427,#10435,.T.);
#10435 = CIRCLE('',#10436,0.6);
#10436 = AXIS2_PLACEMENT_3D('',#10437,#10438,#10439);
#10437 = CARTESIAN_POINT('',(69.850139700279,36.195072390145,0.));
#10438 = DIRECTION('',(0.,0.,1.));
#10439 = DIRECTION('',(1.,1.110223024625E-16,-0.));
#10440 = CYLINDRICAL_SURFACE('',#10441,0.6);
#10441 = AXIS2_PLACEMENT_3D('',#10442,#10443,#10444);
#10442 = CARTESIAN_POINT('',(69.850139700279,36.195072390145,0.));
#10443 = DIRECTION('',(-0.,-0.,-1.));
#10444 = DIRECTION('',(1.,1.110223024625E-16,-0.));
#10445 = ADVANCED_FACE('',(#10446),#10464,.F.);
#10446 = FACE_BOUND('',#10447,.T.);
#10447 = EDGE_LOOP('',(#10448,#10449,#10456,#10457));
#10448 = ORIENTED_EDGE('',*,*,#10426,.T.);
#10449 = ORIENTED_EDGE('',*,*,#10450,.T.);
#10450 = EDGE_CURVE('',#10418,#10410,#10451,.T.);
#10451 = CIRCLE('',#10452,0.6);
#10452 = AXIS2_PLACEMENT_3D('',#10453,#10454,#10455);
#10453 = CARTESIAN_POINT('',(69.850139700279,36.195072390145,
    1.600050800102));
#10454 = DIRECTION('',(0.,0.,1.));
#10455 = DIRECTION('',(-1.,-1.110223024625E-16,0.));
#10456 = ORIENTED_EDGE('',*,*,#10407,.F.);
#10457 = ORIENTED_EDGE('',*,*,#10458,.F.);
#10458 = EDGE_CURVE('',#10427,#10408,#10459,.T.);
#10459 = CIRCLE('',#10460,0.6);
#10460 = AXIS2_PLACEMENT_3D('',#10461,#10462,#10463);
#10461 = CARTESIAN_POINT('',(69.850139700279,36.195072390145,0.));
#10462 = DIRECTION('',(0.,0.,1.));
#10463 = DIRECTION('',(-1.,-1.110223024625E-16,0.));
#10464 = CYLINDRICAL_SURFACE('',#10465,0.6);
#10465 = AXIS2_PLACEMENT_3D('',#10466,#10467,#10468);
#10466 = CARTESIAN_POINT('',(69.850139700279,36.195072390145,0.));
#10467 = DIRECTION('',(-0.,-0.,-1.));
#10468 = DIRECTION('',(-1.,-1.110223024625E-16,0.));
#10469 = ADVANCED_FACE('',(#10470),#10506,.F.);
#10470 = FACE_BOUND('',#10471,.T.);
#10471 = EDGE_LOOP('',(#10472,#10482,#10491,#10499));
#10472 = ORIENTED_EDGE('',*,*,#10473,.T.);
#10473 = EDGE_CURVE('',#10474,#10476,#10478,.T.);
#10474 = VERTEX_POINT('',#10475);
#10475 = CARTESIAN_POINT('',(70.350139700279,57.40411480823,0.));
#10476 = VERTEX_POINT('',#10477);
#10477 = CARTESIAN_POINT('',(70.350139700279,57.40411480823,
    1.600050800102));
#10478 = LINE('',#10479,#10480);
#10479 = CARTESIAN_POINT('',(70.350139700279,57.40411480823,0.));
#10480 = VECTOR('',#10481,1.);
#10481 = DIRECTION('',(0.,0.,1.));
#10482 = ORIENTED_EDGE('',*,*,#10483,.T.);
#10483 = EDGE_CURVE('',#10476,#10484,#10486,.T.);
#10484 = VERTEX_POINT('',#10485);
#10485 = CARTESIAN_POINT('',(69.350139700279,57.40411480823,
    1.600050800102));
#10486 = CIRCLE('',#10487,0.5);
#10487 = AXIS2_PLACEMENT_3D('',#10488,#10489,#10490);
#10488 = CARTESIAN_POINT('',(69.850139700279,57.40411480823,
    1.600050800102));
#10489 = DIRECTION('',(0.,0.,1.));
#10490 = DIRECTION('',(1.,1.110223024625E-16,-0.));
#10491 = ORIENTED_EDGE('',*,*,#10492,.F.);
#10492 = EDGE_CURVE('',#10493,#10484,#10495,.T.);
#10493 = VERTEX_POINT('',#10494);
#10494 = CARTESIAN_POINT('',(69.350139700279,57.40411480823,0.));
#10495 = LINE('',#10496,#10497);
#10496 = CARTESIAN_POINT('',(69.350139700279,57.40411480823,0.));
#10497 = VECTOR('',#10498,1.);
#10498 = DIRECTION('',(0.,0.,1.));
#10499 = ORIENTED_EDGE('',*,*,#10500,.F.);
#10500 = EDGE_CURVE('',#10474,#10493,#10501,.T.);
#10501 = CIRCLE('',#10502,0.5);
#10502 = AXIS2_PLACEMENT_3D('',#10503,#10504,#10505);
#10503 = CARTESIAN_POINT('',(69.850139700279,57.40411480823,0.));
#10504 = DIRECTION('',(0.,0.,1.));
#10505 = DIRECTION('',(1.,1.110223024625E-16,-0.));
#10506 = CYLINDRICAL_SURFACE('',#10507,0.5);
#10507 = AXIS2_PLACEMENT_3D('',#10508,#10509,#10510);
#10508 = CARTESIAN_POINT('',(69.850139700279,57.40411480823,0.));
#10509 = DIRECTION('',(-0.,-0.,-1.));
#10510 = DIRECTION('',(1.,1.110223024625E-16,-0.));
#10511 = ADVANCED_FACE('',(#10512),#10530,.F.);
#10512 = FACE_BOUND('',#10513,.T.);
#10513 = EDGE_LOOP('',(#10514,#10515,#10522,#10523));
#10514 = ORIENTED_EDGE('',*,*,#10492,.T.);
#10515 = ORIENTED_EDGE('',*,*,#10516,.T.);
#10516 = EDGE_CURVE('',#10484,#10476,#10517,.T.);
#10517 = CIRCLE('',#10518,0.5);
#10518 = AXIS2_PLACEMENT_3D('',#10519,#10520,#10521);
#10519 = CARTESIAN_POINT('',(69.850139700279,57.40411480823,
    1.600050800102));
#10520 = DIRECTION('',(0.,0.,1.));
#10521 = DIRECTION('',(-1.,-1.110223024625E-16,0.));
#10522 = ORIENTED_EDGE('',*,*,#10473,.F.);
#10523 = ORIENTED_EDGE('',*,*,#10524,.F.);
#10524 = EDGE_CURVE('',#10493,#10474,#10525,.T.);
#10525 = CIRCLE('',#10526,0.5);
#10526 = AXIS2_PLACEMENT_3D('',#10527,#10528,#10529);
#10527 = CARTESIAN_POINT('',(69.850139700279,57.40411480823,0.));
#10528 = DIRECTION('',(0.,0.,1.));
#10529 = DIRECTION('',(-1.,-1.110223024625E-16,0.));
#10530 = CYLINDRICAL_SURFACE('',#10531,0.5);
#10531 = AXIS2_PLACEMENT_3D('',#10532,#10533,#10534);
#10532 = CARTESIAN_POINT('',(69.850139700279,57.40411480823,0.));
#10533 = DIRECTION('',(-0.,-0.,-1.));
#10534 = DIRECTION('',(-1.,-1.110223024625E-16,0.));
#10535 = ADVANCED_FACE('',(#10536),#10572,.F.);
#10536 = FACE_BOUND('',#10537,.T.);
#10537 = EDGE_LOOP('',(#10538,#10548,#10557,#10565));
#10538 = ORIENTED_EDGE('',*,*,#10539,.T.);
#10539 = EDGE_CURVE('',#10540,#10542,#10544,.T.);
#10540 = VERTEX_POINT('',#10541);
#10541 = CARTESIAN_POINT('',(70.350139700279,42.164109728219,0.));
#10542 = VERTEX_POINT('',#10543);
#10543 = CARTESIAN_POINT('',(70.350139700279,42.164109728219,
    1.600050800102));
#10544 = LINE('',#10545,#10546);
#10545 = CARTESIAN_POINT('',(70.350139700279,42.164109728219,0.));
#10546 = VECTOR('',#10547,1.);
#10547 = DIRECTION('',(0.,0.,1.));
#10548 = ORIENTED_EDGE('',*,*,#10549,.T.);
#10549 = EDGE_CURVE('',#10542,#10550,#10552,.T.);
#10550 = VERTEX_POINT('',#10551);
#10551 = CARTESIAN_POINT('',(69.350139700279,42.164109728219,
    1.600050800102));
#10552 = CIRCLE('',#10553,0.5);
#10553 = AXIS2_PLACEMENT_3D('',#10554,#10555,#10556);
#10554 = CARTESIAN_POINT('',(69.850139700279,42.164109728219,
    1.600050800102));
#10555 = DIRECTION('',(0.,0.,1.));
#10556 = DIRECTION('',(1.,1.110223024625E-16,-0.));
#10557 = ORIENTED_EDGE('',*,*,#10558,.F.);
#10558 = EDGE_CURVE('',#10559,#10550,#10561,.T.);
#10559 = VERTEX_POINT('',#10560);
#10560 = CARTESIAN_POINT('',(69.350139700279,42.164109728219,0.));
#10561 = LINE('',#10562,#10563);
#10562 = CARTESIAN_POINT('',(69.350139700279,42.164109728219,0.));
#10563 = VECTOR('',#10564,1.);
#10564 = DIRECTION('',(0.,0.,1.));
#10565 = ORIENTED_EDGE('',*,*,#10566,.F.);
#10566 = EDGE_CURVE('',#10540,#10559,#10567,.T.);
#10567 = CIRCLE('',#10568,0.5);
#10568 = AXIS2_PLACEMENT_3D('',#10569,#10570,#10571);
#10569 = CARTESIAN_POINT('',(69.850139700279,42.164109728219,0.));
#10570 = DIRECTION('',(0.,0.,1.));
#10571 = DIRECTION('',(1.,1.110223024625E-16,-0.));
#10572 = CYLINDRICAL_SURFACE('',#10573,0.5);
#10573 = AXIS2_PLACEMENT_3D('',#10574,#10575,#10576);
#10574 = CARTESIAN_POINT('',(69.850139700279,42.164109728219,0.));
#10575 = DIRECTION('',(-0.,-0.,-1.));
#10576 = DIRECTION('',(1.,1.110223024625E-16,-0.));
#10577 = ADVANCED_FACE('',(#10578),#10596,.F.);
#10578 = FACE_BOUND('',#10579,.T.);
#10579 = EDGE_LOOP('',(#10580,#10581,#10588,#10589));
#10580 = ORIENTED_EDGE('',*,*,#10558,.T.);
#10581 = ORIENTED_EDGE('',*,*,#10582,.T.);
#10582 = EDGE_CURVE('',#10550,#10542,#10583,.T.);
#10583 = CIRCLE('',#10584,0.5);
#10584 = AXIS2_PLACEMENT_3D('',#10585,#10586,#10587);
#10585 = CARTESIAN_POINT('',(69.850139700279,42.164109728219,
    1.600050800102));
#10586 = DIRECTION('',(0.,0.,1.));
#10587 = DIRECTION('',(-1.,-1.110223024625E-16,0.));
#10588 = ORIENTED_EDGE('',*,*,#10539,.F.);
#10589 = ORIENTED_EDGE('',*,*,#10590,.F.);
#10590 = EDGE_CURVE('',#10559,#10540,#10591,.T.);
#10591 = CIRCLE('',#10592,0.5);
#10592 = AXIS2_PLACEMENT_3D('',#10593,#10594,#10595);
#10593 = CARTESIAN_POINT('',(69.850139700279,42.164109728219,0.));
#10594 = DIRECTION('',(0.,0.,1.));
#10595 = DIRECTION('',(-1.,-1.110223024625E-16,0.));
#10596 = CYLINDRICAL_SURFACE('',#10597,0.5);
#10597 = AXIS2_PLACEMENT_3D('',#10598,#10599,#10600);
#10598 = CARTESIAN_POINT('',(69.850139700279,42.164109728219,0.));
#10599 = DIRECTION('',(-0.,-0.,-1.));
#10600 = DIRECTION('',(-1.,-1.110223024625E-16,0.));
#10601 = ADVANCED_FACE('',(#10602),#10638,.F.);
#10602 = FACE_BOUND('',#10603,.T.);
#10603 = EDGE_LOOP('',(#10604,#10614,#10623,#10631));
#10604 = ORIENTED_EDGE('',*,*,#10605,.T.);
#10605 = EDGE_CURVE('',#10606,#10608,#10610,.T.);
#10606 = VERTEX_POINT('',#10607);
#10607 = CARTESIAN_POINT('',(72.99014478029,63.246126492253,0.));
#10608 = VERTEX_POINT('',#10609);
#10609 = CARTESIAN_POINT('',(72.99014478029,63.246126492253,
    1.600050800102));
#10610 = LINE('',#10611,#10612);
#10611 = CARTESIAN_POINT('',(72.99014478029,63.246126492253,0.));
#10612 = VECTOR('',#10613,1.);
#10613 = DIRECTION('',(0.,0.,1.));
#10614 = ORIENTED_EDGE('',*,*,#10615,.T.);
#10615 = EDGE_CURVE('',#10608,#10616,#10618,.T.);
#10616 = VERTEX_POINT('',#10617);
#10617 = CARTESIAN_POINT('',(71.79014478029,63.246126492253,
    1.600050800102));
#10618 = CIRCLE('',#10619,0.6);
#10619 = AXIS2_PLACEMENT_3D('',#10620,#10621,#10622);
#10620 = CARTESIAN_POINT('',(72.39014478029,63.246126492253,
    1.600050800102));
#10621 = DIRECTION('',(0.,0.,1.));
#10622 = DIRECTION('',(1.,1.110223024625E-16,-0.));
#10623 = ORIENTED_EDGE('',*,*,#10624,.F.);
#10624 = EDGE_CURVE('',#10625,#10616,#10627,.T.);
#10625 = VERTEX_POINT('',#10626);
#10626 = CARTESIAN_POINT('',(71.79014478029,63.246126492253,0.));
#10627 = LINE('',#10628,#10629);
#10628 = CARTESIAN_POINT('',(71.79014478029,63.246126492253,0.));
#10629 = VECTOR('',#10630,1.);
#10630 = DIRECTION('',(0.,0.,1.));
#10631 = ORIENTED_EDGE('',*,*,#10632,.F.);
#10632 = EDGE_CURVE('',#10606,#10625,#10633,.T.);
#10633 = CIRCLE('',#10634,0.6);
#10634 = AXIS2_PLACEMENT_3D('',#10635,#10636,#10637);
#10635 = CARTESIAN_POINT('',(72.39014478029,63.246126492253,0.));
#10636 = DIRECTION('',(0.,0.,1.));
#10637 = DIRECTION('',(1.,1.110223024625E-16,-0.));
#10638 = CYLINDRICAL_SURFACE('',#10639,0.6);
#10639 = AXIS2_PLACEMENT_3D('',#10640,#10641,#10642);
#10640 = CARTESIAN_POINT('',(72.39014478029,63.246126492253,0.));
#10641 = DIRECTION('',(-0.,-0.,-1.));
#10642 = DIRECTION('',(1.,1.110223024625E-16,-0.));
#10643 = ADVANCED_FACE('',(#10644),#10662,.F.);
#10644 = FACE_BOUND('',#10645,.T.);
#10645 = EDGE_LOOP('',(#10646,#10647,#10654,#10655));
#10646 = ORIENTED_EDGE('',*,*,#10624,.T.);
#10647 = ORIENTED_EDGE('',*,*,#10648,.T.);
#10648 = EDGE_CURVE('',#10616,#10608,#10649,.T.);
#10649 = CIRCLE('',#10650,0.6);
#10650 = AXIS2_PLACEMENT_3D('',#10651,#10652,#10653);
#10651 = CARTESIAN_POINT('',(72.39014478029,63.246126492253,
    1.600050800102));
#10652 = DIRECTION('',(0.,0.,1.));
#10653 = DIRECTION('',(-1.,-1.110223024625E-16,0.));
#10654 = ORIENTED_EDGE('',*,*,#10605,.F.);
#10655 = ORIENTED_EDGE('',*,*,#10656,.F.);
#10656 = EDGE_CURVE('',#10625,#10606,#10657,.T.);
#10657 = CIRCLE('',#10658,0.6);
#10658 = AXIS2_PLACEMENT_3D('',#10659,#10660,#10661);
#10659 = CARTESIAN_POINT('',(72.39014478029,63.246126492253,0.));
#10660 = DIRECTION('',(0.,0.,1.));
#10661 = DIRECTION('',(-1.,-1.110223024625E-16,0.));
#10662 = CYLINDRICAL_SURFACE('',#10663,0.6);
#10663 = AXIS2_PLACEMENT_3D('',#10664,#10665,#10666);
#10664 = CARTESIAN_POINT('',(72.39014478029,63.246126492253,0.));
#10665 = DIRECTION('',(-0.,-0.,-1.));
#10666 = DIRECTION('',(-1.,-1.110223024625E-16,0.));
#10667 = ADVANCED_FACE('',(#10668),#10704,.F.);
#10668 = FACE_BOUND('',#10669,.T.);
#10669 = EDGE_LOOP('',(#10670,#10680,#10689,#10697));
#10670 = ORIENTED_EDGE('',*,*,#10671,.T.);
#10671 = EDGE_CURVE('',#10672,#10674,#10676,.T.);
#10672 = VERTEX_POINT('',#10673);
#10673 = CARTESIAN_POINT('',(72.99014478029,36.195072390145,0.));
#10674 = VERTEX_POINT('',#10675);
#10675 = CARTESIAN_POINT('',(72.99014478029,36.195072390145,
    1.600050800102));
#10676 = LINE('',#10677,#10678);
#10677 = CARTESIAN_POINT('',(72.99014478029,36.195072390145,0.));
#10678 = VECTOR('',#10679,1.);
#10679 = DIRECTION('',(0.,0.,1.));
#10680 = ORIENTED_EDGE('',*,*,#10681,.T.);
#10681 = EDGE_CURVE('',#10674,#10682,#10684,.T.);
#10682 = VERTEX_POINT('',#10683);
#10683 = CARTESIAN_POINT('',(71.79014478029,36.195072390145,
    1.600050800102));
#10684 = CIRCLE('',#10685,0.6);
#10685 = AXIS2_PLACEMENT_3D('',#10686,#10687,#10688);
#10686 = CARTESIAN_POINT('',(72.39014478029,36.195072390145,
    1.600050800102));
#10687 = DIRECTION('',(0.,0.,1.));
#10688 = DIRECTION('',(1.,1.110223024625E-16,-0.));
#10689 = ORIENTED_EDGE('',*,*,#10690,.F.);
#10690 = EDGE_CURVE('',#10691,#10682,#10693,.T.);
#10691 = VERTEX_POINT('',#10692);
#10692 = CARTESIAN_POINT('',(71.79014478029,36.195072390145,0.));
#10693 = LINE('',#10694,#10695);
#10694 = CARTESIAN_POINT('',(71.79014478029,36.195072390145,0.));
#10695 = VECTOR('',#10696,1.);
#10696 = DIRECTION('',(0.,0.,1.));
#10697 = ORIENTED_EDGE('',*,*,#10698,.F.);
#10698 = EDGE_CURVE('',#10672,#10691,#10699,.T.);
#10699 = CIRCLE('',#10700,0.6);
#10700 = AXIS2_PLACEMENT_3D('',#10701,#10702,#10703);
#10701 = CARTESIAN_POINT('',(72.39014478029,36.195072390145,0.));
#10702 = DIRECTION('',(0.,0.,1.));
#10703 = DIRECTION('',(1.,1.110223024625E-16,-0.));
#10704 = CYLINDRICAL_SURFACE('',#10705,0.6);
#10705 = AXIS2_PLACEMENT_3D('',#10706,#10707,#10708);
#10706 = CARTESIAN_POINT('',(72.39014478029,36.195072390145,0.));
#10707 = DIRECTION('',(-0.,-0.,-1.));
#10708 = DIRECTION('',(1.,1.110223024625E-16,-0.));
#10709 = ADVANCED_FACE('',(#10710),#10728,.F.);
#10710 = FACE_BOUND('',#10711,.T.);
#10711 = EDGE_LOOP('',(#10712,#10713,#10720,#10721));
#10712 = ORIENTED_EDGE('',*,*,#10690,.T.);
#10713 = ORIENTED_EDGE('',*,*,#10714,.T.);
#10714 = EDGE_CURVE('',#10682,#10674,#10715,.T.);
#10715 = CIRCLE('',#10716,0.6);
#10716 = AXIS2_PLACEMENT_3D('',#10717,#10718,#10719);
#10717 = CARTESIAN_POINT('',(72.39014478029,36.195072390145,
    1.600050800102));
#10718 = DIRECTION('',(0.,0.,1.));
#10719 = DIRECTION('',(-1.,-1.110223024625E-16,0.));
#10720 = ORIENTED_EDGE('',*,*,#10671,.F.);
#10721 = ORIENTED_EDGE('',*,*,#10722,.F.);
#10722 = EDGE_CURVE('',#10691,#10672,#10723,.T.);
#10723 = CIRCLE('',#10724,0.6);
#10724 = AXIS2_PLACEMENT_3D('',#10725,#10726,#10727);
#10725 = CARTESIAN_POINT('',(72.39014478029,36.195072390145,0.));
#10726 = DIRECTION('',(0.,0.,1.));
#10727 = DIRECTION('',(-1.,-1.110223024625E-16,0.));
#10728 = CYLINDRICAL_SURFACE('',#10729,0.6);
#10729 = AXIS2_PLACEMENT_3D('',#10730,#10731,#10732);
#10730 = CARTESIAN_POINT('',(72.39014478029,36.195072390145,0.));
#10731 = DIRECTION('',(-0.,-0.,-1.));
#10732 = DIRECTION('',(-1.,-1.110223024625E-16,0.));
#10733 = ADVANCED_FACE('',(#10734),#10770,.F.);
#10734 = FACE_BOUND('',#10735,.T.);
#10735 = EDGE_LOOP('',(#10736,#10746,#10755,#10763));
#10736 = ORIENTED_EDGE('',*,*,#10737,.T.);
#10737 = EDGE_CURVE('',#10738,#10740,#10742,.T.);
#10738 = VERTEX_POINT('',#10739);
#10739 = CARTESIAN_POINT('',(72.89014478029,57.40411480823,0.));
#10740 = VERTEX_POINT('',#10741);
#10741 = CARTESIAN_POINT('',(72.89014478029,57.40411480823,
    1.600050800102));
#10742 = LINE('',#10743,#10744);
#10743 = CARTESIAN_POINT('',(72.89014478029,57.40411480823,0.));
#10744 = VECTOR('',#10745,1.);
#10745 = DIRECTION('',(0.,0.,1.));
#10746 = ORIENTED_EDGE('',*,*,#10747,.T.);
#10747 = EDGE_CURVE('',#10740,#10748,#10750,.T.);
#10748 = VERTEX_POINT('',#10749);
#10749 = CARTESIAN_POINT('',(71.89014478029,57.40411480823,
    1.600050800102));
#10750 = CIRCLE('',#10751,0.5);
#10751 = AXIS2_PLACEMENT_3D('',#10752,#10753,#10754);
#10752 = CARTESIAN_POINT('',(72.39014478029,57.40411480823,
    1.600050800102));
#10753 = DIRECTION('',(0.,0.,1.));
#10754 = DIRECTION('',(1.,1.110223024625E-16,-0.));
#10755 = ORIENTED_EDGE('',*,*,#10756,.F.);
#10756 = EDGE_CURVE('',#10757,#10748,#10759,.T.);
#10757 = VERTEX_POINT('',#10758);
#10758 = CARTESIAN_POINT('',(71.89014478029,57.40411480823,0.));
#10759 = LINE('',#10760,#10761);
#10760 = CARTESIAN_POINT('',(71.89014478029,57.40411480823,0.));
#10761 = VECTOR('',#10762,1.);
#10762 = DIRECTION('',(0.,0.,1.));
#10763 = ORIENTED_EDGE('',*,*,#10764,.F.);
#10764 = EDGE_CURVE('',#10738,#10757,#10765,.T.);
#10765 = CIRCLE('',#10766,0.5);
#10766 = AXIS2_PLACEMENT_3D('',#10767,#10768,#10769);
#10767 = CARTESIAN_POINT('',(72.39014478029,57.40411480823,0.));
#10768 = DIRECTION('',(0.,0.,1.));
#10769 = DIRECTION('',(1.,1.110223024625E-16,-0.));
#10770 = CYLINDRICAL_SURFACE('',#10771,0.5);
#10771 = AXIS2_PLACEMENT_3D('',#10772,#10773,#10774);
#10772 = CARTESIAN_POINT('',(72.39014478029,57.40411480823,0.));
#10773 = DIRECTION('',(-0.,-0.,-1.));
#10774 = DIRECTION('',(1.,1.110223024625E-16,-0.));
#10775 = ADVANCED_FACE('',(#10776),#10794,.F.);
#10776 = FACE_BOUND('',#10777,.T.);
#10777 = EDGE_LOOP('',(#10778,#10779,#10786,#10787));
#10778 = ORIENTED_EDGE('',*,*,#10756,.T.);
#10779 = ORIENTED_EDGE('',*,*,#10780,.T.);
#10780 = EDGE_CURVE('',#10748,#10740,#10781,.T.);
#10781 = CIRCLE('',#10782,0.5);
#10782 = AXIS2_PLACEMENT_3D('',#10783,#10784,#10785);
#10783 = CARTESIAN_POINT('',(72.39014478029,57.40411480823,
    1.600050800102));
#10784 = DIRECTION('',(0.,0.,1.));
#10785 = DIRECTION('',(-1.,-1.110223024625E-16,0.));
#10786 = ORIENTED_EDGE('',*,*,#10737,.F.);
#10787 = ORIENTED_EDGE('',*,*,#10788,.F.);
#10788 = EDGE_CURVE('',#10757,#10738,#10789,.T.);
#10789 = CIRCLE('',#10790,0.5);
#10790 = AXIS2_PLACEMENT_3D('',#10791,#10792,#10793);
#10791 = CARTESIAN_POINT('',(72.39014478029,57.40411480823,0.));
#10792 = DIRECTION('',(0.,0.,1.));
#10793 = DIRECTION('',(-1.,-1.110223024625E-16,0.));
#10794 = CYLINDRICAL_SURFACE('',#10795,0.5);
#10795 = AXIS2_PLACEMENT_3D('',#10796,#10797,#10798);
#10796 = CARTESIAN_POINT('',(72.39014478029,57.40411480823,0.));
#10797 = DIRECTION('',(-0.,-0.,-1.));
#10798 = DIRECTION('',(-1.,-1.110223024625E-16,0.));
#10799 = ADVANCED_FACE('',(#10800),#10836,.F.);
#10800 = FACE_BOUND('',#10801,.T.);
#10801 = EDGE_LOOP('',(#10802,#10812,#10821,#10829));
#10802 = ORIENTED_EDGE('',*,*,#10803,.T.);
#10803 = EDGE_CURVE('',#10804,#10806,#10808,.T.);
#10804 = VERTEX_POINT('',#10805);
#10805 = CARTESIAN_POINT('',(72.89014478029,42.164109728219,0.));
#10806 = VERTEX_POINT('',#10807);
#10807 = CARTESIAN_POINT('',(72.89014478029,42.164109728219,
    1.600050800102));
#10808 = LINE('',#10809,#10810);
#10809 = CARTESIAN_POINT('',(72.89014478029,42.164109728219,0.));
#10810 = VECTOR('',#10811,1.);
#10811 = DIRECTION('',(0.,0.,1.));
#10812 = ORIENTED_EDGE('',*,*,#10813,.T.);
#10813 = EDGE_CURVE('',#10806,#10814,#10816,.T.);
#10814 = VERTEX_POINT('',#10815);
#10815 = CARTESIAN_POINT('',(71.89014478029,42.164109728219,
    1.600050800102));
#10816 = CIRCLE('',#10817,0.5);
#10817 = AXIS2_PLACEMENT_3D('',#10818,#10819,#10820);
#10818 = CARTESIAN_POINT('',(72.39014478029,42.164109728219,
    1.600050800102));
#10819 = DIRECTION('',(0.,0.,1.));
#10820 = DIRECTION('',(1.,1.110223024625E-16,-0.));
#10821 = ORIENTED_EDGE('',*,*,#10822,.F.);
#10822 = EDGE_CURVE('',#10823,#10814,#10825,.T.);
#10823 = VERTEX_POINT('',#10824);
#10824 = CARTESIAN_POINT('',(71.89014478029,42.164109728219,0.));
#10825 = LINE('',#10826,#10827);
#10826 = CARTESIAN_POINT('',(71.89014478029,42.164109728219,0.));
#10827 = VECTOR('',#10828,1.);
#10828 = DIRECTION('',(0.,0.,1.));
#10829 = ORIENTED_EDGE('',*,*,#10830,.F.);
#10830 = EDGE_CURVE('',#10804,#10823,#10831,.T.);
#10831 = CIRCLE('',#10832,0.5);
#10832 = AXIS2_PLACEMENT_3D('',#10833,#10834,#10835);
#10833 = CARTESIAN_POINT('',(72.39014478029,42.164109728219,0.));
#10834 = DIRECTION('',(0.,0.,1.));
#10835 = DIRECTION('',(1.,1.110223024625E-16,-0.));
#10836 = CYLINDRICAL_SURFACE('',#10837,0.5);
#10837 = AXIS2_PLACEMENT_3D('',#10838,#10839,#10840);
#10838 = CARTESIAN_POINT('',(72.39014478029,42.164109728219,0.));
#10839 = DIRECTION('',(-0.,-0.,-1.));
#10840 = DIRECTION('',(1.,1.110223024625E-16,-0.));
#10841 = ADVANCED_FACE('',(#10842),#10860,.F.);
#10842 = FACE_BOUND('',#10843,.T.);
#10843 = EDGE_LOOP('',(#10844,#10845,#10852,#10853));
#10844 = ORIENTED_EDGE('',*,*,#10822,.T.);
#10845 = ORIENTED_EDGE('',*,*,#10846,.T.);
#10846 = EDGE_CURVE('',#10814,#10806,#10847,.T.);
#10847 = CIRCLE('',#10848,0.5);
#10848 = AXIS2_PLACEMENT_3D('',#10849,#10850,#10851);
#10849 = CARTESIAN_POINT('',(72.39014478029,42.164109728219,
    1.600050800102));
#10850 = DIRECTION('',(0.,0.,1.));
#10851 = DIRECTION('',(-1.,-1.110223024625E-16,0.));
#10852 = ORIENTED_EDGE('',*,*,#10803,.F.);
#10853 = ORIENTED_EDGE('',*,*,#10854,.F.);
#10854 = EDGE_CURVE('',#10823,#10804,#10855,.T.);
#10855 = CIRCLE('',#10856,0.5);
#10856 = AXIS2_PLACEMENT_3D('',#10857,#10858,#10859);
#10857 = CARTESIAN_POINT('',(72.39014478029,42.164109728219,0.));
#10858 = DIRECTION('',(0.,0.,1.));
#10859 = DIRECTION('',(-1.,-1.110223024625E-16,0.));
#10860 = CYLINDRICAL_SURFACE('',#10861,0.5);
#10861 = AXIS2_PLACEMENT_3D('',#10862,#10863,#10864);
#10862 = CARTESIAN_POINT('',(72.39014478029,42.164109728219,0.));
#10863 = DIRECTION('',(-0.,-0.,-1.));
#10864 = DIRECTION('',(-1.,-1.110223024625E-16,0.));
#10865 = ADVANCED_FACE('',(#10866),#10902,.F.);
#10866 = FACE_BOUND('',#10867,.T.);
#10867 = EDGE_LOOP('',(#10868,#10878,#10887,#10895));
#10868 = ORIENTED_EDGE('',*,*,#10869,.T.);
#10869 = EDGE_CURVE('',#10870,#10872,#10874,.T.);
#10870 = VERTEX_POINT('',#10871);
#10871 = CARTESIAN_POINT('',(75.5301498603,63.246126492253,0.));
#10872 = VERTEX_POINT('',#10873);
#10873 = CARTESIAN_POINT('',(75.5301498603,63.246126492253,
    1.600050800102));
#10874 = LINE('',#10875,#10876);
#10875 = CARTESIAN_POINT('',(75.5301498603,63.246126492253,0.));
#10876 = VECTOR('',#10877,1.);
#10877 = DIRECTION('',(0.,0.,1.));
#10878 = ORIENTED_EDGE('',*,*,#10879,.T.);
#10879 = EDGE_CURVE('',#10872,#10880,#10882,.T.);
#10880 = VERTEX_POINT('',#10881);
#10881 = CARTESIAN_POINT('',(74.3301498603,63.246126492253,
    1.600050800102));
#10882 = CIRCLE('',#10883,0.6);
#10883 = AXIS2_PLACEMENT_3D('',#10884,#10885,#10886);
#10884 = CARTESIAN_POINT('',(74.9301498603,63.246126492253,
    1.600050800102));
#10885 = DIRECTION('',(0.,0.,1.));
#10886 = DIRECTION('',(1.,1.110223024625E-16,-0.));
#10887 = ORIENTED_EDGE('',*,*,#10888,.F.);
#10888 = EDGE_CURVE('',#10889,#10880,#10891,.T.);
#10889 = VERTEX_POINT('',#10890);
#10890 = CARTESIAN_POINT('',(74.3301498603,63.246126492253,0.));
#10891 = LINE('',#10892,#10893);
#10892 = CARTESIAN_POINT('',(74.3301498603,63.246126492253,0.));
#10893 = VECTOR('',#10894,1.);
#10894 = DIRECTION('',(0.,0.,1.));
#10895 = ORIENTED_EDGE('',*,*,#10896,.F.);
#10896 = EDGE_CURVE('',#10870,#10889,#10897,.T.);
#10897 = CIRCLE('',#10898,0.6);
#10898 = AXIS2_PLACEMENT_3D('',#10899,#10900,#10901);
#10899 = CARTESIAN_POINT('',(74.9301498603,63.246126492253,0.));
#10900 = DIRECTION('',(0.,0.,1.));
#10901 = DIRECTION('',(1.,1.110223024625E-16,-0.));
#10902 = CYLINDRICAL_SURFACE('',#10903,0.6);
#10903 = AXIS2_PLACEMENT_3D('',#10904,#10905,#10906);
#10904 = CARTESIAN_POINT('',(74.9301498603,63.246126492253,0.));
#10905 = DIRECTION('',(-0.,-0.,-1.));
#10906 = DIRECTION('',(1.,1.110223024625E-16,-0.));
#10907 = ADVANCED_FACE('',(#10908),#10926,.F.);
#10908 = FACE_BOUND('',#10909,.T.);
#10909 = EDGE_LOOP('',(#10910,#10911,#10918,#10919));
#10910 = ORIENTED_EDGE('',*,*,#10888,.T.);
#10911 = ORIENTED_EDGE('',*,*,#10912,.T.);
#10912 = EDGE_CURVE('',#10880,#10872,#10913,.T.);
#10913 = CIRCLE('',#10914,0.6);
#10914 = AXIS2_PLACEMENT_3D('',#10915,#10916,#10917);
#10915 = CARTESIAN_POINT('',(74.9301498603,63.246126492253,
    1.600050800102));
#10916 = DIRECTION('',(0.,0.,1.));
#10917 = DIRECTION('',(-1.,-1.110223024625E-16,0.));
#10918 = ORIENTED_EDGE('',*,*,#10869,.F.);
#10919 = ORIENTED_EDGE('',*,*,#10920,.F.);
#10920 = EDGE_CURVE('',#10889,#10870,#10921,.T.);
#10921 = CIRCLE('',#10922,0.6);
#10922 = AXIS2_PLACEMENT_3D('',#10923,#10924,#10925);
#10923 = CARTESIAN_POINT('',(74.9301498603,63.246126492253,0.));
#10924 = DIRECTION('',(0.,0.,1.));
#10925 = DIRECTION('',(-1.,-1.110223024625E-16,0.));
#10926 = CYLINDRICAL_SURFACE('',#10927,0.6);
#10927 = AXIS2_PLACEMENT_3D('',#10928,#10929,#10930);
#10928 = CARTESIAN_POINT('',(74.9301498603,63.246126492253,0.));
#10929 = DIRECTION('',(-0.,-0.,-1.));
#10930 = DIRECTION('',(-1.,-1.110223024625E-16,0.));
#10931 = ADVANCED_FACE('',(#10932),#10968,.F.);
#10932 = FACE_BOUND('',#10933,.T.);
#10933 = EDGE_LOOP('',(#10934,#10944,#10953,#10961));
#10934 = ORIENTED_EDGE('',*,*,#10935,.T.);
#10935 = EDGE_CURVE('',#10936,#10938,#10940,.T.);
#10936 = VERTEX_POINT('',#10937);
#10937 = CARTESIAN_POINT('',(75.5301498603,36.195072390145,0.));
#10938 = VERTEX_POINT('',#10939);
#10939 = CARTESIAN_POINT('',(75.5301498603,36.195072390145,
    1.600050800102));
#10940 = LINE('',#10941,#10942);
#10941 = CARTESIAN_POINT('',(75.5301498603,36.195072390145,0.));
#10942 = VECTOR('',#10943,1.);
#10943 = DIRECTION('',(0.,0.,1.));
#10944 = ORIENTED_EDGE('',*,*,#10945,.T.);
#10945 = EDGE_CURVE('',#10938,#10946,#10948,.T.);
#10946 = VERTEX_POINT('',#10947);
#10947 = CARTESIAN_POINT('',(74.3301498603,36.195072390145,
    1.600050800102));
#10948 = CIRCLE('',#10949,0.6);
#10949 = AXIS2_PLACEMENT_3D('',#10950,#10951,#10952);
#10950 = CARTESIAN_POINT('',(74.9301498603,36.195072390145,
    1.600050800102));
#10951 = DIRECTION('',(0.,0.,1.));
#10952 = DIRECTION('',(1.,1.110223024625E-16,-0.));
#10953 = ORIENTED_EDGE('',*,*,#10954,.F.);
#10954 = EDGE_CURVE('',#10955,#10946,#10957,.T.);
#10955 = VERTEX_POINT('',#10956);
#10956 = CARTESIAN_POINT('',(74.3301498603,36.195072390145,0.));
#10957 = LINE('',#10958,#10959);
#10958 = CARTESIAN_POINT('',(74.3301498603,36.195072390145,0.));
#10959 = VECTOR('',#10960,1.);
#10960 = DIRECTION('',(0.,0.,1.));
#10961 = ORIENTED_EDGE('',*,*,#10962,.F.);
#10962 = EDGE_CURVE('',#10936,#10955,#10963,.T.);
#10963 = CIRCLE('',#10964,0.6);
#10964 = AXIS2_PLACEMENT_3D('',#10965,#10966,#10967);
#10965 = CARTESIAN_POINT('',(74.9301498603,36.195072390145,0.));
#10966 = DIRECTION('',(0.,0.,1.));
#10967 = DIRECTION('',(1.,1.110223024625E-16,-0.));
#10968 = CYLINDRICAL_SURFACE('',#10969,0.6);
#10969 = AXIS2_PLACEMENT_3D('',#10970,#10971,#10972);
#10970 = CARTESIAN_POINT('',(74.9301498603,36.195072390145,0.));
#10971 = DIRECTION('',(-0.,-0.,-1.));
#10972 = DIRECTION('',(1.,1.110223024625E-16,-0.));
#10973 = ADVANCED_FACE('',(#10974),#10992,.F.);
#10974 = FACE_BOUND('',#10975,.T.);
#10975 = EDGE_LOOP('',(#10976,#10977,#10984,#10985));
#10976 = ORIENTED_EDGE('',*,*,#10954,.T.);
#10977 = ORIENTED_EDGE('',*,*,#10978,.T.);
#10978 = EDGE_CURVE('',#10946,#10938,#10979,.T.);
#10979 = CIRCLE('',#10980,0.6);
#10980 = AXIS2_PLACEMENT_3D('',#10981,#10982,#10983);
#10981 = CARTESIAN_POINT('',(74.9301498603,36.195072390145,
    1.600050800102));
#10982 = DIRECTION('',(0.,0.,1.));
#10983 = DIRECTION('',(-1.,-1.110223024625E-16,0.));
#10984 = ORIENTED_EDGE('',*,*,#10935,.F.);
#10985 = ORIENTED_EDGE('',*,*,#10986,.F.);
#10986 = EDGE_CURVE('',#10955,#10936,#10987,.T.);
#10987 = CIRCLE('',#10988,0.6);
#10988 = AXIS2_PLACEMENT_3D('',#10989,#10990,#10991);
#10989 = CARTESIAN_POINT('',(74.9301498603,36.195072390145,0.));
#10990 = DIRECTION('',(0.,0.,1.));
#10991 = DIRECTION('',(-1.,-1.110223024625E-16,0.));
#10992 = CYLINDRICAL_SURFACE('',#10993,0.6);
#10993 = AXIS2_PLACEMENT_3D('',#10994,#10995,#10996);
#10994 = CARTESIAN_POINT('',(74.9301498603,36.195072390145,0.));
#10995 = DIRECTION('',(-0.,-0.,-1.));
#10996 = DIRECTION('',(-1.,-1.110223024625E-16,0.));
#10997 = ADVANCED_FACE('',(#10998),#11034,.F.);
#10998 = FACE_BOUND('',#10999,.T.);
#10999 = EDGE_LOOP('',(#11000,#11010,#11019,#11027));
#11000 = ORIENTED_EDGE('',*,*,#11001,.T.);
#11001 = EDGE_CURVE('',#11002,#11004,#11006,.T.);
#11002 = VERTEX_POINT('',#11003);
#11003 = CARTESIAN_POINT('',(75.430124460249,57.40411480823,0.));
#11004 = VERTEX_POINT('',#11005);
#11005 = CARTESIAN_POINT('',(75.430124460249,57.40411480823,
    1.600050800102));
#11006 = LINE('',#11007,#11008);
#11007 = CARTESIAN_POINT('',(75.430124460249,57.40411480823,0.));
#11008 = VECTOR('',#11009,1.);
#11009 = DIRECTION('',(0.,0.,1.));
#11010 = ORIENTED_EDGE('',*,*,#11011,.T.);
#11011 = EDGE_CURVE('',#11004,#11012,#11014,.T.);
#11012 = VERTEX_POINT('',#11013);
#11013 = CARTESIAN_POINT('',(74.430124460249,57.40411480823,
    1.600050800102));
#11014 = CIRCLE('',#11015,0.5);
#11015 = AXIS2_PLACEMENT_3D('',#11016,#11017,#11018);
#11016 = CARTESIAN_POINT('',(74.930124460249,57.40411480823,
    1.600050800102));
#11017 = DIRECTION('',(0.,0.,1.));
#11018 = DIRECTION('',(1.,1.110223024625E-16,-0.));
#11019 = ORIENTED_EDGE('',*,*,#11020,.F.);
#11020 = EDGE_CURVE('',#11021,#11012,#11023,.T.);
#11021 = VERTEX_POINT('',#11022);
#11022 = CARTESIAN_POINT('',(74.430124460249,57.40411480823,0.));
#11023 = LINE('',#11024,#11025);
#11024 = CARTESIAN_POINT('',(74.430124460249,57.40411480823,0.));
#11025 = VECTOR('',#11026,1.);
#11026 = DIRECTION('',(0.,0.,1.));
#11027 = ORIENTED_EDGE('',*,*,#11028,.F.);
#11028 = EDGE_CURVE('',#11002,#11021,#11029,.T.);
#11029 = CIRCLE('',#11030,0.5);
#11030 = AXIS2_PLACEMENT_3D('',#11031,#11032,#11033);
#11031 = CARTESIAN_POINT('',(74.930124460249,57.40411480823,0.));
#11032 = DIRECTION('',(0.,0.,1.));
#11033 = DIRECTION('',(1.,1.110223024625E-16,-0.));
#11034 = CYLINDRICAL_SURFACE('',#11035,0.5);
#11035 = AXIS2_PLACEMENT_3D('',#11036,#11037,#11038);
#11036 = CARTESIAN_POINT('',(74.930124460249,57.40411480823,0.));
#11037 = DIRECTION('',(-0.,-0.,-1.));
#11038 = DIRECTION('',(1.,1.110223024625E-16,-0.));
#11039 = ADVANCED_FACE('',(#11040),#11058,.F.);
#11040 = FACE_BOUND('',#11041,.T.);
#11041 = EDGE_LOOP('',(#11042,#11043,#11050,#11051));
#11042 = ORIENTED_EDGE('',*,*,#11020,.T.);
#11043 = ORIENTED_EDGE('',*,*,#11044,.T.);
#11044 = EDGE_CURVE('',#11012,#11004,#11045,.T.);
#11045 = CIRCLE('',#11046,0.5);
#11046 = AXIS2_PLACEMENT_3D('',#11047,#11048,#11049);
#11047 = CARTESIAN_POINT('',(74.930124460249,57.40411480823,
    1.600050800102));
#11048 = DIRECTION('',(0.,0.,1.));
#11049 = DIRECTION('',(-1.,-1.110223024625E-16,0.));
#11050 = ORIENTED_EDGE('',*,*,#11001,.F.);
#11051 = ORIENTED_EDGE('',*,*,#11052,.F.);
#11052 = EDGE_CURVE('',#11021,#11002,#11053,.T.);
#11053 = CIRCLE('',#11054,0.5);
#11054 = AXIS2_PLACEMENT_3D('',#11055,#11056,#11057);
#11055 = CARTESIAN_POINT('',(74.930124460249,57.40411480823,0.));
#11056 = DIRECTION('',(0.,0.,1.));
#11057 = DIRECTION('',(-1.,-1.110223024625E-16,0.));
#11058 = CYLINDRICAL_SURFACE('',#11059,0.5);
#11059 = AXIS2_PLACEMENT_3D('',#11060,#11061,#11062);
#11060 = CARTESIAN_POINT('',(74.930124460249,57.40411480823,0.));
#11061 = DIRECTION('',(-0.,-0.,-1.));
#11062 = DIRECTION('',(-1.,-1.110223024625E-16,0.));
#11063 = ADVANCED_FACE('',(#11064),#11100,.F.);
#11064 = FACE_BOUND('',#11065,.T.);
#11065 = EDGE_LOOP('',(#11066,#11076,#11085,#11093));
#11066 = ORIENTED_EDGE('',*,*,#11067,.T.);
#11067 = EDGE_CURVE('',#11068,#11070,#11072,.T.);
#11068 = VERTEX_POINT('',#11069);
#11069 = CARTESIAN_POINT('',(75.430124460249,42.164109728219,0.));
#11070 = VERTEX_POINT('',#11071);
#11071 = CARTESIAN_POINT('',(75.430124460249,42.164109728219,
    1.600050800102));
#11072 = LINE('',#11073,#11074);
#11073 = CARTESIAN_POINT('',(75.430124460249,42.164109728219,0.));
#11074 = VECTOR('',#11075,1.);
#11075 = DIRECTION('',(0.,0.,1.));
#11076 = ORIENTED_EDGE('',*,*,#11077,.T.);
#11077 = EDGE_CURVE('',#11070,#11078,#11080,.T.);
#11078 = VERTEX_POINT('',#11079);
#11079 = CARTESIAN_POINT('',(74.430124460249,42.164109728219,
    1.600050800102));
#11080 = CIRCLE('',#11081,0.5);
#11081 = AXIS2_PLACEMENT_3D('',#11082,#11083,#11084);
#11082 = CARTESIAN_POINT('',(74.930124460249,42.164109728219,
    1.600050800102));
#11083 = DIRECTION('',(0.,0.,1.));
#11084 = DIRECTION('',(1.,1.110223024625E-16,-0.));
#11085 = ORIENTED_EDGE('',*,*,#11086,.F.);
#11086 = EDGE_CURVE('',#11087,#11078,#11089,.T.);
#11087 = VERTEX_POINT('',#11088);
#11088 = CARTESIAN_POINT('',(74.430124460249,42.164109728219,0.));
#11089 = LINE('',#11090,#11091);
#11090 = CARTESIAN_POINT('',(74.430124460249,42.164109728219,0.));
#11091 = VECTOR('',#11092,1.);
#11092 = DIRECTION('',(0.,0.,1.));
#11093 = ORIENTED_EDGE('',*,*,#11094,.F.);
#11094 = EDGE_CURVE('',#11068,#11087,#11095,.T.);
#11095 = CIRCLE('',#11096,0.5);
#11096 = AXIS2_PLACEMENT_3D('',#11097,#11098,#11099);
#11097 = CARTESIAN_POINT('',(74.930124460249,42.164109728219,0.));
#11098 = DIRECTION('',(0.,0.,1.));
#11099 = DIRECTION('',(1.,1.110223024625E-16,-0.));
#11100 = CYLINDRICAL_SURFACE('',#11101,0.5);
#11101 = AXIS2_PLACEMENT_3D('',#11102,#11103,#11104);
#11102 = CARTESIAN_POINT('',(74.930124460249,42.164109728219,0.));
#11103 = DIRECTION('',(-0.,-0.,-1.));
#11104 = DIRECTION('',(1.,1.110223024625E-16,-0.));
#11105 = ADVANCED_FACE('',(#11106),#11124,.F.);
#11106 = FACE_BOUND('',#11107,.T.);
#11107 = EDGE_LOOP('',(#11108,#11109,#11116,#11117));
#11108 = ORIENTED_EDGE('',*,*,#11086,.T.);
#11109 = ORIENTED_EDGE('',*,*,#11110,.T.);
#11110 = EDGE_CURVE('',#11078,#11070,#11111,.T.);
#11111 = CIRCLE('',#11112,0.5);
#11112 = AXIS2_PLACEMENT_3D('',#11113,#11114,#11115);
#11113 = CARTESIAN_POINT('',(74.930124460249,42.164109728219,
    1.600050800102));
#11114 = DIRECTION('',(0.,0.,1.));
#11115 = DIRECTION('',(-1.,-1.110223024625E-16,0.));
#11116 = ORIENTED_EDGE('',*,*,#11067,.F.);
#11117 = ORIENTED_EDGE('',*,*,#11118,.F.);
#11118 = EDGE_CURVE('',#11087,#11068,#11119,.T.);
#11119 = CIRCLE('',#11120,0.5);
#11120 = AXIS2_PLACEMENT_3D('',#11121,#11122,#11123);
#11121 = CARTESIAN_POINT('',(74.930124460249,42.164109728219,0.));
#11122 = DIRECTION('',(0.,0.,1.));
#11123 = DIRECTION('',(-1.,-1.110223024625E-16,0.));
#11124 = CYLINDRICAL_SURFACE('',#11125,0.5);
#11125 = AXIS2_PLACEMENT_3D('',#11126,#11127,#11128);
#11126 = CARTESIAN_POINT('',(74.930124460249,42.164109728219,0.));
#11127 = DIRECTION('',(-0.,-0.,-1.));
#11128 = DIRECTION('',(-1.,-1.110223024625E-16,0.));
#11129 = ADVANCED_FACE('',(#11130),#11166,.F.);
#11130 = FACE_BOUND('',#11131,.T.);
#11131 = EDGE_LOOP('',(#11132,#11142,#11151,#11159));
#11132 = ORIENTED_EDGE('',*,*,#11133,.T.);
#11133 = EDGE_CURVE('',#11134,#11136,#11138,.T.);
#11134 = VERTEX_POINT('',#11135);
#11135 = CARTESIAN_POINT('',(75.557175514351,31.115011430023,0.));
#11136 = VERTEX_POINT('',#11137);
#11137 = CARTESIAN_POINT('',(75.557175514351,31.115011430023,
    1.600050800102));
#11138 = LINE('',#11139,#11140);
#11139 = CARTESIAN_POINT('',(75.557175514351,31.115011430023,0.));
#11140 = VECTOR('',#11141,1.);
#11141 = DIRECTION('',(0.,0.,1.));
#11142 = ORIENTED_EDGE('',*,*,#11143,.T.);
#11143 = EDGE_CURVE('',#11136,#11144,#11146,.T.);
#11144 = VERTEX_POINT('',#11145);
#11145 = CARTESIAN_POINT('',(74.557175514351,31.115011430023,
    1.600050800102));
#11146 = CIRCLE('',#11147,0.5);
#11147 = AXIS2_PLACEMENT_3D('',#11148,#11149,#11150);
#11148 = CARTESIAN_POINT('',(75.057175514351,31.115011430023,
    1.600050800102));
#11149 = DIRECTION('',(0.,0.,1.));
#11150 = DIRECTION('',(1.,1.110223024625E-16,-0.));
#11151 = ORIENTED_EDGE('',*,*,#11152,.F.);
#11152 = EDGE_CURVE('',#11153,#11144,#11155,.T.);
#11153 = VERTEX_POINT('',#11154);
#11154 = CARTESIAN_POINT('',(74.557175514351,31.115011430023,0.));
#11155 = LINE('',#11156,#11157);
#11156 = CARTESIAN_POINT('',(74.557175514351,31.115011430023,0.));
#11157 = VECTOR('',#11158,1.);
#11158 = DIRECTION('',(0.,0.,1.));
#11159 = ORIENTED_EDGE('',*,*,#11160,.F.);
#11160 = EDGE_CURVE('',#11134,#11153,#11161,.T.);
#11161 = CIRCLE('',#11162,0.5);
#11162 = AXIS2_PLACEMENT_3D('',#11163,#11164,#11165);
#11163 = CARTESIAN_POINT('',(75.057175514351,31.115011430023,0.));
#11164 = DIRECTION('',(0.,0.,1.));
#11165 = DIRECTION('',(1.,1.110223024625E-16,-0.));
#11166 = CYLINDRICAL_SURFACE('',#11167,0.5);
#11167 = AXIS2_PLACEMENT_3D('',#11168,#11169,#11170);
#11168 = CARTESIAN_POINT('',(75.057175514351,31.115011430023,0.));
#11169 = DIRECTION('',(-0.,-0.,-1.));
#11170 = DIRECTION('',(1.,1.110223024625E-16,-0.));
#11171 = ADVANCED_FACE('',(#11172),#11190,.F.);
#11172 = FACE_BOUND('',#11173,.T.);
#11173 = EDGE_LOOP('',(#11174,#11175,#11182,#11183));
#11174 = ORIENTED_EDGE('',*,*,#11152,.T.);
#11175 = ORIENTED_EDGE('',*,*,#11176,.T.);
#11176 = EDGE_CURVE('',#11144,#11136,#11177,.T.);
#11177 = CIRCLE('',#11178,0.5);
#11178 = AXIS2_PLACEMENT_3D('',#11179,#11180,#11181);
#11179 = CARTESIAN_POINT('',(75.057175514351,31.115011430023,
    1.600050800102));
#11180 = DIRECTION('',(0.,0.,1.));
#11181 = DIRECTION('',(-1.,-1.110223024625E-16,0.));
#11182 = ORIENTED_EDGE('',*,*,#11133,.F.);
#11183 = ORIENTED_EDGE('',*,*,#11184,.F.);
#11184 = EDGE_CURVE('',#11153,#11134,#11185,.T.);
#11185 = CIRCLE('',#11186,0.5);
#11186 = AXIS2_PLACEMENT_3D('',#11187,#11188,#11189);
#11187 = CARTESIAN_POINT('',(75.057175514351,31.115011430023,0.));
#11188 = DIRECTION('',(0.,0.,1.));
#11189 = DIRECTION('',(-1.,-1.110223024625E-16,0.));
#11190 = CYLINDRICAL_SURFACE('',#11191,0.5);
#11191 = AXIS2_PLACEMENT_3D('',#11192,#11193,#11194);
#11192 = CARTESIAN_POINT('',(75.057175514351,31.115011430023,0.));
#11193 = DIRECTION('',(-0.,-0.,-1.));
#11194 = DIRECTION('',(-1.,-1.110223024625E-16,0.));
#11195 = ADVANCED_FACE('',(#11196),#11232,.F.);
#11196 = FACE_BOUND('',#11197,.T.);
#11197 = EDGE_LOOP('',(#11198,#11208,#11217,#11225));
#11198 = ORIENTED_EDGE('',*,*,#11199,.T.);
#11199 = EDGE_CURVE('',#11200,#11202,#11204,.T.);
#11200 = VERTEX_POINT('',#11201);
#11201 = CARTESIAN_POINT('',(75.557175514351,28.575006350013,0.));
#11202 = VERTEX_POINT('',#11203);
#11203 = CARTESIAN_POINT('',(75.557175514351,28.575006350013,
    1.600050800102));
#11204 = LINE('',#11205,#11206);
#11205 = CARTESIAN_POINT('',(75.557175514351,28.575006350013,0.));
#11206 = VECTOR('',#11207,1.);
#11207 = DIRECTION('',(0.,0.,1.));
#11208 = ORIENTED_EDGE('',*,*,#11209,.T.);
#11209 = EDGE_CURVE('',#11202,#11210,#11212,.T.);
#11210 = VERTEX_POINT('',#11211);
#11211 = CARTESIAN_POINT('',(74.557175514351,28.575006350013,
    1.600050800102));
#11212 = CIRCLE('',#11213,0.5);
#11213 = AXIS2_PLACEMENT_3D('',#11214,#11215,#11216);
#11214 = CARTESIAN_POINT('',(75.057175514351,28.575006350013,
    1.600050800102));
#11215 = DIRECTION('',(0.,0.,1.));
#11216 = DIRECTION('',(1.,1.110223024625E-16,-0.));
#11217 = ORIENTED_EDGE('',*,*,#11218,.F.);
#11218 = EDGE_CURVE('',#11219,#11210,#11221,.T.);
#11219 = VERTEX_POINT('',#11220);
#11220 = CARTESIAN_POINT('',(74.557175514351,28.575006350013,0.));
#11221 = LINE('',#11222,#11223);
#11222 = CARTESIAN_POINT('',(74.557175514351,28.575006350013,0.));
#11223 = VECTOR('',#11224,1.);
#11224 = DIRECTION('',(0.,0.,1.));
#11225 = ORIENTED_EDGE('',*,*,#11226,.F.);
#11226 = EDGE_CURVE('',#11200,#11219,#11227,.T.);
#11227 = CIRCLE('',#11228,0.5);
#11228 = AXIS2_PLACEMENT_3D('',#11229,#11230,#11231);
#11229 = CARTESIAN_POINT('',(75.057175514351,28.575006350013,0.));
#11230 = DIRECTION('',(0.,0.,1.));
#11231 = DIRECTION('',(1.,1.110223024625E-16,-0.));
#11232 = CYLINDRICAL_SURFACE('',#11233,0.5);
#11233 = AXIS2_PLACEMENT_3D('',#11234,#11235,#11236);
#11234 = CARTESIAN_POINT('',(75.057175514351,28.575006350013,0.));
#11235 = DIRECTION('',(-0.,-0.,-1.));
#11236 = DIRECTION('',(1.,1.110223024625E-16,-0.));
#11237 = ADVANCED_FACE('',(#11238),#11256,.F.);
#11238 = FACE_BOUND('',#11239,.T.);
#11239 = EDGE_LOOP('',(#11240,#11241,#11248,#11249));
#11240 = ORIENTED_EDGE('',*,*,#11218,.T.);
#11241 = ORIENTED_EDGE('',*,*,#11242,.T.);
#11242 = EDGE_CURVE('',#11210,#11202,#11243,.T.);
#11243 = CIRCLE('',#11244,0.5);
#11244 = AXIS2_PLACEMENT_3D('',#11245,#11246,#11247);
#11245 = CARTESIAN_POINT('',(75.057175514351,28.575006350013,
    1.600050800102));
#11246 = DIRECTION('',(0.,0.,1.));
#11247 = DIRECTION('',(-1.,-1.110223024625E-16,0.));
#11248 = ORIENTED_EDGE('',*,*,#11199,.F.);
#11249 = ORIENTED_EDGE('',*,*,#11250,.F.);
#11250 = EDGE_CURVE('',#11219,#11200,#11251,.T.);
#11251 = CIRCLE('',#11252,0.5);
#11252 = AXIS2_PLACEMENT_3D('',#11253,#11254,#11255);
#11253 = CARTESIAN_POINT('',(75.057175514351,28.575006350013,0.));
#11254 = DIRECTION('',(0.,0.,1.));
#11255 = DIRECTION('',(-1.,-1.110223024625E-16,0.));
#11256 = CYLINDRICAL_SURFACE('',#11257,0.5);
#11257 = AXIS2_PLACEMENT_3D('',#11258,#11259,#11260);
#11258 = CARTESIAN_POINT('',(75.057175514351,28.575006350013,0.));
#11259 = DIRECTION('',(-0.,-0.,-1.));
#11260 = DIRECTION('',(-1.,-1.110223024625E-16,0.));
#11261 = ADVANCED_FACE('',(#11262),#11298,.F.);
#11262 = FACE_BOUND('',#11263,.T.);
#11263 = EDGE_LOOP('',(#11264,#11274,#11283,#11291));
#11264 = ORIENTED_EDGE('',*,*,#11265,.T.);
#11265 = EDGE_CURVE('',#11266,#11268,#11270,.T.);
#11266 = VERTEX_POINT('',#11267);
#11267 = CARTESIAN_POINT('',(78.07015494031,63.246126492253,0.));
#11268 = VERTEX_POINT('',#11269);
#11269 = CARTESIAN_POINT('',(78.07015494031,63.246126492253,
    1.600050800102));
#11270 = LINE('',#11271,#11272);
#11271 = CARTESIAN_POINT('',(78.07015494031,63.246126492253,0.));
#11272 = VECTOR('',#11273,1.);
#11273 = DIRECTION('',(0.,0.,1.));
#11274 = ORIENTED_EDGE('',*,*,#11275,.T.);
#11275 = EDGE_CURVE('',#11268,#11276,#11278,.T.);
#11276 = VERTEX_POINT('',#11277);
#11277 = CARTESIAN_POINT('',(76.87015494031,63.246126492253,
    1.600050800102));
#11278 = CIRCLE('',#11279,0.6);
#11279 = AXIS2_PLACEMENT_3D('',#11280,#11281,#11282);
#11280 = CARTESIAN_POINT('',(77.47015494031,63.246126492253,
    1.600050800102));
#11281 = DIRECTION('',(0.,0.,1.));
#11282 = DIRECTION('',(1.,1.110223024625E-16,-0.));
#11283 = ORIENTED_EDGE('',*,*,#11284,.F.);
#11284 = EDGE_CURVE('',#11285,#11276,#11287,.T.);
#11285 = VERTEX_POINT('',#11286);
#11286 = CARTESIAN_POINT('',(76.87015494031,63.246126492253,0.));
#11287 = LINE('',#11288,#11289);
#11288 = CARTESIAN_POINT('',(76.87015494031,63.246126492253,0.));
#11289 = VECTOR('',#11290,1.);
#11290 = DIRECTION('',(0.,0.,1.));
#11291 = ORIENTED_EDGE('',*,*,#11292,.F.);
#11292 = EDGE_CURVE('',#11266,#11285,#11293,.T.);
#11293 = CIRCLE('',#11294,0.6);
#11294 = AXIS2_PLACEMENT_3D('',#11295,#11296,#11297);
#11295 = CARTESIAN_POINT('',(77.47015494031,63.246126492253,0.));
#11296 = DIRECTION('',(0.,0.,1.));
#11297 = DIRECTION('',(1.,1.110223024625E-16,-0.));
#11298 = CYLINDRICAL_SURFACE('',#11299,0.6);
#11299 = AXIS2_PLACEMENT_3D('',#11300,#11301,#11302);
#11300 = CARTESIAN_POINT('',(77.47015494031,63.246126492253,0.));
#11301 = DIRECTION('',(-0.,-0.,-1.));
#11302 = DIRECTION('',(1.,1.110223024625E-16,-0.));
#11303 = ADVANCED_FACE('',(#11304),#11322,.F.);
#11304 = FACE_BOUND('',#11305,.T.);
#11305 = EDGE_LOOP('',(#11306,#11307,#11314,#11315));
#11306 = ORIENTED_EDGE('',*,*,#11284,.T.);
#11307 = ORIENTED_EDGE('',*,*,#11308,.T.);
#11308 = EDGE_CURVE('',#11276,#11268,#11309,.T.);
#11309 = CIRCLE('',#11310,0.6);
#11310 = AXIS2_PLACEMENT_3D('',#11311,#11312,#11313);
#11311 = CARTESIAN_POINT('',(77.47015494031,63.246126492253,
    1.600050800102));
#11312 = DIRECTION('',(0.,0.,1.));
#11313 = DIRECTION('',(-1.,-1.110223024625E-16,0.));
#11314 = ORIENTED_EDGE('',*,*,#11265,.F.);
#11315 = ORIENTED_EDGE('',*,*,#11316,.F.);
#11316 = EDGE_CURVE('',#11285,#11266,#11317,.T.);
#11317 = CIRCLE('',#11318,0.6);
#11318 = AXIS2_PLACEMENT_3D('',#11319,#11320,#11321);
#11319 = CARTESIAN_POINT('',(77.47015494031,63.246126492253,0.));
#11320 = DIRECTION('',(0.,0.,1.));
#11321 = DIRECTION('',(-1.,-1.110223024625E-16,0.));
#11322 = CYLINDRICAL_SURFACE('',#11323,0.6);
#11323 = AXIS2_PLACEMENT_3D('',#11324,#11325,#11326);
#11324 = CARTESIAN_POINT('',(77.47015494031,63.246126492253,0.));
#11325 = DIRECTION('',(-0.,-0.,-1.));
#11326 = DIRECTION('',(-1.,-1.110223024625E-16,0.));
#11327 = ADVANCED_FACE('',(#11328),#11364,.F.);
#11328 = FACE_BOUND('',#11329,.T.);
#11329 = EDGE_LOOP('',(#11330,#11340,#11349,#11357));
#11330 = ORIENTED_EDGE('',*,*,#11331,.T.);
#11331 = EDGE_CURVE('',#11332,#11334,#11336,.T.);
#11332 = VERTEX_POINT('',#11333);
#11333 = CARTESIAN_POINT('',(78.07015494031,36.195072390145,0.));
#11334 = VERTEX_POINT('',#11335);
#11335 = CARTESIAN_POINT('',(78.07015494031,36.195072390145,
    1.600050800102));
#11336 = LINE('',#11337,#11338);
#11337 = CARTESIAN_POINT('',(78.07015494031,36.195072390145,0.));
#11338 = VECTOR('',#11339,1.);
#11339 = DIRECTION('',(0.,0.,1.));
#11340 = ORIENTED_EDGE('',*,*,#11341,.T.);
#11341 = EDGE_CURVE('',#11334,#11342,#11344,.T.);
#11342 = VERTEX_POINT('',#11343);
#11343 = CARTESIAN_POINT('',(76.87015494031,36.195072390145,
    1.600050800102));
#11344 = CIRCLE('',#11345,0.6);
#11345 = AXIS2_PLACEMENT_3D('',#11346,#11347,#11348);
#11346 = CARTESIAN_POINT('',(77.47015494031,36.195072390145,
    1.600050800102));
#11347 = DIRECTION('',(0.,0.,1.));
#11348 = DIRECTION('',(1.,1.110223024625E-16,-0.));
#11349 = ORIENTED_EDGE('',*,*,#11350,.F.);
#11350 = EDGE_CURVE('',#11351,#11342,#11353,.T.);
#11351 = VERTEX_POINT('',#11352);
#11352 = CARTESIAN_POINT('',(76.87015494031,36.195072390145,0.));
#11353 = LINE('',#11354,#11355);
#11354 = CARTESIAN_POINT('',(76.87015494031,36.195072390145,0.));
#11355 = VECTOR('',#11356,1.);
#11356 = DIRECTION('',(0.,0.,1.));
#11357 = ORIENTED_EDGE('',*,*,#11358,.F.);
#11358 = EDGE_CURVE('',#11332,#11351,#11359,.T.);
#11359 = CIRCLE('',#11360,0.6);
#11360 = AXIS2_PLACEMENT_3D('',#11361,#11362,#11363);
#11361 = CARTESIAN_POINT('',(77.47015494031,36.195072390145,0.));
#11362 = DIRECTION('',(0.,0.,1.));
#11363 = DIRECTION('',(1.,1.110223024625E-16,-0.));
#11364 = CYLINDRICAL_SURFACE('',#11365,0.6);
#11365 = AXIS2_PLACEMENT_3D('',#11366,#11367,#11368);
#11366 = CARTESIAN_POINT('',(77.47015494031,36.195072390145,0.));
#11367 = DIRECTION('',(-0.,-0.,-1.));
#11368 = DIRECTION('',(1.,1.110223024625E-16,-0.));
#11369 = ADVANCED_FACE('',(#11370),#11388,.F.);
#11370 = FACE_BOUND('',#11371,.T.);
#11371 = EDGE_LOOP('',(#11372,#11373,#11380,#11381));
#11372 = ORIENTED_EDGE('',*,*,#11350,.T.);
#11373 = ORIENTED_EDGE('',*,*,#11374,.T.);
#11374 = EDGE_CURVE('',#11342,#11334,#11375,.T.);
#11375 = CIRCLE('',#11376,0.6);
#11376 = AXIS2_PLACEMENT_3D('',#11377,#11378,#11379);
#11377 = CARTESIAN_POINT('',(77.47015494031,36.195072390145,
    1.600050800102));
#11378 = DIRECTION('',(0.,0.,1.));
#11379 = DIRECTION('',(-1.,-1.110223024625E-16,0.));
#11380 = ORIENTED_EDGE('',*,*,#11331,.F.);
#11381 = ORIENTED_EDGE('',*,*,#11382,.F.);
#11382 = EDGE_CURVE('',#11351,#11332,#11383,.T.);
#11383 = CIRCLE('',#11384,0.6);
#11384 = AXIS2_PLACEMENT_3D('',#11385,#11386,#11387);
#11385 = CARTESIAN_POINT('',(77.47015494031,36.195072390145,0.));
#11386 = DIRECTION('',(0.,0.,1.));
#11387 = DIRECTION('',(-1.,-1.110223024625E-16,0.));
#11388 = CYLINDRICAL_SURFACE('',#11389,0.6);
#11389 = AXIS2_PLACEMENT_3D('',#11390,#11391,#11392);
#11390 = CARTESIAN_POINT('',(77.47015494031,36.195072390145,0.));
#11391 = DIRECTION('',(-0.,-0.,-1.));
#11392 = DIRECTION('',(-1.,-1.110223024625E-16,0.));
#11393 = ADVANCED_FACE('',(#11394),#11430,.F.);
#11394 = FACE_BOUND('',#11395,.T.);
#11395 = EDGE_LOOP('',(#11396,#11406,#11415,#11423));
#11396 = ORIENTED_EDGE('',*,*,#11397,.T.);
#11397 = EDGE_CURVE('',#11398,#11400,#11402,.T.);
#11398 = VERTEX_POINT('',#11399);
#11399 = CARTESIAN_POINT('',(77.970129540259,57.40411480823,0.));
#11400 = VERTEX_POINT('',#11401);
#11401 = CARTESIAN_POINT('',(77.970129540259,57.40411480823,
    1.600050800102));
#11402 = LINE('',#11403,#11404);
#11403 = CARTESIAN_POINT('',(77.970129540259,57.40411480823,0.));
#11404 = VECTOR('',#11405,1.);
#11405 = DIRECTION('',(0.,0.,1.));
#11406 = ORIENTED_EDGE('',*,*,#11407,.T.);
#11407 = EDGE_CURVE('',#11400,#11408,#11410,.T.);
#11408 = VERTEX_POINT('',#11409);
#11409 = CARTESIAN_POINT('',(76.970129540259,57.40411480823,
    1.600050800102));
#11410 = CIRCLE('',#11411,0.5);
#11411 = AXIS2_PLACEMENT_3D('',#11412,#11413,#11414);
#11412 = CARTESIAN_POINT('',(77.470129540259,57.40411480823,
    1.600050800102));
#11413 = DIRECTION('',(0.,0.,1.));
#11414 = DIRECTION('',(1.,1.110223024625E-16,-0.));
#11415 = ORIENTED_EDGE('',*,*,#11416,.F.);
#11416 = EDGE_CURVE('',#11417,#11408,#11419,.T.);
#11417 = VERTEX_POINT('',#11418);
#11418 = CARTESIAN_POINT('',(76.970129540259,57.40411480823,0.));
#11419 = LINE('',#11420,#11421);
#11420 = CARTESIAN_POINT('',(76.970129540259,57.40411480823,0.));
#11421 = VECTOR('',#11422,1.);
#11422 = DIRECTION('',(0.,0.,1.));
#11423 = ORIENTED_EDGE('',*,*,#11424,.F.);
#11424 = EDGE_CURVE('',#11398,#11417,#11425,.T.);
#11425 = CIRCLE('',#11426,0.5);
#11426 = AXIS2_PLACEMENT_3D('',#11427,#11428,#11429);
#11427 = CARTESIAN_POINT('',(77.470129540259,57.40411480823,0.));
#11428 = DIRECTION('',(0.,0.,1.));
#11429 = DIRECTION('',(1.,1.110223024625E-16,-0.));
#11430 = CYLINDRICAL_SURFACE('',#11431,0.5);
#11431 = AXIS2_PLACEMENT_3D('',#11432,#11433,#11434);
#11432 = CARTESIAN_POINT('',(77.470129540259,57.40411480823,0.));
#11433 = DIRECTION('',(-0.,-0.,-1.));
#11434 = DIRECTION('',(1.,1.110223024625E-16,-0.));
#11435 = ADVANCED_FACE('',(#11436),#11454,.F.);
#11436 = FACE_BOUND('',#11437,.T.);
#11437 = EDGE_LOOP('',(#11438,#11439,#11446,#11447));
#11438 = ORIENTED_EDGE('',*,*,#11416,.T.);
#11439 = ORIENTED_EDGE('',*,*,#11440,.T.);
#11440 = EDGE_CURVE('',#11408,#11400,#11441,.T.);
#11441 = CIRCLE('',#11442,0.5);
#11442 = AXIS2_PLACEMENT_3D('',#11443,#11444,#11445);
#11443 = CARTESIAN_POINT('',(77.470129540259,57.40411480823,
    1.600050800102));
#11444 = DIRECTION('',(0.,0.,1.));
#11445 = DIRECTION('',(-1.,-1.110223024625E-16,0.));
#11446 = ORIENTED_EDGE('',*,*,#11397,.F.);
#11447 = ORIENTED_EDGE('',*,*,#11448,.F.);
#11448 = EDGE_CURVE('',#11417,#11398,#11449,.T.);
#11449 = CIRCLE('',#11450,0.5);
#11450 = AXIS2_PLACEMENT_3D('',#11451,#11452,#11453);
#11451 = CARTESIAN_POINT('',(77.470129540259,57.40411480823,0.));
#11452 = DIRECTION('',(0.,0.,1.));
#11453 = DIRECTION('',(-1.,-1.110223024625E-16,0.));
#11454 = CYLINDRICAL_SURFACE('',#11455,0.5);
#11455 = AXIS2_PLACEMENT_3D('',#11456,#11457,#11458);
#11456 = CARTESIAN_POINT('',(77.470129540259,57.40411480823,0.));
#11457 = DIRECTION('',(-0.,-0.,-1.));
#11458 = DIRECTION('',(-1.,-1.110223024625E-16,0.));
#11459 = ADVANCED_FACE('',(#11460),#11496,.F.);
#11460 = FACE_BOUND('',#11461,.T.);
#11461 = EDGE_LOOP('',(#11462,#11472,#11481,#11489));
#11462 = ORIENTED_EDGE('',*,*,#11463,.T.);
#11463 = EDGE_CURVE('',#11464,#11466,#11468,.T.);
#11464 = VERTEX_POINT('',#11465);
#11465 = CARTESIAN_POINT('',(77.970129540259,42.164109728219,0.));
#11466 = VERTEX_POINT('',#11467);
#11467 = CARTESIAN_POINT('',(77.970129540259,42.164109728219,
    1.600050800102));
#11468 = LINE('',#11469,#11470);
#11469 = CARTESIAN_POINT('',(77.970129540259,42.164109728219,0.));
#11470 = VECTOR('',#11471,1.);
#11471 = DIRECTION('',(0.,0.,1.));
#11472 = ORIENTED_EDGE('',*,*,#11473,.T.);
#11473 = EDGE_CURVE('',#11466,#11474,#11476,.T.);
#11474 = VERTEX_POINT('',#11475);
#11475 = CARTESIAN_POINT('',(76.970129540259,42.164109728219,
    1.600050800102));
#11476 = CIRCLE('',#11477,0.5);
#11477 = AXIS2_PLACEMENT_3D('',#11478,#11479,#11480);
#11478 = CARTESIAN_POINT('',(77.470129540259,42.164109728219,
    1.600050800102));
#11479 = DIRECTION('',(0.,0.,1.));
#11480 = DIRECTION('',(1.,1.110223024625E-16,-0.));
#11481 = ORIENTED_EDGE('',*,*,#11482,.F.);
#11482 = EDGE_CURVE('',#11483,#11474,#11485,.T.);
#11483 = VERTEX_POINT('',#11484);
#11484 = CARTESIAN_POINT('',(76.970129540259,42.164109728219,0.));
#11485 = LINE('',#11486,#11487);
#11486 = CARTESIAN_POINT('',(76.970129540259,42.164109728219,0.));
#11487 = VECTOR('',#11488,1.);
#11488 = DIRECTION('',(0.,0.,1.));
#11489 = ORIENTED_EDGE('',*,*,#11490,.F.);
#11490 = EDGE_CURVE('',#11464,#11483,#11491,.T.);
#11491 = CIRCLE('',#11492,0.5);
#11492 = AXIS2_PLACEMENT_3D('',#11493,#11494,#11495);
#11493 = CARTESIAN_POINT('',(77.470129540259,42.164109728219,0.));
#11494 = DIRECTION('',(0.,0.,1.));
#11495 = DIRECTION('',(1.,1.110223024625E-16,-0.));
#11496 = CYLINDRICAL_SURFACE('',#11497,0.5);
#11497 = AXIS2_PLACEMENT_3D('',#11498,#11499,#11500);
#11498 = CARTESIAN_POINT('',(77.470129540259,42.164109728219,0.));
#11499 = DIRECTION('',(-0.,-0.,-1.));
#11500 = DIRECTION('',(1.,1.110223024625E-16,-0.));
#11501 = ADVANCED_FACE('',(#11502),#11520,.F.);
#11502 = FACE_BOUND('',#11503,.T.);
#11503 = EDGE_LOOP('',(#11504,#11505,#11512,#11513));
#11504 = ORIENTED_EDGE('',*,*,#11482,.T.);
#11505 = ORIENTED_EDGE('',*,*,#11506,.T.);
#11506 = EDGE_CURVE('',#11474,#11466,#11507,.T.);
#11507 = CIRCLE('',#11508,0.5);
#11508 = AXIS2_PLACEMENT_3D('',#11509,#11510,#11511);
#11509 = CARTESIAN_POINT('',(77.470129540259,42.164109728219,
    1.600050800102));
#11510 = DIRECTION('',(0.,0.,1.));
#11511 = DIRECTION('',(-1.,-1.110223024625E-16,0.));
#11512 = ORIENTED_EDGE('',*,*,#11463,.F.);
#11513 = ORIENTED_EDGE('',*,*,#11514,.F.);
#11514 = EDGE_CURVE('',#11483,#11464,#11515,.T.);
#11515 = CIRCLE('',#11516,0.5);
#11516 = AXIS2_PLACEMENT_3D('',#11517,#11518,#11519);
#11517 = CARTESIAN_POINT('',(77.470129540259,42.164109728219,0.));
#11518 = DIRECTION('',(0.,0.,1.));
#11519 = DIRECTION('',(-1.,-1.110223024625E-16,0.));
#11520 = CYLINDRICAL_SURFACE('',#11521,0.5);
#11521 = AXIS2_PLACEMENT_3D('',#11522,#11523,#11524);
#11522 = CARTESIAN_POINT('',(77.470129540259,42.164109728219,0.));
#11523 = DIRECTION('',(-0.,-0.,-1.));
#11524 = DIRECTION('',(-1.,-1.110223024625E-16,0.));
#11525 = ADVANCED_FACE('',(#11526),#11562,.F.);
#11526 = FACE_BOUND('',#11527,.T.);
#11527 = EDGE_LOOP('',(#11528,#11538,#11547,#11555));
#11528 = ORIENTED_EDGE('',*,*,#11529,.T.);
#11529 = EDGE_CURVE('',#11530,#11532,#11534,.T.);
#11530 = VERTEX_POINT('',#11531);
#11531 = CARTESIAN_POINT('',(78.097180594361,31.115011430023,0.));
#11532 = VERTEX_POINT('',#11533);
#11533 = CARTESIAN_POINT('',(78.097180594361,31.115011430023,
    1.600050800102));
#11534 = LINE('',#11535,#11536);
#11535 = CARTESIAN_POINT('',(78.097180594361,31.115011430023,0.));
#11536 = VECTOR('',#11537,1.);
#11537 = DIRECTION('',(0.,0.,1.));
#11538 = ORIENTED_EDGE('',*,*,#11539,.T.);
#11539 = EDGE_CURVE('',#11532,#11540,#11542,.T.);
#11540 = VERTEX_POINT('',#11541);
#11541 = CARTESIAN_POINT('',(77.097180594361,31.115011430023,
    1.600050800102));
#11542 = CIRCLE('',#11543,0.5);
#11543 = AXIS2_PLACEMENT_3D('',#11544,#11545,#11546);
#11544 = CARTESIAN_POINT('',(77.597180594361,31.115011430023,
    1.600050800102));
#11545 = DIRECTION('',(0.,0.,1.));
#11546 = DIRECTION('',(1.,1.110223024625E-16,-0.));
#11547 = ORIENTED_EDGE('',*,*,#11548,.F.);
#11548 = EDGE_CURVE('',#11549,#11540,#11551,.T.);
#11549 = VERTEX_POINT('',#11550);
#11550 = CARTESIAN_POINT('',(77.097180594361,31.115011430023,0.));
#11551 = LINE('',#11552,#11553);
#11552 = CARTESIAN_POINT('',(77.097180594361,31.115011430023,0.));
#11553 = VECTOR('',#11554,1.);
#11554 = DIRECTION('',(0.,0.,1.));
#11555 = ORIENTED_EDGE('',*,*,#11556,.F.);
#11556 = EDGE_CURVE('',#11530,#11549,#11557,.T.);
#11557 = CIRCLE('',#11558,0.5);
#11558 = AXIS2_PLACEMENT_3D('',#11559,#11560,#11561);
#11559 = CARTESIAN_POINT('',(77.597180594361,31.115011430023,0.));
#11560 = DIRECTION('',(0.,0.,1.));
#11561 = DIRECTION('',(1.,1.110223024625E-16,-0.));
#11562 = CYLINDRICAL_SURFACE('',#11563,0.5);
#11563 = AXIS2_PLACEMENT_3D('',#11564,#11565,#11566);
#11564 = CARTESIAN_POINT('',(77.597180594361,31.115011430023,0.));
#11565 = DIRECTION('',(-0.,-0.,-1.));
#11566 = DIRECTION('',(1.,1.110223024625E-16,-0.));
#11567 = ADVANCED_FACE('',(#11568),#11586,.F.);
#11568 = FACE_BOUND('',#11569,.T.);
#11569 = EDGE_LOOP('',(#11570,#11571,#11578,#11579));
#11570 = ORIENTED_EDGE('',*,*,#11548,.T.);
#11571 = ORIENTED_EDGE('',*,*,#11572,.T.);
#11572 = EDGE_CURVE('',#11540,#11532,#11573,.T.);
#11573 = CIRCLE('',#11574,0.5);
#11574 = AXIS2_PLACEMENT_3D('',#11575,#11576,#11577);
#11575 = CARTESIAN_POINT('',(77.597180594361,31.115011430023,
    1.600050800102));
#11576 = DIRECTION('',(0.,0.,1.));
#11577 = DIRECTION('',(-1.,-1.110223024625E-16,0.));
#11578 = ORIENTED_EDGE('',*,*,#11529,.F.);
#11579 = ORIENTED_EDGE('',*,*,#11580,.F.);
#11580 = EDGE_CURVE('',#11549,#11530,#11581,.T.);
#11581 = CIRCLE('',#11582,0.5);
#11582 = AXIS2_PLACEMENT_3D('',#11583,#11584,#11585);
#11583 = CARTESIAN_POINT('',(77.597180594361,31.115011430023,0.));
#11584 = DIRECTION('',(0.,0.,1.));
#11585 = DIRECTION('',(-1.,-1.110223024625E-16,0.));
#11586 = CYLINDRICAL_SURFACE('',#11587,0.5);
#11587 = AXIS2_PLACEMENT_3D('',#11588,#11589,#11590);
#11588 = CARTESIAN_POINT('',(77.597180594361,31.115011430023,0.));
#11589 = DIRECTION('',(-0.,-0.,-1.));
#11590 = DIRECTION('',(-1.,-1.110223024625E-16,0.));
#11591 = ADVANCED_FACE('',(#11592),#11628,.F.);
#11592 = FACE_BOUND('',#11593,.T.);
#11593 = EDGE_LOOP('',(#11594,#11604,#11613,#11621));
#11594 = ORIENTED_EDGE('',*,*,#11595,.T.);
#11595 = EDGE_CURVE('',#11596,#11598,#11600,.T.);
#11596 = VERTEX_POINT('',#11597);
#11597 = CARTESIAN_POINT('',(78.097180594361,28.575006350013,0.));
#11598 = VERTEX_POINT('',#11599);
#11599 = CARTESIAN_POINT('',(78.097180594361,28.575006350013,
    1.600050800102));
#11600 = LINE('',#11601,#11602);
#11601 = CARTESIAN_POINT('',(78.097180594361,28.575006350013,0.));
#11602 = VECTOR('',#11603,1.);
#11603 = DIRECTION('',(0.,0.,1.));
#11604 = ORIENTED_EDGE('',*,*,#11605,.T.);
#11605 = EDGE_CURVE('',#11598,#11606,#11608,.T.);
#11606 = VERTEX_POINT('',#11607);
#11607 = CARTESIAN_POINT('',(77.097180594361,28.575006350013,
    1.600050800102));
#11608 = CIRCLE('',#11609,0.5);
#11609 = AXIS2_PLACEMENT_3D('',#11610,#11611,#11612);
#11610 = CARTESIAN_POINT('',(77.597180594361,28.575006350013,
    1.600050800102));
#11611 = DIRECTION('',(0.,0.,1.));
#11612 = DIRECTION('',(1.,1.110223024625E-16,-0.));
#11613 = ORIENTED_EDGE('',*,*,#11614,.F.);
#11614 = EDGE_CURVE('',#11615,#11606,#11617,.T.);
#11615 = VERTEX_POINT('',#11616);
#11616 = CARTESIAN_POINT('',(77.097180594361,28.575006350013,0.));
#11617 = LINE('',#11618,#11619);
#11618 = CARTESIAN_POINT('',(77.097180594361,28.575006350013,0.));
#11619 = VECTOR('',#11620,1.);
#11620 = DIRECTION('',(0.,0.,1.));
#11621 = ORIENTED_EDGE('',*,*,#11622,.F.);
#11622 = EDGE_CURVE('',#11596,#11615,#11623,.T.);
#11623 = CIRCLE('',#11624,0.5);
#11624 = AXIS2_PLACEMENT_3D('',#11625,#11626,#11627);
#11625 = CARTESIAN_POINT('',(77.597180594361,28.575006350013,0.));
#11626 = DIRECTION('',(0.,0.,1.));
#11627 = DIRECTION('',(1.,1.110223024625E-16,-0.));
#11628 = CYLINDRICAL_SURFACE('',#11629,0.5);
#11629 = AXIS2_PLACEMENT_3D('',#11630,#11631,#11632);
#11630 = CARTESIAN_POINT('',(77.597180594361,28.575006350013,0.));
#11631 = DIRECTION('',(-0.,-0.,-1.));
#11632 = DIRECTION('',(1.,1.110223024625E-16,-0.));
#11633 = ADVANCED_FACE('',(#11634),#11652,.F.);
#11634 = FACE_BOUND('',#11635,.T.);
#11635 = EDGE_LOOP('',(#11636,#11637,#11644,#11645));
#11636 = ORIENTED_EDGE('',*,*,#11614,.T.);
#11637 = ORIENTED_EDGE('',*,*,#11638,.T.);
#11638 = EDGE_CURVE('',#11606,#11598,#11639,.T.);
#11639 = CIRCLE('',#11640,0.5);
#11640 = AXIS2_PLACEMENT_3D('',#11641,#11642,#11643);
#11641 = CARTESIAN_POINT('',(77.597180594361,28.575006350013,
    1.600050800102));
#11642 = DIRECTION('',(0.,0.,1.));
#11643 = DIRECTION('',(-1.,-1.110223024625E-16,0.));
#11644 = ORIENTED_EDGE('',*,*,#11595,.F.);
#11645 = ORIENTED_EDGE('',*,*,#11646,.F.);
#11646 = EDGE_CURVE('',#11615,#11596,#11647,.T.);
#11647 = CIRCLE('',#11648,0.5);
#11648 = AXIS2_PLACEMENT_3D('',#11649,#11650,#11651);
#11649 = CARTESIAN_POINT('',(77.597180594361,28.575006350013,0.));
#11650 = DIRECTION('',(0.,0.,1.));
#11651 = DIRECTION('',(-1.,-1.110223024625E-16,0.));
#11652 = CYLINDRICAL_SURFACE('',#11653,0.5);
#11653 = AXIS2_PLACEMENT_3D('',#11654,#11655,#11656);
#11654 = CARTESIAN_POINT('',(77.597180594361,28.575006350013,0.));
#11655 = DIRECTION('',(-0.,-0.,-1.));
#11656 = DIRECTION('',(-1.,-1.110223024625E-16,0.));
#11657 = ADVANCED_FACE('',(#11658),#11694,.F.);
#11658 = FACE_BOUND('',#11659,.T.);
#11659 = EDGE_LOOP('',(#11660,#11670,#11679,#11687));
#11660 = ORIENTED_EDGE('',*,*,#11661,.T.);
#11661 = EDGE_CURVE('',#11662,#11664,#11666,.T.);
#11662 = VERTEX_POINT('',#11663);
#11663 = CARTESIAN_POINT('',(80.61016002032,63.246126492253,0.));
#11664 = VERTEX_POINT('',#11665);
#11665 = CARTESIAN_POINT('',(80.61016002032,63.246126492253,
    1.600050800102));
#11666 = LINE('',#11667,#11668);
#11667 = CARTESIAN_POINT('',(80.61016002032,63.246126492253,0.));
#11668 = VECTOR('',#11669,1.);
#11669 = DIRECTION('',(0.,0.,1.));
#11670 = ORIENTED_EDGE('',*,*,#11671,.T.);
#11671 = EDGE_CURVE('',#11664,#11672,#11674,.T.);
#11672 = VERTEX_POINT('',#11673);
#11673 = CARTESIAN_POINT('',(79.41016002032,63.246126492253,
    1.600050800102));
#11674 = CIRCLE('',#11675,0.6);
#11675 = AXIS2_PLACEMENT_3D('',#11676,#11677,#11678);
#11676 = CARTESIAN_POINT('',(80.01016002032,63.246126492253,
    1.600050800102));
#11677 = DIRECTION('',(0.,0.,1.));
#11678 = DIRECTION('',(1.,1.110223024625E-16,-0.));
#11679 = ORIENTED_EDGE('',*,*,#11680,.F.);
#11680 = EDGE_CURVE('',#11681,#11672,#11683,.T.);
#11681 = VERTEX_POINT('',#11682);
#11682 = CARTESIAN_POINT('',(79.41016002032,63.246126492253,0.));
#11683 = LINE('',#11684,#11685);
#11684 = CARTESIAN_POINT('',(79.41016002032,63.246126492253,0.));
#11685 = VECTOR('',#11686,1.);
#11686 = DIRECTION('',(0.,0.,1.));
#11687 = ORIENTED_EDGE('',*,*,#11688,.F.);
#11688 = EDGE_CURVE('',#11662,#11681,#11689,.T.);
#11689 = CIRCLE('',#11690,0.6);
#11690 = AXIS2_PLACEMENT_3D('',#11691,#11692,#11693);
#11691 = CARTESIAN_POINT('',(80.01016002032,63.246126492253,0.));
#11692 = DIRECTION('',(0.,0.,1.));
#11693 = DIRECTION('',(1.,1.110223024625E-16,-0.));
#11694 = CYLINDRICAL_SURFACE('',#11695,0.6);
#11695 = AXIS2_PLACEMENT_3D('',#11696,#11697,#11698);
#11696 = CARTESIAN_POINT('',(80.01016002032,63.246126492253,0.));
#11697 = DIRECTION('',(-0.,-0.,-1.));
#11698 = DIRECTION('',(1.,1.110223024625E-16,-0.));
#11699 = ADVANCED_FACE('',(#11700),#11718,.F.);
#11700 = FACE_BOUND('',#11701,.T.);
#11701 = EDGE_LOOP('',(#11702,#11703,#11710,#11711));
#11702 = ORIENTED_EDGE('',*,*,#11680,.T.);
#11703 = ORIENTED_EDGE('',*,*,#11704,.T.);
#11704 = EDGE_CURVE('',#11672,#11664,#11705,.T.);
#11705 = CIRCLE('',#11706,0.6);
#11706 = AXIS2_PLACEMENT_3D('',#11707,#11708,#11709);
#11707 = CARTESIAN_POINT('',(80.01016002032,63.246126492253,
    1.600050800102));
#11708 = DIRECTION('',(0.,0.,1.));
#11709 = DIRECTION('',(-1.,-1.110223024625E-16,0.));
#11710 = ORIENTED_EDGE('',*,*,#11661,.F.);
#11711 = ORIENTED_EDGE('',*,*,#11712,.F.);
#11712 = EDGE_CURVE('',#11681,#11662,#11713,.T.);
#11713 = CIRCLE('',#11714,0.6);
#11714 = AXIS2_PLACEMENT_3D('',#11715,#11716,#11717);
#11715 = CARTESIAN_POINT('',(80.01016002032,63.246126492253,0.));
#11716 = DIRECTION('',(0.,0.,1.));
#11717 = DIRECTION('',(-1.,-1.110223024625E-16,0.));
#11718 = CYLINDRICAL_SURFACE('',#11719,0.6);
#11719 = AXIS2_PLACEMENT_3D('',#11720,#11721,#11722);
#11720 = CARTESIAN_POINT('',(80.01016002032,63.246126492253,0.));
#11721 = DIRECTION('',(-0.,-0.,-1.));
#11722 = DIRECTION('',(-1.,-1.110223024625E-16,0.));
#11723 = ADVANCED_FACE('',(#11724),#11760,.F.);
#11724 = FACE_BOUND('',#11725,.T.);
#11725 = EDGE_LOOP('',(#11726,#11736,#11745,#11753));
#11726 = ORIENTED_EDGE('',*,*,#11727,.T.);
#11727 = EDGE_CURVE('',#11728,#11730,#11732,.T.);
#11728 = VERTEX_POINT('',#11729);
#11729 = CARTESIAN_POINT('',(80.61016002032,36.195072390145,0.));
#11730 = VERTEX_POINT('',#11731);
#11731 = CARTESIAN_POINT('',(80.61016002032,36.195072390145,
    1.600050800102));
#11732 = LINE('',#11733,#11734);
#11733 = CARTESIAN_POINT('',(80.61016002032,36.195072390145,0.));
#11734 = VECTOR('',#11735,1.);
#11735 = DIRECTION('',(0.,0.,1.));
#11736 = ORIENTED_EDGE('',*,*,#11737,.T.);
#11737 = EDGE_CURVE('',#11730,#11738,#11740,.T.);
#11738 = VERTEX_POINT('',#11739);
#11739 = CARTESIAN_POINT('',(79.41016002032,36.195072390145,
    1.600050800102));
#11740 = CIRCLE('',#11741,0.6);
#11741 = AXIS2_PLACEMENT_3D('',#11742,#11743,#11744);
#11742 = CARTESIAN_POINT('',(80.01016002032,36.195072390145,
    1.600050800102));
#11743 = DIRECTION('',(0.,0.,1.));
#11744 = DIRECTION('',(1.,1.110223024625E-16,-0.));
#11745 = ORIENTED_EDGE('',*,*,#11746,.F.);
#11746 = EDGE_CURVE('',#11747,#11738,#11749,.T.);
#11747 = VERTEX_POINT('',#11748);
#11748 = CARTESIAN_POINT('',(79.41016002032,36.195072390145,0.));
#11749 = LINE('',#11750,#11751);
#11750 = CARTESIAN_POINT('',(79.41016002032,36.195072390145,0.));
#11751 = VECTOR('',#11752,1.);
#11752 = DIRECTION('',(0.,0.,1.));
#11753 = ORIENTED_EDGE('',*,*,#11754,.F.);
#11754 = EDGE_CURVE('',#11728,#11747,#11755,.T.);
#11755 = CIRCLE('',#11756,0.6);
#11756 = AXIS2_PLACEMENT_3D('',#11757,#11758,#11759);
#11757 = CARTESIAN_POINT('',(80.01016002032,36.195072390145,0.));
#11758 = DIRECTION('',(0.,0.,1.));
#11759 = DIRECTION('',(1.,1.110223024625E-16,-0.));
#11760 = CYLINDRICAL_SURFACE('',#11761,0.6);
#11761 = AXIS2_PLACEMENT_3D('',#11762,#11763,#11764);
#11762 = CARTESIAN_POINT('',(80.01016002032,36.195072390145,0.));
#11763 = DIRECTION('',(-0.,-0.,-1.));
#11764 = DIRECTION('',(1.,1.110223024625E-16,-0.));
#11765 = ADVANCED_FACE('',(#11766),#11784,.F.);
#11766 = FACE_BOUND('',#11767,.T.);
#11767 = EDGE_LOOP('',(#11768,#11769,#11776,#11777));
#11768 = ORIENTED_EDGE('',*,*,#11746,.T.);
#11769 = ORIENTED_EDGE('',*,*,#11770,.T.);
#11770 = EDGE_CURVE('',#11738,#11730,#11771,.T.);
#11771 = CIRCLE('',#11772,0.6);
#11772 = AXIS2_PLACEMENT_3D('',#11773,#11774,#11775);
#11773 = CARTESIAN_POINT('',(80.01016002032,36.195072390145,
    1.600050800102));
#11774 = DIRECTION('',(0.,0.,1.));
#11775 = DIRECTION('',(-1.,-1.110223024625E-16,0.));
#11776 = ORIENTED_EDGE('',*,*,#11727,.F.);
#11777 = ORIENTED_EDGE('',*,*,#11778,.F.);
#11778 = EDGE_CURVE('',#11747,#11728,#11779,.T.);
#11779 = CIRCLE('',#11780,0.6);
#11780 = AXIS2_PLACEMENT_3D('',#11781,#11782,#11783);
#11781 = CARTESIAN_POINT('',(80.01016002032,36.195072390145,0.));
#11782 = DIRECTION('',(0.,0.,1.));
#11783 = DIRECTION('',(-1.,-1.110223024625E-16,0.));
#11784 = CYLINDRICAL_SURFACE('',#11785,0.6);
#11785 = AXIS2_PLACEMENT_3D('',#11786,#11787,#11788);
#11786 = CARTESIAN_POINT('',(80.01016002032,36.195072390145,0.));
#11787 = DIRECTION('',(-0.,-0.,-1.));
#11788 = DIRECTION('',(-1.,-1.110223024625E-16,0.));
#11789 = ADVANCED_FACE('',(#11790),#11826,.F.);
#11790 = FACE_BOUND('',#11791,.T.);
#11791 = EDGE_LOOP('',(#11792,#11802,#11811,#11819));
#11792 = ORIENTED_EDGE('',*,*,#11793,.T.);
#11793 = EDGE_CURVE('',#11794,#11796,#11798,.T.);
#11794 = VERTEX_POINT('',#11795);
#11795 = CARTESIAN_POINT('',(80.510134620269,57.40411480823,0.));
#11796 = VERTEX_POINT('',#11797);
#11797 = CARTESIAN_POINT('',(80.510134620269,57.40411480823,
    1.600050800102));
#11798 = LINE('',#11799,#11800);
#11799 = CARTESIAN_POINT('',(80.510134620269,57.40411480823,0.));
#11800 = VECTOR('',#11801,1.);
#11801 = DIRECTION('',(0.,0.,1.));
#11802 = ORIENTED_EDGE('',*,*,#11803,.T.);
#11803 = EDGE_CURVE('',#11796,#11804,#11806,.T.);
#11804 = VERTEX_POINT('',#11805);
#11805 = CARTESIAN_POINT('',(79.510134620269,57.40411480823,
    1.600050800102));
#11806 = CIRCLE('',#11807,0.5);
#11807 = AXIS2_PLACEMENT_3D('',#11808,#11809,#11810);
#11808 = CARTESIAN_POINT('',(80.010134620269,57.40411480823,
    1.600050800102));
#11809 = DIRECTION('',(0.,0.,1.));
#11810 = DIRECTION('',(1.,1.110223024625E-16,-0.));
#11811 = ORIENTED_EDGE('',*,*,#11812,.F.);
#11812 = EDGE_CURVE('',#11813,#11804,#11815,.T.);
#11813 = VERTEX_POINT('',#11814);
#11814 = CARTESIAN_POINT('',(79.510134620269,57.40411480823,0.));
#11815 = LINE('',#11816,#11817);
#11816 = CARTESIAN_POINT('',(79.510134620269,57.40411480823,0.));
#11817 = VECTOR('',#11818,1.);
#11818 = DIRECTION('',(0.,0.,1.));
#11819 = ORIENTED_EDGE('',*,*,#11820,.F.);
#11820 = EDGE_CURVE('',#11794,#11813,#11821,.T.);
#11821 = CIRCLE('',#11822,0.5);
#11822 = AXIS2_PLACEMENT_3D('',#11823,#11824,#11825);
#11823 = CARTESIAN_POINT('',(80.010134620269,57.40411480823,0.));
#11824 = DIRECTION('',(0.,0.,1.));
#11825 = DIRECTION('',(1.,1.110223024625E-16,-0.));
#11826 = CYLINDRICAL_SURFACE('',#11827,0.5);
#11827 = AXIS2_PLACEMENT_3D('',#11828,#11829,#11830);
#11828 = CARTESIAN_POINT('',(80.010134620269,57.40411480823,0.));
#11829 = DIRECTION('',(-0.,-0.,-1.));
#11830 = DIRECTION('',(1.,1.110223024625E-16,-0.));
#11831 = ADVANCED_FACE('',(#11832),#11850,.F.);
#11832 = FACE_BOUND('',#11833,.T.);
#11833 = EDGE_LOOP('',(#11834,#11835,#11842,#11843));
#11834 = ORIENTED_EDGE('',*,*,#11812,.T.);
#11835 = ORIENTED_EDGE('',*,*,#11836,.T.);
#11836 = EDGE_CURVE('',#11804,#11796,#11837,.T.);
#11837 = CIRCLE('',#11838,0.5);
#11838 = AXIS2_PLACEMENT_3D('',#11839,#11840,#11841);
#11839 = CARTESIAN_POINT('',(80.010134620269,57.40411480823,
    1.600050800102));
#11840 = DIRECTION('',(0.,0.,1.));
#11841 = DIRECTION('',(-1.,-1.110223024625E-16,0.));
#11842 = ORIENTED_EDGE('',*,*,#11793,.F.);
#11843 = ORIENTED_EDGE('',*,*,#11844,.F.);
#11844 = EDGE_CURVE('',#11813,#11794,#11845,.T.);
#11845 = CIRCLE('',#11846,0.5);
#11846 = AXIS2_PLACEMENT_3D('',#11847,#11848,#11849);
#11847 = CARTESIAN_POINT('',(80.010134620269,57.40411480823,0.));
#11848 = DIRECTION('',(0.,0.,1.));
#11849 = DIRECTION('',(-1.,-1.110223024625E-16,0.));
#11850 = CYLINDRICAL_SURFACE('',#11851,0.5);
#11851 = AXIS2_PLACEMENT_3D('',#11852,#11853,#11854);
#11852 = CARTESIAN_POINT('',(80.010134620269,57.40411480823,0.));
#11853 = DIRECTION('',(-0.,-0.,-1.));
#11854 = DIRECTION('',(-1.,-1.110223024625E-16,0.));
#11855 = ADVANCED_FACE('',(#11856),#11892,.F.);
#11856 = FACE_BOUND('',#11857,.T.);
#11857 = EDGE_LOOP('',(#11858,#11868,#11877,#11885));
#11858 = ORIENTED_EDGE('',*,*,#11859,.T.);
#11859 = EDGE_CURVE('',#11860,#11862,#11864,.T.);
#11860 = VERTEX_POINT('',#11861);
#11861 = CARTESIAN_POINT('',(80.510134620269,42.164109728219,0.));
#11862 = VERTEX_POINT('',#11863);
#11863 = CARTESIAN_POINT('',(80.510134620269,42.164109728219,
    1.600050800102));
#11864 = LINE('',#11865,#11866);
#11865 = CARTESIAN_POINT('',(80.510134620269,42.164109728219,0.));
#11866 = VECTOR('',#11867,1.);
#11867 = DIRECTION('',(0.,0.,1.));
#11868 = ORIENTED_EDGE('',*,*,#11869,.T.);
#11869 = EDGE_CURVE('',#11862,#11870,#11872,.T.);
#11870 = VERTEX_POINT('',#11871);
#11871 = CARTESIAN_POINT('',(79.510134620269,42.164109728219,
    1.600050800102));
#11872 = CIRCLE('',#11873,0.5);
#11873 = AXIS2_PLACEMENT_3D('',#11874,#11875,#11876);
#11874 = CARTESIAN_POINT('',(80.010134620269,42.164109728219,
    1.600050800102));
#11875 = DIRECTION('',(0.,0.,1.));
#11876 = DIRECTION('',(1.,1.110223024625E-16,-0.));
#11877 = ORIENTED_EDGE('',*,*,#11878,.F.);
#11878 = EDGE_CURVE('',#11879,#11870,#11881,.T.);
#11879 = VERTEX_POINT('',#11880);
#11880 = CARTESIAN_POINT('',(79.510134620269,42.164109728219,0.));
#11881 = LINE('',#11882,#11883);
#11882 = CARTESIAN_POINT('',(79.510134620269,42.164109728219,0.));
#11883 = VECTOR('',#11884,1.);
#11884 = DIRECTION('',(0.,0.,1.));
#11885 = ORIENTED_EDGE('',*,*,#11886,.F.);
#11886 = EDGE_CURVE('',#11860,#11879,#11887,.T.);
#11887 = CIRCLE('',#11888,0.5);
#11888 = AXIS2_PLACEMENT_3D('',#11889,#11890,#11891);
#11889 = CARTESIAN_POINT('',(80.010134620269,42.164109728219,0.));
#11890 = DIRECTION('',(0.,0.,1.));
#11891 = DIRECTION('',(1.,1.110223024625E-16,-0.));
#11892 = CYLINDRICAL_SURFACE('',#11893,0.5);
#11893 = AXIS2_PLACEMENT_3D('',#11894,#11895,#11896);
#11894 = CARTESIAN_POINT('',(80.010134620269,42.164109728219,0.));
#11895 = DIRECTION('',(-0.,-0.,-1.));
#11896 = DIRECTION('',(1.,1.110223024625E-16,-0.));
#11897 = ADVANCED_FACE('',(#11898),#11916,.F.);
#11898 = FACE_BOUND('',#11899,.T.);
#11899 = EDGE_LOOP('',(#11900,#11901,#11908,#11909));
#11900 = ORIENTED_EDGE('',*,*,#11878,.T.);
#11901 = ORIENTED_EDGE('',*,*,#11902,.T.);
#11902 = EDGE_CURVE('',#11870,#11862,#11903,.T.);
#11903 = CIRCLE('',#11904,0.5);
#11904 = AXIS2_PLACEMENT_3D('',#11905,#11906,#11907);
#11905 = CARTESIAN_POINT('',(80.010134620269,42.164109728219,
    1.600050800102));
#11906 = DIRECTION('',(0.,0.,1.));
#11907 = DIRECTION('',(-1.,-1.110223024625E-16,0.));
#11908 = ORIENTED_EDGE('',*,*,#11859,.F.);
#11909 = ORIENTED_EDGE('',*,*,#11910,.F.);
#11910 = EDGE_CURVE('',#11879,#11860,#11911,.T.);
#11911 = CIRCLE('',#11912,0.5);
#11912 = AXIS2_PLACEMENT_3D('',#11913,#11914,#11915);
#11913 = CARTESIAN_POINT('',(80.010134620269,42.164109728219,0.));
#11914 = DIRECTION('',(0.,0.,1.));
#11915 = DIRECTION('',(-1.,-1.110223024625E-16,0.));
#11916 = CYLINDRICAL_SURFACE('',#11917,0.5);
#11917 = AXIS2_PLACEMENT_3D('',#11918,#11919,#11920);
#11918 = CARTESIAN_POINT('',(80.010134620269,42.164109728219,0.));
#11919 = DIRECTION('',(-0.,-0.,-1.));
#11920 = DIRECTION('',(-1.,-1.110223024625E-16,0.));
#11921 = ADVANCED_FACE('',(#11922),#11958,.F.);
#11922 = FACE_BOUND('',#11923,.T.);
#11923 = EDGE_LOOP('',(#11924,#11934,#11943,#11951));
#11924 = ORIENTED_EDGE('',*,*,#11925,.T.);
#11925 = EDGE_CURVE('',#11926,#11928,#11930,.T.);
#11926 = VERTEX_POINT('',#11927);
#11927 = CARTESIAN_POINT('',(80.637185674371,31.115011430023,0.));
#11928 = VERTEX_POINT('',#11929);
#11929 = CARTESIAN_POINT('',(80.637185674371,31.115011430023,
    1.600050800102));
#11930 = LINE('',#11931,#11932);
#11931 = CARTESIAN_POINT('',(80.637185674371,31.115011430023,0.));
#11932 = VECTOR('',#11933,1.);
#11933 = DIRECTION('',(0.,0.,1.));
#11934 = ORIENTED_EDGE('',*,*,#11935,.T.);
#11935 = EDGE_CURVE('',#11928,#11936,#11938,.T.);
#11936 = VERTEX_POINT('',#11937);
#11937 = CARTESIAN_POINT('',(79.637185674371,31.115011430023,
    1.600050800102));
#11938 = CIRCLE('',#11939,0.5);
#11939 = AXIS2_PLACEMENT_3D('',#11940,#11941,#11942);
#11940 = CARTESIAN_POINT('',(80.137185674371,31.115011430023,
    1.600050800102));
#11941 = DIRECTION('',(0.,0.,1.));
#11942 = DIRECTION('',(1.,1.110223024625E-16,-0.));
#11943 = ORIENTED_EDGE('',*,*,#11944,.F.);
#11944 = EDGE_CURVE('',#11945,#11936,#11947,.T.);
#11945 = VERTEX_POINT('',#11946);
#11946 = CARTESIAN_POINT('',(79.637185674371,31.115011430023,0.));
#11947 = LINE('',#11948,#11949);
#11948 = CARTESIAN_POINT('',(79.637185674371,31.115011430023,0.));
#11949 = VECTOR('',#11950,1.);
#11950 = DIRECTION('',(0.,0.,1.));
#11951 = ORIENTED_EDGE('',*,*,#11952,.F.);
#11952 = EDGE_CURVE('',#11926,#11945,#11953,.T.);
#11953 = CIRCLE('',#11954,0.5);
#11954 = AXIS2_PLACEMENT_3D('',#11955,#11956,#11957);
#11955 = CARTESIAN_POINT('',(80.137185674371,31.115011430023,0.));
#11956 = DIRECTION('',(0.,0.,1.));
#11957 = DIRECTION('',(1.,1.110223024625E-16,-0.));
#11958 = CYLINDRICAL_SURFACE('',#11959,0.5);
#11959 = AXIS2_PLACEMENT_3D('',#11960,#11961,#11962);
#11960 = CARTESIAN_POINT('',(80.137185674371,31.115011430023,0.));
#11961 = DIRECTION('',(-0.,-0.,-1.));
#11962 = DIRECTION('',(1.,1.110223024625E-16,-0.));
#11963 = ADVANCED_FACE('',(#11964),#11982,.F.);
#11964 = FACE_BOUND('',#11965,.T.);
#11965 = EDGE_LOOP('',(#11966,#11967,#11974,#11975));
#11966 = ORIENTED_EDGE('',*,*,#11944,.T.);
#11967 = ORIENTED_EDGE('',*,*,#11968,.T.);
#11968 = EDGE_CURVE('',#11936,#11928,#11969,.T.);
#11969 = CIRCLE('',#11970,0.5);
#11970 = AXIS2_PLACEMENT_3D('',#11971,#11972,#11973);
#11971 = CARTESIAN_POINT('',(80.137185674371,31.115011430023,
    1.600050800102));
#11972 = DIRECTION('',(0.,0.,1.));
#11973 = DIRECTION('',(-1.,-1.110223024625E-16,0.));
#11974 = ORIENTED_EDGE('',*,*,#11925,.F.);
#11975 = ORIENTED_EDGE('',*,*,#11976,.F.);
#11976 = EDGE_CURVE('',#11945,#11926,#11977,.T.);
#11977 = CIRCLE('',#11978,0.5);
#11978 = AXIS2_PLACEMENT_3D('',#11979,#11980,#11981);
#11979 = CARTESIAN_POINT('',(80.137185674371,31.115011430023,0.));
#11980 = DIRECTION('',(0.,0.,1.));
#11981 = DIRECTION('',(-1.,-1.110223024625E-16,0.));
#11982 = CYLINDRICAL_SURFACE('',#11983,0.5);
#11983 = AXIS2_PLACEMENT_3D('',#11984,#11985,#11986);
#11984 = CARTESIAN_POINT('',(80.137185674371,31.115011430023,0.));
#11985 = DIRECTION('',(-0.,-0.,-1.));
#11986 = DIRECTION('',(-1.,-1.110223024625E-16,0.));
#11987 = ADVANCED_FACE('',(#11988),#12024,.F.);
#11988 = FACE_BOUND('',#11989,.T.);
#11989 = EDGE_LOOP('',(#11990,#12000,#12009,#12017));
#11990 = ORIENTED_EDGE('',*,*,#11991,.T.);
#11991 = EDGE_CURVE('',#11992,#11994,#11996,.T.);
#11992 = VERTEX_POINT('',#11993);
#11993 = CARTESIAN_POINT('',(80.637185674371,28.575006350013,0.));
#11994 = VERTEX_POINT('',#11995);
#11995 = CARTESIAN_POINT('',(80.637185674371,28.575006350013,
    1.600050800102));
#11996 = LINE('',#11997,#11998);
#11997 = CARTESIAN_POINT('',(80.637185674371,28.575006350013,0.));
#11998 = VECTOR('',#11999,1.);
#11999 = DIRECTION('',(0.,0.,1.));
#12000 = ORIENTED_EDGE('',*,*,#12001,.T.);
#12001 = EDGE_CURVE('',#11994,#12002,#12004,.T.);
#12002 = VERTEX_POINT('',#12003);
#12003 = CARTESIAN_POINT('',(79.637185674371,28.575006350013,
    1.600050800102));
#12004 = CIRCLE('',#12005,0.5);
#12005 = AXIS2_PLACEMENT_3D('',#12006,#12007,#12008);
#12006 = CARTESIAN_POINT('',(80.137185674371,28.575006350013,
    1.600050800102));
#12007 = DIRECTION('',(0.,0.,1.));
#12008 = DIRECTION('',(1.,1.110223024625E-16,-0.));
#12009 = ORIENTED_EDGE('',*,*,#12010,.F.);
#12010 = EDGE_CURVE('',#12011,#12002,#12013,.T.);
#12011 = VERTEX_POINT('',#12012);
#12012 = CARTESIAN_POINT('',(79.637185674371,28.575006350013,0.));
#12013 = LINE('',#12014,#12015);
#12014 = CARTESIAN_POINT('',(79.637185674371,28.575006350013,0.));
#12015 = VECTOR('',#12016,1.);
#12016 = DIRECTION('',(0.,0.,1.));
#12017 = ORIENTED_EDGE('',*,*,#12018,.F.);
#12018 = EDGE_CURVE('',#11992,#12011,#12019,.T.);
#12019 = CIRCLE('',#12020,0.5);
#12020 = AXIS2_PLACEMENT_3D('',#12021,#12022,#12023);
#12021 = CARTESIAN_POINT('',(80.137185674371,28.575006350013,0.));
#12022 = DIRECTION('',(0.,0.,1.));
#12023 = DIRECTION('',(1.,1.110223024625E-16,-0.));
#12024 = CYLINDRICAL_SURFACE('',#12025,0.5);
#12025 = AXIS2_PLACEMENT_3D('',#12026,#12027,#12028);
#12026 = CARTESIAN_POINT('',(80.137185674371,28.575006350013,0.));
#12027 = DIRECTION('',(-0.,-0.,-1.));
#12028 = DIRECTION('',(1.,1.110223024625E-16,-0.));
#12029 = ADVANCED_FACE('',(#12030),#12048,.F.);
#12030 = FACE_BOUND('',#12031,.T.);
#12031 = EDGE_LOOP('',(#12032,#12033,#12040,#12041));
#12032 = ORIENTED_EDGE('',*,*,#12010,.T.);
#12033 = ORIENTED_EDGE('',*,*,#12034,.T.);
#12034 = EDGE_CURVE('',#12002,#11994,#12035,.T.);
#12035 = CIRCLE('',#12036,0.5);
#12036 = AXIS2_PLACEMENT_3D('',#12037,#12038,#12039);
#12037 = CARTESIAN_POINT('',(80.137185674371,28.575006350013,
    1.600050800102));
#12038 = DIRECTION('',(0.,0.,1.));
#12039 = DIRECTION('',(-1.,-1.110223024625E-16,0.));
#12040 = ORIENTED_EDGE('',*,*,#11991,.F.);
#12041 = ORIENTED_EDGE('',*,*,#12042,.F.);
#12042 = EDGE_CURVE('',#12011,#11992,#12043,.T.);
#12043 = CIRCLE('',#12044,0.5);
#12044 = AXIS2_PLACEMENT_3D('',#12045,#12046,#12047);
#12045 = CARTESIAN_POINT('',(80.137185674371,28.575006350013,0.));
#12046 = DIRECTION('',(0.,0.,1.));
#12047 = DIRECTION('',(-1.,-1.110223024625E-16,0.));
#12048 = CYLINDRICAL_SURFACE('',#12049,0.5);
#12049 = AXIS2_PLACEMENT_3D('',#12050,#12051,#12052);
#12050 = CARTESIAN_POINT('',(80.137185674371,28.575006350013,0.));
#12051 = DIRECTION('',(-0.,-0.,-1.));
#12052 = DIRECTION('',(-1.,-1.110223024625E-16,0.));
#12053 = ADVANCED_FACE('',(#12054),#12090,.F.);
#12054 = FACE_BOUND('',#12055,.T.);
#12055 = EDGE_LOOP('',(#12056,#12066,#12075,#12083));
#12056 = ORIENTED_EDGE('',*,*,#12057,.T.);
#12057 = EDGE_CURVE('',#12058,#12060,#12062,.T.);
#12058 = VERTEX_POINT('',#12059);
#12059 = CARTESIAN_POINT('',(83.15016510033,63.246126492253,0.));
#12060 = VERTEX_POINT('',#12061);
#12061 = CARTESIAN_POINT('',(83.15016510033,63.246126492253,
    1.600050800102));
#12062 = LINE('',#12063,#12064);
#12063 = CARTESIAN_POINT('',(83.15016510033,63.246126492253,0.));
#12064 = VECTOR('',#12065,1.);
#12065 = DIRECTION('',(0.,0.,1.));
#12066 = ORIENTED_EDGE('',*,*,#12067,.T.);
#12067 = EDGE_CURVE('',#12060,#12068,#12070,.T.);
#12068 = VERTEX_POINT('',#12069);
#12069 = CARTESIAN_POINT('',(81.95016510033,63.246126492253,
    1.600050800102));
#12070 = CIRCLE('',#12071,0.6);
#12071 = AXIS2_PLACEMENT_3D('',#12072,#12073,#12074);
#12072 = CARTESIAN_POINT('',(82.55016510033,63.246126492253,
    1.600050800102));
#12073 = DIRECTION('',(0.,0.,1.));
#12074 = DIRECTION('',(1.,1.110223024625E-16,-0.));
#12075 = ORIENTED_EDGE('',*,*,#12076,.F.);
#12076 = EDGE_CURVE('',#12077,#12068,#12079,.T.);
#12077 = VERTEX_POINT('',#12078);
#12078 = CARTESIAN_POINT('',(81.95016510033,63.246126492253,0.));
#12079 = LINE('',#12080,#12081);
#12080 = CARTESIAN_POINT('',(81.95016510033,63.246126492253,0.));
#12081 = VECTOR('',#12082,1.);
#12082 = DIRECTION('',(0.,0.,1.));
#12083 = ORIENTED_EDGE('',*,*,#12084,.F.);
#12084 = EDGE_CURVE('',#12058,#12077,#12085,.T.);
#12085 = CIRCLE('',#12086,0.6);
#12086 = AXIS2_PLACEMENT_3D('',#12087,#12088,#12089);
#12087 = CARTESIAN_POINT('',(82.55016510033,63.246126492253,0.));
#12088 = DIRECTION('',(0.,0.,1.));
#12089 = DIRECTION('',(1.,1.110223024625E-16,-0.));
#12090 = CYLINDRICAL_SURFACE('',#12091,0.6);
#12091 = AXIS2_PLACEMENT_3D('',#12092,#12093,#12094);
#12092 = CARTESIAN_POINT('',(82.55016510033,63.246126492253,0.));
#12093 = DIRECTION('',(-0.,-0.,-1.));
#12094 = DIRECTION('',(1.,1.110223024625E-16,-0.));
#12095 = ADVANCED_FACE('',(#12096),#12114,.F.);
#12096 = FACE_BOUND('',#12097,.T.);
#12097 = EDGE_LOOP('',(#12098,#12099,#12106,#12107));
#12098 = ORIENTED_EDGE('',*,*,#12076,.T.);
#12099 = ORIENTED_EDGE('',*,*,#12100,.T.);
#12100 = EDGE_CURVE('',#12068,#12060,#12101,.T.);
#12101 = CIRCLE('',#12102,0.6);
#12102 = AXIS2_PLACEMENT_3D('',#12103,#12104,#12105);
#12103 = CARTESIAN_POINT('',(82.55016510033,63.246126492253,
    1.600050800102));
#12104 = DIRECTION('',(0.,0.,1.));
#12105 = DIRECTION('',(-1.,-1.110223024625E-16,0.));
#12106 = ORIENTED_EDGE('',*,*,#12057,.F.);
#12107 = ORIENTED_EDGE('',*,*,#12108,.F.);
#12108 = EDGE_CURVE('',#12077,#12058,#12109,.T.);
#12109 = CIRCLE('',#12110,0.6);
#12110 = AXIS2_PLACEMENT_3D('',#12111,#12112,#12113);
#12111 = CARTESIAN_POINT('',(82.55016510033,63.246126492253,0.));
#12112 = DIRECTION('',(0.,0.,1.));
#12113 = DIRECTION('',(-1.,-1.110223024625E-16,0.));
#12114 = CYLINDRICAL_SURFACE('',#12115,0.6);
#12115 = AXIS2_PLACEMENT_3D('',#12116,#12117,#12118);
#12116 = CARTESIAN_POINT('',(82.55016510033,63.246126492253,0.));
#12117 = DIRECTION('',(-0.,-0.,-1.));
#12118 = DIRECTION('',(-1.,-1.110223024625E-16,0.));
#12119 = ADVANCED_FACE('',(#12120),#12156,.F.);
#12120 = FACE_BOUND('',#12121,.T.);
#12121 = EDGE_LOOP('',(#12122,#12132,#12141,#12149));
#12122 = ORIENTED_EDGE('',*,*,#12123,.T.);
#12123 = EDGE_CURVE('',#12124,#12126,#12128,.T.);
#12124 = VERTEX_POINT('',#12125);
#12125 = CARTESIAN_POINT('',(83.15016510033,36.195072390145,0.));
#12126 = VERTEX_POINT('',#12127);
#12127 = CARTESIAN_POINT('',(83.15016510033,36.195072390145,
    1.600050800102));
#12128 = LINE('',#12129,#12130);
#12129 = CARTESIAN_POINT('',(83.15016510033,36.195072390145,0.));
#12130 = VECTOR('',#12131,1.);
#12131 = DIRECTION('',(0.,0.,1.));
#12132 = ORIENTED_EDGE('',*,*,#12133,.T.);
#12133 = EDGE_CURVE('',#12126,#12134,#12136,.T.);
#12134 = VERTEX_POINT('',#12135);
#12135 = CARTESIAN_POINT('',(81.95016510033,36.195072390145,
    1.600050800102));
#12136 = CIRCLE('',#12137,0.6);
#12137 = AXIS2_PLACEMENT_3D('',#12138,#12139,#12140);
#12138 = CARTESIAN_POINT('',(82.55016510033,36.195072390145,
    1.600050800102));
#12139 = DIRECTION('',(0.,0.,1.));
#12140 = DIRECTION('',(1.,1.110223024625E-16,-0.));
#12141 = ORIENTED_EDGE('',*,*,#12142,.F.);
#12142 = EDGE_CURVE('',#12143,#12134,#12145,.T.);
#12143 = VERTEX_POINT('',#12144);
#12144 = CARTESIAN_POINT('',(81.95016510033,36.195072390145,0.));
#12145 = LINE('',#12146,#12147);
#12146 = CARTESIAN_POINT('',(81.95016510033,36.195072390145,0.));
#12147 = VECTOR('',#12148,1.);
#12148 = DIRECTION('',(0.,0.,1.));
#12149 = ORIENTED_EDGE('',*,*,#12150,.F.);
#12150 = EDGE_CURVE('',#12124,#12143,#12151,.T.);
#12151 = CIRCLE('',#12152,0.6);
#12152 = AXIS2_PLACEMENT_3D('',#12153,#12154,#12155);
#12153 = CARTESIAN_POINT('',(82.55016510033,36.195072390145,0.));
#12154 = DIRECTION('',(0.,0.,1.));
#12155 = DIRECTION('',(1.,1.110223024625E-16,-0.));
#12156 = CYLINDRICAL_SURFACE('',#12157,0.6);
#12157 = AXIS2_PLACEMENT_3D('',#12158,#12159,#12160);
#12158 = CARTESIAN_POINT('',(82.55016510033,36.195072390145,0.));
#12159 = DIRECTION('',(-0.,-0.,-1.));
#12160 = DIRECTION('',(1.,1.110223024625E-16,-0.));
#12161 = ADVANCED_FACE('',(#12162),#12180,.F.);
#12162 = FACE_BOUND('',#12163,.T.);
#12163 = EDGE_LOOP('',(#12164,#12165,#12172,#12173));
#12164 = ORIENTED_EDGE('',*,*,#12142,.T.);
#12165 = ORIENTED_EDGE('',*,*,#12166,.T.);
#12166 = EDGE_CURVE('',#12134,#12126,#12167,.T.);
#12167 = CIRCLE('',#12168,0.6);
#12168 = AXIS2_PLACEMENT_3D('',#12169,#12170,#12171);
#12169 = CARTESIAN_POINT('',(82.55016510033,36.195072390145,
    1.600050800102));
#12170 = DIRECTION('',(0.,0.,1.));
#12171 = DIRECTION('',(-1.,-1.110223024625E-16,0.));
#12172 = ORIENTED_EDGE('',*,*,#12123,.F.);
#12173 = ORIENTED_EDGE('',*,*,#12174,.F.);
#12174 = EDGE_CURVE('',#12143,#12124,#12175,.T.);
#12175 = CIRCLE('',#12176,0.6);
#12176 = AXIS2_PLACEMENT_3D('',#12177,#12178,#12179);
#12177 = CARTESIAN_POINT('',(82.55016510033,36.195072390145,0.));
#12178 = DIRECTION('',(0.,0.,1.));
#12179 = DIRECTION('',(-1.,-1.110223024625E-16,0.));
#12180 = CYLINDRICAL_SURFACE('',#12181,0.6);
#12181 = AXIS2_PLACEMENT_3D('',#12182,#12183,#12184);
#12182 = CARTESIAN_POINT('',(82.55016510033,36.195072390145,0.));
#12183 = DIRECTION('',(-0.,-0.,-1.));
#12184 = DIRECTION('',(-1.,-1.110223024625E-16,0.));
#12185 = ADVANCED_FACE('',(#12186),#12222,.F.);
#12186 = FACE_BOUND('',#12187,.T.);
#12187 = EDGE_LOOP('',(#12188,#12198,#12207,#12215));
#12188 = ORIENTED_EDGE('',*,*,#12189,.T.);
#12189 = EDGE_CURVE('',#12190,#12192,#12194,.T.);
#12190 = VERTEX_POINT('',#12191);
#12191 = CARTESIAN_POINT('',(83.050139700279,57.40411480823,0.));
#12192 = VERTEX_POINT('',#12193);
#12193 = CARTESIAN_POINT('',(83.050139700279,57.40411480823,
    1.600050800102));
#12194 = LINE('',#12195,#12196);
#12195 = CARTESIAN_POINT('',(83.050139700279,57.40411480823,0.));
#12196 = VECTOR('',#12197,1.);
#12197 = DIRECTION('',(0.,0.,1.));
#12198 = ORIENTED_EDGE('',*,*,#12199,.T.);
#12199 = EDGE_CURVE('',#12192,#12200,#12202,.T.);
#12200 = VERTEX_POINT('',#12201);
#12201 = CARTESIAN_POINT('',(82.050139700279,57.40411480823,
    1.600050800102));
#12202 = CIRCLE('',#12203,0.5);
#12203 = AXIS2_PLACEMENT_3D('',#12204,#12205,#12206);
#12204 = CARTESIAN_POINT('',(82.550139700279,57.40411480823,
    1.600050800102));
#12205 = DIRECTION('',(0.,0.,1.));
#12206 = DIRECTION('',(1.,1.110223024625E-16,-0.));
#12207 = ORIENTED_EDGE('',*,*,#12208,.F.);
#12208 = EDGE_CURVE('',#12209,#12200,#12211,.T.);
#12209 = VERTEX_POINT('',#12210);
#12210 = CARTESIAN_POINT('',(82.050139700279,57.40411480823,0.));
#12211 = LINE('',#12212,#12213);
#12212 = CARTESIAN_POINT('',(82.050139700279,57.40411480823,0.));
#12213 = VECTOR('',#12214,1.);
#12214 = DIRECTION('',(0.,0.,1.));
#12215 = ORIENTED_EDGE('',*,*,#12216,.F.);
#12216 = EDGE_CURVE('',#12190,#12209,#12217,.T.);
#12217 = CIRCLE('',#12218,0.5);
#12218 = AXIS2_PLACEMENT_3D('',#12219,#12220,#12221);
#12219 = CARTESIAN_POINT('',(82.550139700279,57.40411480823,0.));
#12220 = DIRECTION('',(0.,0.,1.));
#12221 = DIRECTION('',(1.,1.110223024625E-16,-0.));
#12222 = CYLINDRICAL_SURFACE('',#12223,0.5);
#12223 = AXIS2_PLACEMENT_3D('',#12224,#12225,#12226);
#12224 = CARTESIAN_POINT('',(82.550139700279,57.40411480823,0.));
#12225 = DIRECTION('',(-0.,-0.,-1.));
#12226 = DIRECTION('',(1.,1.110223024625E-16,-0.));
#12227 = ADVANCED_FACE('',(#12228),#12246,.F.);
#12228 = FACE_BOUND('',#12229,.T.);
#12229 = EDGE_LOOP('',(#12230,#12231,#12238,#12239));
#12230 = ORIENTED_EDGE('',*,*,#12208,.T.);
#12231 = ORIENTED_EDGE('',*,*,#12232,.T.);
#12232 = EDGE_CURVE('',#12200,#12192,#12233,.T.);
#12233 = CIRCLE('',#12234,0.5);
#12234 = AXIS2_PLACEMENT_3D('',#12235,#12236,#12237);
#12235 = CARTESIAN_POINT('',(82.550139700279,57.40411480823,
    1.600050800102));
#12236 = DIRECTION('',(0.,0.,1.));
#12237 = DIRECTION('',(-1.,-1.110223024625E-16,0.));
#12238 = ORIENTED_EDGE('',*,*,#12189,.F.);
#12239 = ORIENTED_EDGE('',*,*,#12240,.F.);
#12240 = EDGE_CURVE('',#12209,#12190,#12241,.T.);
#12241 = CIRCLE('',#12242,0.5);
#12242 = AXIS2_PLACEMENT_3D('',#12243,#12244,#12245);
#12243 = CARTESIAN_POINT('',(82.550139700279,57.40411480823,0.));
#12244 = DIRECTION('',(0.,0.,1.));
#12245 = DIRECTION('',(-1.,-1.110223024625E-16,0.));
#12246 = CYLINDRICAL_SURFACE('',#12247,0.5);
#12247 = AXIS2_PLACEMENT_3D('',#12248,#12249,#12250);
#12248 = CARTESIAN_POINT('',(82.550139700279,57.40411480823,0.));
#12249 = DIRECTION('',(-0.,-0.,-1.));
#12250 = DIRECTION('',(-1.,-1.110223024625E-16,0.));
#12251 = ADVANCED_FACE('',(#12252),#12288,.F.);
#12252 = FACE_BOUND('',#12253,.T.);
#12253 = EDGE_LOOP('',(#12254,#12264,#12273,#12281));
#12254 = ORIENTED_EDGE('',*,*,#12255,.T.);
#12255 = EDGE_CURVE('',#12256,#12258,#12260,.T.);
#12256 = VERTEX_POINT('',#12257);
#12257 = CARTESIAN_POINT('',(83.050139700279,42.164109728219,0.));
#12258 = VERTEX_POINT('',#12259);
#12259 = CARTESIAN_POINT('',(83.050139700279,42.164109728219,
    1.600050800102));
#12260 = LINE('',#12261,#12262);
#12261 = CARTESIAN_POINT('',(83.050139700279,42.164109728219,0.));
#12262 = VECTOR('',#12263,1.);
#12263 = DIRECTION('',(0.,0.,1.));
#12264 = ORIENTED_EDGE('',*,*,#12265,.T.);
#12265 = EDGE_CURVE('',#12258,#12266,#12268,.T.);
#12266 = VERTEX_POINT('',#12267);
#12267 = CARTESIAN_POINT('',(82.050139700279,42.164109728219,
    1.600050800102));
#12268 = CIRCLE('',#12269,0.5);
#12269 = AXIS2_PLACEMENT_3D('',#12270,#12271,#12272);
#12270 = CARTESIAN_POINT('',(82.550139700279,42.164109728219,
    1.600050800102));
#12271 = DIRECTION('',(0.,0.,1.));
#12272 = DIRECTION('',(1.,1.110223024625E-16,-0.));
#12273 = ORIENTED_EDGE('',*,*,#12274,.F.);
#12274 = EDGE_CURVE('',#12275,#12266,#12277,.T.);
#12275 = VERTEX_POINT('',#12276);
#12276 = CARTESIAN_POINT('',(82.050139700279,42.164109728219,0.));
#12277 = LINE('',#12278,#12279);
#12278 = CARTESIAN_POINT('',(82.050139700279,42.164109728219,0.));
#12279 = VECTOR('',#12280,1.);
#12280 = DIRECTION('',(0.,0.,1.));
#12281 = ORIENTED_EDGE('',*,*,#12282,.F.);
#12282 = EDGE_CURVE('',#12256,#12275,#12283,.T.);
#12283 = CIRCLE('',#12284,0.5);
#12284 = AXIS2_PLACEMENT_3D('',#12285,#12286,#12287);
#12285 = CARTESIAN_POINT('',(82.550139700279,42.164109728219,0.));
#12286 = DIRECTION('',(0.,0.,1.));
#12287 = DIRECTION('',(1.,1.110223024625E-16,-0.));
#12288 = CYLINDRICAL_SURFACE('',#12289,0.5);
#12289 = AXIS2_PLACEMENT_3D('',#12290,#12291,#12292);
#12290 = CARTESIAN_POINT('',(82.550139700279,42.164109728219,0.));
#12291 = DIRECTION('',(-0.,-0.,-1.));
#12292 = DIRECTION('',(1.,1.110223024625E-16,-0.));
#12293 = ADVANCED_FACE('',(#12294),#12312,.F.);
#12294 = FACE_BOUND('',#12295,.T.);
#12295 = EDGE_LOOP('',(#12296,#12297,#12304,#12305));
#12296 = ORIENTED_EDGE('',*,*,#12274,.T.);
#12297 = ORIENTED_EDGE('',*,*,#12298,.T.);
#12298 = EDGE_CURVE('',#12266,#12258,#12299,.T.);
#12299 = CIRCLE('',#12300,0.5);
#12300 = AXIS2_PLACEMENT_3D('',#12301,#12302,#12303);
#12301 = CARTESIAN_POINT('',(82.550139700279,42.164109728219,
    1.600050800102));
#12302 = DIRECTION('',(0.,0.,1.));
#12303 = DIRECTION('',(-1.,-1.110223024625E-16,0.));
#12304 = ORIENTED_EDGE('',*,*,#12255,.F.);
#12305 = ORIENTED_EDGE('',*,*,#12306,.F.);
#12306 = EDGE_CURVE('',#12275,#12256,#12307,.T.);
#12307 = CIRCLE('',#12308,0.5);
#12308 = AXIS2_PLACEMENT_3D('',#12309,#12310,#12311);
#12309 = CARTESIAN_POINT('',(82.550139700279,42.164109728219,0.));
#12310 = DIRECTION('',(0.,0.,1.));
#12311 = DIRECTION('',(-1.,-1.110223024625E-16,0.));
#12312 = CYLINDRICAL_SURFACE('',#12313,0.5);
#12313 = AXIS2_PLACEMENT_3D('',#12314,#12315,#12316);
#12314 = CARTESIAN_POINT('',(82.550139700279,42.164109728219,0.));
#12315 = DIRECTION('',(-0.,-0.,-1.));
#12316 = DIRECTION('',(-1.,-1.110223024625E-16,0.));
#12317 = ADVANCED_FACE('',(#12318),#12354,.F.);
#12318 = FACE_BOUND('',#12319,.T.);
#12319 = EDGE_LOOP('',(#12320,#12330,#12339,#12347));
#12320 = ORIENTED_EDGE('',*,*,#12321,.T.);
#12321 = EDGE_CURVE('',#12322,#12324,#12326,.T.);
#12322 = VERTEX_POINT('',#12323);
#12323 = CARTESIAN_POINT('',(83.177190754382,31.115011430023,0.));
#12324 = VERTEX_POINT('',#12325);
#12325 = CARTESIAN_POINT('',(83.177190754382,31.115011430023,
    1.600050800102));
#12326 = LINE('',#12327,#12328);
#12327 = CARTESIAN_POINT('',(83.177190754382,31.115011430023,0.));
#12328 = VECTOR('',#12329,1.);
#12329 = DIRECTION('',(0.,0.,1.));
#12330 = ORIENTED_EDGE('',*,*,#12331,.T.);
#12331 = EDGE_CURVE('',#12324,#12332,#12334,.T.);
#12332 = VERTEX_POINT('',#12333);
#12333 = CARTESIAN_POINT('',(82.177190754382,31.115011430023,
    1.600050800102));
#12334 = CIRCLE('',#12335,0.5);
#12335 = AXIS2_PLACEMENT_3D('',#12336,#12337,#12338);
#12336 = CARTESIAN_POINT('',(82.677190754382,31.115011430023,
    1.600050800102));
#12337 = DIRECTION('',(0.,0.,1.));
#12338 = DIRECTION('',(1.,1.110223024625E-16,-0.));
#12339 = ORIENTED_EDGE('',*,*,#12340,.F.);
#12340 = EDGE_CURVE('',#12341,#12332,#12343,.T.);
#12341 = VERTEX_POINT('',#12342);
#12342 = CARTESIAN_POINT('',(82.177190754382,31.115011430023,0.));
#12343 = LINE('',#12344,#12345);
#12344 = CARTESIAN_POINT('',(82.177190754382,31.115011430023,0.));
#12345 = VECTOR('',#12346,1.);
#12346 = DIRECTION('',(0.,0.,1.));
#12347 = ORIENTED_EDGE('',*,*,#12348,.F.);
#12348 = EDGE_CURVE('',#12322,#12341,#12349,.T.);
#12349 = CIRCLE('',#12350,0.5);
#12350 = AXIS2_PLACEMENT_3D('',#12351,#12352,#12353);
#12351 = CARTESIAN_POINT('',(82.677190754382,31.115011430023,0.));
#12352 = DIRECTION('',(0.,0.,1.));
#12353 = DIRECTION('',(1.,1.110223024625E-16,-0.));
#12354 = CYLINDRICAL_SURFACE('',#12355,0.5);
#12355 = AXIS2_PLACEMENT_3D('',#12356,#12357,#12358);
#12356 = CARTESIAN_POINT('',(82.677190754382,31.115011430023,0.));
#12357 = DIRECTION('',(-0.,-0.,-1.));
#12358 = DIRECTION('',(1.,1.110223024625E-16,-0.));
#12359 = ADVANCED_FACE('',(#12360),#12378,.F.);
#12360 = FACE_BOUND('',#12361,.T.);
#12361 = EDGE_LOOP('',(#12362,#12363,#12370,#12371));
#12362 = ORIENTED_EDGE('',*,*,#12340,.T.);
#12363 = ORIENTED_EDGE('',*,*,#12364,.T.);
#12364 = EDGE_CURVE('',#12332,#12324,#12365,.T.);
#12365 = CIRCLE('',#12366,0.5);
#12366 = AXIS2_PLACEMENT_3D('',#12367,#12368,#12369);
#12367 = CARTESIAN_POINT('',(82.677190754382,31.115011430023,
    1.600050800102));
#12368 = DIRECTION('',(0.,0.,1.));
#12369 = DIRECTION('',(-1.,-1.110223024625E-16,0.));
#12370 = ORIENTED_EDGE('',*,*,#12321,.F.);
#12371 = ORIENTED_EDGE('',*,*,#12372,.F.);
#12372 = EDGE_CURVE('',#12341,#12322,#12373,.T.);
#12373 = CIRCLE('',#12374,0.5);
#12374 = AXIS2_PLACEMENT_3D('',#12375,#12376,#12377);
#12375 = CARTESIAN_POINT('',(82.677190754382,31.115011430023,0.));
#12376 = DIRECTION('',(0.,0.,1.));
#12377 = DIRECTION('',(-1.,-1.110223024625E-16,0.));
#12378 = CYLINDRICAL_SURFACE('',#12379,0.5);
#12379 = AXIS2_PLACEMENT_3D('',#12380,#12381,#12382);
#12380 = CARTESIAN_POINT('',(82.677190754382,31.115011430023,0.));
#12381 = DIRECTION('',(-0.,-0.,-1.));
#12382 = DIRECTION('',(-1.,-1.110223024625E-16,0.));
#12383 = ADVANCED_FACE('',(#12384),#12420,.F.);
#12384 = FACE_BOUND('',#12385,.T.);
#12385 = EDGE_LOOP('',(#12386,#12396,#12405,#12413));
#12386 = ORIENTED_EDGE('',*,*,#12387,.T.);
#12387 = EDGE_CURVE('',#12388,#12390,#12392,.T.);
#12388 = VERTEX_POINT('',#12389);
#12389 = CARTESIAN_POINT('',(83.177190754382,28.575006350013,0.));
#12390 = VERTEX_POINT('',#12391);
#12391 = CARTESIAN_POINT('',(83.177190754382,28.575006350013,
    1.600050800102));
#12392 = LINE('',#12393,#12394);
#12393 = CARTESIAN_POINT('',(83.177190754382,28.575006350013,0.));
#12394 = VECTOR('',#12395,1.);
#12395 = DIRECTION('',(0.,0.,1.));
#12396 = ORIENTED_EDGE('',*,*,#12397,.T.);
#12397 = EDGE_CURVE('',#12390,#12398,#12400,.T.);
#12398 = VERTEX_POINT('',#12399);
#12399 = CARTESIAN_POINT('',(82.177190754382,28.575006350013,
    1.600050800102));
#12400 = CIRCLE('',#12401,0.5);
#12401 = AXIS2_PLACEMENT_3D('',#12402,#12403,#12404);
#12402 = CARTESIAN_POINT('',(82.677190754382,28.575006350013,
    1.600050800102));
#12403 = DIRECTION('',(0.,0.,1.));
#12404 = DIRECTION('',(1.,1.110223024625E-16,-0.));
#12405 = ORIENTED_EDGE('',*,*,#12406,.F.);
#12406 = EDGE_CURVE('',#12407,#12398,#12409,.T.);
#12407 = VERTEX_POINT('',#12408);
#12408 = CARTESIAN_POINT('',(82.177190754382,28.575006350013,0.));
#12409 = LINE('',#12410,#12411);
#12410 = CARTESIAN_POINT('',(82.177190754382,28.575006350013,0.));
#12411 = VECTOR('',#12412,1.);
#12412 = DIRECTION('',(0.,0.,1.));
#12413 = ORIENTED_EDGE('',*,*,#12414,.F.);
#12414 = EDGE_CURVE('',#12388,#12407,#12415,.T.);
#12415 = CIRCLE('',#12416,0.5);
#12416 = AXIS2_PLACEMENT_3D('',#12417,#12418,#12419);
#12417 = CARTESIAN_POINT('',(82.677190754382,28.575006350013,0.));
#12418 = DIRECTION('',(0.,0.,1.));
#12419 = DIRECTION('',(1.,1.110223024625E-16,-0.));
#12420 = CYLINDRICAL_SURFACE('',#12421,0.5);
#12421 = AXIS2_PLACEMENT_3D('',#12422,#12423,#12424);
#12422 = CARTESIAN_POINT('',(82.677190754382,28.575006350013,0.));
#12423 = DIRECTION('',(-0.,-0.,-1.));
#12424 = DIRECTION('',(1.,1.110223024625E-16,-0.));
#12425 = ADVANCED_FACE('',(#12426),#12444,.F.);
#12426 = FACE_BOUND('',#12427,.T.);
#12427 = EDGE_LOOP('',(#12428,#12429,#12436,#12437));
#12428 = ORIENTED_EDGE('',*,*,#12406,.T.);
#12429 = ORIENTED_EDGE('',*,*,#12430,.T.);
#12430 = EDGE_CURVE('',#12398,#12390,#12431,.T.);
#12431 = CIRCLE('',#12432,0.5);
#12432 = AXIS2_PLACEMENT_3D('',#12433,#12434,#12435);
#12433 = CARTESIAN_POINT('',(82.677190754382,28.575006350013,
    1.600050800102));
#12434 = DIRECTION('',(0.,0.,1.));
#12435 = DIRECTION('',(-1.,-1.110223024625E-16,0.));
#12436 = ORIENTED_EDGE('',*,*,#12387,.F.);
#12437 = ORIENTED_EDGE('',*,*,#12438,.F.);
#12438 = EDGE_CURVE('',#12407,#12388,#12439,.T.);
#12439 = CIRCLE('',#12440,0.5);
#12440 = AXIS2_PLACEMENT_3D('',#12441,#12442,#12443);
#12441 = CARTESIAN_POINT('',(82.677190754382,28.575006350013,0.));
#12442 = DIRECTION('',(0.,0.,1.));
#12443 = DIRECTION('',(-1.,-1.110223024625E-16,0.));
#12444 = CYLINDRICAL_SURFACE('',#12445,0.5);
#12445 = AXIS2_PLACEMENT_3D('',#12446,#12447,#12448);
#12446 = CARTESIAN_POINT('',(82.677190754382,28.575006350013,0.));
#12447 = DIRECTION('',(-0.,-0.,-1.));
#12448 = DIRECTION('',(-1.,-1.110223024625E-16,0.));
#12449 = ADVANCED_FACE('',(#12450),#12486,.F.);
#12450 = FACE_BOUND('',#12451,.T.);
#12451 = EDGE_LOOP('',(#12452,#12462,#12471,#12479));
#12452 = ORIENTED_EDGE('',*,*,#12453,.T.);
#12453 = EDGE_CURVE('',#12454,#12456,#12458,.T.);
#12454 = VERTEX_POINT('',#12455);
#12455 = CARTESIAN_POINT('',(85.69017018034,63.246126492253,0.));
#12456 = VERTEX_POINT('',#12457);
#12457 = CARTESIAN_POINT('',(85.69017018034,63.246126492253,
    1.600050800102));
#12458 = LINE('',#12459,#12460);
#12459 = CARTESIAN_POINT('',(85.69017018034,63.246126492253,0.));
#12460 = VECTOR('',#12461,1.);
#12461 = DIRECTION('',(0.,0.,1.));
#12462 = ORIENTED_EDGE('',*,*,#12463,.T.);
#12463 = EDGE_CURVE('',#12456,#12464,#12466,.T.);
#12464 = VERTEX_POINT('',#12465);
#12465 = CARTESIAN_POINT('',(84.49017018034,63.246126492253,
    1.600050800102));
#12466 = CIRCLE('',#12467,0.6);
#12467 = AXIS2_PLACEMENT_3D('',#12468,#12469,#12470);
#12468 = CARTESIAN_POINT('',(85.09017018034,63.246126492253,
    1.600050800102));
#12469 = DIRECTION('',(0.,0.,1.));
#12470 = DIRECTION('',(1.,1.110223024625E-16,-0.));
#12471 = ORIENTED_EDGE('',*,*,#12472,.F.);
#12472 = EDGE_CURVE('',#12473,#12464,#12475,.T.);
#12473 = VERTEX_POINT('',#12474);
#12474 = CARTESIAN_POINT('',(84.49017018034,63.246126492253,0.));
#12475 = LINE('',#12476,#12477);
#12476 = CARTESIAN_POINT('',(84.49017018034,63.246126492253,0.));
#12477 = VECTOR('',#12478,1.);
#12478 = DIRECTION('',(0.,0.,1.));
#12479 = ORIENTED_EDGE('',*,*,#12480,.F.);
#12480 = EDGE_CURVE('',#12454,#12473,#12481,.T.);
#12481 = CIRCLE('',#12482,0.6);
#12482 = AXIS2_PLACEMENT_3D('',#12483,#12484,#12485);
#12483 = CARTESIAN_POINT('',(85.09017018034,63.246126492253,0.));
#12484 = DIRECTION('',(0.,0.,1.));
#12485 = DIRECTION('',(1.,1.110223024625E-16,-0.));
#12486 = CYLINDRICAL_SURFACE('',#12487,0.6);
#12487 = AXIS2_PLACEMENT_3D('',#12488,#12489,#12490);
#12488 = CARTESIAN_POINT('',(85.09017018034,63.246126492253,0.));
#12489 = DIRECTION('',(-0.,-0.,-1.));
#12490 = DIRECTION('',(1.,1.110223024625E-16,-0.));
#12491 = ADVANCED_FACE('',(#12492),#12510,.F.);
#12492 = FACE_BOUND('',#12493,.T.);
#12493 = EDGE_LOOP('',(#12494,#12495,#12502,#12503));
#12494 = ORIENTED_EDGE('',*,*,#12472,.T.);
#12495 = ORIENTED_EDGE('',*,*,#12496,.T.);
#12496 = EDGE_CURVE('',#12464,#12456,#12497,.T.);
#12497 = CIRCLE('',#12498,0.6);
#12498 = AXIS2_PLACEMENT_3D('',#12499,#12500,#12501);
#12499 = CARTESIAN_POINT('',(85.09017018034,63.246126492253,
    1.600050800102));
#12500 = DIRECTION('',(0.,0.,1.));
#12501 = DIRECTION('',(-1.,-1.110223024625E-16,0.));
#12502 = ORIENTED_EDGE('',*,*,#12453,.F.);
#12503 = ORIENTED_EDGE('',*,*,#12504,.F.);
#12504 = EDGE_CURVE('',#12473,#12454,#12505,.T.);
#12505 = CIRCLE('',#12506,0.6);
#12506 = AXIS2_PLACEMENT_3D('',#12507,#12508,#12509);
#12507 = CARTESIAN_POINT('',(85.09017018034,63.246126492253,0.));
#12508 = DIRECTION('',(0.,0.,1.));
#12509 = DIRECTION('',(-1.,-1.110223024625E-16,0.));
#12510 = CYLINDRICAL_SURFACE('',#12511,0.6);
#12511 = AXIS2_PLACEMENT_3D('',#12512,#12513,#12514);
#12512 = CARTESIAN_POINT('',(85.09017018034,63.246126492253,0.));
#12513 = DIRECTION('',(-0.,-0.,-1.));
#12514 = DIRECTION('',(-1.,-1.110223024625E-16,0.));
#12515 = ADVANCED_FACE('',(#12516),#12552,.F.);
#12516 = FACE_BOUND('',#12517,.T.);
#12517 = EDGE_LOOP('',(#12518,#12528,#12537,#12545));
#12518 = ORIENTED_EDGE('',*,*,#12519,.T.);
#12519 = EDGE_CURVE('',#12520,#12522,#12524,.T.);
#12520 = VERTEX_POINT('',#12521);
#12521 = CARTESIAN_POINT('',(85.69017018034,36.195072390145,0.));
#12522 = VERTEX_POINT('',#12523);
#12523 = CARTESIAN_POINT('',(85.69017018034,36.195072390145,
    1.600050800102));
#12524 = LINE('',#12525,#12526);
#12525 = CARTESIAN_POINT('',(85.69017018034,36.195072390145,0.));
#12526 = VECTOR('',#12527,1.);
#12527 = DIRECTION('',(0.,0.,1.));
#12528 = ORIENTED_EDGE('',*,*,#12529,.T.);
#12529 = EDGE_CURVE('',#12522,#12530,#12532,.T.);
#12530 = VERTEX_POINT('',#12531);
#12531 = CARTESIAN_POINT('',(84.49017018034,36.195072390145,
    1.600050800102));
#12532 = CIRCLE('',#12533,0.6);
#12533 = AXIS2_PLACEMENT_3D('',#12534,#12535,#12536);
#12534 = CARTESIAN_POINT('',(85.09017018034,36.195072390145,
    1.600050800102));
#12535 = DIRECTION('',(0.,0.,1.));
#12536 = DIRECTION('',(1.,1.110223024625E-16,-0.));
#12537 = ORIENTED_EDGE('',*,*,#12538,.F.);
#12538 = EDGE_CURVE('',#12539,#12530,#12541,.T.);
#12539 = VERTEX_POINT('',#12540);
#12540 = CARTESIAN_POINT('',(84.49017018034,36.195072390145,0.));
#12541 = LINE('',#12542,#12543);
#12542 = CARTESIAN_POINT('',(84.49017018034,36.195072390145,0.));
#12543 = VECTOR('',#12544,1.);
#12544 = DIRECTION('',(0.,0.,1.));
#12545 = ORIENTED_EDGE('',*,*,#12546,.F.);
#12546 = EDGE_CURVE('',#12520,#12539,#12547,.T.);
#12547 = CIRCLE('',#12548,0.6);
#12548 = AXIS2_PLACEMENT_3D('',#12549,#12550,#12551);
#12549 = CARTESIAN_POINT('',(85.09017018034,36.195072390145,0.));
#12550 = DIRECTION('',(0.,0.,1.));
#12551 = DIRECTION('',(1.,1.110223024625E-16,-0.));
#12552 = CYLINDRICAL_SURFACE('',#12553,0.6);
#12553 = AXIS2_PLACEMENT_3D('',#12554,#12555,#12556);
#12554 = CARTESIAN_POINT('',(85.09017018034,36.195072390145,0.));
#12555 = DIRECTION('',(-0.,-0.,-1.));
#12556 = DIRECTION('',(1.,1.110223024625E-16,-0.));
#12557 = ADVANCED_FACE('',(#12558),#12576,.F.);
#12558 = FACE_BOUND('',#12559,.T.);
#12559 = EDGE_LOOP('',(#12560,#12561,#12568,#12569));
#12560 = ORIENTED_EDGE('',*,*,#12538,.T.);
#12561 = ORIENTED_EDGE('',*,*,#12562,.T.);
#12562 = EDGE_CURVE('',#12530,#12522,#12563,.T.);
#12563 = CIRCLE('',#12564,0.6);
#12564 = AXIS2_PLACEMENT_3D('',#12565,#12566,#12567);
#12565 = CARTESIAN_POINT('',(85.09017018034,36.195072390145,
    1.600050800102));
#12566 = DIRECTION('',(0.,0.,1.));
#12567 = DIRECTION('',(-1.,-1.110223024625E-16,0.));
#12568 = ORIENTED_EDGE('',*,*,#12519,.F.);
#12569 = ORIENTED_EDGE('',*,*,#12570,.F.);
#12570 = EDGE_CURVE('',#12539,#12520,#12571,.T.);
#12571 = CIRCLE('',#12572,0.6);
#12572 = AXIS2_PLACEMENT_3D('',#12573,#12574,#12575);
#12573 = CARTESIAN_POINT('',(85.09017018034,36.195072390145,0.));
#12574 = DIRECTION('',(0.,0.,1.));
#12575 = DIRECTION('',(-1.,-1.110223024625E-16,0.));
#12576 = CYLINDRICAL_SURFACE('',#12577,0.6);
#12577 = AXIS2_PLACEMENT_3D('',#12578,#12579,#12580);
#12578 = CARTESIAN_POINT('',(85.09017018034,36.195072390145,0.));
#12579 = DIRECTION('',(-0.,-0.,-1.));
#12580 = DIRECTION('',(-1.,-1.110223024625E-16,0.));
#12581 = ADVANCED_FACE('',(#12582),#12618,.F.);
#12582 = FACE_BOUND('',#12583,.T.);
#12583 = EDGE_LOOP('',(#12584,#12594,#12603,#12611));
#12584 = ORIENTED_EDGE('',*,*,#12585,.T.);
#12585 = EDGE_CURVE('',#12586,#12588,#12590,.T.);
#12586 = VERTEX_POINT('',#12587);
#12587 = CARTESIAN_POINT('',(85.59014478029,57.40411480823,0.));
#12588 = VERTEX_POINT('',#12589);
#12589 = CARTESIAN_POINT('',(85.59014478029,57.40411480823,
    1.600050800102));
#12590 = LINE('',#12591,#12592);
#12591 = CARTESIAN_POINT('',(85.59014478029,57.40411480823,0.));
#12592 = VECTOR('',#12593,1.);
#12593 = DIRECTION('',(0.,0.,1.));
#12594 = ORIENTED_EDGE('',*,*,#12595,.T.);
#12595 = EDGE_CURVE('',#12588,#12596,#12598,.T.);
#12596 = VERTEX_POINT('',#12597);
#12597 = CARTESIAN_POINT('',(84.59014478029,57.40411480823,
    1.600050800102));
#12598 = CIRCLE('',#12599,0.5);
#12599 = AXIS2_PLACEMENT_3D('',#12600,#12601,#12602);
#12600 = CARTESIAN_POINT('',(85.09014478029,57.40411480823,
    1.600050800102));
#12601 = DIRECTION('',(0.,0.,1.));
#12602 = DIRECTION('',(1.,1.110223024625E-16,-0.));
#12603 = ORIENTED_EDGE('',*,*,#12604,.F.);
#12604 = EDGE_CURVE('',#12605,#12596,#12607,.T.);
#12605 = VERTEX_POINT('',#12606);
#12606 = CARTESIAN_POINT('',(84.59014478029,57.40411480823,0.));
#12607 = LINE('',#12608,#12609);
#12608 = CARTESIAN_POINT('',(84.59014478029,57.40411480823,0.));
#12609 = VECTOR('',#12610,1.);
#12610 = DIRECTION('',(0.,0.,1.));
#12611 = ORIENTED_EDGE('',*,*,#12612,.F.);
#12612 = EDGE_CURVE('',#12586,#12605,#12613,.T.);
#12613 = CIRCLE('',#12614,0.5);
#12614 = AXIS2_PLACEMENT_3D('',#12615,#12616,#12617);
#12615 = CARTESIAN_POINT('',(85.09014478029,57.40411480823,0.));
#12616 = DIRECTION('',(0.,0.,1.));
#12617 = DIRECTION('',(1.,1.110223024625E-16,-0.));
#12618 = CYLINDRICAL_SURFACE('',#12619,0.5);
#12619 = AXIS2_PLACEMENT_3D('',#12620,#12621,#12622);
#12620 = CARTESIAN_POINT('',(85.09014478029,57.40411480823,0.));
#12621 = DIRECTION('',(-0.,-0.,-1.));
#12622 = DIRECTION('',(1.,1.110223024625E-16,-0.));
#12623 = ADVANCED_FACE('',(#12624),#12642,.F.);
#12624 = FACE_BOUND('',#12625,.T.);
#12625 = EDGE_LOOP('',(#12626,#12627,#12634,#12635));
#12626 = ORIENTED_EDGE('',*,*,#12604,.T.);
#12627 = ORIENTED_EDGE('',*,*,#12628,.T.);
#12628 = EDGE_CURVE('',#12596,#12588,#12629,.T.);
#12629 = CIRCLE('',#12630,0.5);
#12630 = AXIS2_PLACEMENT_3D('',#12631,#12632,#12633);
#12631 = CARTESIAN_POINT('',(85.09014478029,57.40411480823,
    1.600050800102));
#12632 = DIRECTION('',(0.,0.,1.));
#12633 = DIRECTION('',(-1.,-1.110223024625E-16,0.));
#12634 = ORIENTED_EDGE('',*,*,#12585,.F.);
#12635 = ORIENTED_EDGE('',*,*,#12636,.F.);
#12636 = EDGE_CURVE('',#12605,#12586,#12637,.T.);
#12637 = CIRCLE('',#12638,0.5);
#12638 = AXIS2_PLACEMENT_3D('',#12639,#12640,#12641);
#12639 = CARTESIAN_POINT('',(85.09014478029,57.40411480823,0.));
#12640 = DIRECTION('',(0.,0.,1.));
#12641 = DIRECTION('',(-1.,-1.110223024625E-16,0.));
#12642 = CYLINDRICAL_SURFACE('',#12643,0.5);
#12643 = AXIS2_PLACEMENT_3D('',#12644,#12645,#12646);
#12644 = CARTESIAN_POINT('',(85.09014478029,57.40411480823,0.));
#12645 = DIRECTION('',(-0.,-0.,-1.));
#12646 = DIRECTION('',(-1.,-1.110223024625E-16,0.));
#12647 = ADVANCED_FACE('',(#12648),#12684,.F.);
#12648 = FACE_BOUND('',#12649,.T.);
#12649 = EDGE_LOOP('',(#12650,#12660,#12669,#12677));
#12650 = ORIENTED_EDGE('',*,*,#12651,.T.);
#12651 = EDGE_CURVE('',#12652,#12654,#12656,.T.);
#12652 = VERTEX_POINT('',#12653);
#12653 = CARTESIAN_POINT('',(85.59014478029,42.164109728219,0.));
#12654 = VERTEX_POINT('',#12655);
#12655 = CARTESIAN_POINT('',(85.59014478029,42.164109728219,
    1.600050800102));
#12656 = LINE('',#12657,#12658);
#12657 = CARTESIAN_POINT('',(85.59014478029,42.164109728219,0.));
#12658 = VECTOR('',#12659,1.);
#12659 = DIRECTION('',(0.,0.,1.));
#12660 = ORIENTED_EDGE('',*,*,#12661,.T.);
#12661 = EDGE_CURVE('',#12654,#12662,#12664,.T.);
#12662 = VERTEX_POINT('',#12663);
#12663 = CARTESIAN_POINT('',(84.59014478029,42.164109728219,
    1.600050800102));
#12664 = CIRCLE('',#12665,0.5);
#12665 = AXIS2_PLACEMENT_3D('',#12666,#12667,#12668);
#12666 = CARTESIAN_POINT('',(85.09014478029,42.164109728219,
    1.600050800102));
#12667 = DIRECTION('',(0.,0.,1.));
#12668 = DIRECTION('',(1.,1.110223024625E-16,-0.));
#12669 = ORIENTED_EDGE('',*,*,#12670,.F.);
#12670 = EDGE_CURVE('',#12671,#12662,#12673,.T.);
#12671 = VERTEX_POINT('',#12672);
#12672 = CARTESIAN_POINT('',(84.59014478029,42.164109728219,0.));
#12673 = LINE('',#12674,#12675);
#12674 = CARTESIAN_POINT('',(84.59014478029,42.164109728219,0.));
#12675 = VECTOR('',#12676,1.);
#12676 = DIRECTION('',(0.,0.,1.));
#12677 = ORIENTED_EDGE('',*,*,#12678,.F.);
#12678 = EDGE_CURVE('',#12652,#12671,#12679,.T.);
#12679 = CIRCLE('',#12680,0.5);
#12680 = AXIS2_PLACEMENT_3D('',#12681,#12682,#12683);
#12681 = CARTESIAN_POINT('',(85.09014478029,42.164109728219,0.));
#12682 = DIRECTION('',(0.,0.,1.));
#12683 = DIRECTION('',(1.,1.110223024625E-16,-0.));
#12684 = CYLINDRICAL_SURFACE('',#12685,0.5);
#12685 = AXIS2_PLACEMENT_3D('',#12686,#12687,#12688);
#12686 = CARTESIAN_POINT('',(85.09014478029,42.164109728219,0.));
#12687 = DIRECTION('',(-0.,-0.,-1.));
#12688 = DIRECTION('',(1.,1.110223024625E-16,-0.));
#12689 = ADVANCED_FACE('',(#12690),#12708,.F.);
#12690 = FACE_BOUND('',#12691,.T.);
#12691 = EDGE_LOOP('',(#12692,#12693,#12700,#12701));
#12692 = ORIENTED_EDGE('',*,*,#12670,.T.);
#12693 = ORIENTED_EDGE('',*,*,#12694,.T.);
#12694 = EDGE_CURVE('',#12662,#12654,#12695,.T.);
#12695 = CIRCLE('',#12696,0.5);
#12696 = AXIS2_PLACEMENT_3D('',#12697,#12698,#12699);
#12697 = CARTESIAN_POINT('',(85.09014478029,42.164109728219,
    1.600050800102));
#12698 = DIRECTION('',(0.,0.,1.));
#12699 = DIRECTION('',(-1.,-1.110223024625E-16,0.));
#12700 = ORIENTED_EDGE('',*,*,#12651,.F.);
#12701 = ORIENTED_EDGE('',*,*,#12702,.F.);
#12702 = EDGE_CURVE('',#12671,#12652,#12703,.T.);
#12703 = CIRCLE('',#12704,0.5);
#12704 = AXIS2_PLACEMENT_3D('',#12705,#12706,#12707);
#12705 = CARTESIAN_POINT('',(85.09014478029,42.164109728219,0.));
#12706 = DIRECTION('',(0.,0.,1.));
#12707 = DIRECTION('',(-1.,-1.110223024625E-16,0.));
#12708 = CYLINDRICAL_SURFACE('',#12709,0.5);
#12709 = AXIS2_PLACEMENT_3D('',#12710,#12711,#12712);
#12710 = CARTESIAN_POINT('',(85.09014478029,42.164109728219,0.));
#12711 = DIRECTION('',(-0.,-0.,-1.));
#12712 = DIRECTION('',(-1.,-1.110223024625E-16,0.));
#12713 = ADVANCED_FACE('',(#12714),#12750,.F.);
#12714 = FACE_BOUND('',#12715,.T.);
#12715 = EDGE_LOOP('',(#12716,#12726,#12735,#12743));
#12716 = ORIENTED_EDGE('',*,*,#12717,.T.);
#12717 = EDGE_CURVE('',#12718,#12720,#12722,.T.);
#12718 = VERTEX_POINT('',#12719);
#12719 = CARTESIAN_POINT('',(88.230175260351,63.246126492253,0.));
#12720 = VERTEX_POINT('',#12721);
#12721 = CARTESIAN_POINT('',(88.230175260351,63.246126492253,
    1.600050800102));
#12722 = LINE('',#12723,#12724);
#12723 = CARTESIAN_POINT('',(88.230175260351,63.246126492253,0.));
#12724 = VECTOR('',#12725,1.);
#12725 = DIRECTION('',(0.,0.,1.));
#12726 = ORIENTED_EDGE('',*,*,#12727,.T.);
#12727 = EDGE_CURVE('',#12720,#12728,#12730,.T.);
#12728 = VERTEX_POINT('',#12729);
#12729 = CARTESIAN_POINT('',(87.030175260351,63.246126492253,
    1.600050800102));
#12730 = CIRCLE('',#12731,0.6);
#12731 = AXIS2_PLACEMENT_3D('',#12732,#12733,#12734);
#12732 = CARTESIAN_POINT('',(87.630175260351,63.246126492253,
    1.600050800102));
#12733 = DIRECTION('',(0.,0.,1.));
#12734 = DIRECTION('',(1.,1.110223024625E-16,-0.));
#12735 = ORIENTED_EDGE('',*,*,#12736,.F.);
#12736 = EDGE_CURVE('',#12737,#12728,#12739,.T.);
#12737 = VERTEX_POINT('',#12738);
#12738 = CARTESIAN_POINT('',(87.030175260351,63.246126492253,0.));
#12739 = LINE('',#12740,#12741);
#12740 = CARTESIAN_POINT('',(87.030175260351,63.246126492253,0.));
#12741 = VECTOR('',#12742,1.);
#12742 = DIRECTION('',(0.,0.,1.));
#12743 = ORIENTED_EDGE('',*,*,#12744,.F.);
#12744 = EDGE_CURVE('',#12718,#12737,#12745,.T.);
#12745 = CIRCLE('',#12746,0.6);
#12746 = AXIS2_PLACEMENT_3D('',#12747,#12748,#12749);
#12747 = CARTESIAN_POINT('',(87.630175260351,63.246126492253,0.));
#12748 = DIRECTION('',(0.,0.,1.));
#12749 = DIRECTION('',(1.,1.110223024625E-16,-0.));
#12750 = CYLINDRICAL_SURFACE('',#12751,0.6);
#12751 = AXIS2_PLACEMENT_3D('',#12752,#12753,#12754);
#12752 = CARTESIAN_POINT('',(87.630175260351,63.246126492253,0.));
#12753 = DIRECTION('',(-0.,-0.,-1.));
#12754 = DIRECTION('',(1.,1.110223024625E-16,-0.));
#12755 = ADVANCED_FACE('',(#12756),#12774,.F.);
#12756 = FACE_BOUND('',#12757,.T.);
#12757 = EDGE_LOOP('',(#12758,#12759,#12766,#12767));
#12758 = ORIENTED_EDGE('',*,*,#12736,.T.);
#12759 = ORIENTED_EDGE('',*,*,#12760,.T.);
#12760 = EDGE_CURVE('',#12728,#12720,#12761,.T.);
#12761 = CIRCLE('',#12762,0.6);
#12762 = AXIS2_PLACEMENT_3D('',#12763,#12764,#12765);
#12763 = CARTESIAN_POINT('',(87.630175260351,63.246126492253,
    1.600050800102));
#12764 = DIRECTION('',(0.,0.,1.));
#12765 = DIRECTION('',(-1.,-1.110223024625E-16,0.));
#12766 = ORIENTED_EDGE('',*,*,#12717,.F.);
#12767 = ORIENTED_EDGE('',*,*,#12768,.F.);
#12768 = EDGE_CURVE('',#12737,#12718,#12769,.T.);
#12769 = CIRCLE('',#12770,0.6);
#12770 = AXIS2_PLACEMENT_3D('',#12771,#12772,#12773);
#12771 = CARTESIAN_POINT('',(87.630175260351,63.246126492253,0.));
#12772 = DIRECTION('',(0.,0.,1.));
#12773 = DIRECTION('',(-1.,-1.110223024625E-16,0.));
#12774 = CYLINDRICAL_SURFACE('',#12775,0.6);
#12775 = AXIS2_PLACEMENT_3D('',#12776,#12777,#12778);
#12776 = CARTESIAN_POINT('',(87.630175260351,63.246126492253,0.));
#12777 = DIRECTION('',(-0.,-0.,-1.));
#12778 = DIRECTION('',(-1.,-1.110223024625E-16,0.));
#12779 = ADVANCED_FACE('',(#12780),#12816,.F.);
#12780 = FACE_BOUND('',#12781,.T.);
#12781 = EDGE_LOOP('',(#12782,#12792,#12801,#12809));
#12782 = ORIENTED_EDGE('',*,*,#12783,.T.);
#12783 = EDGE_CURVE('',#12784,#12786,#12788,.T.);
#12784 = VERTEX_POINT('',#12785);
#12785 = CARTESIAN_POINT('',(88.230175260351,36.195072390145,0.));
#12786 = VERTEX_POINT('',#12787);
#12787 = CARTESIAN_POINT('',(88.230175260351,36.195072390145,
    1.600050800102));
#12788 = LINE('',#12789,#12790);
#12789 = CARTESIAN_POINT('',(88.230175260351,36.195072390145,0.));
#12790 = VECTOR('',#12791,1.);
#12791 = DIRECTION('',(0.,0.,1.));
#12792 = ORIENTED_EDGE('',*,*,#12793,.T.);
#12793 = EDGE_CURVE('',#12786,#12794,#12796,.T.);
#12794 = VERTEX_POINT('',#12795);
#12795 = CARTESIAN_POINT('',(87.030175260351,36.195072390145,
    1.600050800102));
#12796 = CIRCLE('',#12797,0.6);
#12797 = AXIS2_PLACEMENT_3D('',#12798,#12799,#12800);
#12798 = CARTESIAN_POINT('',(87.630175260351,36.195072390145,
    1.600050800102));
#12799 = DIRECTION('',(0.,0.,1.));
#12800 = DIRECTION('',(1.,1.110223024625E-16,-0.));
#12801 = ORIENTED_EDGE('',*,*,#12802,.F.);
#12802 = EDGE_CURVE('',#12803,#12794,#12805,.T.);
#12803 = VERTEX_POINT('',#12804);
#12804 = CARTESIAN_POINT('',(87.030175260351,36.195072390145,0.));
#12805 = LINE('',#12806,#12807);
#12806 = CARTESIAN_POINT('',(87.030175260351,36.195072390145,0.));
#12807 = VECTOR('',#12808,1.);
#12808 = DIRECTION('',(0.,0.,1.));
#12809 = ORIENTED_EDGE('',*,*,#12810,.F.);
#12810 = EDGE_CURVE('',#12784,#12803,#12811,.T.);
#12811 = CIRCLE('',#12812,0.6);
#12812 = AXIS2_PLACEMENT_3D('',#12813,#12814,#12815);
#12813 = CARTESIAN_POINT('',(87.630175260351,36.195072390145,0.));
#12814 = DIRECTION('',(0.,0.,1.));
#12815 = DIRECTION('',(1.,1.110223024625E-16,-0.));
#12816 = CYLINDRICAL_SURFACE('',#12817,0.6);
#12817 = AXIS2_PLACEMENT_3D('',#12818,#12819,#12820);
#12818 = CARTESIAN_POINT('',(87.630175260351,36.195072390145,0.));
#12819 = DIRECTION('',(-0.,-0.,-1.));
#12820 = DIRECTION('',(1.,1.110223024625E-16,-0.));
#12821 = ADVANCED_FACE('',(#12822),#12840,.F.);
#12822 = FACE_BOUND('',#12823,.T.);
#12823 = EDGE_LOOP('',(#12824,#12825,#12832,#12833));
#12824 = ORIENTED_EDGE('',*,*,#12802,.T.);
#12825 = ORIENTED_EDGE('',*,*,#12826,.T.);
#12826 = EDGE_CURVE('',#12794,#12786,#12827,.T.);
#12827 = CIRCLE('',#12828,0.6);
#12828 = AXIS2_PLACEMENT_3D('',#12829,#12830,#12831);
#12829 = CARTESIAN_POINT('',(87.630175260351,36.195072390145,
    1.600050800102));
#12830 = DIRECTION('',(0.,0.,1.));
#12831 = DIRECTION('',(-1.,-1.110223024625E-16,0.));
#12832 = ORIENTED_EDGE('',*,*,#12783,.F.);
#12833 = ORIENTED_EDGE('',*,*,#12834,.F.);
#12834 = EDGE_CURVE('',#12803,#12784,#12835,.T.);
#12835 = CIRCLE('',#12836,0.6);
#12836 = AXIS2_PLACEMENT_3D('',#12837,#12838,#12839);
#12837 = CARTESIAN_POINT('',(87.630175260351,36.195072390145,0.));
#12838 = DIRECTION('',(0.,0.,1.));
#12839 = DIRECTION('',(-1.,-1.110223024625E-16,0.));
#12840 = CYLINDRICAL_SURFACE('',#12841,0.6);
#12841 = AXIS2_PLACEMENT_3D('',#12842,#12843,#12844);
#12842 = CARTESIAN_POINT('',(87.630175260351,36.195072390145,0.));
#12843 = DIRECTION('',(-0.,-0.,-1.));
#12844 = DIRECTION('',(-1.,-1.110223024625E-16,0.));
#12845 = ADVANCED_FACE('',(#12846),#12882,.F.);
#12846 = FACE_BOUND('',#12847,.T.);
#12847 = EDGE_LOOP('',(#12848,#12858,#12867,#12875));
#12848 = ORIENTED_EDGE('',*,*,#12849,.T.);
#12849 = EDGE_CURVE('',#12850,#12852,#12854,.T.);
#12850 = VERTEX_POINT('',#12851);
#12851 = CARTESIAN_POINT('',(88.130124460249,57.40411480823,0.));
#12852 = VERTEX_POINT('',#12853);
#12853 = CARTESIAN_POINT('',(88.130124460249,57.40411480823,
    1.600050800102));
#12854 = LINE('',#12855,#12856);
#12855 = CARTESIAN_POINT('',(88.130124460249,57.40411480823,0.));
#12856 = VECTOR('',#12857,1.);
#12857 = DIRECTION('',(0.,0.,1.));
#12858 = ORIENTED_EDGE('',*,*,#12859,.T.);
#12859 = EDGE_CURVE('',#12852,#12860,#12862,.T.);
#12860 = VERTEX_POINT('',#12861);
#12861 = CARTESIAN_POINT('',(87.130124460249,57.40411480823,
    1.600050800102));
#12862 = CIRCLE('',#12863,0.5);
#12863 = AXIS2_PLACEMENT_3D('',#12864,#12865,#12866);
#12864 = CARTESIAN_POINT('',(87.630124460249,57.40411480823,
    1.600050800102));
#12865 = DIRECTION('',(0.,0.,1.));
#12866 = DIRECTION('',(1.,1.110223024625E-16,-0.));
#12867 = ORIENTED_EDGE('',*,*,#12868,.F.);
#12868 = EDGE_CURVE('',#12869,#12860,#12871,.T.);
#12869 = VERTEX_POINT('',#12870);
#12870 = CARTESIAN_POINT('',(87.130124460249,57.40411480823,0.));
#12871 = LINE('',#12872,#12873);
#12872 = CARTESIAN_POINT('',(87.130124460249,57.40411480823,0.));
#12873 = VECTOR('',#12874,1.);
#12874 = DIRECTION('',(0.,0.,1.));
#12875 = ORIENTED_EDGE('',*,*,#12876,.F.);
#12876 = EDGE_CURVE('',#12850,#12869,#12877,.T.);
#12877 = CIRCLE('',#12878,0.5);
#12878 = AXIS2_PLACEMENT_3D('',#12879,#12880,#12881);
#12879 = CARTESIAN_POINT('',(87.630124460249,57.40411480823,0.));
#12880 = DIRECTION('',(0.,0.,1.));
#12881 = DIRECTION('',(1.,1.110223024625E-16,-0.));
#12882 = CYLINDRICAL_SURFACE('',#12883,0.5);
#12883 = AXIS2_PLACEMENT_3D('',#12884,#12885,#12886);
#12884 = CARTESIAN_POINT('',(87.630124460249,57.40411480823,0.));
#12885 = DIRECTION('',(-0.,-0.,-1.));
#12886 = DIRECTION('',(1.,1.110223024625E-16,-0.));
#12887 = ADVANCED_FACE('',(#12888),#12906,.F.);
#12888 = FACE_BOUND('',#12889,.T.);
#12889 = EDGE_LOOP('',(#12890,#12891,#12898,#12899));
#12890 = ORIENTED_EDGE('',*,*,#12868,.T.);
#12891 = ORIENTED_EDGE('',*,*,#12892,.T.);
#12892 = EDGE_CURVE('',#12860,#12852,#12893,.T.);
#12893 = CIRCLE('',#12894,0.5);
#12894 = AXIS2_PLACEMENT_3D('',#12895,#12896,#12897);
#12895 = CARTESIAN_POINT('',(87.630124460249,57.40411480823,
    1.600050800102));
#12896 = DIRECTION('',(0.,0.,1.));
#12897 = DIRECTION('',(-1.,-1.110223024625E-16,0.));
#12898 = ORIENTED_EDGE('',*,*,#12849,.F.);
#12899 = ORIENTED_EDGE('',*,*,#12900,.F.);
#12900 = EDGE_CURVE('',#12869,#12850,#12901,.T.);
#12901 = CIRCLE('',#12902,0.5);
#12902 = AXIS2_PLACEMENT_3D('',#12903,#12904,#12905);
#12903 = CARTESIAN_POINT('',(87.630124460249,57.40411480823,0.));
#12904 = DIRECTION('',(0.,0.,1.));
#12905 = DIRECTION('',(-1.,-1.110223024625E-16,0.));
#12906 = CYLINDRICAL_SURFACE('',#12907,0.5);
#12907 = AXIS2_PLACEMENT_3D('',#12908,#12909,#12910);
#12908 = CARTESIAN_POINT('',(87.630124460249,57.40411480823,0.));
#12909 = DIRECTION('',(-0.,-0.,-1.));
#12910 = DIRECTION('',(-1.,-1.110223024625E-16,0.));
#12911 = ADVANCED_FACE('',(#12912),#12948,.F.);
#12912 = FACE_BOUND('',#12913,.T.);
#12913 = EDGE_LOOP('',(#12914,#12924,#12933,#12941));
#12914 = ORIENTED_EDGE('',*,*,#12915,.T.);
#12915 = EDGE_CURVE('',#12916,#12918,#12920,.T.);
#12916 = VERTEX_POINT('',#12917);
#12917 = CARTESIAN_POINT('',(88.130124460249,42.164109728219,0.));
#12918 = VERTEX_POINT('',#12919);
#12919 = CARTESIAN_POINT('',(88.130124460249,42.164109728219,
    1.600050800102));
#12920 = LINE('',#12921,#12922);
#12921 = CARTESIAN_POINT('',(88.130124460249,42.164109728219,0.));
#12922 = VECTOR('',#12923,1.);
#12923 = DIRECTION('',(0.,0.,1.));
#12924 = ORIENTED_EDGE('',*,*,#12925,.T.);
#12925 = EDGE_CURVE('',#12918,#12926,#12928,.T.);
#12926 = VERTEX_POINT('',#12927);
#12927 = CARTESIAN_POINT('',(87.130124460249,42.164109728219,
    1.600050800102));
#12928 = CIRCLE('',#12929,0.5);
#12929 = AXIS2_PLACEMENT_3D('',#12930,#12931,#12932);
#12930 = CARTESIAN_POINT('',(87.630124460249,42.164109728219,
    1.600050800102));
#12931 = DIRECTION('',(0.,0.,1.));
#12932 = DIRECTION('',(1.,1.110223024625E-16,-0.));
#12933 = ORIENTED_EDGE('',*,*,#12934,.F.);
#12934 = EDGE_CURVE('',#12935,#12926,#12937,.T.);
#12935 = VERTEX_POINT('',#12936);
#12936 = CARTESIAN_POINT('',(87.130124460249,42.164109728219,0.));
#12937 = LINE('',#12938,#12939);
#12938 = CARTESIAN_POINT('',(87.130124460249,42.164109728219,0.));
#12939 = VECTOR('',#12940,1.);
#12940 = DIRECTION('',(0.,0.,1.));
#12941 = ORIENTED_EDGE('',*,*,#12942,.F.);
#12942 = EDGE_CURVE('',#12916,#12935,#12943,.T.);
#12943 = CIRCLE('',#12944,0.5);
#12944 = AXIS2_PLACEMENT_3D('',#12945,#12946,#12947);
#12945 = CARTESIAN_POINT('',(87.630124460249,42.164109728219,0.));
#12946 = DIRECTION('',(0.,0.,1.));
#12947 = DIRECTION('',(1.,1.110223024625E-16,-0.));
#12948 = CYLINDRICAL_SURFACE('',#12949,0.5);
#12949 = AXIS2_PLACEMENT_3D('',#12950,#12951,#12952);
#12950 = CARTESIAN_POINT('',(87.630124460249,42.164109728219,0.));
#12951 = DIRECTION('',(-0.,-0.,-1.));
#12952 = DIRECTION('',(1.,1.110223024625E-16,-0.));
#12953 = ADVANCED_FACE('',(#12954),#12972,.F.);
#12954 = FACE_BOUND('',#12955,.T.);
#12955 = EDGE_LOOP('',(#12956,#12957,#12964,#12965));
#12956 = ORIENTED_EDGE('',*,*,#12934,.T.);
#12957 = ORIENTED_EDGE('',*,*,#12958,.T.);
#12958 = EDGE_CURVE('',#12926,#12918,#12959,.T.);
#12959 = CIRCLE('',#12960,0.5);
#12960 = AXIS2_PLACEMENT_3D('',#12961,#12962,#12963);
#12961 = CARTESIAN_POINT('',(87.630124460249,42.164109728219,
    1.600050800102));
#12962 = DIRECTION('',(0.,0.,1.));
#12963 = DIRECTION('',(-1.,-1.110223024625E-16,0.));
#12964 = ORIENTED_EDGE('',*,*,#12915,.F.);
#12965 = ORIENTED_EDGE('',*,*,#12966,.F.);
#12966 = EDGE_CURVE('',#12935,#12916,#12967,.T.);
#12967 = CIRCLE('',#12968,0.5);
#12968 = AXIS2_PLACEMENT_3D('',#12969,#12970,#12971);
#12969 = CARTESIAN_POINT('',(87.630124460249,42.164109728219,0.));
#12970 = DIRECTION('',(0.,0.,1.));
#12971 = DIRECTION('',(-1.,-1.110223024625E-16,0.));
#12972 = CYLINDRICAL_SURFACE('',#12973,0.5);
#12973 = AXIS2_PLACEMENT_3D('',#12974,#12975,#12976);
#12974 = CARTESIAN_POINT('',(87.630124460249,42.164109728219,0.));
#12975 = DIRECTION('',(-0.,-0.,-1.));
#12976 = DIRECTION('',(-1.,-1.110223024625E-16,0.));
#12977 = ADVANCED_FACE('',(#12978),#13014,.F.);
#12978 = FACE_BOUND('',#12979,.T.);
#12979 = EDGE_LOOP('',(#12980,#12990,#12999,#13007));
#12980 = ORIENTED_EDGE('',*,*,#12981,.T.);
#12981 = EDGE_CURVE('',#12982,#12984,#12986,.T.);
#12982 = VERTEX_POINT('',#12983);
#12983 = CARTESIAN_POINT('',(90.51818008636,79.47016002032,0.));
#12984 = VERTEX_POINT('',#12985);
#12985 = CARTESIAN_POINT('',(90.51818008636,79.47016002032,
    1.600050800102));
#12986 = LINE('',#12987,#12988);
#12987 = CARTESIAN_POINT('',(90.51818008636,79.47016002032,0.));
#12988 = VECTOR('',#12989,1.);
#12989 = DIRECTION('',(0.,0.,1.));
#12990 = ORIENTED_EDGE('',*,*,#12991,.T.);
#12991 = EDGE_CURVE('',#12984,#12992,#12994,.T.);
#12992 = VERTEX_POINT('',#12993);
#12993 = CARTESIAN_POINT('',(89.018177546355,79.47016002032,
    1.600050800102));
#12994 = CIRCLE('',#12995,0.750001270003);
#12995 = AXIS2_PLACEMENT_3D('',#12996,#12997,#12998);
#12996 = CARTESIAN_POINT('',(89.768178816358,79.47016002032,
    1.600050800102));
#12997 = DIRECTION('',(0.,0.,1.));
#12998 = DIRECTION('',(1.,1.110223024625E-16,-0.));
#12999 = ORIENTED_EDGE('',*,*,#13000,.F.);
#13000 = EDGE_CURVE('',#13001,#12992,#13003,.T.);
#13001 = VERTEX_POINT('',#13002);
#13002 = CARTESIAN_POINT('',(89.018177546355,79.47016002032,0.));
#13003 = LINE('',#13004,#13005);
#13004 = CARTESIAN_POINT('',(89.018177546355,79.47016002032,0.));
#13005 = VECTOR('',#13006,1.);
#13006 = DIRECTION('',(0.,0.,1.));
#13007 = ORIENTED_EDGE('',*,*,#13008,.F.);
#13008 = EDGE_CURVE('',#12982,#13001,#13009,.T.);
#13009 = CIRCLE('',#13010,0.750001270003);
#13010 = AXIS2_PLACEMENT_3D('',#13011,#13012,#13013);
#13011 = CARTESIAN_POINT('',(89.768178816358,79.47016002032,0.));
#13012 = DIRECTION('',(0.,0.,1.));
#13013 = DIRECTION('',(1.,1.110223024625E-16,-0.));
#13014 = CYLINDRICAL_SURFACE('',#13015,0.750001270003);
#13015 = AXIS2_PLACEMENT_3D('',#13016,#13017,#13018);
#13016 = CARTESIAN_POINT('',(89.768178816358,79.47016002032,0.));
#13017 = DIRECTION('',(-0.,-0.,-1.));
#13018 = DIRECTION('',(1.,1.110223024625E-16,-0.));
#13019 = ADVANCED_FACE('',(#13020),#13038,.F.);
#13020 = FACE_BOUND('',#13021,.T.);
#13021 = EDGE_LOOP('',(#13022,#13023,#13030,#13031));
#13022 = ORIENTED_EDGE('',*,*,#13000,.T.);
#13023 = ORIENTED_EDGE('',*,*,#13024,.T.);
#13024 = EDGE_CURVE('',#12992,#12984,#13025,.T.);
#13025 = CIRCLE('',#13026,0.750001270003);
#13026 = AXIS2_PLACEMENT_3D('',#13027,#13028,#13029);
#13027 = CARTESIAN_POINT('',(89.768178816358,79.47016002032,
    1.600050800102));
#13028 = DIRECTION('',(0.,0.,1.));
#13029 = DIRECTION('',(-1.,-1.110223024625E-16,0.));
#13030 = ORIENTED_EDGE('',*,*,#12981,.F.);
#13031 = ORIENTED_EDGE('',*,*,#13032,.F.);
#13032 = EDGE_CURVE('',#13001,#12982,#13033,.T.);
#13033 = CIRCLE('',#13034,0.750001270003);
#13034 = AXIS2_PLACEMENT_3D('',#13035,#13036,#13037);
#13035 = CARTESIAN_POINT('',(89.768178816358,79.47016002032,0.));
#13036 = DIRECTION('',(0.,0.,1.));
#13037 = DIRECTION('',(-1.,-1.110223024625E-16,0.));
#13038 = CYLINDRICAL_SURFACE('',#13039,0.750001270003);
#13039 = AXIS2_PLACEMENT_3D('',#13040,#13041,#13042);
#13040 = CARTESIAN_POINT('',(89.768178816358,79.47016002032,0.));
#13041 = DIRECTION('',(-0.,-0.,-1.));
#13042 = DIRECTION('',(-1.,-1.110223024625E-16,0.));
#13043 = ADVANCED_FACE('',(#13044),#13080,.F.);
#13044 = FACE_BOUND('',#13045,.T.);
#13045 = EDGE_LOOP('',(#13046,#13056,#13065,#13073));
#13046 = ORIENTED_EDGE('',*,*,#13047,.T.);
#13047 = EDGE_CURVE('',#13048,#13050,#13052,.T.);
#13048 = VERTEX_POINT('',#13049);
#13049 = CARTESIAN_POINT('',(90.51818008636,96.470193040386,0.));
#13050 = VERTEX_POINT('',#13051);
#13051 = CARTESIAN_POINT('',(90.51818008636,96.470193040386,
    1.600050800102));
#13052 = LINE('',#13053,#13054);
#13053 = CARTESIAN_POINT('',(90.51818008636,96.470193040386,0.));
#13054 = VECTOR('',#13055,1.);
#13055 = DIRECTION('',(0.,0.,1.));
#13056 = ORIENTED_EDGE('',*,*,#13057,.T.);
#13057 = EDGE_CURVE('',#13050,#13058,#13060,.T.);
#13058 = VERTEX_POINT('',#13059);
#13059 = CARTESIAN_POINT('',(89.018177546355,96.470193040386,
    1.600050800102));
#13060 = CIRCLE('',#13061,0.750001270003);
#13061 = AXIS2_PLACEMENT_3D('',#13062,#13063,#13064);
#13062 = CARTESIAN_POINT('',(89.768178816358,96.470193040386,
    1.600050800102));
#13063 = DIRECTION('',(0.,0.,1.));
#13064 = DIRECTION('',(1.,1.110223024625E-16,-0.));
#13065 = ORIENTED_EDGE('',*,*,#13066,.F.);
#13066 = EDGE_CURVE('',#13067,#13058,#13069,.T.);
#13067 = VERTEX_POINT('',#13068);
#13068 = CARTESIAN_POINT('',(89.018177546355,96.470193040386,0.));
#13069 = LINE('',#13070,#13071);
#13070 = CARTESIAN_POINT('',(89.018177546355,96.470193040386,0.));
#13071 = VECTOR('',#13072,1.);
#13072 = DIRECTION('',(0.,0.,1.));
#13073 = ORIENTED_EDGE('',*,*,#13074,.F.);
#13074 = EDGE_CURVE('',#13048,#13067,#13075,.T.);
#13075 = CIRCLE('',#13076,0.750001270003);
#13076 = AXIS2_PLACEMENT_3D('',#13077,#13078,#13079);
#13077 = CARTESIAN_POINT('',(89.768178816358,96.470193040386,0.));
#13078 = DIRECTION('',(0.,0.,1.));
#13079 = DIRECTION('',(1.,1.110223024625E-16,-0.));
#13080 = CYLINDRICAL_SURFACE('',#13081,0.750001270003);
#13081 = AXIS2_PLACEMENT_3D('',#13082,#13083,#13084);
#13082 = CARTESIAN_POINT('',(89.768178816358,96.470193040386,0.));
#13083 = DIRECTION('',(-0.,-0.,-1.));
#13084 = DIRECTION('',(1.,1.110223024625E-16,-0.));
#13085 = ADVANCED_FACE('',(#13086),#13104,.F.);
#13086 = FACE_BOUND('',#13087,.T.);
#13087 = EDGE_LOOP('',(#13088,#13089,#13096,#13097));
#13088 = ORIENTED_EDGE('',*,*,#13066,.T.);
#13089 = ORIENTED_EDGE('',*,*,#13090,.T.);
#13090 = EDGE_CURVE('',#13058,#13050,#13091,.T.);
#13091 = CIRCLE('',#13092,0.750001270003);
#13092 = AXIS2_PLACEMENT_3D('',#13093,#13094,#13095);
#13093 = CARTESIAN_POINT('',(89.768178816358,96.470193040386,
    1.600050800102));
#13094 = DIRECTION('',(0.,0.,1.));
#13095 = DIRECTION('',(-1.,-1.110223024625E-16,0.));
#13096 = ORIENTED_EDGE('',*,*,#13047,.F.);
#13097 = ORIENTED_EDGE('',*,*,#13098,.F.);
#13098 = EDGE_CURVE('',#13067,#13048,#13099,.T.);
#13099 = CIRCLE('',#13100,0.750001270003);
#13100 = AXIS2_PLACEMENT_3D('',#13101,#13102,#13103);
#13101 = CARTESIAN_POINT('',(89.768178816358,96.470193040386,0.));
#13102 = DIRECTION('',(0.,0.,1.));
#13103 = DIRECTION('',(-1.,-1.110223024625E-16,0.));
#13104 = CYLINDRICAL_SURFACE('',#13105,0.750001270003);
#13105 = AXIS2_PLACEMENT_3D('',#13106,#13107,#13108);
#13106 = CARTESIAN_POINT('',(89.768178816358,96.470193040386,0.));
#13107 = DIRECTION('',(-0.,-0.,-1.));
#13108 = DIRECTION('',(-1.,-1.110223024625E-16,0.));
#13109 = ADVANCED_FACE('',(#13110),#13146,.F.);
#13110 = FACE_BOUND('',#13111,.T.);
#13111 = EDGE_LOOP('',(#13112,#13122,#13131,#13139));
#13112 = ORIENTED_EDGE('',*,*,#13113,.T.);
#13113 = EDGE_CURVE('',#13114,#13116,#13118,.T.);
#13114 = VERTEX_POINT('',#13115);
#13115 = CARTESIAN_POINT('',(96.55523495047,25.028107696215,0.));
#13116 = VERTEX_POINT('',#13117);
#13117 = CARTESIAN_POINT('',(96.55523495047,25.028107696215,
    1.600050800102));
#13118 = LINE('',#13119,#13120);
#13119 = CARTESIAN_POINT('',(96.55523495047,25.028107696215,0.));
#13120 = VECTOR('',#13121,1.);
#13121 = DIRECTION('',(0.,0.,1.));
#13122 = ORIENTED_EDGE('',*,*,#13123,.T.);
#13123 = EDGE_CURVE('',#13116,#13124,#13126,.T.);
#13124 = VERTEX_POINT('',#13125);
#13125 = CARTESIAN_POINT('',(93.354828549657,25.028107696215,
    1.600050800102));
#13126 = CIRCLE('',#13127,1.600203200406);
#13127 = AXIS2_PLACEMENT_3D('',#13128,#13129,#13130);
#13128 = CARTESIAN_POINT('',(94.955031750064,25.028107696215,
    1.600050800102));
#13129 = DIRECTION('',(0.,0.,1.));
#13130 = DIRECTION('',(1.,1.110223024625E-16,-0.));
#13131 = ORIENTED_EDGE('',*,*,#13132,.F.);
#13132 = EDGE_CURVE('',#13133,#13124,#13135,.T.);
#13133 = VERTEX_POINT('',#13134);
#13134 = CARTESIAN_POINT('',(93.354828549657,25.028107696215,0.));
#13135 = LINE('',#13136,#13137);
#13136 = CARTESIAN_POINT('',(93.354828549657,25.028107696215,0.));
#13137 = VECTOR('',#13138,1.);
#13138 = DIRECTION('',(0.,0.,1.));
#13139 = ORIENTED_EDGE('',*,*,#13140,.F.);
#13140 = EDGE_CURVE('',#13114,#13133,#13141,.T.);
#13141 = CIRCLE('',#13142,1.600203200406);
#13142 = AXIS2_PLACEMENT_3D('',#13143,#13144,#13145);
#13143 = CARTESIAN_POINT('',(94.955031750064,25.028107696215,0.));
#13144 = DIRECTION('',(0.,0.,1.));
#13145 = DIRECTION('',(1.,1.110223024625E-16,-0.));
#13146 = CYLINDRICAL_SURFACE('',#13147,1.600203200406);
#13147 = AXIS2_PLACEMENT_3D('',#13148,#13149,#13150);
#13148 = CARTESIAN_POINT('',(94.955031750064,25.028107696215,0.));
#13149 = DIRECTION('',(-0.,-0.,-1.));
#13150 = DIRECTION('',(1.,1.110223024625E-16,-0.));
#13151 = ADVANCED_FACE('',(#13152),#13170,.F.);
#13152 = FACE_BOUND('',#13153,.T.);
#13153 = EDGE_LOOP('',(#13154,#13155,#13162,#13163));
#13154 = ORIENTED_EDGE('',*,*,#13132,.T.);
#13155 = ORIENTED_EDGE('',*,*,#13156,.T.);
#13156 = EDGE_CURVE('',#13124,#13116,#13157,.T.);
#13157 = CIRCLE('',#13158,1.600203200406);
#13158 = AXIS2_PLACEMENT_3D('',#13159,#13160,#13161);
#13159 = CARTESIAN_POINT('',(94.955031750064,25.028107696215,
    1.600050800102));
#13160 = DIRECTION('',(0.,0.,1.));
#13161 = DIRECTION('',(-1.,-1.110223024625E-16,0.));
#13162 = ORIENTED_EDGE('',*,*,#13113,.F.);
#13163 = ORIENTED_EDGE('',*,*,#13164,.F.);
#13164 = EDGE_CURVE('',#13133,#13114,#13165,.T.);
#13165 = CIRCLE('',#13166,1.600203200406);
#13166 = AXIS2_PLACEMENT_3D('',#13167,#13168,#13169);
#13167 = CARTESIAN_POINT('',(94.955031750064,25.028107696215,0.));
#13168 = DIRECTION('',(0.,0.,1.));
#13169 = DIRECTION('',(-1.,-1.110223024625E-16,0.));
#13170 = CYLINDRICAL_SURFACE('',#13171,1.600203200406);
#13171 = AXIS2_PLACEMENT_3D('',#13172,#13173,#13174);
#13172 = CARTESIAN_POINT('',(94.955031750064,25.028107696215,0.));
#13173 = DIRECTION('',(-0.,-0.,-1.));
#13174 = DIRECTION('',(-1.,-1.110223024625E-16,0.));
#13175 = ADVANCED_FACE('',(#13176),#13212,.F.);
#13176 = FACE_BOUND('',#13177,.T.);
#13177 = EDGE_LOOP('',(#13178,#13188,#13197,#13205));
#13178 = ORIENTED_EDGE('',*,*,#13179,.T.);
#13179 = EDGE_CURVE('',#13180,#13182,#13184,.T.);
#13180 = VERTEX_POINT('',#13181);
#13181 = CARTESIAN_POINT('',(96.596393192786,94.99618999238,0.));
#13182 = VERTEX_POINT('',#13183);
#13183 = CARTESIAN_POINT('',(96.596393192786,94.99618999238,
    1.600050800102));
#13184 = LINE('',#13185,#13186);
#13185 = CARTESIAN_POINT('',(96.596393192786,94.99618999238,0.));
#13186 = VECTOR('',#13187,1.);
#13187 = DIRECTION('',(0.,0.,1.));
#13188 = ORIENTED_EDGE('',*,*,#13189,.T.);
#13189 = EDGE_CURVE('',#13182,#13190,#13192,.T.);
#13190 = VERTEX_POINT('',#13191);
#13191 = CARTESIAN_POINT('',(93.395986791974,94.99618999238,
    1.600050800102));
#13192 = CIRCLE('',#13193,1.600203200406);
#13193 = AXIS2_PLACEMENT_3D('',#13194,#13195,#13196);
#13194 = CARTESIAN_POINT('',(94.99618999238,94.99618999238,
    1.600050800102));
#13195 = DIRECTION('',(0.,0.,1.));
#13196 = DIRECTION('',(1.,1.110223024625E-16,-0.));
#13197 = ORIENTED_EDGE('',*,*,#13198,.F.);
#13198 = EDGE_CURVE('',#13199,#13190,#13201,.T.);
#13199 = VERTEX_POINT('',#13200);
#13200 = CARTESIAN_POINT('',(93.395986791974,94.99618999238,0.));
#13201 = LINE('',#13202,#13203);
#13202 = CARTESIAN_POINT('',(93.395986791974,94.99618999238,0.));
#13203 = VECTOR('',#13204,1.);
#13204 = DIRECTION('',(0.,0.,1.));
#13205 = ORIENTED_EDGE('',*,*,#13206,.F.);
#13206 = EDGE_CURVE('',#13180,#13199,#13207,.T.);
#13207 = CIRCLE('',#13208,1.600203200406);
#13208 = AXIS2_PLACEMENT_3D('',#13209,#13210,#13211);
#13209 = CARTESIAN_POINT('',(94.99618999238,94.99618999238,0.));
#13210 = DIRECTION('',(0.,0.,1.));
#13211 = DIRECTION('',(1.,1.110223024625E-16,-0.));
#13212 = CYLINDRICAL_SURFACE('',#13213,1.600203200406);
#13213 = AXIS2_PLACEMENT_3D('',#13214,#13215,#13216);
#13214 = CARTESIAN_POINT('',(94.99618999238,94.99618999238,0.));
#13215 = DIRECTION('',(-0.,-0.,-1.));
#13216 = DIRECTION('',(1.,1.110223024625E-16,-0.));
#13217 = ADVANCED_FACE('',(#13218),#13236,.F.);
#13218 = FACE_BOUND('',#13219,.T.);
#13219 = EDGE_LOOP('',(#13220,#13221,#13228,#13229));
#13220 = ORIENTED_EDGE('',*,*,#13198,.T.);
#13221 = ORIENTED_EDGE('',*,*,#13222,.T.);
#13222 = EDGE_CURVE('',#13190,#13182,#13223,.T.);
#13223 = CIRCLE('',#13224,1.600203200406);
#13224 = AXIS2_PLACEMENT_3D('',#13225,#13226,#13227);
#13225 = CARTESIAN_POINT('',(94.99618999238,94.99618999238,
    1.600050800102));
#13226 = DIRECTION('',(0.,0.,1.));
#13227 = DIRECTION('',(-1.,-1.110223024625E-16,0.));
#13228 = ORIENTED_EDGE('',*,*,#13179,.F.);
#13229 = ORIENTED_EDGE('',*,*,#13230,.F.);
#13230 = EDGE_CURVE('',#13199,#13180,#13231,.T.);
#13231 = CIRCLE('',#13232,1.600203200406);
#13232 = AXIS2_PLACEMENT_3D('',#13233,#13234,#13235);
#13233 = CARTESIAN_POINT('',(94.99618999238,94.99618999238,0.));
#13234 = DIRECTION('',(0.,0.,1.));
#13235 = DIRECTION('',(-1.,-1.110223024625E-16,0.));
#13236 = CYLINDRICAL_SURFACE('',#13237,1.600203200406);
#13237 = AXIS2_PLACEMENT_3D('',#13238,#13239,#13240);
#13238 = CARTESIAN_POINT('',(94.99618999238,94.99618999238,0.));
#13239 = DIRECTION('',(-0.,-0.,-1.));
#13240 = DIRECTION('',(-1.,-1.110223024625E-16,0.));
#13241 = ADVANCED_FACE('',(#13242),#13276,.T.);
#13242 = FACE_BOUND('',#13243,.T.);
#13243 = EDGE_LOOP('',(#13244,#13254,#13262,#13270));
#13244 = ORIENTED_EDGE('',*,*,#13245,.T.);
#13245 = EDGE_CURVE('',#13246,#13248,#13250,.T.);
#13246 = VERTEX_POINT('',#13247);
#13247 = CARTESIAN_POINT('',(94.637147574295,67.222199644399,0.));
#13248 = VERTEX_POINT('',#13249);
#13249 = CARTESIAN_POINT('',(94.637147574295,67.222199644399,
    1.600050800102));
#13250 = LINE('',#13251,#13252);
#13251 = CARTESIAN_POINT('',(94.637147574295,67.222199644399,0.));
#13252 = VECTOR('',#13253,1.);
#13253 = DIRECTION('',(0.,0.,1.));
#13254 = ORIENTED_EDGE('',*,*,#13255,.T.);
#13255 = EDGE_CURVE('',#13248,#13256,#13258,.T.);
#13256 = VERTEX_POINT('',#13257);
#13257 = CARTESIAN_POINT('',(93.737147574295,67.222199644399,
    1.600050800102));
#13258 = LINE('',#13259,#13260);
#13259 = CARTESIAN_POINT('',(94.637147574295,67.222199644399,
    1.600050800102));
#13260 = VECTOR('',#13261,1.);
#13261 = DIRECTION('',(-1.,0.,0.));
#13262 = ORIENTED_EDGE('',*,*,#13263,.F.);
#13263 = EDGE_CURVE('',#13264,#13256,#13266,.T.);
#13264 = VERTEX_POINT('',#13265);
#13265 = CARTESIAN_POINT('',(93.737147574295,67.222199644399,0.));
#13266 = LINE('',#13267,#13268);
#13267 = CARTESIAN_POINT('',(93.737147574295,67.222199644399,0.));
#13268 = VECTOR('',#13269,1.);
#13269 = DIRECTION('',(0.,0.,1.));
#13270 = ORIENTED_EDGE('',*,*,#13271,.F.);
#13271 = EDGE_CURVE('',#13246,#13264,#13272,.T.);
#13272 = LINE('',#13273,#13274);
#13273 = CARTESIAN_POINT('',(94.637147574295,67.222199644399,0.));
#13274 = VECTOR('',#13275,1.);
#13275 = DIRECTION('',(-1.,0.,0.));
#13276 = PLANE('',#13277);
#13277 = AXIS2_PLACEMENT_3D('',#13278,#13279,#13280);
#13278 = CARTESIAN_POINT('',(94.637147574295,67.222199644399,0.));
#13279 = DIRECTION('',(0.,-1.,0.));
#13280 = DIRECTION('',(-1.,0.,0.));
#13281 = ADVANCED_FACE('',(#13282),#13309,.F.);
#13282 = FACE_BOUND('',#13283,.T.);
#13283 = EDGE_LOOP('',(#13284,#13285,#13294,#13302));
#13284 = ORIENTED_EDGE('',*,*,#13263,.T.);
#13285 = ORIENTED_EDGE('',*,*,#13286,.T.);
#13286 = EDGE_CURVE('',#13256,#13287,#13289,.T.);
#13287 = VERTEX_POINT('',#13288);
#13288 = CARTESIAN_POINT('',(93.737147574295,66.622199644399,
    1.600050800102));
#13289 = CIRCLE('',#13290,0.3);
#13290 = AXIS2_PLACEMENT_3D('',#13291,#13292,#13293);
#13291 = CARTESIAN_POINT('',(93.737147574295,66.922199644399,
    1.600050800102));
#13292 = DIRECTION('',(0.,0.,1.));
#13293 = DIRECTION('',(-1.110223024625E-16,1.,0.));
#13294 = ORIENTED_EDGE('',*,*,#13295,.F.);
#13295 = EDGE_CURVE('',#13296,#13287,#13298,.T.);
#13296 = VERTEX_POINT('',#13297);
#13297 = CARTESIAN_POINT('',(93.737147574295,66.622199644399,0.));
#13298 = LINE('',#13299,#13300);
#13299 = CARTESIAN_POINT('',(93.737147574295,66.622199644399,0.));
#13300 = VECTOR('',#13301,1.);
#13301 = DIRECTION('',(0.,0.,1.));
#13302 = ORIENTED_EDGE('',*,*,#13303,.F.);
#13303 = EDGE_CURVE('',#13264,#13296,#13304,.T.);
#13304 = CIRCLE('',#13305,0.3);
#13305 = AXIS2_PLACEMENT_3D('',#13306,#13307,#13308);
#13306 = CARTESIAN_POINT('',(93.737147574295,66.922199644399,0.));
#13307 = DIRECTION('',(0.,0.,1.));
#13308 = DIRECTION('',(-1.110223024625E-16,1.,0.));
#13309 = CYLINDRICAL_SURFACE('',#13310,0.3);
#13310 = AXIS2_PLACEMENT_3D('',#13311,#13312,#13313);
#13311 = CARTESIAN_POINT('',(93.737147574295,66.922199644399,0.));
#13312 = DIRECTION('',(-0.,-0.,-1.));
#13313 = DIRECTION('',(-1.110223024625E-16,1.,0.));
#13314 = ADVANCED_FACE('',(#13315),#13340,.T.);
#13315 = FACE_BOUND('',#13316,.T.);
#13316 = EDGE_LOOP('',(#13317,#13318,#13326,#13334));
#13317 = ORIENTED_EDGE('',*,*,#13295,.T.);
#13318 = ORIENTED_EDGE('',*,*,#13319,.T.);
#13319 = EDGE_CURVE('',#13287,#13320,#13322,.T.);
#13320 = VERTEX_POINT('',#13321);
#13321 = CARTESIAN_POINT('',(94.637147574295,66.622199644399,
    1.600050800102));
#13322 = LINE('',#13323,#13324);
#13323 = CARTESIAN_POINT('',(93.737147574295,66.622199644399,
    1.600050800102));
#13324 = VECTOR('',#13325,1.);
#13325 = DIRECTION('',(1.,0.,0.));
#13326 = ORIENTED_EDGE('',*,*,#13327,.F.);
#13327 = EDGE_CURVE('',#13328,#13320,#13330,.T.);
#13328 = VERTEX_POINT('',#13329);
#13329 = CARTESIAN_POINT('',(94.637147574295,66.622199644399,0.));
#13330 = LINE('',#13331,#13332);
#13331 = CARTESIAN_POINT('',(94.637147574295,66.622199644399,0.));
#13332 = VECTOR('',#13333,1.);
#13333 = DIRECTION('',(0.,0.,1.));
#13334 = ORIENTED_EDGE('',*,*,#13335,.F.);
#13335 = EDGE_CURVE('',#13296,#13328,#13336,.T.);
#13336 = LINE('',#13337,#13338);
#13337 = CARTESIAN_POINT('',(93.737147574295,66.622199644399,0.));
#13338 = VECTOR('',#13339,1.);
#13339 = DIRECTION('',(1.,0.,0.));
#13340 = PLANE('',#13341);
#13341 = AXIS2_PLACEMENT_3D('',#13342,#13343,#13344);
#13342 = CARTESIAN_POINT('',(93.737147574295,66.622199644399,0.));
#13343 = DIRECTION('',(0.,1.,0.));
#13344 = DIRECTION('',(1.,0.,0.));
#13345 = ADVANCED_FACE('',(#13346),#13364,.F.);
#13346 = FACE_BOUND('',#13347,.T.);
#13347 = EDGE_LOOP('',(#13348,#13349,#13356,#13357));
#13348 = ORIENTED_EDGE('',*,*,#13327,.T.);
#13349 = ORIENTED_EDGE('',*,*,#13350,.T.);
#13350 = EDGE_CURVE('',#13320,#13248,#13351,.T.);
#13351 = CIRCLE('',#13352,0.3);
#13352 = AXIS2_PLACEMENT_3D('',#13353,#13354,#13355);
#13353 = CARTESIAN_POINT('',(94.637147574295,66.922199644399,
    1.600050800102));
#13354 = DIRECTION('',(0.,0.,1.));
#13355 = DIRECTION('',(1.110223024625E-16,-1.,0.));
#13356 = ORIENTED_EDGE('',*,*,#13245,.F.);
#13357 = ORIENTED_EDGE('',*,*,#13358,.F.);
#13358 = EDGE_CURVE('',#13328,#13246,#13359,.T.);
#13359 = CIRCLE('',#13360,0.3);
#13360 = AXIS2_PLACEMENT_3D('',#13361,#13362,#13363);
#13361 = CARTESIAN_POINT('',(94.637147574295,66.922199644399,0.));
#13362 = DIRECTION('',(0.,0.,1.));
#13363 = DIRECTION('',(1.110223024625E-16,-1.,0.));
#13364 = CYLINDRICAL_SURFACE('',#13365,0.3);
#13365 = AXIS2_PLACEMENT_3D('',#13366,#13367,#13368);
#13366 = CARTESIAN_POINT('',(94.637147574295,66.922199644399,0.));
#13367 = DIRECTION('',(-0.,-0.,-1.));
#13368 = DIRECTION('',(1.110223024625E-16,-1.,0.));
#13369 = ADVANCED_FACE('',(#13370),#13404,.T.);
#13370 = FACE_BOUND('',#13371,.T.);
#13371 = EDGE_LOOP('',(#13372,#13382,#13390,#13398));
#13372 = ORIENTED_EDGE('',*,*,#13373,.T.);
#13373 = EDGE_CURVE('',#13374,#13376,#13378,.T.);
#13374 = VERTEX_POINT('',#13375);
#13375 = CARTESIAN_POINT('',(94.637185674371,75.872237744476,0.));
#13376 = VERTEX_POINT('',#13377);
#13377 = CARTESIAN_POINT('',(94.637185674371,75.872237744476,
    1.600050800102));
#13378 = LINE('',#13379,#13380);
#13379 = CARTESIAN_POINT('',(94.637185674371,75.872237744476,0.));
#13380 = VECTOR('',#13381,1.);
#13381 = DIRECTION('',(0.,0.,1.));
#13382 = ORIENTED_EDGE('',*,*,#13383,.T.);
#13383 = EDGE_CURVE('',#13376,#13384,#13386,.T.);
#13384 = VERTEX_POINT('',#13385);
#13385 = CARTESIAN_POINT('',(93.737160274321,75.872237744475,
    1.600050800102));
#13386 = LINE('',#13387,#13388);
#13387 = CARTESIAN_POINT('',(94.637185674371,75.872237744475,
    1.600050800102));
#13388 = VECTOR('',#13389,1.);
#13389 = DIRECTION('',(-1.,0.,0.));
#13390 = ORIENTED_EDGE('',*,*,#13391,.F.);
#13391 = EDGE_CURVE('',#13392,#13384,#13394,.T.);
#13392 = VERTEX_POINT('',#13393);
#13393 = CARTESIAN_POINT('',(93.737160274321,75.872237744475,0.));
#13394 = LINE('',#13395,#13396);
#13395 = CARTESIAN_POINT('',(93.737160274321,75.872237744475,0.));
#13396 = VECTOR('',#13397,1.);
#13397 = DIRECTION('',(0.,0.,1.));
#13398 = ORIENTED_EDGE('',*,*,#13399,.F.);
#13399 = EDGE_CURVE('',#13374,#13392,#13400,.T.);
#13400 = LINE('',#13401,#13402);
#13401 = CARTESIAN_POINT('',(94.637185674371,75.872237744475,0.));
#13402 = VECTOR('',#13403,1.);
#13403 = DIRECTION('',(-1.,0.,0.));
#13404 = PLANE('',#13405);
#13405 = AXIS2_PLACEMENT_3D('',#13406,#13407,#13408);
#13406 = CARTESIAN_POINT('',(94.637185674371,75.872237744475,0.));
#13407 = DIRECTION('',(0.,-1.,0.));
#13408 = DIRECTION('',(-1.,0.,0.));
#13409 = ADVANCED_FACE('',(#13410),#13437,.F.);
#13410 = FACE_BOUND('',#13411,.T.);
#13411 = EDGE_LOOP('',(#13412,#13413,#13422,#13430));
#13412 = ORIENTED_EDGE('',*,*,#13391,.T.);
#13413 = ORIENTED_EDGE('',*,*,#13414,.T.);
#13414 = EDGE_CURVE('',#13384,#13415,#13417,.T.);
#13415 = VERTEX_POINT('',#13416);
#13416 = CARTESIAN_POINT('',(93.737160274321,75.272237744476,
    1.600050800102));
#13417 = CIRCLE('',#13418,0.3);
#13418 = AXIS2_PLACEMENT_3D('',#13419,#13420,#13421);
#13419 = CARTESIAN_POINT('',(93.737160274321,75.572237744476,
    1.600050800102));
#13420 = DIRECTION('',(0.,0.,1.));
#13421 = DIRECTION('',(-1.110223024625E-16,1.,0.));
#13422 = ORIENTED_EDGE('',*,*,#13423,.F.);
#13423 = EDGE_CURVE('',#13424,#13415,#13426,.T.);
#13424 = VERTEX_POINT('',#13425);
#13425 = CARTESIAN_POINT('',(93.737160274321,75.272237744476,0.));
#13426 = LINE('',#13427,#13428);
#13427 = CARTESIAN_POINT('',(93.737160274321,75.272237744476,0.));
#13428 = VECTOR('',#13429,1.);
#13429 = DIRECTION('',(0.,0.,1.));
#13430 = ORIENTED_EDGE('',*,*,#13431,.F.);
#13431 = EDGE_CURVE('',#13392,#13424,#13432,.T.);
#13432 = CIRCLE('',#13433,0.3);
#13433 = AXIS2_PLACEMENT_3D('',#13434,#13435,#13436);
#13434 = CARTESIAN_POINT('',(93.737160274321,75.572237744476,0.));
#13435 = DIRECTION('',(0.,0.,1.));
#13436 = DIRECTION('',(-1.110223024625E-16,1.,0.));
#13437 = CYLINDRICAL_SURFACE('',#13438,0.3);
#13438 = AXIS2_PLACEMENT_3D('',#13439,#13440,#13441);
#13439 = CARTESIAN_POINT('',(93.737160274321,75.572237744476,0.));
#13440 = DIRECTION('',(-0.,-0.,-1.));
#13441 = DIRECTION('',(-1.110223024625E-16,1.,0.));
#13442 = ADVANCED_FACE('',(#13443),#13468,.T.);
#13443 = FACE_BOUND('',#13444,.T.);
#13444 = EDGE_LOOP('',(#13445,#13446,#13454,#13462));
#13445 = ORIENTED_EDGE('',*,*,#13423,.T.);
#13446 = ORIENTED_EDGE('',*,*,#13447,.T.);
#13447 = EDGE_CURVE('',#13415,#13448,#13450,.T.);
#13448 = VERTEX_POINT('',#13449);
#13449 = CARTESIAN_POINT('',(94.637185674371,75.272237744475,
    1.600050800102));
#13450 = LINE('',#13451,#13452);
#13451 = CARTESIAN_POINT('',(93.737160274321,75.272237744476,
    1.600050800102));
#13452 = VECTOR('',#13453,1.);
#13453 = DIRECTION('',(1.,-1.57893929598E-14,0.));
#13454 = ORIENTED_EDGE('',*,*,#13455,.F.);
#13455 = EDGE_CURVE('',#13456,#13448,#13458,.T.);
#13456 = VERTEX_POINT('',#13457);
#13457 = CARTESIAN_POINT('',(94.637185674371,75.272237744475,0.));
#13458 = LINE('',#13459,#13460);
#13459 = CARTESIAN_POINT('',(94.637185674371,75.272237744475,0.));
#13460 = VECTOR('',#13461,1.);
#13461 = DIRECTION('',(0.,0.,1.));
#13462 = ORIENTED_EDGE('',*,*,#13463,.F.);
#13463 = EDGE_CURVE('',#13424,#13456,#13464,.T.);
#13464 = LINE('',#13465,#13466);
#13465 = CARTESIAN_POINT('',(93.737160274321,75.272237744476,0.));
#13466 = VECTOR('',#13467,1.);
#13467 = DIRECTION('',(1.,-1.57893929598E-14,0.));
#13468 = PLANE('',#13469);
#13469 = AXIS2_PLACEMENT_3D('',#13470,#13471,#13472);
#13470 = CARTESIAN_POINT('',(93.737160274321,75.272237744476,0.));
#13471 = DIRECTION('',(1.57893929598E-14,1.,-0.));
#13472 = DIRECTION('',(1.,-1.57893929598E-14,0.));
#13473 = ADVANCED_FACE('',(#13474),#13492,.F.);
#13474 = FACE_BOUND('',#13475,.T.);
#13475 = EDGE_LOOP('',(#13476,#13477,#13484,#13485));
#13476 = ORIENTED_EDGE('',*,*,#13455,.T.);
#13477 = ORIENTED_EDGE('',*,*,#13478,.T.);
#13478 = EDGE_CURVE('',#13448,#13376,#13479,.T.);
#13479 = CIRCLE('',#13480,0.3);
#13480 = AXIS2_PLACEMENT_3D('',#13481,#13482,#13483);
#13481 = CARTESIAN_POINT('',(94.637185674371,75.572237744476,
    1.600050800102));
#13482 = DIRECTION('',(0.,0.,1.));
#13483 = DIRECTION('',(1.110223024625E-16,-1.,0.));
#13484 = ORIENTED_EDGE('',*,*,#13373,.F.);
#13485 = ORIENTED_EDGE('',*,*,#13486,.F.);
#13486 = EDGE_CURVE('',#13456,#13374,#13487,.T.);
#13487 = CIRCLE('',#13488,0.3);
#13488 = AXIS2_PLACEMENT_3D('',#13489,#13490,#13491);
#13489 = CARTESIAN_POINT('',(94.637185674371,75.572237744476,0.));
#13490 = DIRECTION('',(0.,0.,1.));
#13491 = DIRECTION('',(1.110223024625E-16,-1.,0.));
#13492 = CYLINDRICAL_SURFACE('',#13493,0.3);
#13493 = AXIS2_PLACEMENT_3D('',#13494,#13495,#13496);
#13494 = CARTESIAN_POINT('',(94.637185674371,75.572237744476,0.));
#13495 = DIRECTION('',(-0.,-0.,-1.));
#13496 = DIRECTION('',(1.110223024625E-16,-1.,0.));
#13497 = ADVANCED_FACE('',(#13498),#13534,.F.);
#13498 = FACE_BOUND('',#13499,.T.);
#13499 = EDGE_LOOP('',(#13500,#13510,#13519,#13527));
#13500 = ORIENTED_EDGE('',*,*,#13501,.T.);
#13501 = EDGE_CURVE('',#13502,#13504,#13506,.T.);
#13502 = VERTEX_POINT('',#13503);
#13503 = CARTESIAN_POINT('',(95.057277114554,74.137287274575,0.));
#13504 = VERTEX_POINT('',#13505);
#13505 = CARTESIAN_POINT('',(95.057277114554,74.137287274575,
    1.600050800102));
#13506 = LINE('',#13507,#13508);
#13507 = CARTESIAN_POINT('',(95.057277114554,74.137287274575,0.));
#13508 = VECTOR('',#13509,1.);
#13509 = DIRECTION('',(0.,0.,1.));
#13510 = ORIENTED_EDGE('',*,*,#13511,.T.);
#13511 = EDGE_CURVE('',#13504,#13512,#13514,.T.);
#13512 = VERTEX_POINT('',#13513);
#13513 = CARTESIAN_POINT('',(94.357251714503,74.137287274575,
    1.600050800102));
#13514 = CIRCLE('',#13515,0.350012700025);
#13515 = AXIS2_PLACEMENT_3D('',#13516,#13517,#13518);
#13516 = CARTESIAN_POINT('',(94.707264414529,74.137287274575,
    1.600050800102));
#13517 = DIRECTION('',(0.,0.,1.));
#13518 = DIRECTION('',(1.,1.110223024625E-16,-0.));
#13519 = ORIENTED_EDGE('',*,*,#13520,.F.);
#13520 = EDGE_CURVE('',#13521,#13512,#13523,.T.);
#13521 = VERTEX_POINT('',#13522);
#13522 = CARTESIAN_POINT('',(94.357251714503,74.137287274575,0.));
#13523 = LINE('',#13524,#13525);
#13524 = CARTESIAN_POINT('',(94.357251714503,74.137287274575,0.));
#13525 = VECTOR('',#13526,1.);
#13526 = DIRECTION('',(0.,0.,1.));
#13527 = ORIENTED_EDGE('',*,*,#13528,.F.);
#13528 = EDGE_CURVE('',#13502,#13521,#13529,.T.);
#13529 = CIRCLE('',#13530,0.350012700025);
#13530 = AXIS2_PLACEMENT_3D('',#13531,#13532,#13533);
#13531 = CARTESIAN_POINT('',(94.707264414529,74.137287274575,0.));
#13532 = DIRECTION('',(0.,0.,1.));
#13533 = DIRECTION('',(1.,1.110223024625E-16,-0.));
#13534 = CYLINDRICAL_SURFACE('',#13535,0.350012700025);
#13535 = AXIS2_PLACEMENT_3D('',#13536,#13537,#13538);
#13536 = CARTESIAN_POINT('',(94.707264414529,74.137287274575,0.));
#13537 = DIRECTION('',(-0.,-0.,-1.));
#13538 = DIRECTION('',(1.,1.110223024625E-16,-0.));
#13539 = ADVANCED_FACE('',(#13540),#13558,.F.);
#13540 = FACE_BOUND('',#13541,.T.);
#13541 = EDGE_LOOP('',(#13542,#13543,#13550,#13551));
#13542 = ORIENTED_EDGE('',*,*,#13520,.T.);
#13543 = ORIENTED_EDGE('',*,*,#13544,.T.);
#13544 = EDGE_CURVE('',#13512,#13504,#13545,.T.);
#13545 = CIRCLE('',#13546,0.350012700025);
#13546 = AXIS2_PLACEMENT_3D('',#13547,#13548,#13549);
#13547 = CARTESIAN_POINT('',(94.707264414529,74.137287274575,
    1.600050800102));
#13548 = DIRECTION('',(0.,0.,1.));
#13549 = DIRECTION('',(-1.,-1.110223024625E-16,0.));
#13550 = ORIENTED_EDGE('',*,*,#13501,.F.);
#13551 = ORIENTED_EDGE('',*,*,#13552,.F.);
#13552 = EDGE_CURVE('',#13521,#13502,#13553,.T.);
#13553 = CIRCLE('',#13554,0.350012700025);
#13554 = AXIS2_PLACEMENT_3D('',#13555,#13556,#13557);
#13555 = CARTESIAN_POINT('',(94.707264414529,74.137287274575,0.));
#13556 = DIRECTION('',(0.,0.,1.));
#13557 = DIRECTION('',(-1.,-1.110223024625E-16,0.));
#13558 = CYLINDRICAL_SURFACE('',#13559,0.350012700025);
#13559 = AXIS2_PLACEMENT_3D('',#13560,#13561,#13562);
#13560 = CARTESIAN_POINT('',(94.707264414529,74.137287274575,0.));
#13561 = DIRECTION('',(-0.,-0.,-1.));
#13562 = DIRECTION('',(-1.,-1.110223024625E-16,0.));
#13563 = ADVANCED_FACE('',(#13564),#13600,.F.);
#13564 = FACE_BOUND('',#13565,.T.);
#13565 = EDGE_LOOP('',(#13566,#13576,#13585,#13593));
#13566 = ORIENTED_EDGE('',*,*,#13567,.T.);
#13567 = EDGE_CURVE('',#13568,#13570,#13572,.T.);
#13568 = VERTEX_POINT('',#13569);
#13569 = CARTESIAN_POINT('',(95.057277114554,68.357251714503,0.));
#13570 = VERTEX_POINT('',#13571);
#13571 = CARTESIAN_POINT('',(95.057277114554,68.357251714503,
    1.600050800102));
#13572 = LINE('',#13573,#13574);
#13573 = CARTESIAN_POINT('',(95.057277114554,68.357251714503,0.));
#13574 = VECTOR('',#13575,1.);
#13575 = DIRECTION('',(0.,0.,1.));
#13576 = ORIENTED_EDGE('',*,*,#13577,.T.);
#13577 = EDGE_CURVE('',#13570,#13578,#13580,.T.);
#13578 = VERTEX_POINT('',#13579);
#13579 = CARTESIAN_POINT('',(94.357251714503,68.357251714503,
    1.600050800102));
#13580 = CIRCLE('',#13581,0.350012700025);
#13581 = AXIS2_PLACEMENT_3D('',#13582,#13583,#13584);
#13582 = CARTESIAN_POINT('',(94.707264414529,68.357251714503,
    1.600050800102));
#13583 = DIRECTION('',(0.,0.,1.));
#13584 = DIRECTION('',(1.,1.110223024625E-16,-0.));
#13585 = ORIENTED_EDGE('',*,*,#13586,.F.);
#13586 = EDGE_CURVE('',#13587,#13578,#13589,.T.);
#13587 = VERTEX_POINT('',#13588);
#13588 = CARTESIAN_POINT('',(94.357251714503,68.357251714503,0.));
#13589 = LINE('',#13590,#13591);
#13590 = CARTESIAN_POINT('',(94.357251714503,68.357251714503,0.));
#13591 = VECTOR('',#13592,1.);
#13592 = DIRECTION('',(0.,0.,1.));
#13593 = ORIENTED_EDGE('',*,*,#13594,.F.);
#13594 = EDGE_CURVE('',#13568,#13587,#13595,.T.);
#13595 = CIRCLE('',#13596,0.350012700025);
#13596 = AXIS2_PLACEMENT_3D('',#13597,#13598,#13599);
#13597 = CARTESIAN_POINT('',(94.707264414529,68.357251714503,0.));
#13598 = DIRECTION('',(0.,0.,1.));
#13599 = DIRECTION('',(1.,1.110223024625E-16,-0.));
#13600 = CYLINDRICAL_SURFACE('',#13601,0.350012700025);
#13601 = AXIS2_PLACEMENT_3D('',#13602,#13603,#13604);
#13602 = CARTESIAN_POINT('',(94.707264414529,68.357251714503,0.));
#13603 = DIRECTION('',(-0.,-0.,-1.));
#13604 = DIRECTION('',(1.,1.110223024625E-16,-0.));
#13605 = ADVANCED_FACE('',(#13606),#13624,.F.);
#13606 = FACE_BOUND('',#13607,.T.);
#13607 = EDGE_LOOP('',(#13608,#13609,#13616,#13617));
#13608 = ORIENTED_EDGE('',*,*,#13586,.T.);
#13609 = ORIENTED_EDGE('',*,*,#13610,.T.);
#13610 = EDGE_CURVE('',#13578,#13570,#13611,.T.);
#13611 = CIRCLE('',#13612,0.350012700025);
#13612 = AXIS2_PLACEMENT_3D('',#13613,#13614,#13615);
#13613 = CARTESIAN_POINT('',(94.707264414529,68.357251714503,
    1.600050800102));
#13614 = DIRECTION('',(0.,0.,1.));
#13615 = DIRECTION('',(-1.,-1.110223024625E-16,0.));
#13616 = ORIENTED_EDGE('',*,*,#13567,.F.);
#13617 = ORIENTED_EDGE('',*,*,#13618,.F.);
#13618 = EDGE_CURVE('',#13587,#13568,#13619,.T.);
#13619 = CIRCLE('',#13620,0.350012700025);
#13620 = AXIS2_PLACEMENT_3D('',#13621,#13622,#13623);
#13621 = CARTESIAN_POINT('',(94.707264414529,68.357251714503,0.));
#13622 = DIRECTION('',(0.,0.,1.));
#13623 = DIRECTION('',(-1.,-1.110223024625E-16,0.));
#13624 = CYLINDRICAL_SURFACE('',#13625,0.350012700025);
#13625 = AXIS2_PLACEMENT_3D('',#13626,#13627,#13628);
#13626 = CARTESIAN_POINT('',(94.707264414529,68.357251714503,0.));
#13627 = DIRECTION('',(-0.,-0.,-1.));
#13628 = DIRECTION('',(-1.,-1.110223024625E-16,0.));
#13629 = ADVANCED_FACE('',(#13630),#13666,.F.);
#13630 = FACE_BOUND('',#13631,.T.);
#13631 = EDGE_LOOP('',(#13632,#13642,#13651,#13659));
#13632 = ORIENTED_EDGE('',*,*,#13633,.T.);
#13633 = EDGE_CURVE('',#13634,#13636,#13638,.T.);
#13634 = VERTEX_POINT('',#13635);
#13635 = CARTESIAN_POINT('',(98.848209296419,60.452120904242,0.));
#13636 = VERTEX_POINT('',#13637);
#13637 = CARTESIAN_POINT('',(98.848209296419,60.452120904242,
    1.600050800102));
#13638 = LINE('',#13639,#13640);
#13639 = CARTESIAN_POINT('',(98.848209296419,60.452120904242,0.));
#13640 = VECTOR('',#13641,1.);
#13641 = DIRECTION('',(0.,0.,1.));
#13642 = ORIENTED_EDGE('',*,*,#13643,.T.);
#13643 = EDGE_CURVE('',#13636,#13644,#13646,.T.);
#13644 = VERTEX_POINT('',#13645);
#13645 = CARTESIAN_POINT('',(97.748183896368,60.452120904242,
    1.600050800102));
#13646 = CIRCLE('',#13647,0.550012700025);
#13647 = AXIS2_PLACEMENT_3D('',#13648,#13649,#13650);
#13648 = CARTESIAN_POINT('',(98.298196596393,60.452120904242,
    1.600050800102));
#13649 = DIRECTION('',(0.,0.,1.));
#13650 = DIRECTION('',(1.,1.110223024625E-16,-0.));
#13651 = ORIENTED_EDGE('',*,*,#13652,.F.);
#13652 = EDGE_CURVE('',#13653,#13644,#13655,.T.);
#13653 = VERTEX_POINT('',#13654);
#13654 = CARTESIAN_POINT('',(97.748183896368,60.452120904242,0.));
#13655 = LINE('',#13656,#13657);
#13656 = CARTESIAN_POINT('',(97.748183896368,60.452120904242,0.));
#13657 = VECTOR('',#13658,1.);
#13658 = DIRECTION('',(0.,0.,1.));
#13659 = ORIENTED_EDGE('',*,*,#13660,.F.);
#13660 = EDGE_CURVE('',#13634,#13653,#13661,.T.);
#13661 = CIRCLE('',#13662,0.550012700025);
#13662 = AXIS2_PLACEMENT_3D('',#13663,#13664,#13665);
#13663 = CARTESIAN_POINT('',(98.298196596393,60.452120904242,0.));
#13664 = DIRECTION('',(0.,0.,1.));
#13665 = DIRECTION('',(1.,1.110223024625E-16,-0.));
#13666 = CYLINDRICAL_SURFACE('',#13667,0.550012700025);
#13667 = AXIS2_PLACEMENT_3D('',#13668,#13669,#13670);
#13668 = CARTESIAN_POINT('',(98.298196596393,60.452120904242,0.));
#13669 = DIRECTION('',(-0.,-0.,-1.));
#13670 = DIRECTION('',(1.,1.110223024625E-16,-0.));
#13671 = ADVANCED_FACE('',(#13672),#13690,.F.);
#13672 = FACE_BOUND('',#13673,.T.);
#13673 = EDGE_LOOP('',(#13674,#13675,#13682,#13683));
#13674 = ORIENTED_EDGE('',*,*,#13652,.T.);
#13675 = ORIENTED_EDGE('',*,*,#13676,.T.);
#13676 = EDGE_CURVE('',#13644,#13636,#13677,.T.);
#13677 = CIRCLE('',#13678,0.550012700025);
#13678 = AXIS2_PLACEMENT_3D('',#13679,#13680,#13681);
#13679 = CARTESIAN_POINT('',(98.298196596393,60.452120904242,
    1.600050800102));
#13680 = DIRECTION('',(0.,0.,1.));
#13681 = DIRECTION('',(-1.,-1.110223024625E-16,0.));
#13682 = ORIENTED_EDGE('',*,*,#13633,.F.);
#13683 = ORIENTED_EDGE('',*,*,#13684,.F.);
#13684 = EDGE_CURVE('',#13653,#13634,#13685,.T.);
#13685 = CIRCLE('',#13686,0.550012700025);
#13686 = AXIS2_PLACEMENT_3D('',#13687,#13688,#13689);
#13687 = CARTESIAN_POINT('',(98.298196596393,60.452120904242,0.));
#13688 = DIRECTION('',(0.,0.,1.));
#13689 = DIRECTION('',(-1.,-1.110223024625E-16,0.));
#13690 = CYLINDRICAL_SURFACE('',#13691,0.550012700025);
#13691 = AXIS2_PLACEMENT_3D('',#13692,#13693,#13694);
#13692 = CARTESIAN_POINT('',(98.298196596393,60.452120904242,0.));
#13693 = DIRECTION('',(-0.,-0.,-1.));
#13694 = DIRECTION('',(-1.,-1.110223024625E-16,0.));
#13695 = ADVANCED_FACE('',(#13696),#13732,.F.);
#13696 = FACE_BOUND('',#13697,.T.);
#13697 = EDGE_LOOP('',(#13698,#13708,#13717,#13725));
#13698 = ORIENTED_EDGE('',*,*,#13699,.T.);
#13699 = EDGE_CURVE('',#13700,#13702,#13704,.T.);
#13700 = VERTEX_POINT('',#13701);
#13701 = CARTESIAN_POINT('',(98.848209296419,62.992125984252,0.));
#13702 = VERTEX_POINT('',#13703);
#13703 = CARTESIAN_POINT('',(98.848209296419,62.992125984252,
    1.600050800102));
#13704 = LINE('',#13705,#13706);
#13705 = CARTESIAN_POINT('',(98.848209296419,62.992125984252,0.));
#13706 = VECTOR('',#13707,1.);
#13707 = DIRECTION('',(0.,0.,1.));
#13708 = ORIENTED_EDGE('',*,*,#13709,.T.);
#13709 = EDGE_CURVE('',#13702,#13710,#13712,.T.);
#13710 = VERTEX_POINT('',#13711);
#13711 = CARTESIAN_POINT('',(97.748183896368,62.992125984252,
    1.600050800102));
#13712 = CIRCLE('',#13713,0.550012700025);
#13713 = AXIS2_PLACEMENT_3D('',#13714,#13715,#13716);
#13714 = CARTESIAN_POINT('',(98.298196596393,62.992125984252,
    1.600050800102));
#13715 = DIRECTION('',(0.,0.,1.));
#13716 = DIRECTION('',(1.,1.110223024625E-16,-0.));
#13717 = ORIENTED_EDGE('',*,*,#13718,.F.);
#13718 = EDGE_CURVE('',#13719,#13710,#13721,.T.);
#13719 = VERTEX_POINT('',#13720);
#13720 = CARTESIAN_POINT('',(97.748183896368,62.992125984252,0.));
#13721 = LINE('',#13722,#13723);
#13722 = CARTESIAN_POINT('',(97.748183896368,62.992125984252,0.));
#13723 = VECTOR('',#13724,1.);
#13724 = DIRECTION('',(0.,0.,1.));
#13725 = ORIENTED_EDGE('',*,*,#13726,.F.);
#13726 = EDGE_CURVE('',#13700,#13719,#13727,.T.);
#13727 = CIRCLE('',#13728,0.550012700025);
#13728 = AXIS2_PLACEMENT_3D('',#13729,#13730,#13731);
#13729 = CARTESIAN_POINT('',(98.298196596393,62.992125984252,0.));
#13730 = DIRECTION('',(0.,0.,1.));
#13731 = DIRECTION('',(1.,1.110223024625E-16,-0.));
#13732 = CYLINDRICAL_SURFACE('',#13733,0.550012700025);
#13733 = AXIS2_PLACEMENT_3D('',#13734,#13735,#13736);
#13734 = CARTESIAN_POINT('',(98.298196596393,62.992125984252,0.));
#13735 = DIRECTION('',(-0.,-0.,-1.));
#13736 = DIRECTION('',(1.,1.110223024625E-16,-0.));
#13737 = ADVANCED_FACE('',(#13738),#13756,.F.);
#13738 = FACE_BOUND('',#13739,.T.);
#13739 = EDGE_LOOP('',(#13740,#13741,#13748,#13749));
#13740 = ORIENTED_EDGE('',*,*,#13718,.T.);
#13741 = ORIENTED_EDGE('',*,*,#13742,.T.);
#13742 = EDGE_CURVE('',#13710,#13702,#13743,.T.);
#13743 = CIRCLE('',#13744,0.550012700025);
#13744 = AXIS2_PLACEMENT_3D('',#13745,#13746,#13747);
#13745 = CARTESIAN_POINT('',(98.298196596393,62.992125984252,
    1.600050800102));
#13746 = DIRECTION('',(0.,0.,1.));
#13747 = DIRECTION('',(-1.,-1.110223024625E-16,0.));
#13748 = ORIENTED_EDGE('',*,*,#13699,.F.);
#13749 = ORIENTED_EDGE('',*,*,#13750,.F.);
#13750 = EDGE_CURVE('',#13719,#13700,#13751,.T.);
#13751 = CIRCLE('',#13752,0.550012700025);
#13752 = AXIS2_PLACEMENT_3D('',#13753,#13754,#13755);
#13753 = CARTESIAN_POINT('',(98.298196596393,62.992125984252,0.));
#13754 = DIRECTION('',(0.,0.,1.));
#13755 = DIRECTION('',(-1.,-1.110223024625E-16,0.));
#13756 = CYLINDRICAL_SURFACE('',#13757,0.550012700025);
#13757 = AXIS2_PLACEMENT_3D('',#13758,#13759,#13760);
#13758 = CARTESIAN_POINT('',(98.298196596393,62.992125984252,0.));
#13759 = DIRECTION('',(-0.,-0.,-1.));
#13760 = DIRECTION('',(-1.,-1.110223024625E-16,0.));
#13761 = ADVANCED_FACE('',(#13762),#13798,.F.);
#13762 = FACE_BOUND('',#13763,.T.);
#13763 = EDGE_LOOP('',(#13764,#13774,#13783,#13791));
#13764 = ORIENTED_EDGE('',*,*,#13765,.T.);
#13765 = EDGE_CURVE('',#13766,#13768,#13770,.T.);
#13766 = VERTEX_POINT('',#13767);
#13767 = CARTESIAN_POINT('',(98.848209296419,55.372110744221,0.));
#13768 = VERTEX_POINT('',#13769);
#13769 = CARTESIAN_POINT('',(98.848209296419,55.372110744221,
    1.600050800102));
#13770 = LINE('',#13771,#13772);
#13771 = CARTESIAN_POINT('',(98.848209296419,55.372110744221,0.));
#13772 = VECTOR('',#13773,1.);
#13773 = DIRECTION('',(0.,0.,1.));
#13774 = ORIENTED_EDGE('',*,*,#13775,.T.);
#13775 = EDGE_CURVE('',#13768,#13776,#13778,.T.);
#13776 = VERTEX_POINT('',#13777);
#13777 = CARTESIAN_POINT('',(97.748183896368,55.372110744221,
    1.600050800102));
#13778 = CIRCLE('',#13779,0.550012700025);
#13779 = AXIS2_PLACEMENT_3D('',#13780,#13781,#13782);
#13780 = CARTESIAN_POINT('',(98.298196596393,55.372110744221,
    1.600050800102));
#13781 = DIRECTION('',(0.,0.,1.));
#13782 = DIRECTION('',(1.,1.110223024625E-16,-0.));
#13783 = ORIENTED_EDGE('',*,*,#13784,.F.);
#13784 = EDGE_CURVE('',#13785,#13776,#13787,.T.);
#13785 = VERTEX_POINT('',#13786);
#13786 = CARTESIAN_POINT('',(97.748183896368,55.372110744221,0.));
#13787 = LINE('',#13788,#13789);
#13788 = CARTESIAN_POINT('',(97.748183896368,55.372110744221,0.));
#13789 = VECTOR('',#13790,1.);
#13790 = DIRECTION('',(0.,0.,1.));
#13791 = ORIENTED_EDGE('',*,*,#13792,.F.);
#13792 = EDGE_CURVE('',#13766,#13785,#13793,.T.);
#13793 = CIRCLE('',#13794,0.550012700025);
#13794 = AXIS2_PLACEMENT_3D('',#13795,#13796,#13797);
#13795 = CARTESIAN_POINT('',(98.298196596393,55.372110744221,0.));
#13796 = DIRECTION('',(0.,0.,1.));
#13797 = DIRECTION('',(1.,1.110223024625E-16,-0.));
#13798 = CYLINDRICAL_SURFACE('',#13799,0.550012700025);
#13799 = AXIS2_PLACEMENT_3D('',#13800,#13801,#13802);
#13800 = CARTESIAN_POINT('',(98.298196596393,55.372110744221,0.));
#13801 = DIRECTION('',(-0.,-0.,-1.));
#13802 = DIRECTION('',(1.,1.110223024625E-16,-0.));
#13803 = ADVANCED_FACE('',(#13804),#13822,.F.);
#13804 = FACE_BOUND('',#13805,.T.);
#13805 = EDGE_LOOP('',(#13806,#13807,#13814,#13815));
#13806 = ORIENTED_EDGE('',*,*,#13784,.T.);
#13807 = ORIENTED_EDGE('',*,*,#13808,.T.);
#13808 = EDGE_CURVE('',#13776,#13768,#13809,.T.);
#13809 = CIRCLE('',#13810,0.550012700025);
#13810 = AXIS2_PLACEMENT_3D('',#13811,#13812,#13813);
#13811 = CARTESIAN_POINT('',(98.298196596393,55.372110744221,
    1.600050800102));
#13812 = DIRECTION('',(0.,0.,1.));
#13813 = DIRECTION('',(-1.,-1.110223024625E-16,0.));
#13814 = ORIENTED_EDGE('',*,*,#13765,.F.);
#13815 = ORIENTED_EDGE('',*,*,#13816,.F.);
#13816 = EDGE_CURVE('',#13785,#13766,#13817,.T.);
#13817 = CIRCLE('',#13818,0.550012700025);
#13818 = AXIS2_PLACEMENT_3D('',#13819,#13820,#13821);
#13819 = CARTESIAN_POINT('',(98.298196596393,55.372110744221,0.));
#13820 = DIRECTION('',(0.,0.,1.));
#13821 = DIRECTION('',(-1.,-1.110223024625E-16,0.));
#13822 = CYLINDRICAL_SURFACE('',#13823,0.550012700025);
#13823 = AXIS2_PLACEMENT_3D('',#13824,#13825,#13826);
#13824 = CARTESIAN_POINT('',(98.298196596393,55.372110744221,0.));
#13825 = DIRECTION('',(-0.,-0.,-1.));
#13826 = DIRECTION('',(-1.,-1.110223024625E-16,0.));
#13827 = ADVANCED_FACE('',(#13828),#13864,.F.);
#13828 = FACE_BOUND('',#13829,.T.);
#13829 = EDGE_LOOP('',(#13830,#13840,#13849,#13857));
#13830 = ORIENTED_EDGE('',*,*,#13831,.T.);
#13831 = EDGE_CURVE('',#13832,#13834,#13836,.T.);
#13832 = VERTEX_POINT('',#13833);
#13833 = CARTESIAN_POINT('',(98.848209296419,57.912115824232,0.));
#13834 = VERTEX_POINT('',#13835);
#13835 = CARTESIAN_POINT('',(98.848209296419,57.912115824232,
    1.600050800102));
#13836 = LINE('',#13837,#13838);
#13837 = CARTESIAN_POINT('',(98.848209296419,57.912115824232,0.));
#13838 = VECTOR('',#13839,1.);
#13839 = DIRECTION('',(0.,0.,1.));
#13840 = ORIENTED_EDGE('',*,*,#13841,.T.);
#13841 = EDGE_CURVE('',#13834,#13842,#13844,.T.);
#13842 = VERTEX_POINT('',#13843);
#13843 = CARTESIAN_POINT('',(97.748183896368,57.912115824232,
    1.600050800102));
#13844 = CIRCLE('',#13845,0.550012700025);
#13845 = AXIS2_PLACEMENT_3D('',#13846,#13847,#13848);
#13846 = CARTESIAN_POINT('',(98.298196596393,57.912115824232,
    1.600050800102));
#13847 = DIRECTION('',(0.,0.,1.));
#13848 = DIRECTION('',(1.,1.110223024625E-16,-0.));
#13849 = ORIENTED_EDGE('',*,*,#13850,.F.);
#13850 = EDGE_CURVE('',#13851,#13842,#13853,.T.);
#13851 = VERTEX_POINT('',#13852);
#13852 = CARTESIAN_POINT('',(97.748183896368,57.912115824232,0.));
#13853 = LINE('',#13854,#13855);
#13854 = CARTESIAN_POINT('',(97.748183896368,57.912115824232,0.));
#13855 = VECTOR('',#13856,1.);
#13856 = DIRECTION('',(0.,0.,1.));
#13857 = ORIENTED_EDGE('',*,*,#13858,.F.);
#13858 = EDGE_CURVE('',#13832,#13851,#13859,.T.);
#13859 = CIRCLE('',#13860,0.550012700025);
#13860 = AXIS2_PLACEMENT_3D('',#13861,#13862,#13863);
#13861 = CARTESIAN_POINT('',(98.298196596393,57.912115824232,0.));
#13862 = DIRECTION('',(0.,0.,1.));
#13863 = DIRECTION('',(1.,1.110223024625E-16,-0.));
#13864 = CYLINDRICAL_SURFACE('',#13865,0.550012700025);
#13865 = AXIS2_PLACEMENT_3D('',#13866,#13867,#13868);
#13866 = CARTESIAN_POINT('',(98.298196596393,57.912115824232,0.));
#13867 = DIRECTION('',(-0.,-0.,-1.));
#13868 = DIRECTION('',(1.,1.110223024625E-16,-0.));
#13869 = ADVANCED_FACE('',(#13870),#13888,.F.);
#13870 = FACE_BOUND('',#13871,.T.);
#13871 = EDGE_LOOP('',(#13872,#13873,#13880,#13881));
#13872 = ORIENTED_EDGE('',*,*,#13850,.T.);
#13873 = ORIENTED_EDGE('',*,*,#13874,.T.);
#13874 = EDGE_CURVE('',#13842,#13834,#13875,.T.);
#13875 = CIRCLE('',#13876,0.550012700025);
#13876 = AXIS2_PLACEMENT_3D('',#13877,#13878,#13879);
#13877 = CARTESIAN_POINT('',(98.298196596393,57.912115824232,
    1.600050800102));
#13878 = DIRECTION('',(0.,0.,1.));
#13879 = DIRECTION('',(-1.,-1.110223024625E-16,0.));
#13880 = ORIENTED_EDGE('',*,*,#13831,.F.);
#13881 = ORIENTED_EDGE('',*,*,#13882,.F.);
#13882 = EDGE_CURVE('',#13851,#13832,#13883,.T.);
#13883 = CIRCLE('',#13884,0.550012700025);
#13884 = AXIS2_PLACEMENT_3D('',#13885,#13886,#13887);
#13885 = CARTESIAN_POINT('',(98.298196596393,57.912115824232,0.));
#13886 = DIRECTION('',(0.,0.,1.));
#13887 = DIRECTION('',(-1.,-1.110223024625E-16,0.));
#13888 = CYLINDRICAL_SURFACE('',#13889,0.550012700025);
#13889 = AXIS2_PLACEMENT_3D('',#13890,#13891,#13892);
#13890 = CARTESIAN_POINT('',(98.298196596393,57.912115824232,0.));
#13891 = DIRECTION('',(-0.,-0.,-1.));
#13892 = DIRECTION('',(-1.,-1.110223024625E-16,0.));
#13893 = ADVANCED_FACE('',(#13894),#13930,.F.);
#13894 = FACE_BOUND('',#13895,.T.);
#13895 = EDGE_LOOP('',(#13896,#13906,#13915,#13923));
#13896 = ORIENTED_EDGE('',*,*,#13897,.T.);
#13897 = EDGE_CURVE('',#13898,#13900,#13902,.T.);
#13898 = VERTEX_POINT('',#13899);
#13899 = CARTESIAN_POINT('',(98.848209296419,47.752095504191,0.));
#13900 = VERTEX_POINT('',#13901);
#13901 = CARTESIAN_POINT('',(98.848209296419,47.752095504191,
    1.600050800102));
#13902 = LINE('',#13903,#13904);
#13903 = CARTESIAN_POINT('',(98.848209296419,47.752095504191,0.));
#13904 = VECTOR('',#13905,1.);
#13905 = DIRECTION('',(0.,0.,1.));
#13906 = ORIENTED_EDGE('',*,*,#13907,.T.);
#13907 = EDGE_CURVE('',#13900,#13908,#13910,.T.);
#13908 = VERTEX_POINT('',#13909);
#13909 = CARTESIAN_POINT('',(97.748183896368,47.752095504191,
    1.600050800102));
#13910 = CIRCLE('',#13911,0.550012700025);
#13911 = AXIS2_PLACEMENT_3D('',#13912,#13913,#13914);
#13912 = CARTESIAN_POINT('',(98.298196596393,47.752095504191,
    1.600050800102));
#13913 = DIRECTION('',(0.,0.,1.));
#13914 = DIRECTION('',(1.,1.110223024625E-16,-0.));
#13915 = ORIENTED_EDGE('',*,*,#13916,.F.);
#13916 = EDGE_CURVE('',#13917,#13908,#13919,.T.);
#13917 = VERTEX_POINT('',#13918);
#13918 = CARTESIAN_POINT('',(97.748183896368,47.752095504191,0.));
#13919 = LINE('',#13920,#13921);
#13920 = CARTESIAN_POINT('',(97.748183896368,47.752095504191,0.));
#13921 = VECTOR('',#13922,1.);
#13922 = DIRECTION('',(0.,0.,1.));
#13923 = ORIENTED_EDGE('',*,*,#13924,.F.);
#13924 = EDGE_CURVE('',#13898,#13917,#13925,.T.);
#13925 = CIRCLE('',#13926,0.550012700025);
#13926 = AXIS2_PLACEMENT_3D('',#13927,#13928,#13929);
#13927 = CARTESIAN_POINT('',(98.298196596393,47.752095504191,0.));
#13928 = DIRECTION('',(0.,0.,1.));
#13929 = DIRECTION('',(1.,1.110223024625E-16,-0.));
#13930 = CYLINDRICAL_SURFACE('',#13931,0.550012700025);
#13931 = AXIS2_PLACEMENT_3D('',#13932,#13933,#13934);
#13932 = CARTESIAN_POINT('',(98.298196596393,47.752095504191,0.));
#13933 = DIRECTION('',(-0.,-0.,-1.));
#13934 = DIRECTION('',(1.,1.110223024625E-16,-0.));
#13935 = ADVANCED_FACE('',(#13936),#13954,.F.);
#13936 = FACE_BOUND('',#13937,.T.);
#13937 = EDGE_LOOP('',(#13938,#13939,#13946,#13947));
#13938 = ORIENTED_EDGE('',*,*,#13916,.T.);
#13939 = ORIENTED_EDGE('',*,*,#13940,.T.);
#13940 = EDGE_CURVE('',#13908,#13900,#13941,.T.);
#13941 = CIRCLE('',#13942,0.550012700025);
#13942 = AXIS2_PLACEMENT_3D('',#13943,#13944,#13945);
#13943 = CARTESIAN_POINT('',(98.298196596393,47.752095504191,
    1.600050800102));
#13944 = DIRECTION('',(0.,0.,1.));
#13945 = DIRECTION('',(-1.,-1.110223024625E-16,0.));
#13946 = ORIENTED_EDGE('',*,*,#13897,.F.);
#13947 = ORIENTED_EDGE('',*,*,#13948,.F.);
#13948 = EDGE_CURVE('',#13917,#13898,#13949,.T.);
#13949 = CIRCLE('',#13950,0.550012700025);
#13950 = AXIS2_PLACEMENT_3D('',#13951,#13952,#13953);
#13951 = CARTESIAN_POINT('',(98.298196596393,47.752095504191,0.));
#13952 = DIRECTION('',(0.,0.,1.));
#13953 = DIRECTION('',(-1.,-1.110223024625E-16,0.));
#13954 = CYLINDRICAL_SURFACE('',#13955,0.550012700025);
#13955 = AXIS2_PLACEMENT_3D('',#13956,#13957,#13958);
#13956 = CARTESIAN_POINT('',(98.298196596393,47.752095504191,0.));
#13957 = DIRECTION('',(-0.,-0.,-1.));
#13958 = DIRECTION('',(-1.,-1.110223024625E-16,0.));
#13959 = ADVANCED_FACE('',(#13960),#13996,.F.);
#13960 = FACE_BOUND('',#13961,.T.);
#13961 = EDGE_LOOP('',(#13962,#13972,#13981,#13989));
#13962 = ORIENTED_EDGE('',*,*,#13963,.T.);
#13963 = EDGE_CURVE('',#13964,#13966,#13968,.T.);
#13964 = VERTEX_POINT('',#13965);
#13965 = CARTESIAN_POINT('',(98.848209296419,50.292100584201,0.));
#13966 = VERTEX_POINT('',#13967);
#13967 = CARTESIAN_POINT('',(98.848209296419,50.292100584201,
    1.600050800102));
#13968 = LINE('',#13969,#13970);
#13969 = CARTESIAN_POINT('',(98.848209296419,50.292100584201,0.));
#13970 = VECTOR('',#13971,1.);
#13971 = DIRECTION('',(0.,0.,1.));
#13972 = ORIENTED_EDGE('',*,*,#13973,.T.);
#13973 = EDGE_CURVE('',#13966,#13974,#13976,.T.);
#13974 = VERTEX_POINT('',#13975);
#13975 = CARTESIAN_POINT('',(97.748183896368,50.292100584201,
    1.600050800102));
#13976 = CIRCLE('',#13977,0.550012700025);
#13977 = AXIS2_PLACEMENT_3D('',#13978,#13979,#13980);
#13978 = CARTESIAN_POINT('',(98.298196596393,50.292100584201,
    1.600050800102));
#13979 = DIRECTION('',(0.,0.,1.));
#13980 = DIRECTION('',(1.,1.110223024625E-16,-0.));
#13981 = ORIENTED_EDGE('',*,*,#13982,.F.);
#13982 = EDGE_CURVE('',#13983,#13974,#13985,.T.);
#13983 = VERTEX_POINT('',#13984);
#13984 = CARTESIAN_POINT('',(97.748183896368,50.292100584201,0.));
#13985 = LINE('',#13986,#13987);
#13986 = CARTESIAN_POINT('',(97.748183896368,50.292100584201,0.));
#13987 = VECTOR('',#13988,1.);
#13988 = DIRECTION('',(0.,0.,1.));
#13989 = ORIENTED_EDGE('',*,*,#13990,.F.);
#13990 = EDGE_CURVE('',#13964,#13983,#13991,.T.);
#13991 = CIRCLE('',#13992,0.550012700025);
#13992 = AXIS2_PLACEMENT_3D('',#13993,#13994,#13995);
#13993 = CARTESIAN_POINT('',(98.298196596393,50.292100584201,0.));
#13994 = DIRECTION('',(0.,0.,1.));
#13995 = DIRECTION('',(1.,1.110223024625E-16,-0.));
#13996 = CYLINDRICAL_SURFACE('',#13997,0.550012700025);
#13997 = AXIS2_PLACEMENT_3D('',#13998,#13999,#14000);
#13998 = CARTESIAN_POINT('',(98.298196596393,50.292100584201,0.));
#13999 = DIRECTION('',(-0.,-0.,-1.));
#14000 = DIRECTION('',(1.,1.110223024625E-16,-0.));
#14001 = ADVANCED_FACE('',(#14002),#14020,.F.);
#14002 = FACE_BOUND('',#14003,.T.);
#14003 = EDGE_LOOP('',(#14004,#14005,#14012,#14013));
#14004 = ORIENTED_EDGE('',*,*,#13982,.T.);
#14005 = ORIENTED_EDGE('',*,*,#14006,.T.);
#14006 = EDGE_CURVE('',#13974,#13966,#14007,.T.);
#14007 = CIRCLE('',#14008,0.550012700025);
#14008 = AXIS2_PLACEMENT_3D('',#14009,#14010,#14011);
#14009 = CARTESIAN_POINT('',(98.298196596393,50.292100584201,
    1.600050800102));
#14010 = DIRECTION('',(0.,0.,1.));
#14011 = DIRECTION('',(-1.,-1.110223024625E-16,0.));
#14012 = ORIENTED_EDGE('',*,*,#13963,.F.);
#14013 = ORIENTED_EDGE('',*,*,#14014,.F.);
#14014 = EDGE_CURVE('',#13983,#13964,#14015,.T.);
#14015 = CIRCLE('',#14016,0.550012700025);
#14016 = AXIS2_PLACEMENT_3D('',#14017,#14018,#14019);
#14017 = CARTESIAN_POINT('',(98.298196596393,50.292100584201,0.));
#14018 = DIRECTION('',(0.,0.,1.));
#14019 = DIRECTION('',(-1.,-1.110223024625E-16,0.));
#14020 = CYLINDRICAL_SURFACE('',#14021,0.550012700025);
#14021 = AXIS2_PLACEMENT_3D('',#14022,#14023,#14024);
#14022 = CARTESIAN_POINT('',(98.298196596393,50.292100584201,0.));
#14023 = DIRECTION('',(-0.,-0.,-1.));
#14024 = DIRECTION('',(-1.,-1.110223024625E-16,0.));
#14025 = ADVANCED_FACE('',(#14026),#14062,.F.);
#14026 = FACE_BOUND('',#14027,.T.);
#14027 = EDGE_LOOP('',(#14028,#14038,#14047,#14055));
#14028 = ORIENTED_EDGE('',*,*,#14029,.T.);
#14029 = EDGE_CURVE('',#14030,#14032,#14034,.T.);
#14030 = VERTEX_POINT('',#14031);
#14031 = CARTESIAN_POINT('',(98.848209296419,52.832105664211,0.));
#14032 = VERTEX_POINT('',#14033);
#14033 = CARTESIAN_POINT('',(98.848209296419,52.832105664211,
    1.600050800102));
#14034 = LINE('',#14035,#14036);
#14035 = CARTESIAN_POINT('',(98.848209296419,52.832105664211,0.));
#14036 = VECTOR('',#14037,1.);
#14037 = DIRECTION('',(0.,0.,1.));
#14038 = ORIENTED_EDGE('',*,*,#14039,.T.);
#14039 = EDGE_CURVE('',#14032,#14040,#14042,.T.);
#14040 = VERTEX_POINT('',#14041);
#14041 = CARTESIAN_POINT('',(97.748183896368,52.832105664211,
    1.600050800102));
#14042 = CIRCLE('',#14043,0.550012700025);
#14043 = AXIS2_PLACEMENT_3D('',#14044,#14045,#14046);
#14044 = CARTESIAN_POINT('',(98.298196596393,52.832105664211,
    1.600050800102));
#14045 = DIRECTION('',(0.,0.,1.));
#14046 = DIRECTION('',(1.,1.110223024625E-16,-0.));
#14047 = ORIENTED_EDGE('',*,*,#14048,.F.);
#14048 = EDGE_CURVE('',#14049,#14040,#14051,.T.);
#14049 = VERTEX_POINT('',#14050);
#14050 = CARTESIAN_POINT('',(97.748183896368,52.832105664211,0.));
#14051 = LINE('',#14052,#14053);
#14052 = CARTESIAN_POINT('',(97.748183896368,52.832105664211,0.));
#14053 = VECTOR('',#14054,1.);
#14054 = DIRECTION('',(0.,0.,1.));
#14055 = ORIENTED_EDGE('',*,*,#14056,.F.);
#14056 = EDGE_CURVE('',#14030,#14049,#14057,.T.);
#14057 = CIRCLE('',#14058,0.550012700025);
#14058 = AXIS2_PLACEMENT_3D('',#14059,#14060,#14061);
#14059 = CARTESIAN_POINT('',(98.298196596393,52.832105664211,0.));
#14060 = DIRECTION('',(0.,0.,1.));
#14061 = DIRECTION('',(1.,1.110223024625E-16,-0.));
#14062 = CYLINDRICAL_SURFACE('',#14063,0.550012700025);
#14063 = AXIS2_PLACEMENT_3D('',#14064,#14065,#14066);
#14064 = CARTESIAN_POINT('',(98.298196596393,52.832105664211,0.));
#14065 = DIRECTION('',(-0.,-0.,-1.));
#14066 = DIRECTION('',(1.,1.110223024625E-16,-0.));
#14067 = ADVANCED_FACE('',(#14068),#14086,.F.);
#14068 = FACE_BOUND('',#14069,.T.);
#14069 = EDGE_LOOP('',(#14070,#14071,#14078,#14079));
#14070 = ORIENTED_EDGE('',*,*,#14048,.T.);
#14071 = ORIENTED_EDGE('',*,*,#14072,.T.);
#14072 = EDGE_CURVE('',#14040,#14032,#14073,.T.);
#14073 = CIRCLE('',#14074,0.550012700025);
#14074 = AXIS2_PLACEMENT_3D('',#14075,#14076,#14077);
#14075 = CARTESIAN_POINT('',(98.298196596393,52.832105664211,
    1.600050800102));
#14076 = DIRECTION('',(0.,0.,1.));
#14077 = DIRECTION('',(-1.,-1.110223024625E-16,0.));
#14078 = ORIENTED_EDGE('',*,*,#14029,.F.);
#14079 = ORIENTED_EDGE('',*,*,#14080,.F.);
#14080 = EDGE_CURVE('',#14049,#14030,#14081,.T.);
#14081 = CIRCLE('',#14082,0.550012700025);
#14082 = AXIS2_PLACEMENT_3D('',#14083,#14084,#14085);
#14083 = CARTESIAN_POINT('',(98.298196596393,52.832105664211,0.));
#14084 = DIRECTION('',(0.,0.,1.));
#14085 = DIRECTION('',(-1.,-1.110223024625E-16,0.));
#14086 = CYLINDRICAL_SURFACE('',#14087,0.550012700025);
#14087 = AXIS2_PLACEMENT_3D('',#14088,#14089,#14090);
#14088 = CARTESIAN_POINT('',(98.298196596393,52.832105664211,0.));
#14089 = DIRECTION('',(-0.,-0.,-1.));
#14090 = DIRECTION('',(-1.,-1.110223024625E-16,0.));
#14091 = ADVANCED_FACE('',(#14092),#14128,.F.);
#14092 = FACE_BOUND('',#14093,.T.);
#14093 = EDGE_LOOP('',(#14094,#14104,#14113,#14121));
#14094 = ORIENTED_EDGE('',*,*,#14095,.T.);
#14095 = EDGE_CURVE('',#14096,#14098,#14100,.T.);
#14096 = VERTEX_POINT('',#14097);
#14097 = CARTESIAN_POINT('',(98.848209296419,37.59207518415,0.));
#14098 = VERTEX_POINT('',#14099);
#14099 = CARTESIAN_POINT('',(98.848209296419,37.59207518415,
    1.600050800102));
#14100 = LINE('',#14101,#14102);
#14101 = CARTESIAN_POINT('',(98.848209296419,37.59207518415,0.));
#14102 = VECTOR('',#14103,1.);
#14103 = DIRECTION('',(0.,0.,1.));
#14104 = ORIENTED_EDGE('',*,*,#14105,.T.);
#14105 = EDGE_CURVE('',#14098,#14106,#14108,.T.);
#14106 = VERTEX_POINT('',#14107);
#14107 = CARTESIAN_POINT('',(97.748183896368,37.59207518415,
    1.600050800102));
#14108 = CIRCLE('',#14109,0.550012700025);
#14109 = AXIS2_PLACEMENT_3D('',#14110,#14111,#14112);
#14110 = CARTESIAN_POINT('',(98.298196596393,37.59207518415,
    1.600050800102));
#14111 = DIRECTION('',(0.,0.,1.));
#14112 = DIRECTION('',(1.,1.110223024625E-16,-0.));
#14113 = ORIENTED_EDGE('',*,*,#14114,.F.);
#14114 = EDGE_CURVE('',#14115,#14106,#14117,.T.);
#14115 = VERTEX_POINT('',#14116);
#14116 = CARTESIAN_POINT('',(97.748183896368,37.59207518415,0.));
#14117 = LINE('',#14118,#14119);
#14118 = CARTESIAN_POINT('',(97.748183896368,37.59207518415,0.));
#14119 = VECTOR('',#14120,1.);
#14120 = DIRECTION('',(0.,0.,1.));
#14121 = ORIENTED_EDGE('',*,*,#14122,.F.);
#14122 = EDGE_CURVE('',#14096,#14115,#14123,.T.);
#14123 = CIRCLE('',#14124,0.550012700025);
#14124 = AXIS2_PLACEMENT_3D('',#14125,#14126,#14127);
#14125 = CARTESIAN_POINT('',(98.298196596393,37.59207518415,0.));
#14126 = DIRECTION('',(0.,0.,1.));
#14127 = DIRECTION('',(1.,1.110223024625E-16,-0.));
#14128 = CYLINDRICAL_SURFACE('',#14129,0.550012700025);
#14129 = AXIS2_PLACEMENT_3D('',#14130,#14131,#14132);
#14130 = CARTESIAN_POINT('',(98.298196596393,37.59207518415,0.));
#14131 = DIRECTION('',(-0.,-0.,-1.));
#14132 = DIRECTION('',(1.,1.110223024625E-16,-0.));
#14133 = ADVANCED_FACE('',(#14134),#14152,.F.);
#14134 = FACE_BOUND('',#14135,.T.);
#14135 = EDGE_LOOP('',(#14136,#14137,#14144,#14145));
#14136 = ORIENTED_EDGE('',*,*,#14114,.T.);
#14137 = ORIENTED_EDGE('',*,*,#14138,.T.);
#14138 = EDGE_CURVE('',#14106,#14098,#14139,.T.);
#14139 = CIRCLE('',#14140,0.550012700025);
#14140 = AXIS2_PLACEMENT_3D('',#14141,#14142,#14143);
#14141 = CARTESIAN_POINT('',(98.298196596393,37.59207518415,
    1.600050800102));
#14142 = DIRECTION('',(0.,0.,1.));
#14143 = DIRECTION('',(-1.,-1.110223024625E-16,0.));
#14144 = ORIENTED_EDGE('',*,*,#14095,.F.);
#14145 = ORIENTED_EDGE('',*,*,#14146,.F.);
#14146 = EDGE_CURVE('',#14115,#14096,#14147,.T.);
#14147 = CIRCLE('',#14148,0.550012700025);
#14148 = AXIS2_PLACEMENT_3D('',#14149,#14150,#14151);
#14149 = CARTESIAN_POINT('',(98.298196596393,37.59207518415,0.));
#14150 = DIRECTION('',(0.,0.,1.));
#14151 = DIRECTION('',(-1.,-1.110223024625E-16,0.));
#14152 = CYLINDRICAL_SURFACE('',#14153,0.550012700025);
#14153 = AXIS2_PLACEMENT_3D('',#14154,#14155,#14156);
#14154 = CARTESIAN_POINT('',(98.298196596393,37.59207518415,0.));
#14155 = DIRECTION('',(-0.,-0.,-1.));
#14156 = DIRECTION('',(-1.,-1.110223024625E-16,0.));
#14157 = ADVANCED_FACE('',(#14158),#14194,.F.);
#14158 = FACE_BOUND('',#14159,.T.);
#14159 = EDGE_LOOP('',(#14160,#14170,#14179,#14187));
#14160 = ORIENTED_EDGE('',*,*,#14161,.T.);
#14161 = EDGE_CURVE('',#14162,#14164,#14166,.T.);
#14162 = VERTEX_POINT('',#14163);
#14163 = CARTESIAN_POINT('',(98.848209296419,40.132080264161,0.));
#14164 = VERTEX_POINT('',#14165);
#14165 = CARTESIAN_POINT('',(98.848209296419,40.132080264161,
    1.600050800102));
#14166 = LINE('',#14167,#14168);
#14167 = CARTESIAN_POINT('',(98.848209296419,40.132080264161,0.));
#14168 = VECTOR('',#14169,1.);
#14169 = DIRECTION('',(0.,0.,1.));
#14170 = ORIENTED_EDGE('',*,*,#14171,.T.);
#14171 = EDGE_CURVE('',#14164,#14172,#14174,.T.);
#14172 = VERTEX_POINT('',#14173);
#14173 = CARTESIAN_POINT('',(97.748183896368,40.132080264161,
    1.600050800102));
#14174 = CIRCLE('',#14175,0.550012700025);
#14175 = AXIS2_PLACEMENT_3D('',#14176,#14177,#14178);
#14176 = CARTESIAN_POINT('',(98.298196596393,40.132080264161,
    1.600050800102));
#14177 = DIRECTION('',(0.,0.,1.));
#14178 = DIRECTION('',(1.,1.110223024625E-16,-0.));
#14179 = ORIENTED_EDGE('',*,*,#14180,.F.);
#14180 = EDGE_CURVE('',#14181,#14172,#14183,.T.);
#14181 = VERTEX_POINT('',#14182);
#14182 = CARTESIAN_POINT('',(97.748183896368,40.132080264161,0.));
#14183 = LINE('',#14184,#14185);
#14184 = CARTESIAN_POINT('',(97.748183896368,40.132080264161,0.));
#14185 = VECTOR('',#14186,1.);
#14186 = DIRECTION('',(0.,0.,1.));
#14187 = ORIENTED_EDGE('',*,*,#14188,.F.);
#14188 = EDGE_CURVE('',#14162,#14181,#14189,.T.);
#14189 = CIRCLE('',#14190,0.550012700025);
#14190 = AXIS2_PLACEMENT_3D('',#14191,#14192,#14193);
#14191 = CARTESIAN_POINT('',(98.298196596393,40.132080264161,0.));
#14192 = DIRECTION('',(0.,0.,1.));
#14193 = DIRECTION('',(1.,1.110223024625E-16,-0.));
#14194 = CYLINDRICAL_SURFACE('',#14195,0.550012700025);
#14195 = AXIS2_PLACEMENT_3D('',#14196,#14197,#14198);
#14196 = CARTESIAN_POINT('',(98.298196596393,40.132080264161,0.));
#14197 = DIRECTION('',(-0.,-0.,-1.));
#14198 = DIRECTION('',(1.,1.110223024625E-16,-0.));
#14199 = ADVANCED_FACE('',(#14200),#14218,.F.);
#14200 = FACE_BOUND('',#14201,.T.);
#14201 = EDGE_LOOP('',(#14202,#14203,#14210,#14211));
#14202 = ORIENTED_EDGE('',*,*,#14180,.T.);
#14203 = ORIENTED_EDGE('',*,*,#14204,.T.);
#14204 = EDGE_CURVE('',#14172,#14164,#14205,.T.);
#14205 = CIRCLE('',#14206,0.550012700025);
#14206 = AXIS2_PLACEMENT_3D('',#14207,#14208,#14209);
#14207 = CARTESIAN_POINT('',(98.298196596393,40.132080264161,
    1.600050800102));
#14208 = DIRECTION('',(0.,0.,1.));
#14209 = DIRECTION('',(-1.,-1.110223024625E-16,0.));
#14210 = ORIENTED_EDGE('',*,*,#14161,.F.);
#14211 = ORIENTED_EDGE('',*,*,#14212,.F.);
#14212 = EDGE_CURVE('',#14181,#14162,#14213,.T.);
#14213 = CIRCLE('',#14214,0.550012700025);
#14214 = AXIS2_PLACEMENT_3D('',#14215,#14216,#14217);
#14215 = CARTESIAN_POINT('',(98.298196596393,40.132080264161,0.));
#14216 = DIRECTION('',(0.,0.,1.));
#14217 = DIRECTION('',(-1.,-1.110223024625E-16,0.));
#14218 = CYLINDRICAL_SURFACE('',#14219,0.550012700025);
#14219 = AXIS2_PLACEMENT_3D('',#14220,#14221,#14222);
#14220 = CARTESIAN_POINT('',(98.298196596393,40.132080264161,0.));
#14221 = DIRECTION('',(-0.,-0.,-1.));
#14222 = DIRECTION('',(-1.,-1.110223024625E-16,0.));
#14223 = ADVANCED_FACE('',(#14224),#14260,.F.);
#14224 = FACE_BOUND('',#14225,.T.);
#14225 = EDGE_LOOP('',(#14226,#14236,#14245,#14253));
#14226 = ORIENTED_EDGE('',*,*,#14227,.T.);
#14227 = EDGE_CURVE('',#14228,#14230,#14232,.T.);
#14228 = VERTEX_POINT('',#14229);
#14229 = CARTESIAN_POINT('',(98.848209296419,35.05207010414,0.));
#14230 = VERTEX_POINT('',#14231);
#14231 = CARTESIAN_POINT('',(98.848209296419,35.05207010414,
    1.600050800102));
#14232 = LINE('',#14233,#14234);
#14233 = CARTESIAN_POINT('',(98.848209296419,35.05207010414,0.));
#14234 = VECTOR('',#14235,1.);
#14235 = DIRECTION('',(0.,0.,1.));
#14236 = ORIENTED_EDGE('',*,*,#14237,.T.);
#14237 = EDGE_CURVE('',#14230,#14238,#14240,.T.);
#14238 = VERTEX_POINT('',#14239);
#14239 = CARTESIAN_POINT('',(97.748183896368,35.05207010414,
    1.600050800102));
#14240 = CIRCLE('',#14241,0.550012700025);
#14241 = AXIS2_PLACEMENT_3D('',#14242,#14243,#14244);
#14242 = CARTESIAN_POINT('',(98.298196596393,35.05207010414,
    1.600050800102));
#14243 = DIRECTION('',(0.,0.,1.));
#14244 = DIRECTION('',(1.,1.110223024625E-16,-0.));
#14245 = ORIENTED_EDGE('',*,*,#14246,.F.);
#14246 = EDGE_CURVE('',#14247,#14238,#14249,.T.);
#14247 = VERTEX_POINT('',#14248);
#14248 = CARTESIAN_POINT('',(97.748183896368,35.05207010414,0.));
#14249 = LINE('',#14250,#14251);
#14250 = CARTESIAN_POINT('',(97.748183896368,35.05207010414,0.));
#14251 = VECTOR('',#14252,1.);
#14252 = DIRECTION('',(0.,0.,1.));
#14253 = ORIENTED_EDGE('',*,*,#14254,.F.);
#14254 = EDGE_CURVE('',#14228,#14247,#14255,.T.);
#14255 = CIRCLE('',#14256,0.550012700025);
#14256 = AXIS2_PLACEMENT_3D('',#14257,#14258,#14259);
#14257 = CARTESIAN_POINT('',(98.298196596393,35.05207010414,0.));
#14258 = DIRECTION('',(0.,0.,1.));
#14259 = DIRECTION('',(1.,1.110223024625E-16,-0.));
#14260 = CYLINDRICAL_SURFACE('',#14261,0.550012700025);
#14261 = AXIS2_PLACEMENT_3D('',#14262,#14263,#14264);
#14262 = CARTESIAN_POINT('',(98.298196596393,35.05207010414,0.));
#14263 = DIRECTION('',(-0.,-0.,-1.));
#14264 = DIRECTION('',(1.,1.110223024625E-16,-0.));
#14265 = ADVANCED_FACE('',(#14266),#14284,.F.);
#14266 = FACE_BOUND('',#14267,.T.);
#14267 = EDGE_LOOP('',(#14268,#14269,#14276,#14277));
#14268 = ORIENTED_EDGE('',*,*,#14246,.T.);
#14269 = ORIENTED_EDGE('',*,*,#14270,.T.);
#14270 = EDGE_CURVE('',#14238,#14230,#14271,.T.);
#14271 = CIRCLE('',#14272,0.550012700025);
#14272 = AXIS2_PLACEMENT_3D('',#14273,#14274,#14275);
#14273 = CARTESIAN_POINT('',(98.298196596393,35.05207010414,
    1.600050800102));
#14274 = DIRECTION('',(0.,0.,1.));
#14275 = DIRECTION('',(-1.,-1.110223024625E-16,0.));
#14276 = ORIENTED_EDGE('',*,*,#14227,.F.);
#14277 = ORIENTED_EDGE('',*,*,#14278,.F.);
#14278 = EDGE_CURVE('',#14247,#14228,#14279,.T.);
#14279 = CIRCLE('',#14280,0.550012700025);
#14280 = AXIS2_PLACEMENT_3D('',#14281,#14282,#14283);
#14281 = CARTESIAN_POINT('',(98.298196596393,35.05207010414,0.));
#14282 = DIRECTION('',(0.,0.,1.));
#14283 = DIRECTION('',(-1.,-1.110223024625E-16,0.));
#14284 = CYLINDRICAL_SURFACE('',#14285,0.550012700025);
#14285 = AXIS2_PLACEMENT_3D('',#14286,#14287,#14288);
#14286 = CARTESIAN_POINT('',(98.298196596393,35.05207010414,0.));
#14287 = DIRECTION('',(-0.,-0.,-1.));
#14288 = DIRECTION('',(-1.,-1.110223024625E-16,0.));
#14289 = ADVANCED_FACE('',(#14290),#14326,.F.);
#14290 = FACE_BOUND('',#14291,.T.);
#14291 = EDGE_LOOP('',(#14292,#14302,#14311,#14319));
#14292 = ORIENTED_EDGE('',*,*,#14293,.T.);
#14293 = EDGE_CURVE('',#14294,#14296,#14298,.T.);
#14294 = VERTEX_POINT('',#14295);
#14295 = CARTESIAN_POINT('',(98.848209296419,45.212090424181,0.));
#14296 = VERTEX_POINT('',#14297);
#14297 = CARTESIAN_POINT('',(98.848209296419,45.212090424181,
    1.600050800102));
#14298 = LINE('',#14299,#14300);
#14299 = CARTESIAN_POINT('',(98.848209296419,45.212090424181,0.));
#14300 = VECTOR('',#14301,1.);
#14301 = DIRECTION('',(0.,0.,1.));
#14302 = ORIENTED_EDGE('',*,*,#14303,.T.);
#14303 = EDGE_CURVE('',#14296,#14304,#14306,.T.);
#14304 = VERTEX_POINT('',#14305);
#14305 = CARTESIAN_POINT('',(97.748183896368,45.212090424181,
    1.600050800102));
#14306 = CIRCLE('',#14307,0.550012700025);
#14307 = AXIS2_PLACEMENT_3D('',#14308,#14309,#14310);
#14308 = CARTESIAN_POINT('',(98.298196596393,45.212090424181,
    1.600050800102));
#14309 = DIRECTION('',(0.,0.,1.));
#14310 = DIRECTION('',(1.,1.110223024625E-16,-0.));
#14311 = ORIENTED_EDGE('',*,*,#14312,.F.);
#14312 = EDGE_CURVE('',#14313,#14304,#14315,.T.);
#14313 = VERTEX_POINT('',#14314);
#14314 = CARTESIAN_POINT('',(97.748183896368,45.212090424181,0.));
#14315 = LINE('',#14316,#14317);
#14316 = CARTESIAN_POINT('',(97.748183896368,45.212090424181,0.));
#14317 = VECTOR('',#14318,1.);
#14318 = DIRECTION('',(0.,0.,1.));
#14319 = ORIENTED_EDGE('',*,*,#14320,.F.);
#14320 = EDGE_CURVE('',#14294,#14313,#14321,.T.);
#14321 = CIRCLE('',#14322,0.550012700025);
#14322 = AXIS2_PLACEMENT_3D('',#14323,#14324,#14325);
#14323 = CARTESIAN_POINT('',(98.298196596393,45.212090424181,0.));
#14324 = DIRECTION('',(0.,0.,1.));
#14325 = DIRECTION('',(1.,1.110223024625E-16,-0.));
#14326 = CYLINDRICAL_SURFACE('',#14327,0.550012700025);
#14327 = AXIS2_PLACEMENT_3D('',#14328,#14329,#14330);
#14328 = CARTESIAN_POINT('',(98.298196596393,45.212090424181,0.));
#14329 = DIRECTION('',(-0.,-0.,-1.));
#14330 = DIRECTION('',(1.,1.110223024625E-16,-0.));
#14331 = ADVANCED_FACE('',(#14332),#14350,.F.);
#14332 = FACE_BOUND('',#14333,.T.);
#14333 = EDGE_LOOP('',(#14334,#14335,#14342,#14343));
#14334 = ORIENTED_EDGE('',*,*,#14312,.T.);
#14335 = ORIENTED_EDGE('',*,*,#14336,.T.);
#14336 = EDGE_CURVE('',#14304,#14296,#14337,.T.);
#14337 = CIRCLE('',#14338,0.550012700025);
#14338 = AXIS2_PLACEMENT_3D('',#14339,#14340,#14341);
#14339 = CARTESIAN_POINT('',(98.298196596393,45.212090424181,
    1.600050800102));
#14340 = DIRECTION('',(0.,0.,1.));
#14341 = DIRECTION('',(-1.,-1.110223024625E-16,0.));
#14342 = ORIENTED_EDGE('',*,*,#14293,.F.);
#14343 = ORIENTED_EDGE('',*,*,#14344,.F.);
#14344 = EDGE_CURVE('',#14313,#14294,#14345,.T.);
#14345 = CIRCLE('',#14346,0.550012700025);
#14346 = AXIS2_PLACEMENT_3D('',#14347,#14348,#14349);
#14347 = CARTESIAN_POINT('',(98.298196596393,45.212090424181,0.));
#14348 = DIRECTION('',(0.,0.,1.));
#14349 = DIRECTION('',(-1.,-1.110223024625E-16,0.));
#14350 = CYLINDRICAL_SURFACE('',#14351,0.550012700025);
#14351 = AXIS2_PLACEMENT_3D('',#14352,#14353,#14354);
#14352 = CARTESIAN_POINT('',(98.298196596393,45.212090424181,0.));
#14353 = DIRECTION('',(-0.,-0.,-1.));
#14354 = DIRECTION('',(-1.,-1.110223024625E-16,0.));
#14355 = ADVANCED_FACE('',(#14356),#14392,.F.);
#14356 = FACE_BOUND('',#14357,.T.);
#14357 = EDGE_LOOP('',(#14358,#14368,#14377,#14385));
#14358 = ORIENTED_EDGE('',*,*,#14359,.T.);
#14359 = EDGE_CURVE('',#14360,#14362,#14364,.T.);
#14360 = VERTEX_POINT('',#14361);
#14361 = CARTESIAN_POINT('',(98.848209296419,42.672085344171,0.));
#14362 = VERTEX_POINT('',#14363);
#14363 = CARTESIAN_POINT('',(98.848209296419,42.672085344171,
    1.600050800102));
#14364 = LINE('',#14365,#14366);
#14365 = CARTESIAN_POINT('',(98.848209296419,42.672085344171,0.));
#14366 = VECTOR('',#14367,1.);
#14367 = DIRECTION('',(0.,0.,1.));
#14368 = ORIENTED_EDGE('',*,*,#14369,.T.);
#14369 = EDGE_CURVE('',#14362,#14370,#14372,.T.);
#14370 = VERTEX_POINT('',#14371);
#14371 = CARTESIAN_POINT('',(97.748183896368,42.672085344171,
    1.600050800102));
#14372 = CIRCLE('',#14373,0.550012700025);
#14373 = AXIS2_PLACEMENT_3D('',#14374,#14375,#14376);
#14374 = CARTESIAN_POINT('',(98.298196596393,42.672085344171,
    1.600050800102));
#14375 = DIRECTION('',(0.,0.,1.));
#14376 = DIRECTION('',(1.,1.110223024625E-16,-0.));
#14377 = ORIENTED_EDGE('',*,*,#14378,.F.);
#14378 = EDGE_CURVE('',#14379,#14370,#14381,.T.);
#14379 = VERTEX_POINT('',#14380);
#14380 = CARTESIAN_POINT('',(97.748183896368,42.672085344171,0.));
#14381 = LINE('',#14382,#14383);
#14382 = CARTESIAN_POINT('',(97.748183896368,42.672085344171,0.));
#14383 = VECTOR('',#14384,1.);
#14384 = DIRECTION('',(0.,0.,1.));
#14385 = ORIENTED_EDGE('',*,*,#14386,.F.);
#14386 = EDGE_CURVE('',#14360,#14379,#14387,.T.);
#14387 = CIRCLE('',#14388,0.550012700025);
#14388 = AXIS2_PLACEMENT_3D('',#14389,#14390,#14391);
#14389 = CARTESIAN_POINT('',(98.298196596393,42.672085344171,0.));
#14390 = DIRECTION('',(0.,0.,1.));
#14391 = DIRECTION('',(1.,1.110223024625E-16,-0.));
#14392 = CYLINDRICAL_SURFACE('',#14393,0.550012700025);
#14393 = AXIS2_PLACEMENT_3D('',#14394,#14395,#14396);
#14394 = CARTESIAN_POINT('',(98.298196596393,42.672085344171,0.));
#14395 = DIRECTION('',(-0.,-0.,-1.));
#14396 = DIRECTION('',(1.,1.110223024625E-16,-0.));
#14397 = ADVANCED_FACE('',(#14398),#14416,.F.);
#14398 = FACE_BOUND('',#14399,.T.);
#14399 = EDGE_LOOP('',(#14400,#14401,#14408,#14409));
#14400 = ORIENTED_EDGE('',*,*,#14378,.T.);
#14401 = ORIENTED_EDGE('',*,*,#14402,.T.);
#14402 = EDGE_CURVE('',#14370,#14362,#14403,.T.);
#14403 = CIRCLE('',#14404,0.550012700025);
#14404 = AXIS2_PLACEMENT_3D('',#14405,#14406,#14407);
#14405 = CARTESIAN_POINT('',(98.298196596393,42.672085344171,
    1.600050800102));
#14406 = DIRECTION('',(0.,0.,1.));
#14407 = DIRECTION('',(-1.,-1.110223024625E-16,0.));
#14408 = ORIENTED_EDGE('',*,*,#14359,.F.);
#14409 = ORIENTED_EDGE('',*,*,#14410,.F.);
#14410 = EDGE_CURVE('',#14379,#14360,#14411,.T.);
#14411 = CIRCLE('',#14412,0.550012700025);
#14412 = AXIS2_PLACEMENT_3D('',#14413,#14414,#14415);
#14413 = CARTESIAN_POINT('',(98.298196596393,42.672085344171,0.));
#14414 = DIRECTION('',(0.,0.,1.));
#14415 = DIRECTION('',(-1.,-1.110223024625E-16,0.));
#14416 = CYLINDRICAL_SURFACE('',#14417,0.550012700025);
#14417 = AXIS2_PLACEMENT_3D('',#14418,#14419,#14420);
#14418 = CARTESIAN_POINT('',(98.298196596393,42.672085344171,0.));
#14419 = DIRECTION('',(-0.,-0.,-1.));
#14420 = DIRECTION('',(-1.,-1.110223024625E-16,0.));
#14421 = ADVANCED_FACE('',(#14422),#14456,.T.);
#14422 = FACE_BOUND('',#14423,.T.);
#14423 = EDGE_LOOP('',(#14424,#14434,#14442,#14450));
#14424 = ORIENTED_EDGE('',*,*,#14425,.T.);
#14425 = EDGE_CURVE('',#14426,#14428,#14430,.T.);
#14426 = VERTEX_POINT('',#14427);
#14427 = CARTESIAN_POINT('',(98.687223774448,75.872136144272,0.));
#14428 = VERTEX_POINT('',#14429);
#14429 = CARTESIAN_POINT('',(98.687223774448,75.872136144272,
    1.600050800102));
#14430 = LINE('',#14431,#14432);
#14431 = CARTESIAN_POINT('',(98.687223774448,75.872136144272,0.));
#14432 = VECTOR('',#14433,1.);
#14433 = DIRECTION('',(0.,0.,1.));
#14434 = ORIENTED_EDGE('',*,*,#14435,.T.);
#14435 = EDGE_CURVE('',#14428,#14436,#14438,.T.);
#14436 = VERTEX_POINT('',#14437);
#14437 = CARTESIAN_POINT('',(98.087223774448,75.872136144272,
    1.600050800102));
#14438 = LINE('',#14439,#14440);
#14439 = CARTESIAN_POINT('',(98.687223774448,75.872136144272,
    1.600050800102));
#14440 = VECTOR('',#14441,1.);
#14441 = DIRECTION('',(-1.,0.,0.));
#14442 = ORIENTED_EDGE('',*,*,#14443,.F.);
#14443 = EDGE_CURVE('',#14444,#14436,#14446,.T.);
#14444 = VERTEX_POINT('',#14445);
#14445 = CARTESIAN_POINT('',(98.087223774448,75.872136144272,0.));
#14446 = LINE('',#14447,#14448);
#14447 = CARTESIAN_POINT('',(98.087223774448,75.872136144272,0.));
#14448 = VECTOR('',#14449,1.);
#14449 = DIRECTION('',(0.,0.,1.));
#14450 = ORIENTED_EDGE('',*,*,#14451,.F.);
#14451 = EDGE_CURVE('',#14426,#14444,#14452,.T.);
#14452 = LINE('',#14453,#14454);
#14453 = CARTESIAN_POINT('',(98.687223774448,75.872136144272,0.));
#14454 = VECTOR('',#14455,1.);
#14455 = DIRECTION('',(-1.,0.,0.));
#14456 = PLANE('',#14457);
#14457 = AXIS2_PLACEMENT_3D('',#14458,#14459,#14460);
#14458 = CARTESIAN_POINT('',(98.687223774448,75.872136144272,0.));
#14459 = DIRECTION('',(0.,-1.,0.));
#14460 = DIRECTION('',(-1.,0.,0.));
#14461 = ADVANCED_FACE('',(#14462),#14489,.F.);
#14462 = FACE_BOUND('',#14463,.T.);
#14463 = EDGE_LOOP('',(#14464,#14465,#14474,#14482));
#14464 = ORIENTED_EDGE('',*,*,#14443,.T.);
#14465 = ORIENTED_EDGE('',*,*,#14466,.T.);
#14466 = EDGE_CURVE('',#14436,#14467,#14469,.T.);
#14467 = VERTEX_POINT('',#14468);
#14468 = CARTESIAN_POINT('',(98.087223774448,75.272136144272,
    1.600050800102));
#14469 = CIRCLE('',#14470,0.3);
#14470 = AXIS2_PLACEMENT_3D('',#14471,#14472,#14473);
#14471 = CARTESIAN_POINT('',(98.087223774448,75.572136144272,
    1.600050800102));
#14472 = DIRECTION('',(0.,0.,1.));
#14473 = DIRECTION('',(-1.110223024625E-16,1.,0.));
#14474 = ORIENTED_EDGE('',*,*,#14475,.F.);
#14475 = EDGE_CURVE('',#14476,#14467,#14478,.T.);
#14476 = VERTEX_POINT('',#14477);
#14477 = CARTESIAN_POINT('',(98.087223774448,75.272136144272,0.));
#14478 = LINE('',#14479,#14480);
#14479 = CARTESIAN_POINT('',(98.087223774448,75.272136144272,0.));
#14480 = VECTOR('',#14481,1.);
#14481 = DIRECTION('',(0.,0.,1.));
#14482 = ORIENTED_EDGE('',*,*,#14483,.F.);
#14483 = EDGE_CURVE('',#14444,#14476,#14484,.T.);
#14484 = CIRCLE('',#14485,0.3);
#14485 = AXIS2_PLACEMENT_3D('',#14486,#14487,#14488);
#14486 = CARTESIAN_POINT('',(98.087223774448,75.572136144272,0.));
#14487 = DIRECTION('',(0.,0.,1.));
#14488 = DIRECTION('',(-1.110223024625E-16,1.,0.));
#14489 = CYLINDRICAL_SURFACE('',#14490,0.3);
#14490 = AXIS2_PLACEMENT_3D('',#14491,#14492,#14493);
#14491 = CARTESIAN_POINT('',(98.087223774448,75.572136144272,0.));
#14492 = DIRECTION('',(-0.,-0.,-1.));
#14493 = DIRECTION('',(-1.110223024625E-16,1.,0.));
#14494 = ADVANCED_FACE('',(#14495),#14520,.T.);
#14495 = FACE_BOUND('',#14496,.T.);
#14496 = EDGE_LOOP('',(#14497,#14498,#14506,#14514));
#14497 = ORIENTED_EDGE('',*,*,#14475,.T.);
#14498 = ORIENTED_EDGE('',*,*,#14499,.T.);
#14499 = EDGE_CURVE('',#14467,#14500,#14502,.T.);
#14500 = VERTEX_POINT('',#14501);
#14501 = CARTESIAN_POINT('',(98.687223774448,75.272136144272,
    1.600050800102));
#14502 = LINE('',#14503,#14504);
#14503 = CARTESIAN_POINT('',(98.087223774448,75.272136144272,
    1.600050800102));
#14504 = VECTOR('',#14505,1.);
#14505 = DIRECTION('',(1.,-2.368475785867E-14,0.));
#14506 = ORIENTED_EDGE('',*,*,#14507,.F.);
#14507 = EDGE_CURVE('',#14508,#14500,#14510,.T.);
#14508 = VERTEX_POINT('',#14509);
#14509 = CARTESIAN_POINT('',(98.687223774448,75.272136144272,0.));
#14510 = LINE('',#14511,#14512);
#14511 = CARTESIAN_POINT('',(98.687223774448,75.272136144272,0.));
#14512 = VECTOR('',#14513,1.);
#14513 = DIRECTION('',(0.,0.,1.));
#14514 = ORIENTED_EDGE('',*,*,#14515,.F.);
#14515 = EDGE_CURVE('',#14476,#14508,#14516,.T.);
#14516 = LINE('',#14517,#14518);
#14517 = CARTESIAN_POINT('',(98.087223774448,75.272136144272,0.));
#14518 = VECTOR('',#14519,1.);
#14519 = DIRECTION('',(1.,-2.368475785867E-14,0.));
#14520 = PLANE('',#14521);
#14521 = AXIS2_PLACEMENT_3D('',#14522,#14523,#14524);
#14522 = CARTESIAN_POINT('',(98.087223774448,75.272136144272,0.));
#14523 = DIRECTION('',(2.368475785867E-14,1.,-0.));
#14524 = DIRECTION('',(1.,-2.368475785867E-14,0.));
#14525 = ADVANCED_FACE('',(#14526),#14544,.F.);
#14526 = FACE_BOUND('',#14527,.T.);
#14527 = EDGE_LOOP('',(#14528,#14529,#14536,#14537));
#14528 = ORIENTED_EDGE('',*,*,#14507,.T.);
#14529 = ORIENTED_EDGE('',*,*,#14530,.T.);
#14530 = EDGE_CURVE('',#14500,#14428,#14531,.T.);
#14531 = CIRCLE('',#14532,0.3);
#14532 = AXIS2_PLACEMENT_3D('',#14533,#14534,#14535);
#14533 = CARTESIAN_POINT('',(98.687223774448,75.572136144272,
    1.600050800102));
#14534 = DIRECTION('',(0.,0.,1.));
#14535 = DIRECTION('',(1.110223024625E-16,-1.,0.));
#14536 = ORIENTED_EDGE('',*,*,#14425,.F.);
#14537 = ORIENTED_EDGE('',*,*,#14538,.F.);
#14538 = EDGE_CURVE('',#14508,#14426,#14539,.T.);
#14539 = CIRCLE('',#14540,0.3);
#14540 = AXIS2_PLACEMENT_3D('',#14541,#14542,#14543);
#14541 = CARTESIAN_POINT('',(98.687223774448,75.572136144272,0.));
#14542 = DIRECTION('',(0.,0.,1.));
#14543 = DIRECTION('',(1.110223024625E-16,-1.,0.));
#14544 = CYLINDRICAL_SURFACE('',#14545,0.3);
#14545 = AXIS2_PLACEMENT_3D('',#14546,#14547,#14548);
#14546 = CARTESIAN_POINT('',(98.687223774448,75.572136144272,0.));
#14547 = DIRECTION('',(-0.,-0.,-1.));
#14548 = DIRECTION('',(1.110223024625E-16,-1.,0.));
#14549 = ADVANCED_FACE('',(#14550),#14584,.T.);
#14550 = FACE_BOUND('',#14551,.T.);
#14551 = EDGE_LOOP('',(#14552,#14562,#14570,#14578));
#14552 = ORIENTED_EDGE('',*,*,#14553,.T.);
#14553 = EDGE_CURVE('',#14554,#14556,#14558,.T.);
#14554 = VERTEX_POINT('',#14555);
#14555 = CARTESIAN_POINT('',(98.687223774448,67.222148844298,0.));
#14556 = VERTEX_POINT('',#14557);
#14557 = CARTESIAN_POINT('',(98.687223774448,67.222148844298,
    1.600050800102));
#14558 = LINE('',#14559,#14560);
#14559 = CARTESIAN_POINT('',(98.687223774448,67.222148844298,0.));
#14560 = VECTOR('',#14561,1.);
#14561 = DIRECTION('',(0.,0.,1.));
#14562 = ORIENTED_EDGE('',*,*,#14563,.T.);
#14563 = EDGE_CURVE('',#14556,#14564,#14566,.T.);
#14564 = VERTEX_POINT('',#14565);
#14565 = CARTESIAN_POINT('',(98.087223774448,67.222148844298,
    1.600050800102));
#14566 = LINE('',#14567,#14568);
#14567 = CARTESIAN_POINT('',(98.687223774448,67.222148844298,
    1.600050800102));
#14568 = VECTOR('',#14569,1.);
#14569 = DIRECTION('',(-1.,0.,0.));
#14570 = ORIENTED_EDGE('',*,*,#14571,.F.);
#14571 = EDGE_CURVE('',#14572,#14564,#14574,.T.);
#14572 = VERTEX_POINT('',#14573);
#14573 = CARTESIAN_POINT('',(98.087223774448,67.222148844298,0.));
#14574 = LINE('',#14575,#14576);
#14575 = CARTESIAN_POINT('',(98.087223774448,67.222148844298,0.));
#14576 = VECTOR('',#14577,1.);
#14577 = DIRECTION('',(0.,0.,1.));
#14578 = ORIENTED_EDGE('',*,*,#14579,.F.);
#14579 = EDGE_CURVE('',#14554,#14572,#14580,.T.);
#14580 = LINE('',#14581,#14582);
#14581 = CARTESIAN_POINT('',(98.687223774448,67.222148844298,0.));
#14582 = VECTOR('',#14583,1.);
#14583 = DIRECTION('',(-1.,0.,0.));
#14584 = PLANE('',#14585);
#14585 = AXIS2_PLACEMENT_3D('',#14586,#14587,#14588);
#14586 = CARTESIAN_POINT('',(98.687223774448,67.222148844298,0.));
#14587 = DIRECTION('',(0.,-1.,0.));
#14588 = DIRECTION('',(-1.,0.,0.));
#14589 = ADVANCED_FACE('',(#14590),#14617,.F.);
#14590 = FACE_BOUND('',#14591,.T.);
#14591 = EDGE_LOOP('',(#14592,#14593,#14602,#14610));
#14592 = ORIENTED_EDGE('',*,*,#14571,.T.);
#14593 = ORIENTED_EDGE('',*,*,#14594,.T.);
#14594 = EDGE_CURVE('',#14564,#14595,#14597,.T.);
#14595 = VERTEX_POINT('',#14596);
#14596 = CARTESIAN_POINT('',(98.087223774448,66.622148844298,
    1.600050800102));
#14597 = CIRCLE('',#14598,0.3);
#14598 = AXIS2_PLACEMENT_3D('',#14599,#14600,#14601);
#14599 = CARTESIAN_POINT('',(98.087223774448,66.922148844298,
    1.600050800102));
#14600 = DIRECTION('',(0.,0.,1.));
#14601 = DIRECTION('',(-1.110223024625E-16,1.,0.));
#14602 = ORIENTED_EDGE('',*,*,#14603,.F.);
#14603 = EDGE_CURVE('',#14604,#14595,#14606,.T.);
#14604 = VERTEX_POINT('',#14605);
#14605 = CARTESIAN_POINT('',(98.087223774448,66.622148844298,0.));
#14606 = LINE('',#14607,#14608);
#14607 = CARTESIAN_POINT('',(98.087223774448,66.622148844298,0.));
#14608 = VECTOR('',#14609,1.);
#14609 = DIRECTION('',(0.,0.,1.));
#14610 = ORIENTED_EDGE('',*,*,#14611,.F.);
#14611 = EDGE_CURVE('',#14572,#14604,#14612,.T.);
#14612 = CIRCLE('',#14613,0.3);
#14613 = AXIS2_PLACEMENT_3D('',#14614,#14615,#14616);
#14614 = CARTESIAN_POINT('',(98.087223774448,66.922148844298,0.));
#14615 = DIRECTION('',(0.,0.,1.));
#14616 = DIRECTION('',(-1.110223024625E-16,1.,0.));
#14617 = CYLINDRICAL_SURFACE('',#14618,0.3);
#14618 = AXIS2_PLACEMENT_3D('',#14619,#14620,#14621);
#14619 = CARTESIAN_POINT('',(98.087223774448,66.922148844298,0.));
#14620 = DIRECTION('',(-0.,-0.,-1.));
#14621 = DIRECTION('',(-1.110223024625E-16,1.,0.));
#14622 = ADVANCED_FACE('',(#14623),#14648,.T.);
#14623 = FACE_BOUND('',#14624,.T.);
#14624 = EDGE_LOOP('',(#14625,#14626,#14634,#14642));
#14625 = ORIENTED_EDGE('',*,*,#14603,.T.);
#14626 = ORIENTED_EDGE('',*,*,#14627,.T.);
#14627 = EDGE_CURVE('',#14595,#14628,#14630,.T.);
#14628 = VERTEX_POINT('',#14629);
#14629 = CARTESIAN_POINT('',(98.687223774448,66.622148844298,
    1.600050800102));
#14630 = LINE('',#14631,#14632);
#14631 = CARTESIAN_POINT('',(98.087223774448,66.622148844298,
    1.600050800102));
#14632 = VECTOR('',#14633,1.);
#14633 = DIRECTION('',(1.,-2.368475785867E-14,0.));
#14634 = ORIENTED_EDGE('',*,*,#14635,.F.);
#14635 = EDGE_CURVE('',#14636,#14628,#14638,.T.);
#14636 = VERTEX_POINT('',#14637);
#14637 = CARTESIAN_POINT('',(98.687223774448,66.622148844298,0.));
#14638 = LINE('',#14639,#14640);
#14639 = CARTESIAN_POINT('',(98.687223774448,66.622148844298,0.));
#14640 = VECTOR('',#14641,1.);
#14641 = DIRECTION('',(0.,0.,1.));
#14642 = ORIENTED_EDGE('',*,*,#14643,.F.);
#14643 = EDGE_CURVE('',#14604,#14636,#14644,.T.);
#14644 = LINE('',#14645,#14646);
#14645 = CARTESIAN_POINT('',(98.087223774448,66.622148844298,0.));
#14646 = VECTOR('',#14647,1.);
#14647 = DIRECTION('',(1.,-2.368475785867E-14,0.));
#14648 = PLANE('',#14649);
#14649 = AXIS2_PLACEMENT_3D('',#14650,#14651,#14652);
#14650 = CARTESIAN_POINT('',(98.087223774448,66.622148844298,0.));
#14651 = DIRECTION('',(2.368475785867E-14,1.,-0.));
#14652 = DIRECTION('',(1.,-2.368475785867E-14,0.));
#14653 = ADVANCED_FACE('',(#14654),#14672,.F.);
#14654 = FACE_BOUND('',#14655,.T.);
#14655 = EDGE_LOOP('',(#14656,#14657,#14664,#14665));
#14656 = ORIENTED_EDGE('',*,*,#14635,.T.);
#14657 = ORIENTED_EDGE('',*,*,#14658,.T.);
#14658 = EDGE_CURVE('',#14628,#14556,#14659,.T.);
#14659 = CIRCLE('',#14660,0.3);
#14660 = AXIS2_PLACEMENT_3D('',#14661,#14662,#14663);
#14661 = CARTESIAN_POINT('',(98.687223774448,66.922148844298,
    1.600050800102));
#14662 = DIRECTION('',(0.,0.,1.));
#14663 = DIRECTION('',(1.110223024625E-16,-1.,0.));
#14664 = ORIENTED_EDGE('',*,*,#14553,.F.);
#14665 = ORIENTED_EDGE('',*,*,#14666,.F.);
#14666 = EDGE_CURVE('',#14636,#14554,#14667,.T.);
#14667 = CIRCLE('',#14668,0.3);
#14668 = AXIS2_PLACEMENT_3D('',#14669,#14670,#14671);
#14669 = CARTESIAN_POINT('',(98.687223774448,66.922148844298,0.));
#14670 = DIRECTION('',(0.,0.,1.));
#14671 = DIRECTION('',(1.110223024625E-16,-1.,0.));
#14672 = CYLINDRICAL_SURFACE('',#14673,0.3);
#14673 = AXIS2_PLACEMENT_3D('',#14674,#14675,#14676);
#14674 = CARTESIAN_POINT('',(98.687223774448,66.922148844298,0.));
#14675 = DIRECTION('',(-0.,-0.,-1.));
#14676 = DIRECTION('',(1.110223024625E-16,-1.,0.));
#14677 = ADVANCED_FACE('',(#14678,#14688,#14692,#14696,#14700,#14704,
    #14708,#14712,#14716,#14720,#14724,#14728,#14732,#14736,#14740,
    #14744,#14748,#14752,#14756,#14760,#14764,#14768,#14772,#14776,
    #14780,#14784,#14788,#14792,#14796,#14800,#14804,#14808,#14814,
    #14820,#14826,#14832,#14838,#14844,#14848,#14852,#14856,#14860,
    #14864,#14868,#14872,#14876,#14882,#14888,#14894,#14900,#14906,
    #14912,#14916,#14920,#14924,#14928,#14932,#14936,#14940,#14944,
    #14948,#14952,#14958,#14964,#14970,#14974,#14978,#14982,#14986,
    #14990,#14994,#15000,#15006,#15010,#15014,#15018,#15022,#15026,
    #15030,#15034,#15038,#15042,#15046,#15050,#15054,#15058,#15062,
    #15066,#15070,#15074,#15078,#15082,#15086,#15090,#15094,#15098,
    #15102,#15106,#15110,#15114,#15118,#15122,#15126,#15130,#15134,
    #15138,#15142,#15146,#15150,#15154,#15158,#15162,#15166,#15170,
    #15174,#15178,#15182,#15186,#15190,#15194,#15198,#15202,#15206,
    #15210,#15214,#15218,#15222,#15226,#15230,#15234,#15238,#15242,
    #15246,#15250,#15254,#15258,#15262,#15266,#15270,#15274,#15278,
    #15282,#15286,#15290,#15294,#15298,#15302,#15306,#15310,#15314,
    #15318,#15322,#15326,#15330,#15334,#15338,#15342,#15346,#15350,
    #15354,#15358,#15362,#15366,#15370,#15374,#15378,#15382,#15386,
    #15390,#15394,#15398,#15402,#15406,#15410,#15414,#15418,#15422,
    #15426,#15430,#15434,#15438,#15442,#15448,#15454,#15458,#15462,
    #15466,#15470,#15474,#15478,#15482,#15486,#15490,#15494,#15498,
    #15502,#15506,#15510,#15516),#15522,.T.);
#14678 = FACE_BOUND('',#14679,.T.);
#14679 = EDGE_LOOP('',(#14680,#14681,#14682,#14683,#14684,#14685,#14686,
    #14687));
#14680 = ORIENTED_EDGE('',*,*,#82,.T.);
#14681 = ORIENTED_EDGE('',*,*,#114,.T.);
#14682 = ORIENTED_EDGE('',*,*,#146,.T.);
#14683 = ORIENTED_EDGE('',*,*,#178,.T.);
#14684 = ORIENTED_EDGE('',*,*,#210,.T.);
#14685 = ORIENTED_EDGE('',*,*,#242,.T.);
#14686 = ORIENTED_EDGE('',*,*,#274,.T.);
#14687 = ORIENTED_EDGE('',*,*,#297,.T.);
#14688 = FACE_BOUND('',#14689,.T.);
#14689 = EDGE_LOOP('',(#14690,#14691));
#14690 = ORIENTED_EDGE('',*,*,#338,.T.);
#14691 = ORIENTED_EDGE('',*,*,#362,.T.);
#14692 = FACE_BOUND('',#14693,.T.);
#14693 = EDGE_LOOP('',(#14694,#14695));
#14694 = ORIENTED_EDGE('',*,*,#404,.T.);
#14695 = ORIENTED_EDGE('',*,*,#428,.T.);
#14696 = FACE_BOUND('',#14697,.T.);
#14697 = EDGE_LOOP('',(#14698,#14699));
#14698 = ORIENTED_EDGE('',*,*,#470,.T.);
#14699 = ORIENTED_EDGE('',*,*,#494,.T.);
#14700 = FACE_BOUND('',#14701,.T.);
#14701 = EDGE_LOOP('',(#14702,#14703));
#14702 = ORIENTED_EDGE('',*,*,#536,.T.);
#14703 = ORIENTED_EDGE('',*,*,#560,.T.);
#14704 = FACE_BOUND('',#14705,.T.);
#14705 = EDGE_LOOP('',(#14706,#14707));
#14706 = ORIENTED_EDGE('',*,*,#602,.T.);
#14707 = ORIENTED_EDGE('',*,*,#626,.T.);
#14708 = FACE_BOUND('',#14709,.T.);
#14709 = EDGE_LOOP('',(#14710,#14711));
#14710 = ORIENTED_EDGE('',*,*,#668,.T.);
#14711 = ORIENTED_EDGE('',*,*,#692,.T.);
#14712 = FACE_BOUND('',#14713,.T.);
#14713 = EDGE_LOOP('',(#14714,#14715));
#14714 = ORIENTED_EDGE('',*,*,#734,.T.);
#14715 = ORIENTED_EDGE('',*,*,#758,.T.);
#14716 = FACE_BOUND('',#14717,.T.);
#14717 = EDGE_LOOP('',(#14718,#14719));
#14718 = ORIENTED_EDGE('',*,*,#800,.T.);
#14719 = ORIENTED_EDGE('',*,*,#824,.T.);
#14720 = FACE_BOUND('',#14721,.T.);
#14721 = EDGE_LOOP('',(#14722,#14723));
#14722 = ORIENTED_EDGE('',*,*,#866,.T.);
#14723 = ORIENTED_EDGE('',*,*,#890,.T.);
#14724 = FACE_BOUND('',#14725,.T.);
#14725 = EDGE_LOOP('',(#14726,#14727));
#14726 = ORIENTED_EDGE('',*,*,#932,.T.);
#14727 = ORIENTED_EDGE('',*,*,#956,.T.);
#14728 = FACE_BOUND('',#14729,.T.);
#14729 = EDGE_LOOP('',(#14730,#14731));
#14730 = ORIENTED_EDGE('',*,*,#998,.T.);
#14731 = ORIENTED_EDGE('',*,*,#1022,.T.);
#14732 = FACE_BOUND('',#14733,.T.);
#14733 = EDGE_LOOP('',(#14734,#14735));
#14734 = ORIENTED_EDGE('',*,*,#1064,.T.);
#14735 = ORIENTED_EDGE('',*,*,#1088,.T.);
#14736 = FACE_BOUND('',#14737,.T.);
#14737 = EDGE_LOOP('',(#14738,#14739));
#14738 = ORIENTED_EDGE('',*,*,#1130,.T.);
#14739 = ORIENTED_EDGE('',*,*,#1154,.T.);
#14740 = FACE_BOUND('',#14741,.T.);
#14741 = EDGE_LOOP('',(#14742,#14743));
#14742 = ORIENTED_EDGE('',*,*,#1196,.T.);
#14743 = ORIENTED_EDGE('',*,*,#1220,.T.);
#14744 = FACE_BOUND('',#14745,.T.);
#14745 = EDGE_LOOP('',(#14746,#14747));
#14746 = ORIENTED_EDGE('',*,*,#1262,.T.);
#14747 = ORIENTED_EDGE('',*,*,#1286,.T.);
#14748 = FACE_BOUND('',#14749,.T.);
#14749 = EDGE_LOOP('',(#14750,#14751));
#14750 = ORIENTED_EDGE('',*,*,#1328,.T.);
#14751 = ORIENTED_EDGE('',*,*,#1352,.T.);
#14752 = FACE_BOUND('',#14753,.T.);
#14753 = EDGE_LOOP('',(#14754,#14755));
#14754 = ORIENTED_EDGE('',*,*,#1394,.T.);
#14755 = ORIENTED_EDGE('',*,*,#1418,.T.);
#14756 = FACE_BOUND('',#14757,.T.);
#14757 = EDGE_LOOP('',(#14758,#14759));
#14758 = ORIENTED_EDGE('',*,*,#1460,.T.);
#14759 = ORIENTED_EDGE('',*,*,#1484,.T.);
#14760 = FACE_BOUND('',#14761,.T.);
#14761 = EDGE_LOOP('',(#14762,#14763));
#14762 = ORIENTED_EDGE('',*,*,#1526,.T.);
#14763 = ORIENTED_EDGE('',*,*,#1550,.T.);
#14764 = FACE_BOUND('',#14765,.T.);
#14765 = EDGE_LOOP('',(#14766,#14767));
#14766 = ORIENTED_EDGE('',*,*,#1592,.T.);
#14767 = ORIENTED_EDGE('',*,*,#1616,.T.);
#14768 = FACE_BOUND('',#14769,.T.);
#14769 = EDGE_LOOP('',(#14770,#14771));
#14770 = ORIENTED_EDGE('',*,*,#1658,.T.);
#14771 = ORIENTED_EDGE('',*,*,#1682,.T.);
#14772 = FACE_BOUND('',#14773,.T.);
#14773 = EDGE_LOOP('',(#14774,#14775));
#14774 = ORIENTED_EDGE('',*,*,#1724,.T.);
#14775 = ORIENTED_EDGE('',*,*,#1748,.T.);
#14776 = FACE_BOUND('',#14777,.T.);
#14777 = EDGE_LOOP('',(#14778,#14779));
#14778 = ORIENTED_EDGE('',*,*,#1790,.T.);
#14779 = ORIENTED_EDGE('',*,*,#1814,.T.);
#14780 = FACE_BOUND('',#14781,.T.);
#14781 = EDGE_LOOP('',(#14782,#14783));
#14782 = ORIENTED_EDGE('',*,*,#1856,.T.);
#14783 = ORIENTED_EDGE('',*,*,#1880,.T.);
#14784 = FACE_BOUND('',#14785,.T.);
#14785 = EDGE_LOOP('',(#14786,#14787));
#14786 = ORIENTED_EDGE('',*,*,#1922,.T.);
#14787 = ORIENTED_EDGE('',*,*,#1946,.T.);
#14788 = FACE_BOUND('',#14789,.T.);
#14789 = EDGE_LOOP('',(#14790,#14791));
#14790 = ORIENTED_EDGE('',*,*,#1988,.T.);
#14791 = ORIENTED_EDGE('',*,*,#2012,.T.);
#14792 = FACE_BOUND('',#14793,.T.);
#14793 = EDGE_LOOP('',(#14794,#14795));
#14794 = ORIENTED_EDGE('',*,*,#2054,.T.);
#14795 = ORIENTED_EDGE('',*,*,#2078,.T.);
#14796 = FACE_BOUND('',#14797,.T.);
#14797 = EDGE_LOOP('',(#14798,#14799));
#14798 = ORIENTED_EDGE('',*,*,#2120,.T.);
#14799 = ORIENTED_EDGE('',*,*,#2144,.T.);
#14800 = FACE_BOUND('',#14801,.T.);
#14801 = EDGE_LOOP('',(#14802,#14803));
#14802 = ORIENTED_EDGE('',*,*,#2186,.T.);
#14803 = ORIENTED_EDGE('',*,*,#2210,.T.);
#14804 = FACE_BOUND('',#14805,.T.);
#14805 = EDGE_LOOP('',(#14806,#14807));
#14806 = ORIENTED_EDGE('',*,*,#2252,.T.);
#14807 = ORIENTED_EDGE('',*,*,#2276,.T.);
#14808 = FACE_BOUND('',#14809,.T.);
#14809 = EDGE_LOOP('',(#14810,#14811,#14812,#14813));
#14810 = ORIENTED_EDGE('',*,*,#2317,.T.);
#14811 = ORIENTED_EDGE('',*,*,#2349,.T.);
#14812 = ORIENTED_EDGE('',*,*,#2381,.T.);
#14813 = ORIENTED_EDGE('',*,*,#2404,.T.);
#14814 = FACE_BOUND('',#14815,.T.);
#14815 = EDGE_LOOP('',(#14816,#14817,#14818,#14819));
#14816 = ORIENTED_EDGE('',*,*,#2445,.T.);
#14817 = ORIENTED_EDGE('',*,*,#2477,.T.);
#14818 = ORIENTED_EDGE('',*,*,#2509,.T.);
#14819 = ORIENTED_EDGE('',*,*,#2532,.T.);
#14820 = FACE_BOUND('',#14821,.T.);
#14821 = EDGE_LOOP('',(#14822,#14823,#14824,#14825));
#14822 = ORIENTED_EDGE('',*,*,#2573,.T.);
#14823 = ORIENTED_EDGE('',*,*,#2605,.T.);
#14824 = ORIENTED_EDGE('',*,*,#2637,.T.);
#14825 = ORIENTED_EDGE('',*,*,#2660,.T.);
#14826 = FACE_BOUND('',#14827,.T.);
#14827 = EDGE_LOOP('',(#14828,#14829,#14830,#14831));
#14828 = ORIENTED_EDGE('',*,*,#2701,.T.);
#14829 = ORIENTED_EDGE('',*,*,#2733,.T.);
#14830 = ORIENTED_EDGE('',*,*,#2765,.T.);
#14831 = ORIENTED_EDGE('',*,*,#2788,.T.);
#14832 = FACE_BOUND('',#14833,.T.);
#14833 = EDGE_LOOP('',(#14834,#14835,#14836,#14837));
#14834 = ORIENTED_EDGE('',*,*,#2829,.T.);
#14835 = ORIENTED_EDGE('',*,*,#2861,.T.);
#14836 = ORIENTED_EDGE('',*,*,#2893,.T.);
#14837 = ORIENTED_EDGE('',*,*,#2916,.T.);
#14838 = FACE_BOUND('',#14839,.T.);
#14839 = EDGE_LOOP('',(#14840,#14841,#14842,#14843));
#14840 = ORIENTED_EDGE('',*,*,#2957,.T.);
#14841 = ORIENTED_EDGE('',*,*,#2989,.T.);
#14842 = ORIENTED_EDGE('',*,*,#3021,.T.);
#14843 = ORIENTED_EDGE('',*,*,#3044,.T.);
#14844 = FACE_BOUND('',#14845,.T.);
#14845 = EDGE_LOOP('',(#14846,#14847));
#14846 = ORIENTED_EDGE('',*,*,#3086,.T.);
#14847 = ORIENTED_EDGE('',*,*,#3110,.T.);
#14848 = FACE_BOUND('',#14849,.T.);
#14849 = EDGE_LOOP('',(#14850,#14851));
#14850 = ORIENTED_EDGE('',*,*,#3152,.T.);
#14851 = ORIENTED_EDGE('',*,*,#3176,.T.);
#14852 = FACE_BOUND('',#14853,.T.);
#14853 = EDGE_LOOP('',(#14854,#14855));
#14854 = ORIENTED_EDGE('',*,*,#3218,.T.);
#14855 = ORIENTED_EDGE('',*,*,#3242,.T.);
#14856 = FACE_BOUND('',#14857,.T.);
#14857 = EDGE_LOOP('',(#14858,#14859));
#14858 = ORIENTED_EDGE('',*,*,#3284,.T.);
#14859 = ORIENTED_EDGE('',*,*,#3308,.T.);
#14860 = FACE_BOUND('',#14861,.T.);
#14861 = EDGE_LOOP('',(#14862,#14863));
#14862 = ORIENTED_EDGE('',*,*,#3350,.T.);
#14863 = ORIENTED_EDGE('',*,*,#3374,.T.);
#14864 = FACE_BOUND('',#14865,.T.);
#14865 = EDGE_LOOP('',(#14866,#14867));
#14866 = ORIENTED_EDGE('',*,*,#3416,.T.);
#14867 = ORIENTED_EDGE('',*,*,#3440,.T.);
#14868 = FACE_BOUND('',#14869,.T.);
#14869 = EDGE_LOOP('',(#14870,#14871));
#14870 = ORIENTED_EDGE('',*,*,#3482,.T.);
#14871 = ORIENTED_EDGE('',*,*,#3506,.T.);
#14872 = FACE_BOUND('',#14873,.T.);
#14873 = EDGE_LOOP('',(#14874,#14875));
#14874 = ORIENTED_EDGE('',*,*,#3548,.T.);
#14875 = ORIENTED_EDGE('',*,*,#3572,.T.);
#14876 = FACE_BOUND('',#14877,.T.);
#14877 = EDGE_LOOP('',(#14878,#14879,#14880,#14881));
#14878 = ORIENTED_EDGE('',*,*,#3613,.T.);
#14879 = ORIENTED_EDGE('',*,*,#3645,.T.);
#14880 = ORIENTED_EDGE('',*,*,#3677,.T.);
#14881 = ORIENTED_EDGE('',*,*,#3700,.T.);
#14882 = FACE_BOUND('',#14883,.T.);
#14883 = EDGE_LOOP('',(#14884,#14885,#14886,#14887));
#14884 = ORIENTED_EDGE('',*,*,#3741,.T.);
#14885 = ORIENTED_EDGE('',*,*,#3773,.T.);
#14886 = ORIENTED_EDGE('',*,*,#3805,.T.);
#14887 = ORIENTED_EDGE('',*,*,#3828,.T.);
#14888 = FACE_BOUND('',#14889,.T.);
#14889 = EDGE_LOOP('',(#14890,#14891,#14892,#14893));
#14890 = ORIENTED_EDGE('',*,*,#3869,.T.);
#14891 = ORIENTED_EDGE('',*,*,#3901,.T.);
#14892 = ORIENTED_EDGE('',*,*,#3933,.T.);
#14893 = ORIENTED_EDGE('',*,*,#3956,.T.);
#14894 = FACE_BOUND('',#14895,.T.);
#14895 = EDGE_LOOP('',(#14896,#14897,#14898,#14899));
#14896 = ORIENTED_EDGE('',*,*,#3997,.T.);
#14897 = ORIENTED_EDGE('',*,*,#4029,.T.);
#14898 = ORIENTED_EDGE('',*,*,#4061,.T.);
#14899 = ORIENTED_EDGE('',*,*,#4084,.T.);
#14900 = FACE_BOUND('',#14901,.T.);
#14901 = EDGE_LOOP('',(#14902,#14903,#14904,#14905));
#14902 = ORIENTED_EDGE('',*,*,#4125,.T.);
#14903 = ORIENTED_EDGE('',*,*,#4157,.T.);
#14904 = ORIENTED_EDGE('',*,*,#4189,.T.);
#14905 = ORIENTED_EDGE('',*,*,#4212,.T.);
#14906 = FACE_BOUND('',#14907,.T.);
#14907 = EDGE_LOOP('',(#14908,#14909,#14910,#14911));
#14908 = ORIENTED_EDGE('',*,*,#4253,.T.);
#14909 = ORIENTED_EDGE('',*,*,#4285,.T.);
#14910 = ORIENTED_EDGE('',*,*,#4317,.T.);
#14911 = ORIENTED_EDGE('',*,*,#4340,.T.);
#14912 = FACE_BOUND('',#14913,.T.);
#14913 = EDGE_LOOP('',(#14914,#14915));
#14914 = ORIENTED_EDGE('',*,*,#4382,.T.);
#14915 = ORIENTED_EDGE('',*,*,#4406,.T.);
#14916 = FACE_BOUND('',#14917,.T.);
#14917 = EDGE_LOOP('',(#14918,#14919));
#14918 = ORIENTED_EDGE('',*,*,#4448,.T.);
#14919 = ORIENTED_EDGE('',*,*,#4472,.T.);
#14920 = FACE_BOUND('',#14921,.T.);
#14921 = EDGE_LOOP('',(#14922,#14923));
#14922 = ORIENTED_EDGE('',*,*,#4514,.T.);
#14923 = ORIENTED_EDGE('',*,*,#4538,.T.);
#14924 = FACE_BOUND('',#14925,.T.);
#14925 = EDGE_LOOP('',(#14926,#14927));
#14926 = ORIENTED_EDGE('',*,*,#4580,.T.);
#14927 = ORIENTED_EDGE('',*,*,#4604,.T.);
#14928 = FACE_BOUND('',#14929,.T.);
#14929 = EDGE_LOOP('',(#14930,#14931));
#14930 = ORIENTED_EDGE('',*,*,#4646,.T.);
#14931 = ORIENTED_EDGE('',*,*,#4670,.T.);
#14932 = FACE_BOUND('',#14933,.T.);
#14933 = EDGE_LOOP('',(#14934,#14935));
#14934 = ORIENTED_EDGE('',*,*,#4712,.T.);
#14935 = ORIENTED_EDGE('',*,*,#4736,.T.);
#14936 = FACE_BOUND('',#14937,.T.);
#14937 = EDGE_LOOP('',(#14938,#14939));
#14938 = ORIENTED_EDGE('',*,*,#4778,.T.);
#14939 = ORIENTED_EDGE('',*,*,#4802,.T.);
#14940 = FACE_BOUND('',#14941,.T.);
#14941 = EDGE_LOOP('',(#14942,#14943));
#14942 = ORIENTED_EDGE('',*,*,#4844,.T.);
#14943 = ORIENTED_EDGE('',*,*,#4868,.T.);
#14944 = FACE_BOUND('',#14945,.T.);
#14945 = EDGE_LOOP('',(#14946,#14947));
#14946 = ORIENTED_EDGE('',*,*,#4910,.T.);
#14947 = ORIENTED_EDGE('',*,*,#4934,.T.);
#14948 = FACE_BOUND('',#14949,.T.);
#14949 = EDGE_LOOP('',(#14950,#14951));
#14950 = ORIENTED_EDGE('',*,*,#4976,.T.);
#14951 = ORIENTED_EDGE('',*,*,#5000,.T.);
#14952 = FACE_BOUND('',#14953,.T.);
#14953 = EDGE_LOOP('',(#14954,#14955,#14956,#14957));
#14954 = ORIENTED_EDGE('',*,*,#5041,.T.);
#14955 = ORIENTED_EDGE('',*,*,#5073,.T.);
#14956 = ORIENTED_EDGE('',*,*,#5105,.T.);
#14957 = ORIENTED_EDGE('',*,*,#5128,.T.);
#14958 = FACE_BOUND('',#14959,.T.);
#14959 = EDGE_LOOP('',(#14960,#14961,#14962,#14963));
#14960 = ORIENTED_EDGE('',*,*,#5169,.T.);
#14961 = ORIENTED_EDGE('',*,*,#5201,.T.);
#14962 = ORIENTED_EDGE('',*,*,#5233,.T.);
#14963 = ORIENTED_EDGE('',*,*,#5256,.T.);
#14964 = FACE_BOUND('',#14965,.T.);
#14965 = EDGE_LOOP('',(#14966,#14967,#14968,#14969));
#14966 = ORIENTED_EDGE('',*,*,#5297,.T.);
#14967 = ORIENTED_EDGE('',*,*,#5329,.T.);
#14968 = ORIENTED_EDGE('',*,*,#5361,.T.);
#14969 = ORIENTED_EDGE('',*,*,#5384,.T.);
#14970 = FACE_BOUND('',#14971,.T.);
#14971 = EDGE_LOOP('',(#14972,#14973));
#14972 = ORIENTED_EDGE('',*,*,#5426,.T.);
#14973 = ORIENTED_EDGE('',*,*,#5450,.T.);
#14974 = FACE_BOUND('',#14975,.T.);
#14975 = EDGE_LOOP('',(#14976,#14977));
#14976 = ORIENTED_EDGE('',*,*,#5492,.T.);
#14977 = ORIENTED_EDGE('',*,*,#5516,.T.);
#14978 = FACE_BOUND('',#14979,.T.);
#14979 = EDGE_LOOP('',(#14980,#14981));
#14980 = ORIENTED_EDGE('',*,*,#5558,.T.);
#14981 = ORIENTED_EDGE('',*,*,#5582,.T.);
#14982 = FACE_BOUND('',#14983,.T.);
#14983 = EDGE_LOOP('',(#14984,#14985));
#14984 = ORIENTED_EDGE('',*,*,#5624,.T.);
#14985 = ORIENTED_EDGE('',*,*,#5648,.T.);
#14986 = FACE_BOUND('',#14987,.T.);
#14987 = EDGE_LOOP('',(#14988,#14989));
#14988 = ORIENTED_EDGE('',*,*,#5690,.T.);
#14989 = ORIENTED_EDGE('',*,*,#5714,.T.);
#14990 = FACE_BOUND('',#14991,.T.);
#14991 = EDGE_LOOP('',(#14992,#14993));
#14992 = ORIENTED_EDGE('',*,*,#5756,.T.);
#14993 = ORIENTED_EDGE('',*,*,#5780,.T.);
#14994 = FACE_BOUND('',#14995,.T.);
#14995 = EDGE_LOOP('',(#14996,#14997,#14998,#14999));
#14996 = ORIENTED_EDGE('',*,*,#5821,.T.);
#14997 = ORIENTED_EDGE('',*,*,#5853,.T.);
#14998 = ORIENTED_EDGE('',*,*,#5885,.T.);
#14999 = ORIENTED_EDGE('',*,*,#5908,.T.);
#15000 = FACE_BOUND('',#15001,.T.);
#15001 = EDGE_LOOP('',(#15002,#15003,#15004,#15005));
#15002 = ORIENTED_EDGE('',*,*,#5949,.T.);
#15003 = ORIENTED_EDGE('',*,*,#5981,.T.);
#15004 = ORIENTED_EDGE('',*,*,#6013,.T.);
#15005 = ORIENTED_EDGE('',*,*,#6036,.T.);
#15006 = FACE_BOUND('',#15007,.T.);
#15007 = EDGE_LOOP('',(#15008,#15009));
#15008 = ORIENTED_EDGE('',*,*,#6078,.T.);
#15009 = ORIENTED_EDGE('',*,*,#6102,.T.);
#15010 = FACE_BOUND('',#15011,.T.);
#15011 = EDGE_LOOP('',(#15012,#15013));
#15012 = ORIENTED_EDGE('',*,*,#6144,.T.);
#15013 = ORIENTED_EDGE('',*,*,#6168,.T.);
#15014 = FACE_BOUND('',#15015,.T.);
#15015 = EDGE_LOOP('',(#15016,#15017));
#15016 = ORIENTED_EDGE('',*,*,#6210,.T.);
#15017 = ORIENTED_EDGE('',*,*,#6234,.T.);
#15018 = FACE_BOUND('',#15019,.T.);
#15019 = EDGE_LOOP('',(#15020,#15021));
#15020 = ORIENTED_EDGE('',*,*,#6276,.T.);
#15021 = ORIENTED_EDGE('',*,*,#6300,.T.);
#15022 = FACE_BOUND('',#15023,.T.);
#15023 = EDGE_LOOP('',(#15024,#15025));
#15024 = ORIENTED_EDGE('',*,*,#6342,.T.);
#15025 = ORIENTED_EDGE('',*,*,#6366,.T.);
#15026 = FACE_BOUND('',#15027,.T.);
#15027 = EDGE_LOOP('',(#15028,#15029));
#15028 = ORIENTED_EDGE('',*,*,#6408,.T.);
#15029 = ORIENTED_EDGE('',*,*,#6432,.T.);
#15030 = FACE_BOUND('',#15031,.T.);
#15031 = EDGE_LOOP('',(#15032,#15033));
#15032 = ORIENTED_EDGE('',*,*,#6474,.T.);
#15033 = ORIENTED_EDGE('',*,*,#6498,.T.);
#15034 = FACE_BOUND('',#15035,.T.);
#15035 = EDGE_LOOP('',(#15036,#15037));
#15036 = ORIENTED_EDGE('',*,*,#6540,.T.);
#15037 = ORIENTED_EDGE('',*,*,#6564,.T.);
#15038 = FACE_BOUND('',#15039,.T.);
#15039 = EDGE_LOOP('',(#15040,#15041));
#15040 = ORIENTED_EDGE('',*,*,#6606,.T.);
#15041 = ORIENTED_EDGE('',*,*,#6630,.T.);
#15042 = FACE_BOUND('',#15043,.T.);
#15043 = EDGE_LOOP('',(#15044,#15045));
#15044 = ORIENTED_EDGE('',*,*,#6672,.T.);
#15045 = ORIENTED_EDGE('',*,*,#6696,.T.);
#15046 = FACE_BOUND('',#15047,.T.);
#15047 = EDGE_LOOP('',(#15048,#15049));
#15048 = ORIENTED_EDGE('',*,*,#6738,.T.);
#15049 = ORIENTED_EDGE('',*,*,#6762,.T.);
#15050 = FACE_BOUND('',#15051,.T.);
#15051 = EDGE_LOOP('',(#15052,#15053));
#15052 = ORIENTED_EDGE('',*,*,#6804,.T.);
#15053 = ORIENTED_EDGE('',*,*,#6828,.T.);
#15054 = FACE_BOUND('',#15055,.T.);
#15055 = EDGE_LOOP('',(#15056,#15057));
#15056 = ORIENTED_EDGE('',*,*,#6870,.T.);
#15057 = ORIENTED_EDGE('',*,*,#6894,.T.);
#15058 = FACE_BOUND('',#15059,.T.);
#15059 = EDGE_LOOP('',(#15060,#15061));
#15060 = ORIENTED_EDGE('',*,*,#6936,.T.);
#15061 = ORIENTED_EDGE('',*,*,#6960,.T.);
#15062 = FACE_BOUND('',#15063,.T.);
#15063 = EDGE_LOOP('',(#15064,#15065));
#15064 = ORIENTED_EDGE('',*,*,#7002,.T.);
#15065 = ORIENTED_EDGE('',*,*,#7026,.T.);
#15066 = FACE_BOUND('',#15067,.T.);
#15067 = EDGE_LOOP('',(#15068,#15069));
#15068 = ORIENTED_EDGE('',*,*,#7068,.T.);
#15069 = ORIENTED_EDGE('',*,*,#7092,.T.);
#15070 = FACE_BOUND('',#15071,.T.);
#15071 = EDGE_LOOP('',(#15072,#15073));
#15072 = ORIENTED_EDGE('',*,*,#7134,.T.);
#15073 = ORIENTED_EDGE('',*,*,#7158,.T.);
#15074 = FACE_BOUND('',#15075,.T.);
#15075 = EDGE_LOOP('',(#15076,#15077));
#15076 = ORIENTED_EDGE('',*,*,#7200,.T.);
#15077 = ORIENTED_EDGE('',*,*,#7224,.T.);
#15078 = FACE_BOUND('',#15079,.T.);
#15079 = EDGE_LOOP('',(#15080,#15081));
#15080 = ORIENTED_EDGE('',*,*,#7266,.T.);
#15081 = ORIENTED_EDGE('',*,*,#7290,.T.);
#15082 = FACE_BOUND('',#15083,.T.);
#15083 = EDGE_LOOP('',(#15084,#15085));
#15084 = ORIENTED_EDGE('',*,*,#7332,.T.);
#15085 = ORIENTED_EDGE('',*,*,#7356,.T.);
#15086 = FACE_BOUND('',#15087,.T.);
#15087 = EDGE_LOOP('',(#15088,#15089));
#15088 = ORIENTED_EDGE('',*,*,#7398,.T.);
#15089 = ORIENTED_EDGE('',*,*,#7422,.T.);
#15090 = FACE_BOUND('',#15091,.T.);
#15091 = EDGE_LOOP('',(#15092,#15093));
#15092 = ORIENTED_EDGE('',*,*,#7464,.T.);
#15093 = ORIENTED_EDGE('',*,*,#7488,.T.);
#15094 = FACE_BOUND('',#15095,.T.);
#15095 = EDGE_LOOP('',(#15096,#15097));
#15096 = ORIENTED_EDGE('',*,*,#7530,.T.);
#15097 = ORIENTED_EDGE('',*,*,#7554,.T.);
#15098 = FACE_BOUND('',#15099,.T.);
#15099 = EDGE_LOOP('',(#15100,#15101));
#15100 = ORIENTED_EDGE('',*,*,#7596,.T.);
#15101 = ORIENTED_EDGE('',*,*,#7620,.T.);
#15102 = FACE_BOUND('',#15103,.T.);
#15103 = EDGE_LOOP('',(#15104,#15105));
#15104 = ORIENTED_EDGE('',*,*,#7662,.T.);
#15105 = ORIENTED_EDGE('',*,*,#7686,.T.);
#15106 = FACE_BOUND('',#15107,.T.);
#15107 = EDGE_LOOP('',(#15108,#15109));
#15108 = ORIENTED_EDGE('',*,*,#7728,.T.);
#15109 = ORIENTED_EDGE('',*,*,#7752,.T.);
#15110 = FACE_BOUND('',#15111,.T.);
#15111 = EDGE_LOOP('',(#15112,#15113));
#15112 = ORIENTED_EDGE('',*,*,#7794,.T.);
#15113 = ORIENTED_EDGE('',*,*,#7818,.T.);
#15114 = FACE_BOUND('',#15115,.T.);
#15115 = EDGE_LOOP('',(#15116,#15117));
#15116 = ORIENTED_EDGE('',*,*,#7860,.T.);
#15117 = ORIENTED_EDGE('',*,*,#7884,.T.);
#15118 = FACE_BOUND('',#15119,.T.);
#15119 = EDGE_LOOP('',(#15120,#15121));
#15120 = ORIENTED_EDGE('',*,*,#7926,.T.);
#15121 = ORIENTED_EDGE('',*,*,#7950,.T.);
#15122 = FACE_BOUND('',#15123,.T.);
#15123 = EDGE_LOOP('',(#15124,#15125));
#15124 = ORIENTED_EDGE('',*,*,#7992,.T.);
#15125 = ORIENTED_EDGE('',*,*,#8016,.T.);
#15126 = FACE_BOUND('',#15127,.T.);
#15127 = EDGE_LOOP('',(#15128,#15129));
#15128 = ORIENTED_EDGE('',*,*,#8058,.T.);
#15129 = ORIENTED_EDGE('',*,*,#8082,.T.);
#15130 = FACE_BOUND('',#15131,.T.);
#15131 = EDGE_LOOP('',(#15132,#15133));
#15132 = ORIENTED_EDGE('',*,*,#8124,.T.);
#15133 = ORIENTED_EDGE('',*,*,#8148,.T.);
#15134 = FACE_BOUND('',#15135,.T.);
#15135 = EDGE_LOOP('',(#15136,#15137));
#15136 = ORIENTED_EDGE('',*,*,#8190,.T.);
#15137 = ORIENTED_EDGE('',*,*,#8214,.T.);
#15138 = FACE_BOUND('',#15139,.T.);
#15139 = EDGE_LOOP('',(#15140,#15141));
#15140 = ORIENTED_EDGE('',*,*,#8256,.T.);
#15141 = ORIENTED_EDGE('',*,*,#8280,.T.);
#15142 = FACE_BOUND('',#15143,.T.);
#15143 = EDGE_LOOP('',(#15144,#15145));
#15144 = ORIENTED_EDGE('',*,*,#8322,.T.);
#15145 = ORIENTED_EDGE('',*,*,#8346,.T.);
#15146 = FACE_BOUND('',#15147,.T.);
#15147 = EDGE_LOOP('',(#15148,#15149));
#15148 = ORIENTED_EDGE('',*,*,#8388,.T.);
#15149 = ORIENTED_EDGE('',*,*,#8412,.T.);
#15150 = FACE_BOUND('',#15151,.T.);
#15151 = EDGE_LOOP('',(#15152,#15153));
#15152 = ORIENTED_EDGE('',*,*,#8454,.T.);
#15153 = ORIENTED_EDGE('',*,*,#8478,.T.);
#15154 = FACE_BOUND('',#15155,.T.);
#15155 = EDGE_LOOP('',(#15156,#15157));
#15156 = ORIENTED_EDGE('',*,*,#8520,.T.);
#15157 = ORIENTED_EDGE('',*,*,#8544,.T.);
#15158 = FACE_BOUND('',#15159,.T.);
#15159 = EDGE_LOOP('',(#15160,#15161));
#15160 = ORIENTED_EDGE('',*,*,#8586,.T.);
#15161 = ORIENTED_EDGE('',*,*,#8610,.T.);
#15162 = FACE_BOUND('',#15163,.T.);
#15163 = EDGE_LOOP('',(#15164,#15165));
#15164 = ORIENTED_EDGE('',*,*,#8652,.T.);
#15165 = ORIENTED_EDGE('',*,*,#8676,.T.);
#15166 = FACE_BOUND('',#15167,.T.);
#15167 = EDGE_LOOP('',(#15168,#15169));
#15168 = ORIENTED_EDGE('',*,*,#8718,.T.);
#15169 = ORIENTED_EDGE('',*,*,#8742,.T.);
#15170 = FACE_BOUND('',#15171,.T.);
#15171 = EDGE_LOOP('',(#15172,#15173));
#15172 = ORIENTED_EDGE('',*,*,#8784,.T.);
#15173 = ORIENTED_EDGE('',*,*,#8808,.T.);
#15174 = FACE_BOUND('',#15175,.T.);
#15175 = EDGE_LOOP('',(#15176,#15177));
#15176 = ORIENTED_EDGE('',*,*,#8850,.T.);
#15177 = ORIENTED_EDGE('',*,*,#8874,.T.);
#15178 = FACE_BOUND('',#15179,.T.);
#15179 = EDGE_LOOP('',(#15180,#15181));
#15180 = ORIENTED_EDGE('',*,*,#8916,.T.);
#15181 = ORIENTED_EDGE('',*,*,#8940,.T.);
#15182 = FACE_BOUND('',#15183,.T.);
#15183 = EDGE_LOOP('',(#15184,#15185));
#15184 = ORIENTED_EDGE('',*,*,#8982,.T.);
#15185 = ORIENTED_EDGE('',*,*,#9006,.T.);
#15186 = FACE_BOUND('',#15187,.T.);
#15187 = EDGE_LOOP('',(#15188,#15189));
#15188 = ORIENTED_EDGE('',*,*,#9048,.T.);
#15189 = ORIENTED_EDGE('',*,*,#9072,.T.);
#15190 = FACE_BOUND('',#15191,.T.);
#15191 = EDGE_LOOP('',(#15192,#15193));
#15192 = ORIENTED_EDGE('',*,*,#9114,.T.);
#15193 = ORIENTED_EDGE('',*,*,#9138,.T.);
#15194 = FACE_BOUND('',#15195,.T.);
#15195 = EDGE_LOOP('',(#15196,#15197));
#15196 = ORIENTED_EDGE('',*,*,#9180,.T.);
#15197 = ORIENTED_EDGE('',*,*,#9204,.T.);
#15198 = FACE_BOUND('',#15199,.T.);
#15199 = EDGE_LOOP('',(#15200,#15201));
#15200 = ORIENTED_EDGE('',*,*,#9246,.T.);
#15201 = ORIENTED_EDGE('',*,*,#9270,.T.);
#15202 = FACE_BOUND('',#15203,.T.);
#15203 = EDGE_LOOP('',(#15204,#15205));
#15204 = ORIENTED_EDGE('',*,*,#9312,.T.);
#15205 = ORIENTED_EDGE('',*,*,#9336,.T.);
#15206 = FACE_BOUND('',#15207,.T.);
#15207 = EDGE_LOOP('',(#15208,#15209));
#15208 = ORIENTED_EDGE('',*,*,#9378,.T.);
#15209 = ORIENTED_EDGE('',*,*,#9402,.T.);
#15210 = FACE_BOUND('',#15211,.T.);
#15211 = EDGE_LOOP('',(#15212,#15213));
#15212 = ORIENTED_EDGE('',*,*,#9444,.T.);
#15213 = ORIENTED_EDGE('',*,*,#9468,.T.);
#15214 = FACE_BOUND('',#15215,.T.);
#15215 = EDGE_LOOP('',(#15216,#15217));
#15216 = ORIENTED_EDGE('',*,*,#9510,.T.);
#15217 = ORIENTED_EDGE('',*,*,#9534,.T.);
#15218 = FACE_BOUND('',#15219,.T.);
#15219 = EDGE_LOOP('',(#15220,#15221));
#15220 = ORIENTED_EDGE('',*,*,#9576,.T.);
#15221 = ORIENTED_EDGE('',*,*,#9600,.T.);
#15222 = FACE_BOUND('',#15223,.T.);
#15223 = EDGE_LOOP('',(#15224,#15225));
#15224 = ORIENTED_EDGE('',*,*,#9642,.T.);
#15225 = ORIENTED_EDGE('',*,*,#9666,.T.);
#15226 = FACE_BOUND('',#15227,.T.);
#15227 = EDGE_LOOP('',(#15228,#15229));
#15228 = ORIENTED_EDGE('',*,*,#9708,.T.);
#15229 = ORIENTED_EDGE('',*,*,#9732,.T.);
#15230 = FACE_BOUND('',#15231,.T.);
#15231 = EDGE_LOOP('',(#15232,#15233));
#15232 = ORIENTED_EDGE('',*,*,#9774,.T.);
#15233 = ORIENTED_EDGE('',*,*,#9798,.T.);
#15234 = FACE_BOUND('',#15235,.T.);
#15235 = EDGE_LOOP('',(#15236,#15237));
#15236 = ORIENTED_EDGE('',*,*,#9840,.T.);
#15237 = ORIENTED_EDGE('',*,*,#9864,.T.);
#15238 = FACE_BOUND('',#15239,.T.);
#15239 = EDGE_LOOP('',(#15240,#15241));
#15240 = ORIENTED_EDGE('',*,*,#9906,.T.);
#15241 = ORIENTED_EDGE('',*,*,#9930,.T.);
#15242 = FACE_BOUND('',#15243,.T.);
#15243 = EDGE_LOOP('',(#15244,#15245));
#15244 = ORIENTED_EDGE('',*,*,#9972,.T.);
#15245 = ORIENTED_EDGE('',*,*,#9996,.T.);
#15246 = FACE_BOUND('',#15247,.T.);
#15247 = EDGE_LOOP('',(#15248,#15249));
#15248 = ORIENTED_EDGE('',*,*,#10038,.T.);
#15249 = ORIENTED_EDGE('',*,*,#10062,.T.);
#15250 = FACE_BOUND('',#15251,.T.);
#15251 = EDGE_LOOP('',(#15252,#15253));
#15252 = ORIENTED_EDGE('',*,*,#10104,.T.);
#15253 = ORIENTED_EDGE('',*,*,#10128,.T.);
#15254 = FACE_BOUND('',#15255,.T.);
#15255 = EDGE_LOOP('',(#15256,#15257));
#15256 = ORIENTED_EDGE('',*,*,#10170,.T.);
#15257 = ORIENTED_EDGE('',*,*,#10194,.T.);
#15258 = FACE_BOUND('',#15259,.T.);
#15259 = EDGE_LOOP('',(#15260,#15261));
#15260 = ORIENTED_EDGE('',*,*,#10236,.T.);
#15261 = ORIENTED_EDGE('',*,*,#10260,.T.);
#15262 = FACE_BOUND('',#15263,.T.);
#15263 = EDGE_LOOP('',(#15264,#15265));
#15264 = ORIENTED_EDGE('',*,*,#10302,.T.);
#15265 = ORIENTED_EDGE('',*,*,#10326,.T.);
#15266 = FACE_BOUND('',#15267,.T.);
#15267 = EDGE_LOOP('',(#15268,#15269));
#15268 = ORIENTED_EDGE('',*,*,#10368,.T.);
#15269 = ORIENTED_EDGE('',*,*,#10392,.T.);
#15270 = FACE_BOUND('',#15271,.T.);
#15271 = EDGE_LOOP('',(#15272,#15273));
#15272 = ORIENTED_EDGE('',*,*,#10434,.T.);
#15273 = ORIENTED_EDGE('',*,*,#10458,.T.);
#15274 = FACE_BOUND('',#15275,.T.);
#15275 = EDGE_LOOP('',(#15276,#15277));
#15276 = ORIENTED_EDGE('',*,*,#10500,.T.);
#15277 = ORIENTED_EDGE('',*,*,#10524,.T.);
#15278 = FACE_BOUND('',#15279,.T.);
#15279 = EDGE_LOOP('',(#15280,#15281));
#15280 = ORIENTED_EDGE('',*,*,#10566,.T.);
#15281 = ORIENTED_EDGE('',*,*,#10590,.T.);
#15282 = FACE_BOUND('',#15283,.T.);
#15283 = EDGE_LOOP('',(#15284,#15285));
#15284 = ORIENTED_EDGE('',*,*,#10632,.T.);
#15285 = ORIENTED_EDGE('',*,*,#10656,.T.);
#15286 = FACE_BOUND('',#15287,.T.);
#15287 = EDGE_LOOP('',(#15288,#15289));
#15288 = ORIENTED_EDGE('',*,*,#10698,.T.);
#15289 = ORIENTED_EDGE('',*,*,#10722,.T.);
#15290 = FACE_BOUND('',#15291,.T.);
#15291 = EDGE_LOOP('',(#15292,#15293));
#15292 = ORIENTED_EDGE('',*,*,#10764,.T.);
#15293 = ORIENTED_EDGE('',*,*,#10788,.T.);
#15294 = FACE_BOUND('',#15295,.T.);
#15295 = EDGE_LOOP('',(#15296,#15297));
#15296 = ORIENTED_EDGE('',*,*,#10830,.T.);
#15297 = ORIENTED_EDGE('',*,*,#10854,.T.);
#15298 = FACE_BOUND('',#15299,.T.);
#15299 = EDGE_LOOP('',(#15300,#15301));
#15300 = ORIENTED_EDGE('',*,*,#10896,.T.);
#15301 = ORIENTED_EDGE('',*,*,#10920,.T.);
#15302 = FACE_BOUND('',#15303,.T.);
#15303 = EDGE_LOOP('',(#15304,#15305));
#15304 = ORIENTED_EDGE('',*,*,#10962,.T.);
#15305 = ORIENTED_EDGE('',*,*,#10986,.T.);
#15306 = FACE_BOUND('',#15307,.T.);
#15307 = EDGE_LOOP('',(#15308,#15309));
#15308 = ORIENTED_EDGE('',*,*,#11028,.T.);
#15309 = ORIENTED_EDGE('',*,*,#11052,.T.);
#15310 = FACE_BOUND('',#15311,.T.);
#15311 = EDGE_LOOP('',(#15312,#15313));
#15312 = ORIENTED_EDGE('',*,*,#11094,.T.);
#15313 = ORIENTED_EDGE('',*,*,#11118,.T.);
#15314 = FACE_BOUND('',#15315,.T.);
#15315 = EDGE_LOOP('',(#15316,#15317));
#15316 = ORIENTED_EDGE('',*,*,#11160,.T.);
#15317 = ORIENTED_EDGE('',*,*,#11184,.T.);
#15318 = FACE_BOUND('',#15319,.T.);
#15319 = EDGE_LOOP('',(#15320,#15321));
#15320 = ORIENTED_EDGE('',*,*,#11226,.T.);
#15321 = ORIENTED_EDGE('',*,*,#11250,.T.);
#15322 = FACE_BOUND('',#15323,.T.);
#15323 = EDGE_LOOP('',(#15324,#15325));
#15324 = ORIENTED_EDGE('',*,*,#11292,.T.);
#15325 = ORIENTED_EDGE('',*,*,#11316,.T.);
#15326 = FACE_BOUND('',#15327,.T.);
#15327 = EDGE_LOOP('',(#15328,#15329));
#15328 = ORIENTED_EDGE('',*,*,#11358,.T.);
#15329 = ORIENTED_EDGE('',*,*,#11382,.T.);
#15330 = FACE_BOUND('',#15331,.T.);
#15331 = EDGE_LOOP('',(#15332,#15333));
#15332 = ORIENTED_EDGE('',*,*,#11424,.T.);
#15333 = ORIENTED_EDGE('',*,*,#11448,.T.);
#15334 = FACE_BOUND('',#15335,.T.);
#15335 = EDGE_LOOP('',(#15336,#15337));
#15336 = ORIENTED_EDGE('',*,*,#11490,.T.);
#15337 = ORIENTED_EDGE('',*,*,#11514,.T.);
#15338 = FACE_BOUND('',#15339,.T.);
#15339 = EDGE_LOOP('',(#15340,#15341));
#15340 = ORIENTED_EDGE('',*,*,#11556,.T.);
#15341 = ORIENTED_EDGE('',*,*,#11580,.T.);
#15342 = FACE_BOUND('',#15343,.T.);
#15343 = EDGE_LOOP('',(#15344,#15345));
#15344 = ORIENTED_EDGE('',*,*,#11622,.T.);
#15345 = ORIENTED_EDGE('',*,*,#11646,.T.);
#15346 = FACE_BOUND('',#15347,.T.);
#15347 = EDGE_LOOP('',(#15348,#15349));
#15348 = ORIENTED_EDGE('',*,*,#11688,.T.);
#15349 = ORIENTED_EDGE('',*,*,#11712,.T.);
#15350 = FACE_BOUND('',#15351,.T.);
#15351 = EDGE_LOOP('',(#15352,#15353));
#15352 = ORIENTED_EDGE('',*,*,#11754,.T.);
#15353 = ORIENTED_EDGE('',*,*,#11778,.T.);
#15354 = FACE_BOUND('',#15355,.T.);
#15355 = EDGE_LOOP('',(#15356,#15357));
#15356 = ORIENTED_EDGE('',*,*,#11820,.T.);
#15357 = ORIENTED_EDGE('',*,*,#11844,.T.);
#15358 = FACE_BOUND('',#15359,.T.);
#15359 = EDGE_LOOP('',(#15360,#15361));
#15360 = ORIENTED_EDGE('',*,*,#11886,.T.);
#15361 = ORIENTED_EDGE('',*,*,#11910,.T.);
#15362 = FACE_BOUND('',#15363,.T.);
#15363 = EDGE_LOOP('',(#15364,#15365));
#15364 = ORIENTED_EDGE('',*,*,#11952,.T.);
#15365 = ORIENTED_EDGE('',*,*,#11976,.T.);
#15366 = FACE_BOUND('',#15367,.T.);
#15367 = EDGE_LOOP('',(#15368,#15369));
#15368 = ORIENTED_EDGE('',*,*,#12018,.T.);
#15369 = ORIENTED_EDGE('',*,*,#12042,.T.);
#15370 = FACE_BOUND('',#15371,.T.);
#15371 = EDGE_LOOP('',(#15372,#15373));
#15372 = ORIENTED_EDGE('',*,*,#12084,.T.);
#15373 = ORIENTED_EDGE('',*,*,#12108,.T.);
#15374 = FACE_BOUND('',#15375,.T.);
#15375 = EDGE_LOOP('',(#15376,#15377));
#15376 = ORIENTED_EDGE('',*,*,#12150,.T.);
#15377 = ORIENTED_EDGE('',*,*,#12174,.T.);
#15378 = FACE_BOUND('',#15379,.T.);
#15379 = EDGE_LOOP('',(#15380,#15381));
#15380 = ORIENTED_EDGE('',*,*,#12216,.T.);
#15381 = ORIENTED_EDGE('',*,*,#12240,.T.);
#15382 = FACE_BOUND('',#15383,.T.);
#15383 = EDGE_LOOP('',(#15384,#15385));
#15384 = ORIENTED_EDGE('',*,*,#12282,.T.);
#15385 = ORIENTED_EDGE('',*,*,#12306,.T.);
#15386 = FACE_BOUND('',#15387,.T.);
#15387 = EDGE_LOOP('',(#15388,#15389));
#15388 = ORIENTED_EDGE('',*,*,#12348,.T.);
#15389 = ORIENTED_EDGE('',*,*,#12372,.T.);
#15390 = FACE_BOUND('',#15391,.T.);
#15391 = EDGE_LOOP('',(#15392,#15393));
#15392 = ORIENTED_EDGE('',*,*,#12414,.T.);
#15393 = ORIENTED_EDGE('',*,*,#12438,.T.);
#15394 = FACE_BOUND('',#15395,.T.);
#15395 = EDGE_LOOP('',(#15396,#15397));
#15396 = ORIENTED_EDGE('',*,*,#12480,.T.);
#15397 = ORIENTED_EDGE('',*,*,#12504,.T.);
#15398 = FACE_BOUND('',#15399,.T.);
#15399 = EDGE_LOOP('',(#15400,#15401));
#15400 = ORIENTED_EDGE('',*,*,#12546,.T.);
#15401 = ORIENTED_EDGE('',*,*,#12570,.T.);
#15402 = FACE_BOUND('',#15403,.T.);
#15403 = EDGE_LOOP('',(#15404,#15405));
#15404 = ORIENTED_EDGE('',*,*,#12612,.T.);
#15405 = ORIENTED_EDGE('',*,*,#12636,.T.);
#15406 = FACE_BOUND('',#15407,.T.);
#15407 = EDGE_LOOP('',(#15408,#15409));
#15408 = ORIENTED_EDGE('',*,*,#12678,.T.);
#15409 = ORIENTED_EDGE('',*,*,#12702,.T.);
#15410 = FACE_BOUND('',#15411,.T.);
#15411 = EDGE_LOOP('',(#15412,#15413));
#15412 = ORIENTED_EDGE('',*,*,#12744,.T.);
#15413 = ORIENTED_EDGE('',*,*,#12768,.T.);
#15414 = FACE_BOUND('',#15415,.T.);
#15415 = EDGE_LOOP('',(#15416,#15417));
#15416 = ORIENTED_EDGE('',*,*,#12810,.T.);
#15417 = ORIENTED_EDGE('',*,*,#12834,.T.);
#15418 = FACE_BOUND('',#15419,.T.);
#15419 = EDGE_LOOP('',(#15420,#15421));
#15420 = ORIENTED_EDGE('',*,*,#12876,.T.);
#15421 = ORIENTED_EDGE('',*,*,#12900,.T.);
#15422 = FACE_BOUND('',#15423,.T.);
#15423 = EDGE_LOOP('',(#15424,#15425));
#15424 = ORIENTED_EDGE('',*,*,#12942,.T.);
#15425 = ORIENTED_EDGE('',*,*,#12966,.T.);
#15426 = FACE_BOUND('',#15427,.T.);
#15427 = EDGE_LOOP('',(#15428,#15429));
#15428 = ORIENTED_EDGE('',*,*,#13008,.T.);
#15429 = ORIENTED_EDGE('',*,*,#13032,.T.);
#15430 = FACE_BOUND('',#15431,.T.);
#15431 = EDGE_LOOP('',(#15432,#15433));
#15432 = ORIENTED_EDGE('',*,*,#13074,.T.);
#15433 = ORIENTED_EDGE('',*,*,#13098,.T.);
#15434 = FACE_BOUND('',#15435,.T.);
#15435 = EDGE_LOOP('',(#15436,#15437));
#15436 = ORIENTED_EDGE('',*,*,#13140,.T.);
#15437 = ORIENTED_EDGE('',*,*,#13164,.T.);
#15438 = FACE_BOUND('',#15439,.T.);
#15439 = EDGE_LOOP('',(#15440,#15441));
#15440 = ORIENTED_EDGE('',*,*,#13206,.T.);
#15441 = ORIENTED_EDGE('',*,*,#13230,.T.);
#15442 = FACE_BOUND('',#15443,.T.);
#15443 = EDGE_LOOP('',(#15444,#15445,#15446,#15447));
#15444 = ORIENTED_EDGE('',*,*,#13271,.T.);
#15445 = ORIENTED_EDGE('',*,*,#13303,.T.);
#15446 = ORIENTED_EDGE('',*,*,#13335,.T.);
#15447 = ORIENTED_EDGE('',*,*,#13358,.T.);
#15448 = FACE_BOUND('',#15449,.T.);
#15449 = EDGE_LOOP('',(#15450,#15451,#15452,#15453));
#15450 = ORIENTED_EDGE('',*,*,#13399,.T.);
#15451 = ORIENTED_EDGE('',*,*,#13431,.T.);
#15452 = ORIENTED_EDGE('',*,*,#13463,.T.);
#15453 = ORIENTED_EDGE('',*,*,#13486,.T.);
#15454 = FACE_BOUND('',#15455,.T.);
#15455 = EDGE_LOOP('',(#15456,#15457));
#15456 = ORIENTED_EDGE('',*,*,#13528,.T.);
#15457 = ORIENTED_EDGE('',*,*,#13552,.T.);
#15458 = FACE_BOUND('',#15459,.T.);
#15459 = EDGE_LOOP('',(#15460,#15461));
#15460 = ORIENTED_EDGE('',*,*,#13594,.T.);
#15461 = ORIENTED_EDGE('',*,*,#13618,.T.);
#15462 = FACE_BOUND('',#15463,.T.);
#15463 = EDGE_LOOP('',(#15464,#15465));
#15464 = ORIENTED_EDGE('',*,*,#13660,.T.);
#15465 = ORIENTED_EDGE('',*,*,#13684,.T.);
#15466 = FACE_BOUND('',#15467,.T.);
#15467 = EDGE_LOOP('',(#15468,#15469));
#15468 = ORIENTED_EDGE('',*,*,#13726,.T.);
#15469 = ORIENTED_EDGE('',*,*,#13750,.T.);
#15470 = FACE_BOUND('',#15471,.T.);
#15471 = EDGE_LOOP('',(#15472,#15473));
#15472 = ORIENTED_EDGE('',*,*,#13792,.T.);
#15473 = ORIENTED_EDGE('',*,*,#13816,.T.);
#15474 = FACE_BOUND('',#15475,.T.);
#15475 = EDGE_LOOP('',(#15476,#15477));
#15476 = ORIENTED_EDGE('',*,*,#13858,.T.);
#15477 = ORIENTED_EDGE('',*,*,#13882,.T.);
#15478 = FACE_BOUND('',#15479,.T.);
#15479 = EDGE_LOOP('',(#15480,#15481));
#15480 = ORIENTED_EDGE('',*,*,#13924,.T.);
#15481 = ORIENTED_EDGE('',*,*,#13948,.T.);
#15482 = FACE_BOUND('',#15483,.T.);
#15483 = EDGE_LOOP('',(#15484,#15485));
#15484 = ORIENTED_EDGE('',*,*,#13990,.T.);
#15485 = ORIENTED_EDGE('',*,*,#14014,.T.);
#15486 = FACE_BOUND('',#15487,.T.);
#15487 = EDGE_LOOP('',(#15488,#15489));
#15488 = ORIENTED_EDGE('',*,*,#14056,.T.);
#15489 = ORIENTED_EDGE('',*,*,#14080,.T.);
#15490 = FACE_BOUND('',#15491,.T.);
#15491 = EDGE_LOOP('',(#15492,#15493));
#15492 = ORIENTED_EDGE('',*,*,#14122,.T.);
#15493 = ORIENTED_EDGE('',*,*,#14146,.T.);
#15494 = FACE_BOUND('',#15495,.T.);
#15495 = EDGE_LOOP('',(#15496,#15497));
#15496 = ORIENTED_EDGE('',*,*,#14188,.T.);
#15497 = ORIENTED_EDGE('',*,*,#14212,.T.);
#15498 = FACE_BOUND('',#15499,.T.);
#15499 = EDGE_LOOP('',(#15500,#15501));
#15500 = ORIENTED_EDGE('',*,*,#14254,.T.);
#15501 = ORIENTED_EDGE('',*,*,#14278,.T.);
#15502 = FACE_BOUND('',#15503,.T.);
#15503 = EDGE_LOOP('',(#15504,#15505));
#15504 = ORIENTED_EDGE('',*,*,#14320,.T.);
#15505 = ORIENTED_EDGE('',*,*,#14344,.T.);
#15506 = FACE_BOUND('',#15507,.T.);
#15507 = EDGE_LOOP('',(#15508,#15509));
#15508 = ORIENTED_EDGE('',*,*,#14386,.T.);
#15509 = ORIENTED_EDGE('',*,*,#14410,.T.);
#15510 = FACE_BOUND('',#15511,.T.);
#15511 = EDGE_LOOP('',(#15512,#15513,#15514,#15515));
#15512 = ORIENTED_EDGE('',*,*,#14451,.T.);
#15513 = ORIENTED_EDGE('',*,*,#14483,.T.);
#15514 = ORIENTED_EDGE('',*,*,#14515,.T.);
#15515 = ORIENTED_EDGE('',*,*,#14538,.T.);
#15516 = FACE_BOUND('',#15517,.T.);
#15517 = EDGE_LOOP('',(#15518,#15519,#15520,#15521));
#15518 = ORIENTED_EDGE('',*,*,#14579,.T.);
#15519 = ORIENTED_EDGE('',*,*,#14611,.T.);
#15520 = ORIENTED_EDGE('',*,*,#14643,.T.);
#15521 = ORIENTED_EDGE('',*,*,#14666,.T.);
#15522 = PLANE('',#15523);
#15523 = AXIS2_PLACEMENT_3D('',#15524,#15525,#15526);
#15524 = CARTESIAN_POINT('',(50.000100330201,60.000120650241,0.));
#15525 = DIRECTION('',(-0.,-0.,-1.));
#15526 = DIRECTION('',(-1.,0.,0.));
#15527 = ADVANCED_FACE('',(#15528,#15538,#15542,#15546,#15550,#15554,
    #15558,#15562,#15566,#15570,#15574,#15578,#15582,#15586,#15590,
    #15594,#15598,#15602,#15606,#15610,#15614,#15618,#15622,#15626,
    #15630,#15634,#15638,#15642,#15646,#15650,#15654,#15658,#15664,
    #15670,#15676,#15682,#15688,#15694,#15698,#15702,#15706,#15710,
    #15714,#15718,#15722,#15726,#15732,#15738,#15744,#15750,#15756,
    #15762,#15766,#15770,#15774,#15778,#15782,#15786,#15790,#15794,
    #15798,#15802,#15808,#15814,#15820,#15824,#15828,#15832,#15836,
    #15840,#15844,#15850,#15856,#15860,#15864,#15868,#15872,#15876,
    #15880,#15884,#15888,#15892,#15896,#15900,#15904,#15908,#15912,
    #15916,#15920,#15924,#15928,#15932,#15936,#15940,#15944,#15948,
    #15952,#15956,#15960,#15964,#15968,#15972,#15976,#15980,#15984,
    #15988,#15992,#15996,#16000,#16004,#16008,#16012,#16016,#16020,
    #16024,#16028,#16032,#16036,#16040,#16044,#16048,#16052,#16056,
    #16060,#16064,#16068,#16072,#16076,#16080,#16084,#16088,#16092,
    #16096,#16100,#16104,#16108,#16112,#16116,#16120,#16124,#16128,
    #16132,#16136,#16140,#16144,#16148,#16152,#16156,#16160,#16164,
    #16168,#16172,#16176,#16180,#16184,#16188,#16192,#16196,#16200,
    #16204,#16208,#16212,#16216,#16220,#16224,#16228,#16232,#16236,
    #16240,#16244,#16248,#16252,#16256,#16260,#16264,#16268,#16272,
    #16276,#16280,#16284,#16288,#16292,#16298,#16304,#16308,#16312,
    #16316,#16320,#16324,#16328,#16332,#16336,#16340,#16344,#16348,
    #16352,#16356,#16360,#16366),#16372,.F.);
#15528 = FACE_BOUND('',#15529,.F.);
#15529 = EDGE_LOOP('',(#15530,#15531,#15532,#15533,#15534,#15535,#15536,
    #15537));
#15530 = ORIENTED_EDGE('',*,*,#65,.T.);
#15531 = ORIENTED_EDGE('',*,*,#98,.T.);
#15532 = ORIENTED_EDGE('',*,*,#129,.T.);
#15533 = ORIENTED_EDGE('',*,*,#162,.T.);
#15534 = ORIENTED_EDGE('',*,*,#193,.T.);
#15535 = ORIENTED_EDGE('',*,*,#226,.T.);
#15536 = ORIENTED_EDGE('',*,*,#257,.T.);
#15537 = ORIENTED_EDGE('',*,*,#290,.T.);
#15538 = FACE_BOUND('',#15539,.F.);
#15539 = EDGE_LOOP('',(#15540,#15541));
#15540 = ORIENTED_EDGE('',*,*,#321,.T.);
#15541 = ORIENTED_EDGE('',*,*,#354,.T.);
#15542 = FACE_BOUND('',#15543,.F.);
#15543 = EDGE_LOOP('',(#15544,#15545));
#15544 = ORIENTED_EDGE('',*,*,#387,.T.);
#15545 = ORIENTED_EDGE('',*,*,#420,.T.);
#15546 = FACE_BOUND('',#15547,.F.);
#15547 = EDGE_LOOP('',(#15548,#15549));
#15548 = ORIENTED_EDGE('',*,*,#453,.T.);
#15549 = ORIENTED_EDGE('',*,*,#486,.T.);
#15550 = FACE_BOUND('',#15551,.F.);
#15551 = EDGE_LOOP('',(#15552,#15553));
#15552 = ORIENTED_EDGE('',*,*,#519,.T.);
#15553 = ORIENTED_EDGE('',*,*,#552,.T.);
#15554 = FACE_BOUND('',#15555,.F.);
#15555 = EDGE_LOOP('',(#15556,#15557));
#15556 = ORIENTED_EDGE('',*,*,#585,.T.);
#15557 = ORIENTED_EDGE('',*,*,#618,.T.);
#15558 = FACE_BOUND('',#15559,.F.);
#15559 = EDGE_LOOP('',(#15560,#15561));
#15560 = ORIENTED_EDGE('',*,*,#651,.T.);
#15561 = ORIENTED_EDGE('',*,*,#684,.T.);
#15562 = FACE_BOUND('',#15563,.F.);
#15563 = EDGE_LOOP('',(#15564,#15565));
#15564 = ORIENTED_EDGE('',*,*,#717,.T.);
#15565 = ORIENTED_EDGE('',*,*,#750,.T.);
#15566 = FACE_BOUND('',#15567,.F.);
#15567 = EDGE_LOOP('',(#15568,#15569));
#15568 = ORIENTED_EDGE('',*,*,#783,.T.);
#15569 = ORIENTED_EDGE('',*,*,#816,.T.);
#15570 = FACE_BOUND('',#15571,.F.);
#15571 = EDGE_LOOP('',(#15572,#15573));
#15572 = ORIENTED_EDGE('',*,*,#849,.T.);
#15573 = ORIENTED_EDGE('',*,*,#882,.T.);
#15574 = FACE_BOUND('',#15575,.F.);
#15575 = EDGE_LOOP('',(#15576,#15577));
#15576 = ORIENTED_EDGE('',*,*,#915,.T.);
#15577 = ORIENTED_EDGE('',*,*,#948,.T.);
#15578 = FACE_BOUND('',#15579,.F.);
#15579 = EDGE_LOOP('',(#15580,#15581));
#15580 = ORIENTED_EDGE('',*,*,#981,.T.);
#15581 = ORIENTED_EDGE('',*,*,#1014,.T.);
#15582 = FACE_BOUND('',#15583,.F.);
#15583 = EDGE_LOOP('',(#15584,#15585));
#15584 = ORIENTED_EDGE('',*,*,#1047,.T.);
#15585 = ORIENTED_EDGE('',*,*,#1080,.T.);
#15586 = FACE_BOUND('',#15587,.F.);
#15587 = EDGE_LOOP('',(#15588,#15589));
#15588 = ORIENTED_EDGE('',*,*,#1113,.T.);
#15589 = ORIENTED_EDGE('',*,*,#1146,.T.);
#15590 = FACE_BOUND('',#15591,.F.);
#15591 = EDGE_LOOP('',(#15592,#15593));
#15592 = ORIENTED_EDGE('',*,*,#1179,.T.);
#15593 = ORIENTED_EDGE('',*,*,#1212,.T.);
#15594 = FACE_BOUND('',#15595,.F.);
#15595 = EDGE_LOOP('',(#15596,#15597));
#15596 = ORIENTED_EDGE('',*,*,#1245,.T.);
#15597 = ORIENTED_EDGE('',*,*,#1278,.T.);
#15598 = FACE_BOUND('',#15599,.F.);
#15599 = EDGE_LOOP('',(#15600,#15601));
#15600 = ORIENTED_EDGE('',*,*,#1311,.T.);
#15601 = ORIENTED_EDGE('',*,*,#1344,.T.);
#15602 = FACE_BOUND('',#15603,.F.);
#15603 = EDGE_LOOP('',(#15604,#15605));
#15604 = ORIENTED_EDGE('',*,*,#1377,.T.);
#15605 = ORIENTED_EDGE('',*,*,#1410,.T.);
#15606 = FACE_BOUND('',#15607,.F.);
#15607 = EDGE_LOOP('',(#15608,#15609));
#15608 = ORIENTED_EDGE('',*,*,#1443,.T.);
#15609 = ORIENTED_EDGE('',*,*,#1476,.T.);
#15610 = FACE_BOUND('',#15611,.F.);
#15611 = EDGE_LOOP('',(#15612,#15613));
#15612 = ORIENTED_EDGE('',*,*,#1509,.T.);
#15613 = ORIENTED_EDGE('',*,*,#1542,.T.);
#15614 = FACE_BOUND('',#15615,.F.);
#15615 = EDGE_LOOP('',(#15616,#15617));
#15616 = ORIENTED_EDGE('',*,*,#1575,.T.);
#15617 = ORIENTED_EDGE('',*,*,#1608,.T.);
#15618 = FACE_BOUND('',#15619,.F.);
#15619 = EDGE_LOOP('',(#15620,#15621));
#15620 = ORIENTED_EDGE('',*,*,#1641,.T.);
#15621 = ORIENTED_EDGE('',*,*,#1674,.T.);
#15622 = FACE_BOUND('',#15623,.F.);
#15623 = EDGE_LOOP('',(#15624,#15625));
#15624 = ORIENTED_EDGE('',*,*,#1707,.T.);
#15625 = ORIENTED_EDGE('',*,*,#1740,.T.);
#15626 = FACE_BOUND('',#15627,.F.);
#15627 = EDGE_LOOP('',(#15628,#15629));
#15628 = ORIENTED_EDGE('',*,*,#1773,.T.);
#15629 = ORIENTED_EDGE('',*,*,#1806,.T.);
#15630 = FACE_BOUND('',#15631,.F.);
#15631 = EDGE_LOOP('',(#15632,#15633));
#15632 = ORIENTED_EDGE('',*,*,#1839,.T.);
#15633 = ORIENTED_EDGE('',*,*,#1872,.T.);
#15634 = FACE_BOUND('',#15635,.F.);
#15635 = EDGE_LOOP('',(#15636,#15637));
#15636 = ORIENTED_EDGE('',*,*,#1905,.T.);
#15637 = ORIENTED_EDGE('',*,*,#1938,.T.);
#15638 = FACE_BOUND('',#15639,.F.);
#15639 = EDGE_LOOP('',(#15640,#15641));
#15640 = ORIENTED_EDGE('',*,*,#1971,.T.);
#15641 = ORIENTED_EDGE('',*,*,#2004,.T.);
#15642 = FACE_BOUND('',#15643,.F.);
#15643 = EDGE_LOOP('',(#15644,#15645));
#15644 = ORIENTED_EDGE('',*,*,#2037,.T.);
#15645 = ORIENTED_EDGE('',*,*,#2070,.T.);
#15646 = FACE_BOUND('',#15647,.F.);
#15647 = EDGE_LOOP('',(#15648,#15649));
#15648 = ORIENTED_EDGE('',*,*,#2103,.T.);
#15649 = ORIENTED_EDGE('',*,*,#2136,.T.);
#15650 = FACE_BOUND('',#15651,.F.);
#15651 = EDGE_LOOP('',(#15652,#15653));
#15652 = ORIENTED_EDGE('',*,*,#2169,.T.);
#15653 = ORIENTED_EDGE('',*,*,#2202,.T.);
#15654 = FACE_BOUND('',#15655,.F.);
#15655 = EDGE_LOOP('',(#15656,#15657));
#15656 = ORIENTED_EDGE('',*,*,#2235,.T.);
#15657 = ORIENTED_EDGE('',*,*,#2268,.T.);
#15658 = FACE_BOUND('',#15659,.F.);
#15659 = EDGE_LOOP('',(#15660,#15661,#15662,#15663));
#15660 = ORIENTED_EDGE('',*,*,#2301,.T.);
#15661 = ORIENTED_EDGE('',*,*,#2332,.T.);
#15662 = ORIENTED_EDGE('',*,*,#2365,.T.);
#15663 = ORIENTED_EDGE('',*,*,#2396,.T.);
#15664 = FACE_BOUND('',#15665,.F.);
#15665 = EDGE_LOOP('',(#15666,#15667,#15668,#15669));
#15666 = ORIENTED_EDGE('',*,*,#2429,.T.);
#15667 = ORIENTED_EDGE('',*,*,#2460,.T.);
#15668 = ORIENTED_EDGE('',*,*,#2493,.T.);
#15669 = ORIENTED_EDGE('',*,*,#2524,.T.);
#15670 = FACE_BOUND('',#15671,.F.);
#15671 = EDGE_LOOP('',(#15672,#15673,#15674,#15675));
#15672 = ORIENTED_EDGE('',*,*,#2557,.T.);
#15673 = ORIENTED_EDGE('',*,*,#2588,.T.);
#15674 = ORIENTED_EDGE('',*,*,#2621,.T.);
#15675 = ORIENTED_EDGE('',*,*,#2652,.T.);
#15676 = FACE_BOUND('',#15677,.F.);
#15677 = EDGE_LOOP('',(#15678,#15679,#15680,#15681));
#15678 = ORIENTED_EDGE('',*,*,#2685,.T.);
#15679 = ORIENTED_EDGE('',*,*,#2716,.T.);
#15680 = ORIENTED_EDGE('',*,*,#2749,.T.);
#15681 = ORIENTED_EDGE('',*,*,#2780,.T.);
#15682 = FACE_BOUND('',#15683,.F.);
#15683 = EDGE_LOOP('',(#15684,#15685,#15686,#15687));
#15684 = ORIENTED_EDGE('',*,*,#2813,.T.);
#15685 = ORIENTED_EDGE('',*,*,#2844,.T.);
#15686 = ORIENTED_EDGE('',*,*,#2877,.T.);
#15687 = ORIENTED_EDGE('',*,*,#2908,.T.);
#15688 = FACE_BOUND('',#15689,.F.);
#15689 = EDGE_LOOP('',(#15690,#15691,#15692,#15693));
#15690 = ORIENTED_EDGE('',*,*,#2941,.T.);
#15691 = ORIENTED_EDGE('',*,*,#2972,.T.);
#15692 = ORIENTED_EDGE('',*,*,#3005,.T.);
#15693 = ORIENTED_EDGE('',*,*,#3036,.T.);
#15694 = FACE_BOUND('',#15695,.F.);
#15695 = EDGE_LOOP('',(#15696,#15697));
#15696 = ORIENTED_EDGE('',*,*,#3069,.T.);
#15697 = ORIENTED_EDGE('',*,*,#3102,.T.);
#15698 = FACE_BOUND('',#15699,.F.);
#15699 = EDGE_LOOP('',(#15700,#15701));
#15700 = ORIENTED_EDGE('',*,*,#3135,.T.);
#15701 = ORIENTED_EDGE('',*,*,#3168,.T.);
#15702 = FACE_BOUND('',#15703,.F.);
#15703 = EDGE_LOOP('',(#15704,#15705));
#15704 = ORIENTED_EDGE('',*,*,#3201,.T.);
#15705 = ORIENTED_EDGE('',*,*,#3234,.T.);
#15706 = FACE_BOUND('',#15707,.F.);
#15707 = EDGE_LOOP('',(#15708,#15709));
#15708 = ORIENTED_EDGE('',*,*,#3267,.T.);
#15709 = ORIENTED_EDGE('',*,*,#3300,.T.);
#15710 = FACE_BOUND('',#15711,.F.);
#15711 = EDGE_LOOP('',(#15712,#15713));
#15712 = ORIENTED_EDGE('',*,*,#3333,.T.);
#15713 = ORIENTED_EDGE('',*,*,#3366,.T.);
#15714 = FACE_BOUND('',#15715,.F.);
#15715 = EDGE_LOOP('',(#15716,#15717));
#15716 = ORIENTED_EDGE('',*,*,#3399,.T.);
#15717 = ORIENTED_EDGE('',*,*,#3432,.T.);
#15718 = FACE_BOUND('',#15719,.F.);
#15719 = EDGE_LOOP('',(#15720,#15721));
#15720 = ORIENTED_EDGE('',*,*,#3465,.T.);
#15721 = ORIENTED_EDGE('',*,*,#3498,.T.);
#15722 = FACE_BOUND('',#15723,.F.);
#15723 = EDGE_LOOP('',(#15724,#15725));
#15724 = ORIENTED_EDGE('',*,*,#3531,.T.);
#15725 = ORIENTED_EDGE('',*,*,#3564,.T.);
#15726 = FACE_BOUND('',#15727,.F.);
#15727 = EDGE_LOOP('',(#15728,#15729,#15730,#15731));
#15728 = ORIENTED_EDGE('',*,*,#3597,.T.);
#15729 = ORIENTED_EDGE('',*,*,#3628,.T.);
#15730 = ORIENTED_EDGE('',*,*,#3661,.T.);
#15731 = ORIENTED_EDGE('',*,*,#3692,.T.);
#15732 = FACE_BOUND('',#15733,.F.);
#15733 = EDGE_LOOP('',(#15734,#15735,#15736,#15737));
#15734 = ORIENTED_EDGE('',*,*,#3725,.T.);
#15735 = ORIENTED_EDGE('',*,*,#3756,.T.);
#15736 = ORIENTED_EDGE('',*,*,#3789,.T.);
#15737 = ORIENTED_EDGE('',*,*,#3820,.T.);
#15738 = FACE_BOUND('',#15739,.F.);
#15739 = EDGE_LOOP('',(#15740,#15741,#15742,#15743));
#15740 = ORIENTED_EDGE('',*,*,#3853,.T.);
#15741 = ORIENTED_EDGE('',*,*,#3884,.T.);
#15742 = ORIENTED_EDGE('',*,*,#3917,.T.);
#15743 = ORIENTED_EDGE('',*,*,#3948,.T.);
#15744 = FACE_BOUND('',#15745,.F.);
#15745 = EDGE_LOOP('',(#15746,#15747,#15748,#15749));
#15746 = ORIENTED_EDGE('',*,*,#3981,.T.);
#15747 = ORIENTED_EDGE('',*,*,#4012,.T.);
#15748 = ORIENTED_EDGE('',*,*,#4045,.T.);
#15749 = ORIENTED_EDGE('',*,*,#4076,.T.);
#15750 = FACE_BOUND('',#15751,.F.);
#15751 = EDGE_LOOP('',(#15752,#15753,#15754,#15755));
#15752 = ORIENTED_EDGE('',*,*,#4109,.T.);
#15753 = ORIENTED_EDGE('',*,*,#4140,.T.);
#15754 = ORIENTED_EDGE('',*,*,#4173,.T.);
#15755 = ORIENTED_EDGE('',*,*,#4204,.T.);
#15756 = FACE_BOUND('',#15757,.F.);
#15757 = EDGE_LOOP('',(#15758,#15759,#15760,#15761));
#15758 = ORIENTED_EDGE('',*,*,#4237,.T.);
#15759 = ORIENTED_EDGE('',*,*,#4268,.T.);
#15760 = ORIENTED_EDGE('',*,*,#4301,.T.);
#15761 = ORIENTED_EDGE('',*,*,#4332,.T.);
#15762 = FACE_BOUND('',#15763,.F.);
#15763 = EDGE_LOOP('',(#15764,#15765));
#15764 = ORIENTED_EDGE('',*,*,#4365,.T.);
#15765 = ORIENTED_EDGE('',*,*,#4398,.T.);
#15766 = FACE_BOUND('',#15767,.F.);
#15767 = EDGE_LOOP('',(#15768,#15769));
#15768 = ORIENTED_EDGE('',*,*,#4431,.T.);
#15769 = ORIENTED_EDGE('',*,*,#4464,.T.);
#15770 = FACE_BOUND('',#15771,.F.);
#15771 = EDGE_LOOP('',(#15772,#15773));
#15772 = ORIENTED_EDGE('',*,*,#4497,.T.);
#15773 = ORIENTED_EDGE('',*,*,#4530,.T.);
#15774 = FACE_BOUND('',#15775,.F.);
#15775 = EDGE_LOOP('',(#15776,#15777));
#15776 = ORIENTED_EDGE('',*,*,#4563,.T.);
#15777 = ORIENTED_EDGE('',*,*,#4596,.T.);
#15778 = FACE_BOUND('',#15779,.F.);
#15779 = EDGE_LOOP('',(#15780,#15781));
#15780 = ORIENTED_EDGE('',*,*,#4629,.T.);
#15781 = ORIENTED_EDGE('',*,*,#4662,.T.);
#15782 = FACE_BOUND('',#15783,.F.);
#15783 = EDGE_LOOP('',(#15784,#15785));
#15784 = ORIENTED_EDGE('',*,*,#4695,.T.);
#15785 = ORIENTED_EDGE('',*,*,#4728,.T.);
#15786 = FACE_BOUND('',#15787,.F.);
#15787 = EDGE_LOOP('',(#15788,#15789));
#15788 = ORIENTED_EDGE('',*,*,#4761,.T.);
#15789 = ORIENTED_EDGE('',*,*,#4794,.T.);
#15790 = FACE_BOUND('',#15791,.F.);
#15791 = EDGE_LOOP('',(#15792,#15793));
#15792 = ORIENTED_EDGE('',*,*,#4827,.T.);
#15793 = ORIENTED_EDGE('',*,*,#4860,.T.);
#15794 = FACE_BOUND('',#15795,.F.);
#15795 = EDGE_LOOP('',(#15796,#15797));
#15796 = ORIENTED_EDGE('',*,*,#4893,.T.);
#15797 = ORIENTED_EDGE('',*,*,#4926,.T.);
#15798 = FACE_BOUND('',#15799,.F.);
#15799 = EDGE_LOOP('',(#15800,#15801));
#15800 = ORIENTED_EDGE('',*,*,#4959,.T.);
#15801 = ORIENTED_EDGE('',*,*,#4992,.T.);
#15802 = FACE_BOUND('',#15803,.F.);
#15803 = EDGE_LOOP('',(#15804,#15805,#15806,#15807));
#15804 = ORIENTED_EDGE('',*,*,#5025,.T.);
#15805 = ORIENTED_EDGE('',*,*,#5056,.T.);
#15806 = ORIENTED_EDGE('',*,*,#5089,.T.);
#15807 = ORIENTED_EDGE('',*,*,#5120,.T.);
#15808 = FACE_BOUND('',#15809,.F.);
#15809 = EDGE_LOOP('',(#15810,#15811,#15812,#15813));
#15810 = ORIENTED_EDGE('',*,*,#5153,.T.);
#15811 = ORIENTED_EDGE('',*,*,#5184,.T.);
#15812 = ORIENTED_EDGE('',*,*,#5217,.T.);
#15813 = ORIENTED_EDGE('',*,*,#5248,.T.);
#15814 = FACE_BOUND('',#15815,.F.);
#15815 = EDGE_LOOP('',(#15816,#15817,#15818,#15819));
#15816 = ORIENTED_EDGE('',*,*,#5281,.T.);
#15817 = ORIENTED_EDGE('',*,*,#5312,.T.);
#15818 = ORIENTED_EDGE('',*,*,#5345,.T.);
#15819 = ORIENTED_EDGE('',*,*,#5376,.T.);
#15820 = FACE_BOUND('',#15821,.F.);
#15821 = EDGE_LOOP('',(#15822,#15823));
#15822 = ORIENTED_EDGE('',*,*,#5409,.T.);
#15823 = ORIENTED_EDGE('',*,*,#5442,.T.);
#15824 = FACE_BOUND('',#15825,.F.);
#15825 = EDGE_LOOP('',(#15826,#15827));
#15826 = ORIENTED_EDGE('',*,*,#5475,.T.);
#15827 = ORIENTED_EDGE('',*,*,#5508,.T.);
#15828 = FACE_BOUND('',#15829,.F.);
#15829 = EDGE_LOOP('',(#15830,#15831));
#15830 = ORIENTED_EDGE('',*,*,#5541,.T.);
#15831 = ORIENTED_EDGE('',*,*,#5574,.T.);
#15832 = FACE_BOUND('',#15833,.F.);
#15833 = EDGE_LOOP('',(#15834,#15835));
#15834 = ORIENTED_EDGE('',*,*,#5607,.T.);
#15835 = ORIENTED_EDGE('',*,*,#5640,.T.);
#15836 = FACE_BOUND('',#15837,.F.);
#15837 = EDGE_LOOP('',(#15838,#15839));
#15838 = ORIENTED_EDGE('',*,*,#5673,.T.);
#15839 = ORIENTED_EDGE('',*,*,#5706,.T.);
#15840 = FACE_BOUND('',#15841,.F.);
#15841 = EDGE_LOOP('',(#15842,#15843));
#15842 = ORIENTED_EDGE('',*,*,#5739,.T.);
#15843 = ORIENTED_EDGE('',*,*,#5772,.T.);
#15844 = FACE_BOUND('',#15845,.F.);
#15845 = EDGE_LOOP('',(#15846,#15847,#15848,#15849));
#15846 = ORIENTED_EDGE('',*,*,#5805,.T.);
#15847 = ORIENTED_EDGE('',*,*,#5836,.T.);
#15848 = ORIENTED_EDGE('',*,*,#5869,.T.);
#15849 = ORIENTED_EDGE('',*,*,#5900,.T.);
#15850 = FACE_BOUND('',#15851,.F.);
#15851 = EDGE_LOOP('',(#15852,#15853,#15854,#15855));
#15852 = ORIENTED_EDGE('',*,*,#5933,.T.);
#15853 = ORIENTED_EDGE('',*,*,#5964,.T.);
#15854 = ORIENTED_EDGE('',*,*,#5997,.T.);
#15855 = ORIENTED_EDGE('',*,*,#6028,.T.);
#15856 = FACE_BOUND('',#15857,.F.);
#15857 = EDGE_LOOP('',(#15858,#15859));
#15858 = ORIENTED_EDGE('',*,*,#6061,.T.);
#15859 = ORIENTED_EDGE('',*,*,#6094,.T.);
#15860 = FACE_BOUND('',#15861,.F.);
#15861 = EDGE_LOOP('',(#15862,#15863));
#15862 = ORIENTED_EDGE('',*,*,#6127,.T.);
#15863 = ORIENTED_EDGE('',*,*,#6160,.T.);
#15864 = FACE_BOUND('',#15865,.F.);
#15865 = EDGE_LOOP('',(#15866,#15867));
#15866 = ORIENTED_EDGE('',*,*,#6193,.T.);
#15867 = ORIENTED_EDGE('',*,*,#6226,.T.);
#15868 = FACE_BOUND('',#15869,.F.);
#15869 = EDGE_LOOP('',(#15870,#15871));
#15870 = ORIENTED_EDGE('',*,*,#6259,.T.);
#15871 = ORIENTED_EDGE('',*,*,#6292,.T.);
#15872 = FACE_BOUND('',#15873,.F.);
#15873 = EDGE_LOOP('',(#15874,#15875));
#15874 = ORIENTED_EDGE('',*,*,#6325,.T.);
#15875 = ORIENTED_EDGE('',*,*,#6358,.T.);
#15876 = FACE_BOUND('',#15877,.F.);
#15877 = EDGE_LOOP('',(#15878,#15879));
#15878 = ORIENTED_EDGE('',*,*,#6391,.T.);
#15879 = ORIENTED_EDGE('',*,*,#6424,.T.);
#15880 = FACE_BOUND('',#15881,.F.);
#15881 = EDGE_LOOP('',(#15882,#15883));
#15882 = ORIENTED_EDGE('',*,*,#6457,.T.);
#15883 = ORIENTED_EDGE('',*,*,#6490,.T.);
#15884 = FACE_BOUND('',#15885,.F.);
#15885 = EDGE_LOOP('',(#15886,#15887));
#15886 = ORIENTED_EDGE('',*,*,#6523,.T.);
#15887 = ORIENTED_EDGE('',*,*,#6556,.T.);
#15888 = FACE_BOUND('',#15889,.F.);
#15889 = EDGE_LOOP('',(#15890,#15891));
#15890 = ORIENTED_EDGE('',*,*,#6589,.T.);
#15891 = ORIENTED_EDGE('',*,*,#6622,.T.);
#15892 = FACE_BOUND('',#15893,.F.);
#15893 = EDGE_LOOP('',(#15894,#15895));
#15894 = ORIENTED_EDGE('',*,*,#6655,.T.);
#15895 = ORIENTED_EDGE('',*,*,#6688,.T.);
#15896 = FACE_BOUND('',#15897,.F.);
#15897 = EDGE_LOOP('',(#15898,#15899));
#15898 = ORIENTED_EDGE('',*,*,#6721,.T.);
#15899 = ORIENTED_EDGE('',*,*,#6754,.T.);
#15900 = FACE_BOUND('',#15901,.F.);
#15901 = EDGE_LOOP('',(#15902,#15903));
#15902 = ORIENTED_EDGE('',*,*,#6787,.T.);
#15903 = ORIENTED_EDGE('',*,*,#6820,.T.);
#15904 = FACE_BOUND('',#15905,.F.);
#15905 = EDGE_LOOP('',(#15906,#15907));
#15906 = ORIENTED_EDGE('',*,*,#6853,.T.);
#15907 = ORIENTED_EDGE('',*,*,#6886,.T.);
#15908 = FACE_BOUND('',#15909,.F.);
#15909 = EDGE_LOOP('',(#15910,#15911));
#15910 = ORIENTED_EDGE('',*,*,#6919,.T.);
#15911 = ORIENTED_EDGE('',*,*,#6952,.T.);
#15912 = FACE_BOUND('',#15913,.F.);
#15913 = EDGE_LOOP('',(#15914,#15915));
#15914 = ORIENTED_EDGE('',*,*,#6985,.T.);
#15915 = ORIENTED_EDGE('',*,*,#7018,.T.);
#15916 = FACE_BOUND('',#15917,.F.);
#15917 = EDGE_LOOP('',(#15918,#15919));
#15918 = ORIENTED_EDGE('',*,*,#7051,.T.);
#15919 = ORIENTED_EDGE('',*,*,#7084,.T.);
#15920 = FACE_BOUND('',#15921,.F.);
#15921 = EDGE_LOOP('',(#15922,#15923));
#15922 = ORIENTED_EDGE('',*,*,#7117,.T.);
#15923 = ORIENTED_EDGE('',*,*,#7150,.T.);
#15924 = FACE_BOUND('',#15925,.F.);
#15925 = EDGE_LOOP('',(#15926,#15927));
#15926 = ORIENTED_EDGE('',*,*,#7183,.T.);
#15927 = ORIENTED_EDGE('',*,*,#7216,.T.);
#15928 = FACE_BOUND('',#15929,.F.);
#15929 = EDGE_LOOP('',(#15930,#15931));
#15930 = ORIENTED_EDGE('',*,*,#7249,.T.);
#15931 = ORIENTED_EDGE('',*,*,#7282,.T.);
#15932 = FACE_BOUND('',#15933,.F.);
#15933 = EDGE_LOOP('',(#15934,#15935));
#15934 = ORIENTED_EDGE('',*,*,#7315,.T.);
#15935 = ORIENTED_EDGE('',*,*,#7348,.T.);
#15936 = FACE_BOUND('',#15937,.F.);
#15937 = EDGE_LOOP('',(#15938,#15939));
#15938 = ORIENTED_EDGE('',*,*,#7381,.T.);
#15939 = ORIENTED_EDGE('',*,*,#7414,.T.);
#15940 = FACE_BOUND('',#15941,.F.);
#15941 = EDGE_LOOP('',(#15942,#15943));
#15942 = ORIENTED_EDGE('',*,*,#7447,.T.);
#15943 = ORIENTED_EDGE('',*,*,#7480,.T.);
#15944 = FACE_BOUND('',#15945,.F.);
#15945 = EDGE_LOOP('',(#15946,#15947));
#15946 = ORIENTED_EDGE('',*,*,#7513,.T.);
#15947 = ORIENTED_EDGE('',*,*,#7546,.T.);
#15948 = FACE_BOUND('',#15949,.F.);
#15949 = EDGE_LOOP('',(#15950,#15951));
#15950 = ORIENTED_EDGE('',*,*,#7579,.T.);
#15951 = ORIENTED_EDGE('',*,*,#7612,.T.);
#15952 = FACE_BOUND('',#15953,.F.);
#15953 = EDGE_LOOP('',(#15954,#15955));
#15954 = ORIENTED_EDGE('',*,*,#7645,.T.);
#15955 = ORIENTED_EDGE('',*,*,#7678,.T.);
#15956 = FACE_BOUND('',#15957,.F.);
#15957 = EDGE_LOOP('',(#15958,#15959));
#15958 = ORIENTED_EDGE('',*,*,#7711,.T.);
#15959 = ORIENTED_EDGE('',*,*,#7744,.T.);
#15960 = FACE_BOUND('',#15961,.F.);
#15961 = EDGE_LOOP('',(#15962,#15963));
#15962 = ORIENTED_EDGE('',*,*,#7777,.T.);
#15963 = ORIENTED_EDGE('',*,*,#7810,.T.);
#15964 = FACE_BOUND('',#15965,.F.);
#15965 = EDGE_LOOP('',(#15966,#15967));
#15966 = ORIENTED_EDGE('',*,*,#7843,.T.);
#15967 = ORIENTED_EDGE('',*,*,#7876,.T.);
#15968 = FACE_BOUND('',#15969,.F.);
#15969 = EDGE_LOOP('',(#15970,#15971));
#15970 = ORIENTED_EDGE('',*,*,#7909,.T.);
#15971 = ORIENTED_EDGE('',*,*,#7942,.T.);
#15972 = FACE_BOUND('',#15973,.F.);
#15973 = EDGE_LOOP('',(#15974,#15975));
#15974 = ORIENTED_EDGE('',*,*,#7975,.T.);
#15975 = ORIENTED_EDGE('',*,*,#8008,.T.);
#15976 = FACE_BOUND('',#15977,.F.);
#15977 = EDGE_LOOP('',(#15978,#15979));
#15978 = ORIENTED_EDGE('',*,*,#8041,.T.);
#15979 = ORIENTED_EDGE('',*,*,#8074,.T.);
#15980 = FACE_BOUND('',#15981,.F.);
#15981 = EDGE_LOOP('',(#15982,#15983));
#15982 = ORIENTED_EDGE('',*,*,#8107,.T.);
#15983 = ORIENTED_EDGE('',*,*,#8140,.T.);
#15984 = FACE_BOUND('',#15985,.F.);
#15985 = EDGE_LOOP('',(#15986,#15987));
#15986 = ORIENTED_EDGE('',*,*,#8173,.T.);
#15987 = ORIENTED_EDGE('',*,*,#8206,.T.);
#15988 = FACE_BOUND('',#15989,.F.);
#15989 = EDGE_LOOP('',(#15990,#15991));
#15990 = ORIENTED_EDGE('',*,*,#8239,.T.);
#15991 = ORIENTED_EDGE('',*,*,#8272,.T.);
#15992 = FACE_BOUND('',#15993,.F.);
#15993 = EDGE_LOOP('',(#15994,#15995));
#15994 = ORIENTED_EDGE('',*,*,#8305,.T.);
#15995 = ORIENTED_EDGE('',*,*,#8338,.T.);
#15996 = FACE_BOUND('',#15997,.F.);
#15997 = EDGE_LOOP('',(#15998,#15999));
#15998 = ORIENTED_EDGE('',*,*,#8371,.T.);
#15999 = ORIENTED_EDGE('',*,*,#8404,.T.);
#16000 = FACE_BOUND('',#16001,.F.);
#16001 = EDGE_LOOP('',(#16002,#16003));
#16002 = ORIENTED_EDGE('',*,*,#8437,.T.);
#16003 = ORIENTED_EDGE('',*,*,#8470,.T.);
#16004 = FACE_BOUND('',#16005,.F.);
#16005 = EDGE_LOOP('',(#16006,#16007));
#16006 = ORIENTED_EDGE('',*,*,#8503,.T.);
#16007 = ORIENTED_EDGE('',*,*,#8536,.T.);
#16008 = FACE_BOUND('',#16009,.F.);
#16009 = EDGE_LOOP('',(#16010,#16011));
#16010 = ORIENTED_EDGE('',*,*,#8569,.T.);
#16011 = ORIENTED_EDGE('',*,*,#8602,.T.);
#16012 = FACE_BOUND('',#16013,.F.);
#16013 = EDGE_LOOP('',(#16014,#16015));
#16014 = ORIENTED_EDGE('',*,*,#8635,.T.);
#16015 = ORIENTED_EDGE('',*,*,#8668,.T.);
#16016 = FACE_BOUND('',#16017,.F.);
#16017 = EDGE_LOOP('',(#16018,#16019));
#16018 = ORIENTED_EDGE('',*,*,#8701,.T.);
#16019 = ORIENTED_EDGE('',*,*,#8734,.T.);
#16020 = FACE_BOUND('',#16021,.F.);
#16021 = EDGE_LOOP('',(#16022,#16023));
#16022 = ORIENTED_EDGE('',*,*,#8767,.T.);
#16023 = ORIENTED_EDGE('',*,*,#8800,.T.);
#16024 = FACE_BOUND('',#16025,.F.);
#16025 = EDGE_LOOP('',(#16026,#16027));
#16026 = ORIENTED_EDGE('',*,*,#8833,.T.);
#16027 = ORIENTED_EDGE('',*,*,#8866,.T.);
#16028 = FACE_BOUND('',#16029,.F.);
#16029 = EDGE_LOOP('',(#16030,#16031));
#16030 = ORIENTED_EDGE('',*,*,#8899,.T.);
#16031 = ORIENTED_EDGE('',*,*,#8932,.T.);
#16032 = FACE_BOUND('',#16033,.F.);
#16033 = EDGE_LOOP('',(#16034,#16035));
#16034 = ORIENTED_EDGE('',*,*,#8965,.T.);
#16035 = ORIENTED_EDGE('',*,*,#8998,.T.);
#16036 = FACE_BOUND('',#16037,.F.);
#16037 = EDGE_LOOP('',(#16038,#16039));
#16038 = ORIENTED_EDGE('',*,*,#9031,.T.);
#16039 = ORIENTED_EDGE('',*,*,#9064,.T.);
#16040 = FACE_BOUND('',#16041,.F.);
#16041 = EDGE_LOOP('',(#16042,#16043));
#16042 = ORIENTED_EDGE('',*,*,#9097,.T.);
#16043 = ORIENTED_EDGE('',*,*,#9130,.T.);
#16044 = FACE_BOUND('',#16045,.F.);
#16045 = EDGE_LOOP('',(#16046,#16047));
#16046 = ORIENTED_EDGE('',*,*,#9163,.T.);
#16047 = ORIENTED_EDGE('',*,*,#9196,.T.);
#16048 = FACE_BOUND('',#16049,.F.);
#16049 = EDGE_LOOP('',(#16050,#16051));
#16050 = ORIENTED_EDGE('',*,*,#9229,.T.);
#16051 = ORIENTED_EDGE('',*,*,#9262,.T.);
#16052 = FACE_BOUND('',#16053,.F.);
#16053 = EDGE_LOOP('',(#16054,#16055));
#16054 = ORIENTED_EDGE('',*,*,#9295,.T.);
#16055 = ORIENTED_EDGE('',*,*,#9328,.T.);
#16056 = FACE_BOUND('',#16057,.F.);
#16057 = EDGE_LOOP('',(#16058,#16059));
#16058 = ORIENTED_EDGE('',*,*,#9361,.T.);
#16059 = ORIENTED_EDGE('',*,*,#9394,.T.);
#16060 = FACE_BOUND('',#16061,.F.);
#16061 = EDGE_LOOP('',(#16062,#16063));
#16062 = ORIENTED_EDGE('',*,*,#9427,.T.);
#16063 = ORIENTED_EDGE('',*,*,#9460,.T.);
#16064 = FACE_BOUND('',#16065,.F.);
#16065 = EDGE_LOOP('',(#16066,#16067));
#16066 = ORIENTED_EDGE('',*,*,#9493,.T.);
#16067 = ORIENTED_EDGE('',*,*,#9526,.T.);
#16068 = FACE_BOUND('',#16069,.F.);
#16069 = EDGE_LOOP('',(#16070,#16071));
#16070 = ORIENTED_EDGE('',*,*,#9559,.T.);
#16071 = ORIENTED_EDGE('',*,*,#9592,.T.);
#16072 = FACE_BOUND('',#16073,.F.);
#16073 = EDGE_LOOP('',(#16074,#16075));
#16074 = ORIENTED_EDGE('',*,*,#9625,.T.);
#16075 = ORIENTED_EDGE('',*,*,#9658,.T.);
#16076 = FACE_BOUND('',#16077,.F.);
#16077 = EDGE_LOOP('',(#16078,#16079));
#16078 = ORIENTED_EDGE('',*,*,#9691,.T.);
#16079 = ORIENTED_EDGE('',*,*,#9724,.T.);
#16080 = FACE_BOUND('',#16081,.F.);
#16081 = EDGE_LOOP('',(#16082,#16083));
#16082 = ORIENTED_EDGE('',*,*,#9757,.T.);
#16083 = ORIENTED_EDGE('',*,*,#9790,.T.);
#16084 = FACE_BOUND('',#16085,.F.);
#16085 = EDGE_LOOP('',(#16086,#16087));
#16086 = ORIENTED_EDGE('',*,*,#9823,.T.);
#16087 = ORIENTED_EDGE('',*,*,#9856,.T.);
#16088 = FACE_BOUND('',#16089,.F.);
#16089 = EDGE_LOOP('',(#16090,#16091));
#16090 = ORIENTED_EDGE('',*,*,#9889,.T.);
#16091 = ORIENTED_EDGE('',*,*,#9922,.T.);
#16092 = FACE_BOUND('',#16093,.F.);
#16093 = EDGE_LOOP('',(#16094,#16095));
#16094 = ORIENTED_EDGE('',*,*,#9955,.T.);
#16095 = ORIENTED_EDGE('',*,*,#9988,.T.);
#16096 = FACE_BOUND('',#16097,.F.);
#16097 = EDGE_LOOP('',(#16098,#16099));
#16098 = ORIENTED_EDGE('',*,*,#10021,.T.);
#16099 = ORIENTED_EDGE('',*,*,#10054,.T.);
#16100 = FACE_BOUND('',#16101,.F.);
#16101 = EDGE_LOOP('',(#16102,#16103));
#16102 = ORIENTED_EDGE('',*,*,#10087,.T.);
#16103 = ORIENTED_EDGE('',*,*,#10120,.T.);
#16104 = FACE_BOUND('',#16105,.F.);
#16105 = EDGE_LOOP('',(#16106,#16107));
#16106 = ORIENTED_EDGE('',*,*,#10153,.T.);
#16107 = ORIENTED_EDGE('',*,*,#10186,.T.);
#16108 = FACE_BOUND('',#16109,.F.);
#16109 = EDGE_LOOP('',(#16110,#16111));
#16110 = ORIENTED_EDGE('',*,*,#10219,.T.);
#16111 = ORIENTED_EDGE('',*,*,#10252,.T.);
#16112 = FACE_BOUND('',#16113,.F.);
#16113 = EDGE_LOOP('',(#16114,#16115));
#16114 = ORIENTED_EDGE('',*,*,#10285,.T.);
#16115 = ORIENTED_EDGE('',*,*,#10318,.T.);
#16116 = FACE_BOUND('',#16117,.F.);
#16117 = EDGE_LOOP('',(#16118,#16119));
#16118 = ORIENTED_EDGE('',*,*,#10351,.T.);
#16119 = ORIENTED_EDGE('',*,*,#10384,.T.);
#16120 = FACE_BOUND('',#16121,.F.);
#16121 = EDGE_LOOP('',(#16122,#16123));
#16122 = ORIENTED_EDGE('',*,*,#10417,.T.);
#16123 = ORIENTED_EDGE('',*,*,#10450,.T.);
#16124 = FACE_BOUND('',#16125,.F.);
#16125 = EDGE_LOOP('',(#16126,#16127));
#16126 = ORIENTED_EDGE('',*,*,#10483,.T.);
#16127 = ORIENTED_EDGE('',*,*,#10516,.T.);
#16128 = FACE_BOUND('',#16129,.F.);
#16129 = EDGE_LOOP('',(#16130,#16131));
#16130 = ORIENTED_EDGE('',*,*,#10549,.T.);
#16131 = ORIENTED_EDGE('',*,*,#10582,.T.);
#16132 = FACE_BOUND('',#16133,.F.);
#16133 = EDGE_LOOP('',(#16134,#16135));
#16134 = ORIENTED_EDGE('',*,*,#10615,.T.);
#16135 = ORIENTED_EDGE('',*,*,#10648,.T.);
#16136 = FACE_BOUND('',#16137,.F.);
#16137 = EDGE_LOOP('',(#16138,#16139));
#16138 = ORIENTED_EDGE('',*,*,#10681,.T.);
#16139 = ORIENTED_EDGE('',*,*,#10714,.T.);
#16140 = FACE_BOUND('',#16141,.F.);
#16141 = EDGE_LOOP('',(#16142,#16143));
#16142 = ORIENTED_EDGE('',*,*,#10747,.T.);
#16143 = ORIENTED_EDGE('',*,*,#10780,.T.);
#16144 = FACE_BOUND('',#16145,.F.);
#16145 = EDGE_LOOP('',(#16146,#16147));
#16146 = ORIENTED_EDGE('',*,*,#10813,.T.);
#16147 = ORIENTED_EDGE('',*,*,#10846,.T.);
#16148 = FACE_BOUND('',#16149,.F.);
#16149 = EDGE_LOOP('',(#16150,#16151));
#16150 = ORIENTED_EDGE('',*,*,#10879,.T.);
#16151 = ORIENTED_EDGE('',*,*,#10912,.T.);
#16152 = FACE_BOUND('',#16153,.F.);
#16153 = EDGE_LOOP('',(#16154,#16155));
#16154 = ORIENTED_EDGE('',*,*,#10945,.T.);
#16155 = ORIENTED_EDGE('',*,*,#10978,.T.);
#16156 = FACE_BOUND('',#16157,.F.);
#16157 = EDGE_LOOP('',(#16158,#16159));
#16158 = ORIENTED_EDGE('',*,*,#11011,.T.);
#16159 = ORIENTED_EDGE('',*,*,#11044,.T.);
#16160 = FACE_BOUND('',#16161,.F.);
#16161 = EDGE_LOOP('',(#16162,#16163));
#16162 = ORIENTED_EDGE('',*,*,#11077,.T.);
#16163 = ORIENTED_EDGE('',*,*,#11110,.T.);
#16164 = FACE_BOUND('',#16165,.F.);
#16165 = EDGE_LOOP('',(#16166,#16167));
#16166 = ORIENTED_EDGE('',*,*,#11143,.T.);
#16167 = ORIENTED_EDGE('',*,*,#11176,.T.);
#16168 = FACE_BOUND('',#16169,.F.);
#16169 = EDGE_LOOP('',(#16170,#16171));
#16170 = ORIENTED_EDGE('',*,*,#11209,.T.);
#16171 = ORIENTED_EDGE('',*,*,#11242,.T.);
#16172 = FACE_BOUND('',#16173,.F.);
#16173 = EDGE_LOOP('',(#16174,#16175));
#16174 = ORIENTED_EDGE('',*,*,#11275,.T.);
#16175 = ORIENTED_EDGE('',*,*,#11308,.T.);
#16176 = FACE_BOUND('',#16177,.F.);
#16177 = EDGE_LOOP('',(#16178,#16179));
#16178 = ORIENTED_EDGE('',*,*,#11341,.T.);
#16179 = ORIENTED_EDGE('',*,*,#11374,.T.);
#16180 = FACE_BOUND('',#16181,.F.);
#16181 = EDGE_LOOP('',(#16182,#16183));
#16182 = ORIENTED_EDGE('',*,*,#11407,.T.);
#16183 = ORIENTED_EDGE('',*,*,#11440,.T.);
#16184 = FACE_BOUND('',#16185,.F.);
#16185 = EDGE_LOOP('',(#16186,#16187));
#16186 = ORIENTED_EDGE('',*,*,#11473,.T.);
#16187 = ORIENTED_EDGE('',*,*,#11506,.T.);
#16188 = FACE_BOUND('',#16189,.F.);
#16189 = EDGE_LOOP('',(#16190,#16191));
#16190 = ORIENTED_EDGE('',*,*,#11539,.T.);
#16191 = ORIENTED_EDGE('',*,*,#11572,.T.);
#16192 = FACE_BOUND('',#16193,.F.);
#16193 = EDGE_LOOP('',(#16194,#16195));
#16194 = ORIENTED_EDGE('',*,*,#11605,.T.);
#16195 = ORIENTED_EDGE('',*,*,#11638,.T.);
#16196 = FACE_BOUND('',#16197,.F.);
#16197 = EDGE_LOOP('',(#16198,#16199));
#16198 = ORIENTED_EDGE('',*,*,#11671,.T.);
#16199 = ORIENTED_EDGE('',*,*,#11704,.T.);
#16200 = FACE_BOUND('',#16201,.F.);
#16201 = EDGE_LOOP('',(#16202,#16203));
#16202 = ORIENTED_EDGE('',*,*,#11737,.T.);
#16203 = ORIENTED_EDGE('',*,*,#11770,.T.);
#16204 = FACE_BOUND('',#16205,.F.);
#16205 = EDGE_LOOP('',(#16206,#16207));
#16206 = ORIENTED_EDGE('',*,*,#11803,.T.);
#16207 = ORIENTED_EDGE('',*,*,#11836,.T.);
#16208 = FACE_BOUND('',#16209,.F.);
#16209 = EDGE_LOOP('',(#16210,#16211));
#16210 = ORIENTED_EDGE('',*,*,#11869,.T.);
#16211 = ORIENTED_EDGE('',*,*,#11902,.T.);
#16212 = FACE_BOUND('',#16213,.F.);
#16213 = EDGE_LOOP('',(#16214,#16215));
#16214 = ORIENTED_EDGE('',*,*,#11935,.T.);
#16215 = ORIENTED_EDGE('',*,*,#11968,.T.);
#16216 = FACE_BOUND('',#16217,.F.);
#16217 = EDGE_LOOP('',(#16218,#16219));
#16218 = ORIENTED_EDGE('',*,*,#12001,.T.);
#16219 = ORIENTED_EDGE('',*,*,#12034,.T.);
#16220 = FACE_BOUND('',#16221,.F.);
#16221 = EDGE_LOOP('',(#16222,#16223));
#16222 = ORIENTED_EDGE('',*,*,#12067,.T.);
#16223 = ORIENTED_EDGE('',*,*,#12100,.T.);
#16224 = FACE_BOUND('',#16225,.F.);
#16225 = EDGE_LOOP('',(#16226,#16227));
#16226 = ORIENTED_EDGE('',*,*,#12133,.T.);
#16227 = ORIENTED_EDGE('',*,*,#12166,.T.);
#16228 = FACE_BOUND('',#16229,.F.);
#16229 = EDGE_LOOP('',(#16230,#16231));
#16230 = ORIENTED_EDGE('',*,*,#12199,.T.);
#16231 = ORIENTED_EDGE('',*,*,#12232,.T.);
#16232 = FACE_BOUND('',#16233,.F.);
#16233 = EDGE_LOOP('',(#16234,#16235));
#16234 = ORIENTED_EDGE('',*,*,#12265,.T.);
#16235 = ORIENTED_EDGE('',*,*,#12298,.T.);
#16236 = FACE_BOUND('',#16237,.F.);
#16237 = EDGE_LOOP('',(#16238,#16239));
#16238 = ORIENTED_EDGE('',*,*,#12331,.T.);
#16239 = ORIENTED_EDGE('',*,*,#12364,.T.);
#16240 = FACE_BOUND('',#16241,.F.);
#16241 = EDGE_LOOP('',(#16242,#16243));
#16242 = ORIENTED_EDGE('',*,*,#12397,.T.);
#16243 = ORIENTED_EDGE('',*,*,#12430,.T.);
#16244 = FACE_BOUND('',#16245,.F.);
#16245 = EDGE_LOOP('',(#16246,#16247));
#16246 = ORIENTED_EDGE('',*,*,#12463,.T.);
#16247 = ORIENTED_EDGE('',*,*,#12496,.T.);
#16248 = FACE_BOUND('',#16249,.F.);
#16249 = EDGE_LOOP('',(#16250,#16251));
#16250 = ORIENTED_EDGE('',*,*,#12529,.T.);
#16251 = ORIENTED_EDGE('',*,*,#12562,.T.);
#16252 = FACE_BOUND('',#16253,.F.);
#16253 = EDGE_LOOP('',(#16254,#16255));
#16254 = ORIENTED_EDGE('',*,*,#12595,.T.);
#16255 = ORIENTED_EDGE('',*,*,#12628,.T.);
#16256 = FACE_BOUND('',#16257,.F.);
#16257 = EDGE_LOOP('',(#16258,#16259));
#16258 = ORIENTED_EDGE('',*,*,#12661,.T.);
#16259 = ORIENTED_EDGE('',*,*,#12694,.T.);
#16260 = FACE_BOUND('',#16261,.F.);
#16261 = EDGE_LOOP('',(#16262,#16263));
#16262 = ORIENTED_EDGE('',*,*,#12727,.T.);
#16263 = ORIENTED_EDGE('',*,*,#12760,.T.);
#16264 = FACE_BOUND('',#16265,.F.);
#16265 = EDGE_LOOP('',(#16266,#16267));
#16266 = ORIENTED_EDGE('',*,*,#12793,.T.);
#16267 = ORIENTED_EDGE('',*,*,#12826,.T.);
#16268 = FACE_BOUND('',#16269,.F.);
#16269 = EDGE_LOOP('',(#16270,#16271));
#16270 = ORIENTED_EDGE('',*,*,#12859,.T.);
#16271 = ORIENTED_EDGE('',*,*,#12892,.T.);
#16272 = FACE_BOUND('',#16273,.F.);
#16273 = EDGE_LOOP('',(#16274,#16275));
#16274 = ORIENTED_EDGE('',*,*,#12925,.T.);
#16275 = ORIENTED_EDGE('',*,*,#12958,.T.);
#16276 = FACE_BOUND('',#16277,.F.);
#16277 = EDGE_LOOP('',(#16278,#16279));
#16278 = ORIENTED_EDGE('',*,*,#12991,.T.);
#16279 = ORIENTED_EDGE('',*,*,#13024,.T.);
#16280 = FACE_BOUND('',#16281,.F.);
#16281 = EDGE_LOOP('',(#16282,#16283));
#16282 = ORIENTED_EDGE('',*,*,#13057,.T.);
#16283 = ORIENTED_EDGE('',*,*,#13090,.T.);
#16284 = FACE_BOUND('',#16285,.F.);
#16285 = EDGE_LOOP('',(#16286,#16287));
#16286 = ORIENTED_EDGE('',*,*,#13123,.T.);
#16287 = ORIENTED_EDGE('',*,*,#13156,.T.);
#16288 = FACE_BOUND('',#16289,.F.);
#16289 = EDGE_LOOP('',(#16290,#16291));
#16290 = ORIENTED_EDGE('',*,*,#13189,.T.);
#16291 = ORIENTED_EDGE('',*,*,#13222,.T.);
#16292 = FACE_BOUND('',#16293,.F.);
#16293 = EDGE_LOOP('',(#16294,#16295,#16296,#16297));
#16294 = ORIENTED_EDGE('',*,*,#13255,.T.);
#16295 = ORIENTED_EDGE('',*,*,#13286,.T.);
#16296 = ORIENTED_EDGE('',*,*,#13319,.T.);
#16297 = ORIENTED_EDGE('',*,*,#13350,.T.);
#16298 = FACE_BOUND('',#16299,.F.);
#16299 = EDGE_LOOP('',(#16300,#16301,#16302,#16303));
#16300 = ORIENTED_EDGE('',*,*,#13383,.T.);
#16301 = ORIENTED_EDGE('',*,*,#13414,.T.);
#16302 = ORIENTED_EDGE('',*,*,#13447,.T.);
#16303 = ORIENTED_EDGE('',*,*,#13478,.T.);
#16304 = FACE_BOUND('',#16305,.F.);
#16305 = EDGE_LOOP('',(#16306,#16307));
#16306 = ORIENTED_EDGE('',*,*,#13511,.T.);
#16307 = ORIENTED_EDGE('',*,*,#13544,.T.);
#16308 = FACE_BOUND('',#16309,.F.);
#16309 = EDGE_LOOP('',(#16310,#16311));
#16310 = ORIENTED_EDGE('',*,*,#13577,.T.);
#16311 = ORIENTED_EDGE('',*,*,#13610,.T.);
#16312 = FACE_BOUND('',#16313,.F.);
#16313 = EDGE_LOOP('',(#16314,#16315));
#16314 = ORIENTED_EDGE('',*,*,#13643,.T.);
#16315 = ORIENTED_EDGE('',*,*,#13676,.T.);
#16316 = FACE_BOUND('',#16317,.F.);
#16317 = EDGE_LOOP('',(#16318,#16319));
#16318 = ORIENTED_EDGE('',*,*,#13709,.T.);
#16319 = ORIENTED_EDGE('',*,*,#13742,.T.);
#16320 = FACE_BOUND('',#16321,.F.);
#16321 = EDGE_LOOP('',(#16322,#16323));
#16322 = ORIENTED_EDGE('',*,*,#13775,.T.);
#16323 = ORIENTED_EDGE('',*,*,#13808,.T.);
#16324 = FACE_BOUND('',#16325,.F.);
#16325 = EDGE_LOOP('',(#16326,#16327));
#16326 = ORIENTED_EDGE('',*,*,#13841,.T.);
#16327 = ORIENTED_EDGE('',*,*,#13874,.T.);
#16328 = FACE_BOUND('',#16329,.F.);
#16329 = EDGE_LOOP('',(#16330,#16331));
#16330 = ORIENTED_EDGE('',*,*,#13907,.T.);
#16331 = ORIENTED_EDGE('',*,*,#13940,.T.);
#16332 = FACE_BOUND('',#16333,.F.);
#16333 = EDGE_LOOP('',(#16334,#16335));
#16334 = ORIENTED_EDGE('',*,*,#13973,.T.);
#16335 = ORIENTED_EDGE('',*,*,#14006,.T.);
#16336 = FACE_BOUND('',#16337,.F.);
#16337 = EDGE_LOOP('',(#16338,#16339));
#16338 = ORIENTED_EDGE('',*,*,#14039,.T.);
#16339 = ORIENTED_EDGE('',*,*,#14072,.T.);
#16340 = FACE_BOUND('',#16341,.F.);
#16341 = EDGE_LOOP('',(#16342,#16343));
#16342 = ORIENTED_EDGE('',*,*,#14105,.T.);
#16343 = ORIENTED_EDGE('',*,*,#14138,.T.);
#16344 = FACE_BOUND('',#16345,.F.);
#16345 = EDGE_LOOP('',(#16346,#16347));
#16346 = ORIENTED_EDGE('',*,*,#14171,.T.);
#16347 = ORIENTED_EDGE('',*,*,#14204,.T.);
#16348 = FACE_BOUND('',#16349,.F.);
#16349 = EDGE_LOOP('',(#16350,#16351));
#16350 = ORIENTED_EDGE('',*,*,#14237,.T.);
#16351 = ORIENTED_EDGE('',*,*,#14270,.T.);
#16352 = FACE_BOUND('',#16353,.F.);
#16353 = EDGE_LOOP('',(#16354,#16355));
#16354 = ORIENTED_EDGE('',*,*,#14303,.T.);
#16355 = ORIENTED_EDGE('',*,*,#14336,.T.);
#16356 = FACE_BOUND('',#16357,.F.);
#16357 = EDGE_LOOP('',(#16358,#16359));
#16358 = ORIENTED_EDGE('',*,*,#14369,.T.);
#16359 = ORIENTED_EDGE('',*,*,#14402,.T.);
#16360 = FACE_BOUND('',#16361,.F.);
#16361 = EDGE_LOOP('',(#16362,#16363,#16364,#16365));
#16362 = ORIENTED_EDGE('',*,*,#14435,.T.);
#16363 = ORIENTED_EDGE('',*,*,#14466,.T.);
#16364 = ORIENTED_EDGE('',*,*,#14499,.T.);
#16365 = ORIENTED_EDGE('',*,*,#14530,.T.);
#16366 = FACE_BOUND('',#16367,.F.);
#16367 = EDGE_LOOP('',(#16368,#16369,#16370,#16371));
#16368 = ORIENTED_EDGE('',*,*,#14563,.T.);
#16369 = ORIENTED_EDGE('',*,*,#14594,.T.);
#16370 = ORIENTED_EDGE('',*,*,#14627,.T.);
#16371 = ORIENTED_EDGE('',*,*,#14658,.T.);
#16372 = PLANE('',#16373);
#16373 = AXIS2_PLACEMENT_3D('',#16374,#16375,#16376);
#16374 = CARTESIAN_POINT('',(50.000100330201,60.000120650241,
    1.600050800102));
#16375 = DIRECTION('',(-0.,-0.,-1.));
#16376 = DIRECTION('',(-1.,0.,0.));
#16377 = ( GEOMETRIC_REPRESENTATION_CONTEXT(3) 
GLOBAL_UNCERTAINTY_ASSIGNED_CONTEXT((#16381)) 
GLOBAL_UNIT_ASSIGNED_CONTEXT((#16378,#16379,#16380)) 
REPRESENTATION_CONTEXT('Context #1',
  '3D Context with UNIT and UNCERTAINTY') );
#16378 = ( LENGTH_UNIT() NAMED_UNIT(*) SI_UNIT(.MILLI.,.METRE.) );
#16379 = ( NAMED_UNIT(*) PLANE_ANGLE_UNIT() SI_UNIT($,.RADIAN.) );
#16380 = ( NAMED_UNIT(*) SI_UNIT($,.STERADIAN.) SOLID_ANGLE_UNIT() );
#16381 = UNCERTAINTY_MEASURE_WITH_UNIT(LENGTH_MEASURE(1.E-07),#16378,
  'distance_accuracy_value','confusion accuracy');
#16382 = CONTEXT_DEPENDENT_SHAPE_REPRESENTATION(#16383,#16385);
#16383 = ( REPRESENTATION_RELATIONSHIP('','',#48,#10) 
REPRESENTATION_RELATIONSHIP_WITH_TRANSFORMATION(#16384) 
SHAPE_REPRESENTATION_RELATIONSHIP() );
#16384 = ITEM_DEFINED_TRANSFORMATION('','',#11,#15);
#16385 = PRODUCT_DEFINITION_SHAPE('Placement','Placement of an item',
  #16386);
#16386 = NEXT_ASSEMBLY_USAGE_OCCURRENCE('1','=>[0:1:1:2]','',#5,#43,$);
#16387 = PRODUCT_RELATED_PRODUCT_CATEGORY('part',$,(#45));
#16388 = SHAPE_DEFINITION_REPRESENTATION(#16389,#16395);
#16389 = PRODUCT_DEFINITION_SHAPE('','',#16390);
#16390 = PRODUCT_DEFINITION('design','',#16391,#16394);
#16391 = PRODUCT_DEFINITION_FORMATION('','',#16392);
#16392 = PRODUCT('TopCopper~Isop','TopCopper~Isop','',(#16393));
#16393 = PRODUCT_CONTEXT('',#2,'mechanical');
#16394 = PRODUCT_DEFINITION_CONTEXT('part definition',#2,'design');
#16395 = SHAPE_REPRESENTATION('',(#11),#16396);
#16396 = ( GEOMETRIC_REPRESENTATION_CONTEXT(3) 
GLOBAL_UNCERTAINTY_ASSIGNED_CONTEXT((#16400)) 
GLOBAL_UNIT_ASSIGNED_CONTEXT((#16397,#16398,#16399)) 
REPRESENTATION_CONTEXT('Context #1',
  '3D Context with UNIT and UNCERTAINTY') );
#16397 = ( LENGTH_UNIT() NAMED_UNIT(*) SI_UNIT(.MILLI.,.METRE.) );
#16398 = ( NAMED_UNIT(*) PLANE_ANGLE_UNIT() SI_UNIT($,.RADIAN.) );
#16399 = ( NAMED_UNIT(*) SI_UNIT($,.STERADIAN.) SOLID_ANGLE_UNIT() );
#16400 = UNCERTAINTY_MEASURE_WITH_UNIT(LENGTH_MEASURE(1.E-07),#16397,
  'distance_accuracy_value','confusion accuracy');
#16401 = CONTEXT_DEPENDENT_SHAPE_REPRESENTATION(#16402,#16404);
#16402 = ( REPRESENTATION_RELATIONSHIP('','',#16395,#10) 
REPRESENTATION_RELATIONSHIP_WITH_TRANSFORMATION(#16403) 
SHAPE_REPRESENTATION_RELATIONSHIP() );
#16403 = ITEM_DEFINED_TRANSFORMATION('','',#11,#19);
#16404 = PRODUCT_DEFINITION_SHAPE('Placement','Placement of an item',
  #16405);
#16405 = NEXT_ASSEMBLY_USAGE_OCCURRENCE('2','=>[0:1:1:3]','',#5,#16390,$
  );
#16406 = PRODUCT_RELATED_PRODUCT_CATEGORY('part',$,(#16392));
#16407 = SHAPE_DEFINITION_REPRESENTATION(#16408,#16414);
#16408 = PRODUCT_DEFINITION_SHAPE('','',#16409);
#16409 = PRODUCT_DEFINITION('design','',#16410,#16413);
#16410 = PRODUCT_DEFINITION_FORMATION('','',#16411);
#16411 = PRODUCT('BottomCopper~Isop','BottomCopper~Isop','',(#16412));
#16412 = PRODUCT_CONTEXT('',#2,'mechanical');
#16413 = PRODUCT_DEFINITION_CONTEXT('part definition',#2,'design');
#16414 = SHAPE_REPRESENTATION('',(#11),#16415);
#16415 = ( GEOMETRIC_REPRESENTATION_CONTEXT(3) 
GLOBAL_UNCERTAINTY_ASSIGNED_CONTEXT((#16419)) 
GLOBAL_UNIT_ASSIGNED_CONTEXT((#16416,#16417,#16418)) 
REPRESENTATION_CONTEXT('Context #1',
  '3D Context with UNIT and UNCERTAINTY') );
#16416 = ( LENGTH_UNIT() NAMED_UNIT(*) SI_UNIT(.MILLI.,.METRE.) );
#16417 = ( NAMED_UNIT(*) PLANE_ANGLE_UNIT() SI_UNIT($,.RADIAN.) );
#16418 = ( NAMED_UNIT(*) SI_UNIT($,.STERADIAN.) SOLID_ANGLE_UNIT() );
#16419 = UNCERTAINTY_MEASURE_WITH_UNIT(LENGTH_MEASURE(1.E-07),#16416,
  'distance_accuracy_value','confusion accuracy');
#16420 = CONTEXT_DEPENDENT_SHAPE_REPRESENTATION(#16421,#16423);
#16421 = ( REPRESENTATION_RELATIONSHIP('','',#16414,#10) 
REPRESENTATION_RELATIONSHIP_WITH_TRANSFORMATION(#16422) 
SHAPE_REPRESENTATION_RELATIONSHIP() );
#16422 = ITEM_DEFINED_TRANSFORMATION('','',#11,#23);
#16423 = PRODUCT_DEFINITION_SHAPE('Placement','Placement of an item',
  #16424);
#16424 = NEXT_ASSEMBLY_USAGE_OCCURRENCE('3','=>[0:1:1:4]','',#5,#16409,$
  );
#16425 = PRODUCT_RELATED_PRODUCT_CATEGORY('part',$,(#16411));
#16426 = SHAPE_DEFINITION_REPRESENTATION(#16427,#16433);
#16427 = PRODUCT_DEFINITION_SHAPE('','',#16428);
#16428 = PRODUCT_DEFINITION('design','',#16429,#16432);
#16429 = PRODUCT_DEFINITION_FORMATION('','',#16430);
#16430 = PRODUCT('TopFpcStiffener~Isop','TopFpcStiffener~Isop','',(
    #16431));
#16431 = PRODUCT_CONTEXT('',#2,'mechanical');
#16432 = PRODUCT_DEFINITION_CONTEXT('part definition',#2,'design');
#16433 = SHAPE_REPRESENTATION('',(#11),#16434);
#16434 = ( GEOMETRIC_REPRESENTATION_CONTEXT(3) 
GLOBAL_UNCERTAINTY_ASSIGNED_CONTEXT((#16438)) 
GLOBAL_UNIT_ASSIGNED_CONTEXT((#16435,#16436,#16437)) 
REPRESENTATION_CONTEXT('Context #1',
  '3D Context with UNIT and UNCERTAINTY') );
#16435 = ( LENGTH_UNIT() NAMED_UNIT(*) SI_UNIT(.MILLI.,.METRE.) );
#16436 = ( NAMED_UNIT(*) PLANE_ANGLE_UNIT() SI_UNIT($,.RADIAN.) );
#16437 = ( NAMED_UNIT(*) SI_UNIT($,.STERADIAN.) SOLID_ANGLE_UNIT() );
#16438 = UNCERTAINTY_MEASURE_WITH_UNIT(LENGTH_MEASURE(1.E-07),#16435,
  'distance_accuracy_value','confusion accuracy');
#16439 = CONTEXT_DEPENDENT_SHAPE_REPRESENTATION(#16440,#16442);
#16440 = ( REPRESENTATION_RELATIONSHIP('','',#16433,#10) 
REPRESENTATION_RELATIONSHIP_WITH_TRANSFORMATION(#16441) 
SHAPE_REPRESENTATION_RELATIONSHIP() );
#16441 = ITEM_DEFINED_TRANSFORMATION('','',#11,#27);
#16442 = PRODUCT_DEFINITION_SHAPE('Placement','Placement of an item',
  #16443);
#16443 = NEXT_ASSEMBLY_USAGE_OCCURRENCE('4','=>[0:1:1:5]','',#5,#16428,$
  );
#16444 = PRODUCT_RELATED_PRODUCT_CATEGORY('part',$,(#16430));
#16445 = SHAPE_DEFINITION_REPRESENTATION(#16446,#16452);
#16446 = PRODUCT_DEFINITION_SHAPE('','',#16447);
#16447 = PRODUCT_DEFINITION('design','',#16448,#16451);
#16448 = PRODUCT_DEFINITION_FORMATION('','',#16449);
#16449 = PRODUCT('BottomFpcStiffener~Isop','BottomFpcStiffener~Isop','',
  (#16450));
#16450 = PRODUCT_CONTEXT('',#2,'mechanical');
#16451 = PRODUCT_DEFINITION_CONTEXT('part definition',#2,'design');
#16452 = SHAPE_REPRESENTATION('',(#11),#16453);
#16453 = ( GEOMETRIC_REPRESENTATION_CONTEXT(3) 
GLOBAL_UNCERTAINTY_ASSIGNED_CONTEXT((#16457)) 
GLOBAL_UNIT_ASSIGNED_CONTEXT((#16454,#16455,#16456)) 
REPRESENTATION_CONTEXT('Context #1',
  '3D Context with UNIT and UNCERTAINTY') );
#16454 = ( LENGTH_UNIT() NAMED_UNIT(*) SI_UNIT(.MILLI.,.METRE.) );
#16455 = ( NAMED_UNIT(*) PLANE_ANGLE_UNIT() SI_UNIT($,.RADIAN.) );
#16456 = ( NAMED_UNIT(*) SI_UNIT($,.STERADIAN.) SOLID_ANGLE_UNIT() );
#16457 = UNCERTAINTY_MEASURE_WITH_UNIT(LENGTH_MEASURE(1.E-07),#16454,
  'distance_accuracy_value','confusion accuracy');
#16458 = CONTEXT_DEPENDENT_SHAPE_REPRESENTATION(#16459,#16461);
#16459 = ( REPRESENTATION_RELATIONSHIP('','',#16452,#10) 
REPRESENTATION_RELATIONSHIP_WITH_TRANSFORMATION(#16460) 
SHAPE_REPRESENTATION_RELATIONSHIP() );
#16460 = ITEM_DEFINED_TRANSFORMATION('','',#11,#31);
#16461 = PRODUCT_DEFINITION_SHAPE('Placement','Placement of an item',
  #16462);
#16462 = NEXT_ASSEMBLY_USAGE_OCCURRENCE('5','=>[0:1:1:6]','',#5,#16447,$
  );
#16463 = PRODUCT_RELATED_PRODUCT_CATEGORY('part',$,(#16449));
#16464 = MECHANICAL_DESIGN_GEOMETRIC_PRESENTATION_REPRESENTATION('',(
    #16465,#16475,#16483,#16490,#16497,#16504,#16511,#16518,#16525,
    #16532,#16539,#16546,#16553,#16560,#16567,#16574,#16581,#16588,
    #16595,#16602,#16609,#16616,#16623,#16630,#16637,#16644,#16651,
    #16658,#16665,#16672,#16679,#16686,#16693,#16700,#16707,#16714,
    #16721,#16728,#16735,#16742,#16749,#16756,#16763,#16770,#16777,
    #16784,#16791,#16798,#16805,#16812,#16819,#16826,#16833,#16840,
    #16847,#16854,#16861,#16868,#16875,#16882,#16889,#16896,#16903,
    #16910,#16917,#16924,#16931,#16938,#16945,#16952,#16959,#16966,
    #16973,#16980,#16987,#16994,#17001,#17008,#17015,#17022,#17029,
    #17036,#17043,#17050,#17057,#17064,#17071,#17078,#17085,#17092,
    #17099,#17106,#17113,#17120,#17127,#17134,#17141,#17148,#17155,
    #17162,#17169,#17176,#17183,#17190,#17197,#17204,#17211,#17218,
    #17225,#17232,#17239,#17246,#17253,#17260,#17267,#17274,#17281,
    #17288,#17295,#17302,#17309,#17316,#17323,#17330,#17337,#17344,
    #17351,#17358,#17365,#17372,#17379,#17386,#17393,#17400,#17407,
    #17414,#17421,#17428,#17435,#17442,#17449,#17456,#17463,#17470,
    #17477,#17484,#17491,#17498,#17505,#17512,#17519,#17526,#17533,
    #17540,#17547,#17554,#17561,#17568,#17575,#17582,#17589,#17596,
    #17603,#17610,#17617,#17624,#17631,#17638,#17645,#17652,#17659,
    #17666,#17673,#17680,#17687,#17694,#17701,#17708,#17715,#17722,
    #17729,#17736,#17743,#17750,#17757,#17764,#17771,#17778,#17785,
    #17792,#17799,#17806,#17813,#17820,#17827,#17834,#17841,#17848,
    #17855,#17862,#17869,#17876,#17883,#17890,#17897,#17904,#17911,
    #17918,#17925,#17932,#17939,#17946,#17953,#17960,#17967,#17974,
    #17981,#17988,#17995,#18002,#18009,#18016,#18023,#18030,#18037,
    #18044,#18051,#18058,#18065,#18072,#18079,#18086,#18093,#18100,
    #18107,#18114,#18121,#18128,#18135,#18142,#18149,#18156,#18163,
    #18170,#18177,#18184,#18191,#18198,#18205,#18212,#18219,#18226,
    #18233,#18240,#18247,#18254,#18261,#18268,#18275,#18282,#18289,
    #18296,#18303,#18310,#18317,#18324,#18331,#18338,#18345,#18352,
    #18359,#18366,#18373,#18380,#18387,#18394,#18401,#18408,#18415,
    #18422,#18429,#18436,#18443,#18450,#18457,#18464,#18471,#18478,
    #18485,#18492,#18499,#18506,#18513,#18520,#18527,#18534,#18541,
    #18548,#18555,#18562,#18569,#18576,#18583,#18590,#18597,#18604,
    #18611,#18618,#18625,#18632,#18639,#18646,#18653,#18660,#18667,
    #18674,#18681,#18688,#18695,#18702,#18709,#18716,#18723,#18730,
    #18737,#18744,#18751,#18758,#18765,#18772,#18779,#18786,#18793,
    #18800,#18807,#18814,#18821,#18828,#18835,#18842,#18849,#18856,
    #18863,#18870,#18877,#18884,#18891,#18898,#18905,#18912,#18919,
    #18926,#18933,#18940,#18947,#18954,#18961,#18968,#18975,#18982,
    #18989,#18996,#19003,#19010,#19017,#19024,#19031,#19038,#19045,
    #19052,#19059,#19066,#19073,#19080,#19087,#19094,#19101,#19108,
    #19115,#19122,#19129,#19136,#19143,#19150,#19157,#19164,#19171,
    #19178,#19185,#19192,#19199,#19206,#19213,#19220,#19227,#19234,
    #19241,#19248,#19255,#19262,#19269,#19276,#19283,#19290,#19297,
    #19304,#19311,#19318,#19325,#19332,#19339,#19346,#19353,#19360,
    #19367,#19374,#19381,#19388,#19395,#19402,#19409,#19416,#19423,
    #19430,#19437,#19444,#19451,#19458,#19465,#19472,#19479,#19486,
    #19493,#19500,#19507,#19514,#19521,#19528,#19535,#19542,#19549,
    #19556,#19563,#19570,#19577,#19584,#19591),#16377);
#16465 = STYLED_ITEM('color',(#16466),#49);
#16466 = PRESENTATION_STYLE_ASSIGNMENT((#16467,#16473));
#16467 = SURFACE_STYLE_USAGE(.BOTH.,#16468);
#16468 = SURFACE_SIDE_STYLE('',(#16469));
#16469 = SURFACE_STYLE_FILL_AREA(#16470);
#16470 = FILL_AREA_STYLE('',(#16471));
#16471 = FILL_AREA_STYLE_COLOUR('',#16472);
#16472 = COLOUR_RGB('',0.317777779443,0.631743026005,0.447503105931);
#16473 = CURVE_STYLE('',#16474,POSITIVE_LENGTH_MEASURE(0.1),#16472);
#16474 = DRAUGHTING_PRE_DEFINED_CURVE_FONT('continuous');
#16475 = OVER_RIDING_STYLED_ITEM('overriding color',(#16476),#51,#16465
  );
#16476 = PRESENTATION_STYLE_ASSIGNMENT((#16477));
#16477 = SURFACE_STYLE_USAGE(.BOTH.,#16478);
#16478 = SURFACE_SIDE_STYLE('',(#16479));
#16479 = SURFACE_STYLE_FILL_AREA(#16480);
#16480 = FILL_AREA_STYLE('',(#16481));
#16481 = FILL_AREA_STYLE_COLOUR('',#16482);
#16482 = COLOUR_RGB('',0.937179583391,0.9357410338,0.649182888601);
#16483 = OVER_RIDING_STYLED_ITEM('overriding color',(#16484),#93,#16465
  );
#16484 = PRESENTATION_STYLE_ASSIGNMENT((#16485));
#16485 = SURFACE_STYLE_USAGE(.BOTH.,#16486);
#16486 = SURFACE_SIDE_STYLE('',(#16487));
#16487 = SURFACE_STYLE_FILL_AREA(#16488);
#16488 = FILL_AREA_STYLE('',(#16489));
#16489 = FILL_AREA_STYLE_COLOUR('',#16482);
#16490 = OVER_RIDING_STYLED_ITEM('overriding color',(#16491),#124,#16465
  );
#16491 = PRESENTATION_STYLE_ASSIGNMENT((#16492));
#16492 = SURFACE_STYLE_USAGE(.BOTH.,#16493);
#16493 = SURFACE_SIDE_STYLE('',(#16494));
#16494 = SURFACE_STYLE_FILL_AREA(#16495);
#16495 = FILL_AREA_STYLE('',(#16496));
#16496 = FILL_AREA_STYLE_COLOUR('',#16482);
#16497 = OVER_RIDING_STYLED_ITEM('overriding color',(#16498),#157,#16465
  );
#16498 = PRESENTATION_STYLE_ASSIGNMENT((#16499));
#16499 = SURFACE_STYLE_USAGE(.BOTH.,#16500);
#16500 = SURFACE_SIDE_STYLE('',(#16501));
#16501 = SURFACE_STYLE_FILL_AREA(#16502);
#16502 = FILL_AREA_STYLE('',(#16503));
#16503 = FILL_AREA_STYLE_COLOUR('',#16482);
#16504 = OVER_RIDING_STYLED_ITEM('overriding color',(#16505),#188,#16465
  );
#16505 = PRESENTATION_STYLE_ASSIGNMENT((#16506));
#16506 = SURFACE_STYLE_USAGE(.BOTH.,#16507);
#16507 = SURFACE_SIDE_STYLE('',(#16508));
#16508 = SURFACE_STYLE_FILL_AREA(#16509);
#16509 = FILL_AREA_STYLE('',(#16510));
#16510 = FILL_AREA_STYLE_COLOUR('',#16482);
#16511 = OVER_RIDING_STYLED_ITEM('overriding color',(#16512),#221,#16465
  );
#16512 = PRESENTATION_STYLE_ASSIGNMENT((#16513));
#16513 = SURFACE_STYLE_USAGE(.BOTH.,#16514);
#16514 = SURFACE_SIDE_STYLE('',(#16515));
#16515 = SURFACE_STYLE_FILL_AREA(#16516);
#16516 = FILL_AREA_STYLE('',(#16517));
#16517 = FILL_AREA_STYLE_COLOUR('',#16482);
#16518 = OVER_RIDING_STYLED_ITEM('overriding color',(#16519),#252,#16465
  );
#16519 = PRESENTATION_STYLE_ASSIGNMENT((#16520));
#16520 = SURFACE_STYLE_USAGE(.BOTH.,#16521);
#16521 = SURFACE_SIDE_STYLE('',(#16522));
#16522 = SURFACE_STYLE_FILL_AREA(#16523);
#16523 = FILL_AREA_STYLE('',(#16524));
#16524 = FILL_AREA_STYLE_COLOUR('',#16482);
#16525 = OVER_RIDING_STYLED_ITEM('overriding color',(#16526),#285,#16465
  );
#16526 = PRESENTATION_STYLE_ASSIGNMENT((#16527));
#16527 = SURFACE_STYLE_USAGE(.BOTH.,#16528);
#16528 = SURFACE_SIDE_STYLE('',(#16529));
#16529 = SURFACE_STYLE_FILL_AREA(#16530);
#16530 = FILL_AREA_STYLE('',(#16531));
#16531 = FILL_AREA_STYLE_COLOUR('',#16482);
#16532 = OVER_RIDING_STYLED_ITEM('overriding color',(#16533),#307,#16465
  );
#16533 = PRESENTATION_STYLE_ASSIGNMENT((#16534));
#16534 = SURFACE_STYLE_USAGE(.BOTH.,#16535);
#16535 = SURFACE_SIDE_STYLE('',(#16536));
#16536 = SURFACE_STYLE_FILL_AREA(#16537);
#16537 = FILL_AREA_STYLE('',(#16538));
#16538 = FILL_AREA_STYLE_COLOUR('',#16482);
#16539 = OVER_RIDING_STYLED_ITEM('overriding color',(#16540),#349,#16465
  );
#16540 = PRESENTATION_STYLE_ASSIGNMENT((#16541));
#16541 = SURFACE_STYLE_USAGE(.BOTH.,#16542);
#16542 = SURFACE_SIDE_STYLE('',(#16543));
#16543 = SURFACE_STYLE_FILL_AREA(#16544);
#16544 = FILL_AREA_STYLE('',(#16545));
#16545 = FILL_AREA_STYLE_COLOUR('',#16482);
#16546 = OVER_RIDING_STYLED_ITEM('overriding color',(#16547),#373,#16465
  );
#16547 = PRESENTATION_STYLE_ASSIGNMENT((#16548));
#16548 = SURFACE_STYLE_USAGE(.BOTH.,#16549);
#16549 = SURFACE_SIDE_STYLE('',(#16550));
#16550 = SURFACE_STYLE_FILL_AREA(#16551);
#16551 = FILL_AREA_STYLE('',(#16552));
#16552 = FILL_AREA_STYLE_COLOUR('',#16482);
#16553 = OVER_RIDING_STYLED_ITEM('overriding color',(#16554),#415,#16465
  );
#16554 = PRESENTATION_STYLE_ASSIGNMENT((#16555));
#16555 = SURFACE_STYLE_USAGE(.BOTH.,#16556);
#16556 = SURFACE_SIDE_STYLE('',(#16557));
#16557 = SURFACE_STYLE_FILL_AREA(#16558);
#16558 = FILL_AREA_STYLE('',(#16559));
#16559 = FILL_AREA_STYLE_COLOUR('',#16482);
#16560 = OVER_RIDING_STYLED_ITEM('overriding color',(#16561),#439,#16465
  );
#16561 = PRESENTATION_STYLE_ASSIGNMENT((#16562));
#16562 = SURFACE_STYLE_USAGE(.BOTH.,#16563);
#16563 = SURFACE_SIDE_STYLE('',(#16564));
#16564 = SURFACE_STYLE_FILL_AREA(#16565);
#16565 = FILL_AREA_STYLE('',(#16566));
#16566 = FILL_AREA_STYLE_COLOUR('',#16482);
#16567 = OVER_RIDING_STYLED_ITEM('overriding color',(#16568),#481,#16465
  );
#16568 = PRESENTATION_STYLE_ASSIGNMENT((#16569));
#16569 = SURFACE_STYLE_USAGE(.BOTH.,#16570);
#16570 = SURFACE_SIDE_STYLE('',(#16571));
#16571 = SURFACE_STYLE_FILL_AREA(#16572);
#16572 = FILL_AREA_STYLE('',(#16573));
#16573 = FILL_AREA_STYLE_COLOUR('',#16482);
#16574 = OVER_RIDING_STYLED_ITEM('overriding color',(#16575),#505,#16465
  );
#16575 = PRESENTATION_STYLE_ASSIGNMENT((#16576));
#16576 = SURFACE_STYLE_USAGE(.BOTH.,#16577);
#16577 = SURFACE_SIDE_STYLE('',(#16578));
#16578 = SURFACE_STYLE_FILL_AREA(#16579);
#16579 = FILL_AREA_STYLE('',(#16580));
#16580 = FILL_AREA_STYLE_COLOUR('',#16482);
#16581 = OVER_RIDING_STYLED_ITEM('overriding color',(#16582),#547,#16465
  );
#16582 = PRESENTATION_STYLE_ASSIGNMENT((#16583));
#16583 = SURFACE_STYLE_USAGE(.BOTH.,#16584);
#16584 = SURFACE_SIDE_STYLE('',(#16585));
#16585 = SURFACE_STYLE_FILL_AREA(#16586);
#16586 = FILL_AREA_STYLE('',(#16587));
#16587 = FILL_AREA_STYLE_COLOUR('',#16482);
#16588 = OVER_RIDING_STYLED_ITEM('overriding color',(#16589),#571,#16465
  );
#16589 = PRESENTATION_STYLE_ASSIGNMENT((#16590));
#16590 = SURFACE_STYLE_USAGE(.BOTH.,#16591);
#16591 = SURFACE_SIDE_STYLE('',(#16592));
#16592 = SURFACE_STYLE_FILL_AREA(#16593);
#16593 = FILL_AREA_STYLE('',(#16594));
#16594 = FILL_AREA_STYLE_COLOUR('',#16482);
#16595 = OVER_RIDING_STYLED_ITEM('overriding color',(#16596),#613,#16465
  );
#16596 = PRESENTATION_STYLE_ASSIGNMENT((#16597));
#16597 = SURFACE_STYLE_USAGE(.BOTH.,#16598);
#16598 = SURFACE_SIDE_STYLE('',(#16599));
#16599 = SURFACE_STYLE_FILL_AREA(#16600);
#16600 = FILL_AREA_STYLE('',(#16601));
#16601 = FILL_AREA_STYLE_COLOUR('',#16482);
#16602 = OVER_RIDING_STYLED_ITEM('overriding color',(#16603),#637,#16465
  );
#16603 = PRESENTATION_STYLE_ASSIGNMENT((#16604));
#16604 = SURFACE_STYLE_USAGE(.BOTH.,#16605);
#16605 = SURFACE_SIDE_STYLE('',(#16606));
#16606 = SURFACE_STYLE_FILL_AREA(#16607);
#16607 = FILL_AREA_STYLE('',(#16608));
#16608 = FILL_AREA_STYLE_COLOUR('',#16482);
#16609 = OVER_RIDING_STYLED_ITEM('overriding color',(#16610),#679,#16465
  );
#16610 = PRESENTATION_STYLE_ASSIGNMENT((#16611));
#16611 = SURFACE_STYLE_USAGE(.BOTH.,#16612);
#16612 = SURFACE_SIDE_STYLE('',(#16613));
#16613 = SURFACE_STYLE_FILL_AREA(#16614);
#16614 = FILL_AREA_STYLE('',(#16615));
#16615 = FILL_AREA_STYLE_COLOUR('',#16482);
#16616 = OVER_RIDING_STYLED_ITEM('overriding color',(#16617),#703,#16465
  );
#16617 = PRESENTATION_STYLE_ASSIGNMENT((#16618));
#16618 = SURFACE_STYLE_USAGE(.BOTH.,#16619);
#16619 = SURFACE_SIDE_STYLE('',(#16620));
#16620 = SURFACE_STYLE_FILL_AREA(#16621);
#16621 = FILL_AREA_STYLE('',(#16622));
#16622 = FILL_AREA_STYLE_COLOUR('',#16482);
#16623 = OVER_RIDING_STYLED_ITEM('overriding color',(#16624),#745,#16465
  );
#16624 = PRESENTATION_STYLE_ASSIGNMENT((#16625));
#16625 = SURFACE_STYLE_USAGE(.BOTH.,#16626);
#16626 = SURFACE_SIDE_STYLE('',(#16627));
#16627 = SURFACE_STYLE_FILL_AREA(#16628);
#16628 = FILL_AREA_STYLE('',(#16629));
#16629 = FILL_AREA_STYLE_COLOUR('',#16482);
#16630 = OVER_RIDING_STYLED_ITEM('overriding color',(#16631),#769,#16465
  );
#16631 = PRESENTATION_STYLE_ASSIGNMENT((#16632));
#16632 = SURFACE_STYLE_USAGE(.BOTH.,#16633);
#16633 = SURFACE_SIDE_STYLE('',(#16634));
#16634 = SURFACE_STYLE_FILL_AREA(#16635);
#16635 = FILL_AREA_STYLE('',(#16636));
#16636 = FILL_AREA_STYLE_COLOUR('',#16482);
#16637 = OVER_RIDING_STYLED_ITEM('overriding color',(#16638),#811,#16465
  );
#16638 = PRESENTATION_STYLE_ASSIGNMENT((#16639));
#16639 = SURFACE_STYLE_USAGE(.BOTH.,#16640);
#16640 = SURFACE_SIDE_STYLE('',(#16641));
#16641 = SURFACE_STYLE_FILL_AREA(#16642);
#16642 = FILL_AREA_STYLE('',(#16643));
#16643 = FILL_AREA_STYLE_COLOUR('',#16482);
#16644 = OVER_RIDING_STYLED_ITEM('overriding color',(#16645),#835,#16465
  );
#16645 = PRESENTATION_STYLE_ASSIGNMENT((#16646));
#16646 = SURFACE_STYLE_USAGE(.BOTH.,#16647);
#16647 = SURFACE_SIDE_STYLE('',(#16648));
#16648 = SURFACE_STYLE_FILL_AREA(#16649);
#16649 = FILL_AREA_STYLE('',(#16650));
#16650 = FILL_AREA_STYLE_COLOUR('',#16482);
#16651 = OVER_RIDING_STYLED_ITEM('overriding color',(#16652),#877,#16465
  );
#16652 = PRESENTATION_STYLE_ASSIGNMENT((#16653));
#16653 = SURFACE_STYLE_USAGE(.BOTH.,#16654);
#16654 = SURFACE_SIDE_STYLE('',(#16655));
#16655 = SURFACE_STYLE_FILL_AREA(#16656);
#16656 = FILL_AREA_STYLE('',(#16657));
#16657 = FILL_AREA_STYLE_COLOUR('',#16482);
#16658 = OVER_RIDING_STYLED_ITEM('overriding color',(#16659),#901,#16465
  );
#16659 = PRESENTATION_STYLE_ASSIGNMENT((#16660));
#16660 = SURFACE_STYLE_USAGE(.BOTH.,#16661);
#16661 = SURFACE_SIDE_STYLE('',(#16662));
#16662 = SURFACE_STYLE_FILL_AREA(#16663);
#16663 = FILL_AREA_STYLE('',(#16664));
#16664 = FILL_AREA_STYLE_COLOUR('',#16482);
#16665 = OVER_RIDING_STYLED_ITEM('overriding color',(#16666),#943,#16465
  );
#16666 = PRESENTATION_STYLE_ASSIGNMENT((#16667));
#16667 = SURFACE_STYLE_USAGE(.BOTH.,#16668);
#16668 = SURFACE_SIDE_STYLE('',(#16669));
#16669 = SURFACE_STYLE_FILL_AREA(#16670);
#16670 = FILL_AREA_STYLE('',(#16671));
#16671 = FILL_AREA_STYLE_COLOUR('',#16482);
#16672 = OVER_RIDING_STYLED_ITEM('overriding color',(#16673),#967,#16465
  );
#16673 = PRESENTATION_STYLE_ASSIGNMENT((#16674));
#16674 = SURFACE_STYLE_USAGE(.BOTH.,#16675);
#16675 = SURFACE_SIDE_STYLE('',(#16676));
#16676 = SURFACE_STYLE_FILL_AREA(#16677);
#16677 = FILL_AREA_STYLE('',(#16678));
#16678 = FILL_AREA_STYLE_COLOUR('',#16482);
#16679 = OVER_RIDING_STYLED_ITEM('overriding color',(#16680),#1009,
  #16465);
#16680 = PRESENTATION_STYLE_ASSIGNMENT((#16681));
#16681 = SURFACE_STYLE_USAGE(.BOTH.,#16682);
#16682 = SURFACE_SIDE_STYLE('',(#16683));
#16683 = SURFACE_STYLE_FILL_AREA(#16684);
#16684 = FILL_AREA_STYLE('',(#16685));
#16685 = FILL_AREA_STYLE_COLOUR('',#16482);
#16686 = OVER_RIDING_STYLED_ITEM('overriding color',(#16687),#1033,
  #16465);
#16687 = PRESENTATION_STYLE_ASSIGNMENT((#16688));
#16688 = SURFACE_STYLE_USAGE(.BOTH.,#16689);
#16689 = SURFACE_SIDE_STYLE('',(#16690));
#16690 = SURFACE_STYLE_FILL_AREA(#16691);
#16691 = FILL_AREA_STYLE('',(#16692));
#16692 = FILL_AREA_STYLE_COLOUR('',#16482);
#16693 = OVER_RIDING_STYLED_ITEM('overriding color',(#16694),#1075,
  #16465);
#16694 = PRESENTATION_STYLE_ASSIGNMENT((#16695));
#16695 = SURFACE_STYLE_USAGE(.BOTH.,#16696);
#16696 = SURFACE_SIDE_STYLE('',(#16697));
#16697 = SURFACE_STYLE_FILL_AREA(#16698);
#16698 = FILL_AREA_STYLE('',(#16699));
#16699 = FILL_AREA_STYLE_COLOUR('',#16482);
#16700 = OVER_RIDING_STYLED_ITEM('overriding color',(#16701),#1099,
  #16465);
#16701 = PRESENTATION_STYLE_ASSIGNMENT((#16702));
#16702 = SURFACE_STYLE_USAGE(.BOTH.,#16703);
#16703 = SURFACE_SIDE_STYLE('',(#16704));
#16704 = SURFACE_STYLE_FILL_AREA(#16705);
#16705 = FILL_AREA_STYLE('',(#16706));
#16706 = FILL_AREA_STYLE_COLOUR('',#16482);
#16707 = OVER_RIDING_STYLED_ITEM('overriding color',(#16708),#1141,
  #16465);
#16708 = PRESENTATION_STYLE_ASSIGNMENT((#16709));
#16709 = SURFACE_STYLE_USAGE(.BOTH.,#16710);
#16710 = SURFACE_SIDE_STYLE('',(#16711));
#16711 = SURFACE_STYLE_FILL_AREA(#16712);
#16712 = FILL_AREA_STYLE('',(#16713));
#16713 = FILL_AREA_STYLE_COLOUR('',#16482);
#16714 = OVER_RIDING_STYLED_ITEM('overriding color',(#16715),#1165,
  #16465);
#16715 = PRESENTATION_STYLE_ASSIGNMENT((#16716));
#16716 = SURFACE_STYLE_USAGE(.BOTH.,#16717);
#16717 = SURFACE_SIDE_STYLE('',(#16718));
#16718 = SURFACE_STYLE_FILL_AREA(#16719);
#16719 = FILL_AREA_STYLE('',(#16720));
#16720 = FILL_AREA_STYLE_COLOUR('',#16482);
#16721 = OVER_RIDING_STYLED_ITEM('overriding color',(#16722),#1207,
  #16465);
#16722 = PRESENTATION_STYLE_ASSIGNMENT((#16723));
#16723 = SURFACE_STYLE_USAGE(.BOTH.,#16724);
#16724 = SURFACE_SIDE_STYLE('',(#16725));
#16725 = SURFACE_STYLE_FILL_AREA(#16726);
#16726 = FILL_AREA_STYLE('',(#16727));
#16727 = FILL_AREA_STYLE_COLOUR('',#16482);
#16728 = OVER_RIDING_STYLED_ITEM('overriding color',(#16729),#1231,
  #16465);
#16729 = PRESENTATION_STYLE_ASSIGNMENT((#16730));
#16730 = SURFACE_STYLE_USAGE(.BOTH.,#16731);
#16731 = SURFACE_SIDE_STYLE('',(#16732));
#16732 = SURFACE_STYLE_FILL_AREA(#16733);
#16733 = FILL_AREA_STYLE('',(#16734));
#16734 = FILL_AREA_STYLE_COLOUR('',#16482);
#16735 = OVER_RIDING_STYLED_ITEM('overriding color',(#16736),#1273,
  #16465);
#16736 = PRESENTATION_STYLE_ASSIGNMENT((#16737));
#16737 = SURFACE_STYLE_USAGE(.BOTH.,#16738);
#16738 = SURFACE_SIDE_STYLE('',(#16739));
#16739 = SURFACE_STYLE_FILL_AREA(#16740);
#16740 = FILL_AREA_STYLE('',(#16741));
#16741 = FILL_AREA_STYLE_COLOUR('',#16482);
#16742 = OVER_RIDING_STYLED_ITEM('overriding color',(#16743),#1297,
  #16465);
#16743 = PRESENTATION_STYLE_ASSIGNMENT((#16744));
#16744 = SURFACE_STYLE_USAGE(.BOTH.,#16745);
#16745 = SURFACE_SIDE_STYLE('',(#16746));
#16746 = SURFACE_STYLE_FILL_AREA(#16747);
#16747 = FILL_AREA_STYLE('',(#16748));
#16748 = FILL_AREA_STYLE_COLOUR('',#16482);
#16749 = OVER_RIDING_STYLED_ITEM('overriding color',(#16750),#1339,
  #16465);
#16750 = PRESENTATION_STYLE_ASSIGNMENT((#16751));
#16751 = SURFACE_STYLE_USAGE(.BOTH.,#16752);
#16752 = SURFACE_SIDE_STYLE('',(#16753));
#16753 = SURFACE_STYLE_FILL_AREA(#16754);
#16754 = FILL_AREA_STYLE('',(#16755));
#16755 = FILL_AREA_STYLE_COLOUR('',#16482);
#16756 = OVER_RIDING_STYLED_ITEM('overriding color',(#16757),#1363,
  #16465);
#16757 = PRESENTATION_STYLE_ASSIGNMENT((#16758));
#16758 = SURFACE_STYLE_USAGE(.BOTH.,#16759);
#16759 = SURFACE_SIDE_STYLE('',(#16760));
#16760 = SURFACE_STYLE_FILL_AREA(#16761);
#16761 = FILL_AREA_STYLE('',(#16762));
#16762 = FILL_AREA_STYLE_COLOUR('',#16482);
#16763 = OVER_RIDING_STYLED_ITEM('overriding color',(#16764),#1405,
  #16465);
#16764 = PRESENTATION_STYLE_ASSIGNMENT((#16765));
#16765 = SURFACE_STYLE_USAGE(.BOTH.,#16766);
#16766 = SURFACE_SIDE_STYLE('',(#16767));
#16767 = SURFACE_STYLE_FILL_AREA(#16768);
#16768 = FILL_AREA_STYLE('',(#16769));
#16769 = FILL_AREA_STYLE_COLOUR('',#16482);
#16770 = OVER_RIDING_STYLED_ITEM('overriding color',(#16771),#1429,
  #16465);
#16771 = PRESENTATION_STYLE_ASSIGNMENT((#16772));
#16772 = SURFACE_STYLE_USAGE(.BOTH.,#16773);
#16773 = SURFACE_SIDE_STYLE('',(#16774));
#16774 = SURFACE_STYLE_FILL_AREA(#16775);
#16775 = FILL_AREA_STYLE('',(#16776));
#16776 = FILL_AREA_STYLE_COLOUR('',#16482);
#16777 = OVER_RIDING_STYLED_ITEM('overriding color',(#16778),#1471,
  #16465);
#16778 = PRESENTATION_STYLE_ASSIGNMENT((#16779));
#16779 = SURFACE_STYLE_USAGE(.BOTH.,#16780);
#16780 = SURFACE_SIDE_STYLE('',(#16781));
#16781 = SURFACE_STYLE_FILL_AREA(#16782);
#16782 = FILL_AREA_STYLE('',(#16783));
#16783 = FILL_AREA_STYLE_COLOUR('',#16482);
#16784 = OVER_RIDING_STYLED_ITEM('overriding color',(#16785),#1495,
  #16465);
#16785 = PRESENTATION_STYLE_ASSIGNMENT((#16786));
#16786 = SURFACE_STYLE_USAGE(.BOTH.,#16787);
#16787 = SURFACE_SIDE_STYLE('',(#16788));
#16788 = SURFACE_STYLE_FILL_AREA(#16789);
#16789 = FILL_AREA_STYLE('',(#16790));
#16790 = FILL_AREA_STYLE_COLOUR('',#16482);
#16791 = OVER_RIDING_STYLED_ITEM('overriding color',(#16792),#1537,
  #16465);
#16792 = PRESENTATION_STYLE_ASSIGNMENT((#16793));
#16793 = SURFACE_STYLE_USAGE(.BOTH.,#16794);
#16794 = SURFACE_SIDE_STYLE('',(#16795));
#16795 = SURFACE_STYLE_FILL_AREA(#16796);
#16796 = FILL_AREA_STYLE('',(#16797));
#16797 = FILL_AREA_STYLE_COLOUR('',#16482);
#16798 = OVER_RIDING_STYLED_ITEM('overriding color',(#16799),#1561,
  #16465);
#16799 = PRESENTATION_STYLE_ASSIGNMENT((#16800));
#16800 = SURFACE_STYLE_USAGE(.BOTH.,#16801);
#16801 = SURFACE_SIDE_STYLE('',(#16802));
#16802 = SURFACE_STYLE_FILL_AREA(#16803);
#16803 = FILL_AREA_STYLE('',(#16804));
#16804 = FILL_AREA_STYLE_COLOUR('',#16482);
#16805 = OVER_RIDING_STYLED_ITEM('overriding color',(#16806),#1603,
  #16465);
#16806 = PRESENTATION_STYLE_ASSIGNMENT((#16807));
#16807 = SURFACE_STYLE_USAGE(.BOTH.,#16808);
#16808 = SURFACE_SIDE_STYLE('',(#16809));
#16809 = SURFACE_STYLE_FILL_AREA(#16810);
#16810 = FILL_AREA_STYLE('',(#16811));
#16811 = FILL_AREA_STYLE_COLOUR('',#16482);
#16812 = OVER_RIDING_STYLED_ITEM('overriding color',(#16813),#1627,
  #16465);
#16813 = PRESENTATION_STYLE_ASSIGNMENT((#16814));
#16814 = SURFACE_STYLE_USAGE(.BOTH.,#16815);
#16815 = SURFACE_SIDE_STYLE('',(#16816));
#16816 = SURFACE_STYLE_FILL_AREA(#16817);
#16817 = FILL_AREA_STYLE('',(#16818));
#16818 = FILL_AREA_STYLE_COLOUR('',#16482);
#16819 = OVER_RIDING_STYLED_ITEM('overriding color',(#16820),#1669,
  #16465);
#16820 = PRESENTATION_STYLE_ASSIGNMENT((#16821));
#16821 = SURFACE_STYLE_USAGE(.BOTH.,#16822);
#16822 = SURFACE_SIDE_STYLE('',(#16823));
#16823 = SURFACE_STYLE_FILL_AREA(#16824);
#16824 = FILL_AREA_STYLE('',(#16825));
#16825 = FILL_AREA_STYLE_COLOUR('',#16482);
#16826 = OVER_RIDING_STYLED_ITEM('overriding color',(#16827),#1693,
  #16465);
#16827 = PRESENTATION_STYLE_ASSIGNMENT((#16828));
#16828 = SURFACE_STYLE_USAGE(.BOTH.,#16829);
#16829 = SURFACE_SIDE_STYLE('',(#16830));
#16830 = SURFACE_STYLE_FILL_AREA(#16831);
#16831 = FILL_AREA_STYLE('',(#16832));
#16832 = FILL_AREA_STYLE_COLOUR('',#16482);
#16833 = OVER_RIDING_STYLED_ITEM('overriding color',(#16834),#1735,
  #16465);
#16834 = PRESENTATION_STYLE_ASSIGNMENT((#16835));
#16835 = SURFACE_STYLE_USAGE(.BOTH.,#16836);
#16836 = SURFACE_SIDE_STYLE('',(#16837));
#16837 = SURFACE_STYLE_FILL_AREA(#16838);
#16838 = FILL_AREA_STYLE('',(#16839));
#16839 = FILL_AREA_STYLE_COLOUR('',#16482);
#16840 = OVER_RIDING_STYLED_ITEM('overriding color',(#16841),#1759,
  #16465);
#16841 = PRESENTATION_STYLE_ASSIGNMENT((#16842));
#16842 = SURFACE_STYLE_USAGE(.BOTH.,#16843);
#16843 = SURFACE_SIDE_STYLE('',(#16844));
#16844 = SURFACE_STYLE_FILL_AREA(#16845);
#16845 = FILL_AREA_STYLE('',(#16846));
#16846 = FILL_AREA_STYLE_COLOUR('',#16482);
#16847 = OVER_RIDING_STYLED_ITEM('overriding color',(#16848),#1801,
  #16465);
#16848 = PRESENTATION_STYLE_ASSIGNMENT((#16849));
#16849 = SURFACE_STYLE_USAGE(.BOTH.,#16850);
#16850 = SURFACE_SIDE_STYLE('',(#16851));
#16851 = SURFACE_STYLE_FILL_AREA(#16852);
#16852 = FILL_AREA_STYLE('',(#16853));
#16853 = FILL_AREA_STYLE_COLOUR('',#16482);
#16854 = OVER_RIDING_STYLED_ITEM('overriding color',(#16855),#1825,
  #16465);
#16855 = PRESENTATION_STYLE_ASSIGNMENT((#16856));
#16856 = SURFACE_STYLE_USAGE(.BOTH.,#16857);
#16857 = SURFACE_SIDE_STYLE('',(#16858));
#16858 = SURFACE_STYLE_FILL_AREA(#16859);
#16859 = FILL_AREA_STYLE('',(#16860));
#16860 = FILL_AREA_STYLE_COLOUR('',#16482);
#16861 = OVER_RIDING_STYLED_ITEM('overriding color',(#16862),#1867,
  #16465);
#16862 = PRESENTATION_STYLE_ASSIGNMENT((#16863));
#16863 = SURFACE_STYLE_USAGE(.BOTH.,#16864);
#16864 = SURFACE_SIDE_STYLE('',(#16865));
#16865 = SURFACE_STYLE_FILL_AREA(#16866);
#16866 = FILL_AREA_STYLE('',(#16867));
#16867 = FILL_AREA_STYLE_COLOUR('',#16482);
#16868 = OVER_RIDING_STYLED_ITEM('overriding color',(#16869),#1891,
  #16465);
#16869 = PRESENTATION_STYLE_ASSIGNMENT((#16870));
#16870 = SURFACE_STYLE_USAGE(.BOTH.,#16871);
#16871 = SURFACE_SIDE_STYLE('',(#16872));
#16872 = SURFACE_STYLE_FILL_AREA(#16873);
#16873 = FILL_AREA_STYLE('',(#16874));
#16874 = FILL_AREA_STYLE_COLOUR('',#16482);
#16875 = OVER_RIDING_STYLED_ITEM('overriding color',(#16876),#1933,
  #16465);
#16876 = PRESENTATION_STYLE_ASSIGNMENT((#16877));
#16877 = SURFACE_STYLE_USAGE(.BOTH.,#16878);
#16878 = SURFACE_SIDE_STYLE('',(#16879));
#16879 = SURFACE_STYLE_FILL_AREA(#16880);
#16880 = FILL_AREA_STYLE('',(#16881));
#16881 = FILL_AREA_STYLE_COLOUR('',#16482);
#16882 = OVER_RIDING_STYLED_ITEM('overriding color',(#16883),#1957,
  #16465);
#16883 = PRESENTATION_STYLE_ASSIGNMENT((#16884));
#16884 = SURFACE_STYLE_USAGE(.BOTH.,#16885);
#16885 = SURFACE_SIDE_STYLE('',(#16886));
#16886 = SURFACE_STYLE_FILL_AREA(#16887);
#16887 = FILL_AREA_STYLE('',(#16888));
#16888 = FILL_AREA_STYLE_COLOUR('',#16482);
#16889 = OVER_RIDING_STYLED_ITEM('overriding color',(#16890),#1999,
  #16465);
#16890 = PRESENTATION_STYLE_ASSIGNMENT((#16891));
#16891 = SURFACE_STYLE_USAGE(.BOTH.,#16892);
#16892 = SURFACE_SIDE_STYLE('',(#16893));
#16893 = SURFACE_STYLE_FILL_AREA(#16894);
#16894 = FILL_AREA_STYLE('',(#16895));
#16895 = FILL_AREA_STYLE_COLOUR('',#16482);
#16896 = OVER_RIDING_STYLED_ITEM('overriding color',(#16897),#2023,
  #16465);
#16897 = PRESENTATION_STYLE_ASSIGNMENT((#16898));
#16898 = SURFACE_STYLE_USAGE(.BOTH.,#16899);
#16899 = SURFACE_SIDE_STYLE('',(#16900));
#16900 = SURFACE_STYLE_FILL_AREA(#16901);
#16901 = FILL_AREA_STYLE('',(#16902));
#16902 = FILL_AREA_STYLE_COLOUR('',#16482);
#16903 = OVER_RIDING_STYLED_ITEM('overriding color',(#16904),#2065,
  #16465);
#16904 = PRESENTATION_STYLE_ASSIGNMENT((#16905));
#16905 = SURFACE_STYLE_USAGE(.BOTH.,#16906);
#16906 = SURFACE_SIDE_STYLE('',(#16907));
#16907 = SURFACE_STYLE_FILL_AREA(#16908);
#16908 = FILL_AREA_STYLE('',(#16909));
#16909 = FILL_AREA_STYLE_COLOUR('',#16482);
#16910 = OVER_RIDING_STYLED_ITEM('overriding color',(#16911),#2089,
  #16465);
#16911 = PRESENTATION_STYLE_ASSIGNMENT((#16912));
#16912 = SURFACE_STYLE_USAGE(.BOTH.,#16913);
#16913 = SURFACE_SIDE_STYLE('',(#16914));
#16914 = SURFACE_STYLE_FILL_AREA(#16915);
#16915 = FILL_AREA_STYLE('',(#16916));
#16916 = FILL_AREA_STYLE_COLOUR('',#16482);
#16917 = OVER_RIDING_STYLED_ITEM('overriding color',(#16918),#2131,
  #16465);
#16918 = PRESENTATION_STYLE_ASSIGNMENT((#16919));
#16919 = SURFACE_STYLE_USAGE(.BOTH.,#16920);
#16920 = SURFACE_SIDE_STYLE('',(#16921));
#16921 = SURFACE_STYLE_FILL_AREA(#16922);
#16922 = FILL_AREA_STYLE('',(#16923));
#16923 = FILL_AREA_STYLE_COLOUR('',#16482);
#16924 = OVER_RIDING_STYLED_ITEM('overriding color',(#16925),#2155,
  #16465);
#16925 = PRESENTATION_STYLE_ASSIGNMENT((#16926));
#16926 = SURFACE_STYLE_USAGE(.BOTH.,#16927);
#16927 = SURFACE_SIDE_STYLE('',(#16928));
#16928 = SURFACE_STYLE_FILL_AREA(#16929);
#16929 = FILL_AREA_STYLE('',(#16930));
#16930 = FILL_AREA_STYLE_COLOUR('',#16482);
#16931 = OVER_RIDING_STYLED_ITEM('overriding color',(#16932),#2197,
  #16465);
#16932 = PRESENTATION_STYLE_ASSIGNMENT((#16933));
#16933 = SURFACE_STYLE_USAGE(.BOTH.,#16934);
#16934 = SURFACE_SIDE_STYLE('',(#16935));
#16935 = SURFACE_STYLE_FILL_AREA(#16936);
#16936 = FILL_AREA_STYLE('',(#16937));
#16937 = FILL_AREA_STYLE_COLOUR('',#16482);
#16938 = OVER_RIDING_STYLED_ITEM('overriding color',(#16939),#2221,
  #16465);
#16939 = PRESENTATION_STYLE_ASSIGNMENT((#16940));
#16940 = SURFACE_STYLE_USAGE(.BOTH.,#16941);
#16941 = SURFACE_SIDE_STYLE('',(#16942));
#16942 = SURFACE_STYLE_FILL_AREA(#16943);
#16943 = FILL_AREA_STYLE('',(#16944));
#16944 = FILL_AREA_STYLE_COLOUR('',#16482);
#16945 = OVER_RIDING_STYLED_ITEM('overriding color',(#16946),#2263,
  #16465);
#16946 = PRESENTATION_STYLE_ASSIGNMENT((#16947));
#16947 = SURFACE_STYLE_USAGE(.BOTH.,#16948);
#16948 = SURFACE_SIDE_STYLE('',(#16949));
#16949 = SURFACE_STYLE_FILL_AREA(#16950);
#16950 = FILL_AREA_STYLE('',(#16951));
#16951 = FILL_AREA_STYLE_COLOUR('',#16482);
#16952 = OVER_RIDING_STYLED_ITEM('overriding color',(#16953),#2287,
  #16465);
#16953 = PRESENTATION_STYLE_ASSIGNMENT((#16954));
#16954 = SURFACE_STYLE_USAGE(.BOTH.,#16955);
#16955 = SURFACE_SIDE_STYLE('',(#16956));
#16956 = SURFACE_STYLE_FILL_AREA(#16957);
#16957 = FILL_AREA_STYLE('',(#16958));
#16958 = FILL_AREA_STYLE_COLOUR('',#16482);
#16959 = OVER_RIDING_STYLED_ITEM('overriding color',(#16960),#2327,
  #16465);
#16960 = PRESENTATION_STYLE_ASSIGNMENT((#16961));
#16961 = SURFACE_STYLE_USAGE(.BOTH.,#16962);
#16962 = SURFACE_SIDE_STYLE('',(#16963));
#16963 = SURFACE_STYLE_FILL_AREA(#16964);
#16964 = FILL_AREA_STYLE('',(#16965));
#16965 = FILL_AREA_STYLE_COLOUR('',#16482);
#16966 = OVER_RIDING_STYLED_ITEM('overriding color',(#16967),#2360,
  #16465);
#16967 = PRESENTATION_STYLE_ASSIGNMENT((#16968));
#16968 = SURFACE_STYLE_USAGE(.BOTH.,#16969);
#16969 = SURFACE_SIDE_STYLE('',(#16970));
#16970 = SURFACE_STYLE_FILL_AREA(#16971);
#16971 = FILL_AREA_STYLE('',(#16972));
#16972 = FILL_AREA_STYLE_COLOUR('',#16482);
#16973 = OVER_RIDING_STYLED_ITEM('overriding color',(#16974),#2391,
  #16465);
#16974 = PRESENTATION_STYLE_ASSIGNMENT((#16975));
#16975 = SURFACE_STYLE_USAGE(.BOTH.,#16976);
#16976 = SURFACE_SIDE_STYLE('',(#16977));
#16977 = SURFACE_STYLE_FILL_AREA(#16978);
#16978 = FILL_AREA_STYLE('',(#16979));
#16979 = FILL_AREA_STYLE_COLOUR('',#16482);
#16980 = OVER_RIDING_STYLED_ITEM('overriding color',(#16981),#2415,
  #16465);
#16981 = PRESENTATION_STYLE_ASSIGNMENT((#16982));
#16982 = SURFACE_STYLE_USAGE(.BOTH.,#16983);
#16983 = SURFACE_SIDE_STYLE('',(#16984));
#16984 = SURFACE_STYLE_FILL_AREA(#16985);
#16985 = FILL_AREA_STYLE('',(#16986));
#16986 = FILL_AREA_STYLE_COLOUR('',#16482);
#16987 = OVER_RIDING_STYLED_ITEM('overriding color',(#16988),#2455,
  #16465);
#16988 = PRESENTATION_STYLE_ASSIGNMENT((#16989));
#16989 = SURFACE_STYLE_USAGE(.BOTH.,#16990);
#16990 = SURFACE_SIDE_STYLE('',(#16991));
#16991 = SURFACE_STYLE_FILL_AREA(#16992);
#16992 = FILL_AREA_STYLE('',(#16993));
#16993 = FILL_AREA_STYLE_COLOUR('',#16482);
#16994 = OVER_RIDING_STYLED_ITEM('overriding color',(#16995),#2488,
  #16465);
#16995 = PRESENTATION_STYLE_ASSIGNMENT((#16996));
#16996 = SURFACE_STYLE_USAGE(.BOTH.,#16997);
#16997 = SURFACE_SIDE_STYLE('',(#16998));
#16998 = SURFACE_STYLE_FILL_AREA(#16999);
#16999 = FILL_AREA_STYLE('',(#17000));
#17000 = FILL_AREA_STYLE_COLOUR('',#16482);
#17001 = OVER_RIDING_STYLED_ITEM('overriding color',(#17002),#2519,
  #16465);
#17002 = PRESENTATION_STYLE_ASSIGNMENT((#17003));
#17003 = SURFACE_STYLE_USAGE(.BOTH.,#17004);
#17004 = SURFACE_SIDE_STYLE('',(#17005));
#17005 = SURFACE_STYLE_FILL_AREA(#17006);
#17006 = FILL_AREA_STYLE('',(#17007));
#17007 = FILL_AREA_STYLE_COLOUR('',#16482);
#17008 = OVER_RIDING_STYLED_ITEM('overriding color',(#17009),#2543,
  #16465);
#17009 = PRESENTATION_STYLE_ASSIGNMENT((#17010));
#17010 = SURFACE_STYLE_USAGE(.BOTH.,#17011);
#17011 = SURFACE_SIDE_STYLE('',(#17012));
#17012 = SURFACE_STYLE_FILL_AREA(#17013);
#17013 = FILL_AREA_STYLE('',(#17014));
#17014 = FILL_AREA_STYLE_COLOUR('',#16482);
#17015 = OVER_RIDING_STYLED_ITEM('overriding color',(#17016),#2583,
  #16465);
#17016 = PRESENTATION_STYLE_ASSIGNMENT((#17017));
#17017 = SURFACE_STYLE_USAGE(.BOTH.,#17018);
#17018 = SURFACE_SIDE_STYLE('',(#17019));
#17019 = SURFACE_STYLE_FILL_AREA(#17020);
#17020 = FILL_AREA_STYLE('',(#17021));
#17021 = FILL_AREA_STYLE_COLOUR('',#16482);
#17022 = OVER_RIDING_STYLED_ITEM('overriding color',(#17023),#2616,
  #16465);
#17023 = PRESENTATION_STYLE_ASSIGNMENT((#17024));
#17024 = SURFACE_STYLE_USAGE(.BOTH.,#17025);
#17025 = SURFACE_SIDE_STYLE('',(#17026));
#17026 = SURFACE_STYLE_FILL_AREA(#17027);
#17027 = FILL_AREA_STYLE('',(#17028));
#17028 = FILL_AREA_STYLE_COLOUR('',#16482);
#17029 = OVER_RIDING_STYLED_ITEM('overriding color',(#17030),#2647,
  #16465);
#17030 = PRESENTATION_STYLE_ASSIGNMENT((#17031));
#17031 = SURFACE_STYLE_USAGE(.BOTH.,#17032);
#17032 = SURFACE_SIDE_STYLE('',(#17033));
#17033 = SURFACE_STYLE_FILL_AREA(#17034);
#17034 = FILL_AREA_STYLE('',(#17035));
#17035 = FILL_AREA_STYLE_COLOUR('',#16482);
#17036 = OVER_RIDING_STYLED_ITEM('overriding color',(#17037),#2671,
  #16465);
#17037 = PRESENTATION_STYLE_ASSIGNMENT((#17038));
#17038 = SURFACE_STYLE_USAGE(.BOTH.,#17039);
#17039 = SURFACE_SIDE_STYLE('',(#17040));
#17040 = SURFACE_STYLE_FILL_AREA(#17041);
#17041 = FILL_AREA_STYLE('',(#17042));
#17042 = FILL_AREA_STYLE_COLOUR('',#16482);
#17043 = OVER_RIDING_STYLED_ITEM('overriding color',(#17044),#2711,
  #16465);
#17044 = PRESENTATION_STYLE_ASSIGNMENT((#17045));
#17045 = SURFACE_STYLE_USAGE(.BOTH.,#17046);
#17046 = SURFACE_SIDE_STYLE('',(#17047));
#17047 = SURFACE_STYLE_FILL_AREA(#17048);
#17048 = FILL_AREA_STYLE('',(#17049));
#17049 = FILL_AREA_STYLE_COLOUR('',#16482);
#17050 = OVER_RIDING_STYLED_ITEM('overriding color',(#17051),#2744,
  #16465);
#17051 = PRESENTATION_STYLE_ASSIGNMENT((#17052));
#17052 = SURFACE_STYLE_USAGE(.BOTH.,#17053);
#17053 = SURFACE_SIDE_STYLE('',(#17054));
#17054 = SURFACE_STYLE_FILL_AREA(#17055);
#17055 = FILL_AREA_STYLE('',(#17056));
#17056 = FILL_AREA_STYLE_COLOUR('',#16482);
#17057 = OVER_RIDING_STYLED_ITEM('overriding color',(#17058),#2775,
  #16465);
#17058 = PRESENTATION_STYLE_ASSIGNMENT((#17059));
#17059 = SURFACE_STYLE_USAGE(.BOTH.,#17060);
#17060 = SURFACE_SIDE_STYLE('',(#17061));
#17061 = SURFACE_STYLE_FILL_AREA(#17062);
#17062 = FILL_AREA_STYLE('',(#17063));
#17063 = FILL_AREA_STYLE_COLOUR('',#16482);
#17064 = OVER_RIDING_STYLED_ITEM('overriding color',(#17065),#2799,
  #16465);
#17065 = PRESENTATION_STYLE_ASSIGNMENT((#17066));
#17066 = SURFACE_STYLE_USAGE(.BOTH.,#17067);
#17067 = SURFACE_SIDE_STYLE('',(#17068));
#17068 = SURFACE_STYLE_FILL_AREA(#17069);
#17069 = FILL_AREA_STYLE('',(#17070));
#17070 = FILL_AREA_STYLE_COLOUR('',#16482);
#17071 = OVER_RIDING_STYLED_ITEM('overriding color',(#17072),#2839,
  #16465);
#17072 = PRESENTATION_STYLE_ASSIGNMENT((#17073));
#17073 = SURFACE_STYLE_USAGE(.BOTH.,#17074);
#17074 = SURFACE_SIDE_STYLE('',(#17075));
#17075 = SURFACE_STYLE_FILL_AREA(#17076);
#17076 = FILL_AREA_STYLE('',(#17077));
#17077 = FILL_AREA_STYLE_COLOUR('',#16482);
#17078 = OVER_RIDING_STYLED_ITEM('overriding color',(#17079),#2872,
  #16465);
#17079 = PRESENTATION_STYLE_ASSIGNMENT((#17080));
#17080 = SURFACE_STYLE_USAGE(.BOTH.,#17081);
#17081 = SURFACE_SIDE_STYLE('',(#17082));
#17082 = SURFACE_STYLE_FILL_AREA(#17083);
#17083 = FILL_AREA_STYLE('',(#17084));
#17084 = FILL_AREA_STYLE_COLOUR('',#16482);
#17085 = OVER_RIDING_STYLED_ITEM('overriding color',(#17086),#2903,
  #16465);
#17086 = PRESENTATION_STYLE_ASSIGNMENT((#17087));
#17087 = SURFACE_STYLE_USAGE(.BOTH.,#17088);
#17088 = SURFACE_SIDE_STYLE('',(#17089));
#17089 = SURFACE_STYLE_FILL_AREA(#17090);
#17090 = FILL_AREA_STYLE('',(#17091));
#17091 = FILL_AREA_STYLE_COLOUR('',#16482);
#17092 = OVER_RIDING_STYLED_ITEM('overriding color',(#17093),#2927,
  #16465);
#17093 = PRESENTATION_STYLE_ASSIGNMENT((#17094));
#17094 = SURFACE_STYLE_USAGE(.BOTH.,#17095);
#17095 = SURFACE_SIDE_STYLE('',(#17096));
#17096 = SURFACE_STYLE_FILL_AREA(#17097);
#17097 = FILL_AREA_STYLE('',(#17098));
#17098 = FILL_AREA_STYLE_COLOUR('',#16482);
#17099 = OVER_RIDING_STYLED_ITEM('overriding color',(#17100),#2967,
  #16465);
#17100 = PRESENTATION_STYLE_ASSIGNMENT((#17101));
#17101 = SURFACE_STYLE_USAGE(.BOTH.,#17102);
#17102 = SURFACE_SIDE_STYLE('',(#17103));
#17103 = SURFACE_STYLE_FILL_AREA(#17104);
#17104 = FILL_AREA_STYLE('',(#17105));
#17105 = FILL_AREA_STYLE_COLOUR('',#16482);
#17106 = OVER_RIDING_STYLED_ITEM('overriding color',(#17107),#3000,
  #16465);
#17107 = PRESENTATION_STYLE_ASSIGNMENT((#17108));
#17108 = SURFACE_STYLE_USAGE(.BOTH.,#17109);
#17109 = SURFACE_SIDE_STYLE('',(#17110));
#17110 = SURFACE_STYLE_FILL_AREA(#17111);
#17111 = FILL_AREA_STYLE('',(#17112));
#17112 = FILL_AREA_STYLE_COLOUR('',#16482);
#17113 = OVER_RIDING_STYLED_ITEM('overriding color',(#17114),#3031,
  #16465);
#17114 = PRESENTATION_STYLE_ASSIGNMENT((#17115));
#17115 = SURFACE_STYLE_USAGE(.BOTH.,#17116);
#17116 = SURFACE_SIDE_STYLE('',(#17117));
#17117 = SURFACE_STYLE_FILL_AREA(#17118);
#17118 = FILL_AREA_STYLE('',(#17119));
#17119 = FILL_AREA_STYLE_COLOUR('',#16482);
#17120 = OVER_RIDING_STYLED_ITEM('overriding color',(#17121),#3055,
  #16465);
#17121 = PRESENTATION_STYLE_ASSIGNMENT((#17122));
#17122 = SURFACE_STYLE_USAGE(.BOTH.,#17123);
#17123 = SURFACE_SIDE_STYLE('',(#17124));
#17124 = SURFACE_STYLE_FILL_AREA(#17125);
#17125 = FILL_AREA_STYLE('',(#17126));
#17126 = FILL_AREA_STYLE_COLOUR('',#16482);
#17127 = OVER_RIDING_STYLED_ITEM('overriding color',(#17128),#3097,
  #16465);
#17128 = PRESENTATION_STYLE_ASSIGNMENT((#17129));
#17129 = SURFACE_STYLE_USAGE(.BOTH.,#17130);
#17130 = SURFACE_SIDE_STYLE('',(#17131));
#17131 = SURFACE_STYLE_FILL_AREA(#17132);
#17132 = FILL_AREA_STYLE('',(#17133));
#17133 = FILL_AREA_STYLE_COLOUR('',#16482);
#17134 = OVER_RIDING_STYLED_ITEM('overriding color',(#17135),#3121,
  #16465);
#17135 = PRESENTATION_STYLE_ASSIGNMENT((#17136));
#17136 = SURFACE_STYLE_USAGE(.BOTH.,#17137);
#17137 = SURFACE_SIDE_STYLE('',(#17138));
#17138 = SURFACE_STYLE_FILL_AREA(#17139);
#17139 = FILL_AREA_STYLE('',(#17140));
#17140 = FILL_AREA_STYLE_COLOUR('',#16482);
#17141 = OVER_RIDING_STYLED_ITEM('overriding color',(#17142),#3163,
  #16465);
#17142 = PRESENTATION_STYLE_ASSIGNMENT((#17143));
#17143 = SURFACE_STYLE_USAGE(.BOTH.,#17144);
#17144 = SURFACE_SIDE_STYLE('',(#17145));
#17145 = SURFACE_STYLE_FILL_AREA(#17146);
#17146 = FILL_AREA_STYLE('',(#17147));
#17147 = FILL_AREA_STYLE_COLOUR('',#16482);
#17148 = OVER_RIDING_STYLED_ITEM('overriding color',(#17149),#3187,
  #16465);
#17149 = PRESENTATION_STYLE_ASSIGNMENT((#17150));
#17150 = SURFACE_STYLE_USAGE(.BOTH.,#17151);
#17151 = SURFACE_SIDE_STYLE('',(#17152));
#17152 = SURFACE_STYLE_FILL_AREA(#17153);
#17153 = FILL_AREA_STYLE('',(#17154));
#17154 = FILL_AREA_STYLE_COLOUR('',#16482);
#17155 = OVER_RIDING_STYLED_ITEM('overriding color',(#17156),#3229,
  #16465);
#17156 = PRESENTATION_STYLE_ASSIGNMENT((#17157));
#17157 = SURFACE_STYLE_USAGE(.BOTH.,#17158);
#17158 = SURFACE_SIDE_STYLE('',(#17159));
#17159 = SURFACE_STYLE_FILL_AREA(#17160);
#17160 = FILL_AREA_STYLE('',(#17161));
#17161 = FILL_AREA_STYLE_COLOUR('',#16482);
#17162 = OVER_RIDING_STYLED_ITEM('overriding color',(#17163),#3253,
  #16465);
#17163 = PRESENTATION_STYLE_ASSIGNMENT((#17164));
#17164 = SURFACE_STYLE_USAGE(.BOTH.,#17165);
#17165 = SURFACE_SIDE_STYLE('',(#17166));
#17166 = SURFACE_STYLE_FILL_AREA(#17167);
#17167 = FILL_AREA_STYLE('',(#17168));
#17168 = FILL_AREA_STYLE_COLOUR('',#16482);
#17169 = OVER_RIDING_STYLED_ITEM('overriding color',(#17170),#3295,
  #16465);
#17170 = PRESENTATION_STYLE_ASSIGNMENT((#17171));
#17171 = SURFACE_STYLE_USAGE(.BOTH.,#17172);
#17172 = SURFACE_SIDE_STYLE('',(#17173));
#17173 = SURFACE_STYLE_FILL_AREA(#17174);
#17174 = FILL_AREA_STYLE('',(#17175));
#17175 = FILL_AREA_STYLE_COLOUR('',#16482);
#17176 = OVER_RIDING_STYLED_ITEM('overriding color',(#17177),#3319,
  #16465);
#17177 = PRESENTATION_STYLE_ASSIGNMENT((#17178));
#17178 = SURFACE_STYLE_USAGE(.BOTH.,#17179);
#17179 = SURFACE_SIDE_STYLE('',(#17180));
#17180 = SURFACE_STYLE_FILL_AREA(#17181);
#17181 = FILL_AREA_STYLE('',(#17182));
#17182 = FILL_AREA_STYLE_COLOUR('',#16482);
#17183 = OVER_RIDING_STYLED_ITEM('overriding color',(#17184),#3361,
  #16465);
#17184 = PRESENTATION_STYLE_ASSIGNMENT((#17185));
#17185 = SURFACE_STYLE_USAGE(.BOTH.,#17186);
#17186 = SURFACE_SIDE_STYLE('',(#17187));
#17187 = SURFACE_STYLE_FILL_AREA(#17188);
#17188 = FILL_AREA_STYLE('',(#17189));
#17189 = FILL_AREA_STYLE_COLOUR('',#16482);
#17190 = OVER_RIDING_STYLED_ITEM('overriding color',(#17191),#3385,
  #16465);
#17191 = PRESENTATION_STYLE_ASSIGNMENT((#17192));
#17192 = SURFACE_STYLE_USAGE(.BOTH.,#17193);
#17193 = SURFACE_SIDE_STYLE('',(#17194));
#17194 = SURFACE_STYLE_FILL_AREA(#17195);
#17195 = FILL_AREA_STYLE('',(#17196));
#17196 = FILL_AREA_STYLE_COLOUR('',#16482);
#17197 = OVER_RIDING_STYLED_ITEM('overriding color',(#17198),#3427,
  #16465);
#17198 = PRESENTATION_STYLE_ASSIGNMENT((#17199));
#17199 = SURFACE_STYLE_USAGE(.BOTH.,#17200);
#17200 = SURFACE_SIDE_STYLE('',(#17201));
#17201 = SURFACE_STYLE_FILL_AREA(#17202);
#17202 = FILL_AREA_STYLE('',(#17203));
#17203 = FILL_AREA_STYLE_COLOUR('',#16482);
#17204 = OVER_RIDING_STYLED_ITEM('overriding color',(#17205),#3451,
  #16465);
#17205 = PRESENTATION_STYLE_ASSIGNMENT((#17206));
#17206 = SURFACE_STYLE_USAGE(.BOTH.,#17207);
#17207 = SURFACE_SIDE_STYLE('',(#17208));
#17208 = SURFACE_STYLE_FILL_AREA(#17209);
#17209 = FILL_AREA_STYLE('',(#17210));
#17210 = FILL_AREA_STYLE_COLOUR('',#16482);
#17211 = OVER_RIDING_STYLED_ITEM('overriding color',(#17212),#3493,
  #16465);
#17212 = PRESENTATION_STYLE_ASSIGNMENT((#17213));
#17213 = SURFACE_STYLE_USAGE(.BOTH.,#17214);
#17214 = SURFACE_SIDE_STYLE('',(#17215));
#17215 = SURFACE_STYLE_FILL_AREA(#17216);
#17216 = FILL_AREA_STYLE('',(#17217));
#17217 = FILL_AREA_STYLE_COLOUR('',#16482);
#17218 = OVER_RIDING_STYLED_ITEM('overriding color',(#17219),#3517,
  #16465);
#17219 = PRESENTATION_STYLE_ASSIGNMENT((#17220));
#17220 = SURFACE_STYLE_USAGE(.BOTH.,#17221);
#17221 = SURFACE_SIDE_STYLE('',(#17222));
#17222 = SURFACE_STYLE_FILL_AREA(#17223);
#17223 = FILL_AREA_STYLE('',(#17224));
#17224 = FILL_AREA_STYLE_COLOUR('',#16482);
#17225 = OVER_RIDING_STYLED_ITEM('overriding color',(#17226),#3559,
  #16465);
#17226 = PRESENTATION_STYLE_ASSIGNMENT((#17227));
#17227 = SURFACE_STYLE_USAGE(.BOTH.,#17228);
#17228 = SURFACE_SIDE_STYLE('',(#17229));
#17229 = SURFACE_STYLE_FILL_AREA(#17230);
#17230 = FILL_AREA_STYLE('',(#17231));
#17231 = FILL_AREA_STYLE_COLOUR('',#16482);
#17232 = OVER_RIDING_STYLED_ITEM('overriding color',(#17233),#3583,
  #16465);
#17233 = PRESENTATION_STYLE_ASSIGNMENT((#17234));
#17234 = SURFACE_STYLE_USAGE(.BOTH.,#17235);
#17235 = SURFACE_SIDE_STYLE('',(#17236));
#17236 = SURFACE_STYLE_FILL_AREA(#17237);
#17237 = FILL_AREA_STYLE('',(#17238));
#17238 = FILL_AREA_STYLE_COLOUR('',#16482);
#17239 = OVER_RIDING_STYLED_ITEM('overriding color',(#17240),#3623,
  #16465);
#17240 = PRESENTATION_STYLE_ASSIGNMENT((#17241));
#17241 = SURFACE_STYLE_USAGE(.BOTH.,#17242);
#17242 = SURFACE_SIDE_STYLE('',(#17243));
#17243 = SURFACE_STYLE_FILL_AREA(#17244);
#17244 = FILL_AREA_STYLE('',(#17245));
#17245 = FILL_AREA_STYLE_COLOUR('',#16482);
#17246 = OVER_RIDING_STYLED_ITEM('overriding color',(#17247),#3656,
  #16465);
#17247 = PRESENTATION_STYLE_ASSIGNMENT((#17248));
#17248 = SURFACE_STYLE_USAGE(.BOTH.,#17249);
#17249 = SURFACE_SIDE_STYLE('',(#17250));
#17250 = SURFACE_STYLE_FILL_AREA(#17251);
#17251 = FILL_AREA_STYLE('',(#17252));
#17252 = FILL_AREA_STYLE_COLOUR('',#16482);
#17253 = OVER_RIDING_STYLED_ITEM('overriding color',(#17254),#3687,
  #16465);
#17254 = PRESENTATION_STYLE_ASSIGNMENT((#17255));
#17255 = SURFACE_STYLE_USAGE(.BOTH.,#17256);
#17256 = SURFACE_SIDE_STYLE('',(#17257));
#17257 = SURFACE_STYLE_FILL_AREA(#17258);
#17258 = FILL_AREA_STYLE('',(#17259));
#17259 = FILL_AREA_STYLE_COLOUR('',#16482);
#17260 = OVER_RIDING_STYLED_ITEM('overriding color',(#17261),#3711,
  #16465);
#17261 = PRESENTATION_STYLE_ASSIGNMENT((#17262));
#17262 = SURFACE_STYLE_USAGE(.BOTH.,#17263);
#17263 = SURFACE_SIDE_STYLE('',(#17264));
#17264 = SURFACE_STYLE_FILL_AREA(#17265);
#17265 = FILL_AREA_STYLE('',(#17266));
#17266 = FILL_AREA_STYLE_COLOUR('',#16482);
#17267 = OVER_RIDING_STYLED_ITEM('overriding color',(#17268),#3751,
  #16465);
#17268 = PRESENTATION_STYLE_ASSIGNMENT((#17269));
#17269 = SURFACE_STYLE_USAGE(.BOTH.,#17270);
#17270 = SURFACE_SIDE_STYLE('',(#17271));
#17271 = SURFACE_STYLE_FILL_AREA(#17272);
#17272 = FILL_AREA_STYLE('',(#17273));
#17273 = FILL_AREA_STYLE_COLOUR('',#16482);
#17274 = OVER_RIDING_STYLED_ITEM('overriding color',(#17275),#3784,
  #16465);
#17275 = PRESENTATION_STYLE_ASSIGNMENT((#17276));
#17276 = SURFACE_STYLE_USAGE(.BOTH.,#17277);
#17277 = SURFACE_SIDE_STYLE('',(#17278));
#17278 = SURFACE_STYLE_FILL_AREA(#17279);
#17279 = FILL_AREA_STYLE('',(#17280));
#17280 = FILL_AREA_STYLE_COLOUR('',#16482);
#17281 = OVER_RIDING_STYLED_ITEM('overriding color',(#17282),#3815,
  #16465);
#17282 = PRESENTATION_STYLE_ASSIGNMENT((#17283));
#17283 = SURFACE_STYLE_USAGE(.BOTH.,#17284);
#17284 = SURFACE_SIDE_STYLE('',(#17285));
#17285 = SURFACE_STYLE_FILL_AREA(#17286);
#17286 = FILL_AREA_STYLE('',(#17287));
#17287 = FILL_AREA_STYLE_COLOUR('',#16482);
#17288 = OVER_RIDING_STYLED_ITEM('overriding color',(#17289),#3839,
  #16465);
#17289 = PRESENTATION_STYLE_ASSIGNMENT((#17290));
#17290 = SURFACE_STYLE_USAGE(.BOTH.,#17291);
#17291 = SURFACE_SIDE_STYLE('',(#17292));
#17292 = SURFACE_STYLE_FILL_AREA(#17293);
#17293 = FILL_AREA_STYLE('',(#17294));
#17294 = FILL_AREA_STYLE_COLOUR('',#16482);
#17295 = OVER_RIDING_STYLED_ITEM('overriding color',(#17296),#3879,
  #16465);
#17296 = PRESENTATION_STYLE_ASSIGNMENT((#17297));
#17297 = SURFACE_STYLE_USAGE(.BOTH.,#17298);
#17298 = SURFACE_SIDE_STYLE('',(#17299));
#17299 = SURFACE_STYLE_FILL_AREA(#17300);
#17300 = FILL_AREA_STYLE('',(#17301));
#17301 = FILL_AREA_STYLE_COLOUR('',#16482);
#17302 = OVER_RIDING_STYLED_ITEM('overriding color',(#17303),#3912,
  #16465);
#17303 = PRESENTATION_STYLE_ASSIGNMENT((#17304));
#17304 = SURFACE_STYLE_USAGE(.BOTH.,#17305);
#17305 = SURFACE_SIDE_STYLE('',(#17306));
#17306 = SURFACE_STYLE_FILL_AREA(#17307);
#17307 = FILL_AREA_STYLE('',(#17308));
#17308 = FILL_AREA_STYLE_COLOUR('',#16482);
#17309 = OVER_RIDING_STYLED_ITEM('overriding color',(#17310),#3943,
  #16465);
#17310 = PRESENTATION_STYLE_ASSIGNMENT((#17311));
#17311 = SURFACE_STYLE_USAGE(.BOTH.,#17312);
#17312 = SURFACE_SIDE_STYLE('',(#17313));
#17313 = SURFACE_STYLE_FILL_AREA(#17314);
#17314 = FILL_AREA_STYLE('',(#17315));
#17315 = FILL_AREA_STYLE_COLOUR('',#16482);
#17316 = OVER_RIDING_STYLED_ITEM('overriding color',(#17317),#3967,
  #16465);
#17317 = PRESENTATION_STYLE_ASSIGNMENT((#17318));
#17318 = SURFACE_STYLE_USAGE(.BOTH.,#17319);
#17319 = SURFACE_SIDE_STYLE('',(#17320));
#17320 = SURFACE_STYLE_FILL_AREA(#17321);
#17321 = FILL_AREA_STYLE('',(#17322));
#17322 = FILL_AREA_STYLE_COLOUR('',#16482);
#17323 = OVER_RIDING_STYLED_ITEM('overriding color',(#17324),#4007,
  #16465);
#17324 = PRESENTATION_STYLE_ASSIGNMENT((#17325));
#17325 = SURFACE_STYLE_USAGE(.BOTH.,#17326);
#17326 = SURFACE_SIDE_STYLE('',(#17327));
#17327 = SURFACE_STYLE_FILL_AREA(#17328);
#17328 = FILL_AREA_STYLE('',(#17329));
#17329 = FILL_AREA_STYLE_COLOUR('',#16482);
#17330 = OVER_RIDING_STYLED_ITEM('overriding color',(#17331),#4040,
  #16465);
#17331 = PRESENTATION_STYLE_ASSIGNMENT((#17332));
#17332 = SURFACE_STYLE_USAGE(.BOTH.,#17333);
#17333 = SURFACE_SIDE_STYLE('',(#17334));
#17334 = SURFACE_STYLE_FILL_AREA(#17335);
#17335 = FILL_AREA_STYLE('',(#17336));
#17336 = FILL_AREA_STYLE_COLOUR('',#16482);
#17337 = OVER_RIDING_STYLED_ITEM('overriding color',(#17338),#4071,
  #16465);
#17338 = PRESENTATION_STYLE_ASSIGNMENT((#17339));
#17339 = SURFACE_STYLE_USAGE(.BOTH.,#17340);
#17340 = SURFACE_SIDE_STYLE('',(#17341));
#17341 = SURFACE_STYLE_FILL_AREA(#17342);
#17342 = FILL_AREA_STYLE('',(#17343));
#17343 = FILL_AREA_STYLE_COLOUR('',#16482);
#17344 = OVER_RIDING_STYLED_ITEM('overriding color',(#17345),#4095,
  #16465);
#17345 = PRESENTATION_STYLE_ASSIGNMENT((#17346));
#17346 = SURFACE_STYLE_USAGE(.BOTH.,#17347);
#17347 = SURFACE_SIDE_STYLE('',(#17348));
#17348 = SURFACE_STYLE_FILL_AREA(#17349);
#17349 = FILL_AREA_STYLE('',(#17350));
#17350 = FILL_AREA_STYLE_COLOUR('',#16482);
#17351 = OVER_RIDING_STYLED_ITEM('overriding color',(#17352),#4135,
  #16465);
#17352 = PRESENTATION_STYLE_ASSIGNMENT((#17353));
#17353 = SURFACE_STYLE_USAGE(.BOTH.,#17354);
#17354 = SURFACE_SIDE_STYLE('',(#17355));
#17355 = SURFACE_STYLE_FILL_AREA(#17356);
#17356 = FILL_AREA_STYLE('',(#17357));
#17357 = FILL_AREA_STYLE_COLOUR('',#16482);
#17358 = OVER_RIDING_STYLED_ITEM('overriding color',(#17359),#4168,
  #16465);
#17359 = PRESENTATION_STYLE_ASSIGNMENT((#17360));
#17360 = SURFACE_STYLE_USAGE(.BOTH.,#17361);
#17361 = SURFACE_SIDE_STYLE('',(#17362));
#17362 = SURFACE_STYLE_FILL_AREA(#17363);
#17363 = FILL_AREA_STYLE('',(#17364));
#17364 = FILL_AREA_STYLE_COLOUR('',#16482);
#17365 = OVER_RIDING_STYLED_ITEM('overriding color',(#17366),#4199,
  #16465);
#17366 = PRESENTATION_STYLE_ASSIGNMENT((#17367));
#17367 = SURFACE_STYLE_USAGE(.BOTH.,#17368);
#17368 = SURFACE_SIDE_STYLE('',(#17369));
#17369 = SURFACE_STYLE_FILL_AREA(#17370);
#17370 = FILL_AREA_STYLE('',(#17371));
#17371 = FILL_AREA_STYLE_COLOUR('',#16482);
#17372 = OVER_RIDING_STYLED_ITEM('overriding color',(#17373),#4223,
  #16465);
#17373 = PRESENTATION_STYLE_ASSIGNMENT((#17374));
#17374 = SURFACE_STYLE_USAGE(.BOTH.,#17375);
#17375 = SURFACE_SIDE_STYLE('',(#17376));
#17376 = SURFACE_STYLE_FILL_AREA(#17377);
#17377 = FILL_AREA_STYLE('',(#17378));
#17378 = FILL_AREA_STYLE_COLOUR('',#16482);
#17379 = OVER_RIDING_STYLED_ITEM('overriding color',(#17380),#4263,
  #16465);
#17380 = PRESENTATION_STYLE_ASSIGNMENT((#17381));
#17381 = SURFACE_STYLE_USAGE(.BOTH.,#17382);
#17382 = SURFACE_SIDE_STYLE('',(#17383));
#17383 = SURFACE_STYLE_FILL_AREA(#17384);
#17384 = FILL_AREA_STYLE('',(#17385));
#17385 = FILL_AREA_STYLE_COLOUR('',#16482);
#17386 = OVER_RIDING_STYLED_ITEM('overriding color',(#17387),#4296,
  #16465);
#17387 = PRESENTATION_STYLE_ASSIGNMENT((#17388));
#17388 = SURFACE_STYLE_USAGE(.BOTH.,#17389);
#17389 = SURFACE_SIDE_STYLE('',(#17390));
#17390 = SURFACE_STYLE_FILL_AREA(#17391);
#17391 = FILL_AREA_STYLE('',(#17392));
#17392 = FILL_AREA_STYLE_COLOUR('',#16482);
#17393 = OVER_RIDING_STYLED_ITEM('overriding color',(#17394),#4327,
  #16465);
#17394 = PRESENTATION_STYLE_ASSIGNMENT((#17395));
#17395 = SURFACE_STYLE_USAGE(.BOTH.,#17396);
#17396 = SURFACE_SIDE_STYLE('',(#17397));
#17397 = SURFACE_STYLE_FILL_AREA(#17398);
#17398 = FILL_AREA_STYLE('',(#17399));
#17399 = FILL_AREA_STYLE_COLOUR('',#16482);
#17400 = OVER_RIDING_STYLED_ITEM('overriding color',(#17401),#4351,
  #16465);
#17401 = PRESENTATION_STYLE_ASSIGNMENT((#17402));
#17402 = SURFACE_STYLE_USAGE(.BOTH.,#17403);
#17403 = SURFACE_SIDE_STYLE('',(#17404));
#17404 = SURFACE_STYLE_FILL_AREA(#17405);
#17405 = FILL_AREA_STYLE('',(#17406));
#17406 = FILL_AREA_STYLE_COLOUR('',#16482);
#17407 = OVER_RIDING_STYLED_ITEM('overriding color',(#17408),#4393,
  #16465);
#17408 = PRESENTATION_STYLE_ASSIGNMENT((#17409));
#17409 = SURFACE_STYLE_USAGE(.BOTH.,#17410);
#17410 = SURFACE_SIDE_STYLE('',(#17411));
#17411 = SURFACE_STYLE_FILL_AREA(#17412);
#17412 = FILL_AREA_STYLE('',(#17413));
#17413 = FILL_AREA_STYLE_COLOUR('',#16482);
#17414 = OVER_RIDING_STYLED_ITEM('overriding color',(#17415),#4417,
  #16465);
#17415 = PRESENTATION_STYLE_ASSIGNMENT((#17416));
#17416 = SURFACE_STYLE_USAGE(.BOTH.,#17417);
#17417 = SURFACE_SIDE_STYLE('',(#17418));
#17418 = SURFACE_STYLE_FILL_AREA(#17419);
#17419 = FILL_AREA_STYLE('',(#17420));
#17420 = FILL_AREA_STYLE_COLOUR('',#16482);
#17421 = OVER_RIDING_STYLED_ITEM('overriding color',(#17422),#4459,
  #16465);
#17422 = PRESENTATION_STYLE_ASSIGNMENT((#17423));
#17423 = SURFACE_STYLE_USAGE(.BOTH.,#17424);
#17424 = SURFACE_SIDE_STYLE('',(#17425));
#17425 = SURFACE_STYLE_FILL_AREA(#17426);
#17426 = FILL_AREA_STYLE('',(#17427));
#17427 = FILL_AREA_STYLE_COLOUR('',#16482);
#17428 = OVER_RIDING_STYLED_ITEM('overriding color',(#17429),#4483,
  #16465);
#17429 = PRESENTATION_STYLE_ASSIGNMENT((#17430));
#17430 = SURFACE_STYLE_USAGE(.BOTH.,#17431);
#17431 = SURFACE_SIDE_STYLE('',(#17432));
#17432 = SURFACE_STYLE_FILL_AREA(#17433);
#17433 = FILL_AREA_STYLE('',(#17434));
#17434 = FILL_AREA_STYLE_COLOUR('',#16482);
#17435 = OVER_RIDING_STYLED_ITEM('overriding color',(#17436),#4525,
  #16465);
#17436 = PRESENTATION_STYLE_ASSIGNMENT((#17437));
#17437 = SURFACE_STYLE_USAGE(.BOTH.,#17438);
#17438 = SURFACE_SIDE_STYLE('',(#17439));
#17439 = SURFACE_STYLE_FILL_AREA(#17440);
#17440 = FILL_AREA_STYLE('',(#17441));
#17441 = FILL_AREA_STYLE_COLOUR('',#16482);
#17442 = OVER_RIDING_STYLED_ITEM('overriding color',(#17443),#4549,
  #16465);
#17443 = PRESENTATION_STYLE_ASSIGNMENT((#17444));
#17444 = SURFACE_STYLE_USAGE(.BOTH.,#17445);
#17445 = SURFACE_SIDE_STYLE('',(#17446));
#17446 = SURFACE_STYLE_FILL_AREA(#17447);
#17447 = FILL_AREA_STYLE('',(#17448));
#17448 = FILL_AREA_STYLE_COLOUR('',#16482);
#17449 = OVER_RIDING_STYLED_ITEM('overriding color',(#17450),#4591,
  #16465);
#17450 = PRESENTATION_STYLE_ASSIGNMENT((#17451));
#17451 = SURFACE_STYLE_USAGE(.BOTH.,#17452);
#17452 = SURFACE_SIDE_STYLE('',(#17453));
#17453 = SURFACE_STYLE_FILL_AREA(#17454);
#17454 = FILL_AREA_STYLE('',(#17455));
#17455 = FILL_AREA_STYLE_COLOUR('',#16482);
#17456 = OVER_RIDING_STYLED_ITEM('overriding color',(#17457),#4615,
  #16465);
#17457 = PRESENTATION_STYLE_ASSIGNMENT((#17458));
#17458 = SURFACE_STYLE_USAGE(.BOTH.,#17459);
#17459 = SURFACE_SIDE_STYLE('',(#17460));
#17460 = SURFACE_STYLE_FILL_AREA(#17461);
#17461 = FILL_AREA_STYLE('',(#17462));
#17462 = FILL_AREA_STYLE_COLOUR('',#16482);
#17463 = OVER_RIDING_STYLED_ITEM('overriding color',(#17464),#4657,
  #16465);
#17464 = PRESENTATION_STYLE_ASSIGNMENT((#17465));
#17465 = SURFACE_STYLE_USAGE(.BOTH.,#17466);
#17466 = SURFACE_SIDE_STYLE('',(#17467));
#17467 = SURFACE_STYLE_FILL_AREA(#17468);
#17468 = FILL_AREA_STYLE('',(#17469));
#17469 = FILL_AREA_STYLE_COLOUR('',#16482);
#17470 = OVER_RIDING_STYLED_ITEM('overriding color',(#17471),#4681,
  #16465);
#17471 = PRESENTATION_STYLE_ASSIGNMENT((#17472));
#17472 = SURFACE_STYLE_USAGE(.BOTH.,#17473);
#17473 = SURFACE_SIDE_STYLE('',(#17474));
#17474 = SURFACE_STYLE_FILL_AREA(#17475);
#17475 = FILL_AREA_STYLE('',(#17476));
#17476 = FILL_AREA_STYLE_COLOUR('',#16482);
#17477 = OVER_RIDING_STYLED_ITEM('overriding color',(#17478),#4723,
  #16465);
#17478 = PRESENTATION_STYLE_ASSIGNMENT((#17479));
#17479 = SURFACE_STYLE_USAGE(.BOTH.,#17480);
#17480 = SURFACE_SIDE_STYLE('',(#17481));
#17481 = SURFACE_STYLE_FILL_AREA(#17482);
#17482 = FILL_AREA_STYLE('',(#17483));
#17483 = FILL_AREA_STYLE_COLOUR('',#16482);
#17484 = OVER_RIDING_STYLED_ITEM('overriding color',(#17485),#4747,
  #16465);
#17485 = PRESENTATION_STYLE_ASSIGNMENT((#17486));
#17486 = SURFACE_STYLE_USAGE(.BOTH.,#17487);
#17487 = SURFACE_SIDE_STYLE('',(#17488));
#17488 = SURFACE_STYLE_FILL_AREA(#17489);
#17489 = FILL_AREA_STYLE('',(#17490));
#17490 = FILL_AREA_STYLE_COLOUR('',#16482);
#17491 = OVER_RIDING_STYLED_ITEM('overriding color',(#17492),#4789,
  #16465);
#17492 = PRESENTATION_STYLE_ASSIGNMENT((#17493));
#17493 = SURFACE_STYLE_USAGE(.BOTH.,#17494);
#17494 = SURFACE_SIDE_STYLE('',(#17495));
#17495 = SURFACE_STYLE_FILL_AREA(#17496);
#17496 = FILL_AREA_STYLE('',(#17497));
#17497 = FILL_AREA_STYLE_COLOUR('',#16482);
#17498 = OVER_RIDING_STYLED_ITEM('overriding color',(#17499),#4813,
  #16465);
#17499 = PRESENTATION_STYLE_ASSIGNMENT((#17500));
#17500 = SURFACE_STYLE_USAGE(.BOTH.,#17501);
#17501 = SURFACE_SIDE_STYLE('',(#17502));
#17502 = SURFACE_STYLE_FILL_AREA(#17503);
#17503 = FILL_AREA_STYLE('',(#17504));
#17504 = FILL_AREA_STYLE_COLOUR('',#16482);
#17505 = OVER_RIDING_STYLED_ITEM('overriding color',(#17506),#4855,
  #16465);
#17506 = PRESENTATION_STYLE_ASSIGNMENT((#17507));
#17507 = SURFACE_STYLE_USAGE(.BOTH.,#17508);
#17508 = SURFACE_SIDE_STYLE('',(#17509));
#17509 = SURFACE_STYLE_FILL_AREA(#17510);
#17510 = FILL_AREA_STYLE('',(#17511));
#17511 = FILL_AREA_STYLE_COLOUR('',#16482);
#17512 = OVER_RIDING_STYLED_ITEM('overriding color',(#17513),#4879,
  #16465);
#17513 = PRESENTATION_STYLE_ASSIGNMENT((#17514));
#17514 = SURFACE_STYLE_USAGE(.BOTH.,#17515);
#17515 = SURFACE_SIDE_STYLE('',(#17516));
#17516 = SURFACE_STYLE_FILL_AREA(#17517);
#17517 = FILL_AREA_STYLE('',(#17518));
#17518 = FILL_AREA_STYLE_COLOUR('',#16482);
#17519 = OVER_RIDING_STYLED_ITEM('overriding color',(#17520),#4921,
  #16465);
#17520 = PRESENTATION_STYLE_ASSIGNMENT((#17521));
#17521 = SURFACE_STYLE_USAGE(.BOTH.,#17522);
#17522 = SURFACE_SIDE_STYLE('',(#17523));
#17523 = SURFACE_STYLE_FILL_AREA(#17524);
#17524 = FILL_AREA_STYLE('',(#17525));
#17525 = FILL_AREA_STYLE_COLOUR('',#16482);
#17526 = OVER_RIDING_STYLED_ITEM('overriding color',(#17527),#4945,
  #16465);
#17527 = PRESENTATION_STYLE_ASSIGNMENT((#17528));
#17528 = SURFACE_STYLE_USAGE(.BOTH.,#17529);
#17529 = SURFACE_SIDE_STYLE('',(#17530));
#17530 = SURFACE_STYLE_FILL_AREA(#17531);
#17531 = FILL_AREA_STYLE('',(#17532));
#17532 = FILL_AREA_STYLE_COLOUR('',#16482);
#17533 = OVER_RIDING_STYLED_ITEM('overriding color',(#17534),#4987,
  #16465);
#17534 = PRESENTATION_STYLE_ASSIGNMENT((#17535));
#17535 = SURFACE_STYLE_USAGE(.BOTH.,#17536);
#17536 = SURFACE_SIDE_STYLE('',(#17537));
#17537 = SURFACE_STYLE_FILL_AREA(#17538);
#17538 = FILL_AREA_STYLE('',(#17539));
#17539 = FILL_AREA_STYLE_COLOUR('',#16482);
#17540 = OVER_RIDING_STYLED_ITEM('overriding color',(#17541),#5011,
  #16465);
#17541 = PRESENTATION_STYLE_ASSIGNMENT((#17542));
#17542 = SURFACE_STYLE_USAGE(.BOTH.,#17543);
#17543 = SURFACE_SIDE_STYLE('',(#17544));
#17544 = SURFACE_STYLE_FILL_AREA(#17545);
#17545 = FILL_AREA_STYLE('',(#17546));
#17546 = FILL_AREA_STYLE_COLOUR('',#16482);
#17547 = OVER_RIDING_STYLED_ITEM('overriding color',(#17548),#5051,
  #16465);
#17548 = PRESENTATION_STYLE_ASSIGNMENT((#17549));
#17549 = SURFACE_STYLE_USAGE(.BOTH.,#17550);
#17550 = SURFACE_SIDE_STYLE('',(#17551));
#17551 = SURFACE_STYLE_FILL_AREA(#17552);
#17552 = FILL_AREA_STYLE('',(#17553));
#17553 = FILL_AREA_STYLE_COLOUR('',#16482);
#17554 = OVER_RIDING_STYLED_ITEM('overriding color',(#17555),#5084,
  #16465);
#17555 = PRESENTATION_STYLE_ASSIGNMENT((#17556));
#17556 = SURFACE_STYLE_USAGE(.BOTH.,#17557);
#17557 = SURFACE_SIDE_STYLE('',(#17558));
#17558 = SURFACE_STYLE_FILL_AREA(#17559);
#17559 = FILL_AREA_STYLE('',(#17560));
#17560 = FILL_AREA_STYLE_COLOUR('',#16482);
#17561 = OVER_RIDING_STYLED_ITEM('overriding color',(#17562),#5115,
  #16465);
#17562 = PRESENTATION_STYLE_ASSIGNMENT((#17563));
#17563 = SURFACE_STYLE_USAGE(.BOTH.,#17564);
#17564 = SURFACE_SIDE_STYLE('',(#17565));
#17565 = SURFACE_STYLE_FILL_AREA(#17566);
#17566 = FILL_AREA_STYLE('',(#17567));
#17567 = FILL_AREA_STYLE_COLOUR('',#16482);
#17568 = OVER_RIDING_STYLED_ITEM('overriding color',(#17569),#5139,
  #16465);
#17569 = PRESENTATION_STYLE_ASSIGNMENT((#17570));
#17570 = SURFACE_STYLE_USAGE(.BOTH.,#17571);
#17571 = SURFACE_SIDE_STYLE('',(#17572));
#17572 = SURFACE_STYLE_FILL_AREA(#17573);
#17573 = FILL_AREA_STYLE('',(#17574));
#17574 = FILL_AREA_STYLE_COLOUR('',#16482);
#17575 = OVER_RIDING_STYLED_ITEM('overriding color',(#17576),#5179,
  #16465);
#17576 = PRESENTATION_STYLE_ASSIGNMENT((#17577));
#17577 = SURFACE_STYLE_USAGE(.BOTH.,#17578);
#17578 = SURFACE_SIDE_STYLE('',(#17579));
#17579 = SURFACE_STYLE_FILL_AREA(#17580);
#17580 = FILL_AREA_STYLE('',(#17581));
#17581 = FILL_AREA_STYLE_COLOUR('',#16482);
#17582 = OVER_RIDING_STYLED_ITEM('overriding color',(#17583),#5212,
  #16465);
#17583 = PRESENTATION_STYLE_ASSIGNMENT((#17584));
#17584 = SURFACE_STYLE_USAGE(.BOTH.,#17585);
#17585 = SURFACE_SIDE_STYLE('',(#17586));
#17586 = SURFACE_STYLE_FILL_AREA(#17587);
#17587 = FILL_AREA_STYLE('',(#17588));
#17588 = FILL_AREA_STYLE_COLOUR('',#16482);
#17589 = OVER_RIDING_STYLED_ITEM('overriding color',(#17590),#5243,
  #16465);
#17590 = PRESENTATION_STYLE_ASSIGNMENT((#17591));
#17591 = SURFACE_STYLE_USAGE(.BOTH.,#17592);
#17592 = SURFACE_SIDE_STYLE('',(#17593));
#17593 = SURFACE_STYLE_FILL_AREA(#17594);
#17594 = FILL_AREA_STYLE('',(#17595));
#17595 = FILL_AREA_STYLE_COLOUR('',#16482);
#17596 = OVER_RIDING_STYLED_ITEM('overriding color',(#17597),#5267,
  #16465);
#17597 = PRESENTATION_STYLE_ASSIGNMENT((#17598));
#17598 = SURFACE_STYLE_USAGE(.BOTH.,#17599);
#17599 = SURFACE_SIDE_STYLE('',(#17600));
#17600 = SURFACE_STYLE_FILL_AREA(#17601);
#17601 = FILL_AREA_STYLE('',(#17602));
#17602 = FILL_AREA_STYLE_COLOUR('',#16482);
#17603 = OVER_RIDING_STYLED_ITEM('overriding color',(#17604),#5307,
  #16465);
#17604 = PRESENTATION_STYLE_ASSIGNMENT((#17605));
#17605 = SURFACE_STYLE_USAGE(.BOTH.,#17606);
#17606 = SURFACE_SIDE_STYLE('',(#17607));
#17607 = SURFACE_STYLE_FILL_AREA(#17608);
#17608 = FILL_AREA_STYLE('',(#17609));
#17609 = FILL_AREA_STYLE_COLOUR('',#16482);
#17610 = OVER_RIDING_STYLED_ITEM('overriding color',(#17611),#5340,
  #16465);
#17611 = PRESENTATION_STYLE_ASSIGNMENT((#17612));
#17612 = SURFACE_STYLE_USAGE(.BOTH.,#17613);
#17613 = SURFACE_SIDE_STYLE('',(#17614));
#17614 = SURFACE_STYLE_FILL_AREA(#17615);
#17615 = FILL_AREA_STYLE('',(#17616));
#17616 = FILL_AREA_STYLE_COLOUR('',#16482);
#17617 = OVER_RIDING_STYLED_ITEM('overriding color',(#17618),#5371,
  #16465);
#17618 = PRESENTATION_STYLE_ASSIGNMENT((#17619));
#17619 = SURFACE_STYLE_USAGE(.BOTH.,#17620);
#17620 = SURFACE_SIDE_STYLE('',(#17621));
#17621 = SURFACE_STYLE_FILL_AREA(#17622);
#17622 = FILL_AREA_STYLE('',(#17623));
#17623 = FILL_AREA_STYLE_COLOUR('',#16482);
#17624 = OVER_RIDING_STYLED_ITEM('overriding color',(#17625),#5395,
  #16465);
#17625 = PRESENTATION_STYLE_ASSIGNMENT((#17626));
#17626 = SURFACE_STYLE_USAGE(.BOTH.,#17627);
#17627 = SURFACE_SIDE_STYLE('',(#17628));
#17628 = SURFACE_STYLE_FILL_AREA(#17629);
#17629 = FILL_AREA_STYLE('',(#17630));
#17630 = FILL_AREA_STYLE_COLOUR('',#16482);
#17631 = OVER_RIDING_STYLED_ITEM('overriding color',(#17632),#5437,
  #16465);
#17632 = PRESENTATION_STYLE_ASSIGNMENT((#17633));
#17633 = SURFACE_STYLE_USAGE(.BOTH.,#17634);
#17634 = SURFACE_SIDE_STYLE('',(#17635));
#17635 = SURFACE_STYLE_FILL_AREA(#17636);
#17636 = FILL_AREA_STYLE('',(#17637));
#17637 = FILL_AREA_STYLE_COLOUR('',#16482);
#17638 = OVER_RIDING_STYLED_ITEM('overriding color',(#17639),#5461,
  #16465);
#17639 = PRESENTATION_STYLE_ASSIGNMENT((#17640));
#17640 = SURFACE_STYLE_USAGE(.BOTH.,#17641);
#17641 = SURFACE_SIDE_STYLE('',(#17642));
#17642 = SURFACE_STYLE_FILL_AREA(#17643);
#17643 = FILL_AREA_STYLE('',(#17644));
#17644 = FILL_AREA_STYLE_COLOUR('',#16482);
#17645 = OVER_RIDING_STYLED_ITEM('overriding color',(#17646),#5503,
  #16465);
#17646 = PRESENTATION_STYLE_ASSIGNMENT((#17647));
#17647 = SURFACE_STYLE_USAGE(.BOTH.,#17648);
#17648 = SURFACE_SIDE_STYLE('',(#17649));
#17649 = SURFACE_STYLE_FILL_AREA(#17650);
#17650 = FILL_AREA_STYLE('',(#17651));
#17651 = FILL_AREA_STYLE_COLOUR('',#16482);
#17652 = OVER_RIDING_STYLED_ITEM('overriding color',(#17653),#5527,
  #16465);
#17653 = PRESENTATION_STYLE_ASSIGNMENT((#17654));
#17654 = SURFACE_STYLE_USAGE(.BOTH.,#17655);
#17655 = SURFACE_SIDE_STYLE('',(#17656));
#17656 = SURFACE_STYLE_FILL_AREA(#17657);
#17657 = FILL_AREA_STYLE('',(#17658));
#17658 = FILL_AREA_STYLE_COLOUR('',#16482);
#17659 = OVER_RIDING_STYLED_ITEM('overriding color',(#17660),#5569,
  #16465);
#17660 = PRESENTATION_STYLE_ASSIGNMENT((#17661));
#17661 = SURFACE_STYLE_USAGE(.BOTH.,#17662);
#17662 = SURFACE_SIDE_STYLE('',(#17663));
#17663 = SURFACE_STYLE_FILL_AREA(#17664);
#17664 = FILL_AREA_STYLE('',(#17665));
#17665 = FILL_AREA_STYLE_COLOUR('',#16482);
#17666 = OVER_RIDING_STYLED_ITEM('overriding color',(#17667),#5593,
  #16465);
#17667 = PRESENTATION_STYLE_ASSIGNMENT((#17668));
#17668 = SURFACE_STYLE_USAGE(.BOTH.,#17669);
#17669 = SURFACE_SIDE_STYLE('',(#17670));
#17670 = SURFACE_STYLE_FILL_AREA(#17671);
#17671 = FILL_AREA_STYLE('',(#17672));
#17672 = FILL_AREA_STYLE_COLOUR('',#16482);
#17673 = OVER_RIDING_STYLED_ITEM('overriding color',(#17674),#5635,
  #16465);
#17674 = PRESENTATION_STYLE_ASSIGNMENT((#17675));
#17675 = SURFACE_STYLE_USAGE(.BOTH.,#17676);
#17676 = SURFACE_SIDE_STYLE('',(#17677));
#17677 = SURFACE_STYLE_FILL_AREA(#17678);
#17678 = FILL_AREA_STYLE('',(#17679));
#17679 = FILL_AREA_STYLE_COLOUR('',#16482);
#17680 = OVER_RIDING_STYLED_ITEM('overriding color',(#17681),#5659,
  #16465);
#17681 = PRESENTATION_STYLE_ASSIGNMENT((#17682));
#17682 = SURFACE_STYLE_USAGE(.BOTH.,#17683);
#17683 = SURFACE_SIDE_STYLE('',(#17684));
#17684 = SURFACE_STYLE_FILL_AREA(#17685);
#17685 = FILL_AREA_STYLE('',(#17686));
#17686 = FILL_AREA_STYLE_COLOUR('',#16482);
#17687 = OVER_RIDING_STYLED_ITEM('overriding color',(#17688),#5701,
  #16465);
#17688 = PRESENTATION_STYLE_ASSIGNMENT((#17689));
#17689 = SURFACE_STYLE_USAGE(.BOTH.,#17690);
#17690 = SURFACE_SIDE_STYLE('',(#17691));
#17691 = SURFACE_STYLE_FILL_AREA(#17692);
#17692 = FILL_AREA_STYLE('',(#17693));
#17693 = FILL_AREA_STYLE_COLOUR('',#16482);
#17694 = OVER_RIDING_STYLED_ITEM('overriding color',(#17695),#5725,
  #16465);
#17695 = PRESENTATION_STYLE_ASSIGNMENT((#17696));
#17696 = SURFACE_STYLE_USAGE(.BOTH.,#17697);
#17697 = SURFACE_SIDE_STYLE('',(#17698));
#17698 = SURFACE_STYLE_FILL_AREA(#17699);
#17699 = FILL_AREA_STYLE('',(#17700));
#17700 = FILL_AREA_STYLE_COLOUR('',#16482);
#17701 = OVER_RIDING_STYLED_ITEM('overriding color',(#17702),#5767,
  #16465);
#17702 = PRESENTATION_STYLE_ASSIGNMENT((#17703));
#17703 = SURFACE_STYLE_USAGE(.BOTH.,#17704);
#17704 = SURFACE_SIDE_STYLE('',(#17705));
#17705 = SURFACE_STYLE_FILL_AREA(#17706);
#17706 = FILL_AREA_STYLE('',(#17707));
#17707 = FILL_AREA_STYLE_COLOUR('',#16482);
#17708 = OVER_RIDING_STYLED_ITEM('overriding color',(#17709),#5791,
  #16465);
#17709 = PRESENTATION_STYLE_ASSIGNMENT((#17710));
#17710 = SURFACE_STYLE_USAGE(.BOTH.,#17711);
#17711 = SURFACE_SIDE_STYLE('',(#17712));
#17712 = SURFACE_STYLE_FILL_AREA(#17713);
#17713 = FILL_AREA_STYLE('',(#17714));
#17714 = FILL_AREA_STYLE_COLOUR('',#16482);
#17715 = OVER_RIDING_STYLED_ITEM('overriding color',(#17716),#5831,
  #16465);
#17716 = PRESENTATION_STYLE_ASSIGNMENT((#17717));
#17717 = SURFACE_STYLE_USAGE(.BOTH.,#17718);
#17718 = SURFACE_SIDE_STYLE('',(#17719));
#17719 = SURFACE_STYLE_FILL_AREA(#17720);
#17720 = FILL_AREA_STYLE('',(#17721));
#17721 = FILL_AREA_STYLE_COLOUR('',#16482);
#17722 = OVER_RIDING_STYLED_ITEM('overriding color',(#17723),#5864,
  #16465);
#17723 = PRESENTATION_STYLE_ASSIGNMENT((#17724));
#17724 = SURFACE_STYLE_USAGE(.BOTH.,#17725);
#17725 = SURFACE_SIDE_STYLE('',(#17726));
#17726 = SURFACE_STYLE_FILL_AREA(#17727);
#17727 = FILL_AREA_STYLE('',(#17728));
#17728 = FILL_AREA_STYLE_COLOUR('',#16482);
#17729 = OVER_RIDING_STYLED_ITEM('overriding color',(#17730),#5895,
  #16465);
#17730 = PRESENTATION_STYLE_ASSIGNMENT((#17731));
#17731 = SURFACE_STYLE_USAGE(.BOTH.,#17732);
#17732 = SURFACE_SIDE_STYLE('',(#17733));
#17733 = SURFACE_STYLE_FILL_AREA(#17734);
#17734 = FILL_AREA_STYLE('',(#17735));
#17735 = FILL_AREA_STYLE_COLOUR('',#16482);
#17736 = OVER_RIDING_STYLED_ITEM('overriding color',(#17737),#5919,
  #16465);
#17737 = PRESENTATION_STYLE_ASSIGNMENT((#17738));
#17738 = SURFACE_STYLE_USAGE(.BOTH.,#17739);
#17739 = SURFACE_SIDE_STYLE('',(#17740));
#17740 = SURFACE_STYLE_FILL_AREA(#17741);
#17741 = FILL_AREA_STYLE('',(#17742));
#17742 = FILL_AREA_STYLE_COLOUR('',#16482);
#17743 = OVER_RIDING_STYLED_ITEM('overriding color',(#17744),#5959,
  #16465);
#17744 = PRESENTATION_STYLE_ASSIGNMENT((#17745));
#17745 = SURFACE_STYLE_USAGE(.BOTH.,#17746);
#17746 = SURFACE_SIDE_STYLE('',(#17747));
#17747 = SURFACE_STYLE_FILL_AREA(#17748);
#17748 = FILL_AREA_STYLE('',(#17749));
#17749 = FILL_AREA_STYLE_COLOUR('',#16482);
#17750 = OVER_RIDING_STYLED_ITEM('overriding color',(#17751),#5992,
  #16465);
#17751 = PRESENTATION_STYLE_ASSIGNMENT((#17752));
#17752 = SURFACE_STYLE_USAGE(.BOTH.,#17753);
#17753 = SURFACE_SIDE_STYLE('',(#17754));
#17754 = SURFACE_STYLE_FILL_AREA(#17755);
#17755 = FILL_AREA_STYLE('',(#17756));
#17756 = FILL_AREA_STYLE_COLOUR('',#16482);
#17757 = OVER_RIDING_STYLED_ITEM('overriding color',(#17758),#6023,
  #16465);
#17758 = PRESENTATION_STYLE_ASSIGNMENT((#17759));
#17759 = SURFACE_STYLE_USAGE(.BOTH.,#17760);
#17760 = SURFACE_SIDE_STYLE('',(#17761));
#17761 = SURFACE_STYLE_FILL_AREA(#17762);
#17762 = FILL_AREA_STYLE('',(#17763));
#17763 = FILL_AREA_STYLE_COLOUR('',#16482);
#17764 = OVER_RIDING_STYLED_ITEM('overriding color',(#17765),#6047,
  #16465);
#17765 = PRESENTATION_STYLE_ASSIGNMENT((#17766));
#17766 = SURFACE_STYLE_USAGE(.BOTH.,#17767);
#17767 = SURFACE_SIDE_STYLE('',(#17768));
#17768 = SURFACE_STYLE_FILL_AREA(#17769);
#17769 = FILL_AREA_STYLE('',(#17770));
#17770 = FILL_AREA_STYLE_COLOUR('',#16482);
#17771 = OVER_RIDING_STYLED_ITEM('overriding color',(#17772),#6089,
  #16465);
#17772 = PRESENTATION_STYLE_ASSIGNMENT((#17773));
#17773 = SURFACE_STYLE_USAGE(.BOTH.,#17774);
#17774 = SURFACE_SIDE_STYLE('',(#17775));
#17775 = SURFACE_STYLE_FILL_AREA(#17776);
#17776 = FILL_AREA_STYLE('',(#17777));
#17777 = FILL_AREA_STYLE_COLOUR('',#16482);
#17778 = OVER_RIDING_STYLED_ITEM('overriding color',(#17779),#6113,
  #16465);
#17779 = PRESENTATION_STYLE_ASSIGNMENT((#17780));
#17780 = SURFACE_STYLE_USAGE(.BOTH.,#17781);
#17781 = SURFACE_SIDE_STYLE('',(#17782));
#17782 = SURFACE_STYLE_FILL_AREA(#17783);
#17783 = FILL_AREA_STYLE('',(#17784));
#17784 = FILL_AREA_STYLE_COLOUR('',#16482);
#17785 = OVER_RIDING_STYLED_ITEM('overriding color',(#17786),#6155,
  #16465);
#17786 = PRESENTATION_STYLE_ASSIGNMENT((#17787));
#17787 = SURFACE_STYLE_USAGE(.BOTH.,#17788);
#17788 = SURFACE_SIDE_STYLE('',(#17789));
#17789 = SURFACE_STYLE_FILL_AREA(#17790);
#17790 = FILL_AREA_STYLE('',(#17791));
#17791 = FILL_AREA_STYLE_COLOUR('',#16482);
#17792 = OVER_RIDING_STYLED_ITEM('overriding color',(#17793),#6179,
  #16465);
#17793 = PRESENTATION_STYLE_ASSIGNMENT((#17794));
#17794 = SURFACE_STYLE_USAGE(.BOTH.,#17795);
#17795 = SURFACE_SIDE_STYLE('',(#17796));
#17796 = SURFACE_STYLE_FILL_AREA(#17797);
#17797 = FILL_AREA_STYLE('',(#17798));
#17798 = FILL_AREA_STYLE_COLOUR('',#16482);
#17799 = OVER_RIDING_STYLED_ITEM('overriding color',(#17800),#6221,
  #16465);
#17800 = PRESENTATION_STYLE_ASSIGNMENT((#17801));
#17801 = SURFACE_STYLE_USAGE(.BOTH.,#17802);
#17802 = SURFACE_SIDE_STYLE('',(#17803));
#17803 = SURFACE_STYLE_FILL_AREA(#17804);
#17804 = FILL_AREA_STYLE('',(#17805));
#17805 = FILL_AREA_STYLE_COLOUR('',#16482);
#17806 = OVER_RIDING_STYLED_ITEM('overriding color',(#17807),#6245,
  #16465);
#17807 = PRESENTATION_STYLE_ASSIGNMENT((#17808));
#17808 = SURFACE_STYLE_USAGE(.BOTH.,#17809);
#17809 = SURFACE_SIDE_STYLE('',(#17810));
#17810 = SURFACE_STYLE_FILL_AREA(#17811);
#17811 = FILL_AREA_STYLE('',(#17812));
#17812 = FILL_AREA_STYLE_COLOUR('',#16482);
#17813 = OVER_RIDING_STYLED_ITEM('overriding color',(#17814),#6287,
  #16465);
#17814 = PRESENTATION_STYLE_ASSIGNMENT((#17815));
#17815 = SURFACE_STYLE_USAGE(.BOTH.,#17816);
#17816 = SURFACE_SIDE_STYLE('',(#17817));
#17817 = SURFACE_STYLE_FILL_AREA(#17818);
#17818 = FILL_AREA_STYLE('',(#17819));
#17819 = FILL_AREA_STYLE_COLOUR('',#16482);
#17820 = OVER_RIDING_STYLED_ITEM('overriding color',(#17821),#6311,
  #16465);
#17821 = PRESENTATION_STYLE_ASSIGNMENT((#17822));
#17822 = SURFACE_STYLE_USAGE(.BOTH.,#17823);
#17823 = SURFACE_SIDE_STYLE('',(#17824));
#17824 = SURFACE_STYLE_FILL_AREA(#17825);
#17825 = FILL_AREA_STYLE('',(#17826));
#17826 = FILL_AREA_STYLE_COLOUR('',#16482);
#17827 = OVER_RIDING_STYLED_ITEM('overriding color',(#17828),#6353,
  #16465);
#17828 = PRESENTATION_STYLE_ASSIGNMENT((#17829));
#17829 = SURFACE_STYLE_USAGE(.BOTH.,#17830);
#17830 = SURFACE_SIDE_STYLE('',(#17831));
#17831 = SURFACE_STYLE_FILL_AREA(#17832);
#17832 = FILL_AREA_STYLE('',(#17833));
#17833 = FILL_AREA_STYLE_COLOUR('',#16482);
#17834 = OVER_RIDING_STYLED_ITEM('overriding color',(#17835),#6377,
  #16465);
#17835 = PRESENTATION_STYLE_ASSIGNMENT((#17836));
#17836 = SURFACE_STYLE_USAGE(.BOTH.,#17837);
#17837 = SURFACE_SIDE_STYLE('',(#17838));
#17838 = SURFACE_STYLE_FILL_AREA(#17839);
#17839 = FILL_AREA_STYLE('',(#17840));
#17840 = FILL_AREA_STYLE_COLOUR('',#16482);
#17841 = OVER_RIDING_STYLED_ITEM('overriding color',(#17842),#6419,
  #16465);
#17842 = PRESENTATION_STYLE_ASSIGNMENT((#17843));
#17843 = SURFACE_STYLE_USAGE(.BOTH.,#17844);
#17844 = SURFACE_SIDE_STYLE('',(#17845));
#17845 = SURFACE_STYLE_FILL_AREA(#17846);
#17846 = FILL_AREA_STYLE('',(#17847));
#17847 = FILL_AREA_STYLE_COLOUR('',#16482);
#17848 = OVER_RIDING_STYLED_ITEM('overriding color',(#17849),#6443,
  #16465);
#17849 = PRESENTATION_STYLE_ASSIGNMENT((#17850));
#17850 = SURFACE_STYLE_USAGE(.BOTH.,#17851);
#17851 = SURFACE_SIDE_STYLE('',(#17852));
#17852 = SURFACE_STYLE_FILL_AREA(#17853);
#17853 = FILL_AREA_STYLE('',(#17854));
#17854 = FILL_AREA_STYLE_COLOUR('',#16482);
#17855 = OVER_RIDING_STYLED_ITEM('overriding color',(#17856),#6485,
  #16465);
#17856 = PRESENTATION_STYLE_ASSIGNMENT((#17857));
#17857 = SURFACE_STYLE_USAGE(.BOTH.,#17858);
#17858 = SURFACE_SIDE_STYLE('',(#17859));
#17859 = SURFACE_STYLE_FILL_AREA(#17860);
#17860 = FILL_AREA_STYLE('',(#17861));
#17861 = FILL_AREA_STYLE_COLOUR('',#16482);
#17862 = OVER_RIDING_STYLED_ITEM('overriding color',(#17863),#6509,
  #16465);
#17863 = PRESENTATION_STYLE_ASSIGNMENT((#17864));
#17864 = SURFACE_STYLE_USAGE(.BOTH.,#17865);
#17865 = SURFACE_SIDE_STYLE('',(#17866));
#17866 = SURFACE_STYLE_FILL_AREA(#17867);
#17867 = FILL_AREA_STYLE('',(#17868));
#17868 = FILL_AREA_STYLE_COLOUR('',#16482);
#17869 = OVER_RIDING_STYLED_ITEM('overriding color',(#17870),#6551,
  #16465);
#17870 = PRESENTATION_STYLE_ASSIGNMENT((#17871));
#17871 = SURFACE_STYLE_USAGE(.BOTH.,#17872);
#17872 = SURFACE_SIDE_STYLE('',(#17873));
#17873 = SURFACE_STYLE_FILL_AREA(#17874);
#17874 = FILL_AREA_STYLE('',(#17875));
#17875 = FILL_AREA_STYLE_COLOUR('',#16482);
#17876 = OVER_RIDING_STYLED_ITEM('overriding color',(#17877),#6575,
  #16465);
#17877 = PRESENTATION_STYLE_ASSIGNMENT((#17878));
#17878 = SURFACE_STYLE_USAGE(.BOTH.,#17879);
#17879 = SURFACE_SIDE_STYLE('',(#17880));
#17880 = SURFACE_STYLE_FILL_AREA(#17881);
#17881 = FILL_AREA_STYLE('',(#17882));
#17882 = FILL_AREA_STYLE_COLOUR('',#16482);
#17883 = OVER_RIDING_STYLED_ITEM('overriding color',(#17884),#6617,
  #16465);
#17884 = PRESENTATION_STYLE_ASSIGNMENT((#17885));
#17885 = SURFACE_STYLE_USAGE(.BOTH.,#17886);
#17886 = SURFACE_SIDE_STYLE('',(#17887));
#17887 = SURFACE_STYLE_FILL_AREA(#17888);
#17888 = FILL_AREA_STYLE('',(#17889));
#17889 = FILL_AREA_STYLE_COLOUR('',#16482);
#17890 = OVER_RIDING_STYLED_ITEM('overriding color',(#17891),#6641,
  #16465);
#17891 = PRESENTATION_STYLE_ASSIGNMENT((#17892));
#17892 = SURFACE_STYLE_USAGE(.BOTH.,#17893);
#17893 = SURFACE_SIDE_STYLE('',(#17894));
#17894 = SURFACE_STYLE_FILL_AREA(#17895);
#17895 = FILL_AREA_STYLE('',(#17896));
#17896 = FILL_AREA_STYLE_COLOUR('',#16482);
#17897 = OVER_RIDING_STYLED_ITEM('overriding color',(#17898),#6683,
  #16465);
#17898 = PRESENTATION_STYLE_ASSIGNMENT((#17899));
#17899 = SURFACE_STYLE_USAGE(.BOTH.,#17900);
#17900 = SURFACE_SIDE_STYLE('',(#17901));
#17901 = SURFACE_STYLE_FILL_AREA(#17902);
#17902 = FILL_AREA_STYLE('',(#17903));
#17903 = FILL_AREA_STYLE_COLOUR('',#16482);
#17904 = OVER_RIDING_STYLED_ITEM('overriding color',(#17905),#6707,
  #16465);
#17905 = PRESENTATION_STYLE_ASSIGNMENT((#17906));
#17906 = SURFACE_STYLE_USAGE(.BOTH.,#17907);
#17907 = SURFACE_SIDE_STYLE('',(#17908));
#17908 = SURFACE_STYLE_FILL_AREA(#17909);
#17909 = FILL_AREA_STYLE('',(#17910));
#17910 = FILL_AREA_STYLE_COLOUR('',#16482);
#17911 = OVER_RIDING_STYLED_ITEM('overriding color',(#17912),#6749,
  #16465);
#17912 = PRESENTATION_STYLE_ASSIGNMENT((#17913));
#17913 = SURFACE_STYLE_USAGE(.BOTH.,#17914);
#17914 = SURFACE_SIDE_STYLE('',(#17915));
#17915 = SURFACE_STYLE_FILL_AREA(#17916);
#17916 = FILL_AREA_STYLE('',(#17917));
#17917 = FILL_AREA_STYLE_COLOUR('',#16482);
#17918 = OVER_RIDING_STYLED_ITEM('overriding color',(#17919),#6773,
  #16465);
#17919 = PRESENTATION_STYLE_ASSIGNMENT((#17920));
#17920 = SURFACE_STYLE_USAGE(.BOTH.,#17921);
#17921 = SURFACE_SIDE_STYLE('',(#17922));
#17922 = SURFACE_STYLE_FILL_AREA(#17923);
#17923 = FILL_AREA_STYLE('',(#17924));
#17924 = FILL_AREA_STYLE_COLOUR('',#16482);
#17925 = OVER_RIDING_STYLED_ITEM('overriding color',(#17926),#6815,
  #16465);
#17926 = PRESENTATION_STYLE_ASSIGNMENT((#17927));
#17927 = SURFACE_STYLE_USAGE(.BOTH.,#17928);
#17928 = SURFACE_SIDE_STYLE('',(#17929));
#17929 = SURFACE_STYLE_FILL_AREA(#17930);
#17930 = FILL_AREA_STYLE('',(#17931));
#17931 = FILL_AREA_STYLE_COLOUR('',#16482);
#17932 = OVER_RIDING_STYLED_ITEM('overriding color',(#17933),#6839,
  #16465);
#17933 = PRESENTATION_STYLE_ASSIGNMENT((#17934));
#17934 = SURFACE_STYLE_USAGE(.BOTH.,#17935);
#17935 = SURFACE_SIDE_STYLE('',(#17936));
#17936 = SURFACE_STYLE_FILL_AREA(#17937);
#17937 = FILL_AREA_STYLE('',(#17938));
#17938 = FILL_AREA_STYLE_COLOUR('',#16482);
#17939 = OVER_RIDING_STYLED_ITEM('overriding color',(#17940),#6881,
  #16465);
#17940 = PRESENTATION_STYLE_ASSIGNMENT((#17941));
#17941 = SURFACE_STYLE_USAGE(.BOTH.,#17942);
#17942 = SURFACE_SIDE_STYLE('',(#17943));
#17943 = SURFACE_STYLE_FILL_AREA(#17944);
#17944 = FILL_AREA_STYLE('',(#17945));
#17945 = FILL_AREA_STYLE_COLOUR('',#16482);
#17946 = OVER_RIDING_STYLED_ITEM('overriding color',(#17947),#6905,
  #16465);
#17947 = PRESENTATION_STYLE_ASSIGNMENT((#17948));
#17948 = SURFACE_STYLE_USAGE(.BOTH.,#17949);
#17949 = SURFACE_SIDE_STYLE('',(#17950));
#17950 = SURFACE_STYLE_FILL_AREA(#17951);
#17951 = FILL_AREA_STYLE('',(#17952));
#17952 = FILL_AREA_STYLE_COLOUR('',#16482);
#17953 = OVER_RIDING_STYLED_ITEM('overriding color',(#17954),#6947,
  #16465);
#17954 = PRESENTATION_STYLE_ASSIGNMENT((#17955));
#17955 = SURFACE_STYLE_USAGE(.BOTH.,#17956);
#17956 = SURFACE_SIDE_STYLE('',(#17957));
#17957 = SURFACE_STYLE_FILL_AREA(#17958);
#17958 = FILL_AREA_STYLE('',(#17959));
#17959 = FILL_AREA_STYLE_COLOUR('',#16482);
#17960 = OVER_RIDING_STYLED_ITEM('overriding color',(#17961),#6971,
  #16465);
#17961 = PRESENTATION_STYLE_ASSIGNMENT((#17962));
#17962 = SURFACE_STYLE_USAGE(.BOTH.,#17963);
#17963 = SURFACE_SIDE_STYLE('',(#17964));
#17964 = SURFACE_STYLE_FILL_AREA(#17965);
#17965 = FILL_AREA_STYLE('',(#17966));
#17966 = FILL_AREA_STYLE_COLOUR('',#16482);
#17967 = OVER_RIDING_STYLED_ITEM('overriding color',(#17968),#7013,
  #16465);
#17968 = PRESENTATION_STYLE_ASSIGNMENT((#17969));
#17969 = SURFACE_STYLE_USAGE(.BOTH.,#17970);
#17970 = SURFACE_SIDE_STYLE('',(#17971));
#17971 = SURFACE_STYLE_FILL_AREA(#17972);
#17972 = FILL_AREA_STYLE('',(#17973));
#17973 = FILL_AREA_STYLE_COLOUR('',#16482);
#17974 = OVER_RIDING_STYLED_ITEM('overriding color',(#17975),#7037,
  #16465);
#17975 = PRESENTATION_STYLE_ASSIGNMENT((#17976));
#17976 = SURFACE_STYLE_USAGE(.BOTH.,#17977);
#17977 = SURFACE_SIDE_STYLE('',(#17978));
#17978 = SURFACE_STYLE_FILL_AREA(#17979);
#17979 = FILL_AREA_STYLE('',(#17980));
#17980 = FILL_AREA_STYLE_COLOUR('',#16482);
#17981 = OVER_RIDING_STYLED_ITEM('overriding color',(#17982),#7079,
  #16465);
#17982 = PRESENTATION_STYLE_ASSIGNMENT((#17983));
#17983 = SURFACE_STYLE_USAGE(.BOTH.,#17984);
#17984 = SURFACE_SIDE_STYLE('',(#17985));
#17985 = SURFACE_STYLE_FILL_AREA(#17986);
#17986 = FILL_AREA_STYLE('',(#17987));
#17987 = FILL_AREA_STYLE_COLOUR('',#16482);
#17988 = OVER_RIDING_STYLED_ITEM('overriding color',(#17989),#7103,
  #16465);
#17989 = PRESENTATION_STYLE_ASSIGNMENT((#17990));
#17990 = SURFACE_STYLE_USAGE(.BOTH.,#17991);
#17991 = SURFACE_SIDE_STYLE('',(#17992));
#17992 = SURFACE_STYLE_FILL_AREA(#17993);
#17993 = FILL_AREA_STYLE('',(#17994));
#17994 = FILL_AREA_STYLE_COLOUR('',#16482);
#17995 = OVER_RIDING_STYLED_ITEM('overriding color',(#17996),#7145,
  #16465);
#17996 = PRESENTATION_STYLE_ASSIGNMENT((#17997));
#17997 = SURFACE_STYLE_USAGE(.BOTH.,#17998);
#17998 = SURFACE_SIDE_STYLE('',(#17999));
#17999 = SURFACE_STYLE_FILL_AREA(#18000);
#18000 = FILL_AREA_STYLE('',(#18001));
#18001 = FILL_AREA_STYLE_COLOUR('',#16482);
#18002 = OVER_RIDING_STYLED_ITEM('overriding color',(#18003),#7169,
  #16465);
#18003 = PRESENTATION_STYLE_ASSIGNMENT((#18004));
#18004 = SURFACE_STYLE_USAGE(.BOTH.,#18005);
#18005 = SURFACE_SIDE_STYLE('',(#18006));
#18006 = SURFACE_STYLE_FILL_AREA(#18007);
#18007 = FILL_AREA_STYLE('',(#18008));
#18008 = FILL_AREA_STYLE_COLOUR('',#16482);
#18009 = OVER_RIDING_STYLED_ITEM('overriding color',(#18010),#7211,
  #16465);
#18010 = PRESENTATION_STYLE_ASSIGNMENT((#18011));
#18011 = SURFACE_STYLE_USAGE(.BOTH.,#18012);
#18012 = SURFACE_SIDE_STYLE('',(#18013));
#18013 = SURFACE_STYLE_FILL_AREA(#18014);
#18014 = FILL_AREA_STYLE('',(#18015));
#18015 = FILL_AREA_STYLE_COLOUR('',#16482);
#18016 = OVER_RIDING_STYLED_ITEM('overriding color',(#18017),#7235,
  #16465);
#18017 = PRESENTATION_STYLE_ASSIGNMENT((#18018));
#18018 = SURFACE_STYLE_USAGE(.BOTH.,#18019);
#18019 = SURFACE_SIDE_STYLE('',(#18020));
#18020 = SURFACE_STYLE_FILL_AREA(#18021);
#18021 = FILL_AREA_STYLE('',(#18022));
#18022 = FILL_AREA_STYLE_COLOUR('',#16482);
#18023 = OVER_RIDING_STYLED_ITEM('overriding color',(#18024),#7277,
  #16465);
#18024 = PRESENTATION_STYLE_ASSIGNMENT((#18025));
#18025 = SURFACE_STYLE_USAGE(.BOTH.,#18026);
#18026 = SURFACE_SIDE_STYLE('',(#18027));
#18027 = SURFACE_STYLE_FILL_AREA(#18028);
#18028 = FILL_AREA_STYLE('',(#18029));
#18029 = FILL_AREA_STYLE_COLOUR('',#16482);
#18030 = OVER_RIDING_STYLED_ITEM('overriding color',(#18031),#7301,
  #16465);
#18031 = PRESENTATION_STYLE_ASSIGNMENT((#18032));
#18032 = SURFACE_STYLE_USAGE(.BOTH.,#18033);
#18033 = SURFACE_SIDE_STYLE('',(#18034));
#18034 = SURFACE_STYLE_FILL_AREA(#18035);
#18035 = FILL_AREA_STYLE('',(#18036));
#18036 = FILL_AREA_STYLE_COLOUR('',#16482);
#18037 = OVER_RIDING_STYLED_ITEM('overriding color',(#18038),#7343,
  #16465);
#18038 = PRESENTATION_STYLE_ASSIGNMENT((#18039));
#18039 = SURFACE_STYLE_USAGE(.BOTH.,#18040);
#18040 = SURFACE_SIDE_STYLE('',(#18041));
#18041 = SURFACE_STYLE_FILL_AREA(#18042);
#18042 = FILL_AREA_STYLE('',(#18043));
#18043 = FILL_AREA_STYLE_COLOUR('',#16482);
#18044 = OVER_RIDING_STYLED_ITEM('overriding color',(#18045),#7367,
  #16465);
#18045 = PRESENTATION_STYLE_ASSIGNMENT((#18046));
#18046 = SURFACE_STYLE_USAGE(.BOTH.,#18047);
#18047 = SURFACE_SIDE_STYLE('',(#18048));
#18048 = SURFACE_STYLE_FILL_AREA(#18049);
#18049 = FILL_AREA_STYLE('',(#18050));
#18050 = FILL_AREA_STYLE_COLOUR('',#16482);
#18051 = OVER_RIDING_STYLED_ITEM('overriding color',(#18052),#7409,
  #16465);
#18052 = PRESENTATION_STYLE_ASSIGNMENT((#18053));
#18053 = SURFACE_STYLE_USAGE(.BOTH.,#18054);
#18054 = SURFACE_SIDE_STYLE('',(#18055));
#18055 = SURFACE_STYLE_FILL_AREA(#18056);
#18056 = FILL_AREA_STYLE('',(#18057));
#18057 = FILL_AREA_STYLE_COLOUR('',#16482);
#18058 = OVER_RIDING_STYLED_ITEM('overriding color',(#18059),#7433,
  #16465);
#18059 = PRESENTATION_STYLE_ASSIGNMENT((#18060));
#18060 = SURFACE_STYLE_USAGE(.BOTH.,#18061);
#18061 = SURFACE_SIDE_STYLE('',(#18062));
#18062 = SURFACE_STYLE_FILL_AREA(#18063);
#18063 = FILL_AREA_STYLE('',(#18064));
#18064 = FILL_AREA_STYLE_COLOUR('',#16482);
#18065 = OVER_RIDING_STYLED_ITEM('overriding color',(#18066),#7475,
  #16465);
#18066 = PRESENTATION_STYLE_ASSIGNMENT((#18067));
#18067 = SURFACE_STYLE_USAGE(.BOTH.,#18068);
#18068 = SURFACE_SIDE_STYLE('',(#18069));
#18069 = SURFACE_STYLE_FILL_AREA(#18070);
#18070 = FILL_AREA_STYLE('',(#18071));
#18071 = FILL_AREA_STYLE_COLOUR('',#16482);
#18072 = OVER_RIDING_STYLED_ITEM('overriding color',(#18073),#7499,
  #16465);
#18073 = PRESENTATION_STYLE_ASSIGNMENT((#18074));
#18074 = SURFACE_STYLE_USAGE(.BOTH.,#18075);
#18075 = SURFACE_SIDE_STYLE('',(#18076));
#18076 = SURFACE_STYLE_FILL_AREA(#18077);
#18077 = FILL_AREA_STYLE('',(#18078));
#18078 = FILL_AREA_STYLE_COLOUR('',#16482);
#18079 = OVER_RIDING_STYLED_ITEM('overriding color',(#18080),#7541,
  #16465);
#18080 = PRESENTATION_STYLE_ASSIGNMENT((#18081));
#18081 = SURFACE_STYLE_USAGE(.BOTH.,#18082);
#18082 = SURFACE_SIDE_STYLE('',(#18083));
#18083 = SURFACE_STYLE_FILL_AREA(#18084);
#18084 = FILL_AREA_STYLE('',(#18085));
#18085 = FILL_AREA_STYLE_COLOUR('',#16482);
#18086 = OVER_RIDING_STYLED_ITEM('overriding color',(#18087),#7565,
  #16465);
#18087 = PRESENTATION_STYLE_ASSIGNMENT((#18088));
#18088 = SURFACE_STYLE_USAGE(.BOTH.,#18089);
#18089 = SURFACE_SIDE_STYLE('',(#18090));
#18090 = SURFACE_STYLE_FILL_AREA(#18091);
#18091 = FILL_AREA_STYLE('',(#18092));
#18092 = FILL_AREA_STYLE_COLOUR('',#16482);
#18093 = OVER_RIDING_STYLED_ITEM('overriding color',(#18094),#7607,
  #16465);
#18094 = PRESENTATION_STYLE_ASSIGNMENT((#18095));
#18095 = SURFACE_STYLE_USAGE(.BOTH.,#18096);
#18096 = SURFACE_SIDE_STYLE('',(#18097));
#18097 = SURFACE_STYLE_FILL_AREA(#18098);
#18098 = FILL_AREA_STYLE('',(#18099));
#18099 = FILL_AREA_STYLE_COLOUR('',#16482);
#18100 = OVER_RIDING_STYLED_ITEM('overriding color',(#18101),#7631,
  #16465);
#18101 = PRESENTATION_STYLE_ASSIGNMENT((#18102));
#18102 = SURFACE_STYLE_USAGE(.BOTH.,#18103);
#18103 = SURFACE_SIDE_STYLE('',(#18104));
#18104 = SURFACE_STYLE_FILL_AREA(#18105);
#18105 = FILL_AREA_STYLE('',(#18106));
#18106 = FILL_AREA_STYLE_COLOUR('',#16482);
#18107 = OVER_RIDING_STYLED_ITEM('overriding color',(#18108),#7673,
  #16465);
#18108 = PRESENTATION_STYLE_ASSIGNMENT((#18109));
#18109 = SURFACE_STYLE_USAGE(.BOTH.,#18110);
#18110 = SURFACE_SIDE_STYLE('',(#18111));
#18111 = SURFACE_STYLE_FILL_AREA(#18112);
#18112 = FILL_AREA_STYLE('',(#18113));
#18113 = FILL_AREA_STYLE_COLOUR('',#16482);
#18114 = OVER_RIDING_STYLED_ITEM('overriding color',(#18115),#7697,
  #16465);
#18115 = PRESENTATION_STYLE_ASSIGNMENT((#18116));
#18116 = SURFACE_STYLE_USAGE(.BOTH.,#18117);
#18117 = SURFACE_SIDE_STYLE('',(#18118));
#18118 = SURFACE_STYLE_FILL_AREA(#18119);
#18119 = FILL_AREA_STYLE('',(#18120));
#18120 = FILL_AREA_STYLE_COLOUR('',#16482);
#18121 = OVER_RIDING_STYLED_ITEM('overriding color',(#18122),#7739,
  #16465);
#18122 = PRESENTATION_STYLE_ASSIGNMENT((#18123));
#18123 = SURFACE_STYLE_USAGE(.BOTH.,#18124);
#18124 = SURFACE_SIDE_STYLE('',(#18125));
#18125 = SURFACE_STYLE_FILL_AREA(#18126);
#18126 = FILL_AREA_STYLE('',(#18127));
#18127 = FILL_AREA_STYLE_COLOUR('',#16482);
#18128 = OVER_RIDING_STYLED_ITEM('overriding color',(#18129),#7763,
  #16465);
#18129 = PRESENTATION_STYLE_ASSIGNMENT((#18130));
#18130 = SURFACE_STYLE_USAGE(.BOTH.,#18131);
#18131 = SURFACE_SIDE_STYLE('',(#18132));
#18132 = SURFACE_STYLE_FILL_AREA(#18133);
#18133 = FILL_AREA_STYLE('',(#18134));
#18134 = FILL_AREA_STYLE_COLOUR('',#16482);
#18135 = OVER_RIDING_STYLED_ITEM('overriding color',(#18136),#7805,
  #16465);
#18136 = PRESENTATION_STYLE_ASSIGNMENT((#18137));
#18137 = SURFACE_STYLE_USAGE(.BOTH.,#18138);
#18138 = SURFACE_SIDE_STYLE('',(#18139));
#18139 = SURFACE_STYLE_FILL_AREA(#18140);
#18140 = FILL_AREA_STYLE('',(#18141));
#18141 = FILL_AREA_STYLE_COLOUR('',#16482);
#18142 = OVER_RIDING_STYLED_ITEM('overriding color',(#18143),#7829,
  #16465);
#18143 = PRESENTATION_STYLE_ASSIGNMENT((#18144));
#18144 = SURFACE_STYLE_USAGE(.BOTH.,#18145);
#18145 = SURFACE_SIDE_STYLE('',(#18146));
#18146 = SURFACE_STYLE_FILL_AREA(#18147);
#18147 = FILL_AREA_STYLE('',(#18148));
#18148 = FILL_AREA_STYLE_COLOUR('',#16482);
#18149 = OVER_RIDING_STYLED_ITEM('overriding color',(#18150),#7871,
  #16465);
#18150 = PRESENTATION_STYLE_ASSIGNMENT((#18151));
#18151 = SURFACE_STYLE_USAGE(.BOTH.,#18152);
#18152 = SURFACE_SIDE_STYLE('',(#18153));
#18153 = SURFACE_STYLE_FILL_AREA(#18154);
#18154 = FILL_AREA_STYLE('',(#18155));
#18155 = FILL_AREA_STYLE_COLOUR('',#16482);
#18156 = OVER_RIDING_STYLED_ITEM('overriding color',(#18157),#7895,
  #16465);
#18157 = PRESENTATION_STYLE_ASSIGNMENT((#18158));
#18158 = SURFACE_STYLE_USAGE(.BOTH.,#18159);
#18159 = SURFACE_SIDE_STYLE('',(#18160));
#18160 = SURFACE_STYLE_FILL_AREA(#18161);
#18161 = FILL_AREA_STYLE('',(#18162));
#18162 = FILL_AREA_STYLE_COLOUR('',#16482);
#18163 = OVER_RIDING_STYLED_ITEM('overriding color',(#18164),#7937,
  #16465);
#18164 = PRESENTATION_STYLE_ASSIGNMENT((#18165));
#18165 = SURFACE_STYLE_USAGE(.BOTH.,#18166);
#18166 = SURFACE_SIDE_STYLE('',(#18167));
#18167 = SURFACE_STYLE_FILL_AREA(#18168);
#18168 = FILL_AREA_STYLE('',(#18169));
#18169 = FILL_AREA_STYLE_COLOUR('',#16482);
#18170 = OVER_RIDING_STYLED_ITEM('overriding color',(#18171),#7961,
  #16465);
#18171 = PRESENTATION_STYLE_ASSIGNMENT((#18172));
#18172 = SURFACE_STYLE_USAGE(.BOTH.,#18173);
#18173 = SURFACE_SIDE_STYLE('',(#18174));
#18174 = SURFACE_STYLE_FILL_AREA(#18175);
#18175 = FILL_AREA_STYLE('',(#18176));
#18176 = FILL_AREA_STYLE_COLOUR('',#16482);
#18177 = OVER_RIDING_STYLED_ITEM('overriding color',(#18178),#8003,
  #16465);
#18178 = PRESENTATION_STYLE_ASSIGNMENT((#18179));
#18179 = SURFACE_STYLE_USAGE(.BOTH.,#18180);
#18180 = SURFACE_SIDE_STYLE('',(#18181));
#18181 = SURFACE_STYLE_FILL_AREA(#18182);
#18182 = FILL_AREA_STYLE('',(#18183));
#18183 = FILL_AREA_STYLE_COLOUR('',#16482);
#18184 = OVER_RIDING_STYLED_ITEM('overriding color',(#18185),#8027,
  #16465);
#18185 = PRESENTATION_STYLE_ASSIGNMENT((#18186));
#18186 = SURFACE_STYLE_USAGE(.BOTH.,#18187);
#18187 = SURFACE_SIDE_STYLE('',(#18188));
#18188 = SURFACE_STYLE_FILL_AREA(#18189);
#18189 = FILL_AREA_STYLE('',(#18190));
#18190 = FILL_AREA_STYLE_COLOUR('',#16482);
#18191 = OVER_RIDING_STYLED_ITEM('overriding color',(#18192),#8069,
  #16465);
#18192 = PRESENTATION_STYLE_ASSIGNMENT((#18193));
#18193 = SURFACE_STYLE_USAGE(.BOTH.,#18194);
#18194 = SURFACE_SIDE_STYLE('',(#18195));
#18195 = SURFACE_STYLE_FILL_AREA(#18196);
#18196 = FILL_AREA_STYLE('',(#18197));
#18197 = FILL_AREA_STYLE_COLOUR('',#16482);
#18198 = OVER_RIDING_STYLED_ITEM('overriding color',(#18199),#8093,
  #16465);
#18199 = PRESENTATION_STYLE_ASSIGNMENT((#18200));
#18200 = SURFACE_STYLE_USAGE(.BOTH.,#18201);
#18201 = SURFACE_SIDE_STYLE('',(#18202));
#18202 = SURFACE_STYLE_FILL_AREA(#18203);
#18203 = FILL_AREA_STYLE('',(#18204));
#18204 = FILL_AREA_STYLE_COLOUR('',#16482);
#18205 = OVER_RIDING_STYLED_ITEM('overriding color',(#18206),#8135,
  #16465);
#18206 = PRESENTATION_STYLE_ASSIGNMENT((#18207));
#18207 = SURFACE_STYLE_USAGE(.BOTH.,#18208);
#18208 = SURFACE_SIDE_STYLE('',(#18209));
#18209 = SURFACE_STYLE_FILL_AREA(#18210);
#18210 = FILL_AREA_STYLE('',(#18211));
#18211 = FILL_AREA_STYLE_COLOUR('',#16482);
#18212 = OVER_RIDING_STYLED_ITEM('overriding color',(#18213),#8159,
  #16465);
#18213 = PRESENTATION_STYLE_ASSIGNMENT((#18214));
#18214 = SURFACE_STYLE_USAGE(.BOTH.,#18215);
#18215 = SURFACE_SIDE_STYLE('',(#18216));
#18216 = SURFACE_STYLE_FILL_AREA(#18217);
#18217 = FILL_AREA_STYLE('',(#18218));
#18218 = FILL_AREA_STYLE_COLOUR('',#16482);
#18219 = OVER_RIDING_STYLED_ITEM('overriding color',(#18220),#8201,
  #16465);
#18220 = PRESENTATION_STYLE_ASSIGNMENT((#18221));
#18221 = SURFACE_STYLE_USAGE(.BOTH.,#18222);
#18222 = SURFACE_SIDE_STYLE('',(#18223));
#18223 = SURFACE_STYLE_FILL_AREA(#18224);
#18224 = FILL_AREA_STYLE('',(#18225));
#18225 = FILL_AREA_STYLE_COLOUR('',#16482);
#18226 = OVER_RIDING_STYLED_ITEM('overriding color',(#18227),#8225,
  #16465);
#18227 = PRESENTATION_STYLE_ASSIGNMENT((#18228));
#18228 = SURFACE_STYLE_USAGE(.BOTH.,#18229);
#18229 = SURFACE_SIDE_STYLE('',(#18230));
#18230 = SURFACE_STYLE_FILL_AREA(#18231);
#18231 = FILL_AREA_STYLE('',(#18232));
#18232 = FILL_AREA_STYLE_COLOUR('',#16482);
#18233 = OVER_RIDING_STYLED_ITEM('overriding color',(#18234),#8267,
  #16465);
#18234 = PRESENTATION_STYLE_ASSIGNMENT((#18235));
#18235 = SURFACE_STYLE_USAGE(.BOTH.,#18236);
#18236 = SURFACE_SIDE_STYLE('',(#18237));
#18237 = SURFACE_STYLE_FILL_AREA(#18238);
#18238 = FILL_AREA_STYLE('',(#18239));
#18239 = FILL_AREA_STYLE_COLOUR('',#16482);
#18240 = OVER_RIDING_STYLED_ITEM('overriding color',(#18241),#8291,
  #16465);
#18241 = PRESENTATION_STYLE_ASSIGNMENT((#18242));
#18242 = SURFACE_STYLE_USAGE(.BOTH.,#18243);
#18243 = SURFACE_SIDE_STYLE('',(#18244));
#18244 = SURFACE_STYLE_FILL_AREA(#18245);
#18245 = FILL_AREA_STYLE('',(#18246));
#18246 = FILL_AREA_STYLE_COLOUR('',#16482);
#18247 = OVER_RIDING_STYLED_ITEM('overriding color',(#18248),#8333,
  #16465);
#18248 = PRESENTATION_STYLE_ASSIGNMENT((#18249));
#18249 = SURFACE_STYLE_USAGE(.BOTH.,#18250);
#18250 = SURFACE_SIDE_STYLE('',(#18251));
#18251 = SURFACE_STYLE_FILL_AREA(#18252);
#18252 = FILL_AREA_STYLE('',(#18253));
#18253 = FILL_AREA_STYLE_COLOUR('',#16482);
#18254 = OVER_RIDING_STYLED_ITEM('overriding color',(#18255),#8357,
  #16465);
#18255 = PRESENTATION_STYLE_ASSIGNMENT((#18256));
#18256 = SURFACE_STYLE_USAGE(.BOTH.,#18257);
#18257 = SURFACE_SIDE_STYLE('',(#18258));
#18258 = SURFACE_STYLE_FILL_AREA(#18259);
#18259 = FILL_AREA_STYLE('',(#18260));
#18260 = FILL_AREA_STYLE_COLOUR('',#16482);
#18261 = OVER_RIDING_STYLED_ITEM('overriding color',(#18262),#8399,
  #16465);
#18262 = PRESENTATION_STYLE_ASSIGNMENT((#18263));
#18263 = SURFACE_STYLE_USAGE(.BOTH.,#18264);
#18264 = SURFACE_SIDE_STYLE('',(#18265));
#18265 = SURFACE_STYLE_FILL_AREA(#18266);
#18266 = FILL_AREA_STYLE('',(#18267));
#18267 = FILL_AREA_STYLE_COLOUR('',#16482);
#18268 = OVER_RIDING_STYLED_ITEM('overriding color',(#18269),#8423,
  #16465);
#18269 = PRESENTATION_STYLE_ASSIGNMENT((#18270));
#18270 = SURFACE_STYLE_USAGE(.BOTH.,#18271);
#18271 = SURFACE_SIDE_STYLE('',(#18272));
#18272 = SURFACE_STYLE_FILL_AREA(#18273);
#18273 = FILL_AREA_STYLE('',(#18274));
#18274 = FILL_AREA_STYLE_COLOUR('',#16482);
#18275 = OVER_RIDING_STYLED_ITEM('overriding color',(#18276),#8465,
  #16465);
#18276 = PRESENTATION_STYLE_ASSIGNMENT((#18277));
#18277 = SURFACE_STYLE_USAGE(.BOTH.,#18278);
#18278 = SURFACE_SIDE_STYLE('',(#18279));
#18279 = SURFACE_STYLE_FILL_AREA(#18280);
#18280 = FILL_AREA_STYLE('',(#18281));
#18281 = FILL_AREA_STYLE_COLOUR('',#16482);
#18282 = OVER_RIDING_STYLED_ITEM('overriding color',(#18283),#8489,
  #16465);
#18283 = PRESENTATION_STYLE_ASSIGNMENT((#18284));
#18284 = SURFACE_STYLE_USAGE(.BOTH.,#18285);
#18285 = SURFACE_SIDE_STYLE('',(#18286));
#18286 = SURFACE_STYLE_FILL_AREA(#18287);
#18287 = FILL_AREA_STYLE('',(#18288));
#18288 = FILL_AREA_STYLE_COLOUR('',#16482);
#18289 = OVER_RIDING_STYLED_ITEM('overriding color',(#18290),#8531,
  #16465);
#18290 = PRESENTATION_STYLE_ASSIGNMENT((#18291));
#18291 = SURFACE_STYLE_USAGE(.BOTH.,#18292);
#18292 = SURFACE_SIDE_STYLE('',(#18293));
#18293 = SURFACE_STYLE_FILL_AREA(#18294);
#18294 = FILL_AREA_STYLE('',(#18295));
#18295 = FILL_AREA_STYLE_COLOUR('',#16482);
#18296 = OVER_RIDING_STYLED_ITEM('overriding color',(#18297),#8555,
  #16465);
#18297 = PRESENTATION_STYLE_ASSIGNMENT((#18298));
#18298 = SURFACE_STYLE_USAGE(.BOTH.,#18299);
#18299 = SURFACE_SIDE_STYLE('',(#18300));
#18300 = SURFACE_STYLE_FILL_AREA(#18301);
#18301 = FILL_AREA_STYLE('',(#18302));
#18302 = FILL_AREA_STYLE_COLOUR('',#16482);
#18303 = OVER_RIDING_STYLED_ITEM('overriding color',(#18304),#8597,
  #16465);
#18304 = PRESENTATION_STYLE_ASSIGNMENT((#18305));
#18305 = SURFACE_STYLE_USAGE(.BOTH.,#18306);
#18306 = SURFACE_SIDE_STYLE('',(#18307));
#18307 = SURFACE_STYLE_FILL_AREA(#18308);
#18308 = FILL_AREA_STYLE('',(#18309));
#18309 = FILL_AREA_STYLE_COLOUR('',#16482);
#18310 = OVER_RIDING_STYLED_ITEM('overriding color',(#18311),#8621,
  #16465);
#18311 = PRESENTATION_STYLE_ASSIGNMENT((#18312));
#18312 = SURFACE_STYLE_USAGE(.BOTH.,#18313);
#18313 = SURFACE_SIDE_STYLE('',(#18314));
#18314 = SURFACE_STYLE_FILL_AREA(#18315);
#18315 = FILL_AREA_STYLE('',(#18316));
#18316 = FILL_AREA_STYLE_COLOUR('',#16482);
#18317 = OVER_RIDING_STYLED_ITEM('overriding color',(#18318),#8663,
  #16465);
#18318 = PRESENTATION_STYLE_ASSIGNMENT((#18319));
#18319 = SURFACE_STYLE_USAGE(.BOTH.,#18320);
#18320 = SURFACE_SIDE_STYLE('',(#18321));
#18321 = SURFACE_STYLE_FILL_AREA(#18322);
#18322 = FILL_AREA_STYLE('',(#18323));
#18323 = FILL_AREA_STYLE_COLOUR('',#16482);
#18324 = OVER_RIDING_STYLED_ITEM('overriding color',(#18325),#8687,
  #16465);
#18325 = PRESENTATION_STYLE_ASSIGNMENT((#18326));
#18326 = SURFACE_STYLE_USAGE(.BOTH.,#18327);
#18327 = SURFACE_SIDE_STYLE('',(#18328));
#18328 = SURFACE_STYLE_FILL_AREA(#18329);
#18329 = FILL_AREA_STYLE('',(#18330));
#18330 = FILL_AREA_STYLE_COLOUR('',#16482);
#18331 = OVER_RIDING_STYLED_ITEM('overriding color',(#18332),#8729,
  #16465);
#18332 = PRESENTATION_STYLE_ASSIGNMENT((#18333));
#18333 = SURFACE_STYLE_USAGE(.BOTH.,#18334);
#18334 = SURFACE_SIDE_STYLE('',(#18335));
#18335 = SURFACE_STYLE_FILL_AREA(#18336);
#18336 = FILL_AREA_STYLE('',(#18337));
#18337 = FILL_AREA_STYLE_COLOUR('',#16482);
#18338 = OVER_RIDING_STYLED_ITEM('overriding color',(#18339),#8753,
  #16465);
#18339 = PRESENTATION_STYLE_ASSIGNMENT((#18340));
#18340 = SURFACE_STYLE_USAGE(.BOTH.,#18341);
#18341 = SURFACE_SIDE_STYLE('',(#18342));
#18342 = SURFACE_STYLE_FILL_AREA(#18343);
#18343 = FILL_AREA_STYLE('',(#18344));
#18344 = FILL_AREA_STYLE_COLOUR('',#16482);
#18345 = OVER_RIDING_STYLED_ITEM('overriding color',(#18346),#8795,
  #16465);
#18346 = PRESENTATION_STYLE_ASSIGNMENT((#18347));
#18347 = SURFACE_STYLE_USAGE(.BOTH.,#18348);
#18348 = SURFACE_SIDE_STYLE('',(#18349));
#18349 = SURFACE_STYLE_FILL_AREA(#18350);
#18350 = FILL_AREA_STYLE('',(#18351));
#18351 = FILL_AREA_STYLE_COLOUR('',#16482);
#18352 = OVER_RIDING_STYLED_ITEM('overriding color',(#18353),#8819,
  #16465);
#18353 = PRESENTATION_STYLE_ASSIGNMENT((#18354));
#18354 = SURFACE_STYLE_USAGE(.BOTH.,#18355);
#18355 = SURFACE_SIDE_STYLE('',(#18356));
#18356 = SURFACE_STYLE_FILL_AREA(#18357);
#18357 = FILL_AREA_STYLE('',(#18358));
#18358 = FILL_AREA_STYLE_COLOUR('',#16482);
#18359 = OVER_RIDING_STYLED_ITEM('overriding color',(#18360),#8861,
  #16465);
#18360 = PRESENTATION_STYLE_ASSIGNMENT((#18361));
#18361 = SURFACE_STYLE_USAGE(.BOTH.,#18362);
#18362 = SURFACE_SIDE_STYLE('',(#18363));
#18363 = SURFACE_STYLE_FILL_AREA(#18364);
#18364 = FILL_AREA_STYLE('',(#18365));
#18365 = FILL_AREA_STYLE_COLOUR('',#16482);
#18366 = OVER_RIDING_STYLED_ITEM('overriding color',(#18367),#8885,
  #16465);
#18367 = PRESENTATION_STYLE_ASSIGNMENT((#18368));
#18368 = SURFACE_STYLE_USAGE(.BOTH.,#18369);
#18369 = SURFACE_SIDE_STYLE('',(#18370));
#18370 = SURFACE_STYLE_FILL_AREA(#18371);
#18371 = FILL_AREA_STYLE('',(#18372));
#18372 = FILL_AREA_STYLE_COLOUR('',#16482);
#18373 = OVER_RIDING_STYLED_ITEM('overriding color',(#18374),#8927,
  #16465);
#18374 = PRESENTATION_STYLE_ASSIGNMENT((#18375));
#18375 = SURFACE_STYLE_USAGE(.BOTH.,#18376);
#18376 = SURFACE_SIDE_STYLE('',(#18377));
#18377 = SURFACE_STYLE_FILL_AREA(#18378);
#18378 = FILL_AREA_STYLE('',(#18379));
#18379 = FILL_AREA_STYLE_COLOUR('',#16482);
#18380 = OVER_RIDING_STYLED_ITEM('overriding color',(#18381),#8951,
  #16465);
#18381 = PRESENTATION_STYLE_ASSIGNMENT((#18382));
#18382 = SURFACE_STYLE_USAGE(.BOTH.,#18383);
#18383 = SURFACE_SIDE_STYLE('',(#18384));
#18384 = SURFACE_STYLE_FILL_AREA(#18385);
#18385 = FILL_AREA_STYLE('',(#18386));
#18386 = FILL_AREA_STYLE_COLOUR('',#16482);
#18387 = OVER_RIDING_STYLED_ITEM('overriding color',(#18388),#8993,
  #16465);
#18388 = PRESENTATION_STYLE_ASSIGNMENT((#18389));
#18389 = SURFACE_STYLE_USAGE(.BOTH.,#18390);
#18390 = SURFACE_SIDE_STYLE('',(#18391));
#18391 = SURFACE_STYLE_FILL_AREA(#18392);
#18392 = FILL_AREA_STYLE('',(#18393));
#18393 = FILL_AREA_STYLE_COLOUR('',#16482);
#18394 = OVER_RIDING_STYLED_ITEM('overriding color',(#18395),#9017,
  #16465);
#18395 = PRESENTATION_STYLE_ASSIGNMENT((#18396));
#18396 = SURFACE_STYLE_USAGE(.BOTH.,#18397);
#18397 = SURFACE_SIDE_STYLE('',(#18398));
#18398 = SURFACE_STYLE_FILL_AREA(#18399);
#18399 = FILL_AREA_STYLE('',(#18400));
#18400 = FILL_AREA_STYLE_COLOUR('',#16482);
#18401 = OVER_RIDING_STYLED_ITEM('overriding color',(#18402),#9059,
  #16465);
#18402 = PRESENTATION_STYLE_ASSIGNMENT((#18403));
#18403 = SURFACE_STYLE_USAGE(.BOTH.,#18404);
#18404 = SURFACE_SIDE_STYLE('',(#18405));
#18405 = SURFACE_STYLE_FILL_AREA(#18406);
#18406 = FILL_AREA_STYLE('',(#18407));
#18407 = FILL_AREA_STYLE_COLOUR('',#16482);
#18408 = OVER_RIDING_STYLED_ITEM('overriding color',(#18409),#9083,
  #16465);
#18409 = PRESENTATION_STYLE_ASSIGNMENT((#18410));
#18410 = SURFACE_STYLE_USAGE(.BOTH.,#18411);
#18411 = SURFACE_SIDE_STYLE('',(#18412));
#18412 = SURFACE_STYLE_FILL_AREA(#18413);
#18413 = FILL_AREA_STYLE('',(#18414));
#18414 = FILL_AREA_STYLE_COLOUR('',#16482);
#18415 = OVER_RIDING_STYLED_ITEM('overriding color',(#18416),#9125,
  #16465);
#18416 = PRESENTATION_STYLE_ASSIGNMENT((#18417));
#18417 = SURFACE_STYLE_USAGE(.BOTH.,#18418);
#18418 = SURFACE_SIDE_STYLE('',(#18419));
#18419 = SURFACE_STYLE_FILL_AREA(#18420);
#18420 = FILL_AREA_STYLE('',(#18421));
#18421 = FILL_AREA_STYLE_COLOUR('',#16482);
#18422 = OVER_RIDING_STYLED_ITEM('overriding color',(#18423),#9149,
  #16465);
#18423 = PRESENTATION_STYLE_ASSIGNMENT((#18424));
#18424 = SURFACE_STYLE_USAGE(.BOTH.,#18425);
#18425 = SURFACE_SIDE_STYLE('',(#18426));
#18426 = SURFACE_STYLE_FILL_AREA(#18427);
#18427 = FILL_AREA_STYLE('',(#18428));
#18428 = FILL_AREA_STYLE_COLOUR('',#16482);
#18429 = OVER_RIDING_STYLED_ITEM('overriding color',(#18430),#9191,
  #16465);
#18430 = PRESENTATION_STYLE_ASSIGNMENT((#18431));
#18431 = SURFACE_STYLE_USAGE(.BOTH.,#18432);
#18432 = SURFACE_SIDE_STYLE('',(#18433));
#18433 = SURFACE_STYLE_FILL_AREA(#18434);
#18434 = FILL_AREA_STYLE('',(#18435));
#18435 = FILL_AREA_STYLE_COLOUR('',#16482);
#18436 = OVER_RIDING_STYLED_ITEM('overriding color',(#18437),#9215,
  #16465);
#18437 = PRESENTATION_STYLE_ASSIGNMENT((#18438));
#18438 = SURFACE_STYLE_USAGE(.BOTH.,#18439);
#18439 = SURFACE_SIDE_STYLE('',(#18440));
#18440 = SURFACE_STYLE_FILL_AREA(#18441);
#18441 = FILL_AREA_STYLE('',(#18442));
#18442 = FILL_AREA_STYLE_COLOUR('',#16482);
#18443 = OVER_RIDING_STYLED_ITEM('overriding color',(#18444),#9257,
  #16465);
#18444 = PRESENTATION_STYLE_ASSIGNMENT((#18445));
#18445 = SURFACE_STYLE_USAGE(.BOTH.,#18446);
#18446 = SURFACE_SIDE_STYLE('',(#18447));
#18447 = SURFACE_STYLE_FILL_AREA(#18448);
#18448 = FILL_AREA_STYLE('',(#18449));
#18449 = FILL_AREA_STYLE_COLOUR('',#16482);
#18450 = OVER_RIDING_STYLED_ITEM('overriding color',(#18451),#9281,
  #16465);
#18451 = PRESENTATION_STYLE_ASSIGNMENT((#18452));
#18452 = SURFACE_STYLE_USAGE(.BOTH.,#18453);
#18453 = SURFACE_SIDE_STYLE('',(#18454));
#18454 = SURFACE_STYLE_FILL_AREA(#18455);
#18455 = FILL_AREA_STYLE('',(#18456));
#18456 = FILL_AREA_STYLE_COLOUR('',#16482);
#18457 = OVER_RIDING_STYLED_ITEM('overriding color',(#18458),#9323,
  #16465);
#18458 = PRESENTATION_STYLE_ASSIGNMENT((#18459));
#18459 = SURFACE_STYLE_USAGE(.BOTH.,#18460);
#18460 = SURFACE_SIDE_STYLE('',(#18461));
#18461 = SURFACE_STYLE_FILL_AREA(#18462);
#18462 = FILL_AREA_STYLE('',(#18463));
#18463 = FILL_AREA_STYLE_COLOUR('',#16482);
#18464 = OVER_RIDING_STYLED_ITEM('overriding color',(#18465),#9347,
  #16465);
#18465 = PRESENTATION_STYLE_ASSIGNMENT((#18466));
#18466 = SURFACE_STYLE_USAGE(.BOTH.,#18467);
#18467 = SURFACE_SIDE_STYLE('',(#18468));
#18468 = SURFACE_STYLE_FILL_AREA(#18469);
#18469 = FILL_AREA_STYLE('',(#18470));
#18470 = FILL_AREA_STYLE_COLOUR('',#16482);
#18471 = OVER_RIDING_STYLED_ITEM('overriding color',(#18472),#9389,
  #16465);
#18472 = PRESENTATION_STYLE_ASSIGNMENT((#18473));
#18473 = SURFACE_STYLE_USAGE(.BOTH.,#18474);
#18474 = SURFACE_SIDE_STYLE('',(#18475));
#18475 = SURFACE_STYLE_FILL_AREA(#18476);
#18476 = FILL_AREA_STYLE('',(#18477));
#18477 = FILL_AREA_STYLE_COLOUR('',#16482);
#18478 = OVER_RIDING_STYLED_ITEM('overriding color',(#18479),#9413,
  #16465);
#18479 = PRESENTATION_STYLE_ASSIGNMENT((#18480));
#18480 = SURFACE_STYLE_USAGE(.BOTH.,#18481);
#18481 = SURFACE_SIDE_STYLE('',(#18482));
#18482 = SURFACE_STYLE_FILL_AREA(#18483);
#18483 = FILL_AREA_STYLE('',(#18484));
#18484 = FILL_AREA_STYLE_COLOUR('',#16482);
#18485 = OVER_RIDING_STYLED_ITEM('overriding color',(#18486),#9455,
  #16465);
#18486 = PRESENTATION_STYLE_ASSIGNMENT((#18487));
#18487 = SURFACE_STYLE_USAGE(.BOTH.,#18488);
#18488 = SURFACE_SIDE_STYLE('',(#18489));
#18489 = SURFACE_STYLE_FILL_AREA(#18490);
#18490 = FILL_AREA_STYLE('',(#18491));
#18491 = FILL_AREA_STYLE_COLOUR('',#16482);
#18492 = OVER_RIDING_STYLED_ITEM('overriding color',(#18493),#9479,
  #16465);
#18493 = PRESENTATION_STYLE_ASSIGNMENT((#18494));
#18494 = SURFACE_STYLE_USAGE(.BOTH.,#18495);
#18495 = SURFACE_SIDE_STYLE('',(#18496));
#18496 = SURFACE_STYLE_FILL_AREA(#18497);
#18497 = FILL_AREA_STYLE('',(#18498));
#18498 = FILL_AREA_STYLE_COLOUR('',#16482);
#18499 = OVER_RIDING_STYLED_ITEM('overriding color',(#18500),#9521,
  #16465);
#18500 = PRESENTATION_STYLE_ASSIGNMENT((#18501));
#18501 = SURFACE_STYLE_USAGE(.BOTH.,#18502);
#18502 = SURFACE_SIDE_STYLE('',(#18503));
#18503 = SURFACE_STYLE_FILL_AREA(#18504);
#18504 = FILL_AREA_STYLE('',(#18505));
#18505 = FILL_AREA_STYLE_COLOUR('',#16482);
#18506 = OVER_RIDING_STYLED_ITEM('overriding color',(#18507),#9545,
  #16465);
#18507 = PRESENTATION_STYLE_ASSIGNMENT((#18508));
#18508 = SURFACE_STYLE_USAGE(.BOTH.,#18509);
#18509 = SURFACE_SIDE_STYLE('',(#18510));
#18510 = SURFACE_STYLE_FILL_AREA(#18511);
#18511 = FILL_AREA_STYLE('',(#18512));
#18512 = FILL_AREA_STYLE_COLOUR('',#16482);
#18513 = OVER_RIDING_STYLED_ITEM('overriding color',(#18514),#9587,
  #16465);
#18514 = PRESENTATION_STYLE_ASSIGNMENT((#18515));
#18515 = SURFACE_STYLE_USAGE(.BOTH.,#18516);
#18516 = SURFACE_SIDE_STYLE('',(#18517));
#18517 = SURFACE_STYLE_FILL_AREA(#18518);
#18518 = FILL_AREA_STYLE('',(#18519));
#18519 = FILL_AREA_STYLE_COLOUR('',#16482);
#18520 = OVER_RIDING_STYLED_ITEM('overriding color',(#18521),#9611,
  #16465);
#18521 = PRESENTATION_STYLE_ASSIGNMENT((#18522));
#18522 = SURFACE_STYLE_USAGE(.BOTH.,#18523);
#18523 = SURFACE_SIDE_STYLE('',(#18524));
#18524 = SURFACE_STYLE_FILL_AREA(#18525);
#18525 = FILL_AREA_STYLE('',(#18526));
#18526 = FILL_AREA_STYLE_COLOUR('',#16482);
#18527 = OVER_RIDING_STYLED_ITEM('overriding color',(#18528),#9653,
  #16465);
#18528 = PRESENTATION_STYLE_ASSIGNMENT((#18529));
#18529 = SURFACE_STYLE_USAGE(.BOTH.,#18530);
#18530 = SURFACE_SIDE_STYLE('',(#18531));
#18531 = SURFACE_STYLE_FILL_AREA(#18532);
#18532 = FILL_AREA_STYLE('',(#18533));
#18533 = FILL_AREA_STYLE_COLOUR('',#16482);
#18534 = OVER_RIDING_STYLED_ITEM('overriding color',(#18535),#9677,
  #16465);
#18535 = PRESENTATION_STYLE_ASSIGNMENT((#18536));
#18536 = SURFACE_STYLE_USAGE(.BOTH.,#18537);
#18537 = SURFACE_SIDE_STYLE('',(#18538));
#18538 = SURFACE_STYLE_FILL_AREA(#18539);
#18539 = FILL_AREA_STYLE('',(#18540));
#18540 = FILL_AREA_STYLE_COLOUR('',#16482);
#18541 = OVER_RIDING_STYLED_ITEM('overriding color',(#18542),#9719,
  #16465);
#18542 = PRESENTATION_STYLE_ASSIGNMENT((#18543));
#18543 = SURFACE_STYLE_USAGE(.BOTH.,#18544);
#18544 = SURFACE_SIDE_STYLE('',(#18545));
#18545 = SURFACE_STYLE_FILL_AREA(#18546);
#18546 = FILL_AREA_STYLE('',(#18547));
#18547 = FILL_AREA_STYLE_COLOUR('',#16482);
#18548 = OVER_RIDING_STYLED_ITEM('overriding color',(#18549),#9743,
  #16465);
#18549 = PRESENTATION_STYLE_ASSIGNMENT((#18550));
#18550 = SURFACE_STYLE_USAGE(.BOTH.,#18551);
#18551 = SURFACE_SIDE_STYLE('',(#18552));
#18552 = SURFACE_STYLE_FILL_AREA(#18553);
#18553 = FILL_AREA_STYLE('',(#18554));
#18554 = FILL_AREA_STYLE_COLOUR('',#16482);
#18555 = OVER_RIDING_STYLED_ITEM('overriding color',(#18556),#9785,
  #16465);
#18556 = PRESENTATION_STYLE_ASSIGNMENT((#18557));
#18557 = SURFACE_STYLE_USAGE(.BOTH.,#18558);
#18558 = SURFACE_SIDE_STYLE('',(#18559));
#18559 = SURFACE_STYLE_FILL_AREA(#18560);
#18560 = FILL_AREA_STYLE('',(#18561));
#18561 = FILL_AREA_STYLE_COLOUR('',#16482);
#18562 = OVER_RIDING_STYLED_ITEM('overriding color',(#18563),#9809,
  #16465);
#18563 = PRESENTATION_STYLE_ASSIGNMENT((#18564));
#18564 = SURFACE_STYLE_USAGE(.BOTH.,#18565);
#18565 = SURFACE_SIDE_STYLE('',(#18566));
#18566 = SURFACE_STYLE_FILL_AREA(#18567);
#18567 = FILL_AREA_STYLE('',(#18568));
#18568 = FILL_AREA_STYLE_COLOUR('',#16482);
#18569 = OVER_RIDING_STYLED_ITEM('overriding color',(#18570),#9851,
  #16465);
#18570 = PRESENTATION_STYLE_ASSIGNMENT((#18571));
#18571 = SURFACE_STYLE_USAGE(.BOTH.,#18572);
#18572 = SURFACE_SIDE_STYLE('',(#18573));
#18573 = SURFACE_STYLE_FILL_AREA(#18574);
#18574 = FILL_AREA_STYLE('',(#18575));
#18575 = FILL_AREA_STYLE_COLOUR('',#16482);
#18576 = OVER_RIDING_STYLED_ITEM('overriding color',(#18577),#9875,
  #16465);
#18577 = PRESENTATION_STYLE_ASSIGNMENT((#18578));
#18578 = SURFACE_STYLE_USAGE(.BOTH.,#18579);
#18579 = SURFACE_SIDE_STYLE('',(#18580));
#18580 = SURFACE_STYLE_FILL_AREA(#18581);
#18581 = FILL_AREA_STYLE('',(#18582));
#18582 = FILL_AREA_STYLE_COLOUR('',#16482);
#18583 = OVER_RIDING_STYLED_ITEM('overriding color',(#18584),#9917,
  #16465);
#18584 = PRESENTATION_STYLE_ASSIGNMENT((#18585));
#18585 = SURFACE_STYLE_USAGE(.BOTH.,#18586);
#18586 = SURFACE_SIDE_STYLE('',(#18587));
#18587 = SURFACE_STYLE_FILL_AREA(#18588);
#18588 = FILL_AREA_STYLE('',(#18589));
#18589 = FILL_AREA_STYLE_COLOUR('',#16482);
#18590 = OVER_RIDING_STYLED_ITEM('overriding color',(#18591),#9941,
  #16465);
#18591 = PRESENTATION_STYLE_ASSIGNMENT((#18592));
#18592 = SURFACE_STYLE_USAGE(.BOTH.,#18593);
#18593 = SURFACE_SIDE_STYLE('',(#18594));
#18594 = SURFACE_STYLE_FILL_AREA(#18595);
#18595 = FILL_AREA_STYLE('',(#18596));
#18596 = FILL_AREA_STYLE_COLOUR('',#16482);
#18597 = OVER_RIDING_STYLED_ITEM('overriding color',(#18598),#9983,
  #16465);
#18598 = PRESENTATION_STYLE_ASSIGNMENT((#18599));
#18599 = SURFACE_STYLE_USAGE(.BOTH.,#18600);
#18600 = SURFACE_SIDE_STYLE('',(#18601));
#18601 = SURFACE_STYLE_FILL_AREA(#18602);
#18602 = FILL_AREA_STYLE('',(#18603));
#18603 = FILL_AREA_STYLE_COLOUR('',#16482);
#18604 = OVER_RIDING_STYLED_ITEM('overriding color',(#18605),#10007,
  #16465);
#18605 = PRESENTATION_STYLE_ASSIGNMENT((#18606));
#18606 = SURFACE_STYLE_USAGE(.BOTH.,#18607);
#18607 = SURFACE_SIDE_STYLE('',(#18608));
#18608 = SURFACE_STYLE_FILL_AREA(#18609);
#18609 = FILL_AREA_STYLE('',(#18610));
#18610 = FILL_AREA_STYLE_COLOUR('',#16482);
#18611 = OVER_RIDING_STYLED_ITEM('overriding color',(#18612),#10049,
  #16465);
#18612 = PRESENTATION_STYLE_ASSIGNMENT((#18613));
#18613 = SURFACE_STYLE_USAGE(.BOTH.,#18614);
#18614 = SURFACE_SIDE_STYLE('',(#18615));
#18615 = SURFACE_STYLE_FILL_AREA(#18616);
#18616 = FILL_AREA_STYLE('',(#18617));
#18617 = FILL_AREA_STYLE_COLOUR('',#16482);
#18618 = OVER_RIDING_STYLED_ITEM('overriding color',(#18619),#10073,
  #16465);
#18619 = PRESENTATION_STYLE_ASSIGNMENT((#18620));
#18620 = SURFACE_STYLE_USAGE(.BOTH.,#18621);
#18621 = SURFACE_SIDE_STYLE('',(#18622));
#18622 = SURFACE_STYLE_FILL_AREA(#18623);
#18623 = FILL_AREA_STYLE('',(#18624));
#18624 = FILL_AREA_STYLE_COLOUR('',#16482);
#18625 = OVER_RIDING_STYLED_ITEM('overriding color',(#18626),#10115,
  #16465);
#18626 = PRESENTATION_STYLE_ASSIGNMENT((#18627));
#18627 = SURFACE_STYLE_USAGE(.BOTH.,#18628);
#18628 = SURFACE_SIDE_STYLE('',(#18629));
#18629 = SURFACE_STYLE_FILL_AREA(#18630);
#18630 = FILL_AREA_STYLE('',(#18631));
#18631 = FILL_AREA_STYLE_COLOUR('',#16482);
#18632 = OVER_RIDING_STYLED_ITEM('overriding color',(#18633),#10139,
  #16465);
#18633 = PRESENTATION_STYLE_ASSIGNMENT((#18634));
#18634 = SURFACE_STYLE_USAGE(.BOTH.,#18635);
#18635 = SURFACE_SIDE_STYLE('',(#18636));
#18636 = SURFACE_STYLE_FILL_AREA(#18637);
#18637 = FILL_AREA_STYLE('',(#18638));
#18638 = FILL_AREA_STYLE_COLOUR('',#16482);
#18639 = OVER_RIDING_STYLED_ITEM('overriding color',(#18640),#10181,
  #16465);
#18640 = PRESENTATION_STYLE_ASSIGNMENT((#18641));
#18641 = SURFACE_STYLE_USAGE(.BOTH.,#18642);
#18642 = SURFACE_SIDE_STYLE('',(#18643));
#18643 = SURFACE_STYLE_FILL_AREA(#18644);
#18644 = FILL_AREA_STYLE('',(#18645));
#18645 = FILL_AREA_STYLE_COLOUR('',#16482);
#18646 = OVER_RIDING_STYLED_ITEM('overriding color',(#18647),#10205,
  #16465);
#18647 = PRESENTATION_STYLE_ASSIGNMENT((#18648));
#18648 = SURFACE_STYLE_USAGE(.BOTH.,#18649);
#18649 = SURFACE_SIDE_STYLE('',(#18650));
#18650 = SURFACE_STYLE_FILL_AREA(#18651);
#18651 = FILL_AREA_STYLE('',(#18652));
#18652 = FILL_AREA_STYLE_COLOUR('',#16482);
#18653 = OVER_RIDING_STYLED_ITEM('overriding color',(#18654),#10247,
  #16465);
#18654 = PRESENTATION_STYLE_ASSIGNMENT((#18655));
#18655 = SURFACE_STYLE_USAGE(.BOTH.,#18656);
#18656 = SURFACE_SIDE_STYLE('',(#18657));
#18657 = SURFACE_STYLE_FILL_AREA(#18658);
#18658 = FILL_AREA_STYLE('',(#18659));
#18659 = FILL_AREA_STYLE_COLOUR('',#16482);
#18660 = OVER_RIDING_STYLED_ITEM('overriding color',(#18661),#10271,
  #16465);
#18661 = PRESENTATION_STYLE_ASSIGNMENT((#18662));
#18662 = SURFACE_STYLE_USAGE(.BOTH.,#18663);
#18663 = SURFACE_SIDE_STYLE('',(#18664));
#18664 = SURFACE_STYLE_FILL_AREA(#18665);
#18665 = FILL_AREA_STYLE('',(#18666));
#18666 = FILL_AREA_STYLE_COLOUR('',#16482);
#18667 = OVER_RIDING_STYLED_ITEM('overriding color',(#18668),#10313,
  #16465);
#18668 = PRESENTATION_STYLE_ASSIGNMENT((#18669));
#18669 = SURFACE_STYLE_USAGE(.BOTH.,#18670);
#18670 = SURFACE_SIDE_STYLE('',(#18671));
#18671 = SURFACE_STYLE_FILL_AREA(#18672);
#18672 = FILL_AREA_STYLE('',(#18673));
#18673 = FILL_AREA_STYLE_COLOUR('',#16482);
#18674 = OVER_RIDING_STYLED_ITEM('overriding color',(#18675),#10337,
  #16465);
#18675 = PRESENTATION_STYLE_ASSIGNMENT((#18676));
#18676 = SURFACE_STYLE_USAGE(.BOTH.,#18677);
#18677 = SURFACE_SIDE_STYLE('',(#18678));
#18678 = SURFACE_STYLE_FILL_AREA(#18679);
#18679 = FILL_AREA_STYLE('',(#18680));
#18680 = FILL_AREA_STYLE_COLOUR('',#16482);
#18681 = OVER_RIDING_STYLED_ITEM('overriding color',(#18682),#10379,
  #16465);
#18682 = PRESENTATION_STYLE_ASSIGNMENT((#18683));
#18683 = SURFACE_STYLE_USAGE(.BOTH.,#18684);
#18684 = SURFACE_SIDE_STYLE('',(#18685));
#18685 = SURFACE_STYLE_FILL_AREA(#18686);
#18686 = FILL_AREA_STYLE('',(#18687));
#18687 = FILL_AREA_STYLE_COLOUR('',#16482);
#18688 = OVER_RIDING_STYLED_ITEM('overriding color',(#18689),#10403,
  #16465);
#18689 = PRESENTATION_STYLE_ASSIGNMENT((#18690));
#18690 = SURFACE_STYLE_USAGE(.BOTH.,#18691);
#18691 = SURFACE_SIDE_STYLE('',(#18692));
#18692 = SURFACE_STYLE_FILL_AREA(#18693);
#18693 = FILL_AREA_STYLE('',(#18694));
#18694 = FILL_AREA_STYLE_COLOUR('',#16482);
#18695 = OVER_RIDING_STYLED_ITEM('overriding color',(#18696),#10445,
  #16465);
#18696 = PRESENTATION_STYLE_ASSIGNMENT((#18697));
#18697 = SURFACE_STYLE_USAGE(.BOTH.,#18698);
#18698 = SURFACE_SIDE_STYLE('',(#18699));
#18699 = SURFACE_STYLE_FILL_AREA(#18700);
#18700 = FILL_AREA_STYLE('',(#18701));
#18701 = FILL_AREA_STYLE_COLOUR('',#16482);
#18702 = OVER_RIDING_STYLED_ITEM('overriding color',(#18703),#10469,
  #16465);
#18703 = PRESENTATION_STYLE_ASSIGNMENT((#18704));
#18704 = SURFACE_STYLE_USAGE(.BOTH.,#18705);
#18705 = SURFACE_SIDE_STYLE('',(#18706));
#18706 = SURFACE_STYLE_FILL_AREA(#18707);
#18707 = FILL_AREA_STYLE('',(#18708));
#18708 = FILL_AREA_STYLE_COLOUR('',#16482);
#18709 = OVER_RIDING_STYLED_ITEM('overriding color',(#18710),#10511,
  #16465);
#18710 = PRESENTATION_STYLE_ASSIGNMENT((#18711));
#18711 = SURFACE_STYLE_USAGE(.BOTH.,#18712);
#18712 = SURFACE_SIDE_STYLE('',(#18713));
#18713 = SURFACE_STYLE_FILL_AREA(#18714);
#18714 = FILL_AREA_STYLE('',(#18715));
#18715 = FILL_AREA_STYLE_COLOUR('',#16482);
#18716 = OVER_RIDING_STYLED_ITEM('overriding color',(#18717),#10535,
  #16465);
#18717 = PRESENTATION_STYLE_ASSIGNMENT((#18718));
#18718 = SURFACE_STYLE_USAGE(.BOTH.,#18719);
#18719 = SURFACE_SIDE_STYLE('',(#18720));
#18720 = SURFACE_STYLE_FILL_AREA(#18721);
#18721 = FILL_AREA_STYLE('',(#18722));
#18722 = FILL_AREA_STYLE_COLOUR('',#16482);
#18723 = OVER_RIDING_STYLED_ITEM('overriding color',(#18724),#10577,
  #16465);
#18724 = PRESENTATION_STYLE_ASSIGNMENT((#18725));
#18725 = SURFACE_STYLE_USAGE(.BOTH.,#18726);
#18726 = SURFACE_SIDE_STYLE('',(#18727));
#18727 = SURFACE_STYLE_FILL_AREA(#18728);
#18728 = FILL_AREA_STYLE('',(#18729));
#18729 = FILL_AREA_STYLE_COLOUR('',#16482);
#18730 = OVER_RIDING_STYLED_ITEM('overriding color',(#18731),#10601,
  #16465);
#18731 = PRESENTATION_STYLE_ASSIGNMENT((#18732));
#18732 = SURFACE_STYLE_USAGE(.BOTH.,#18733);
#18733 = SURFACE_SIDE_STYLE('',(#18734));
#18734 = SURFACE_STYLE_FILL_AREA(#18735);
#18735 = FILL_AREA_STYLE('',(#18736));
#18736 = FILL_AREA_STYLE_COLOUR('',#16482);
#18737 = OVER_RIDING_STYLED_ITEM('overriding color',(#18738),#10643,
  #16465);
#18738 = PRESENTATION_STYLE_ASSIGNMENT((#18739));
#18739 = SURFACE_STYLE_USAGE(.BOTH.,#18740);
#18740 = SURFACE_SIDE_STYLE('',(#18741));
#18741 = SURFACE_STYLE_FILL_AREA(#18742);
#18742 = FILL_AREA_STYLE('',(#18743));
#18743 = FILL_AREA_STYLE_COLOUR('',#16482);
#18744 = OVER_RIDING_STYLED_ITEM('overriding color',(#18745),#10667,
  #16465);
#18745 = PRESENTATION_STYLE_ASSIGNMENT((#18746));
#18746 = SURFACE_STYLE_USAGE(.BOTH.,#18747);
#18747 = SURFACE_SIDE_STYLE('',(#18748));
#18748 = SURFACE_STYLE_FILL_AREA(#18749);
#18749 = FILL_AREA_STYLE('',(#18750));
#18750 = FILL_AREA_STYLE_COLOUR('',#16482);
#18751 = OVER_RIDING_STYLED_ITEM('overriding color',(#18752),#10709,
  #16465);
#18752 = PRESENTATION_STYLE_ASSIGNMENT((#18753));
#18753 = SURFACE_STYLE_USAGE(.BOTH.,#18754);
#18754 = SURFACE_SIDE_STYLE('',(#18755));
#18755 = SURFACE_STYLE_FILL_AREA(#18756);
#18756 = FILL_AREA_STYLE('',(#18757));
#18757 = FILL_AREA_STYLE_COLOUR('',#16482);
#18758 = OVER_RIDING_STYLED_ITEM('overriding color',(#18759),#10733,
  #16465);
#18759 = PRESENTATION_STYLE_ASSIGNMENT((#18760));
#18760 = SURFACE_STYLE_USAGE(.BOTH.,#18761);
#18761 = SURFACE_SIDE_STYLE('',(#18762));
#18762 = SURFACE_STYLE_FILL_AREA(#18763);
#18763 = FILL_AREA_STYLE('',(#18764));
#18764 = FILL_AREA_STYLE_COLOUR('',#16482);
#18765 = OVER_RIDING_STYLED_ITEM('overriding color',(#18766),#10775,
  #16465);
#18766 = PRESENTATION_STYLE_ASSIGNMENT((#18767));
#18767 = SURFACE_STYLE_USAGE(.BOTH.,#18768);
#18768 = SURFACE_SIDE_STYLE('',(#18769));
#18769 = SURFACE_STYLE_FILL_AREA(#18770);
#18770 = FILL_AREA_STYLE('',(#18771));
#18771 = FILL_AREA_STYLE_COLOUR('',#16482);
#18772 = OVER_RIDING_STYLED_ITEM('overriding color',(#18773),#10799,
  #16465);
#18773 = PRESENTATION_STYLE_ASSIGNMENT((#18774));
#18774 = SURFACE_STYLE_USAGE(.BOTH.,#18775);
#18775 = SURFACE_SIDE_STYLE('',(#18776));
#18776 = SURFACE_STYLE_FILL_AREA(#18777);
#18777 = FILL_AREA_STYLE('',(#18778));
#18778 = FILL_AREA_STYLE_COLOUR('',#16482);
#18779 = OVER_RIDING_STYLED_ITEM('overriding color',(#18780),#10841,
  #16465);
#18780 = PRESENTATION_STYLE_ASSIGNMENT((#18781));
#18781 = SURFACE_STYLE_USAGE(.BOTH.,#18782);
#18782 = SURFACE_SIDE_STYLE('',(#18783));
#18783 = SURFACE_STYLE_FILL_AREA(#18784);
#18784 = FILL_AREA_STYLE('',(#18785));
#18785 = FILL_AREA_STYLE_COLOUR('',#16482);
#18786 = OVER_RIDING_STYLED_ITEM('overriding color',(#18787),#10865,
  #16465);
#18787 = PRESENTATION_STYLE_ASSIGNMENT((#18788));
#18788 = SURFACE_STYLE_USAGE(.BOTH.,#18789);
#18789 = SURFACE_SIDE_STYLE('',(#18790));
#18790 = SURFACE_STYLE_FILL_AREA(#18791);
#18791 = FILL_AREA_STYLE('',(#18792));
#18792 = FILL_AREA_STYLE_COLOUR('',#16482);
#18793 = OVER_RIDING_STYLED_ITEM('overriding color',(#18794),#10907,
  #16465);
#18794 = PRESENTATION_STYLE_ASSIGNMENT((#18795));
#18795 = SURFACE_STYLE_USAGE(.BOTH.,#18796);
#18796 = SURFACE_SIDE_STYLE('',(#18797));
#18797 = SURFACE_STYLE_FILL_AREA(#18798);
#18798 = FILL_AREA_STYLE('',(#18799));
#18799 = FILL_AREA_STYLE_COLOUR('',#16482);
#18800 = OVER_RIDING_STYLED_ITEM('overriding color',(#18801),#10931,
  #16465);
#18801 = PRESENTATION_STYLE_ASSIGNMENT((#18802));
#18802 = SURFACE_STYLE_USAGE(.BOTH.,#18803);
#18803 = SURFACE_SIDE_STYLE('',(#18804));
#18804 = SURFACE_STYLE_FILL_AREA(#18805);
#18805 = FILL_AREA_STYLE('',(#18806));
#18806 = FILL_AREA_STYLE_COLOUR('',#16482);
#18807 = OVER_RIDING_STYLED_ITEM('overriding color',(#18808),#10973,
  #16465);
#18808 = PRESENTATION_STYLE_ASSIGNMENT((#18809));
#18809 = SURFACE_STYLE_USAGE(.BOTH.,#18810);
#18810 = SURFACE_SIDE_STYLE('',(#18811));
#18811 = SURFACE_STYLE_FILL_AREA(#18812);
#18812 = FILL_AREA_STYLE('',(#18813));
#18813 = FILL_AREA_STYLE_COLOUR('',#16482);
#18814 = OVER_RIDING_STYLED_ITEM('overriding color',(#18815),#10997,
  #16465);
#18815 = PRESENTATION_STYLE_ASSIGNMENT((#18816));
#18816 = SURFACE_STYLE_USAGE(.BOTH.,#18817);
#18817 = SURFACE_SIDE_STYLE('',(#18818));
#18818 = SURFACE_STYLE_FILL_AREA(#18819);
#18819 = FILL_AREA_STYLE('',(#18820));
#18820 = FILL_AREA_STYLE_COLOUR('',#16482);
#18821 = OVER_RIDING_STYLED_ITEM('overriding color',(#18822),#11039,
  #16465);
#18822 = PRESENTATION_STYLE_ASSIGNMENT((#18823));
#18823 = SURFACE_STYLE_USAGE(.BOTH.,#18824);
#18824 = SURFACE_SIDE_STYLE('',(#18825));
#18825 = SURFACE_STYLE_FILL_AREA(#18826);
#18826 = FILL_AREA_STYLE('',(#18827));
#18827 = FILL_AREA_STYLE_COLOUR('',#16482);
#18828 = OVER_RIDING_STYLED_ITEM('overriding color',(#18829),#11063,
  #16465);
#18829 = PRESENTATION_STYLE_ASSIGNMENT((#18830));
#18830 = SURFACE_STYLE_USAGE(.BOTH.,#18831);
#18831 = SURFACE_SIDE_STYLE('',(#18832));
#18832 = SURFACE_STYLE_FILL_AREA(#18833);
#18833 = FILL_AREA_STYLE('',(#18834));
#18834 = FILL_AREA_STYLE_COLOUR('',#16482);
#18835 = OVER_RIDING_STYLED_ITEM('overriding color',(#18836),#11105,
  #16465);
#18836 = PRESENTATION_STYLE_ASSIGNMENT((#18837));
#18837 = SURFACE_STYLE_USAGE(.BOTH.,#18838);
#18838 = SURFACE_SIDE_STYLE('',(#18839));
#18839 = SURFACE_STYLE_FILL_AREA(#18840);
#18840 = FILL_AREA_STYLE('',(#18841));
#18841 = FILL_AREA_STYLE_COLOUR('',#16482);
#18842 = OVER_RIDING_STYLED_ITEM('overriding color',(#18843),#11129,
  #16465);
#18843 = PRESENTATION_STYLE_ASSIGNMENT((#18844));
#18844 = SURFACE_STYLE_USAGE(.BOTH.,#18845);
#18845 = SURFACE_SIDE_STYLE('',(#18846));
#18846 = SURFACE_STYLE_FILL_AREA(#18847);
#18847 = FILL_AREA_STYLE('',(#18848));
#18848 = FILL_AREA_STYLE_COLOUR('',#16482);
#18849 = OVER_RIDING_STYLED_ITEM('overriding color',(#18850),#11171,
  #16465);
#18850 = PRESENTATION_STYLE_ASSIGNMENT((#18851));
#18851 = SURFACE_STYLE_USAGE(.BOTH.,#18852);
#18852 = SURFACE_SIDE_STYLE('',(#18853));
#18853 = SURFACE_STYLE_FILL_AREA(#18854);
#18854 = FILL_AREA_STYLE('',(#18855));
#18855 = FILL_AREA_STYLE_COLOUR('',#16482);
#18856 = OVER_RIDING_STYLED_ITEM('overriding color',(#18857),#11195,
  #16465);
#18857 = PRESENTATION_STYLE_ASSIGNMENT((#18858));
#18858 = SURFACE_STYLE_USAGE(.BOTH.,#18859);
#18859 = SURFACE_SIDE_STYLE('',(#18860));
#18860 = SURFACE_STYLE_FILL_AREA(#18861);
#18861 = FILL_AREA_STYLE('',(#18862));
#18862 = FILL_AREA_STYLE_COLOUR('',#16482);
#18863 = OVER_RIDING_STYLED_ITEM('overriding color',(#18864),#11237,
  #16465);
#18864 = PRESENTATION_STYLE_ASSIGNMENT((#18865));
#18865 = SURFACE_STYLE_USAGE(.BOTH.,#18866);
#18866 = SURFACE_SIDE_STYLE('',(#18867));
#18867 = SURFACE_STYLE_FILL_AREA(#18868);
#18868 = FILL_AREA_STYLE('',(#18869));
#18869 = FILL_AREA_STYLE_COLOUR('',#16482);
#18870 = OVER_RIDING_STYLED_ITEM('overriding color',(#18871),#11261,
  #16465);
#18871 = PRESENTATION_STYLE_ASSIGNMENT((#18872));
#18872 = SURFACE_STYLE_USAGE(.BOTH.,#18873);
#18873 = SURFACE_SIDE_STYLE('',(#18874));
#18874 = SURFACE_STYLE_FILL_AREA(#18875);
#18875 = FILL_AREA_STYLE('',(#18876));
#18876 = FILL_AREA_STYLE_COLOUR('',#16482);
#18877 = OVER_RIDING_STYLED_ITEM('overriding color',(#18878),#11303,
  #16465);
#18878 = PRESENTATION_STYLE_ASSIGNMENT((#18879));
#18879 = SURFACE_STYLE_USAGE(.BOTH.,#18880);
#18880 = SURFACE_SIDE_STYLE('',(#18881));
#18881 = SURFACE_STYLE_FILL_AREA(#18882);
#18882 = FILL_AREA_STYLE('',(#18883));
#18883 = FILL_AREA_STYLE_COLOUR('',#16482);
#18884 = OVER_RIDING_STYLED_ITEM('overriding color',(#18885),#11327,
  #16465);
#18885 = PRESENTATION_STYLE_ASSIGNMENT((#18886));
#18886 = SURFACE_STYLE_USAGE(.BOTH.,#18887);
#18887 = SURFACE_SIDE_STYLE('',(#18888));
#18888 = SURFACE_STYLE_FILL_AREA(#18889);
#18889 = FILL_AREA_STYLE('',(#18890));
#18890 = FILL_AREA_STYLE_COLOUR('',#16482);
#18891 = OVER_RIDING_STYLED_ITEM('overriding color',(#18892),#11369,
  #16465);
#18892 = PRESENTATION_STYLE_ASSIGNMENT((#18893));
#18893 = SURFACE_STYLE_USAGE(.BOTH.,#18894);
#18894 = SURFACE_SIDE_STYLE('',(#18895));
#18895 = SURFACE_STYLE_FILL_AREA(#18896);
#18896 = FILL_AREA_STYLE('',(#18897));
#18897 = FILL_AREA_STYLE_COLOUR('',#16482);
#18898 = OVER_RIDING_STYLED_ITEM('overriding color',(#18899),#11393,
  #16465);
#18899 = PRESENTATION_STYLE_ASSIGNMENT((#18900));
#18900 = SURFACE_STYLE_USAGE(.BOTH.,#18901);
#18901 = SURFACE_SIDE_STYLE('',(#18902));
#18902 = SURFACE_STYLE_FILL_AREA(#18903);
#18903 = FILL_AREA_STYLE('',(#18904));
#18904 = FILL_AREA_STYLE_COLOUR('',#16482);
#18905 = OVER_RIDING_STYLED_ITEM('overriding color',(#18906),#11435,
  #16465);
#18906 = PRESENTATION_STYLE_ASSIGNMENT((#18907));
#18907 = SURFACE_STYLE_USAGE(.BOTH.,#18908);
#18908 = SURFACE_SIDE_STYLE('',(#18909));
#18909 = SURFACE_STYLE_FILL_AREA(#18910);
#18910 = FILL_AREA_STYLE('',(#18911));
#18911 = FILL_AREA_STYLE_COLOUR('',#16482);
#18912 = OVER_RIDING_STYLED_ITEM('overriding color',(#18913),#11459,
  #16465);
#18913 = PRESENTATION_STYLE_ASSIGNMENT((#18914));
#18914 = SURFACE_STYLE_USAGE(.BOTH.,#18915);
#18915 = SURFACE_SIDE_STYLE('',(#18916));
#18916 = SURFACE_STYLE_FILL_AREA(#18917);
#18917 = FILL_AREA_STYLE('',(#18918));
#18918 = FILL_AREA_STYLE_COLOUR('',#16482);
#18919 = OVER_RIDING_STYLED_ITEM('overriding color',(#18920),#11501,
  #16465);
#18920 = PRESENTATION_STYLE_ASSIGNMENT((#18921));
#18921 = SURFACE_STYLE_USAGE(.BOTH.,#18922);
#18922 = SURFACE_SIDE_STYLE('',(#18923));
#18923 = SURFACE_STYLE_FILL_AREA(#18924);
#18924 = FILL_AREA_STYLE('',(#18925));
#18925 = FILL_AREA_STYLE_COLOUR('',#16482);
#18926 = OVER_RIDING_STYLED_ITEM('overriding color',(#18927),#11525,
  #16465);
#18927 = PRESENTATION_STYLE_ASSIGNMENT((#18928));
#18928 = SURFACE_STYLE_USAGE(.BOTH.,#18929);
#18929 = SURFACE_SIDE_STYLE('',(#18930));
#18930 = SURFACE_STYLE_FILL_AREA(#18931);
#18931 = FILL_AREA_STYLE('',(#18932));
#18932 = FILL_AREA_STYLE_COLOUR('',#16482);
#18933 = OVER_RIDING_STYLED_ITEM('overriding color',(#18934),#11567,
  #16465);
#18934 = PRESENTATION_STYLE_ASSIGNMENT((#18935));
#18935 = SURFACE_STYLE_USAGE(.BOTH.,#18936);
#18936 = SURFACE_SIDE_STYLE('',(#18937));
#18937 = SURFACE_STYLE_FILL_AREA(#18938);
#18938 = FILL_AREA_STYLE('',(#18939));
#18939 = FILL_AREA_STYLE_COLOUR('',#16482);
#18940 = OVER_RIDING_STYLED_ITEM('overriding color',(#18941),#11591,
  #16465);
#18941 = PRESENTATION_STYLE_ASSIGNMENT((#18942));
#18942 = SURFACE_STYLE_USAGE(.BOTH.,#18943);
#18943 = SURFACE_SIDE_STYLE('',(#18944));
#18944 = SURFACE_STYLE_FILL_AREA(#18945);
#18945 = FILL_AREA_STYLE('',(#18946));
#18946 = FILL_AREA_STYLE_COLOUR('',#16482);
#18947 = OVER_RIDING_STYLED_ITEM('overriding color',(#18948),#11633,
  #16465);
#18948 = PRESENTATION_STYLE_ASSIGNMENT((#18949));
#18949 = SURFACE_STYLE_USAGE(.BOTH.,#18950);
#18950 = SURFACE_SIDE_STYLE('',(#18951));
#18951 = SURFACE_STYLE_FILL_AREA(#18952);
#18952 = FILL_AREA_STYLE('',(#18953));
#18953 = FILL_AREA_STYLE_COLOUR('',#16482);
#18954 = OVER_RIDING_STYLED_ITEM('overriding color',(#18955),#11657,
  #16465);
#18955 = PRESENTATION_STYLE_ASSIGNMENT((#18956));
#18956 = SURFACE_STYLE_USAGE(.BOTH.,#18957);
#18957 = SURFACE_SIDE_STYLE('',(#18958));
#18958 = SURFACE_STYLE_FILL_AREA(#18959);
#18959 = FILL_AREA_STYLE('',(#18960));
#18960 = FILL_AREA_STYLE_COLOUR('',#16482);
#18961 = OVER_RIDING_STYLED_ITEM('overriding color',(#18962),#11699,
  #16465);
#18962 = PRESENTATION_STYLE_ASSIGNMENT((#18963));
#18963 = SURFACE_STYLE_USAGE(.BOTH.,#18964);
#18964 = SURFACE_SIDE_STYLE('',(#18965));
#18965 = SURFACE_STYLE_FILL_AREA(#18966);
#18966 = FILL_AREA_STYLE('',(#18967));
#18967 = FILL_AREA_STYLE_COLOUR('',#16482);
#18968 = OVER_RIDING_STYLED_ITEM('overriding color',(#18969),#11723,
  #16465);
#18969 = PRESENTATION_STYLE_ASSIGNMENT((#18970));
#18970 = SURFACE_STYLE_USAGE(.BOTH.,#18971);
#18971 = SURFACE_SIDE_STYLE('',(#18972));
#18972 = SURFACE_STYLE_FILL_AREA(#18973);
#18973 = FILL_AREA_STYLE('',(#18974));
#18974 = FILL_AREA_STYLE_COLOUR('',#16482);
#18975 = OVER_RIDING_STYLED_ITEM('overriding color',(#18976),#11765,
  #16465);
#18976 = PRESENTATION_STYLE_ASSIGNMENT((#18977));
#18977 = SURFACE_STYLE_USAGE(.BOTH.,#18978);
#18978 = SURFACE_SIDE_STYLE('',(#18979));
#18979 = SURFACE_STYLE_FILL_AREA(#18980);
#18980 = FILL_AREA_STYLE('',(#18981));
#18981 = FILL_AREA_STYLE_COLOUR('',#16482);
#18982 = OVER_RIDING_STYLED_ITEM('overriding color',(#18983),#11789,
  #16465);
#18983 = PRESENTATION_STYLE_ASSIGNMENT((#18984));
#18984 = SURFACE_STYLE_USAGE(.BOTH.,#18985);
#18985 = SURFACE_SIDE_STYLE('',(#18986));
#18986 = SURFACE_STYLE_FILL_AREA(#18987);
#18987 = FILL_AREA_STYLE('',(#18988));
#18988 = FILL_AREA_STYLE_COLOUR('',#16482);
#18989 = OVER_RIDING_STYLED_ITEM('overriding color',(#18990),#11831,
  #16465);
#18990 = PRESENTATION_STYLE_ASSIGNMENT((#18991));
#18991 = SURFACE_STYLE_USAGE(.BOTH.,#18992);
#18992 = SURFACE_SIDE_STYLE('',(#18993));
#18993 = SURFACE_STYLE_FILL_AREA(#18994);
#18994 = FILL_AREA_STYLE('',(#18995));
#18995 = FILL_AREA_STYLE_COLOUR('',#16482);
#18996 = OVER_RIDING_STYLED_ITEM('overriding color',(#18997),#11855,
  #16465);
#18997 = PRESENTATION_STYLE_ASSIGNMENT((#18998));
#18998 = SURFACE_STYLE_USAGE(.BOTH.,#18999);
#18999 = SURFACE_SIDE_STYLE('',(#19000));
#19000 = SURFACE_STYLE_FILL_AREA(#19001);
#19001 = FILL_AREA_STYLE('',(#19002));
#19002 = FILL_AREA_STYLE_COLOUR('',#16482);
#19003 = OVER_RIDING_STYLED_ITEM('overriding color',(#19004),#11897,
  #16465);
#19004 = PRESENTATION_STYLE_ASSIGNMENT((#19005));
#19005 = SURFACE_STYLE_USAGE(.BOTH.,#19006);
#19006 = SURFACE_SIDE_STYLE('',(#19007));
#19007 = SURFACE_STYLE_FILL_AREA(#19008);
#19008 = FILL_AREA_STYLE('',(#19009));
#19009 = FILL_AREA_STYLE_COLOUR('',#16482);
#19010 = OVER_RIDING_STYLED_ITEM('overriding color',(#19011),#11921,
  #16465);
#19011 = PRESENTATION_STYLE_ASSIGNMENT((#19012));
#19012 = SURFACE_STYLE_USAGE(.BOTH.,#19013);
#19013 = SURFACE_SIDE_STYLE('',(#19014));
#19014 = SURFACE_STYLE_FILL_AREA(#19015);
#19015 = FILL_AREA_STYLE('',(#19016));
#19016 = FILL_AREA_STYLE_COLOUR('',#16482);
#19017 = OVER_RIDING_STYLED_ITEM('overriding color',(#19018),#11963,
  #16465);
#19018 = PRESENTATION_STYLE_ASSIGNMENT((#19019));
#19019 = SURFACE_STYLE_USAGE(.BOTH.,#19020);
#19020 = SURFACE_SIDE_STYLE('',(#19021));
#19021 = SURFACE_STYLE_FILL_AREA(#19022);
#19022 = FILL_AREA_STYLE('',(#19023));
#19023 = FILL_AREA_STYLE_COLOUR('',#16482);
#19024 = OVER_RIDING_STYLED_ITEM('overriding color',(#19025),#11987,
  #16465);
#19025 = PRESENTATION_STYLE_ASSIGNMENT((#19026));
#19026 = SURFACE_STYLE_USAGE(.BOTH.,#19027);
#19027 = SURFACE_SIDE_STYLE('',(#19028));
#19028 = SURFACE_STYLE_FILL_AREA(#19029);
#19029 = FILL_AREA_STYLE('',(#19030));
#19030 = FILL_AREA_STYLE_COLOUR('',#16482);
#19031 = OVER_RIDING_STYLED_ITEM('overriding color',(#19032),#12029,
  #16465);
#19032 = PRESENTATION_STYLE_ASSIGNMENT((#19033));
#19033 = SURFACE_STYLE_USAGE(.BOTH.,#19034);
#19034 = SURFACE_SIDE_STYLE('',(#19035));
#19035 = SURFACE_STYLE_FILL_AREA(#19036);
#19036 = FILL_AREA_STYLE('',(#19037));
#19037 = FILL_AREA_STYLE_COLOUR('',#16482);
#19038 = OVER_RIDING_STYLED_ITEM('overriding color',(#19039),#12053,
  #16465);
#19039 = PRESENTATION_STYLE_ASSIGNMENT((#19040));
#19040 = SURFACE_STYLE_USAGE(.BOTH.,#19041);
#19041 = SURFACE_SIDE_STYLE('',(#19042));
#19042 = SURFACE_STYLE_FILL_AREA(#19043);
#19043 = FILL_AREA_STYLE('',(#19044));
#19044 = FILL_AREA_STYLE_COLOUR('',#16482);
#19045 = OVER_RIDING_STYLED_ITEM('overriding color',(#19046),#12095,
  #16465);
#19046 = PRESENTATION_STYLE_ASSIGNMENT((#19047));
#19047 = SURFACE_STYLE_USAGE(.BOTH.,#19048);
#19048 = SURFACE_SIDE_STYLE('',(#19049));
#19049 = SURFACE_STYLE_FILL_AREA(#19050);
#19050 = FILL_AREA_STYLE('',(#19051));
#19051 = FILL_AREA_STYLE_COLOUR('',#16482);
#19052 = OVER_RIDING_STYLED_ITEM('overriding color',(#19053),#12119,
  #16465);
#19053 = PRESENTATION_STYLE_ASSIGNMENT((#19054));
#19054 = SURFACE_STYLE_USAGE(.BOTH.,#19055);
#19055 = SURFACE_SIDE_STYLE('',(#19056));
#19056 = SURFACE_STYLE_FILL_AREA(#19057);
#19057 = FILL_AREA_STYLE('',(#19058));
#19058 = FILL_AREA_STYLE_COLOUR('',#16482);
#19059 = OVER_RIDING_STYLED_ITEM('overriding color',(#19060),#12161,
  #16465);
#19060 = PRESENTATION_STYLE_ASSIGNMENT((#19061));
#19061 = SURFACE_STYLE_USAGE(.BOTH.,#19062);
#19062 = SURFACE_SIDE_STYLE('',(#19063));
#19063 = SURFACE_STYLE_FILL_AREA(#19064);
#19064 = FILL_AREA_STYLE('',(#19065));
#19065 = FILL_AREA_STYLE_COLOUR('',#16482);
#19066 = OVER_RIDING_STYLED_ITEM('overriding color',(#19067),#12185,
  #16465);
#19067 = PRESENTATION_STYLE_ASSIGNMENT((#19068));
#19068 = SURFACE_STYLE_USAGE(.BOTH.,#19069);
#19069 = SURFACE_SIDE_STYLE('',(#19070));
#19070 = SURFACE_STYLE_FILL_AREA(#19071);
#19071 = FILL_AREA_STYLE('',(#19072));
#19072 = FILL_AREA_STYLE_COLOUR('',#16482);
#19073 = OVER_RIDING_STYLED_ITEM('overriding color',(#19074),#12227,
  #16465);
#19074 = PRESENTATION_STYLE_ASSIGNMENT((#19075));
#19075 = SURFACE_STYLE_USAGE(.BOTH.,#19076);
#19076 = SURFACE_SIDE_STYLE('',(#19077));
#19077 = SURFACE_STYLE_FILL_AREA(#19078);
#19078 = FILL_AREA_STYLE('',(#19079));
#19079 = FILL_AREA_STYLE_COLOUR('',#16482);
#19080 = OVER_RIDING_STYLED_ITEM('overriding color',(#19081),#12251,
  #16465);
#19081 = PRESENTATION_STYLE_ASSIGNMENT((#19082));
#19082 = SURFACE_STYLE_USAGE(.BOTH.,#19083);
#19083 = SURFACE_SIDE_STYLE('',(#19084));
#19084 = SURFACE_STYLE_FILL_AREA(#19085);
#19085 = FILL_AREA_STYLE('',(#19086));
#19086 = FILL_AREA_STYLE_COLOUR('',#16482);
#19087 = OVER_RIDING_STYLED_ITEM('overriding color',(#19088),#12293,
  #16465);
#19088 = PRESENTATION_STYLE_ASSIGNMENT((#19089));
#19089 = SURFACE_STYLE_USAGE(.BOTH.,#19090);
#19090 = SURFACE_SIDE_STYLE('',(#19091));
#19091 = SURFACE_STYLE_FILL_AREA(#19092);
#19092 = FILL_AREA_STYLE('',(#19093));
#19093 = FILL_AREA_STYLE_COLOUR('',#16482);
#19094 = OVER_RIDING_STYLED_ITEM('overriding color',(#19095),#12317,
  #16465);
#19095 = PRESENTATION_STYLE_ASSIGNMENT((#19096));
#19096 = SURFACE_STYLE_USAGE(.BOTH.,#19097);
#19097 = SURFACE_SIDE_STYLE('',(#19098));
#19098 = SURFACE_STYLE_FILL_AREA(#19099);
#19099 = FILL_AREA_STYLE('',(#19100));
#19100 = FILL_AREA_STYLE_COLOUR('',#16482);
#19101 = OVER_RIDING_STYLED_ITEM('overriding color',(#19102),#12359,
  #16465);
#19102 = PRESENTATION_STYLE_ASSIGNMENT((#19103));
#19103 = SURFACE_STYLE_USAGE(.BOTH.,#19104);
#19104 = SURFACE_SIDE_STYLE('',(#19105));
#19105 = SURFACE_STYLE_FILL_AREA(#19106);
#19106 = FILL_AREA_STYLE('',(#19107));
#19107 = FILL_AREA_STYLE_COLOUR('',#16482);
#19108 = OVER_RIDING_STYLED_ITEM('overriding color',(#19109),#12383,
  #16465);
#19109 = PRESENTATION_STYLE_ASSIGNMENT((#19110));
#19110 = SURFACE_STYLE_USAGE(.BOTH.,#19111);
#19111 = SURFACE_SIDE_STYLE('',(#19112));
#19112 = SURFACE_STYLE_FILL_AREA(#19113);
#19113 = FILL_AREA_STYLE('',(#19114));
#19114 = FILL_AREA_STYLE_COLOUR('',#16482);
#19115 = OVER_RIDING_STYLED_ITEM('overriding color',(#19116),#12425,
  #16465);
#19116 = PRESENTATION_STYLE_ASSIGNMENT((#19117));
#19117 = SURFACE_STYLE_USAGE(.BOTH.,#19118);
#19118 = SURFACE_SIDE_STYLE('',(#19119));
#19119 = SURFACE_STYLE_FILL_AREA(#19120);
#19120 = FILL_AREA_STYLE('',(#19121));
#19121 = FILL_AREA_STYLE_COLOUR('',#16482);
#19122 = OVER_RIDING_STYLED_ITEM('overriding color',(#19123),#12449,
  #16465);
#19123 = PRESENTATION_STYLE_ASSIGNMENT((#19124));
#19124 = SURFACE_STYLE_USAGE(.BOTH.,#19125);
#19125 = SURFACE_SIDE_STYLE('',(#19126));
#19126 = SURFACE_STYLE_FILL_AREA(#19127);
#19127 = FILL_AREA_STYLE('',(#19128));
#19128 = FILL_AREA_STYLE_COLOUR('',#16482);
#19129 = OVER_RIDING_STYLED_ITEM('overriding color',(#19130),#12491,
  #16465);
#19130 = PRESENTATION_STYLE_ASSIGNMENT((#19131));
#19131 = SURFACE_STYLE_USAGE(.BOTH.,#19132);
#19132 = SURFACE_SIDE_STYLE('',(#19133));
#19133 = SURFACE_STYLE_FILL_AREA(#19134);
#19134 = FILL_AREA_STYLE('',(#19135));
#19135 = FILL_AREA_STYLE_COLOUR('',#16482);
#19136 = OVER_RIDING_STYLED_ITEM('overriding color',(#19137),#12515,
  #16465);
#19137 = PRESENTATION_STYLE_ASSIGNMENT((#19138));
#19138 = SURFACE_STYLE_USAGE(.BOTH.,#19139);
#19139 = SURFACE_SIDE_STYLE('',(#19140));
#19140 = SURFACE_STYLE_FILL_AREA(#19141);
#19141 = FILL_AREA_STYLE('',(#19142));
#19142 = FILL_AREA_STYLE_COLOUR('',#16482);
#19143 = OVER_RIDING_STYLED_ITEM('overriding color',(#19144),#12557,
  #16465);
#19144 = PRESENTATION_STYLE_ASSIGNMENT((#19145));
#19145 = SURFACE_STYLE_USAGE(.BOTH.,#19146);
#19146 = SURFACE_SIDE_STYLE('',(#19147));
#19147 = SURFACE_STYLE_FILL_AREA(#19148);
#19148 = FILL_AREA_STYLE('',(#19149));
#19149 = FILL_AREA_STYLE_COLOUR('',#16482);
#19150 = OVER_RIDING_STYLED_ITEM('overriding color',(#19151),#12581,
  #16465);
#19151 = PRESENTATION_STYLE_ASSIGNMENT((#19152));
#19152 = SURFACE_STYLE_USAGE(.BOTH.,#19153);
#19153 = SURFACE_SIDE_STYLE('',(#19154));
#19154 = SURFACE_STYLE_FILL_AREA(#19155);
#19155 = FILL_AREA_STYLE('',(#19156));
#19156 = FILL_AREA_STYLE_COLOUR('',#16482);
#19157 = OVER_RIDING_STYLED_ITEM('overriding color',(#19158),#12623,
  #16465);
#19158 = PRESENTATION_STYLE_ASSIGNMENT((#19159));
#19159 = SURFACE_STYLE_USAGE(.BOTH.,#19160);
#19160 = SURFACE_SIDE_STYLE('',(#19161));
#19161 = SURFACE_STYLE_FILL_AREA(#19162);
#19162 = FILL_AREA_STYLE('',(#19163));
#19163 = FILL_AREA_STYLE_COLOUR('',#16482);
#19164 = OVER_RIDING_STYLED_ITEM('overriding color',(#19165),#12647,
  #16465);
#19165 = PRESENTATION_STYLE_ASSIGNMENT((#19166));
#19166 = SURFACE_STYLE_USAGE(.BOTH.,#19167);
#19167 = SURFACE_SIDE_STYLE('',(#19168));
#19168 = SURFACE_STYLE_FILL_AREA(#19169);
#19169 = FILL_AREA_STYLE('',(#19170));
#19170 = FILL_AREA_STYLE_COLOUR('',#16482);
#19171 = OVER_RIDING_STYLED_ITEM('overriding color',(#19172),#12689,
  #16465);
#19172 = PRESENTATION_STYLE_ASSIGNMENT((#19173));
#19173 = SURFACE_STYLE_USAGE(.BOTH.,#19174);
#19174 = SURFACE_SIDE_STYLE('',(#19175));
#19175 = SURFACE_STYLE_FILL_AREA(#19176);
#19176 = FILL_AREA_STYLE('',(#19177));
#19177 = FILL_AREA_STYLE_COLOUR('',#16482);
#19178 = OVER_RIDING_STYLED_ITEM('overriding color',(#19179),#12713,
  #16465);
#19179 = PRESENTATION_STYLE_ASSIGNMENT((#19180));
#19180 = SURFACE_STYLE_USAGE(.BOTH.,#19181);
#19181 = SURFACE_SIDE_STYLE('',(#19182));
#19182 = SURFACE_STYLE_FILL_AREA(#19183);
#19183 = FILL_AREA_STYLE('',(#19184));
#19184 = FILL_AREA_STYLE_COLOUR('',#16482);
#19185 = OVER_RIDING_STYLED_ITEM('overriding color',(#19186),#12755,
  #16465);
#19186 = PRESENTATION_STYLE_ASSIGNMENT((#19187));
#19187 = SURFACE_STYLE_USAGE(.BOTH.,#19188);
#19188 = SURFACE_SIDE_STYLE('',(#19189));
#19189 = SURFACE_STYLE_FILL_AREA(#19190);
#19190 = FILL_AREA_STYLE('',(#19191));
#19191 = FILL_AREA_STYLE_COLOUR('',#16482);
#19192 = OVER_RIDING_STYLED_ITEM('overriding color',(#19193),#12779,
  #16465);
#19193 = PRESENTATION_STYLE_ASSIGNMENT((#19194));
#19194 = SURFACE_STYLE_USAGE(.BOTH.,#19195);
#19195 = SURFACE_SIDE_STYLE('',(#19196));
#19196 = SURFACE_STYLE_FILL_AREA(#19197);
#19197 = FILL_AREA_STYLE('',(#19198));
#19198 = FILL_AREA_STYLE_COLOUR('',#16482);
#19199 = OVER_RIDING_STYLED_ITEM('overriding color',(#19200),#12821,
  #16465);
#19200 = PRESENTATION_STYLE_ASSIGNMENT((#19201));
#19201 = SURFACE_STYLE_USAGE(.BOTH.,#19202);
#19202 = SURFACE_SIDE_STYLE('',(#19203));
#19203 = SURFACE_STYLE_FILL_AREA(#19204);
#19204 = FILL_AREA_STYLE('',(#19205));
#19205 = FILL_AREA_STYLE_COLOUR('',#16482);
#19206 = OVER_RIDING_STYLED_ITEM('overriding color',(#19207),#12845,
  #16465);
#19207 = PRESENTATION_STYLE_ASSIGNMENT((#19208));
#19208 = SURFACE_STYLE_USAGE(.BOTH.,#19209);
#19209 = SURFACE_SIDE_STYLE('',(#19210));
#19210 = SURFACE_STYLE_FILL_AREA(#19211);
#19211 = FILL_AREA_STYLE('',(#19212));
#19212 = FILL_AREA_STYLE_COLOUR('',#16482);
#19213 = OVER_RIDING_STYLED_ITEM('overriding color',(#19214),#12887,
  #16465);
#19214 = PRESENTATION_STYLE_ASSIGNMENT((#19215));
#19215 = SURFACE_STYLE_USAGE(.BOTH.,#19216);
#19216 = SURFACE_SIDE_STYLE('',(#19217));
#19217 = SURFACE_STYLE_FILL_AREA(#19218);
#19218 = FILL_AREA_STYLE('',(#19219));
#19219 = FILL_AREA_STYLE_COLOUR('',#16482);
#19220 = OVER_RIDING_STYLED_ITEM('overriding color',(#19221),#12911,
  #16465);
#19221 = PRESENTATION_STYLE_ASSIGNMENT((#19222));
#19222 = SURFACE_STYLE_USAGE(.BOTH.,#19223);
#19223 = SURFACE_SIDE_STYLE('',(#19224));
#19224 = SURFACE_STYLE_FILL_AREA(#19225);
#19225 = FILL_AREA_STYLE('',(#19226));
#19226 = FILL_AREA_STYLE_COLOUR('',#16482);
#19227 = OVER_RIDING_STYLED_ITEM('overriding color',(#19228),#12953,
  #16465);
#19228 = PRESENTATION_STYLE_ASSIGNMENT((#19229));
#19229 = SURFACE_STYLE_USAGE(.BOTH.,#19230);
#19230 = SURFACE_SIDE_STYLE('',(#19231));
#19231 = SURFACE_STYLE_FILL_AREA(#19232);
#19232 = FILL_AREA_STYLE('',(#19233));
#19233 = FILL_AREA_STYLE_COLOUR('',#16482);
#19234 = OVER_RIDING_STYLED_ITEM('overriding color',(#19235),#12977,
  #16465);
#19235 = PRESENTATION_STYLE_ASSIGNMENT((#19236));
#19236 = SURFACE_STYLE_USAGE(.BOTH.,#19237);
#19237 = SURFACE_SIDE_STYLE('',(#19238));
#19238 = SURFACE_STYLE_FILL_AREA(#19239);
#19239 = FILL_AREA_STYLE('',(#19240));
#19240 = FILL_AREA_STYLE_COLOUR('',#16482);
#19241 = OVER_RIDING_STYLED_ITEM('overriding color',(#19242),#13019,
  #16465);
#19242 = PRESENTATION_STYLE_ASSIGNMENT((#19243));
#19243 = SURFACE_STYLE_USAGE(.BOTH.,#19244);
#19244 = SURFACE_SIDE_STYLE('',(#19245));
#19245 = SURFACE_STYLE_FILL_AREA(#19246);
#19246 = FILL_AREA_STYLE('',(#19247));
#19247 = FILL_AREA_STYLE_COLOUR('',#16482);
#19248 = OVER_RIDING_STYLED_ITEM('overriding color',(#19249),#13043,
  #16465);
#19249 = PRESENTATION_STYLE_ASSIGNMENT((#19250));
#19250 = SURFACE_STYLE_USAGE(.BOTH.,#19251);
#19251 = SURFACE_SIDE_STYLE('',(#19252));
#19252 = SURFACE_STYLE_FILL_AREA(#19253);
#19253 = FILL_AREA_STYLE('',(#19254));
#19254 = FILL_AREA_STYLE_COLOUR('',#16482);
#19255 = OVER_RIDING_STYLED_ITEM('overriding color',(#19256),#13085,
  #16465);
#19256 = PRESENTATION_STYLE_ASSIGNMENT((#19257));
#19257 = SURFACE_STYLE_USAGE(.BOTH.,#19258);
#19258 = SURFACE_SIDE_STYLE('',(#19259));
#19259 = SURFACE_STYLE_FILL_AREA(#19260);
#19260 = FILL_AREA_STYLE('',(#19261));
#19261 = FILL_AREA_STYLE_COLOUR('',#16482);
#19262 = OVER_RIDING_STYLED_ITEM('overriding color',(#19263),#13109,
  #16465);
#19263 = PRESENTATION_STYLE_ASSIGNMENT((#19264));
#19264 = SURFACE_STYLE_USAGE(.BOTH.,#19265);
#19265 = SURFACE_SIDE_STYLE('',(#19266));
#19266 = SURFACE_STYLE_FILL_AREA(#19267);
#19267 = FILL_AREA_STYLE('',(#19268));
#19268 = FILL_AREA_STYLE_COLOUR('',#16482);
#19269 = OVER_RIDING_STYLED_ITEM('overriding color',(#19270),#13151,
  #16465);
#19270 = PRESENTATION_STYLE_ASSIGNMENT((#19271));
#19271 = SURFACE_STYLE_USAGE(.BOTH.,#19272);
#19272 = SURFACE_SIDE_STYLE('',(#19273));
#19273 = SURFACE_STYLE_FILL_AREA(#19274);
#19274 = FILL_AREA_STYLE('',(#19275));
#19275 = FILL_AREA_STYLE_COLOUR('',#16482);
#19276 = OVER_RIDING_STYLED_ITEM('overriding color',(#19277),#13175,
  #16465);
#19277 = PRESENTATION_STYLE_ASSIGNMENT((#19278));
#19278 = SURFACE_STYLE_USAGE(.BOTH.,#19279);
#19279 = SURFACE_SIDE_STYLE('',(#19280));
#19280 = SURFACE_STYLE_FILL_AREA(#19281);
#19281 = FILL_AREA_STYLE('',(#19282));
#19282 = FILL_AREA_STYLE_COLOUR('',#16482);
#19283 = OVER_RIDING_STYLED_ITEM('overriding color',(#19284),#13217,
  #16465);
#19284 = PRESENTATION_STYLE_ASSIGNMENT((#19285));
#19285 = SURFACE_STYLE_USAGE(.BOTH.,#19286);
#19286 = SURFACE_SIDE_STYLE('',(#19287));
#19287 = SURFACE_STYLE_FILL_AREA(#19288);
#19288 = FILL_AREA_STYLE('',(#19289));
#19289 = FILL_AREA_STYLE_COLOUR('',#16482);
#19290 = OVER_RIDING_STYLED_ITEM('overriding color',(#19291),#13241,
  #16465);
#19291 = PRESENTATION_STYLE_ASSIGNMENT((#19292));
#19292 = SURFACE_STYLE_USAGE(.BOTH.,#19293);
#19293 = SURFACE_SIDE_STYLE('',(#19294));
#19294 = SURFACE_STYLE_FILL_AREA(#19295);
#19295 = FILL_AREA_STYLE('',(#19296));
#19296 = FILL_AREA_STYLE_COLOUR('',#16482);
#19297 = OVER_RIDING_STYLED_ITEM('overriding color',(#19298),#13281,
  #16465);
#19298 = PRESENTATION_STYLE_ASSIGNMENT((#19299));
#19299 = SURFACE_STYLE_USAGE(.BOTH.,#19300);
#19300 = SURFACE_SIDE_STYLE('',(#19301));
#19301 = SURFACE_STYLE_FILL_AREA(#19302);
#19302 = FILL_AREA_STYLE('',(#19303));
#19303 = FILL_AREA_STYLE_COLOUR('',#16482);
#19304 = OVER_RIDING_STYLED_ITEM('overriding color',(#19305),#13314,
  #16465);
#19305 = PRESENTATION_STYLE_ASSIGNMENT((#19306));
#19306 = SURFACE_STYLE_USAGE(.BOTH.,#19307);
#19307 = SURFACE_SIDE_STYLE('',(#19308));
#19308 = SURFACE_STYLE_FILL_AREA(#19309);
#19309 = FILL_AREA_STYLE('',(#19310));
#19310 = FILL_AREA_STYLE_COLOUR('',#16482);
#19311 = OVER_RIDING_STYLED_ITEM('overriding color',(#19312),#13345,
  #16465);
#19312 = PRESENTATION_STYLE_ASSIGNMENT((#19313));
#19313 = SURFACE_STYLE_USAGE(.BOTH.,#19314);
#19314 = SURFACE_SIDE_STYLE('',(#19315));
#19315 = SURFACE_STYLE_FILL_AREA(#19316);
#19316 = FILL_AREA_STYLE('',(#19317));
#19317 = FILL_AREA_STYLE_COLOUR('',#16482);
#19318 = OVER_RIDING_STYLED_ITEM('overriding color',(#19319),#13369,
  #16465);
#19319 = PRESENTATION_STYLE_ASSIGNMENT((#19320));
#19320 = SURFACE_STYLE_USAGE(.BOTH.,#19321);
#19321 = SURFACE_SIDE_STYLE('',(#19322));
#19322 = SURFACE_STYLE_FILL_AREA(#19323);
#19323 = FILL_AREA_STYLE('',(#19324));
#19324 = FILL_AREA_STYLE_COLOUR('',#16482);
#19325 = OVER_RIDING_STYLED_ITEM('overriding color',(#19326),#13409,
  #16465);
#19326 = PRESENTATION_STYLE_ASSIGNMENT((#19327));
#19327 = SURFACE_STYLE_USAGE(.BOTH.,#19328);
#19328 = SURFACE_SIDE_STYLE('',(#19329));
#19329 = SURFACE_STYLE_FILL_AREA(#19330);
#19330 = FILL_AREA_STYLE('',(#19331));
#19331 = FILL_AREA_STYLE_COLOUR('',#16482);
#19332 = OVER_RIDING_STYLED_ITEM('overriding color',(#19333),#13442,
  #16465);
#19333 = PRESENTATION_STYLE_ASSIGNMENT((#19334));
#19334 = SURFACE_STYLE_USAGE(.BOTH.,#19335);
#19335 = SURFACE_SIDE_STYLE('',(#19336));
#19336 = SURFACE_STYLE_FILL_AREA(#19337);
#19337 = FILL_AREA_STYLE('',(#19338));
#19338 = FILL_AREA_STYLE_COLOUR('',#16482);
#19339 = OVER_RIDING_STYLED_ITEM('overriding color',(#19340),#13473,
  #16465);
#19340 = PRESENTATION_STYLE_ASSIGNMENT((#19341));
#19341 = SURFACE_STYLE_USAGE(.BOTH.,#19342);
#19342 = SURFACE_SIDE_STYLE('',(#19343));
#19343 = SURFACE_STYLE_FILL_AREA(#19344);
#19344 = FILL_AREA_STYLE('',(#19345));
#19345 = FILL_AREA_STYLE_COLOUR('',#16482);
#19346 = OVER_RIDING_STYLED_ITEM('overriding color',(#19347),#13497,
  #16465);
#19347 = PRESENTATION_STYLE_ASSIGNMENT((#19348));
#19348 = SURFACE_STYLE_USAGE(.BOTH.,#19349);
#19349 = SURFACE_SIDE_STYLE('',(#19350));
#19350 = SURFACE_STYLE_FILL_AREA(#19351);
#19351 = FILL_AREA_STYLE('',(#19352));
#19352 = FILL_AREA_STYLE_COLOUR('',#16482);
#19353 = OVER_RIDING_STYLED_ITEM('overriding color',(#19354),#13539,
  #16465);
#19354 = PRESENTATION_STYLE_ASSIGNMENT((#19355));
#19355 = SURFACE_STYLE_USAGE(.BOTH.,#19356);
#19356 = SURFACE_SIDE_STYLE('',(#19357));
#19357 = SURFACE_STYLE_FILL_AREA(#19358);
#19358 = FILL_AREA_STYLE('',(#19359));
#19359 = FILL_AREA_STYLE_COLOUR('',#16482);
#19360 = OVER_RIDING_STYLED_ITEM('overriding color',(#19361),#13563,
  #16465);
#19361 = PRESENTATION_STYLE_ASSIGNMENT((#19362));
#19362 = SURFACE_STYLE_USAGE(.BOTH.,#19363);
#19363 = SURFACE_SIDE_STYLE('',(#19364));
#19364 = SURFACE_STYLE_FILL_AREA(#19365);
#19365 = FILL_AREA_STYLE('',(#19366));
#19366 = FILL_AREA_STYLE_COLOUR('',#16482);
#19367 = OVER_RIDING_STYLED_ITEM('overriding color',(#19368),#13605,
  #16465);
#19368 = PRESENTATION_STYLE_ASSIGNMENT((#19369));
#19369 = SURFACE_STYLE_USAGE(.BOTH.,#19370);
#19370 = SURFACE_SIDE_STYLE('',(#19371));
#19371 = SURFACE_STYLE_FILL_AREA(#19372);
#19372 = FILL_AREA_STYLE('',(#19373));
#19373 = FILL_AREA_STYLE_COLOUR('',#16482);
#19374 = OVER_RIDING_STYLED_ITEM('overriding color',(#19375),#13629,
  #16465);
#19375 = PRESENTATION_STYLE_ASSIGNMENT((#19376));
#19376 = SURFACE_STYLE_USAGE(.BOTH.,#19377);
#19377 = SURFACE_SIDE_STYLE('',(#19378));
#19378 = SURFACE_STYLE_FILL_AREA(#19379);
#19379 = FILL_AREA_STYLE('',(#19380));
#19380 = FILL_AREA_STYLE_COLOUR('',#16482);
#19381 = OVER_RIDING_STYLED_ITEM('overriding color',(#19382),#13671,
  #16465);
#19382 = PRESENTATION_STYLE_ASSIGNMENT((#19383));
#19383 = SURFACE_STYLE_USAGE(.BOTH.,#19384);
#19384 = SURFACE_SIDE_STYLE('',(#19385));
#19385 = SURFACE_STYLE_FILL_AREA(#19386);
#19386 = FILL_AREA_STYLE('',(#19387));
#19387 = FILL_AREA_STYLE_COLOUR('',#16482);
#19388 = OVER_RIDING_STYLED_ITEM('overriding color',(#19389),#13695,
  #16465);
#19389 = PRESENTATION_STYLE_ASSIGNMENT((#19390));
#19390 = SURFACE_STYLE_USAGE(.BOTH.,#19391);
#19391 = SURFACE_SIDE_STYLE('',(#19392));
#19392 = SURFACE_STYLE_FILL_AREA(#19393);
#19393 = FILL_AREA_STYLE('',(#19394));
#19394 = FILL_AREA_STYLE_COLOUR('',#16482);
#19395 = OVER_RIDING_STYLED_ITEM('overriding color',(#19396),#13737,
  #16465);
#19396 = PRESENTATION_STYLE_ASSIGNMENT((#19397));
#19397 = SURFACE_STYLE_USAGE(.BOTH.,#19398);
#19398 = SURFACE_SIDE_STYLE('',(#19399));
#19399 = SURFACE_STYLE_FILL_AREA(#19400);
#19400 = FILL_AREA_STYLE('',(#19401));
#19401 = FILL_AREA_STYLE_COLOUR('',#16482);
#19402 = OVER_RIDING_STYLED_ITEM('overriding color',(#19403),#13761,
  #16465);
#19403 = PRESENTATION_STYLE_ASSIGNMENT((#19404));
#19404 = SURFACE_STYLE_USAGE(.BOTH.,#19405);
#19405 = SURFACE_SIDE_STYLE('',(#19406));
#19406 = SURFACE_STYLE_FILL_AREA(#19407);
#19407 = FILL_AREA_STYLE('',(#19408));
#19408 = FILL_AREA_STYLE_COLOUR('',#16482);
#19409 = OVER_RIDING_STYLED_ITEM('overriding color',(#19410),#13803,
  #16465);
#19410 = PRESENTATION_STYLE_ASSIGNMENT((#19411));
#19411 = SURFACE_STYLE_USAGE(.BOTH.,#19412);
#19412 = SURFACE_SIDE_STYLE('',(#19413));
#19413 = SURFACE_STYLE_FILL_AREA(#19414);
#19414 = FILL_AREA_STYLE('',(#19415));
#19415 = FILL_AREA_STYLE_COLOUR('',#16482);
#19416 = OVER_RIDING_STYLED_ITEM('overriding color',(#19417),#13827,
  #16465);
#19417 = PRESENTATION_STYLE_ASSIGNMENT((#19418));
#19418 = SURFACE_STYLE_USAGE(.BOTH.,#19419);
#19419 = SURFACE_SIDE_STYLE('',(#19420));
#19420 = SURFACE_STYLE_FILL_AREA(#19421);
#19421 = FILL_AREA_STYLE('',(#19422));
#19422 = FILL_AREA_STYLE_COLOUR('',#16482);
#19423 = OVER_RIDING_STYLED_ITEM('overriding color',(#19424),#13869,
  #16465);
#19424 = PRESENTATION_STYLE_ASSIGNMENT((#19425));
#19425 = SURFACE_STYLE_USAGE(.BOTH.,#19426);
#19426 = SURFACE_SIDE_STYLE('',(#19427));
#19427 = SURFACE_STYLE_FILL_AREA(#19428);
#19428 = FILL_AREA_STYLE('',(#19429));
#19429 = FILL_AREA_STYLE_COLOUR('',#16482);
#19430 = OVER_RIDING_STYLED_ITEM('overriding color',(#19431),#13893,
  #16465);
#19431 = PRESENTATION_STYLE_ASSIGNMENT((#19432));
#19432 = SURFACE_STYLE_USAGE(.BOTH.,#19433);
#19433 = SURFACE_SIDE_STYLE('',(#19434));
#19434 = SURFACE_STYLE_FILL_AREA(#19435);
#19435 = FILL_AREA_STYLE('',(#19436));
#19436 = FILL_AREA_STYLE_COLOUR('',#16482);
#19437 = OVER_RIDING_STYLED_ITEM('overriding color',(#19438),#13935,
  #16465);
#19438 = PRESENTATION_STYLE_ASSIGNMENT((#19439));
#19439 = SURFACE_STYLE_USAGE(.BOTH.,#19440);
#19440 = SURFACE_SIDE_STYLE('',(#19441));
#19441 = SURFACE_STYLE_FILL_AREA(#19442);
#19442 = FILL_AREA_STYLE('',(#19443));
#19443 = FILL_AREA_STYLE_COLOUR('',#16482);
#19444 = OVER_RIDING_STYLED_ITEM('overriding color',(#19445),#13959,
  #16465);
#19445 = PRESENTATION_STYLE_ASSIGNMENT((#19446));
#19446 = SURFACE_STYLE_USAGE(.BOTH.,#19447);
#19447 = SURFACE_SIDE_STYLE('',(#19448));
#19448 = SURFACE_STYLE_FILL_AREA(#19449);
#19449 = FILL_AREA_STYLE('',(#19450));
#19450 = FILL_AREA_STYLE_COLOUR('',#16482);
#19451 = OVER_RIDING_STYLED_ITEM('overriding color',(#19452),#14001,
  #16465);
#19452 = PRESENTATION_STYLE_ASSIGNMENT((#19453));
#19453 = SURFACE_STYLE_USAGE(.BOTH.,#19454);
#19454 = SURFACE_SIDE_STYLE('',(#19455));
#19455 = SURFACE_STYLE_FILL_AREA(#19456);
#19456 = FILL_AREA_STYLE('',(#19457));
#19457 = FILL_AREA_STYLE_COLOUR('',#16482);
#19458 = OVER_RIDING_STYLED_ITEM('overriding color',(#19459),#14025,
  #16465);
#19459 = PRESENTATION_STYLE_ASSIGNMENT((#19460));
#19460 = SURFACE_STYLE_USAGE(.BOTH.,#19461);
#19461 = SURFACE_SIDE_STYLE('',(#19462));
#19462 = SURFACE_STYLE_FILL_AREA(#19463);
#19463 = FILL_AREA_STYLE('',(#19464));
#19464 = FILL_AREA_STYLE_COLOUR('',#16482);
#19465 = OVER_RIDING_STYLED_ITEM('overriding color',(#19466),#14067,
  #16465);
#19466 = PRESENTATION_STYLE_ASSIGNMENT((#19467));
#19467 = SURFACE_STYLE_USAGE(.BOTH.,#19468);
#19468 = SURFACE_SIDE_STYLE('',(#19469));
#19469 = SURFACE_STYLE_FILL_AREA(#19470);
#19470 = FILL_AREA_STYLE('',(#19471));
#19471 = FILL_AREA_STYLE_COLOUR('',#16482);
#19472 = OVER_RIDING_STYLED_ITEM('overriding color',(#19473),#14091,
  #16465);
#19473 = PRESENTATION_STYLE_ASSIGNMENT((#19474));
#19474 = SURFACE_STYLE_USAGE(.BOTH.,#19475);
#19475 = SURFACE_SIDE_STYLE('',(#19476));
#19476 = SURFACE_STYLE_FILL_AREA(#19477);
#19477 = FILL_AREA_STYLE('',(#19478));
#19478 = FILL_AREA_STYLE_COLOUR('',#16482);
#19479 = OVER_RIDING_STYLED_ITEM('overriding color',(#19480),#14133,
  #16465);
#19480 = PRESENTATION_STYLE_ASSIGNMENT((#19481));
#19481 = SURFACE_STYLE_USAGE(.BOTH.,#19482);
#19482 = SURFACE_SIDE_STYLE('',(#19483));
#19483 = SURFACE_STYLE_FILL_AREA(#19484);
#19484 = FILL_AREA_STYLE('',(#19485));
#19485 = FILL_AREA_STYLE_COLOUR('',#16482);
#19486 = OVER_RIDING_STYLED_ITEM('overriding color',(#19487),#14157,
  #16465);
#19487 = PRESENTATION_STYLE_ASSIGNMENT((#19488));
#19488 = SURFACE_STYLE_USAGE(.BOTH.,#19489);
#19489 = SURFACE_SIDE_STYLE('',(#19490));
#19490 = SURFACE_STYLE_FILL_AREA(#19491);
#19491 = FILL_AREA_STYLE('',(#19492));
#19492 = FILL_AREA_STYLE_COLOUR('',#16482);
#19493 = OVER_RIDING_STYLED_ITEM('overriding color',(#19494),#14199,
  #16465);
#19494 = PRESENTATION_STYLE_ASSIGNMENT((#19495));
#19495 = SURFACE_STYLE_USAGE(.BOTH.,#19496);
#19496 = SURFACE_SIDE_STYLE('',(#19497));
#19497 = SURFACE_STYLE_FILL_AREA(#19498);
#19498 = FILL_AREA_STYLE('',(#19499));
#19499 = FILL_AREA_STYLE_COLOUR('',#16482);
#19500 = OVER_RIDING_STYLED_ITEM('overriding color',(#19501),#14223,
  #16465);
#19501 = PRESENTATION_STYLE_ASSIGNMENT((#19502));
#19502 = SURFACE_STYLE_USAGE(.BOTH.,#19503);
#19503 = SURFACE_SIDE_STYLE('',(#19504));
#19504 = SURFACE_STYLE_FILL_AREA(#19505);
#19505 = FILL_AREA_STYLE('',(#19506));
#19506 = FILL_AREA_STYLE_COLOUR('',#16482);
#19507 = OVER_RIDING_STYLED_ITEM('overriding color',(#19508),#14265,
  #16465);
#19508 = PRESENTATION_STYLE_ASSIGNMENT((#19509));
#19509 = SURFACE_STYLE_USAGE(.BOTH.,#19510);
#19510 = SURFACE_SIDE_STYLE('',(#19511));
#19511 = SURFACE_STYLE_FILL_AREA(#19512);
#19512 = FILL_AREA_STYLE('',(#19513));
#19513 = FILL_AREA_STYLE_COLOUR('',#16482);
#19514 = OVER_RIDING_STYLED_ITEM('overriding color',(#19515),#14289,
  #16465);
#19515 = PRESENTATION_STYLE_ASSIGNMENT((#19516));
#19516 = SURFACE_STYLE_USAGE(.BOTH.,#19517);
#19517 = SURFACE_SIDE_STYLE('',(#19518));
#19518 = SURFACE_STYLE_FILL_AREA(#19519);
#19519 = FILL_AREA_STYLE('',(#19520));
#19520 = FILL_AREA_STYLE_COLOUR('',#16482);
#19521 = OVER_RIDING_STYLED_ITEM('overriding color',(#19522),#14331,
  #16465);
#19522 = PRESENTATION_STYLE_ASSIGNMENT((#19523));
#19523 = SURFACE_STYLE_USAGE(.BOTH.,#19524);
#19524 = SURFACE_SIDE_STYLE('',(#19525));
#19525 = SURFACE_STYLE_FILL_AREA(#19526);
#19526 = FILL_AREA_STYLE('',(#19527));
#19527 = FILL_AREA_STYLE_COLOUR('',#16482);
#19528 = OVER_RIDING_STYLED_ITEM('overriding color',(#19529),#14355,
  #16465);
#19529 = PRESENTATION_STYLE_ASSIGNMENT((#19530));
#19530 = SURFACE_STYLE_USAGE(.BOTH.,#19531);
#19531 = SURFACE_SIDE_STYLE('',(#19532));
#19532 = SURFACE_STYLE_FILL_AREA(#19533);
#19533 = FILL_AREA_STYLE('',(#19534));
#19534 = FILL_AREA_STYLE_COLOUR('',#16482);
#19535 = OVER_RIDING_STYLED_ITEM('overriding color',(#19536),#14397,
  #16465);
#19536 = PRESENTATION_STYLE_ASSIGNMENT((#19537));
#19537 = SURFACE_STYLE_USAGE(.BOTH.,#19538);
#19538 = SURFACE_SIDE_STYLE('',(#19539));
#19539 = SURFACE_STYLE_FILL_AREA(#19540);
#19540 = FILL_AREA_STYLE('',(#19541));
#19541 = FILL_AREA_STYLE_COLOUR('',#16482);
#19542 = OVER_RIDING_STYLED_ITEM('overriding color',(#19543),#14421,
  #16465);
#19543 = PRESENTATION_STYLE_ASSIGNMENT((#19544));
#19544 = SURFACE_STYLE_USAGE(.BOTH.,#19545);
#19545 = SURFACE_SIDE_STYLE('',(#19546));
#19546 = SURFACE_STYLE_FILL_AREA(#19547);
#19547 = FILL_AREA_STYLE('',(#19548));
#19548 = FILL_AREA_STYLE_COLOUR('',#16482);
#19549 = OVER_RIDING_STYLED_ITEM('overriding color',(#19550),#14461,
  #16465);
#19550 = PRESENTATION_STYLE_ASSIGNMENT((#19551));
#19551 = SURFACE_STYLE_USAGE(.BOTH.,#19552);
#19552 = SURFACE_SIDE_STYLE('',(#19553));
#19553 = SURFACE_STYLE_FILL_AREA(#19554);
#19554 = FILL_AREA_STYLE('',(#19555));
#19555 = FILL_AREA_STYLE_COLOUR('',#16482);
#19556 = OVER_RIDING_STYLED_ITEM('overriding color',(#19557),#14494,
  #16465);
#19557 = PRESENTATION_STYLE_ASSIGNMENT((#19558));
#19558 = SURFACE_STYLE_USAGE(.BOTH.,#19559);
#19559 = SURFACE_SIDE_STYLE('',(#19560));
#19560 = SURFACE_STYLE_FILL_AREA(#19561);
#19561 = FILL_AREA_STYLE('',(#19562));
#19562 = FILL_AREA_STYLE_COLOUR('',#16482);
#19563 = OVER_RIDING_STYLED_ITEM('overriding color',(#19564),#14525,
  #16465);
#19564 = PRESENTATION_STYLE_ASSIGNMENT((#19565));
#19565 = SURFACE_STYLE_USAGE(.BOTH.,#19566);
#19566 = SURFACE_SIDE_STYLE('',(#19567));
#19567 = SURFACE_STYLE_FILL_AREA(#19568);
#19568 = FILL_AREA_STYLE('',(#19569));
#19569 = FILL_AREA_STYLE_COLOUR('',#16482);
#19570 = OVER_RIDING_STYLED_ITEM('overriding color',(#19571),#14549,
  #16465);
#19571 = PRESENTATION_STYLE_ASSIGNMENT((#19572));
#19572 = SURFACE_STYLE_USAGE(.BOTH.,#19573);
#19573 = SURFACE_SIDE_STYLE('',(#19574));
#19574 = SURFACE_STYLE_FILL_AREA(#19575);
#19575 = FILL_AREA_STYLE('',(#19576));
#19576 = FILL_AREA_STYLE_COLOUR('',#16482);
#19577 = OVER_RIDING_STYLED_ITEM('overriding color',(#19578),#14589,
  #16465);
#19578 = PRESENTATION_STYLE_ASSIGNMENT((#19579));
#19579 = SURFACE_STYLE_USAGE(.BOTH.,#19580);
#19580 = SURFACE_SIDE_STYLE('',(#19581));
#19581 = SURFACE_STYLE_FILL_AREA(#19582);
#19582 = FILL_AREA_STYLE('',(#19583));
#19583 = FILL_AREA_STYLE_COLOUR('',#16482);
#19584 = OVER_RIDING_STYLED_ITEM('overriding color',(#19585),#14622,
  #16465);
#19585 = PRESENTATION_STYLE_ASSIGNMENT((#19586));
#19586 = SURFACE_STYLE_USAGE(.BOTH.,#19587);
#19587 = SURFACE_SIDE_STYLE('',(#19588));
#19588 = SURFACE_STYLE_FILL_AREA(#19589);
#19589 = FILL_AREA_STYLE('',(#19590));
#19590 = FILL_AREA_STYLE_COLOUR('',#16482);
#19591 = OVER_RIDING_STYLED_ITEM('overriding color',(#19592),#14653,
  #16465);
#19592 = PRESENTATION_STYLE_ASSIGNMENT((#19593));
#19593 = SURFACE_STYLE_USAGE(.BOTH.,#19594);
#19594 = SURFACE_SIDE_STYLE('',(#19595));
#19595 = SURFACE_STYLE_FILL_AREA(#19596);
#19596 = FILL_AREA_STYLE('',(#19597));
#19597 = FILL_AREA_STYLE_COLOUR('',#16482);
ENDSEC;
END-ISO-10303-21;
