ISO-10303-21;
HEADER;
/* Generated by software containing ST-Developer
 * from STEP Tools, Inc. (www.steptools.com) 
 */

FILE_DESCRIPTION(
/* description */ ('STEP AP214'),
/* implementation_level */ '2;1');

FILE_NAME(
/* name */ '',
/* time_stamp */ '2026-08-30T17:13:06+08:00',
/* author */ (''),
/* organization */ (''),
/* preprocessor_version */ 'ST-DEVELOPER v20.1',
/* originating_system */ 'Autodesk Translation Framework v15.8.0.0',
/* authorisation */ '');

FILE_SCHEMA (('AUTOMOTIVE_DESIGN { 1 0 10303 214 3 1 1 }'));
ENDSEC;

DATA;
#10=MECHANICAL_DESIGN_GEOMETRIC_PRESENTATION_REPRESENTATION('',(#13),#2418);
#11=SHAPE_REPRESENTATION_RELATIONSHIP('SRR','None',#2425,#12);
#12=ADVANCED_BREP_SHAPE_REPRESENTATION('',(#14),#2417);
#13=STYLED_ITEM('',(#2435),#14);
#14=MANIFOLD_SOLID_BREP('\X2\5B9E4F53\X0\1',#152);
#15=PLANE('',#166);
#16=FACE_OUTER_BOUND('',#23,.T.);
#17=FACE_OUTER_BOUND('',#24,.T.);
#18=FACE_OUTER_BOUND('',#25,.T.);
#19=FACE_OUTER_BOUND('',#26,.T.);
#20=FACE_OUTER_BOUND('',#27,.T.);
#21=FACE_OUTER_BOUND('',#28,.T.);
#22=FACE_OUTER_BOUND('',#29,.T.);
#23=EDGE_LOOP('',(#95,#96,#97,#98,#99));
#24=EDGE_LOOP('',(#100,#101,#102,#103,#104));
#25=EDGE_LOOP('',(#105,#106,#107,#108,#109,#110,#111,#112));
#26=EDGE_LOOP('',(#113,#114,#115,#116,#117,#118,#119,#120));
#27=EDGE_LOOP('',(#121,#122));
#28=EDGE_LOOP('',(#123,#124,#125,#126,#127,#128,#129,#130));
#29=EDGE_LOOP('',(#131,#132,#133,#134,#135,#136,#137,#138));
#30=LINE('',#358,#34);
#31=LINE('',#360,#35);
#32=LINE('',#906,#36);
#33=LINE('',#908,#37);
#34=VECTOR('',#169,41.095004288669);
#35=VECTOR('',#170,35.2708762994045);
#36=VECTOR('',#171,91.5602823012516);
#37=VECTOR('',#172,94.5812791277028);
#38=B_SPLINE_CURVE_WITH_KNOTS('',3,(#338,#339,#340,#341,#342,#343,#344,
#345,#346,#347,#348,#349,#350,#351,#352,#353,#354,#355,#356),
 .UNSPECIFIED.,.F.,.F.,(4,3,3,3,3,3,4),(3.31218636650786,3.36754343576526,
4.4940322999969,5.71105778913344,6.36773054925156,7.05591696065832,8.48755703970355),
 .UNSPECIFIED.);
#39=B_SPLINE_CURVE_WITH_KNOTS('',3,(#362,#363,#364,#365,#366,#367,#368),
 .UNSPECIFIED.,.F.,.F.,(4,3,4),(25.2743273660281,25.8233873947212,28.3145382372631),
 .UNSPECIFIED.);
#40=B_SPLINE_CURVE_WITH_KNOTS('',3,(#369,#370,#371,#372,#373,#374,#375,
#376,#377,#378,#379,#380,#381,#382,#383,#384,#385,#386,#387,#388,#389,#390,
#391,#392,#393,#394,#395,#396,#397,#398,#399,#400,#401,#402,#403,#404,#405,
#406,#407,#408),.UNSPECIFIED.,.F.,.F.,(4,3,3,3,3,3,3,3,3,3,3,3,3,4),(8.48755703970355,
8.49223251332991,9.23360761478307,9.99136976673229,10.8023989596258,11.7275371312372,
12.8444478015914,14.4244475308642,16.2805591799034,18.1450073977341,20.0190830195593,
21.9074849785039,23.8324012746065,25.2743273660281),.UNSPECIFIED.);
#41=B_SPLINE_CURVE_WITH_KNOTS('',3,(#570,#571,#572,#573,#574,#575,#576),
 .UNSPECIFIED.,.F.,.F.,(4,3,4),(0.150737931503481,0.1875,0.191458833047798),
 .UNSPECIFIED.);
#42=B_SPLINE_CURVE_WITH_KNOTS('',3,(#578,#579,#580,#581,#582,#583,#584,
#585,#586,#587,#588,#589,#590,#591,#592,#593,#594,#595,#596,#597,#598,#599,
#600,#601,#602),.UNSPECIFIED.,.F.,.F.,(4,3,3,3,3,3,3,3,4),(0.52471296053272,
0.53125,0.5625,0.625,0.65625,0.6875,0.75,0.8125,0.81558242755546),
 .UNSPECIFIED.);
#43=B_SPLINE_CURVE_WITH_KNOTS('',3,(#603,#604,#605,#606,#607,#608,#609,
#610,#611,#612,#613,#614,#615,#616,#617,#618,#619,#620,#621,#622,#623,#624,
#625,#626,#627,#628,#629,#630,#631,#632,#633,#634,#635,#636),
 .UNSPECIFIED.,.F.,.F.,(4,3,3,3,3,3,3,3,3,3,3,4),(0.191458833047798,0.21875,
0.25,0.28125,0.3125,0.34375,0.375,0.40625,0.4375,0.46875,0.5,0.52471296053272),
 .UNSPECIFIED.);
#44=B_SPLINE_CURVE_WITH_KNOTS('',3,(#887,#888,#889,#890,#891,#892,#893,
#894,#895,#896,#897,#898,#899,#900,#901,#902,#903,#904,#905),
 .UNSPECIFIED.,.F.,.F.,(4,1,1,1,1,1,1,1,1,1,1,1,1,1,1,1,4),(0.,0.0625,0.125,
0.1875,0.21875,0.25,0.28125,0.3125,0.34375,0.375,0.40625,0.4375,0.46875,
0.5,0.53125,0.5625,0.622396096830192),.UNSPECIFIED.);
#45=B_SPLINE_CURVE_WITH_KNOTS('',3,(#910,#911,#912,#913),.UNSPECIFIED.,
 .F.,.F.,(4,4),(0.9375,1.),.UNSPECIFIED.);
#46=B_SPLINE_CURVE_WITH_KNOTS('',3,(#914,#915,#916,#917,#918,#919,#920,
#921,#922,#923),.UNSPECIFIED.,.F.,.F.,(4,1,1,1,1,1,1,4),(0.622396096830192,
0.625,0.65625,0.6875,0.75,0.8125,0.875,0.9375),.UNSPECIFIED.);
#47=B_SPLINE_CURVE_WITH_KNOTS('',3,(#1173,#1174,#1175,#1176,#1177,#1178,
#1179,#1180,#1181,#1182,#1183,#1184,#1185,#1186,#1187,#1188,#1189,#1190,
#1191,#1192,#1193,#1194,#1195,#1196,#1197,#1198,#1199,#1200,#1201,#1202,
#1203,#1204,#1205,#1206,#1207,#1208,#1209,#1210,#1211,#1212,#1213,#1214,
#1215,#1216,#1217,#1218,#1219,#1220,#1221,#1222,#1223,#1224,#1225,#1226,
#1227,#1228,#1229,#1230,#1231,#1232,#1233,#1234,#1235,#1236,#1237,#1238,
#1239,#1240,#1241,#1242,#1243,#1244,#1245,#1246,#1247,#1248,#1249,#1250,
#1251,#1252,#1253,#1254,#1255,#1256,#1257,#1258,#1259,#1260),
 .UNSPECIFIED.,.F.,.F.,(4,3,3,3,3,3,3,3,3,3,3,3,3,3,3,3,3,3,3,3,3,3,3,3,
3,3,3,3,3,4),(-39.8377798351583,-35.8684764946421,-34.9936254945269,-32.6961162655724,
-30.2217636249099,-29.6290291370635,-26.6201225402121,-25.8233873947213,
-23.8324012746065,-23.6340429744719,-21.9074849785039,-20.6633033416587,
-20.0190830195593,-18.1450073977341,-17.7058468749179,-16.2805591799034,
-15.1883364551079,-14.4244475308643,-13.4086942194048,-12.8444478015914,
-11.9346148612598,-11.7275371312372,-10.8023989596258,-10.6423523335826,
-9.99136976673229,-9.4349634474163,-9.23360761478307,-8.49223251332991,
-8.25368505330229,-7.19605687904423),.UNSPECIFIED.);
#48=B_SPLINE_CURVE_WITH_KNOTS('',3,(#1262,#1263,#1264,#1265,#1266,#1267,
#1268,#1269,#1270,#1271,#1272,#1273,#1274,#1275,#1276,#1277,#1278,#1279,
#1280,#1281,#1282,#1283,#1284,#1285,#1286,#1287,#1288,#1289,#1290,#1291,
#1292,#1293,#1294,#1295),.UNSPECIFIED.,.F.,.F.,(4,3,3,3,3,3,3,3,3,3,3,4),
(-7.19605687904423,-7.05591696065832,-6.36773054925156,-5.96511543965433,
-5.71105778913344,-4.8685858457629,-4.49403229999691,-3.82226888420014,
-3.36754343576526,-2.24513963426808,-1.88310757087156,-1.12267936083245),
 .UNSPECIFIED.);
#49=B_SPLINE_CURVE_WITH_KNOTS('',3,(#1296,#1297,#1298,#1299,#1300,#1301,
#1302),.UNSPECIFIED.,.F.,.F.,(4,3,4),(-1.12267936083245,-0.08820381173723,
0.),.UNSPECIFIED.);
#50=B_SPLINE_CURVE_WITH_KNOTS('',3,(#1306,#1307,#1308,#1309,#1310,#1311,
#1312,#1313,#1314,#1315,#1316,#1317,#1318,#1319,#1320,#1321,#1322,#1323),
 .UNSPECIFIED.,.F.,.F.,(4,2,2,2,2,2,2,2,4),(-14.6582375966789,-12.7204934738752,
-10.7725903071666,-7.61182028221426,-4.92231596197041,-3.24665627684834,
-1.81577940749344,-0.896207861626588,0.),.UNSPECIFIED.);
#51=B_SPLINE_CURVE_WITH_KNOTS('',3,(#1324,#1325,#1326,#1327,#1328,#1329,
#1330,#1331,#1332,#1333,#1334,#1335,#1336,#1337,#1338,#1339,#1340,#1341),
 .UNSPECIFIED.,.F.,.F.,(4,2,2,2,2,2,2,2,4),(-14.6582375691137,-12.7204934546917,
-10.7725902964518,-7.61182027855657,-4.92231596362248,-3.24665627888228,
-1.81577941000985,-0.89620786286451,0.),.UNSPECIFIED.);
#52=B_SPLINE_CURVE_WITH_KNOTS('',3,(#1861,#1862,#1863,#1864,#1865,#1866,
#1867,#1868,#1869),.UNSPECIFIED.,.F.,.F.,(4,1,1,1,1,1,4),(0.,0.107921345455321,
0.258136734961749,0.410727947456465,0.454206951290729,0.518676628323234,
0.612789016421716),.UNSPECIFIED.);
#53=B_SPLINE_CURVE_WITH_KNOTS('',3,(#1871,#1872,#1873,#1874,#1875,#1876,
#1877),.UNSPECIFIED.,.F.,.F.,(4,1,1,1,4),(0.612789016421716,0.648139253091608,
0.64815806993388,0.713793184709056,0.804534732095057),.UNSPECIFIED.);
#54=B_SPLINE_CURVE_WITH_KNOTS('',3,(#1878,#1879,#1880,#1881,#1882),
 .UNSPECIFIED.,.F.,.F.,(4,1,4),(0.804534732095057,0.893554213772569,1.),
 .UNSPECIFIED.);
#55=B_SPLINE_CURVE_WITH_KNOTS('',3,(#1883,#1884,#1885,#1886,#1887,#1888,
#1889,#1890,#1891,#1892,#1893,#1894,#1895,#1896),.UNSPECIFIED.,.F.,.F.,
(4,1,1,1,1,1,1,1,1,1,1,4),(0.,0.107921345455321,0.258136734961749,0.410727947456465,
0.454206951290729,0.518676628323234,0.648139253091608,0.64815806993388,
0.713793184709056,0.804534732095057,0.893554213772569,1.),.UNSPECIFIED.);
#56=VERTEX_POINT('',#336);
#57=VERTEX_POINT('',#337);
#58=VERTEX_POINT('',#357);
#59=VERTEX_POINT('',#359);
#60=VERTEX_POINT('',#361);
#61=VERTEX_POINT('',#569);
#62=VERTEX_POINT('',#577);
#63=VERTEX_POINT('',#885);
#64=VERTEX_POINT('',#886);
#65=VERTEX_POINT('',#907);
#66=VERTEX_POINT('',#909);
#67=VERTEX_POINT('',#1172);
#68=VERTEX_POINT('',#1261);
#69=VERTEX_POINT('',#1304);
#70=VERTEX_POINT('',#1305);
#71=VERTEX_POINT('',#1860);
#72=VERTEX_POINT('',#1870);
#73=EDGE_CURVE('',#56,#57,#38,.T.);
#74=EDGE_CURVE('',#56,#58,#30,.T.);
#75=EDGE_CURVE('',#59,#58,#31,.T.);
#76=EDGE_CURVE('',#60,#59,#39,.T.);
#77=EDGE_CURVE('',#57,#60,#40,.T.);
#78=EDGE_CURVE('',#59,#61,#41,.T.);
#79=EDGE_CURVE('',#62,#56,#42,.T.);
#80=EDGE_CURVE('',#61,#62,#43,.T.);
#81=EDGE_CURVE('',#63,#64,#44,.T.);
#82=EDGE_CURVE('',#63,#59,#32,.T.);
#83=EDGE_CURVE('',#65,#56,#33,.T.);
#84=EDGE_CURVE('',#66,#65,#45,.T.);
#85=EDGE_CURVE('',#64,#66,#46,.T.);
#86=EDGE_CURVE('',#63,#67,#47,.T.);
#87=EDGE_CURVE('',#67,#68,#48,.T.);
#88=EDGE_CURVE('',#68,#65,#49,.T.);
#89=EDGE_CURVE('',#69,#70,#50,.T.);
#90=EDGE_CURVE('',#69,#70,#51,.T.);
#91=EDGE_CURVE('',#63,#71,#52,.T.);
#92=EDGE_CURVE('',#71,#72,#53,.T.);
#93=EDGE_CURVE('',#72,#69,#54,.T.);
#94=EDGE_CURVE('',#65,#70,#55,.T.);
#95=ORIENTED_EDGE('',*,*,#73,.F.);
#96=ORIENTED_EDGE('',*,*,#74,.T.);
#97=ORIENTED_EDGE('',*,*,#75,.F.);
#98=ORIENTED_EDGE('',*,*,#76,.F.);
#99=ORIENTED_EDGE('',*,*,#77,.F.);
#100=ORIENTED_EDGE('',*,*,#78,.F.);
#101=ORIENTED_EDGE('',*,*,#75,.T.);
#102=ORIENTED_EDGE('',*,*,#74,.F.);
#103=ORIENTED_EDGE('',*,*,#79,.F.);
#104=ORIENTED_EDGE('',*,*,#80,.F.);
#105=ORIENTED_EDGE('',*,*,#81,.F.);
#106=ORIENTED_EDGE('',*,*,#82,.T.);
#107=ORIENTED_EDGE('',*,*,#78,.T.);
#108=ORIENTED_EDGE('',*,*,#80,.T.);
#109=ORIENTED_EDGE('',*,*,#79,.T.);
#110=ORIENTED_EDGE('',*,*,#83,.F.);
#111=ORIENTED_EDGE('',*,*,#84,.F.);
#112=ORIENTED_EDGE('',*,*,#85,.F.);
#113=ORIENTED_EDGE('',*,*,#86,.T.);
#114=ORIENTED_EDGE('',*,*,#87,.T.);
#115=ORIENTED_EDGE('',*,*,#88,.T.);
#116=ORIENTED_EDGE('',*,*,#83,.T.);
#117=ORIENTED_EDGE('',*,*,#73,.T.);
#118=ORIENTED_EDGE('',*,*,#77,.T.);
#119=ORIENTED_EDGE('',*,*,#76,.T.);
#120=ORIENTED_EDGE('',*,*,#82,.F.);
#121=ORIENTED_EDGE('',*,*,#89,.F.);
#122=ORIENTED_EDGE('',*,*,#90,.T.);
#123=ORIENTED_EDGE('',*,*,#86,.F.);
#124=ORIENTED_EDGE('',*,*,#91,.T.);
#125=ORIENTED_EDGE('',*,*,#92,.T.);
#126=ORIENTED_EDGE('',*,*,#93,.T.);
#127=ORIENTED_EDGE('',*,*,#89,.T.);
#128=ORIENTED_EDGE('',*,*,#94,.F.);
#129=ORIENTED_EDGE('',*,*,#88,.F.);
#130=ORIENTED_EDGE('',*,*,#87,.F.);
#131=ORIENTED_EDGE('',*,*,#81,.T.);
#132=ORIENTED_EDGE('',*,*,#85,.T.);
#133=ORIENTED_EDGE('',*,*,#84,.T.);
#134=ORIENTED_EDGE('',*,*,#94,.T.);
#135=ORIENTED_EDGE('',*,*,#90,.F.);
#136=ORIENTED_EDGE('',*,*,#93,.F.);
#137=ORIENTED_EDGE('',*,*,#92,.F.);
#138=ORIENTED_EDGE('',*,*,#91,.F.);
#139=B_SPLINE_SURFACE_WITH_KNOTS('',3,3,((#176,#177,#178,#179),(#180,#181,
#182,#183),(#184,#185,#186,#187),(#188,#189,#190,#191),(#192,#193,#194,
#195),(#196,#197,#198,#199),(#200,#201,#202,#203),(#204,#205,#206,#207),
(#208,#209,#210,#211),(#212,#213,#214,#215),(#216,#217,#218,#219),(#220,
#221,#222,#223),(#224,#225,#226,#227),(#228,#229,#230,#231),(#232,#233,
#234,#235),(#236,#237,#238,#239),(#240,#241,#242,#243),(#244,#245,#246,
#247),(#248,#249,#250,#251),(#252,#253,#254,#255),(#256,#257,#258,#259),
(#260,#261,#262,#263),(#264,#265,#266,#267),(#268,#269,#270,#271),(#272,
#273,#274,#275),(#276,#277,#278,#279),(#280,#281,#282,#283),(#284,#285,
#286,#287),(#288,#289,#290,#291),(#292,#293,#294,#295),(#296,#297,#298,
#299),(#300,#301,#302,#303),(#304,#305,#306,#307),(#308,#309,#310,#311),
(#312,#313,#314,#315),(#316,#317,#318,#319),(#320,#321,#322,#323),(#324,
#325,#326,#327),(#328,#329,#330,#331),(#332,#333,#334,#335)),
 .UNSPECIFIED.,.F.,.F.,.F.,(4,2,2,2,2,2,2,2,2,2,2,2,2,2,2,2,2,2,2,4),(4,
4),(0.,0.00221407448161502,0.0472693904796783,0.0959458308172796,0.12221027039931,
0.149735137458386,0.207182355227992,0.236834569759071,0.267142204651433,
0.299580320756908,0.336582366660179,0.38125459094243,0.444448635144367,
0.518686117227411,0.593257030694617,0.668213004097153,0.743741977079627,
0.820731386158144,0.900363339600236,1.),(0.,1.),.UNSPECIFIED.);
#140=B_SPLINE_SURFACE_WITH_KNOTS('',3,3,((#409,#410,#411,#412),(#413,#414,
#415,#416),(#417,#418,#419,#420),(#421,#422,#423,#424),(#425,#426,#427,
#428),(#429,#430,#431,#432),(#433,#434,#435,#436),(#437,#438,#439,#440),
(#441,#442,#443,#444),(#445,#446,#447,#448),(#449,#450,#451,#452),(#453,
#454,#455,#456),(#457,#458,#459,#460),(#461,#462,#463,#464),(#465,#466,
#467,#468),(#469,#470,#471,#472),(#473,#474,#475,#476),(#477,#478,#479,
#480),(#481,#482,#483,#484),(#485,#486,#487,#488),(#489,#490,#491,#492),
(#493,#494,#495,#496),(#497,#498,#499,#500),(#501,#502,#503,#504),(#505,
#506,#507,#508),(#509,#510,#511,#512),(#513,#514,#515,#516),(#517,#518,
#519,#520),(#521,#522,#523,#524),(#525,#526,#527,#528),(#529,#530,#531,
#532),(#533,#534,#535,#536),(#537,#538,#539,#540),(#541,#542,#543,#544),
(#545,#546,#547,#548),(#549,#550,#551,#552),(#553,#554,#555,#556),(#557,
#558,#559,#560),(#561,#562,#563,#564),(#565,#566,#567,#568)),
 .UNSPECIFIED.,.F.,.F.,.F.,(4,2,2,2,2,2,2,2,2,2,2,2,2,2,2,2,2,2,2,4),(4,
4),(0.,0.0552942360428963,0.102297708562517,0.149301181082137,0.196304653601757,
0.243308126121378,0.290311598640998,0.337315071160618,0.384318543680239,
0.431322016199859,0.478325488719479,0.5253289612391,0.57233243375872,0.61933590627834,
0.713342851317581,0.760346323837201,0.807349796356821,0.901356741396062,
0.995363686435303,1.),(0.,1.),.UNSPECIFIED.);
#141=B_SPLINE_SURFACE_WITH_KNOTS('',3,3,((#637,#638,#639,#640),(#641,#642,
#643,#644),(#645,#646,#647,#648),(#649,#650,#651,#652),(#653,#654,#655,
#656),(#657,#658,#659,#660),(#661,#662,#663,#664),(#665,#666,#667,#668),
(#669,#670,#671,#672),(#673,#674,#675,#676),(#677,#678,#679,#680),(#681,
#682,#683,#684),(#685,#686,#687,#688),(#689,#690,#691,#692),(#693,#694,
#695,#696),(#697,#698,#699,#700),(#701,#702,#703,#704),(#705,#706,#707,
#708),(#709,#710,#711,#712),(#713,#714,#715,#716),(#717,#718,#719,#720),
(#721,#722,#723,#724),(#725,#726,#727,#728),(#729,#730,#731,#732),(#733,
#734,#735,#736),(#737,#738,#739,#740),(#741,#742,#743,#744),(#745,#746,
#747,#748),(#749,#750,#751,#752),(#753,#754,#755,#756),(#757,#758,#759,
#760),(#761,#762,#763,#764),(#765,#766,#767,#768),(#769,#770,#771,#772),
(#773,#774,#775,#776),(#777,#778,#779,#780),(#781,#782,#783,#784),(#785,
#786,#787,#788),(#789,#790,#791,#792),(#793,#794,#795,#796),(#797,#798,
#799,#800),(#801,#802,#803,#804),(#805,#806,#807,#808),(#809,#810,#811,
#812),(#813,#814,#815,#816),(#817,#818,#819,#820),(#821,#822,#823,#824),
(#825,#826,#827,#828),(#829,#830,#831,#832),(#833,#834,#835,#836),(#837,
#838,#839,#840),(#841,#842,#843,#844),(#845,#846,#847,#848),(#849,#850,
#851,#852),(#853,#854,#855,#856),(#857,#858,#859,#860),(#861,#862,#863,
#864),(#865,#866,#867,#868),(#869,#870,#871,#872),(#873,#874,#875,#876),
(#877,#878,#879,#880),(#881,#882,#883,#884)),.UNSPECIFIED.,.F.,.F.,.F.,
(4,2,1,2,1,2,1,2,1,2,1,1,2,1,2,1,1,2,1,2,1,1,2,1,2,1,1,2,2,1,1,1,2,1,2,
2,1,1,2,1,2,4),(4,4),(0.,0.0552942360428963,0.0625,0.102297708562517,0.125,
0.149301181082137,0.1875,0.196304653601757,0.21875,0.243308126121378,0.25,
0.28125,0.290311598640998,0.3125,0.337315071160618,0.34375,0.375,0.384318543680239,
0.40625,0.431322016199859,0.4375,0.46875,0.478325488719479,0.5,0.5253289612391,
0.53125,0.5625,0.57233243375872,0.61933590627834,0.625,0.65625,0.6875,0.713342851317581,
0.75,0.760346323837201,0.807349796356821,0.8125,0.875,0.901356741396062,
0.9375,0.995363686435303,1.),(0.,1.),.UNSPECIFIED.);
#142=B_SPLINE_SURFACE_WITH_KNOTS('',3,3,((#924,#925,#926,#927),(#928,#929,
#930,#931),(#932,#933,#934,#935),(#936,#937,#938,#939),(#940,#941,#942,
#943),(#944,#945,#946,#947),(#948,#949,#950,#951),(#952,#953,#954,#955),
(#956,#957,#958,#959),(#960,#961,#962,#963),(#964,#965,#966,#967),(#968,
#969,#970,#971),(#972,#973,#974,#975),(#976,#977,#978,#979),(#980,#981,
#982,#983),(#984,#985,#986,#987),(#988,#989,#990,#991),(#992,#993,#994,
#995),(#996,#997,#998,#999),(#1000,#1001,#1002,#1003),(#1004,#1005,#1006,
#1007),(#1008,#1009,#1010,#1011),(#1012,#1013,#1014,#1015),(#1016,#1017,
#1018,#1019),(#1020,#1021,#1022,#1023),(#1024,#1025,#1026,#1027),(#1028,
#1029,#1030,#1031),(#1032,#1033,#1034,#1035),(#1036,#1037,#1038,#1039),
(#1040,#1041,#1042,#1043),(#1044,#1045,#1046,#1047),(#1048,#1049,#1050,
#1051),(#1052,#1053,#1054,#1055),(#1056,#1057,#1058,#1059),(#1060,#1061,
#1062,#1063),(#1064,#1065,#1066,#1067),(#1068,#1069,#1070,#1071),(#1072,
#1073,#1074,#1075),(#1076,#1077,#1078,#1079),(#1080,#1081,#1082,#1083),
(#1084,#1085,#1086,#1087),(#1088,#1089,#1090,#1091),(#1092,#1093,#1094,
#1095),(#1096,#1097,#1098,#1099),(#1100,#1101,#1102,#1103),(#1104,#1105,
#1106,#1107),(#1108,#1109,#1110,#1111),(#1112,#1113,#1114,#1115),(#1116,
#1117,#1118,#1119),(#1120,#1121,#1122,#1123),(#1124,#1125,#1126,#1127),
(#1128,#1129,#1130,#1131),(#1132,#1133,#1134,#1135),(#1136,#1137,#1138,
#1139),(#1140,#1141,#1142,#1143),(#1144,#1145,#1146,#1147),(#1148,#1149,
#1150,#1151),(#1152,#1153,#1154,#1155),(#1156,#1157,#1158,#1159),(#1160,
#1161,#1162,#1163),(#1164,#1165,#1166,#1167),(#1168,#1169,#1170,#1171)),
 .UNSPECIFIED.,.F.,.F.,.F.,(4,2,1,2,1,1,2,1,2,1,2,1,1,2,1,1,2,1,2,1,1,2,
1,2,1,2,1,2,1,1,2,1,2,1,1,2,2,1,2,1,2,4),(4,4),(0.,0.00221407448161524,
0.0281812732907782,0.0472693904796785,0.0563570470934393,0.08453140334877,
0.0959458308172798,0.112808302033708,0.122210270399311,0.143357833010895,
0.149735137458386,0.15984150159974,0.177116219574847,0.207182355227992,
0.213170325968698,0.231780175827823,0.236834569759071,0.250801370158548,
0.267142204651433,0.271159663121896,0.294382296899167,0.299580320756908,
0.322418765672671,0.336582366660179,0.362079603596136,0.38125459094243,
0.408671347832873,0.444448635144367,0.455472354955898,0.502515027252892,
0.518686117227411,0.549917316405512,0.593257030694617,0.598236181163226,
0.648213517459403,0.668213004097154,0.743741977079627,0.758620679916458,
0.820731386158144,0.878403004367319,0.900363339600236,1.),(0.,1.),
 .UNSPECIFIED.);
#143=B_SPLINE_SURFACE_WITH_KNOTS('',3,3,((#1342,#1343,#1344,#1345,#1346,
#1347,#1348,#1349,#1350,#1351,#1352,#1353,#1354,#1355),(#1356,#1357,#1358,
#1359,#1360,#1361,#1362,#1363,#1364,#1365,#1366,#1367,#1368,#1369),(#1370,
#1371,#1372,#1373,#1374,#1375,#1376,#1377,#1378,#1379,#1380,#1381,#1382,
#1383),(#1384,#1385,#1386,#1387,#1388,#1389,#1390,#1391,#1392,#1393,#1394,
#1395,#1396,#1397),(#1398,#1399,#1400,#1401,#1402,#1403,#1404,#1405,#1406,
#1407,#1408,#1409,#1410,#1411),(#1412,#1413,#1414,#1415,#1416,#1417,#1418,
#1419,#1420,#1421,#1422,#1423,#1424,#1425),(#1426,#1427,#1428,#1429,#1430,
#1431,#1432,#1433,#1434,#1435,#1436,#1437,#1438,#1439),(#1440,#1441,#1442,
#1443,#1444,#1445,#1446,#1447,#1448,#1449,#1450,#1451,#1452,#1453),(#1454,
#1455,#1456,#1457,#1458,#1459,#1460,#1461,#1462,#1463,#1464,#1465,#1466,
#1467),(#1468,#1469,#1470,#1471,#1472,#1473,#1474,#1475,#1476,#1477,#1478,
#1479,#1480,#1481),(#1482,#1483,#1484,#1485,#1486,#1487,#1488,#1489,#1490,
#1491,#1492,#1493,#1494,#1495),(#1496,#1497,#1498,#1499,#1500,#1501,#1502,
#1503,#1504,#1505,#1506,#1507,#1508,#1509),(#1510,#1511,#1512,#1513,#1514,
#1515,#1516,#1517,#1518,#1519,#1520,#1521,#1522,#1523),(#1524,#1525,#1526,
#1527,#1528,#1529,#1530,#1531,#1532,#1533,#1534,#1535,#1536,#1537),(#1538,
#1539,#1540,#1541,#1542,#1543,#1544,#1545,#1546,#1547,#1548,#1549,#1550,
#1551),(#1552,#1553,#1554,#1555,#1556,#1557,#1558,#1559,#1560,#1561,#1562,
#1563,#1564,#1565),(#1566,#1567,#1568,#1569,#1570,#1571,#1572,#1573,#1574,
#1575,#1576,#1577,#1578,#1579),(#1580,#1581,#1582,#1583,#1584,#1585,#1586,
#1587,#1588,#1589,#1590,#1591,#1592,#1593),(#1594,#1595,#1596,#1597,#1598,
#1599,#1600,#1601,#1602,#1603,#1604,#1605,#1606,#1607),(#1608,#1609,#1610,
#1611,#1612,#1613,#1614,#1615,#1616,#1617,#1618,#1619,#1620,#1621),(#1622,
#1623,#1624,#1625,#1626,#1627,#1628,#1629,#1630,#1631,#1632,#1633,#1634,
#1635),(#1636,#1637,#1638,#1639,#1640,#1641,#1642,#1643,#1644,#1645,#1646,
#1647,#1648,#1649),(#1650,#1651,#1652,#1653,#1654,#1655,#1656,#1657,#1658,
#1659,#1660,#1661,#1662,#1663),(#1664,#1665,#1666,#1667,#1668,#1669,#1670,
#1671,#1672,#1673,#1674,#1675,#1676,#1677),(#1678,#1679,#1680,#1681,#1682,
#1683,#1684,#1685,#1686,#1687,#1688,#1689,#1690,#1691),(#1692,#1693,#1694,
#1695,#1696,#1697,#1698,#1699,#1700,#1701,#1702,#1703,#1704,#1705),(#1706,
#1707,#1708,#1709,#1710,#1711,#1712,#1713,#1714,#1715,#1716,#1717,#1718,
#1719),(#1720,#1721,#1722,#1723,#1724,#1725,#1726,#1727,#1728,#1729,#1730,
#1731,#1732,#1733),(#1734,#1735,#1736,#1737,#1738,#1739,#1740,#1741,#1742,
#1743,#1744,#1745,#1746,#1747),(#1748,#1749,#1750,#1751,#1752,#1753,#1754,
#1755,#1756,#1757,#1758,#1759,#1760,#1761),(#1762,#1763,#1764,#1765,#1766,
#1767,#1768,#1769,#1770,#1771,#1772,#1773,#1774,#1775),(#1776,#1777,#1778,
#1779,#1780,#1781,#1782,#1783,#1784,#1785,#1786,#1787,#1788,#1789),(#1790,
#1791,#1792,#1793,#1794,#1795,#1796,#1797,#1798,#1799,#1800,#1801,#1802,
#1803),(#1804,#1805,#1806,#1807,#1808,#1809,#1810,#1811,#1812,#1813,#1814,
#1815,#1816,#1817),(#1818,#1819,#1820,#1821,#1822,#1823,#1824,#1825,#1826,
#1827,#1828,#1829,#1830,#1831),(#1832,#1833,#1834,#1835,#1836,#1837,#1838,
#1839,#1840,#1841,#1842,#1843,#1844,#1845),(#1846,#1847,#1848,#1849,#1850,
#1851,#1852,#1853,#1854,#1855,#1856,#1857,#1858,#1859)),.UNSPECIFIED.,.F.,
 .F.,.F.,(4,1,1,1,1,1,1,1,1,1,1,1,1,1,1,1,1,1,1,1,1,1,1,1,1,1,1,1,1,1,1,
1,1,1,4),(4,1,1,1,1,1,1,1,1,1,1,4),(0.,0.0367117706380993,0.0734235412761986,
0.0917794265952482,0.110135311914298,0.128491197233348,0.146847082552397,
0.165202967871447,0.174380910530972,0.183558853190496,0.192736795850021,
0.201914738509546,0.220270623828596,0.238626509147645,0.256982394466695,
0.275338279785745,0.293694165104794,0.312050050423844,0.330405935742894,
0.348761821061943,0.367117706380993,0.385473591700043,0.403829477019092,
0.422185362338142,0.440541247657191,0.458897132976241,0.468075075635766,
0.477253018295291,0.486430960954816,0.495608903614341,0.51396478893339,
0.53232067425244,0.550676559571489,0.569032444890539,0.587388330209589),
(0.,0.107921345455321,0.258136734961749,0.410727947456465,0.454206951290729,
0.518676628323234,0.648139253091608,0.64815806993388,0.713793184709056,
0.804534732095057,0.893554213772569,1.),.UNSPECIFIED.);
#144=B_SPLINE_SURFACE_WITH_KNOTS('',3,3,((#1897,#1898,#1899,#1900,#1901,
#1902,#1903,#1904,#1905,#1906,#1907,#1908,#1909,#1910),(#1911,#1912,#1913,
#1914,#1915,#1916,#1917,#1918,#1919,#1920,#1921,#1922,#1923,#1924),(#1925,
#1926,#1927,#1928,#1929,#1930,#1931,#1932,#1933,#1934,#1935,#1936,#1937,
#1938),(#1939,#1940,#1941,#1942,#1943,#1944,#1945,#1946,#1947,#1948,#1949,
#1950,#1951,#1952),(#1953,#1954,#1955,#1956,#1957,#1958,#1959,#1960,#1961,
#1962,#1963,#1964,#1965,#1966),(#1967,#1968,#1969,#1970,#1971,#1972,#1973,
#1974,#1975,#1976,#1977,#1978,#1979,#1980),(#1981,#1982,#1983,#1984,#1985,
#1986,#1987,#1988,#1989,#1990,#1991,#1992,#1993,#1994),(#1995,#1996,#1997,
#1998,#1999,#2000,#2001,#2002,#2003,#2004,#2005,#2006,#2007,#2008),(#2009,
#2010,#2011,#2012,#2013,#2014,#2015,#2016,#2017,#2018,#2019,#2020,#2021,
#2022),(#2023,#2024,#2025,#2026,#2027,#2028,#2029,#2030,#2031,#2032,#2033,
#2034,#2035,#2036),(#2037,#2038,#2039,#2040,#2041,#2042,#2043,#2044,#2045,
#2046,#2047,#2048,#2049,#2050),(#2051,#2052,#2053,#2054,#2055,#2056,#2057,
#2058,#2059,#2060,#2061,#2062,#2063,#2064),(#2065,#2066,#2067,#2068,#2069,
#2070,#2071,#2072,#2073,#2074,#2075,#2076,#2077,#2078),(#2079,#2080,#2081,
#2082,#2083,#2084,#2085,#2086,#2087,#2088,#2089,#2090,#2091,#2092),(#2093,
#2094,#2095,#2096,#2097,#2098,#2099,#2100,#2101,#2102,#2103,#2104,#2105,
#2106),(#2107,#2108,#2109,#2110,#2111,#2112,#2113,#2114,#2115,#2116,#2117,
#2118,#2119,#2120),(#2121,#2122,#2123,#2124,#2125,#2126,#2127,#2128,#2129,
#2130,#2131,#2132,#2133,#2134),(#2135,#2136,#2137,#2138,#2139,#2140,#2141,
#2142,#2143,#2144,#2145,#2146,#2147,#2148),(#2149,#2150,#2151,#2152,#2153,
#2154,#2155,#2156,#2157,#2158,#2159,#2160,#2161,#2162),(#2163,#2164,#2165,
#2166,#2167,#2168,#2169,#2170,#2171,#2172,#2173,#2174,#2175,#2176),(#2177,
#2178,#2179,#2180,#2181,#2182,#2183,#2184,#2185,#2186,#2187,#2188,#2189,
#2190),(#2191,#2192,#2193,#2194,#2195,#2196,#2197,#2198,#2199,#2200,#2201,
#2202,#2203,#2204),(#2205,#2206,#2207,#2208,#2209,#2210,#2211,#2212,#2213,
#2214,#2215,#2216,#2217,#2218),(#2219,#2220,#2221,#2222,#2223,#2224,#2225,
#2226,#2227,#2228,#2229,#2230,#2231,#2232),(#2233,#2234,#2235,#2236,#2237,
#2238,#2239,#2240,#2241,#2242,#2243,#2244,#2245,#2246),(#2247,#2248,#2249,
#2250,#2251,#2252,#2253,#2254,#2255,#2256,#2257,#2258,#2259,#2260),(#2261,
#2262,#2263,#2264,#2265,#2266,#2267,#2268,#2269,#2270,#2271,#2272,#2273,
#2274),(#2275,#2276,#2277,#2278,#2279,#2280,#2281,#2282,#2283,#2284,#2285,
#2286,#2287,#2288),(#2289,#2290,#2291,#2292,#2293,#2294,#2295,#2296,#2297,
#2298,#2299,#2300,#2301,#2302),(#2303,#2304,#2305,#2306,#2307,#2308,#2309,
#2310,#2311,#2312,#2313,#2314,#2315,#2316),(#2317,#2318,#2319,#2320,#2321,
#2322,#2323,#2324,#2325,#2326,#2327,#2328,#2329,#2330),(#2331,#2332,#2333,
#2334,#2335,#2336,#2337,#2338,#2339,#2340,#2341,#2342,#2343,#2344),(#2345,
#2346,#2347,#2348,#2349,#2350,#2351,#2352,#2353,#2354,#2355,#2356,#2357,
#2358),(#2359,#2360,#2361,#2362,#2363,#2364,#2365,#2366,#2367,#2368,#2369,
#2370,#2371,#2372),(#2373,#2374,#2375,#2376,#2377,#2378,#2379,#2380,#2381,
#2382,#2383,#2384,#2385,#2386),(#2387,#2388,#2389,#2390,#2391,#2392,#2393,
#2394,#2395,#2396,#2397,#2398,#2399,#2400),(#2401,#2402,#2403,#2404,#2405,
#2406,#2407,#2408,#2409,#2410,#2411,#2412,#2413,#2414)),.UNSPECIFIED.,.F.,
 .F.,.F.,(4,1,1,1,1,1,1,1,1,1,1,1,1,1,1,1,1,1,1,1,1,1,1,1,1,1,1,1,1,1,1,
1,1,1,4),(4,1,1,1,1,1,1,1,1,1,1,4),(0.,0.0367117706380993,0.0734235412761986,
0.0917794265952482,0.110135311914298,0.128491197233348,0.146847082552397,
0.165202967871447,0.174380910530972,0.183558853190496,0.192736795850021,
0.201914738509546,0.220270623828596,0.238626509147645,0.256982394466695,
0.275338279785745,0.293694165104794,0.312050050423844,0.330405935742894,
0.348761821061943,0.367117706380993,0.385473591700043,0.403829477019092,
0.422185362338142,0.440541247657191,0.458897132976241,0.468075075635766,
0.477253018295291,0.486430960954816,0.495608903614341,0.51396478893339,
0.53232067425244,0.550676559571489,0.569032444890539,0.587388330209589),
(0.,0.107921345455321,0.258136734961749,0.410727947456465,0.454206951290729,
0.518676628323234,0.648139253091608,0.64815806993388,0.713793184709056,
0.804534732095057,0.893554213772569,1.),.UNSPECIFIED.);
#145=ADVANCED_FACE('',(#16),#139,.F.);
#146=ADVANCED_FACE('',(#17),#140,.F.);
#147=ADVANCED_FACE('',(#18),#141,.F.);
#148=ADVANCED_FACE('',(#19),#142,.F.);
#149=ADVANCED_FACE('',(#20),#15,.F.);
#150=ADVANCED_FACE('',(#21),#143,.T.);
#151=ADVANCED_FACE('',(#22),#144,.F.);
#152=CLOSED_SHELL('',(#145,#146,#147,#148,#149,#150,#151));
#153=DERIVED_UNIT_ELEMENT(#155,1.);
#154=DERIVED_UNIT_ELEMENT(#2420,-3.);
#155=(
MASS_UNIT()
NAMED_UNIT(*)
SI_UNIT(.KILO.,.GRAM.)
);
#156=DERIVED_UNIT((#153,#154));
#157=MEASURE_REPRESENTATION_ITEM('density measure',
POSITIVE_RATIO_MEASURE(7850.),#156);
#158=PROPERTY_DEFINITION_REPRESENTATION(#163,#160);
#159=PROPERTY_DEFINITION_REPRESENTATION(#164,#161);
#160=REPRESENTATION('material name',(#162),#2417);
#161=REPRESENTATION('density',(#157),#2417);
#162=DESCRIPTIVE_REPRESENTATION_ITEM('\X2\94A2\X0\','\X2\94A2\X0\');
#163=PROPERTY_DEFINITION('material property','material name',#2427);
#164=PROPERTY_DEFINITION('material property','density of part',#2427);
#165=AXIS2_PLACEMENT_3D('',#175,#167,#168);
#166=AXIS2_PLACEMENT_3D('',#1303,#173,#174);
#167=DIRECTION('axis',(0.,0.,1.));
#168=DIRECTION('refdir',(1.,0.,0.));
#169=DIRECTION('',(0.,-0.683430331597669,0.730015740825018));
#170=DIRECTION('',(1.00726549820949E-15,0.525877856327371,0.850560097949891));
#171=DIRECTION('',(7.76038166223945E-16,0.486390935689269,0.873741299057861));
#172=DIRECTION('',(0.,-0.533447229912967,0.845833348182833));
#173=DIRECTION('center_axis',(0.,0.,1.));
#174=DIRECTION('ref_axis',(1.,0.,0.));
#175=CARTESIAN_POINT('',(0.,0.,0.));
#176=CARTESIAN_POINT('Ctrl Pts',(223.,143.921452704467,14.0721923227065));
#177=CARTESIAN_POINT('Ctrl Pts',(223.,134.559595235129,24.0721923227065));
#178=CARTESIAN_POINT('Ctrl Pts',(223.,125.197737765792,34.0721923227065));
#179=CARTESIAN_POINT('Ctrl Pts',(223.,115.835880296454,44.0721923227065));
#180=CARTESIAN_POINT('Ctrl Pts',(223.100892002204,143.828481515949,14.0721923227065));
#181=CARTESIAN_POINT('Ctrl Pts',(223.067480794665,134.497333877409,24.0721923227065));
#182=CARTESIAN_POINT('Ctrl Pts',(223.033411207539,125.167027934994,34.0721923227065));
#183=CARTESIAN_POINT('Ctrl Pts',(223.,115.835880296454,44.0721923227065));
#184=CARTESIAN_POINT('Ctrl Pts',(223.20132530264,143.735495592425,14.0721923227065));
#185=CARTESIAN_POINT('Ctrl Pts',(223.134006070164,134.435893584324,24.0721923227065));
#186=CARTESIAN_POINT('Ctrl Pts',(223.067319232477,125.135482304555,34.0721923227065));
#187=CARTESIAN_POINT('Ctrl Pts',(223.,115.835880296454,44.0721923227065));
#188=CARTESIAN_POINT('Ctrl Pts',(225.326974069664,141.761191779268,14.0721923227065));
#189=CARTESIAN_POINT('Ctrl Pts',(224.553367802429,133.116764156172,24.0721923227065));
#190=CARTESIAN_POINT('Ctrl Pts',(223.773606267235,124.48030791955,34.0721923227065));
#191=CARTESIAN_POINT('Ctrl Pts',(223.,115.835880296454,44.0721923227065));
#192=CARTESIAN_POINT('Ctrl Pts',(227.13746324747,139.903599671767,14.0721923227065));
#193=CARTESIAN_POINT('Ctrl Pts',(225.758364946334,131.880870306235,24.0721923227065));
#194=CARTESIAN_POINT('Ctrl Pts',(224.379098301136,123.858609661986,34.0721923227064));
#195=CARTESIAN_POINT('Ctrl Pts',(223.,115.835880296454,44.0721923227065));
#196=CARTESIAN_POINT('Ctrl Pts',(230.22775965671,136.368528530101,14.0721923227065));
#197=CARTESIAN_POINT('Ctrl Pts',(227.81904865836,129.523692188447,24.0721923227065));
#198=CARTESIAN_POINT('Ctrl Pts',(225.408710998349,122.680716638108,34.0721923227065));
#199=CARTESIAN_POINT('Ctrl Pts',(223.,115.835880296454,44.0721923227065));
#200=CARTESIAN_POINT('Ctrl Pts',(231.448494943311,134.743134527393,14.0721923227065));
#201=CARTESIAN_POINT('Ctrl Pts',(228.632877041601,128.440038325315,24.0721923227065));
#202=CARTESIAN_POINT('Ctrl Pts',(225.81561790171,122.138976498533,34.0721923227064));
#203=CARTESIAN_POINT('Ctrl Pts',(223.,115.835880296454,44.0721923227065));
#204=CARTESIAN_POINT('Ctrl Pts',(232.93768179103,132.482956568631,14.0721923227065));
#205=CARTESIAN_POINT('Ctrl Pts',(229.625313003367,126.933646130115,24.0721923227065));
#206=CARTESIAN_POINT('Ctrl Pts',(226.312368787662,121.38519073497,34.0721923227065));
#207=CARTESIAN_POINT('Ctrl Pts',(223.,115.835880296454,44.0721923227065));
#208=CARTESIAN_POINT('Ctrl Pts',(233.381819961715,131.741550587606,14.0721923227065));
#209=CARTESIAN_POINT('Ctrl Pts',(229.921681445143,126.439085843886,24.0721923227065));
#210=CARTESIAN_POINT('Ctrl Pts',(226.460138516571,121.138345040174,34.0721923227065));
#211=CARTESIAN_POINT('Ctrl Pts',(223.,115.835880296454,44.0721923227065));
#212=CARTESIAN_POINT('Ctrl Pts',(234.171063402599,130.303377912607,14.0721923227065));
#213=CARTESIAN_POINT('Ctrl Pts',(230.447525581075,125.48061344176,24.0721923227065));
#214=CARTESIAN_POINT('Ctrl Pts',(226.723537821524,120.658644767301,34.0721923227065));
#215=CARTESIAN_POINT('Ctrl Pts',(223.,115.835880296454,44.0721923227065));
#216=CARTESIAN_POINT('Ctrl Pts',(234.516641909844,129.598767108561,14.0721923227065));
#217=CARTESIAN_POINT('Ctrl Pts',(230.678158014615,125.010726724545,24.0721923227065));
#218=CARTESIAN_POINT('Ctrl Pts',(226.838483895229,120.42392068047,34.0721923227064));
#219=CARTESIAN_POINT('Ctrl Pts',(223.,115.835880296454,44.0721923227065));
#220=CARTESIAN_POINT('Ctrl Pts',(235.452658084446,127.473174630022,14.0721923227065));
#221=CARTESIAN_POINT('Ctrl Pts',(231.301743631452,123.593745221393,24.0721923227065));
#222=CARTESIAN_POINT('Ctrl Pts',(227.150914452994,119.715309705083,34.0721923227065));
#223=CARTESIAN_POINT('Ctrl Pts',(223.,115.835880296454,44.0721923227065));
#224=CARTESIAN_POINT('Ctrl Pts',(235.981213559237,125.899572210741,14.0721923227065));
#225=CARTESIAN_POINT('Ctrl Pts',(231.654060879648,122.544793984324,24.0721923227065));
#226=CARTESIAN_POINT('Ctrl Pts',(227.327152679588,119.190658522871,34.0721923227065));
#227=CARTESIAN_POINT('Ctrl Pts',(223.,115.835880296454,44.0721923227065));
#228=CARTESIAN_POINT('Ctrl Pts',(236.550454316034,123.54905342221,14.0721923227065));
#229=CARTESIAN_POINT('Ctrl Pts',(232.033836204064,120.977674306367,24.0721923227065));
#230=CARTESIAN_POINT('Ctrl Pts',(227.516618111971,118.407259412297,34.0721923227065));
#231=CARTESIAN_POINT('Ctrl Pts',(223.,115.835880296454,44.0721923227065));
#232=CARTESIAN_POINT('Ctrl Pts',(236.704639978239,122.756872340348,14.0721923227065));
#233=CARTESIAN_POINT('Ctrl Pts',(232.136443393664,120.449593407851,24.0721923227065));
#234=CARTESIAN_POINT('Ctrl Pts',(227.568196584574,118.143159228951,34.0721923227065));
#235=CARTESIAN_POINT('Ctrl Pts',(223.,115.835880296454,44.0721923227065));
#236=CARTESIAN_POINT('Ctrl Pts',(236.937526371146,121.201874478099,14.0721923227065));
#237=CARTESIAN_POINT('Ctrl Pts',(232.291808290932,119.41295563172,24.0721923227065));
#238=CARTESIAN_POINT('Ctrl Pts',(227.645718080215,117.624799142834,34.0721923227065));
#239=CARTESIAN_POINT('Ctrl Pts',(223.,115.835880296454,44.0721923227065));
#240=CARTESIAN_POINT('Ctrl Pts',(237.014825787342,120.438721734979,14.0721923227065));
#241=CARTESIAN_POINT('Ctrl Pts',(232.343205758815,118.904096225545,24.0721923227065));
#242=CARTESIAN_POINT('Ctrl Pts',(227.671620028527,117.370505805888,34.0721923227065));
#243=CARTESIAN_POINT('Ctrl Pts',(223.,115.835880296454,44.0721923227065));
#244=CARTESIAN_POINT('Ctrl Pts',(237.099537758181,118.943818929864,14.0721923227065));
#245=CARTESIAN_POINT('Ctrl Pts',(232.399804474751,117.907669567855,24.0721923227065));
#246=CARTESIAN_POINT('Ctrl Pts',(227.699733283431,116.872029658463,34.0721923227065));
#247=CARTESIAN_POINT('Ctrl Pts',(223.,115.835880296454,44.0721923227065));
#248=CARTESIAN_POINT('Ctrl Pts',(237.100399375482,118.253789772374,14.0721923227065));
#249=CARTESIAN_POINT('Ctrl Pts',(232.400186438632,117.447342566514,24.0721923227065));
#250=CARTESIAN_POINT('Ctrl Pts',(227.70021293685,116.642327502314,34.0721923227065));
#251=CARTESIAN_POINT('Ctrl Pts',(223.,115.835880296454,44.0721923227065));
#252=CARTESIAN_POINT('Ctrl Pts',(237.048228877738,116.950486810234,14.0721923227065));
#253=CARTESIAN_POINT('Ctrl Pts',(232.365640198506,116.578961656141,24.0721923227065));
#254=CARTESIAN_POINT('Ctrl Pts',(227.682588679231,116.207405450547,34.0721923227065));
#255=CARTESIAN_POINT('Ctrl Pts',(223.,115.835880296454,44.0721923227065));
#256=CARTESIAN_POINT('Ctrl Pts',(236.987991577908,116.358082986718,14.0721923227065));
#257=CARTESIAN_POINT('Ctrl Pts',(232.325089797961,116.18318761976,24.0721923227065));
#258=CARTESIAN_POINT('Ctrl Pts',(227.662901779946,116.010775663412,34.0721923227065));
#259=CARTESIAN_POINT('Ctrl Pts',(223.,115.835880296454,44.0721923227065));
#260=CARTESIAN_POINT('Ctrl Pts',(236.828540210588,115.249577657219,14.0721923227065));
#261=CARTESIAN_POINT('Ctrl Pts',(232.219319744118,115.445440687976,24.0721923227065));
#262=CARTESIAN_POINT('Ctrl Pts',(227.60922046647,115.640017265698,34.0721923227065));
#263=CARTESIAN_POINT('Ctrl Pts',(223.,115.835880296454,44.0721923227065));
#264=CARTESIAN_POINT('Ctrl Pts',(236.728951890033,114.792966410134,14.0721923227065));
#265=CARTESIAN_POINT('Ctrl Pts',(232.152316504916,115.139497770303,24.0721923227065));
#266=CARTESIAN_POINT('Ctrl Pts',(227.576635385117,115.489348936285,34.0721923227065));
#267=CARTESIAN_POINT('Ctrl Pts',(223.,115.835880296454,44.0721923227065));
#268=CARTESIAN_POINT('Ctrl Pts',(236.503700797625,113.924468715578,14.0721923227065));
#269=CARTESIAN_POINT('Ctrl Pts',(232.002840181138,114.562404060056,24.0721923227065));
#270=CARTESIAN_POINT('Ctrl Pts',(227.500860616487,115.197944951977,34.0721923227065));
#271=CARTESIAN_POINT('Ctrl Pts',(223.,115.835880296454,44.0721923227065));
#272=CARTESIAN_POINT('Ctrl Pts',(236.36111926688,113.504549689089,14.0721923227065));
#273=CARTESIAN_POINT('Ctrl Pts',(231.907993294724,114.282840285331,24.0721923227065));
#274=CARTESIAN_POINT('Ctrl Pts',(227.453125972157,115.057589700213,34.0721923227065));
#275=CARTESIAN_POINT('Ctrl Pts',(223.,115.835880296454,44.0721923227065));
#276=CARTESIAN_POINT('Ctrl Pts',(236.02271425987,112.614125360575,14.0721923227065));
#277=CARTESIAN_POINT('Ctrl Pts',(231.681356735495,113.687080685156,24.0721923227065));
#278=CARTESIAN_POINT('Ctrl Pts',(227.341357524376,114.762924971873,34.0721923227065));
#279=CARTESIAN_POINT('Ctrl Pts',(223.,115.835880296454,44.0721923227065));
#280=CARTESIAN_POINT('Ctrl Pts',(235.78071368766,112.057046550049,14.0721923227065));
#281=CARTESIAN_POINT('Ctrl Pts',(231.521010501529,113.317941645353,24.0721923227065));
#282=CARTESIAN_POINT('Ctrl Pts',(227.259703186132,114.574985201151,34.0721923227065));
#283=CARTESIAN_POINT('Ctrl Pts',(223.,115.835880296454,44.0721923227065));
#284=CARTESIAN_POINT('Ctrl Pts',(235.176090248366,110.850162715479,14.0721923227065));
#285=CARTESIAN_POINT('Ctrl Pts',(231.117116925831,112.511431215805,24.0721923227065));
#286=CARTESIAN_POINT('Ctrl Pts',(227.058973322535,114.174611796128,34.0721923227065));
#287=CARTESIAN_POINT('Ctrl Pts',(223.,115.835880296454,44.0721923227065));
#288=CARTESIAN_POINT('Ctrl Pts',(234.810972596739,110.194131145874,14.0721923227065));
#289=CARTESIAN_POINT('Ctrl Pts',(230.874193939863,112.075223104272,24.0721923227065));
#290=CARTESIAN_POINT('Ctrl Pts',(226.936778656876,113.954788338056,34.0721923227065));
#291=CARTESIAN_POINT('Ctrl Pts',(223.,115.835880296454,44.0721923227065));
#292=CARTESIAN_POINT('Ctrl Pts',(233.948119607645,108.802286158364,14.0721923227065));
#293=CARTESIAN_POINT('Ctrl Pts',(230.298657828544,111.146626555329,24.0721923227065));
#294=CARTESIAN_POINT('Ctrl Pts',(226.649461779101,113.49153989949,34.0721923227065));
#295=CARTESIAN_POINT('Ctrl Pts',(223.,115.835880296454,44.0721923227065));
#296=CARTESIAN_POINT('Ctrl Pts',(233.449042809061,108.064846916228,14.0721923227065));
#297=CARTESIAN_POINT('Ctrl Pts',(229.966112227601,110.655377994034,24.0721923227065));
#298=CARTESIAN_POINT('Ctrl Pts',(226.482930581461,113.245349218648,34.0721923227065));
#299=CARTESIAN_POINT('Ctrl Pts',(223.,115.835880296454,44.0721923227065));
#300=CARTESIAN_POINT('Ctrl Pts',(232.317222591796,106.53209179473,14.0721923227065));
#301=CARTESIAN_POINT('Ctrl Pts',(229.211446257904,109.633304098395,24.0721923227065));
#302=CARTESIAN_POINT('Ctrl Pts',(226.105776333893,112.734667992789,34.0721923227065));
#303=CARTESIAN_POINT('Ctrl Pts',(223.,115.835880296454,44.0721923227065));
#304=CARTESIAN_POINT('Ctrl Pts',(231.680984327922,105.733370324037,14.0721923227065));
#305=CARTESIAN_POINT('Ctrl Pts',(228.787358253382,109.100955305561,24.0721923227065));
#306=CARTESIAN_POINT('Ctrl Pts',(225.89362607454,112.46829531493,34.0721923227065));
#307=CARTESIAN_POINT('Ctrl Pts',(223.,115.835880296454,44.0721923227065));
#308=CARTESIAN_POINT('Ctrl Pts',(230.28353224228,104.102282964937,14.0721923227065));
#309=CARTESIAN_POINT('Ctrl Pts',(227.855684652761,108.01347892746,24.0721923227065));
#310=CARTESIAN_POINT('Ctrl Pts',(225.427847589519,111.924684333931,34.0721923227065));
#311=CARTESIAN_POINT('Ctrl Pts',(223.,115.835880296454,44.0721923227065));
#312=CARTESIAN_POINT('Ctrl Pts',(229.525253112636,103.275329413448,14.0721923227065));
#313=CARTESIAN_POINT('Ctrl Pts',(227.350173931808,107.462206114106,24.0721923227065));
#314=CARTESIAN_POINT('Ctrl Pts',(225.175079180828,111.649003595796,34.0721923227065));
#315=CARTESIAN_POINT('Ctrl Pts',(223.,115.835880296454,44.0721923227065));
#316=CARTESIAN_POINT('Ctrl Pts',(227.910120263579,101.621154449793,14.0721923227065));
#317=CARTESIAN_POINT('Ctrl Pts',(226.273425629355,106.359414704253,24.0721923227065));
#318=CARTESIAN_POINT('Ctrl Pts',(224.636694634224,111.097620041995,34.0721923227065));
#319=CARTESIAN_POINT('Ctrl Pts',(223.,115.835880296454,44.0721923227065));
#320=CARTESIAN_POINT('Ctrl Pts',(227.039072775225,100.782938352519,14.0721923227065));
#321=CARTESIAN_POINT('Ctrl Pts',(225.692707949692,105.800599132435,24.0721923227065));
#322=CARTESIAN_POINT('Ctrl Pts',(224.346364825534,110.818219516539,34.0721923227065));
#323=CARTESIAN_POINT('Ctrl Pts',(223.,115.835880296454,44.0721923227065));
#324=CARTESIAN_POINT('Ctrl Pts',(225.022180867833,98.9448698733789,14.0721923227065));
#325=CARTESIAN_POINT('Ctrl Pts',(224.348142252933,104.575223589982,24.0721923227065));
#326=CARTESIAN_POINT('Ctrl Pts',(223.6740386149,110.205526579851,34.0721923227065));
#327=CARTESIAN_POINT('Ctrl Pts',(223.,115.835880296454,44.0721923227065));
#328=CARTESIAN_POINT('Ctrl Pts',(223.968775435056,98.0543559919036,14.0721923227065));
#329=CARTESIAN_POINT('Ctrl Pts',(223.645888370583,103.981649839401,24.0721923227065));
#330=CARTESIAN_POINT('Ctrl Pts',(223.322887064473,109.908586448956,34.0721923227065));
#331=CARTESIAN_POINT('Ctrl Pts',(223.,115.835880296454,44.0721923227065));
#332=CARTESIAN_POINT('Ctrl Pts',(223.,97.2877074773355,14.0721923227065));
#333=CARTESIAN_POINT('Ctrl Pts',(223.,103.470431750375,24.0721923227065));
#334=CARTESIAN_POINT('Ctrl Pts',(223.,109.653156023415,34.0721923227065));
#335=CARTESIAN_POINT('Ctrl Pts',(223.,115.835880296454,44.0721923227065));
#336=CARTESIAN_POINT('',(223.,143.921452704467,14.0721923227065));
#337=CARTESIAN_POINT('',(236.352534701978,124.36533070457,14.0721923227065));
#338=CARTESIAN_POINT('Ctrl Pts',(223.,143.921452704467,14.0721923227065));
#339=CARTESIAN_POINT('Ctrl Pts',(223.100892002204,143.828481515949,14.0721923227065));
#340=CARTESIAN_POINT('Ctrl Pts',(223.20132530264,143.735495592425,14.0721923227065));
#341=CARTESIAN_POINT('Ctrl Pts',(223.300889622048,143.643020194556,14.0721923227065));
#342=CARTESIAN_POINT('Ctrl Pts',(225.326974069664,141.761191779268,14.0721923227065));
#343=CARTESIAN_POINT('Ctrl Pts',(227.13746324747,139.903599671767,14.0721923227065));
#344=CARTESIAN_POINT('Ctrl Pts',(228.622917982228,138.204349027268,14.0721923227065));
#345=CARTESIAN_POINT('Ctrl Pts',(230.22775965671,136.368528530101,14.0721923227065));
#346=CARTESIAN_POINT('Ctrl Pts',(231.448494943311,134.743134527393,14.0721923227065));
#347=CARTESIAN_POINT('Ctrl Pts',(232.415768276934,133.275078405287,14.0721923227065));
#348=CARTESIAN_POINT('Ctrl Pts',(232.93768179103,132.482956568631,14.0721923227065));
#349=CARTESIAN_POINT('Ctrl Pts',(233.381819961715,131.741550587606,14.0721923227065));
#350=CARTESIAN_POINT('Ctrl Pts',(233.767194638636,131.039314368369,14.0721923227065));
#351=CARTESIAN_POINT('Ctrl Pts',(234.171063402599,130.303377912607,14.0721923227065));
#352=CARTESIAN_POINT('Ctrl Pts',(234.516641909844,129.598767108561,14.0721923227065));
#353=CARTESIAN_POINT('Ctrl Pts',(234.819844082922,128.910227448607,14.0721923227065));
#354=CARTESIAN_POINT('Ctrl Pts',(235.450598157455,127.477852503586,14.0721923227065));
#355=CARTESIAN_POINT('Ctrl Pts',(235.977771362205,125.90981549953,14.0721923227065));
#356=CARTESIAN_POINT('Ctrl Pts',(236.352990122122,124.364406635248,14.0721923227065));
#357=CARTESIAN_POINT('',(223.,115.835880296454,44.0721923227065));
#358=CARTESIAN_POINT('',(223.,143.921452704467,14.0721923227065));
#359=CARTESIAN_POINT('',(223.,97.2877074773355,14.0721923227065));
#360=CARTESIAN_POINT('',(223.,97.2877074773354,14.0721923227065));
#361=CARTESIAN_POINT('',(226.878154626588,100.646449955974,14.0721923227065));
#362=CARTESIAN_POINT('Ctrl Pts',(226.878168223846,100.646510621899,14.0721923227065));
#363=CARTESIAN_POINT('Ctrl Pts',(226.635405913909,100.418438266829,14.0721923227065));
#364=CARTESIAN_POINT('Ctrl Pts',(226.390228465229,100.19162244228,14.0721923227065));
#365=CARTESIAN_POINT('Ctrl Pts',(226.1431599937,99.9664597709233,14.0721923227065));
#366=CARTESIAN_POINT('Ctrl Pts',(225.022180867833,98.9448698733789,14.0721923227065));
#367=CARTESIAN_POINT('Ctrl Pts',(223.968775435056,98.0543559919036,14.0721923227065));
#368=CARTESIAN_POINT('Ctrl Pts',(223.,97.2877074773355,14.0721923227065));
#369=CARTESIAN_POINT('Ctrl Pts',(236.352990122122,124.364406635248,14.0721923227065));
#370=CARTESIAN_POINT('Ctrl Pts',(236.354215517695,124.359359613659,14.0721923227065));
#371=CARTESIAN_POINT('Ctrl Pts',(236.35543929259,124.354312833412,14.0721923227065));
#372=CARTESIAN_POINT('Ctrl Pts',(236.356661445122,124.349266300019,14.0721923227065));
#373=CARTESIAN_POINT('Ctrl Pts',(236.550454316034,123.54905342221,14.0721923227065));
#374=CARTESIAN_POINT('Ctrl Pts',(236.704639978239,122.756872340348,14.0721923227065));
#375=CARTESIAN_POINT('Ctrl Pts',(236.819810335574,121.987872240279,14.0721923227065));
#376=CARTESIAN_POINT('Ctrl Pts',(236.937526371146,121.201874478099,14.0721923227065));
#377=CARTESIAN_POINT('Ctrl Pts',(237.014825787342,120.438721734979,14.0721923227065));
#378=CARTESIAN_POINT('Ctrl Pts',(237.055743609543,119.716649440099,14.0721923227065));
#379=CARTESIAN_POINT('Ctrl Pts',(237.099537758181,118.943818929864,14.0721923227065));
#380=CARTESIAN_POINT('Ctrl Pts',(237.100399375482,118.253789772374,14.0721923227065));
#381=CARTESIAN_POINT('Ctrl Pts',(237.076028570257,117.644967851693,14.0721923227065));
#382=CARTESIAN_POINT('Ctrl Pts',(237.048228877738,116.950486810234,14.0721923227065));
#383=CARTESIAN_POINT('Ctrl Pts',(236.987991577908,116.358082986718,14.0721923227065));
#384=CARTESIAN_POINT('Ctrl Pts',(236.915753077343,115.855881191796,14.0721923227065));
#385=CARTESIAN_POINT('Ctrl Pts',(236.828540210588,115.249577657219,14.0721923227065));
#386=CARTESIAN_POINT('Ctrl Pts',(236.728951890033,114.792966410134,14.0721923227065));
#387=CARTESIAN_POINT('Ctrl Pts',(236.635665383868,114.433282846913,14.0721923227065));
#388=CARTESIAN_POINT('Ctrl Pts',(236.503700797625,113.924468715578,14.0721923227065));
#389=CARTESIAN_POINT('Ctrl Pts',(236.36111926688,113.504549689089,14.0721923227065));
#390=CARTESIAN_POINT('Ctrl Pts',(236.205513187626,113.09511296161,14.0721923227065));
#391=CARTESIAN_POINT('Ctrl Pts',(236.02271425987,112.614125360575,14.0721923227065));
#392=CARTESIAN_POINT('Ctrl Pts',(235.78071368766,112.057046550049,14.0721923227065));
#393=CARTESIAN_POINT('Ctrl Pts',(235.479079350594,111.454956750519,14.0721923227065));
#394=CARTESIAN_POINT('Ctrl Pts',(235.176090248366,110.850162715479,14.0721923227065));
#395=CARTESIAN_POINT('Ctrl Pts',(234.810972596739,110.194131145874,14.0721923227065));
#396=CARTESIAN_POINT('Ctrl Pts',(234.380657106785,109.500000783796,14.0721923227065));
#397=CARTESIAN_POINT('Ctrl Pts',(233.948119607645,108.802286158364,14.0721923227065));
#398=CARTESIAN_POINT('Ctrl Pts',(233.449042809061,108.064846916228,14.0721923227065));
#399=CARTESIAN_POINT('Ctrl Pts',(232.885287509015,107.301387481384,14.0721923227065));
#400=CARTESIAN_POINT('Ctrl Pts',(232.317222591796,106.53209179473,14.0721923227065));
#401=CARTESIAN_POINT('Ctrl Pts',(231.680984327922,105.733370324037,14.0721923227065));
#402=CARTESIAN_POINT('Ctrl Pts',(230.988948919505,104.925635863359,14.0721923227065));
#403=CARTESIAN_POINT('Ctrl Pts',(230.28353224228,104.102282964937,14.0721923227065));
#404=CARTESIAN_POINT('Ctrl Pts',(229.525253112636,103.275329413448,14.0721923227065));
#405=CARTESIAN_POINT('Ctrl Pts',(228.731312096985,102.462196703359,14.0721923227065));
#406=CARTESIAN_POINT('Ctrl Pts',(228.136582722085,101.853091116357,14.0721923227065));
#407=CARTESIAN_POINT('Ctrl Pts',(227.515703812705,101.245467862132,14.0721923227065));
#408=CARTESIAN_POINT('Ctrl Pts',(226.878168223846,100.646510621899,14.0721923227065));
#409=CARTESIAN_POINT('Ctrl Pts',(223.,97.2877074773354,14.0721923227065));
#410=CARTESIAN_POINT('Ctrl Pts',(223.,103.470431750375,24.0721923227065));
#411=CARTESIAN_POINT('Ctrl Pts',(223.,109.653156023415,34.0721923227065));
#412=CARTESIAN_POINT('Ctrl Pts',(223.,115.835880296454,44.0721923227065));
#413=CARTESIAN_POINT('Ctrl Pts',(221.983399750856,98.0922025571176,14.0721923227065));
#414=CARTESIAN_POINT('Ctrl Pts',(222.322254533346,104.00680327732,24.0721923227065));
#415=CARTESIAN_POINT('Ctrl Pts',(222.66114521751,109.921279576251,34.0721923227065));
#416=CARTESIAN_POINT('Ctrl Pts',(223.,115.835880296454,44.0721923227065));
#417=CARTESIAN_POINT('Ctrl Pts',(220.93474990439,98.984146757838,14.0721923227065));
#418=CARTESIAN_POINT('Ctrl Pts',(221.623152863917,104.601397407863,24.0721923227065));
#419=CARTESIAN_POINT('Ctrl Pts',(222.311597040472,110.218629646429,34.0721923227065));
#420=CARTESIAN_POINT('Ctrl Pts',(223.,115.835880296454,44.0721923227065));
#421=CARTESIAN_POINT('Ctrl Pts',(218.940560225446,100.801492216399,14.0721923227065));
#422=CARTESIAN_POINT('Ctrl Pts',(220.293714093201,105.812959908786,24.0721923227065));
#423=CARTESIAN_POINT('Ctrl Pts',(221.646846132244,110.824412604067,34.0721923227065));
#424=CARTESIAN_POINT('Ctrl Pts',(223.,115.835880296454,44.0721923227065));
#425=CARTESIAN_POINT('Ctrl Pts',(218.073952626572,101.637466403936,14.0721923227065));
#426=CARTESIAN_POINT('Ctrl Pts',(219.715959030575,106.370281384066,24.0721923227065));
#427=CARTESIAN_POINT('Ctrl Pts',(221.357993595997,111.103065316324,34.0721923227065));
#428=CARTESIAN_POINT('Ctrl Pts',(223.,115.835880296454,44.0721923227065));
#429=CARTESIAN_POINT('Ctrl Pts',(216.463468280816,103.286874279738,14.0721923227065));
#430=CARTESIAN_POINT('Ctrl Pts',(218.642317537819,107.469875297533,24.0721923227065));
#431=CARTESIAN_POINT('Ctrl Pts',(220.821150742997,111.652879278658,34.0721923227064));
#432=CARTESIAN_POINT('Ctrl Pts',(223.,115.835880296454,44.0721923227064));
#433=CARTESIAN_POINT('Ctrl Pts',(215.708219279185,104.111894768736,14.0721923227065));
#434=CARTESIAN_POINT('Ctrl Pts',(218.138803613743,108.019900041839,24.0721923227065));
#435=CARTESIAN_POINT('Ctrl Pts',(220.569415665442,111.927875023351,34.0721923227064));
#436=CARTESIAN_POINT('Ctrl Pts',(223.,115.835880296454,44.0721923227064));
#437=CARTESIAN_POINT('Ctrl Pts',(214.31395270397,105.739257657734,14.0721923227065));
#438=CARTESIAN_POINT('Ctrl Pts',(217.209308374212,109.1047940609,24.0721923227065));
#439=CARTESIAN_POINT('Ctrl Pts',(220.104644329758,112.470343893288,34.0721923227064));
#440=CARTESIAN_POINT('Ctrl Pts',(223.,115.835880296454,44.0721923227064));
#441=CARTESIAN_POINT('Ctrl Pts',(213.680162207484,106.535613933539,14.0721923227065));
#442=CARTESIAN_POINT('Ctrl Pts',(216.786768126333,109.635715303463,24.0721923227065));
#443=CARTESIAN_POINT('Ctrl Pts',(219.893394081151,112.73577892653,34.0721923227064));
#444=CARTESIAN_POINT('Ctrl Pts',(223.,115.835880296454,44.0721923227064));
#445=CARTESIAN_POINT('Ctrl Pts',(212.549385982864,108.066890155724,14.0721923227065));
#446=CARTESIAN_POINT('Ctrl Pts',(216.032928705098,110.656542231689,24.0721923227065));
#447=CARTESIAN_POINT('Ctrl Pts',(219.516457277766,113.246228220488,34.0721923227064));
#448=CARTESIAN_POINT('Ctrl Pts',(223.,115.835880296454,44.0721923227064));
#449=CARTESIAN_POINT('Ctrl Pts',(212.050811080169,108.803913343216,14.0721923227065));
#450=CARTESIAN_POINT('Ctrl Pts',(215.700537699592,111.14791631611,24.0721923227064));
#451=CARTESIAN_POINT('Ctrl Pts',(219.350273380577,113.491877323559,34.0721923227065));
#452=CARTESIAN_POINT('Ctrl Pts',(223.,115.835880296454,44.0721923227064));
#453=CARTESIAN_POINT('Ctrl Pts',(211.188040790684,110.1956456829,14.0721923227065));
#454=CARTESIAN_POINT('Ctrl Pts',(215.12536131255,112.075706384298,24.0721923227065));
#455=CARTESIAN_POINT('Ctrl Pts',(219.062679478134,113.955819595056,34.0721923227064));
#456=CARTESIAN_POINT('Ctrl Pts',(223.,115.835880296454,44.0721923227064));
#457=CARTESIAN_POINT('Ctrl Pts',(210.823557883285,110.850629764683,14.0721923227065));
#458=CARTESIAN_POINT('Ctrl Pts',(214.882374631349,112.512389392959,24.0721923227065));
#459=CARTESIAN_POINT('Ctrl Pts',(218.941183251936,114.174120668178,34.0721923227065));
#460=CARTESIAN_POINT('Ctrl Pts',(223.,115.835880296454,44.0721923227064));
#461=CARTESIAN_POINT('Ctrl Pts',(210.218344878868,112.05907444081,14.0721923227065));
#462=CARTESIAN_POINT('Ctrl Pts',(214.478889972603,113.317993062438,24.0721923227065));
#463=CARTESIAN_POINT('Ctrl Pts',(218.739454906265,114.576961674827,34.0721923227064));
#464=CARTESIAN_POINT('Ctrl Pts',(223.,115.835880296454,44.0721923227064));
#465=CARTESIAN_POINT('Ctrl Pts',(209.979612714683,112.608034207125,14.0721923227065));
#466=CARTESIAN_POINT('Ctrl Pts',(214.319750783116,113.683967500883,24.0721923227065));
#467=CARTESIAN_POINT('Ctrl Pts',(218.659861931567,114.759947002697,34.0721923227065));
#468=CARTESIAN_POINT('Ctrl Pts',(223.,115.835880296454,44.0721923227064));
#469=CARTESIAN_POINT('Ctrl Pts',(209.606921119496,113.588449901853,14.0721923227065));
#470=CARTESIAN_POINT('Ctrl Pts',(214.071265431043,114.337602296443,24.0721923227065));
#471=CARTESIAN_POINT('Ctrl Pts',(218.535655688453,115.086727901865,34.0721923227064));
#472=CARTESIAN_POINT('Ctrl Pts',(223.,115.835880296454,44.0721923227064));
#473=CARTESIAN_POINT('Ctrl Pts',(209.4678338053,114.03231016342,14.0721923227065));
#474=CARTESIAN_POINT('Ctrl Pts',(213.978552787512,114.633444904819,24.0721923227065));
#475=CARTESIAN_POINT('Ctrl Pts',(218.489281017788,115.234745555055,34.0721923227064));
#476=CARTESIAN_POINT('Ctrl Pts',(223.,115.835880296454,44.0721923227064));
#477=CARTESIAN_POINT('Ctrl Pts',(209.259585438804,114.838705500302,14.0721923227065));
#478=CARTESIAN_POINT('Ctrl Pts',(213.839718000385,115.171150554265,24.0721923227065));
#479=CARTESIAN_POINT('Ctrl Pts',(218.419867438419,115.503435242492,34.0721923227064));
#480=CARTESIAN_POINT('Ctrl Pts',(223.,115.835880296454,44.0721923227065));
#481=CARTESIAN_POINT('Ctrl Pts',(209.161804901112,115.314403189704,14.0721923227065));
#482=CARTESIAN_POINT('Ctrl Pts',(213.774525819095,115.488221826454,24.0721923227065));
#483=CARTESIAN_POINT('Ctrl Pts',(218.387279082017,115.662061659704,34.0721923227065));
#484=CARTESIAN_POINT('Ctrl Pts',(223.,115.835880296454,44.0721923227064));
#485=CARTESIAN_POINT('Ctrl Pts',(209.006123780255,116.399929403952,14.0721923227065));
#486=CARTESIAN_POINT('Ctrl Pts',(213.670748986542,116.211922908765,24.0721923227065));
#487=CARTESIAN_POINT('Ctrl Pts',(218.335374793713,116.023886791641,34.0721923227065));
#488=CARTESIAN_POINT('Ctrl Pts',(223.,115.835880296454,44.0721923227065));
#489=CARTESIAN_POINT('Ctrl Pts',(208.949710619568,116.999954178979,14.0721923227065));
#490=CARTESIAN_POINT('Ctrl Pts',(213.633126708548,116.611937576657,24.0721923227065));
#491=CARTESIAN_POINT('Ctrl Pts',(218.31658391102,116.223896898776,34.0721923227065));
#492=CARTESIAN_POINT('Ctrl Pts',(223.,115.835880296454,44.0721923227065));
#493=CARTESIAN_POINT('Ctrl Pts',(208.898135135071,118.29187354463,14.0721923227065));
#494=CARTESIAN_POINT('Ctrl Pts',(213.598758523425,117.47320446037,24.0721923227065));
#495=CARTESIAN_POINT('Ctrl Pts',(218.299376611646,116.654549380715,34.0721923227065));
#496=CARTESIAN_POINT('Ctrl Pts',(223.,115.835880296454,44.0721923227065));
#497=CARTESIAN_POINT('Ctrl Pts',(208.902885695297,118.987170315978,14.0721923227065));
#498=CARTESIAN_POINT('Ctrl Pts',(213.601902458615,117.936751988495,24.0721923227065));
#499=CARTESIAN_POINT('Ctrl Pts',(218.300983236682,116.886298623937,34.0721923227065));
#500=CARTESIAN_POINT('Ctrl Pts',(223.,115.835880296454,44.0721923227065));
#501=CARTESIAN_POINT('Ctrl Pts',(208.985792587238,120.447861369579,14.0721923227065));
#502=CARTESIAN_POINT('Ctrl Pts',(213.657205915757,118.910522144169,24.0721923227065));
#503=CARTESIAN_POINT('Ctrl Pts',(218.328586671481,117.373219521863,34.0721923227065));
#504=CARTESIAN_POINT('Ctrl Pts',(223.,115.835880296454,44.0721923227065));
#505=CARTESIAN_POINT('Ctrl Pts',(209.063945930739,121.211487454517,14.0721923227065));
#506=CARTESIAN_POINT('Ctrl Pts',(213.709254511681,119.41962954354,24.0721923227065));
#507=CARTESIAN_POINT('Ctrl Pts',(218.354691419059,117.627738207431,34.0721923227065));
#508=CARTESIAN_POINT('Ctrl Pts',(223.,115.835880296454,44.0721923227065));
#509=CARTESIAN_POINT('Ctrl Pts',(209.296824228274,122.765961346633,14.0721923227065));
#510=CARTESIAN_POINT('Ctrl Pts',(213.864589794159,120.455916642074,24.0721923227065));
#511=CARTESIAN_POINT('Ctrl Pts',(218.432234434115,118.145925001014,34.0721923227065));
#512=CARTESIAN_POINT('Ctrl Pts',(223.,115.835880296454,44.0721923227065));
#513=CARTESIAN_POINT('Ctrl Pts',(209.451794582506,123.558121873514,14.0721923227065));
#514=CARTESIAN_POINT('Ctrl Pts',(213.967760907495,120.984057168288,24.0721923227065));
#515=CARTESIAN_POINT('Ctrl Pts',(218.484033675012,118.40994500168,34.0721923227065));
#516=CARTESIAN_POINT('Ctrl Pts',(223.,115.835880296454,44.0721923227065));
#517=CARTESIAN_POINT('Ctrl Pts',(210.027372701705,125.934339594486,14.0721923227065));
#518=CARTESIAN_POINT('Ctrl Pts',(214.351781469265,122.568140555156,24.0721923227065));
#519=CARTESIAN_POINT('Ctrl Pts',(218.67559123244,119.202079335785,34.0721923227065));
#520=CARTESIAN_POINT('Ctrl Pts',(223.,115.835880296454,44.0721923227065));
#521=CARTESIAN_POINT('Ctrl Pts',(210.562472919707,127.507229048273,14.0721923227065));
#522=CARTESIAN_POINT('Ctrl Pts',(214.708502648301,123.616691620696,24.0721923227065));
#523=CARTESIAN_POINT('Ctrl Pts',(218.853970271407,119.726417724031,34.0721923227065));
#524=CARTESIAN_POINT('Ctrl Pts',(223.,115.835880296454,44.0721923227065));
#525=CARTESIAN_POINT('Ctrl Pts',(211.490203543914,129.613735700577,14.0721923227065));
#526=CARTESIAN_POINT('Ctrl Pts',(215.326706779165,125.021150961799,24.0721923227065));
#527=CARTESIAN_POINT('Ctrl Pts',(219.163496764749,120.428465035232,34.0721923227065));
#528=CARTESIAN_POINT('Ctrl Pts',(223.,115.835880296454,44.0721923227065));
#529=CARTESIAN_POINT('Ctrl Pts',(211.838932531862,130.321305623207,14.0721923227065));
#530=CARTESIAN_POINT('Ctrl Pts',(215.559286029404,125.49278267553,24.0721923227065));
#531=CARTESIAN_POINT('Ctrl Pts',(219.279646502458,120.664403244131,34.0721923227065));
#532=CARTESIAN_POINT('Ctrl Pts',(223.,115.835880296454,44.0721923227065));
#533=CARTESIAN_POINT('Ctrl Pts',(212.628371375724,131.759807093752,14.0721923227065));
#534=CARTESIAN_POINT('Ctrl Pts',(216.085589978371,126.451870892617,24.0721923227065));
#535=CARTESIAN_POINT('Ctrl Pts',(219.542781397353,121.143816497589,34.0721923227065));
#536=CARTESIAN_POINT('Ctrl Pts',(223.,115.835880296454,44.0721923227065));
#537=CARTESIAN_POINT('Ctrl Pts',(213.076380140055,132.503956094201,14.0721923227065));
#538=CARTESIAN_POINT('Ctrl Pts',(216.384154054985,126.947855647075,24.0721923227065));
#539=CARTESIAN_POINT('Ctrl Pts',(219.69222608507,121.391980743581,34.0721923227065));
#540=CARTESIAN_POINT('Ctrl Pts',(223.,115.835880296454,44.0721923227065));
#541=CARTESIAN_POINT('Ctrl Pts',(214.602362687387,134.820943828599,14.0721923227065));
#542=CARTESIAN_POINT('Ctrl Pts',(217.401777558934,128.49273211825,24.0721923227065));
#543=CARTESIAN_POINT('Ctrl Pts',(220.200585128453,122.164092006803,34.0721923227065));
#544=CARTESIAN_POINT('Ctrl Pts',(223.,115.835880296454,44.0721923227065));
#545=CARTESIAN_POINT('Ctrl Pts',(215.858661051257,136.46843769208,14.0721923227065));
#546=CARTESIAN_POINT('Ctrl Pts',(218.239170036166,129.590977962108,24.0721923227065));
#547=CARTESIAN_POINT('Ctrl Pts',(220.619491015091,122.713340026426,34.0721923227065));
#548=CARTESIAN_POINT('Ctrl Pts',(223.,115.835880296454,44.0721923227065));
#549=CARTESIAN_POINT('Ctrl Pts',(218.89559673089,139.940459289314,14.0721923227065));
#550=CARTESIAN_POINT('Ctrl Pts',(220.263699058727,131.905549049364,24.0721923227065));
#551=CARTESIAN_POINT('Ctrl Pts',(221.631897672163,123.870790536404,34.0721923227065));
#552=CARTESIAN_POINT('Ctrl Pts',(223.,115.835880296454,44.0721923227065));
#553=CARTESIAN_POINT('Ctrl Pts',(220.676481390266,141.763341409525,14.0721923227065));
#554=CARTESIAN_POINT('Ctrl Pts',(221.45126755956,133.120892190353,24.0721923227064));
#555=CARTESIAN_POINT('Ctrl Pts',(222.225213830706,124.478329515626,34.0721923227064));
#556=CARTESIAN_POINT('Ctrl Pts',(223.,115.835880296454,44.0721923227063));
#557=CARTESIAN_POINT('Ctrl Pts',(222.798798267147,143.73564470501,14.0721923227065));
#558=CARTESIAN_POINT('Ctrl Pts',(222.865844164642,134.435719026116,24.0721923227065));
#559=CARTESIAN_POINT('Ctrl Pts',(222.932954102505,125.135805975349,34.0721923227065));
#560=CARTESIAN_POINT('Ctrl Pts',(223.,115.835880296454,44.0721923227065));
#561=CARTESIAN_POINT('Ctrl Pts',(222.899108262884,143.828481760226,14.0721923227065));
#562=CARTESIAN_POINT('Ctrl Pts',(222.932759116881,134.497618577309,24.0721923227065));
#563=CARTESIAN_POINT('Ctrl Pts',(222.966349146004,125.166743479371,34.0721923227065));
#564=CARTESIAN_POINT('Ctrl Pts',(223.,115.835880296454,44.0721923227065));
#565=CARTESIAN_POINT('Ctrl Pts',(223.,143.921452704467,14.0721923227065));
#566=CARTESIAN_POINT('Ctrl Pts',(223.,134.559595235129,24.0721923227065));
#567=CARTESIAN_POINT('Ctrl Pts',(223.,125.197737765792,34.0721923227065));
#568=CARTESIAN_POINT('Ctrl Pts',(223.,115.835880296454,44.0721923227065));
#569=CARTESIAN_POINT('',(219.5110424283,100.283825947192,14.0721923227065));
#570=CARTESIAN_POINT('Ctrl Pts',(223.,97.2877074773354,14.0721923227065));
#571=CARTESIAN_POINT('Ctrl Pts',(221.983399750856,98.0922025571176,14.0721923227065));
#572=CARTESIAN_POINT('Ctrl Pts',(220.93474990439,98.984146757838,14.0721923227065));
#573=CARTESIAN_POINT('Ctrl Pts',(219.856845067895,99.9664632746909,14.0721923227065));
#574=CARTESIAN_POINT('Ctrl Pts',(219.740767669,100.072246960141,14.0721923227065));
#575=CARTESIAN_POINT('Ctrl Pts',(219.625487515135,100.178045815364,14.0721923227065));
#576=CARTESIAN_POINT('Ctrl Pts',(219.511028369149,100.283835005451,14.0721923227065));
#577=CARTESIAN_POINT('',(209.112358856644,121.502938645257,14.0721923227065));
#578=CARTESIAN_POINT('Ctrl Pts',(209.112324486109,121.502931676397,14.0721923227065));
#579=CARTESIAN_POINT('Ctrl Pts',(209.133345700024,121.664146961215,14.0721923227065));
#580=CARTESIAN_POINT('Ctrl Pts',(209.156027725554,121.826137885637,14.0721923227065));
#581=CARTESIAN_POINT('Ctrl Pts',(209.180385079507,121.988724400575,14.0721923227065));
#582=CARTESIAN_POINT('Ctrl Pts',(209.296824228274,122.765961346633,14.0721923227065));
#583=CARTESIAN_POINT('Ctrl Pts',(209.451794582506,123.558121873514,14.0721923227065));
#584=CARTESIAN_POINT('Ctrl Pts',(209.643653955573,124.350194447171,14.0721923227065));
#585=CARTESIAN_POINT('Ctrl Pts',(210.027372701705,125.934339594486,14.0721923227065));
#586=CARTESIAN_POINT('Ctrl Pts',(210.562472919707,127.507229048273,14.0721923227065));
#587=CARTESIAN_POINT('Ctrl Pts',(211.180960002512,128.911566816475,14.0721923227065));
#588=CARTESIAN_POINT('Ctrl Pts',(211.490203543914,129.613735700577,14.0721923227065));
#589=CARTESIAN_POINT('Ctrl Pts',(211.838932531862,130.321305623207,14.0721923227065));
#590=CARTESIAN_POINT('Ctrl Pts',(212.233651953793,131.040556358479,14.0721923227065));
#591=CARTESIAN_POINT('Ctrl Pts',(212.628371375724,131.759807093752,14.0721923227065));
#592=CARTESIAN_POINT('Ctrl Pts',(213.076380140055,132.503956094201,14.0721923227065));
#593=CARTESIAN_POINT('Ctrl Pts',(213.585040989166,133.276285339,14.0721923227065));
#594=CARTESIAN_POINT('Ctrl Pts',(214.602362687387,134.820943828599,14.0721923227065));
#595=CARTESIAN_POINT('Ctrl Pts',(215.858661051257,136.46843769208,14.0721923227065));
#596=CARTESIAN_POINT('Ctrl Pts',(217.377128891073,138.204448490697,14.0721923227065));
#597=CARTESIAN_POINT('Ctrl Pts',(218.89559673089,139.940459289314,14.0721923227065));
#598=CARTESIAN_POINT('Ctrl Pts',(220.676481390266,141.763341409525,14.0721923227065));
#599=CARTESIAN_POINT('Ctrl Pts',(222.6990476439,143.642944842374,14.0721923227065));
#600=CARTESIAN_POINT('Ctrl Pts',(222.798798267147,143.73564470501,14.0721923227065));
#601=CARTESIAN_POINT('Ctrl Pts',(222.899108262884,143.828481760226,14.0721923227065));
#602=CARTESIAN_POINT('Ctrl Pts',(223.,143.921452704467,14.0721923227065));
#603=CARTESIAN_POINT('Ctrl Pts',(219.511028369149,100.283835005451,14.0721923227065));
#604=CARTESIAN_POINT('Ctrl Pts',(218.721976740901,101.013118209253,14.0721923227065));
#605=CARTESIAN_POINT('Ctrl Pts',(217.971942408157,101.741942090464,14.0721923227065));
#606=CARTESIAN_POINT('Ctrl Pts',(217.268710453694,102.462170341837,14.0721923227065));
#607=CARTESIAN_POINT('Ctrl Pts',(216.463468280816,103.286874279738,14.0721923227065));
#608=CARTESIAN_POINT('Ctrl Pts',(215.708219279185,104.111894768736,14.0721923227065));
#609=CARTESIAN_POINT('Ctrl Pts',(215.011085991577,104.925576213235,14.0721923227065));
#610=CARTESIAN_POINT('Ctrl Pts',(214.31395270397,105.739257657734,14.0721923227065));
#611=CARTESIAN_POINT('Ctrl Pts',(213.680162207484,106.535613933539,14.0721923227065));
#612=CARTESIAN_POINT('Ctrl Pts',(213.114774095174,107.301252044631,14.0721923227065));
#613=CARTESIAN_POINT('Ctrl Pts',(212.549385982864,108.066890155724,14.0721923227065));
#614=CARTESIAN_POINT('Ctrl Pts',(212.050811080169,108.803913343216,14.0721923227065));
#615=CARTESIAN_POINT('Ctrl Pts',(211.619425935427,109.499779513058,14.0721923227065));
#616=CARTESIAN_POINT('Ctrl Pts',(211.188040790684,110.1956456829,14.0721923227065));
#617=CARTESIAN_POINT('Ctrl Pts',(210.823557883285,110.850629764683,14.0721923227065));
#618=CARTESIAN_POINT('Ctrl Pts',(210.520951381076,111.454852102747,14.0721923227065));
#619=CARTESIAN_POINT('Ctrl Pts',(210.218344878868,112.05907444081,14.0721923227065));
#620=CARTESIAN_POINT('Ctrl Pts',(209.979612714683,112.608034207125,14.0721923227065));
#621=CARTESIAN_POINT('Ctrl Pts',(209.793266917089,113.098242054489,14.0721923227065));
#622=CARTESIAN_POINT('Ctrl Pts',(209.606921119496,113.588449901853,14.0721923227065));
#623=CARTESIAN_POINT('Ctrl Pts',(209.4678338053,114.03231016342,14.0721923227065));
#624=CARTESIAN_POINT('Ctrl Pts',(209.363709622052,114.435507831861,14.0721923227065));
#625=CARTESIAN_POINT('Ctrl Pts',(209.259585438804,114.838705500302,14.0721923227065));
#626=CARTESIAN_POINT('Ctrl Pts',(209.161804901112,115.314403189704,14.0721923227065));
#627=CARTESIAN_POINT('Ctrl Pts',(209.083964340684,115.857166296828,14.0721923227065));
#628=CARTESIAN_POINT('Ctrl Pts',(209.006123780255,116.399929403952,14.0721923227065));
#629=CARTESIAN_POINT('Ctrl Pts',(208.949710619568,116.999954178979,14.0721923227065));
#630=CARTESIAN_POINT('Ctrl Pts',(208.923922877319,117.645913861804,14.0721923227065));
#631=CARTESIAN_POINT('Ctrl Pts',(208.898135135071,118.29187354463,14.0721923227065));
#632=CARTESIAN_POINT('Ctrl Pts',(208.902885695297,118.987170315978,14.0721923227065));
#633=CARTESIAN_POINT('Ctrl Pts',(208.944339141268,119.717515842778,14.0721923227065));
#634=CARTESIAN_POINT('Ctrl Pts',(208.977121137242,120.295083848508,14.0721923227065));
#635=CARTESIAN_POINT('Ctrl Pts',(209.032854806838,120.893465114212,14.0721923227065));
#636=CARTESIAN_POINT('Ctrl Pts',(209.112324486109,121.502931676397,14.0721923227065));
#637=CARTESIAN_POINT('Ctrl Pts',(223.,52.7536160968561,-65.9278076772935));
#638=CARTESIAN_POINT('Ctrl Pts',(223.,67.5983132236826,-39.2611410106268));
#639=CARTESIAN_POINT('Ctrl Pts',(223.,82.443010350509,-12.5944743439602));
#640=CARTESIAN_POINT('Ctrl Pts',(223.,97.2877074773354,14.0721923227065));
#641=CARTESIAN_POINT('Ctrl Pts',(219.588590686301,53.7516306065218,-65.9278076772935));
#642=CARTESIAN_POINT('Ctrl Pts',(220.386879285213,68.5317897241514,-39.2611410106269));
#643=CARTESIAN_POINT('Ctrl Pts',(221.185111151943,83.3120434394881,-12.5944743439601));
#644=CARTESIAN_POINT('Ctrl Pts',(221.983399750856,98.0922025571176,14.0721923227065));
#645=CARTESIAN_POINT('Ctrl Pts',(216.33234856804,55.0037699935151,-65.9278076772935));
#646=CARTESIAN_POINT('Ctrl Pts',(217.866486664246,69.6638726525378,-39.2611410106268));
#647=CARTESIAN_POINT('Ctrl Pts',(219.400595856773,84.3240419506564,-12.5944743439602));
#648=CARTESIAN_POINT('Ctrl Pts',(220.934733952979,98.9841446096791,14.0721923227065));
#649=CARTESIAN_POINT('Ctrl Pts',(212.805983044968,56.6695101246266,-65.9278076772935));
#650=CARTESIAN_POINT('Ctrl Pts',(215.109453181593,71.1445007123349,-39.2611410106268));
#651=CARTESIAN_POINT('Ctrl Pts',(217.412919763852,85.619487128819,-12.5944743439601));
#652=CARTESIAN_POINT('Ctrl Pts',(219.716389900477,100.094477716527,14.0721923227065));
#653=CARTESIAN_POINT('Ctrl Pts',(210.169074584334,57.9467823611438,-65.9278076772935));
#654=CARTESIAN_POINT('Ctrl Pts',(213.048613844417,72.2743814174728,-39.2611410106268));
#655=CARTESIAN_POINT('Ctrl Pts',(215.928161085528,86.6020035541194,-12.5944743439601));
#656=CARTESIAN_POINT('Ctrl Pts',(218.80770034561,100.929602610448,14.0721923227065));
#657=CARTESIAN_POINT('Ctrl Pts',(207.628993956698,59.3810831047056,-65.9278076772936));
#658=CARTESIAN_POINT('Ctrl Pts',(211.069496327968,73.5086839586811,-39.2611410106269));
#659=CARTESIAN_POINT('Ctrl Pts',(214.510016222936,87.6362948511719,-12.5944743439602));
#660=CARTESIAN_POINT('Ctrl Pts',(217.950518594206,101.763895705147,14.0721923227065));
#661=CARTESIAN_POINT('Ctrl Pts',(204.349116353214,61.4459182858506,-65.9278076772936));
#662=CARTESIAN_POINT('Ctrl Pts',(208.526018101532,75.2507766058987,-39.2611410106269));
#663=CARTESIAN_POINT('Ctrl Pts',(212.70290992656,89.0556334355347,-12.5944743439602));
#664=CARTESIAN_POINT('Ctrl Pts',(216.879811674878,102.860491755583,14.0721923227065));
#665=CARTESIAN_POINT('Ctrl Pts',(201.924353983588,63.0664264139466,-65.9278076772936));
#666=CARTESIAN_POINT('Ctrl Pts',(206.64910837535,76.6060547684825,-39.2611410106269));
#667=CARTESIAN_POINT('Ctrl Pts',(211.373874901104,90.1456885343932,-12.5944743439602));
#668=CARTESIAN_POINT('Ctrl Pts',(216.098629292866,103.685316888929,14.0721923227065));
#669=CARTESIAN_POINT('Ctrl Pts',(199.580554689572,64.8172809096693,-65.9278076772936));
#670=CARTESIAN_POINT('Ctrl Pts',(204.844218270565,78.0464859679879,-39.2611410106269));
#671=CARTESIAN_POINT('Ctrl Pts',(210.107871119338,91.2756903078146,-12.5944743439602));
#672=CARTESIAN_POINT('Ctrl Pts',(215.371534700332,104.504895366133,14.0721923227065));
#673=CARTESIAN_POINT('Ctrl Pts',(196.515918600298,67.2279245707304,-65.9278076772935));
#674=CARTESIAN_POINT('Ctrl Pts',(202.49212870635,80.0142252147218,-39.2611410106268));
#675=CARTESIAN_POINT('Ctrl Pts',(208.46835855974,92.8005307199294,-12.5944743439602));
#676=CARTESIAN_POINT('Ctrl Pts',(214.444568665793,105.586831363921,14.0721923227065));
#677=CARTESIAN_POINT('Ctrl Pts',(194.272481410614,69.1384510215527,-65.9278076772934));
#678=CARTESIAN_POINT('Ctrl Pts',(200.781255072487,81.5544449506146,-39.2611410106267));
#679=CARTESIAN_POINT('Ctrl Pts',(207.290049913454,93.970441422258,-12.5944743439602));
#680=CARTESIAN_POINT('Ctrl Pts',(213.798823575326,106.38643535132,14.0721923227065));
#681=CARTESIAN_POINT('Ctrl Pts',(192.095899965237,71.1529254678066,-65.9278076772934));
#682=CARTESIAN_POINT('Ctrl Pts',(199.137509477272,83.1545594627186,-39.2611410106268));
#683=CARTESIAN_POINT('Ctrl Pts',(206.179109801453,95.1561937913822,-12.5944743439602));
#684=CARTESIAN_POINT('Ctrl Pts',(213.220719313488,107.157827786294,14.0721923227065));
#685=CARTESIAN_POINT('Ctrl Pts',(190.658147183397,72.5050859103642,-65.9278076772934));
#686=CARTESIAN_POINT('Ctrl Pts',(198.05370443458,84.2256737525122,-39.2611410106267));
#687=CARTESIAN_POINT('Ctrl Pts',(205.449268163833,95.9462614872627,-12.5944743439602));
#688=CARTESIAN_POINT('Ctrl Pts',(212.844825415016,107.666849329411,14.0721923227065));
#689=CARTESIAN_POINT('Ctrl Pts',(188.531402655709,74.5881501939649,-65.9278076772934));
#690=CARTESIAN_POINT('Ctrl Pts',(196.458002118328,85.8650554922509,-39.2611410106267));
#691=CARTESIAN_POINT('Ctrl Pts',(204.384585895834,97.1419646254362,-12.5944743439602));
#692=CARTESIAN_POINT('Ctrl Pts',(212.311185358453,108.418869923722,14.0721923227065));
#693=CARTESIAN_POINT('Ctrl Pts',(186.500278908746,76.7723895845356,-65.9278076772933));
#694=CARTESIAN_POINT('Ctrl Pts',(194.948465999406,87.5603281492168,-39.2611410106267));
#695=CARTESIAN_POINT('Ctrl Pts',(203.396662811087,98.348262906287,-12.5944743439602));
#696=CARTESIAN_POINT('Ctrl Pts',(211.844849901747,109.136201470968,14.0721923227065));
#697=CARTESIAN_POINT('Ctrl Pts',(185.189431634984,78.2583799216707,-65.9278076772933));
#698=CARTESIAN_POINT('Ctrl Pts',(193.978975413742,88.7051945835182,-39.2611410106266));
#699=CARTESIAN_POINT('Ctrl Pts',(202.768510276713,99.1520133465943,-12.5944743439602));
#700=CARTESIAN_POINT('Ctrl Pts',(211.558054055471,109.598828008442,14.0721923227065));
#701=CARTESIAN_POINT('Ctrl Pts',(183.610959156232,80.0737662255046,-65.9278076772933));
#702=CARTESIAN_POINT('Ctrl Pts',(192.813117156194,90.1011425255476,-39.2611410106266));
#703=CARTESIAN_POINT('Ctrl Pts',(202.01529344745,100.128506464974,-12.5944743439602));
#704=CARTESIAN_POINT('Ctrl Pts',(211.217451447411,110.155882765017,14.0721923227065));
#705=CARTESIAN_POINT('Ctrl Pts',(181.751374331854,82.4004441920098,-65.9278076772934));
#706=CARTESIAN_POINT('Ctrl Pts',(191.450577321708,91.8709116151648,-39.2611410106267));
#707=CARTESIAN_POINT('Ctrl Pts',(201.149790789066,101.341368339219,-12.5944743439603));
#708=CARTESIAN_POINT('Ctrl Pts',(210.848993778919,110.811835762374,14.0721923227064));
#709=CARTESIAN_POINT('Ctrl Pts',(180.26277974886,84.4638979181997,-65.9278076772934));
#710=CARTESIAN_POINT('Ctrl Pts',(190.368301358977,93.4220422760092,-39.2611410106267));
#711=CARTESIAN_POINT('Ctrl Pts',(200.473816102937,102.380191319938,-12.5944743439603));
#712=CARTESIAN_POINT('Ctrl Pts',(210.579337713055,111.338335677747,14.0721923227064));
#713=CARTESIAN_POINT('Ctrl Pts',(179.128238025509,86.0752097056601,-65.9278076772933));
#714=CARTESIAN_POINT('Ctrl Pts',(189.544871694335,94.6301539213855,-39.2611410106267));
#715=CARTESIAN_POINT('Ctrl Pts',(199.961511399853,103.185088585608,-12.5944743439602));
#716=CARTESIAN_POINT('Ctrl Pts',(210.378145068679,111.740032801334,14.0721923227064));
#717=CARTESIAN_POINT('Ctrl Pts',(177.493334196572,88.541890843065,-65.9278076772932));
#718=CARTESIAN_POINT('Ctrl Pts',(188.364069721635,96.4674004956534,-39.2611410106264));
#719=CARTESIAN_POINT('Ctrl Pts',(199.234794224144,104.392928496487,-12.5944743439603));
#720=CARTESIAN_POINT('Ctrl Pts',(210.105529749206,112.318438149075,14.0721923227064));
#721=CARTESIAN_POINT('Ctrl Pts',(176.027621825677,91.0969022988511,-65.9278076772933));
#722=CARTESIAN_POINT('Ctrl Pts',(187.315643376295,98.3444103781149,-39.2611410106267));
#723=CARTESIAN_POINT('Ctrl Pts',(198.603672557099,105.591897276519,-12.5944743439602));
#724=CARTESIAN_POINT('Ctrl Pts',(209.891694107717,112.839405355783,14.0721923227064));
#725=CARTESIAN_POINT('Ctrl Pts',(175.119402130785,92.8253712116143,-65.9278076772934));
#726=CARTESIAN_POINT('Ctrl Pts',(186.668865721698,99.6053456073911,-39.2611410106267));
#727=CARTESIAN_POINT('Ctrl Pts',(198.218324739494,106.385332675515,-12.5944743439603));
#728=CARTESIAN_POINT('Ctrl Pts',(209.767788330407,113.165307071292,14.0721923227064));
#729=CARTESIAN_POINT('Ctrl Pts',(174.044881485461,94.9190762279219,-65.9278076772934));
#730=CARTESIAN_POINT('Ctrl Pts',(185.904432412565,101.130518803805,-39.2611410106267));
#731=CARTESIAN_POINT('Ctrl Pts',(197.763987670239,107.34191945555,-12.5944743439603));
#732=CARTESIAN_POINT('Ctrl Pts',(209.623538597343,113.553362031432,14.0721923227064));
#733=CARTESIAN_POINT('Ctrl Pts',(172.86005511341,97.5978109426695,-65.9278076772932));
#734=CARTESIAN_POINT('Ctrl Pts',(185.066774883896,103.065447678731,-39.2611410106265));
#735=CARTESIAN_POINT('Ctrl Pts',(197.273493933223,108.53306818246,-12.5944743439603));
#736=CARTESIAN_POINT('Ctrl Pts',(209.480213703708,114.000704918522,14.0721923227064));
#737=CARTESIAN_POINT('Ctrl Pts',(172.00108256925,99.9697752910418,-65.9278076772932));
#738=CARTESIAN_POINT('Ctrl Pts',(184.462182585039,104.765029004518,-39.2611410106266));
#739=CARTESIAN_POINT('Ctrl Pts',(196.923280455676,109.560286858563,-12.5944743439601));
#740=CARTESIAN_POINT('Ctrl Pts',(209.384380471465,114.355540572039,14.0721923227064));
#741=CARTESIAN_POINT('Ctrl Pts',(171.369239757404,101.80727601983,-65.9278076772932));
#742=CARTESIAN_POINT('Ctrl Pts',(184.017878688504,106.07941238127,-39.2611410106265));
#743=CARTESIAN_POINT('Ctrl Pts',(196.666516981118,110.351552141116,-12.5944743439602));
#744=CARTESIAN_POINT('Ctrl Pts',(209.315155912218,114.623688502556,14.0721923227064));
#745=CARTESIAN_POINT('Ctrl Pts',(170.524456849792,104.607803587122,-65.9278076772932));
#746=CARTESIAN_POINT('Ctrl Pts',(183.420952878249,108.092023419354,-39.2611410106266));
#747=CARTESIAN_POINT('Ctrl Pts',(196.31744282339,111.576238080219,-12.5944743439602));
#748=CARTESIAN_POINT('Ctrl Pts',(209.213938851847,115.06045791245,14.0721923227064));
#749=CARTESIAN_POINT('Ctrl Pts',(169.921476667713,107.4828375915,-65.9278076772932));
#750=CARTESIAN_POINT('Ctrl Pts',(182.989487891551,110.177782904691,-39.2611410106265));
#751=CARTESIAN_POINT('Ctrl Pts',(196.057502357648,112.872740544046,-12.5944743439603));
#752=CARTESIAN_POINT('Ctrl Pts',(209.125513581486,115.567685857237,14.0721923227064));
#753=CARTESIAN_POINT('Ctrl Pts',(169.60297261599,109.413304123725,-65.9278076772932));
#754=CARTESIAN_POINT('Ctrl Pts',(182.759907542598,111.585049551715,-39.2611410106265));
#755=CARTESIAN_POINT('Ctrl Pts',(195.916836574615,113.756788755203,-12.5944743439603));
#756=CARTESIAN_POINT('Ctrl Pts',(209.073771501224,115.928534183192,14.0721923227064));
#757=CARTESIAN_POINT('Ctrl Pts',(169.245815214776,111.731027236379,-65.9278076772932));
#758=CARTESIAN_POINT('Ctrl Pts',(182.50187409018,113.276228405899,-39.2611410106265));
#759=CARTESIAN_POINT('Ctrl Pts',(195.757942129618,114.821448682001,-12.5944743439603));
#760=CARTESIAN_POINT('Ctrl Pts',(209.014001005022,116.366649851522,14.0721923227064));
#761=CARTESIAN_POINT('Ctrl Pts',(168.980402669271,114.680311294255,-65.927807677293));
#762=CARTESIAN_POINT('Ctrl Pts',(182.305926236527,115.440650013902,-39.2611410106264));
#763=CARTESIAN_POINT('Ctrl Pts',(195.631453191284,116.200996468246,-12.5944743439602));
#764=CARTESIAN_POINT('Ctrl Pts',(208.95697675854,116.961335187893,14.0721923227064));
#765=CARTESIAN_POINT('Ctrl Pts',(168.916760730333,117.259655948417,-65.9278076772931));
#766=CARTESIAN_POINT('Ctrl Pts',(182.254249801831,117.344554428309,-39.2611410106264));
#767=CARTESIAN_POINT('Ctrl Pts',(195.591733313867,117.429448390004,-12.5944743439603));
#768=CARTESIAN_POINT('Ctrl Pts',(208.929222385365,117.514346869896,14.0721923227064));
#769=CARTESIAN_POINT('Ctrl Pts',(168.897593331858,119.236197990919,-65.9278076772932));
#770=CARTESIAN_POINT('Ctrl Pts',(182.235754779418,118.805396688888,-39.2611410106265));
#771=CARTESIAN_POINT('Ctrl Pts',(195.573917823707,118.37459967584,-12.5944743439603));
#772=CARTESIAN_POINT('Ctrl Pts',(208.912079271267,117.943798373809,14.0721923227064));
#773=CARTESIAN_POINT('Ctrl Pts',(168.969361448805,122.216540146799,-65.9278076772933));
#774=CARTESIAN_POINT('Ctrl Pts',(182.279664296244,121.015166574825,-39.2611410106266));
#775=CARTESIAN_POINT('Ctrl Pts',(195.589956360647,119.813785449269,-12.5944743439603));
#776=CARTESIAN_POINT('Ctrl Pts',(208.900259208085,118.612411877295,14.0721923227064));
#777=CARTESIAN_POINT('Ctrl Pts',(169.252364368923,125.196155253476,-65.927807677293));
#778=CARTESIAN_POINT('Ctrl Pts',(182.475590527413,123.238759452485,-39.2611410106263));
#779=CARTESIAN_POINT('Ctrl Pts',(195.698821622745,121.281368189118,-12.5944743439602));
#780=CARTESIAN_POINT('Ctrl Pts',(208.922047781234,119.323972388127,14.0721923227064));
#781=CARTESIAN_POINT('Ctrl Pts',(169.513407946527,127.169098573362,-65.9278076772929));
#782=CARTESIAN_POINT('Ctrl Pts',(182.658813435318,124.715910660204,-39.2611410106263));
#783=CARTESIAN_POINT('Ctrl Pts',(195.804210862872,122.262719087131,-12.5944743439602));
#784=CARTESIAN_POINT('Ctrl Pts',(208.949616351663,119.809531173973,14.0721923227064));
#785=CARTESIAN_POINT('Ctrl Pts',(169.84418011424,129.513626999128,-65.9278076772928));
#786=CARTESIAN_POINT('Ctrl Pts',(182.891452686973,126.472547855875,-39.2611410106262));
#787=CARTESIAN_POINT('Ctrl Pts',(195.938735336052,123.431471498732,-12.5944743439602));
#788=CARTESIAN_POINT('Ctrl Pts',(208.986007908785,120.39039235548,14.0721923227064));
#789=CARTESIAN_POINT('Ctrl Pts',(170.421902821621,132.456572943614,-65.9278076772934));
#790=CARTESIAN_POINT('Ctrl Pts',(183.301675539877,128.687479371164,-39.2611410106268));
#791=CARTESIAN_POINT('Ctrl Pts',(196.181456724365,124.918385421953,-12.5944743439602));
#792=CARTESIAN_POINT('Ctrl Pts',(209.061229442621,121.149291849503,14.0721923227064));
#793=CARTESIAN_POINT('Ctrl Pts',(171.07368204596,134.990706916306,-65.9278076772935));
#794=CARTESIAN_POINT('Ctrl Pts',(183.767822749725,130.602522420839,-39.2611410106268));
#795=CARTESIAN_POINT('Ctrl Pts',(196.461951921617,126.214333600385,-12.5944743439603));
#796=CARTESIAN_POINT('Ctrl Pts',(209.156092625382,121.826149104918,14.0721923227064));
#797=CARTESIAN_POINT('Ctrl Pts',(172.023237887458,138.481836941455,-65.9278076772935));
#798=CARTESIAN_POINT('Ctrl Pts',(184.44777394018,133.243208957647,-39.2611410106268));
#799=CARTESIAN_POINT('Ctrl Pts',(196.872346625129,128.004586530469,-12.5944743439603));
#800=CARTESIAN_POINT('Ctrl Pts',(209.296882677851,122.765958546661,14.0721923227065));
#801=CARTESIAN_POINT('Ctrl Pts',(172.99767753056,141.310726271395,-65.9278076772935));
#802=CARTESIAN_POINT('Ctrl Pts',(185.149017619057,135.393204231937,-39.2611410106269));
#803=CARTESIAN_POINT('Ctrl Pts',(197.300395337363,129.475684256355,-12.5944743439601));
#804=CARTESIAN_POINT('Ctrl Pts',(209.451735425861,123.558162216898,14.0721923227065));
#805=CARTESIAN_POINT('Ctrl Pts',(174.285134521803,144.37005513149,-65.9278076772935));
#806=CARTESIAN_POINT('Ctrl Pts',(186.079068108006,137.728580389817,-39.2611410106269));
#807=CARTESIAN_POINT('Ctrl Pts',(197.872990091245,131.087099657544,-12.5944743439601));
#808=CARTESIAN_POINT('Ctrl Pts',(209.666923677448,124.44562491587,14.0721923227065));
#809=CARTESIAN_POINT('Ctrl Pts',(175.204018160542,146.504974919805,-65.9278076772935));
#810=CARTESIAN_POINT('Ctrl Pts',(186.743065803049,139.359119203341,-39.2611410106269));
#811=CARTESIAN_POINT('Ctrl Pts',(198.28211968043,132.213260172794,-12.5944743439601));
#812=CARTESIAN_POINT('Ctrl Pts',(209.821167322937,125.06740445633,14.0721923227065));
#813=CARTESIAN_POINT('Ctrl Pts',(177.097595030717,150.329437329812,-65.9278076772938));
#814=CARTESIAN_POINT('Ctrl Pts',(188.114049703257,142.289605018953,-39.261141010627));
#815=CARTESIAN_POINT('Ctrl Pts',(199.13049552599,134.249760708304,-12.5944743439603));
#816=CARTESIAN_POINT('Ctrl Pts',(210.14695019853,126.209928397444,14.0721923227065));
#817=CARTESIAN_POINT('Ctrl Pts',(179.945257639573,155.03369022489,-65.9278076772934));
#818=CARTESIAN_POINT('Ctrl Pts',(190.179757322022,145.904009054492,-39.2611410106269));
#819=CARTESIAN_POINT('Ctrl Pts',(200.414256102366,136.774323638245,-12.5944743439601));
#820=CARTESIAN_POINT('Ctrl Pts',(210.648755784816,127.644642467847,14.0721923227065));
#821=CARTESIAN_POINT('Ctrl Pts',(181.990817249356,157.935359660275,-65.9278076772935));
#822=CARTESIAN_POINT('Ctrl Pts',(191.664269784232,148.132070149616,-39.2611410106268));
#823=CARTESIAN_POINT('Ctrl Pts',(201.337713423365,138.328762799126,-12.5944743439602));
#824=CARTESIAN_POINT('Ctrl Pts',(211.011165958241,128.525473288466,14.0721923227065));
#825=CARTESIAN_POINT('Ctrl Pts',(184.321336390217,161.047118611173,-65.9278076772936));
#826=CARTESIAN_POINT('Ctrl Pts',(193.354930840386,150.517824797188,-39.261141010627));
#827=CARTESIAN_POINT('Ctrl Pts',(202.38851607961,139.988537430988,-12.5944743439601));
#828=CARTESIAN_POINT('Ctrl Pts',(211.42211052978,129.459243617003,14.0721923227065));
#829=CARTESIAN_POINT('Ctrl Pts',(186.171335733727,163.318291439355,-65.9278076772936));
#830=CARTESIAN_POINT('Ctrl Pts',(194.701624027087,152.267350716187,-39.2611410106268));
#831=CARTESIAN_POINT('Ctrl Pts',(203.231901240086,141.216421914527,-12.5944743439603));
#832=CARTESIAN_POINT('Ctrl Pts',(211.762189533447,130.16548119136,14.0721923227065));
#833=CARTESIAN_POINT('Ctrl Pts',(188.125829333255,165.508536713785,-65.9278076772936));
#834=CARTESIAN_POINT('Ctrl Pts',(196.132833580686,153.966461461978,-39.2611410106269));
#835=CARTESIAN_POINT('Ctrl Pts',(204.139824005226,142.424358073588,-12.5944743439602));
#836=CARTESIAN_POINT('Ctrl Pts',(212.146828252657,130.882282821781,14.0721923227065));
#837=CARTESIAN_POINT('Ctrl Pts',(190.53704837772,168.15973848258,-65.9278076772935));
#838=CARTESIAN_POINT('Ctrl Pts',(197.900844001913,156.026428049177,-39.2611410106268));
#839=CARTESIAN_POINT('Ctrl Pts',(205.264637424221,143.893159344107,-12.5944743439602));
#840=CARTESIAN_POINT('Ctrl Pts',(212.628433048414,131.759848910704,14.0721923227065));
#841=CARTESIAN_POINT('Ctrl Pts',(192.611957518195,170.253869331036,-65.9278076772934));
#842=CARTESIAN_POINT('Ctrl Pts',(199.433398640871,157.670532215507,-39.2611410106268));
#843=CARTESIAN_POINT('Ctrl Pts',(206.25488832953,145.087265038674,-12.5944743439601));
#844=CARTESIAN_POINT('Ctrl Pts',(213.076329452206,132.503927923145,14.0721923227065));
#845=CARTESIAN_POINT('Ctrl Pts',(194.99447181764,172.500901695589,-65.9278076772934));
#846=CARTESIAN_POINT('Ctrl Pts',(201.209961286648,159.454284060605,-39.2611410106267));
#847=CARTESIAN_POINT('Ctrl Pts',(207.425408484533,146.407620776991,-12.5944743439602));
#848=CARTESIAN_POINT('Ctrl Pts',(213.64089795354,133.361003142007,14.0721923227065));
#849=CARTESIAN_POINT('Ctrl Pts',(198.096314002976,175.404718915474,-65.9278076772934));
#850=CARTESIAN_POINT('Ctrl Pts',(203.524902945857,161.761914084334,-39.2611410106268));
#851=CARTESIAN_POINT('Ctrl Pts',(208.953752506,148.119331349699,-12.5944743439601));
#852=CARTESIAN_POINT('Ctrl Pts',(214.382341448881,134.476526518559,14.0721923227065));
#853=CARTESIAN_POINT('Ctrl Pts',(202.606534753325,179.244356676331,-65.9278076772936));
#854=CARTESIAN_POINT('Ctrl Pts',(206.932578970014,164.862803839432,-39.2611410106269));
#855=CARTESIAN_POINT('Ctrl Pts',(211.258618239984,150.48123677721,-12.5944743439603));
#856=CARTESIAN_POINT('Ctrl Pts',(215.584662456673,136.09968394031,14.0721923227065));
#857=CARTESIAN_POINT('Ctrl Pts',(206.993278984992,182.677296672613,-65.9278076772935));
#858=CARTESIAN_POINT('Ctrl Pts',(210.312728998142,167.690829703328,-39.2611410106269));
#859=CARTESIAN_POINT('Ctrl Pts',(213.632170133535,152.704346273163,-12.5944743439602));
#860=CARTESIAN_POINT('Ctrl Pts',(216.951620146685,137.717879303878,14.0721923227065));
#861=CARTESIAN_POINT('Ctrl Pts',(210.093628096738,185.055084004631,-65.9278076772935));
#862=CARTESIAN_POINT('Ctrl Pts',(212.716101371961,169.660675973621,-39.2611410106268));
#863=CARTESIAN_POINT('Ctrl Pts',(215.338608644434,154.266286779826,-12.5944743439602));
#864=CARTESIAN_POINT('Ctrl Pts',(217.961081919656,138.871878748816,14.0721923227065));
#865=CARTESIAN_POINT('Ctrl Pts',(214.78743173289,188.555488332165,-65.9278076772934));
#866=CARTESIAN_POINT('Ctrl Pts',(216.384762544367,172.584093239284,-39.2611410106268));
#867=CARTESIAN_POINT('Ctrl Pts',(217.982040634258,156.612689059919,-12.5944743439601));
#868=CARTESIAN_POINT('Ctrl Pts',(219.579371445735,140.641293967038,14.0721923227065));
#869=CARTESIAN_POINT('Ctrl Pts',(219.479821113518,191.888190354727,-65.9278076772935));
#870=CARTESIAN_POINT('Ctrl Pts',(220.137913081308,175.420802665807,-39.2611410106268));
#871=CARTESIAN_POINT('Ctrl Pts',(220.796135953726,158.953394985471,-12.5944743439602));
#872=CARTESIAN_POINT('Ctrl Pts',(221.454227921516,142.486007296552,14.0721923227065));
#873=CARTESIAN_POINT('Ctrl Pts',(222.546064450401,194.054969715291,-65.9278076772935));
#874=CARTESIAN_POINT('Ctrl Pts',(222.630311030823,177.281860732407,-39.2611410106269));
#875=CARTESIAN_POINT('Ctrl Pts',(222.714545245812,160.508753384369,-12.5944743439602));
#876=CARTESIAN_POINT('Ctrl Pts',(222.798791826234,143.735644401485,14.0721923227065));
#877=CARTESIAN_POINT('Ctrl Pts',(222.773203712336,194.21541267063,-65.9278076772935));
#878=CARTESIAN_POINT('Ctrl Pts',(222.815168172934,177.419769529658,-39.2611410106268));
#879=CARTESIAN_POINT('Ctrl Pts',(222.857143802287,160.624124901197,-12.5944743439602));
#880=CARTESIAN_POINT('Ctrl Pts',(222.899108262884,143.828481760226,14.0721923227065));
#881=CARTESIAN_POINT('Ctrl Pts',(223.,194.375574056765,-65.9278076772935));
#882=CARTESIAN_POINT('Ctrl Pts',(223.,177.557533605999,-39.2611410106268));
#883=CARTESIAN_POINT('Ctrl Pts',(223.,160.739493155233,-12.5944743439602));
#884=CARTESIAN_POINT('Ctrl Pts',(223.,143.921452704467,14.0721923227065));
#885=CARTESIAN_POINT('',(223.,52.7536160968561,-65.9278076772935));
#886=CARTESIAN_POINT('',(174.373310414854,144.573054047237,-65.9278076772934));
#887=CARTESIAN_POINT('Ctrl Pts',(223.,52.7536160968561,-65.9278076772935));
#888=CARTESIAN_POINT('Ctrl Pts',(219.144026984281,53.8816885926171,-65.9278076772935));
#889=CARTESIAN_POINT('Ctrl Pts',(211.828569107172,56.7871815555068,-65.9278076772933));
#890=CARTESIAN_POINT('Ctrl Pts',(201.882574247468,62.8112480074352,-65.9278076772937));
#891=CARTESIAN_POINT('Ctrl Pts',(194.309988263033,68.9836127301865,-65.9278076772934));
#892=CARTESIAN_POINT('Ctrl Pts',(188.60653694773,74.4728673833019,-65.9278076772936));
#893=CARTESIAN_POINT('Ctrl Pts',(184.582545215782,78.8581358075305,-65.9278076772934));
#894=CARTESIAN_POINT('Ctrl Pts',(180.873541009494,83.4987729278799,-65.9278076772937));
#895=CARTESIAN_POINT('Ctrl Pts',(177.547613481176,88.3846864999436,-65.9278076772934));
#896=CARTESIAN_POINT('Ctrl Pts',(174.670400179281,93.504861724108,-65.9278076772937));
#897=CARTESIAN_POINT('Ctrl Pts',(172.307224302575,98.847687818558,-65.9278076772933));
#898=CARTESIAN_POINT('Ctrl Pts',(170.526662692798,104.403972446261,-65.9278076772934));
#899=CARTESIAN_POINT('Ctrl Pts',(169.387388321696,110.157856282974,-65.9278076772937));
#900=CARTESIAN_POINT('Ctrl Pts',(168.858014111509,116.040302102493,-65.9278076772933));
#901=CARTESIAN_POINT('Ctrl Pts',(168.915328281174,121.984989756007,-65.9278076772938));
#902=CARTESIAN_POINT('Ctrl Pts',(169.532860220672,127.927749195622,-65.9278076772931));
#903=CARTESIAN_POINT('Ctrl Pts',(171.037238528126,135.591121229185,-65.927807677294));
#904=CARTESIAN_POINT('Ctrl Pts',(172.880267043169,141.110411342516,-65.9278076772934));
#905=CARTESIAN_POINT('Ctrl Pts',(174.373310414854,144.573054047237,-65.9278076772934));
#906=CARTESIAN_POINT('',(223.,52.7536160968561,-65.9278076772935));
#907=CARTESIAN_POINT('',(223.,194.375574056765,-65.9278076772935));
#908=CARTESIAN_POINT('',(223.,194.375574056765,-65.9278076772935));
#909=CARTESIAN_POINT('',(213.702713196339,187.721925483372,-65.9278076772934));
#910=CARTESIAN_POINT('Ctrl Pts',(213.702713196339,187.721925483372,-65.9278076772934));
#911=CARTESIAN_POINT('Ctrl Pts',(216.823001203535,190.006282700456,-65.9278076772934));
#912=CARTESIAN_POINT('Ctrl Pts',(219.942664084045,192.216512445901,-65.9278076772935));
#913=CARTESIAN_POINT('Ctrl Pts',(223.,194.375574056765,-65.9278076772935));
#914=CARTESIAN_POINT('Ctrl Pts',(174.373310414854,144.573054047237,-65.9278076772934));
#915=CARTESIAN_POINT('Ctrl Pts',(174.438218490237,144.723587834777,-65.9278076772934));
#916=CARTESIAN_POINT('Ctrl Pts',(175.289029281954,146.676672115411,-65.9278076772934));
#917=CARTESIAN_POINT('Ctrl Pts',(177.097595030717,150.329437329812,-65.9278076772937));
#918=CARTESIAN_POINT('Ctrl Pts',(181.126872111976,156.98568175836,-65.9278076772933));
#919=CARTESIAN_POINT('Ctrl Pts',(187.085699277006,164.683475340653,-65.9278076772938));
#920=CARTESIAN_POINT('Ctrl Pts',(195.344812595831,173.062312792424,-65.9278076772933));
#921=CARTESIAN_POINT('Ctrl Pts',(204.340598921378,180.720598888842,-65.9278076772937));
#922=CARTESIAN_POINT('Ctrl Pts',(210.582425189143,185.437568266288,-65.9278076772934));
#923=CARTESIAN_POINT('Ctrl Pts',(213.702713196339,187.721925483372,-65.9278076772934));
#924=CARTESIAN_POINT('Ctrl Pts',(223.,194.375574056765,-65.9278076772935));
#925=CARTESIAN_POINT('Ctrl Pts',(223.,177.557533605999,-39.2611410106268));
#926=CARTESIAN_POINT('Ctrl Pts',(223.,160.739493155233,-12.5944743439602));
#927=CARTESIAN_POINT('Ctrl Pts',(223.,143.921452704467,14.0721923227065));
#928=CARTESIAN_POINT('Ctrl Pts',(223.240164059273,194.205972477174,-65.9278076772935));
#929=CARTESIAN_POINT('Ctrl Pts',(223.193756537361,177.413456201933,-39.2611410106269));
#930=CARTESIAN_POINT('Ctrl Pts',(223.147299524116,160.62099779119,-12.5944743439602));
#931=CARTESIAN_POINT('Ctrl Pts',(223.100892002204,143.828481515949,14.0721923227065));
#932=CARTESIAN_POINT('Ctrl Pts',(223.480716308497,194.036052523905,-65.9278076772935));
#933=CARTESIAN_POINT('Ctrl Pts',(223.387528086516,177.269271988318,-39.2611410106268));
#934=CARTESIAN_POINT('Ctrl Pts',(223.294395103283,160.502429164111,-12.5944743439602));
#935=CARTESIAN_POINT('Ctrl Pts',(223.201206881303,143.735648628524,14.0721923227065));
#936=CARTESIAN_POINT('Ctrl Pts',(226.547075324344,191.869093661651,-65.9278076772935));
#937=CARTESIAN_POINT('Ctrl Pts',(225.855140173841,175.431111600052,-39.2611410106268));
#938=CARTESIAN_POINT('Ctrl Pts',(225.162677608402,158.993660251751,-12.5944743439602));
#939=CARTESIAN_POINT('Ctrl Pts',(224.470742457899,142.555678190153,14.0721923227065));
#940=CARTESIAN_POINT('Ctrl Pts',(231.534921854047,188.326095684221,-65.9278076772935));
#941=CARTESIAN_POINT('Ctrl Pts',(229.8099248893,172.452120062498,-39.2611410106269));
#942=CARTESIAN_POINT('Ctrl Pts',(228.085386240836,156.577721556696,-12.5944743439602));
#943=CARTESIAN_POINT('Ctrl Pts',(226.360389276089,140.703745934972,14.0721923227065));
#944=CARTESIAN_POINT('Ctrl Pts',(236.525140439272,184.592991804772,-65.9278076772935));
#945=CARTESIAN_POINT('Ctrl Pts',(233.6820932568,169.369126516868,-39.2611410106269));
#946=CARTESIAN_POINT('Ctrl Pts',(230.838576953833,154.145563852391,-12.5944743439602));
#947=CARTESIAN_POINT('Ctrl Pts',(227.995529771361,138.921698564487,14.0721923227065));
#948=CARTESIAN_POINT('Ctrl Pts',(239.617986651734,182.197603319833,-65.9278076772935));
#949=CARTESIAN_POINT('Ctrl Pts',(236.052468281475,167.419400814211,-39.2611410106269));
#950=CARTESIAN_POINT('Ctrl Pts',(232.48749744297,152.640664265749,-12.5944743439601));
#951=CARTESIAN_POINT('Ctrl Pts',(228.921979072712,137.862461760127,14.0721923227065));
#952=CARTESIAN_POINT('Ctrl Pts',(243.690747534042,178.991333943794,-65.9278076772936));
#953=CARTESIAN_POINT('Ctrl Pts',(239.158404012114,164.82415829371,-39.2611410106268));
#954=CARTESIAN_POINT('Ctrl Pts',(234.626436328953,150.656350928859,-12.5944743439602));
#955=CARTESIAN_POINT('Ctrl Pts',(230.094092807025,136.489175278775,14.0721923227065));
#956=CARTESIAN_POINT('Ctrl Pts',(248.871337684059,174.581234614742,-65.9278076772935));
#957=CARTESIAN_POINT('Ctrl Pts',(243.031811379545,161.335587416515,-39.261141010627));
#958=CARTESIAN_POINT('Ctrl Pts',(237.192440887789,148.090002645381,-12.5944743439601));
#959=CARTESIAN_POINT('Ctrl Pts',(231.352914583274,134.844355447153,14.0721923227065));
#960=CARTESIAN_POINT('Ctrl Pts',(252.842307920583,170.757019578154,-65.9278076772935));
#961=CARTESIAN_POINT('Ctrl Pts',(245.957477553693,158.378454443336,-39.2611410106269));
#962=CARTESIAN_POINT('Ctrl Pts',(239.073160779858,145.998931141191,-12.5944743439602));
#963=CARTESIAN_POINT('Ctrl Pts',(232.188330412967,133.620366006373,14.0721923227065));
#964=CARTESIAN_POINT('Ctrl Pts',(255.617895606921,167.974106832171,-65.9278076772935));
#965=CARTESIAN_POINT('Ctrl Pts',(247.995528258643,156.238194785217,-39.2611410106269));
#966=CARTESIAN_POINT('Ctrl Pts',(240.372236440403,144.50376750555,-12.5944743439601));
#967=CARTESIAN_POINT('Ctrl Pts',(232.749869092125,132.767855458596,14.0721923227065));
#968=CARTESIAN_POINT('Ctrl Pts',(258.133126689591,165.290733099245,-65.9278076772935));
#969=CARTESIAN_POINT('Ctrl Pts',(249.828831533527,154.197148002657,-39.2611410106268));
#970=CARTESIAN_POINT('Ctrl Pts',(241.526194338206,143.101662904321,-12.5944743439602));
#971=CARTESIAN_POINT('Ctrl Pts',(233.221899182142,132.008077807733,14.0721923227065));
#972=CARTESIAN_POINT('Ctrl Pts',(260.362613479916,162.636097245337,-65.9278076772935));
#973=CARTESIAN_POINT('Ctrl Pts',(251.451436796388,152.187840192669,-39.2611410106269));
#974=CARTESIAN_POINT('Ctrl Pts',(242.539644437545,141.740103551805,-12.5944743439602));
#975=CARTESIAN_POINT('Ctrl Pts',(233.628467754017,131.291846499137,14.0721923227065));
#976=CARTESIAN_POINT('Ctrl Pts',(262.855042241637,159.546938970789,-65.9278076772936));
#977=CARTESIAN_POINT('Ctrl Pts',(253.261949711743,149.856720278614,-39.2611410106269));
#978=CARTESIAN_POINT('Ctrl Pts',(243.669718353341,140.16540557216,-12.5944743439602));
#979=CARTESIAN_POINT('Ctrl Pts',(234.076625823446,130.475186879984,14.0721923227065));
#980=CARTESIAN_POINT('Ctrl Pts',(264.883274960441,156.771135647635,-65.9278076772936));
#981=CARTESIAN_POINT('Ctrl Pts',(254.734578796143,147.767793508319,-39.2611410106269));
#982=CARTESIAN_POINT('Ctrl Pts',(244.584870362155,138.765651377051,-12.5944743439602));
#983=CARTESIAN_POINT('Ctrl Pts',(234.436174197856,129.762309237735,14.0721923227065));
#984=CARTESIAN_POINT('Ctrl Pts',(266.653006345511,153.992977519352,-65.9278076772936));
#985=CARTESIAN_POINT('Ctrl Pts',(256.01815311379,145.685939070048,-39.2611410106269));
#986=CARTESIAN_POINT('Ctrl Pts',(245.383601418826,137.378160591859,-12.5944743439602));
#987=CARTESIAN_POINT('Ctrl Pts',(234.748748187105,129.071122142555,14.0721923227065));
#988=CARTESIAN_POINT('Ctrl Pts',(267.677478464196,152.328985907224,-65.9278076772936));
#989=CARTESIAN_POINT('Ctrl Pts',(256.761956564858,144.438455754505,-39.2611410106269));
#990=CARTESIAN_POINT('Ctrl Pts',(245.845789940321,136.549182450778,-12.5944743439602));
#991=CARTESIAN_POINT('Ctrl Pts',(234.930268040983,128.658652298059,14.0721923227065));
#992=CARTESIAN_POINT('Ctrl Pts',(269.288462013745,149.55889032593,-65.9278076772935));
#993=CARTESIAN_POINT('Ctrl Pts',(257.933286046977,142.36055575819,-39.2611410106269));
#994=CARTESIAN_POINT('Ctrl Pts',(246.578763390531,135.160348545623,-12.5944743439601));
#995=CARTESIAN_POINT('Ctrl Pts',(235.223587423763,127.962013977883,14.0721923227065));
#996=CARTESIAN_POINT('Ctrl Pts',(272.151993003783,143.749521765884,-65.9278076772935));
#997=CARTESIAN_POINT('Ctrl Pts',(260.029946431565,137.982515310495,-39.2611410106268));
#998=CARTESIAN_POINT('Ctrl Pts',(247.90771667144,132.215789805733,-12.5944743439602));
#999=CARTESIAN_POINT('Ctrl Pts',(235.785670099223,126.448783350344,14.0721923227065));
#1000=CARTESIAN_POINT('Ctrl Pts',(273.882115760106,138.8169504459,-65.9278076772934));
#1001=CARTESIAN_POINT('Ctrl Pts',(261.308193506829,134.265062809288,-39.2611410106267));
#1002=CARTESIAN_POINT('Ctrl Pts',(248.733461083985,129.713530659064,-12.5944743439602));
#1003=CARTESIAN_POINT('Ctrl Pts',(236.159538830709,125.161643022452,14.0721923227065));
#1004=CARTESIAN_POINT('Ctrl Pts',(274.915233729374,135.034549510641,-65.9278076772933));
#1005=CARTESIAN_POINT('Ctrl Pts',(262.075172711566,131.41969354858,-39.2611410106267));
#1006=CARTESIAN_POINT('Ctrl Pts',(249.235494036482,127.803436642065,-12.5944743439602));
#1007=CARTESIAN_POINT('Ctrl Pts',(236.395433018675,124.188580680004,14.0721923227065));
#1008=CARTESIAN_POINT('Ctrl Pts',(275.580616303293,132.45159097883,-65.9278076772933));
#1009=CARTESIAN_POINT('Ctrl Pts',(262.570307004155,129.477138488118,-39.2611410106266));
#1010=CARTESIAN_POINT('Ctrl Pts',(249.560073882181,126.500483334087,-12.5944743439603));
#1011=CARTESIAN_POINT('Ctrl Pts',(236.549764583044,123.526030843374,14.0721923227065));
#1012=CARTESIAN_POINT('Ctrl Pts',(276.189750344032,129.334754861607,-65.9278076772933));
#1013=CARTESIAN_POINT('Ctrl Pts',(263.027317429902,127.135543538595,-39.2611410106267));
#1014=CARTESIAN_POINT('Ctrl Pts',(249.865180450128,124.935877645093,-12.5944743439601));
#1015=CARTESIAN_POINT('Ctrl Pts',(236.702747535998,122.736666322082,14.0721923227065));
#1016=CARTESIAN_POINT('Ctrl Pts',(276.529706762125,126.859242946577,-65.9278076772933));
#1017=CARTESIAN_POINT('Ctrl Pts',(263.286359827189,125.280358704172,-39.2611410106266));
#1018=CARTESIAN_POINT('Ctrl Pts',(250.043284201869,123.698721186369,-12.5944743439602));
#1019=CARTESIAN_POINT('Ctrl Pts',(236.799937266932,122.119836943964,14.0721923227064));
#1020=CARTESIAN_POINT('Ctrl Pts',(276.777714476931,124.878229614844,-65.9278076772933));
#1021=CARTESIAN_POINT('Ctrl Pts',(263.476415955109,123.793611612465,-39.2611410106267));
#1022=CARTESIAN_POINT('Ctrl Pts',(250.175146186337,122.711159354958,-12.5944743439602));
#1023=CARTESIAN_POINT('Ctrl Pts',(236.873847664516,121.62654135258,14.0721923227064));
#1024=CARTESIAN_POINT('Ctrl Pts',(277.064900140996,121.699993835966,-65.9278076772933));
#1025=CARTESIAN_POINT('Ctrl Pts',(263.700903051004,121.41722981229,-39.2611410106266));
#1026=CARTESIAN_POINT('Ctrl Pts',(250.337092001805,121.133733124849,-12.5944743439603));
#1027=CARTESIAN_POINT('Ctrl Pts',(236.973094911813,120.850969101173,14.0721923227064));
#1028=CARTESIAN_POINT('Ctrl Pts',(277.110946606405,118.689697866928,-65.9278076772933));
#1029=CARTESIAN_POINT('Ctrl Pts',(263.751724608431,119.162907020467,-39.2611410106267));
#1030=CARTESIAN_POINT('Ctrl Pts',(250.392758579412,119.633642809863,-12.5944743439602));
#1031=CARTESIAN_POINT('Ctrl Pts',(237.033536581438,120.106851963402,14.0721923227064));
#1032=CARTESIAN_POINT('Ctrl Pts',(277.070198045324,116.787649788643,-65.9278076772933));
#1033=CARTESIAN_POINT('Ctrl Pts',(263.733800120583,117.731716269906,-39.2611410106266));
#1034=CARTESIAN_POINT('Ctrl Pts',(250.397465805596,118.67779344299,-12.5944743439602));
#1035=CARTESIAN_POINT('Ctrl Pts',(237.061067880855,119.621859924253,14.0721923227064));
#1036=CARTESIAN_POINT('Ctrl Pts',(276.992777957335,114.268513513561,-65.9278076772933));
#1037=CARTESIAN_POINT('Ctrl Pts',(263.692992147465,115.839411145159,-39.2611410106267));
#1038=CARTESIAN_POINT('Ctrl Pts',(250.393195123034,117.410507533515,-12.5944743439602));
#1039=CARTESIAN_POINT('Ctrl Pts',(237.093409313163,118.981405165112,14.0721923227064));
#1040=CARTESIAN_POINT('Ctrl Pts',(276.724993340392,111.532140691951,-65.9278076772933));
#1041=CARTESIAN_POINT('Ctrl Pts',(263.515785137079,113.783251300292,-39.2611410106266));
#1042=CARTESIAN_POINT('Ctrl Pts',(250.306879314457,116.037058396207,-12.5944743439602));
#1043=CARTESIAN_POINT('Ctrl Pts',(237.097671111145,118.288169004548,14.0721923227065));
#1044=CARTESIAN_POINT('Ctrl Pts',(276.392497327864,109.384253148674,-65.9278076772934));
#1045=CARTESIAN_POINT('Ctrl Pts',(263.288314254444,112.170481416604,-39.2611410106267));
#1046=CARTESIAN_POINT('Ctrl Pts',(250.184140574792,114.957312264916,-12.5944743439602));
#1047=CARTESIAN_POINT('Ctrl Pts',(237.079957501373,117.743540532847,14.0721923227065));
#1048=CARTESIAN_POINT('Ctrl Pts',(276.049476750874,107.311974631794,-65.9278076772934));
#1049=CARTESIAN_POINT('Ctrl Pts',(263.052212199411,110.612755341143,-39.2611410106268));
#1050=CARTESIAN_POINT('Ctrl Pts',(250.056219443578,113.916608498241,-12.5944743439601));
#1051=CARTESIAN_POINT('Ctrl Pts',(237.058954892115,117.21738920759,14.0721923227065));
#1052=CARTESIAN_POINT('Ctrl Pts',(275.506461176594,104.839822953613,-65.9278076772934));
#1053=CARTESIAN_POINT('Ctrl Pts',(262.674963180571,108.755585122872,-39.2611410106267));
#1054=CARTESIAN_POINT('Ctrl Pts',(249.842396453643,112.669731504051,-12.5944743439602));
#1055=CARTESIAN_POINT('Ctrl Pts',(237.01089845762,116.58549367331,14.0721923227065));
#1056=CARTESIAN_POINT('Ctrl Pts',(274.928713050628,102.827896125991,-65.9278076772935));
#1057=CARTESIAN_POINT('Ctrl Pts',(262.266454786516,107.233948425293,-39.2611410106268));
#1058=CARTESIAN_POINT('Ctrl Pts',(249.605858459661,111.643288444076,-12.5944743439602));
#1059=CARTESIAN_POINT('Ctrl Pts',(236.94360019555,116.049340743379,14.0721923227065));
#1060=CARTESIAN_POINT('Ctrl Pts',(274.316430608466,100.849463810481,-65.9278076772935));
#1061=CARTESIAN_POINT('Ctrl Pts',(261.834123441443,105.738846403257,-39.2611410106268));
#1062=CARTESIAN_POINT('Ctrl Pts',(249.348777571096,110.622291410043,-12.5944743439602));
#1063=CARTESIAN_POINT('Ctrl Pts',(236.866470404073,115.51167400282,14.0721923227065));
#1064=CARTESIAN_POINT('Ctrl Pts',(273.713805069175,99.138004485112,-65.9278076772935));
#1065=CARTESIAN_POINT('Ctrl Pts',(261.398788377586,104.419500409232,-39.2611410106268));
#1066=CARTESIAN_POINT('Ctrl Pts',(249.085965342692,109.706981102711,-12.5944743439602));
#1067=CARTESIAN_POINT('Ctrl Pts',(236.770948651103,114.988477026831,14.0721923227065));
#1068=CARTESIAN_POINT('Ctrl Pts',(273.009865862552,97.3889513513757,-65.9278076772935));
#1069=CARTESIAN_POINT('Ctrl Pts',(260.898628921661,103.12224892582,-39.2611410106269));
#1070=CARTESIAN_POINT('Ctrl Pts',(248.786891610339,108.854688599183,-12.5944743439602));
#1071=CARTESIAN_POINT('Ctrl Pts',(236.675654669448,114.587986173627,14.0721923227065));
#1072=CARTESIAN_POINT('Ctrl Pts',(272.241055247693,95.6042459344566,-65.9278076772935));
#1073=CARTESIAN_POINT('Ctrl Pts',(260.354273718116,101.808603183135,-39.2611410106268));
#1074=CARTESIAN_POINT('Ctrl Pts',(248.467233731649,108.014279542686,-12.5944743439602));
#1075=CARTESIAN_POINT('Ctrl Pts',(236.580452202072,114.218636791364,14.0721923227065));
#1076=CARTESIAN_POINT('Ctrl Pts',(271.125323001017,93.2101248243568,-65.9278076772935));
#1077=CARTESIAN_POINT('Ctrl Pts',(259.56205284872,100.048864721452,-39.2611410106269));
#1078=CARTESIAN_POINT('Ctrl Pts',(247.998597822076,106.887298505668,-12.5944743439601));
#1079=CARTESIAN_POINT('Ctrl Pts',(236.435327669779,113.726038402763,14.0721923227065));
#1080=CARTESIAN_POINT('Ctrl Pts',(269.856442068139,90.8934897282035,-65.9278076772935));
#1081=CARTESIAN_POINT('Ctrl Pts',(258.669503162978,98.3729684770603,-39.2611410106268));
#1082=CARTESIAN_POINT('Ctrl Pts',(247.482928952644,105.853897784953,-12.5944743439602));
#1083=CARTESIAN_POINT('Ctrl Pts',(236.295990047483,113.333376533809,14.0721923227065));
#1084=CARTESIAN_POINT('Ctrl Pts',(268.859584693722,89.2096176348933,-65.9278076772935));
#1085=CARTESIAN_POINT('Ctrl Pts',(257.966152821208,97.1482678203126,-39.2611410106269));
#1086=CARTESIAN_POINT('Ctrl Pts',(247.072214205452,105.086193665083,-12.5944743439602));
#1087=CARTESIAN_POINT('Ctrl Pts',(236.178782332938,113.024843850502,14.0721923227065));
#1088=CARTESIAN_POINT('Ctrl Pts',(267.600974813004,87.1329968399807,-65.9278076772935));
#1089=CARTESIAN_POINT('Ctrl Pts',(257.076210721941,95.6331372893123,-39.2611410106269));
#1090=CARTESIAN_POINT('Ctrl Pts',(246.551351071452,104.133591854383,-12.5944743439601));
#1091=CARTESIAN_POINT('Ctrl Pts',(236.026586980389,112.633732303715,14.0721923227065));
#1092=CARTESIAN_POINT('Ctrl Pts',(265.850513397842,84.5629199557513,-65.9278076772935));
#1093=CARTESIAN_POINT('Ctrl Pts',(255.830555396621,93.73869349041,-39.2611410106268));
#1094=CARTESIAN_POINT('Ctrl Pts',(245.810227558765,102.913820228566,-12.5944743439602));
#1095=CARTESIAN_POINT('Ctrl Pts',(235.790269557543,112.089593763225,14.0721923227065));
#1096=CARTESIAN_POINT('Ctrl Pts',(264.25182221574,82.4564934487803,-65.9278076772935));
#1097=CARTESIAN_POINT('Ctrl Pts',(254.682809437358,92.166306591989,-39.2611410106268));
#1098=CARTESIAN_POINT('Ctrl Pts',(245.113699723712,101.876128763086,-12.5944743439602));
#1099=CARTESIAN_POINT('Ctrl Pts',(235.54468694533,111.585941906295,14.0721923227065));
#1100=CARTESIAN_POINT('Ctrl Pts',(263.033779233389,80.8928797033832,-65.9278076772935));
#1101=CARTESIAN_POINT('Ctrl Pts',(253.806560675485,90.995681300935,-39.2611410106268));
#1102=CARTESIAN_POINT('Ctrl Pts',(244.579115139148,101.098216768245,-12.5944743439602));
#1103=CARTESIAN_POINT('Ctrl Pts',(235.351896581245,111.201018365796,14.0721923227065));
#1104=CARTESIAN_POINT('Ctrl Pts',(261.062121667124,78.4853586240121,-65.9278076772935));
#1105=CARTESIAN_POINT('Ctrl Pts',(252.382461935277,89.1818316437048,-39.2611410106268));
#1106=CARTESIAN_POINT('Ctrl Pts',(243.702684978097,99.8782918254611,-12.5944743439602));
#1107=CARTESIAN_POINT('Ctrl Pts',(235.023025246249,110.574764845154,14.0721923227065));
#1108=CARTESIAN_POINT('Ctrl Pts',(258.992405772442,76.2170666853419,-65.9278076772935));
#1109=CARTESIAN_POINT('Ctrl Pts',(250.871866610174,87.4458180797072,-39.2611410106268));
#1110=CARTESIAN_POINT('Ctrl Pts',(242.751149936732,98.6743751639118,-12.5944743439602));
#1111=CARTESIAN_POINT('Ctrl Pts',(234.630610774464,109.903126558277,14.0721923227065));
#1112=CARTESIAN_POINT('Ctrl Pts',(257.632316772136,74.8063162340154,-65.9278076772935));
#1113=CARTESIAN_POINT('Ctrl Pts',(249.872205673579,86.3553801054329,-39.2611410106268));
#1114=CARTESIAN_POINT('Ctrl Pts',(242.111885610903,97.9042893805949,-12.5944743439602));
#1115=CARTESIAN_POINT('Ctrl Pts',(234.351774512345,109.453353252012,14.0721923227065));
#1116=CARTESIAN_POINT('Ctrl Pts',(256.08298522595,73.2094937605744,-65.9278076772935));
#1117=CARTESIAN_POINT('Ctrl Pts',(248.73247092542,85.1195935680983,-39.2611410106268));
#1118=CARTESIAN_POINT('Ctrl Pts',(241.381945564383,97.0297675215068,-12.5944743439602));
#1119=CARTESIAN_POINT('Ctrl Pts',(234.031431263852,108.939867329031,14.0721923227065));
#1120=CARTESIAN_POINT('Ctrl Pts',(253.936822654171,71.1489140754099,-65.9278076772935));
#1121=CARTESIAN_POINT('Ctrl Pts',(247.140029104407,83.5031630055401,-39.2611410106268));
#1122=CARTESIAN_POINT('Ctrl Pts',(240.342727259998,95.8569231483406,-12.5944743439602));
#1123=CARTESIAN_POINT('Ctrl Pts',(233.545933710235,108.211172078471,14.0721923227065));
#1124=CARTESIAN_POINT('Ctrl Pts',(251.949258351326,69.3766975306425,-65.9278076772935));
#1125=CARTESIAN_POINT('Ctrl Pts',(245.644803526393,82.0861379035546,-39.2611410106269));
#1126=CARTESIAN_POINT('Ctrl Pts',(239.340053720079,94.7954823194813,-12.5944743439602));
#1127=CARTESIAN_POINT('Ctrl Pts',(233.035598895146,107.504922692393,14.0721923227065));
#1128=CARTESIAN_POINT('Ctrl Pts',(249.245153261394,67.0176804390014,-65.9278076772935));
#1129=CARTESIAN_POINT('Ctrl Pts',(243.602407373916,80.18912922756,-39.2611410106268));
#1130=CARTESIAN_POINT('Ctrl Pts',(237.959962368455,93.3605356962621,-12.5944743439602));
#1131=CARTESIAN_POINT('Ctrl Pts',(232.317216480977,106.531984484821,14.0721923227065));
#1132=CARTESIAN_POINT('Ctrl Pts',(247.154720386038,65.353260351363,-65.9278076772935));
#1133=CARTESIAN_POINT('Ctrl Pts',(241.998930667192,78.8148777264606,-39.2611410106269));
#1134=CARTESIAN_POINT('Ctrl Pts',(236.836728348157,92.2716031119207,-12.5944743439601));
#1135=CARTESIAN_POINT('Ctrl Pts',(231.680938629311,105.733220487018,14.0721923227065));
#1136=CARTESIAN_POINT('Ctrl Pts',(244.766181829974,63.6056906855922,-65.9278076772935));
#1137=CARTESIAN_POINT('Ctrl Pts',(240.12750036363,77.3253287755368,-39.2611410106269));
#1138=CARTESIAN_POINT('Ctrl Pts',(235.491231430938,91.0467996215961,-12.5944743439602));
#1139=CARTESIAN_POINT('Ctrl Pts',(230.852549964594,104.766437711541,14.0721923227065));
#1140=CARTESIAN_POINT('Ctrl Pts',(242.718214579876,62.1334843127939,-65.9278076772935));
#1141=CARTESIAN_POINT('Ctrl Pts',(238.524576605236,76.0698463013077,-39.2611410106268));
#1142=CARTESIAN_POINT('Ctrl Pts',(234.330670699634,90.0059768178827,-12.5944743439602));
#1143=CARTESIAN_POINT('Ctrl Pts',(230.137032724993,103.942338806397,14.0721923227065));
#1144=CARTESIAN_POINT('Ctrl Pts',(240.624270771927,60.7683975824265,-65.9278076772935));
#1145=CARTESIAN_POINT('Ctrl Pts',(236.87293022325,74.8845800121488,-39.2611410106268));
#1146=CARTESIAN_POINT('Ctrl Pts',(233.12310595645,89.0019426652689,-12.5944743439602));
#1147=CARTESIAN_POINT('Ctrl Pts',(229.371765407773,103.118125094991,14.0721923227065));
#1148=CARTESIAN_POINT('Ctrl Pts',(237.297042577519,58.7836213457486,-65.9278076772935));
#1149=CARTESIAN_POINT('Ctrl Pts',(234.243550129279,73.1401151940077,-39.2611410106268));
#1150=CARTESIAN_POINT('Ctrl Pts',(231.190042961037,87.4965660193349,-12.5944743439602));
#1151=CARTESIAN_POINT('Ctrl Pts',(228.136550512797,101.853059867594,14.0721923227065));
#1152=CARTESIAN_POINT('Ctrl Pts',(235.043707882768,57.5511533503098,-65.9278076772935));
#1153=CARTESIAN_POINT('Ctrl Pts',(232.455372881722,72.0385779452769,-39.2611410106267));
#1154=CARTESIAN_POINT('Ctrl Pts',(229.867635843066,86.5265076385087,-12.5944743439602));
#1155=CARTESIAN_POINT('Ctrl Pts',(227.279300842019,101.013932233476,14.0721923227065));
#1156=CARTESIAN_POINT('Ctrl Pts',(232.727078144597,56.4448796818486,-65.9278076772935));
#1157=CARTESIAN_POINT('Ctrl Pts',(230.614736249711,71.0270989845935,-39.2611410106268));
#1158=CARTESIAN_POINT('Ctrl Pts',(228.502536377146,85.6093877664451,-12.5944743439602));
#1159=CARTESIAN_POINT('Ctrl Pts',(226.390194482261,100.19160706919,14.0721923227065));
#1160=CARTESIAN_POINT('Ctrl Pts',(229.162312041084,54.809966493745,-65.9278076772935));
#1161=CARTESIAN_POINT('Ctrl Pts',(227.782165437979,69.5214693002584,-39.2611410106268));
#1162=CARTESIAN_POINT('Ctrl Pts',(226.402346241721,84.2333488360839,-12.5944743439602));
#1163=CARTESIAN_POINT('Ctrl Pts',(225.022199638617,98.9448516425973,14.0721923227065));
#1164=CARTESIAN_POINT('Ctrl Pts',(226.139622004194,53.6721186941458,-65.9278076772935));
#1165=CARTESIAN_POINT('Ctrl Pts',(225.415989026754,68.4661189190325,-39.2611410106269));
#1166=CARTESIAN_POINT('Ctrl Pts',(224.692408412496,83.260355767017,-12.5944743439601));
#1167=CARTESIAN_POINT('Ctrl Pts',(223.968775435056,98.0543559919036,14.0721923227065));
#1168=CARTESIAN_POINT('Ctrl Pts',(223.,52.7536160968561,-65.9278076772935));
#1169=CARTESIAN_POINT('Ctrl Pts',(223.,67.5983132236826,-39.2611410106268));
#1170=CARTESIAN_POINT('Ctrl Pts',(223.,82.443010350509,-12.5944743439602));
#1171=CARTESIAN_POINT('Ctrl Pts',(223.,97.2877074773355,14.0721923227065));
#1172=CARTESIAN_POINT('',(271.894425503441,143.943154582955,-65.9278076772935));
#1173=CARTESIAN_POINT('Ctrl Pts',(223.,52.7536160968561,-65.9278076772935));
#1174=CARTESIAN_POINT('Ctrl Pts',(226.139622004194,53.6721186941458,-65.9278076772935));
#1175=CARTESIAN_POINT('Ctrl Pts',(229.162312041084,54.809966493745,-65.9278076772935));
#1176=CARTESIAN_POINT('Ctrl Pts',(232.083283795462,56.149615464993,-65.9278076772935));
#1177=CARTESIAN_POINT('Ctrl Pts',(232.727078144597,56.4448796818486,-65.9278076772935));
#1178=CARTESIAN_POINT('Ctrl Pts',(233.365941860251,56.7499599865333,-65.9278076772935));
#1179=CARTESIAN_POINT('Ctrl Pts',(233.99999194381,57.0646374575951,-65.9278076772935));
#1180=CARTESIAN_POINT('Ctrl Pts',(235.665116540345,57.8910346313003,-65.9278076772935));
#1181=CARTESIAN_POINT('Ctrl Pts',(237.297042577519,58.7836213457486,-65.9278076772935));
#1182=CARTESIAN_POINT('Ctrl Pts',(238.899003760043,59.7392319325117,-65.9278076772935));
#1183=CARTESIAN_POINT('Ctrl Pts',(240.624270771927,60.7683975824265,-65.9278076772935));
#1184=CARTESIAN_POINT('Ctrl Pts',(242.3135463528,61.8696724450223,-65.9278076772935));
#1185=CARTESIAN_POINT('Ctrl Pts',(243.972898776338,63.0406645301289,-65.9278076772935));
#1186=CARTESIAN_POINT('Ctrl Pts',(244.370398871013,63.3211772518936,-65.9278076772935));
#1187=CARTESIAN_POINT('Ctrl Pts',(244.766181829974,63.6056906855922,-65.9278076772935));
#1188=CARTESIAN_POINT('Ctrl Pts',(245.159271853226,63.8932942492059,-65.9278076772935));
#1189=CARTESIAN_POINT('Ctrl Pts',(247.154720386038,65.353260351363,-65.9278076772935));
#1190=CARTESIAN_POINT('Ctrl Pts',(249.245153261394,67.0176804390014,-65.9278076772935));
#1191=CARTESIAN_POINT('Ctrl Pts',(251.383136864303,68.8828223965719,-65.9278076772935));
#1192=CARTESIAN_POINT('Ctrl Pts',(251.949258351326,69.3766975306425,-65.9278076772935));
#1193=CARTESIAN_POINT('Ctrl Pts',(252.517307371698,69.8831998212615,-65.9278076772935));
#1194=CARTESIAN_POINT('Ctrl Pts',(253.086666065105,70.4020756808131,-65.9278076772935));
#1195=CARTESIAN_POINT('Ctrl Pts',(254.509454130067,71.6987106294237,-65.9278076772935));
#1196=CARTESIAN_POINT('Ctrl Pts',(255.940420652509,73.0726142586581,-65.9278076772935));
#1197=CARTESIAN_POINT('Ctrl Pts',(257.35137401934,74.5176728791,-65.9278076772935));
#1198=CARTESIAN_POINT('Ctrl Pts',(257.491944718747,74.6616414224513,-65.9278076772935));
#1199=CARTESIAN_POINT('Ctrl Pts',(257.632316772136,74.8063162340154,-65.9278076772935));
#1200=CARTESIAN_POINT('Ctrl Pts',(257.772470888281,74.9516908988804,-65.9278076772935));
#1201=CARTESIAN_POINT('Ctrl Pts',(258.992405772442,76.2170666853419,-65.9278076772935));
#1202=CARTESIAN_POINT('Ctrl Pts',(260.195299653775,77.5353705651713,-65.9278076772935));
#1203=CARTESIAN_POINT('Ctrl Pts',(261.365071451629,78.9007031808112,-65.9278076772935));
#1204=CARTESIAN_POINT('Ctrl Pts',(262.208025232265,79.8845807988997,-65.9278076772935));
#1205=CARTESIAN_POINT('Ctrl Pts',(263.033779233389,80.8928797033832,-65.9278076772935));
#1206=CARTESIAN_POINT('Ctrl Pts',(263.836292016407,81.9230732487389,-65.9278076772935));
#1207=CARTESIAN_POINT('Ctrl Pts',(264.25182221574,82.4564934487803,-65.9278076772935));
#1208=CARTESIAN_POINT('Ctrl Pts',(264.66079295278,82.9953509909502,-65.9278076772935));
#1209=CARTESIAN_POINT('Ctrl Pts',(265.062685476953,83.5395756039835,-65.9278076772935));
#1210=CARTESIAN_POINT('Ctrl Pts',(266.231814975526,85.1227577003803,-65.9278076772935));
#1211=CARTESIAN_POINT('Ctrl Pts',(267.341044173653,86.751359334628,-65.9278076772935));
#1212=CARTESIAN_POINT('Ctrl Pts',(268.377714109163,88.4235304473443,-65.9278076772935));
#1213=CARTESIAN_POINT('Ctrl Pts',(268.620641611963,88.8153777834637,-65.9278076772935));
#1214=CARTESIAN_POINT('Ctrl Pts',(268.859584693722,89.2096176348933,-65.9278076772935));
#1215=CARTESIAN_POINT('Ctrl Pts',(269.094388965321,89.6062444447889,-65.9278076772935));
#1216=CARTESIAN_POINT('Ctrl Pts',(269.856442068139,90.8934897282035,-65.9278076772935));
#1217=CARTESIAN_POINT('Ctrl Pts',(270.574818590372,92.2050519248895,-65.9278076772935));
#1218=CARTESIAN_POINT('Ctrl Pts',(271.24410706111,93.5414503610311,-65.9278076772935));
#1219=CARTESIAN_POINT('Ctrl Pts',(271.756994444998,94.565555702318,-65.9278076772935));
#1220=CARTESIAN_POINT('Ctrl Pts',(272.241055247693,95.6042459344566,-65.9278076772935));
#1221=CARTESIAN_POINT('Ctrl Pts',(272.693459296257,96.6544498995219,-65.9278076772935));
#1222=CARTESIAN_POINT('Ctrl Pts',(273.009865862552,97.3889513513757,-65.9278076772935));
#1223=CARTESIAN_POINT('Ctrl Pts',(273.31202286495,98.1397102904312,-65.9278076772935));
#1224=CARTESIAN_POINT('Ctrl Pts',(273.595513360493,98.8835427693153,-65.9278076772935));
#1225=CARTESIAN_POINT('Ctrl Pts',(273.972474461087,99.8726267573386,-65.9278076772935));
#1226=CARTESIAN_POINT('Ctrl Pts',(274.316430608466,100.849463810481,-65.9278076772935));
#1227=CARTESIAN_POINT('Ctrl Pts',(274.71005594058,102.12136224106,-65.9278076772935));
#1228=CARTESIAN_POINT('Ctrl Pts',(274.928713050628,102.827896125991,-65.9278076772935));
#1229=CARTESIAN_POINT('Ctrl Pts',(275.149862820261,103.598019185591,-65.9278076772935));
#1230=CARTESIAN_POINT('Ctrl Pts',(275.365923588353,104.435574232194,-65.9278076772935));
#1231=CARTESIAN_POINT('Ctrl Pts',(275.714316059651,105.786110357339,-65.9278076772934));
#1232=CARTESIAN_POINT('Ctrl Pts',(276.049476750874,107.311974631794,-65.9278076772934));
#1233=CARTESIAN_POINT('Ctrl Pts',(276.328900547638,109.000048088556,-65.9278076772934));
#1234=CARTESIAN_POINT('Ctrl Pts',(276.392497327864,109.384253148674,-65.9278076772934));
#1235=CARTESIAN_POINT('Ctrl Pts',(276.453309509901,109.777093132783,-65.9278076772934));
#1236=CARTESIAN_POINT('Ctrl Pts',(276.510847631204,110.178281992178,-65.9278076772933));
#1237=CARTESIAN_POINT('Ctrl Pts',(276.767904304243,111.970628894045,-65.9278076772933));
#1238=CARTESIAN_POINT('Ctrl Pts',(276.959612850764,113.929613925966,-65.9278076772933));
#1239=CARTESIAN_POINT('Ctrl Pts',(277.044154396611,116.049401284399,-65.9278076772933));
#1240=CARTESIAN_POINT('Ctrl Pts',(277.058779875905,116.416119278594,-65.9278076772933));
#1241=CARTESIAN_POINT('Ctrl Pts',(277.070198045324,116.787649788643,-65.9278076772933));
#1242=CARTESIAN_POINT('Ctrl Pts',(277.078239272168,117.162995559385,-65.9278076772933));
#1243=CARTESIAN_POINT('Ctrl Pts',(277.110946606405,118.689697866928,-65.9278076772933));
#1244=CARTESIAN_POINT('Ctrl Pts',(277.086119935736,120.312745933177,-65.9278076772933));
#1245=CARTESIAN_POINT('Ctrl Pts',(276.991194206993,121.984614027645,-65.9278076772933));
#1246=CARTESIAN_POINT('Ctrl Pts',(276.910059506882,123.413589272444,-65.9278076772933));
#1247=CARTESIAN_POINT('Ctrl Pts',(276.777714476931,124.878229614844,-65.9278076772933));
#1248=CARTESIAN_POINT('Ctrl Pts',(276.595608443525,126.33283952587,-65.9278076772933));
#1249=CARTESIAN_POINT('Ctrl Pts',(276.529706762125,126.859242946577,-65.9278076772933));
#1250=CARTESIAN_POINT('Ctrl Pts',(276.45709621637,127.387982107266,-65.9278076772933));
#1251=CARTESIAN_POINT('Ctrl Pts',(276.377817475268,127.917264601467,-65.9278076772933));
#1252=CARTESIAN_POINT('Ctrl Pts',(276.085919873103,129.866037863727,-65.9278076772933));
#1253=CARTESIAN_POINT('Ctrl Pts',(275.703624883623,131.82217682651,-65.9278076772933));
#1254=CARTESIAN_POINT('Ctrl Pts',(275.229702179844,133.776830674252,-65.9278076772933));
#1255=CARTESIAN_POINT('Ctrl Pts',(275.077211143911,134.405766970734,-65.9278076772933));
#1256=CARTESIAN_POINT('Ctrl Pts',(274.915233729374,135.034549510641,-65.9278076772933));
#1257=CARTESIAN_POINT('Ctrl Pts',(274.74365049544,135.662741647274,-65.9278076772933));
#1258=CARTESIAN_POINT('Ctrl Pts',(273.9829160805,138.447905247313,-65.9278076772934));
#1259=CARTESIAN_POINT('Ctrl Pts',(273.037189319629,141.216276740841,-65.9278076772934));
#1260=CARTESIAN_POINT('Ctrl Pts',(271.894971148647,143.942359253277,-65.9278076772935));
#1261=CARTESIAN_POINT('',(232.297286803661,187.721925483372,-65.9278076772935));
#1262=CARTESIAN_POINT('Ctrl Pts',(271.894971148647,143.942359253277,-65.9278076772935));
#1263=CARTESIAN_POINT('Ctrl Pts',(271.743622720951,144.303575973959,-65.9278076772935));
#1264=CARTESIAN_POINT('Ctrl Pts',(271.588824434879,144.664050214369,-65.9278076772935));
#1265=CARTESIAN_POINT('Ctrl Pts',(271.430549538875,145.023722658283,-65.9278076772935));
#1266=CARTESIAN_POINT('Ctrl Pts',(270.653307522812,146.789969501507,-65.9278076772935));
#1267=CARTESIAN_POINT('Ctrl Pts',(269.792226826716,148.536880968843,-65.9278076772935));
#1268=CARTESIAN_POINT('Ctrl Pts',(268.833174698803,150.284260029942,-65.9278076772936));
#1269=CARTESIAN_POINT('Ctrl Pts',(268.272092888426,151.306542947087,-65.9278076772936));
#1270=CARTESIAN_POINT('Ctrl Pts',(267.677478464196,152.328985907224,-65.9278076772936));
#1271=CARTESIAN_POINT('Ctrl Pts',(267.049360504393,153.349202072678,-65.9278076772936));
#1272=CARTESIAN_POINT('Ctrl Pts',(266.653006345511,153.992977519352,-65.9278076772936));
#1273=CARTESIAN_POINT('Ctrl Pts',(266.242972908886,154.636655839371,-65.9278076772936));
#1274=CARTESIAN_POINT('Ctrl Pts',(265.819062758543,155.280207750152,-65.9278076772936));
#1275=CARTESIAN_POINT('Ctrl Pts',(264.413348711191,157.414268377036,-65.9278076772936));
#1276=CARTESIAN_POINT('Ctrl Pts',(262.855042241637,159.546938970789,-65.9278076772936));
#1277=CARTESIAN_POINT('Ctrl Pts',(261.129687003523,161.685373373493,-65.9278076772935));
#1278=CARTESIAN_POINT('Ctrl Pts',(260.362613479916,162.636097245337,-65.9278076772935));
#1279=CARTESIAN_POINT('Ctrl Pts',(259.564516714565,163.586386028111,-65.9278076772935));
#1280=CARTESIAN_POINT('Ctrl Pts',(258.729803278165,164.540357423244,-65.9278076772935));
#1281=CARTESIAN_POINT('Ctrl Pts',(257.232741094171,166.251309275685,-65.9278076772935));
#1282=CARTESIAN_POINT('Ctrl Pts',(255.617895606921,167.974106832171,-65.9278076772935));
#1283=CARTESIAN_POINT('Ctrl Pts',(253.962718778973,169.633651840973,-65.9278076772935));
#1284=CARTESIAN_POINT('Ctrl Pts',(252.842307920583,170.757019578154,-65.9278076772935));
#1285=CARTESIAN_POINT('Ctrl Pts',(251.69737878963,171.859635547961,-65.9278076772935));
#1286=CARTESIAN_POINT('Ctrl Pts',(250.532296272881,172.942511189373,-65.9278076772935));
#1287=CARTESIAN_POINT('Ctrl Pts',(247.656510344563,175.615384987515,-65.9278076772935));
#1288=CARTESIAN_POINT('Ctrl Pts',(244.657938725786,178.167989671759,-65.9278076772936));
#1289=CARTESIAN_POINT('Ctrl Pts',(241.598195296864,180.623586934332,-65.9278076772935));
#1290=CARTESIAN_POINT('Ctrl Pts',(240.611273098668,181.415641400518,-65.9278076772935));
#1291=CARTESIAN_POINT('Ctrl Pts',(239.617986651734,182.197603319833,-65.9278076772935));
#1292=CARTESIAN_POINT('Ctrl Pts',(238.620437319641,182.970198534436,-65.9278076772935));
#1293=CARTESIAN_POINT('Ctrl Pts',(236.525140439272,184.592991804772,-65.9278076772935));
#1294=CARTESIAN_POINT('Ctrl Pts',(234.410986425635,186.174557104022,-65.9278076772935));
#1295=CARTESIAN_POINT('Ctrl Pts',(232.297258166212,187.722000778293,-65.9278076772935));
#1296=CARTESIAN_POINT('Ctrl Pts',(232.297258166212,187.722000778293,-65.9278076772935));
#1297=CARTESIAN_POINT('Ctrl Pts',(229.421772784505,189.827120792915,-65.9278076772935));
#1298=CARTESIAN_POINT('Ctrl Pts',(226.547075324344,191.869093661651,-65.9278076772935));
#1299=CARTESIAN_POINT('Ctrl Pts',(223.721626191397,193.865804420843,-65.9278076772935));
#1300=CARTESIAN_POINT('Ctrl Pts',(223.480716308497,194.036052523905,-65.9278076772935));
#1301=CARTESIAN_POINT('Ctrl Pts',(223.240164059273,194.205972477174,-65.9278076772935));
#1302=CARTESIAN_POINT('Ctrl Pts',(223.,194.375574056765,-65.9278076772935));
#1303=CARTESIAN_POINT('Origin',(247.802176286445,111.712475203716,-853.560668634236));
#1304=CARTESIAN_POINT('',(223.,77.6290229515068,-853.560668634236));
#1305=CARTESIAN_POINT('',(223.,146.195777203496,-853.560668634236));
#1306=CARTESIAN_POINT('Ctrl Pts',(223.,77.6290229515068,-853.560668634236));
#1307=CARTESIAN_POINT('Ctrl Pts',(225.888341726464,78.4017082822269,-853.560668634236));
#1308=CARTESIAN_POINT('Ctrl Pts',(228.620652099821,79.6351116461997,-853.560668634259));
#1309=CARTESIAN_POINT('Ctrl Pts',(233.681227294335,82.8495715522833,-853.560668634259));
#1310=CARTESIAN_POINT('Ctrl Pts',(235.986297867602,84.8208772266235,-853.560668634251));
#1311=CARTESIAN_POINT('Ctrl Pts',(241.304013591501,90.6438571146156,-853.560668634251));
#1312=CARTESIAN_POINT('Ctrl Pts',(243.896995724518,94.9376942224579,-853.560668634249));
#1313=CARTESIAN_POINT('Ctrl Pts',(247.021116645447,103.415788021335,-853.560668634249));
#1314=CARTESIAN_POINT('Ctrl Pts',(247.817931888004,107.564083094873,-853.560668634236));
#1315=CARTESIAN_POINT('Ctrl Pts',(247.792370467262,114.297075447262,-853.560668634236));
#1316=CARTESIAN_POINT('Ctrl Pts',(247.462762501527,118.570876547407,-853.560668634256));
#1317=CARTESIAN_POINT('Ctrl Pts',(243.622534567745,128.189104915768,-853.560668634256));
#1318=CARTESIAN_POINT('Ctrl Pts',(240.977269927538,132.300651050047,-853.560668634241));
#1319=CARTESIAN_POINT('Ctrl Pts',(235.706953697323,138.109102969498,-853.560668634241));
#1320=CARTESIAN_POINT('Ctrl Pts',(233.388134187257,140.170648187576,-853.56066863424));
#1321=CARTESIAN_POINT('Ctrl Pts',(228.434363123013,143.656720812118,-853.56066863424));
#1322=CARTESIAN_POINT('Ctrl Pts',(225.784334680705,145.113281291442,-853.560668634236));
#1323=CARTESIAN_POINT('Ctrl Pts',(223.,146.195777203496,-853.560668634236));
#1324=CARTESIAN_POINT('Ctrl Pts',(223.,77.6290229515068,-853.560668634236));
#1325=CARTESIAN_POINT('Ctrl Pts',(220.111658278989,78.4017082807681,-853.560668634236));
#1326=CARTESIAN_POINT('Ctrl Pts',(217.37934791046,79.6351116415521,-853.560668634259));
#1327=CARTESIAN_POINT('Ctrl Pts',(212.318772723847,82.8495715388414,-853.560668634259));
#1328=CARTESIAN_POINT('Ctrl Pts',(210.013702153587,84.8208772076012,-853.56066863425));
#1329=CARTESIAN_POINT('Ctrl Pts',(204.695986427483,90.6438570870449,-853.56066863425));
#1330=CARTESIAN_POINT('Ctrl Pts',(202.103004290413,94.9376941936384,-853.560668634249));
#1331=CARTESIAN_POINT('Ctrl Pts',(198.978883361467,103.415787992613,-853.560668634249));
#1332=CARTESIAN_POINT('Ctrl Pts',(198.182068115222,107.564083067517,-853.560668634236));
#1333=CARTESIAN_POINT('Ctrl Pts',(198.207629530588,114.2970754275,-853.560668634236));
#1334=CARTESIAN_POINT('Ctrl Pts',(198.537237494295,118.57087652856,-853.560668634256));
#1335=CARTESIAN_POINT('Ctrl Pts',(202.377465421638,128.189104896336,-853.560668634256));
#1336=CARTESIAN_POINT('Ctrl Pts',(205.022730058622,132.300651030561,-853.560668634241));
#1337=CARTESIAN_POINT('Ctrl Pts',(210.293046287158,138.109102955115,-853.560668634241));
#1338=CARTESIAN_POINT('Ctrl Pts',(212.611865799607,140.170648177168,-853.56066863424));
#1339=CARTESIAN_POINT('Ctrl Pts',(217.565636869653,143.65672080809,-853.56066863424));
#1340=CARTESIAN_POINT('Ctrl Pts',(220.215665315449,145.113281289947,-853.560668634236));
#1341=CARTESIAN_POINT('Ctrl Pts',(223.,146.195777203496,-853.560668634236));
#1342=CARTESIAN_POINT('Ctrl Pts',(223.,194.375574056765,-65.9278076772935));
#1343=CARTESIAN_POINT('Ctrl Pts',(223.,208.767547722629,-90.1690644615481));
#1344=CARTESIAN_POINT('Ctrl Pts',(223.,219.627405323585,-161.990156566249));
#1345=CARTESIAN_POINT('Ctrl Pts',(223.,231.564620105599,-269.33098553884));
#1346=CARTESIAN_POINT('Ctrl Pts',(223.,237.854478699212,-362.410662444771));
#1347=CARTESIAN_POINT('Ctrl Pts',(223.,236.683939678889,-432.038748989554));
#1348=CARTESIAN_POINT('Ctrl Pts',(223.,236.153994502908,-495.736946907443));
#1349=CARTESIAN_POINT('Ctrl Pts',(223.,223.930401963679,-546.471218195304));
#1350=CARTESIAN_POINT('Ctrl Pts',(223.,213.467386530338,-597.737003619833));
#1351=CARTESIAN_POINT('Ctrl Pts',(223.,205.825745052713,-638.921037500478));
#1352=CARTESIAN_POINT('Ctrl Pts',(223.,191.12279087831,-702.270773113607));
#1353=CARTESIAN_POINT('Ctrl Pts',(223.,172.149981352125,-779.226998667054));
#1354=CARTESIAN_POINT('Ctrl Pts',(223.,155.321534384698,-820.90485745025));
#1355=CARTESIAN_POINT('Ctrl Pts',(223.,146.195777203496,-853.560668634236));
#1356=CARTESIAN_POINT('Ctrl Pts',(226.057335915955,192.216512445901,-65.9278076772935));
#1357=CARTESIAN_POINT('Ctrl Pts',(226.520207574558,206.719472668075,-90.1690644615481));
#1358=CARTESIAN_POINT('Ctrl Pts',(227.627348874123,217.844798672429,-161.990156566249));
#1359=CARTESIAN_POINT('Ctrl Pts',(229.178217040211,230.131032176867,-269.33098553884));
#1360=CARTESIAN_POINT('Ctrl Pts',(229.987251820734,236.541574954345,-362.410662444771));
#1361=CARTESIAN_POINT('Ctrl Pts',(230.209536223382,235.327289280659,-432.038748989554));
#1362=CARTESIAN_POINT('Ctrl Pts',(230.197703810367,234.682834633805,-495.736946907443));
#1363=CARTESIAN_POINT('Ctrl Pts',(229.877011189431,222.343688745944,-546.471218195304));
#1364=CARTESIAN_POINT('Ctrl Pts',(229.350359807911,211.867731230654,-597.737003619833));
#1365=CARTESIAN_POINT('Ctrl Pts',(228.845299063236,204.257709279258,-638.921037500478));
#1366=CARTESIAN_POINT('Ctrl Pts',(227.80072478097,189.732031918792,-702.270773113607));
#1367=CARTESIAN_POINT('Ctrl Pts',(226.351602371768,171.082875205067,-779.226998667054));
#1368=CARTESIAN_POINT('Ctrl Pts',(225.268572512484,154.522740439025,-820.90485745025));
#1369=CARTESIAN_POINT('Ctrl Pts',(224.678779931353,145.543099770169,-853.560668634236));
#1370=CARTESIAN_POINT('Ctrl Pts',(232.296661676974,187.796052955011,-65.9278076772933));
#1371=CARTESIAN_POINT('Ctrl Pts',(233.788869850032,202.466943574268,-90.1690644615478));
#1372=CARTESIAN_POINT('Ctrl Pts',(237.358077999274,213.993941779993,-161.990156566248));
#1373=CARTESIAN_POINT('Ctrl Pts',(242.286385117046,226.773802870017,-269.33098553884));
#1374=CARTESIAN_POINT('Ctrl Pts',(244.66548743902,233.256371292837,-362.41066244477));
#1375=CARTESIAN_POINT('Ctrl Pts',(245.078833419937,231.829503602029,-432.038748989554));
#1376=CARTESIAN_POINT('Ctrl Pts',(244.69172569656,230.843333946708,-495.736946907444));
#1377=CARTESIAN_POINT('Ctrl Pts',(243.393635181652,218.214369793788,-546.471218195306));
#1378=CARTESIAN_POINT('Ctrl Pts',(241.615867312295,207.71830549021,-597.737003619835));
#1379=CARTESIAN_POINT('Ctrl Pts',(239.99912638279,200.202509424852,-638.92103750048));
#1380=CARTESIAN_POINT('Ctrl Pts',(236.879331821674,186.160131027888,-702.270773113608));
#1381=CARTESIAN_POINT('Ctrl Pts',(232.70687290216,168.381801792406,-779.226998667055));
#1382=CARTESIAN_POINT('Ctrl Pts',(229.641402426871,152.540615715102,-820.90485745025));
#1383=CARTESIAN_POINT('Ctrl Pts',(227.972019326761,143.952497587566,-853.560668634236));
#1384=CARTESIAN_POINT('Ctrl Pts',(240.098944511681,181.899841233204,-65.9278076772937));
#1385=CARTESIAN_POINT('Ctrl Pts',(243.002580883758,196.609925467691,-90.1690644615484));
#1386=CARTESIAN_POINT('Ctrl Pts',(249.947779810271,208.23067076139,-161.99015656625));
#1387=CARTESIAN_POINT('Ctrl Pts',(259.401554611923,221.02768444011,-269.330985538841));
#1388=CARTESIAN_POINT('Ctrl Pts',(263.59443286122,227.212431765209,-362.410662444771));
#1389=CARTESIAN_POINT('Ctrl Pts',(263.820835279331,225.319419696834,-432.038748989554));
#1390=CARTESIAN_POINT('Ctrl Pts',(262.402559490277,223.774187817318,-495.736946907442));
#1391=CARTESIAN_POINT('Ctrl Pts',(259.371159962302,210.777277023385,-546.471218195302));
#1392=CARTESIAN_POINT('Ctrl Pts',(255.753671425993,200.356275264625,-597.737003619831));
#1393=CARTESIAN_POINT('Ctrl Pts',(252.623318363165,193.081618079424,-638.921037500476));
#1394=CARTESIAN_POINT('Ctrl Pts',(247.010032945274,179.967778294136,-702.270773113605));
#1395=CARTESIAN_POINT('Ctrl Pts',(239.820879946599,163.776170469284,-779.226998667053));
#1396=CARTESIAN_POINT('Ctrl Pts',(234.651267166042,149.222364251464,-820.904857450249));
#1397=CARTESIAN_POINT('Ctrl Pts',(231.836017670232,141.335322907466,-853.560668634236));
#1398=CARTESIAN_POINT('Ctrl Pts',(246.157294241395,176.891455840633,-65.9278076772935));
#1399=CARTESIAN_POINT('Ctrl Pts',(250.184657281394,191.509133814121,-90.1690644615481));
#1400=CARTESIAN_POINT('Ctrl Pts',(259.817694575962,202.908852855749,-161.990156566249));
#1401=CARTESIAN_POINT('Ctrl Pts',(272.843812030737,215.30628262923,-269.330985538841));
#1402=CARTESIAN_POINT('Ctrl Pts',(278.382352111417,221.040820463517,-362.410662444771));
#1403=CARTESIAN_POINT('Ctrl Pts',(278.329649816875,218.721237253141,-432.038748989554));
#1404=CARTESIAN_POINT('Ctrl Pts',(275.940495299514,216.738568232219,-495.736946907443));
#1405=CARTESIAN_POINT('Ctrl Pts',(271.413306225769,203.527828352011,-546.471218195304));
#1406=CARTESIAN_POINT('Ctrl Pts',(266.289840477033,193.278186052873,-597.737003619833));
#1407=CARTESIAN_POINT('Ctrl Pts',(261.951913164168,186.297972506059,-638.921037500478));
#1408=CARTESIAN_POINT('Ctrl Pts',(254.442456257852,174.123707114505,-702.270773113607));
#1409=CARTESIAN_POINT('Ctrl Pts',(245.040508730394,159.465213150198,-779.226998667054));
#1410=CARTESIAN_POINT('Ctrl Pts',(238.359147888447,146.135290786315,-820.904857450249));
#1411=CARTESIAN_POINT('Ctrl Pts',(234.720635965008,138.914747795091,-853.560668634236));
#1412=CARTESIAN_POINT('Ctrl Pts',(250.563103278329,172.972243873005,-65.9278076772933));
#1413=CARTESIAN_POINT('Ctrl Pts',(255.410273818426,187.45341654893,-90.1690644615479));
#1414=CARTESIAN_POINT('Ctrl Pts',(267.004206156319,198.526628988282,-161.990156566249));
#1415=CARTESIAN_POINT('Ctrl Pts',(282.627243201176,210.40449068311,-269.33098553884));
#1416=CARTESIAN_POINT('Ctrl Pts',(289.117790307742,215.700849244851,-362.410662444771));
#1417=CARTESIAN_POINT('Ctrl Pts',(288.822134520284,213.051485759163,-432.038748989555));
#1418=CARTESIAN_POINT('Ctrl Pts',(285.67941878255,210.768255597063,-495.736946907444));
#1419=CARTESIAN_POINT('Ctrl Pts',(280.02520823036,197.458654538922,-546.471218195305));
#1420=CARTESIAN_POINT('Ctrl Pts',(273.788144858925,187.406030793992,-597.737003619834));
#1421=CARTESIAN_POINT('Ctrl Pts',(268.565844210155,180.704244117148,-638.921037500479));
#1422=CARTESIAN_POINT('Ctrl Pts',(259.693758849057,169.333203431275,-702.270773113608));
#1423=CARTESIAN_POINT('Ctrl Pts',(248.725479116607,155.946961979979,-779.226998667055));
#1424=CARTESIAN_POINT('Ctrl Pts',(240.98365438236,143.621584362462,-820.90485745025));
#1425=CARTESIAN_POINT('Ctrl Pts',(236.767638772504,136.948092806379,-853.560668634236));
#1426=CARTESIAN_POINT('Ctrl Pts',(254.784744063581,168.872894066539,-65.9278076772935));
#1427=CARTESIAN_POINT('Ctrl Pts',(260.409001046946,183.144857106634,-90.1690644615482));
#1428=CARTESIAN_POINT('Ctrl Pts',(273.861644063453,193.71766166015,-161.990156566249));
#1429=CARTESIAN_POINT('Ctrl Pts',(291.942535617226,204.842311644698,-269.330985538841));
#1430=CARTESIAN_POINT('Ctrl Pts',(299.323489455386,209.605355992463,-362.410662444771));
#1431=CARTESIAN_POINT('Ctrl Pts',(298.781667367038,206.633584467375,-432.038748989554));
#1432=CARTESIAN_POINT('Ctrl Pts',(294.90639349026,204.100312161878,-495.736946907442));
#1433=CARTESIAN_POINT('Ctrl Pts',(288.168155773388,190.775016976606,-546.471218195303));
#1434=CARTESIAN_POINT('Ctrl Pts',(280.865575970265,181.001020709014,-597.737003619832));
#1435=CARTESIAN_POINT('Ctrl Pts',(274.799403123194,174.642236292025,-638.921037500477));
#1436=CARTESIAN_POINT('Ctrl Pts',(264.634202382317,164.173195817311,-702.270773113606));
#1437=CARTESIAN_POINT('Ctrl Pts',(252.186124591698,152.172076137868,-779.226998667054));
#1438=CARTESIAN_POINT('Ctrl Pts',(243.445142916015,140.927383910587,-820.90485745025));
#1439=CARTESIAN_POINT('Ctrl Pts',(238.685009942826,134.84240819295,-853.560668634237));
#1440=CARTESIAN_POINT('Ctrl Pts',(258.775735632896,164.576160984781,-65.9278076772937));
#1441=CARTESIAN_POINT('Ctrl Pts',(265.113757437313,178.561125409695,-90.1690644615482));
#1442=CARTESIAN_POINT('Ctrl Pts',(280.273652338606,188.447458856418,-161.990156566249));
#1443=CARTESIAN_POINT('Ctrl Pts',(300.614417908921,198.572506723796,-269.33098553884));
#1444=CARTESIAN_POINT('Ctrl Pts',(308.820603148405,202.711978323772,-362.410662444771));
#1445=CARTESIAN_POINT('Ctrl Pts',(308.062444378038,199.440950416545,-432.038748989554));
#1446=CARTESIAN_POINT('Ctrl Pts',(303.525548690802,196.729252455772,-495.736946907443));
#1447=CARTESIAN_POINT('Ctrl Pts',(295.797659251956,183.491392431784,-546.471218195304));
#1448=CARTESIAN_POINT('Ctrl Pts',(287.511484897466,174.089923804146,-597.737003619833));
#1449=CARTESIAN_POINT('Ctrl Pts',(280.66181008261,168.145402041424,-638.921037500478));
#1450=CARTESIAN_POINT('Ctrl Pts',(269.2821245673,158.67799849356,-702.270773113607));
#1451=CARTESIAN_POINT('Ctrl Pts',(255.431218960549,148.167058428061,-779.226998667054));
#1452=CARTESIAN_POINT('Ctrl Pts',(245.737687438748,138.070292195285,-820.90485745025));
#1453=CARTESIAN_POINT('Ctrl Pts',(240.458818229818,132.610449967222,-853.560668634237));
#1454=CARTESIAN_POINT('Ctrl Pts',(261.870620123826,160.816692823528,-65.9278076772935));
#1455=CARTESIAN_POINT('Ctrl Pts',(268.734343283563,174.493059027935,-90.1690644615481));
#1456=CARTESIAN_POINT('Ctrl Pts',(285.151661643157,183.64125733818,-161.990156566249));
#1457=CARTESIAN_POINT('Ctrl Pts',(307.163603882023,192.71652195764,-269.330985538841));
#1458=CARTESIAN_POINT('Ctrl Pts',(315.999203063944,196.265865640422,-362.410662444771));
#1459=CARTESIAN_POINT('Ctrl Pts',(315.110324001587,192.779465031032,-432.038748989555));
#1460=CARTESIAN_POINT('Ctrl Pts',(310.119060028693,189.998356316386,-495.736946907443));
#1461=CARTESIAN_POINT('Ctrl Pts',(301.684561648566,176.93770089144,-546.471218195305));
#1462=CARTESIAN_POINT('Ctrl Pts',(292.67348755638,167.936014591239,-597.737003619833));
#1463=CARTESIAN_POINT('Ctrl Pts',(285.237074356371,162.401970737456,-638.921037500478));
#1464=CARTESIAN_POINT('Ctrl Pts',(272.919437092825,153.852345775106,-702.270773113607));
#1465=CARTESIAN_POINT('Ctrl Pts',(257.958738572706,144.662434300361,-779.226998667054));
#1466=CARTESIAN_POINT('Ctrl Pts',(247.500860857591,135.569218857458,-820.90485745025));
#1467=CARTESIAN_POINT('Ctrl Pts',(241.805746694408,130.655886779215,-853.560668634237));
#1468=CARTESIAN_POINT('Ctrl Pts',(264.185022090176,157.69320992125,-65.9278076772934));
#1469=CARTESIAN_POINT('Ctrl Pts',(271.417502462928,171.078380758458,-90.1690644615479));
#1470=CARTESIAN_POINT('Ctrl Pts',(288.716850068545,179.530069763636,-161.990156566249));
#1471=CARTESIAN_POINT('Ctrl Pts',(311.908893791422,187.628747793667,-269.33098553884));
#1472=CARTESIAN_POINT('Ctrl Pts',(321.211162364586,190.666151477399,-362.41066244477));
#1473=CARTESIAN_POINT('Ctrl Pts',(320.263899913445,187.03597678492,-432.038748989554));
#1474=CARTESIAN_POINT('Ctrl Pts',(314.992247886584,184.257785421483,-495.736946907442));
#1475=CARTESIAN_POINT('Ctrl Pts',(306.088998907936,171.411796824187,-546.471218195304));
#1476=CARTESIAN_POINT('Ctrl Pts',(296.571803937701,162.789860058639,-597.737003619833));
#1477=CARTESIAN_POINT('Ctrl Pts',(288.715673990882,157.626775238812,-638.921037500478));
#1478=CARTESIAN_POINT('Ctrl Pts',(275.696798946171,149.861595289227,-702.270773113607));
#1479=CARTESIAN_POINT('Ctrl Pts',(259.879171792301,141.771896152723,-779.226998667054));
#1480=CARTESIAN_POINT('Ctrl Pts',(248.820252843379,133.505013297124,-820.90485745025));
#1481=CARTESIAN_POINT('Ctrl Pts',(242.797825764846,129.041682504959,-853.560668634236));
#1482=CARTESIAN_POINT('Ctrl Pts',(265.834335617666,155.290495053554,-65.9278076772934));
#1483=CARTESIAN_POINT('Ctrl Pts',(273.315168332586,168.434605925687,-90.1690644615479));
#1484=CARTESIAN_POINT('Ctrl Pts',(291.208549143189,176.309704340266,-161.990156566249));
#1485=CARTESIAN_POINT('Ctrl Pts',(315.200567611609,183.606389173834,-269.33098553884));
#1486=CARTESIAN_POINT('Ctrl Pts',(324.833798228195,186.240701298424,-362.41066244477));
#1487=CARTESIAN_POINT('Ctrl Pts',(323.869280777862,182.518919807219,-432.038748989554));
#1488=CARTESIAN_POINT('Ctrl Pts',(318.434182686608,179.774688831831,-495.736946907442));
#1489=CARTESIAN_POINT('Ctrl Pts',(309.233177572686,167.128500717928,-546.471218195304));
#1490=CARTESIAN_POINT('Ctrl Pts',(299.377042113983,158.822730373347,-597.737003619833));
#1491=CARTESIAN_POINT('Ctrl Pts',(291.233227666267,153.959874792998,-638.921037500478));
#1492=CARTESIAN_POINT('Ctrl Pts',(277.714291150578,146.808072639331,-702.270773113607));
#1493=CARTESIAN_POINT('Ctrl Pts',(261.268881730442,139.56405117936,-779.226998667054));
#1494=CARTESIAN_POINT('Ctrl Pts',(249.76319846973,131.92741628601,-820.90485745025));
#1495=CARTESIAN_POINT('Ctrl Pts',(243.497474057934,127.807303706364,-853.560668634236));
#1496=CARTESIAN_POINT('Ctrl Pts',(267.391426063811,152.825528990518,-65.9278076772935));
#1497=CARTESIAN_POINT('Ctrl Pts',(275.089623847408,165.704624169353,-90.1690644615482));
#1498=CARTESIAN_POINT('Ctrl Pts',(293.502919498639,172.945832360519,-161.990156566249));
#1499=CARTESIAN_POINT('Ctrl Pts',(318.201792617792,179.36749923047,-269.330985538841));
#1500=CARTESIAN_POINT('Ctrl Pts',(328.14616925071,181.580078660606,-362.410662444772));
#1501=CARTESIAN_POINT('Ctrl Pts',(327.194984470264,177.785939681314,-432.038748989555));
#1502=CARTESIAN_POINT('Ctrl Pts',(321.649554128318,175.111670190721,-495.736946907443));
#1503=CARTESIAN_POINT('Ctrl Pts',(312.211160268723,162.708188185099,-546.471218195305));
#1504=CARTESIAN_POINT('Ctrl Pts',(302.061147754031,154.752469618481,-597.737003619833));
#1505=CARTESIAN_POINT('Ctrl Pts',(293.659400374489,150.213232097372,-638.921037500478));
#1506=CARTESIAN_POINT('Ctrl Pts',(279.667722511613,143.700039440798,-702.270773113607));
#1507=CARTESIAN_POINT('Ctrl Pts',(262.608665502218,137.320623773027,-779.226998667054));
#1508=CARTESIAN_POINT('Ctrl Pts',(250.658701456799,130.322917609322,-820.904857450249));
#1509=CARTESIAN_POINT('Ctrl Pts',(244.15103218216,126.550750583888,-853.560668634236));
#1510=CARTESIAN_POINT('Ctrl Pts',(269.336462505753,149.45277013021,-65.9278076772936));
#1511=CARTESIAN_POINT('Ctrl Pts',(277.283008091704,161.947568283985,-90.1690644615479));
#1512=CARTESIAN_POINT('Ctrl Pts',(296.290326089156,168.269577600397,-161.990156566248));
#1513=CARTESIAN_POINT('Ctrl Pts',(321.806138320052,173.430857202102,-269.330985538839));
#1514=CARTESIAN_POINT('Ctrl Pts',(332.135951176039,175.059059674615,-362.410662444769));
#1515=CARTESIAN_POINT('Ctrl Pts',(331.239636190019,171.195970517308,-432.038748989553));
#1516=CARTESIAN_POINT('Ctrl Pts',(325.613757837253,168.664548508688,-495.736946907443));
#1517=CARTESIAN_POINT('Ctrl Pts',(315.936393771824,156.642617186176,-546.471218195305));
#1518=CARTESIAN_POINT('Ctrl Pts',(305.454159096594,149.198718087407,-597.737003619834));
#1519=CARTESIAN_POINT('Ctrl Pts',(296.748804264928,145.121739015886,-638.921037500479));
#1520=CARTESIAN_POINT('Ctrl Pts',(282.167302235847,139.491979806708,-702.270773113608));
#1521=CARTESIAN_POINT('Ctrl Pts',(264.316458464092,134.287694377287,-779.226998667055));
#1522=CARTESIAN_POINT('Ctrl Pts',(251.783735923396,128.151094157259,-820.904857450249));
#1523=CARTESIAN_POINT('Ctrl Pts',(244.958710082675,124.847865169678,-853.560668634236));
#1524=CARTESIAN_POINT('Ctrl Pts',(271.506750188099,145.069434132201,-65.9278076772933));
#1525=CARTESIAN_POINT('Ctrl Pts',(279.693047935655,157.034232743356,-90.1690644615483));
#1526=CARTESIAN_POINT('Ctrl Pts',(299.2738283926,162.088537780454,-161.99015656625));
#1527=CARTESIAN_POINT('Ctrl Pts',(325.594379794286,165.524560605911,-269.330985538843));
#1528=CARTESIAN_POINT('Ctrl Pts',(336.347869271862,166.388519490514,-362.410662444773));
#1529=CARTESIAN_POINT('Ctrl Pts',(335.5728110532,162.485535947518,-432.038748989556));
#1530=CARTESIAN_POINT('Ctrl Pts',(329.94784725412,160.214637627118,-495.736946907443));
#1531=CARTESIAN_POINT('Ctrl Pts',(320.095213019312,148.765122823126,-546.471218195303));
#1532=CARTESIAN_POINT('Ctrl Pts',(309.297933981023,142.035921580105,-597.737003619831));
#1533=CARTESIAN_POINT('Ctrl Pts',(300.283674388778,138.588230911161,-638.921037500476));
#1534=CARTESIAN_POINT('Ctrl Pts',(285.046073405923,134.117403468964,-702.270773113604));
#1535=CARTESIAN_POINT('Ctrl Pts',(266.273072985737,130.421847569442,-779.226998667053));
#1536=CARTESIAN_POINT('Ctrl Pts',(253.047092301705,125.379153147018,-820.904857450249));
#1537=CARTESIAN_POINT('Ctrl Pts',(245.844534386274,122.671639520701,-853.560668634236));
#1538=CARTESIAN_POINT('Ctrl Pts',(273.65281099569,139.535127291049,-65.9278076772936));
#1539=CARTESIAN_POINT('Ctrl Pts',(282.02985396893,150.810358263502,-90.1690644615477));
#1540=CARTESIAN_POINT('Ctrl Pts',(302.066877345751,154.215288582014,-161.990156566248));
#1541=CARTESIAN_POINT('Ctrl Pts',(329.048566772607,155.420607666007,-269.330985538838));
#1542=CARTESIAN_POINT('Ctrl Pts',(340.206169261651,155.335087231634,-362.410662444768));
#1543=CARTESIAN_POINT('Ctrl Pts',(339.616332331685,151.439582465143,-432.038748989553));
#1544=CARTESIAN_POINT('Ctrl Pts',(334.094222771127,149.575978890217,-495.736946907443));
#1545=CARTESIAN_POINT('Ctrl Pts',(324.173405873917,138.923242912912,-546.471218195305));
#1546=CARTESIAN_POINT('Ctrl Pts',(313.130503341467,133.140416483181,-597.737003619835));
#1547=CARTESIAN_POINT('Ctrl Pts',(303.847409715386,130.510135796116,-638.921037500481));
#1548=CARTESIAN_POINT('Ctrl Pts',(287.969238813195,127.500777394956,-702.270773113609));
#1549=CARTESIAN_POINT('Ctrl Pts',(268.248842367647,125.673541437728,-779.226998667056));
#1550=CARTESIAN_POINT('Ctrl Pts',(254.294834685797,121.973061055569,-820.90485745025));
#1551=CARTESIAN_POINT('Ctrl Pts',(246.695810395504,119.996485617571,-853.560668634237));
#1552=CARTESIAN_POINT('Ctrl Pts',(275.31485249259,133.79755343573,-65.9278076772938));
#1553=CARTESIAN_POINT('Ctrl Pts',(283.802154499503,144.346184085084,-90.1690644615486));
#1554=CARTESIAN_POINT('Ctrl Pts',(304.102906120562,146.013161320863,-161.99015656625));
#1555=CARTESIAN_POINT('Ctrl Pts',(331.482598002597,144.87547458659,-269.330985538842));
#1556=CARTESIAN_POINT('Ctrl Pts',(342.924607899147,143.8135364297,-362.410662444773));
#1557=CARTESIAN_POINT('Ctrl Pts',(342.509105848213,139.957754523154,-432.038748989555));
#1558=CARTESIAN_POINT('Ctrl Pts',(337.123858189509,138.559960864136,-495.736946907443));
#1559=CARTESIAN_POINT('Ctrl Pts',(327.215583160771,128.774823187394,-546.471218195303));
#1560=CARTESIAN_POINT('Ctrl Pts',(316.028277262656,123.99844807362,-597.737003619831));
#1561=CARTESIAN_POINT('Ctrl Pts',(306.5656144095,122.229190859804,-638.921037500476));
#1562=CARTESIAN_POINT('Ctrl Pts',(290.211658503368,120.735929945713,-702.270773113605));
#1563=CARTESIAN_POINT('Ctrl Pts',(269.75869184576,120.828087523592,-779.226998667054));
#1564=CARTESIAN_POINT('Ctrl Pts',(255.232527057597,118.499590259354,-820.90485745025));
#1565=CARTESIAN_POINT('Ctrl Pts',(247.321919468236,117.270164548994,-853.560668634237));
#1566=CARTESIAN_POINT('Ctrl Pts',(276.467139779328,127.927749195622,-65.9278076772931));
#1567=CARTESIAN_POINT('Ctrl Pts',(284.998929490475,137.729359683007,-90.1690644615474));
#1568=CARTESIAN_POINT('Ctrl Pts',(305.406091114748,137.60954168613,-161.990156566248));
#1569=CARTESIAN_POINT('Ctrl Pts',(332.957779580143,134.06492544324,-269.330985538839));
#1570=CARTESIAN_POINT('Ctrl Pts',(344.551151542187,132.00529746487,-362.410662444769));
#1571=CARTESIAN_POINT('Ctrl Pts',(344.254455277081,128.198520921338,-432.038748989554));
#1572=CARTESIAN_POINT('Ctrl Pts',(338.98019824028,127.289024919498,-495.736946907443));
#1573=CARTESIAN_POINT('Ctrl Pts',(329.110849781879,118.40329405855,-546.471218195305));
#1574=CARTESIAN_POINT('Ctrl Pts',(317.852745160864,114.664747793988,-597.737003619834));
#1575=CARTESIAN_POINT('Ctrl Pts',(308.28863875713,113.78141126809,-638.92103750048));
#1576=CARTESIAN_POINT('Ctrl Pts',(291.639633624691,113.842543016439,-702.270773113608));
#1577=CARTESIAN_POINT('Ctrl Pts',(270.718135110561,115.898052577541,-779.226998667054));
#1578=CARTESIAN_POINT('Ctrl Pts',(255.821671460605,114.971274625048,-820.904857450249));
#1579=CARTESIAN_POINT('Ctrl Pts',(247.709407823061,114.505192273885,-853.560668634235));
#1580=CARTESIAN_POINT('Ctrl Pts',(277.084671718826,121.984989756007,-65.9278076772938));
#1581=CARTESIAN_POINT('Ctrl Pts',(285.612634142102,131.038207141586,-90.1690644615486));
#1582=CARTESIAN_POINT('Ctrl Pts',(306.010641288264,129.128309981471,-161.99015656625));
#1583=CARTESIAN_POINT('Ctrl Pts',(333.551665726078,123.1687619957,-269.330985538842));
#1584=CARTESIAN_POINT('Ctrl Pts',(345.145277082732,120.098128062055,-362.410662444772));
#1585=CARTESIAN_POINT('Ctrl Pts',(344.855915848213,116.325245677999,-432.038748989555));
#1586=CARTESIAN_POINT('Ctrl Pts',(339.592312207475,115.887452367586,-495.736946907442));
#1587=CARTESIAN_POINT('Ctrl Pts',(329.721066065803,107.89043871353,-546.471218195303));
#1588=CARTESIAN_POINT('Ctrl Pts',(318.43177558124,105.190353898378,-597.737003619832));
#1589=CARTESIAN_POINT('Ctrl Pts',(308.830771978368,105.198073444634,-638.921037500476));
#1590=CARTESIAN_POINT('Ctrl Pts',(292.087694654625,106.835726199382,-702.270773113605));
#1591=CARTESIAN_POINT('Ctrl Pts',(271.02335340748,110.893279721935,-779.226998667053));
#1592=CARTESIAN_POINT('Ctrl Pts',(256.015938709677,111.399856065681,-820.90485745025));
#1593=CARTESIAN_POINT('Ctrl Pts',(247.8432537418,111.714344741999,-853.560668634237));
#1594=CARTESIAN_POINT('Ctrl Pts',(277.141985888491,116.040302102493,-65.9278076772933));
#1595=CARTESIAN_POINT('Ctrl Pts',(285.614591672975,124.356915584582,-90.1690644615478));
#1596=CARTESIAN_POINT('Ctrl Pts',(305.880191444711,120.685137808497,-161.990156566248));
#1597=CARTESIAN_POINT('Ctrl Pts',(333.224502128381,112.342161305432,-269.33098553884));
#1598=CARTESIAN_POINT('Ctrl Pts',(344.68529433182,108.255467723561,-362.41066244477));
#1599=CARTESIAN_POINT('Ctrl Pts',(344.321606011276,104.488171217535,-432.038748989554));
#1600=CARTESIAN_POINT('Ctrl Pts',(339.004478384313,104.482689512775,-495.736946907443));
#1601=CARTESIAN_POINT('Ctrl Pts',(329.120960890476,97.3369714143753,-546.471218195305));
#1602=CARTESIAN_POINT('Ctrl Pts',(317.854758858326,95.6540251777504,-597.737003619834));
#1603=CARTESIAN_POINT('Ctrl Pts',(308.286663798874,96.5423450237144,-638.92103750048));
#1604=CARTESIAN_POINT('Ctrl Pts',(291.639005926497,99.7602856102231,-702.270773113608));
#1605=CARTESIAN_POINT('Ctrl Pts',(270.726042876299,105.842747333394,-779.226998667055));
#1606=CARTESIAN_POINT('Ctrl Pts',(255.838224906288,107.805762988229,-820.90485745025));
#1607=CARTESIAN_POINT('Ctrl Pts',(247.730669502637,108.913394247999,-853.560668634237));
#1608=CARTESIAN_POINT('Ctrl Pts',(276.612611678304,110.157856282974,-65.9278076772937));
#1609=CARTESIAN_POINT('Ctrl Pts',(284.971693690514,117.754778457358,-90.1690644615481));
#1610=CARTESIAN_POINT('Ctrl Pts',(304.965756299774,112.361573251256,-161.990156566249));
#1611=CARTESIAN_POINT('Ctrl Pts',(331.916426944446,101.683285457753,-269.330985538839));
#1612=CARTESIAN_POINT('Ctrl Pts',(343.136201654428,96.5826619152749,-362.41066244477));
#1613=CARTESIAN_POINT('Ctrl Pts',(342.661607407509,92.7927580503333,-432.038748989553));
#1614=CARTESIAN_POINT('Ctrl Pts',(337.282494411787,93.177367043967,-495.736946907442));
#1615=CARTESIAN_POINT('Ctrl Pts',(327.423898916585,86.8391149851992,-546.471218195304));
#1616=CARTESIAN_POINT('Ctrl Pts',(316.258084345609,86.1430714441819,-597.737003619833));
#1617=CARTESIAN_POINT('Ctrl Pts',(306.801066594423,87.8933891064544,-638.921037500478));
#1618=CARTESIAN_POINT('Ctrl Pts',(290.420760177374,92.679553874205,-702.270773113607));
#1619=CARTESIAN_POINT('Ctrl Pts',(269.904822786004,100.788534287256,-779.226998667054));
#1620=CARTESIAN_POINT('Ctrl Pts',(255.322614676759,104.215430454306,-820.904857450249));
#1621=CARTESIAN_POINT('Ctrl Pts',(247.381487213257,106.120256600596,-853.560668634236));
#1622=CARTESIAN_POINT('Ctrl Pts',(275.473337307202,104.403972446261,-65.9278076772934));
#1623=CARTESIAN_POINT('Ctrl Pts',(283.655421420712,111.303121931513,-90.1690644615483));
#1624=CARTESIAN_POINT('Ctrl Pts',(303.226123299315,104.240916371884,-161.99015656625));
#1625=CARTESIAN_POINT('Ctrl Pts',(329.577966094494,91.291520226401,-269.330985538842));
#1626=CARTESIAN_POINT('Ctrl Pts',(340.469794955517,85.1856413953516,-362.410662444773));
#1627=CARTESIAN_POINT('Ctrl Pts',(339.885605975936,81.3444220587797,-432.038748989556));
#1628=CARTESIAN_POINT('Ctrl Pts',(334.482715396955,82.0734140230989,-495.736946907443));
#1629=CARTESIAN_POINT('Ctrl Pts',(324.725994791559,76.4919026202877,-546.471218195304));
#1630=CARTESIAN_POINT('Ctrl Pts',(313.757128348534,76.743384696378,-597.737003619832));
#1631=CARTESIAN_POINT('Ctrl Pts',(304.496366535843,79.3288748834687,-638.921037500477));
#1632=CARTESIAN_POINT('Ctrl Pts',(288.540716716555,85.6555749956911,-702.270773113606));
#1633=CARTESIAN_POINT('Ctrl Pts',(268.626928957402,95.771967569546,-779.226998667053));
#1634=CARTESIAN_POINT('Ctrl Pts',(254.49917914716,100.65502842941,-820.904857450249));
#1635=CARTESIAN_POINT('Ctrl Pts',(246.805538981342,103.3528476085,-853.560668634236));
#1636=CARTESIAN_POINT('Ctrl Pts',(273.692775697426,98.847687818558,-65.9278076772933));
#1637=CARTESIAN_POINT('Ctrl Pts',(281.628676531967,105.075828329245,-90.1690644615476));
#1638=CARTESIAN_POINT('Ctrl Pts',(300.610533381194,96.408638462817,-161.990156566248));
#1639=CARTESIAN_POINT('Ctrl Pts',(326.150142699593,81.2678261098189,-269.330985538839));
#1640=CARTESIAN_POINT('Ctrl Pts',(336.652147131482,74.1714464647389,-362.410662444769));
#1641=CARTESIAN_POINT('Ctrl Pts',(336.003309874033,70.249367921664,-432.038748989553));
#1642=CARTESIAN_POINT('Ctrl Pts',(330.668363544236,71.2732722626684,-495.736946907442));
#1643=CARTESIAN_POINT('Ctrl Pts',(321.13591321939,66.3906737430849,-546.471218195304));
#1644=CARTESIAN_POINT('Ctrl Pts',(310.482531937597,67.5409616492718,-597.737003619833));
#1645=CARTESIAN_POINT('Ctrl Pts',(301.511170091738,70.9264172786756,-638.921037500479));
#1646=CARTESIAN_POINT('Ctrl Pts',(286.120644202487,78.7500969768194,-702.270773113607));
#1647=CARTESIAN_POINT('Ctrl Pts',(266.967630659985,90.8338032958632,-779.226998667054));
#1648=CARTESIAN_POINT('Ctrl Pts',(253.400567756471,97.1499711459264,-820.90485745025));
#1649=CARTESIAN_POINT('Ctrl Pts',(246.012264488885,100.628226675448,-853.560668634236));
#1650=CARTESIAN_POINT('Ctrl Pts',(271.329599820719,93.504861724108,-65.9278076772937));
#1651=CARTESIAN_POINT('Ctrl Pts',(278.936662504829,99.0993945840339,-90.1690644615484));
#1652=CARTESIAN_POINT('Ctrl Pts',(297.13197239131,88.9166805224246,-161.99015656625));
#1653=CARTESIAN_POINT('Ctrl Pts',(321.609327170981,71.6993091036375,-269.330985538842));
#1654=CARTESIAN_POINT('Ctrl Pts',(331.663406418876,63.6442466026642,-362.410662444772));
#1655=CARTESIAN_POINT('Ctrl Pts',(331.024567699037,59.6148486672862,-432.038748989555));
#1656=CARTESIAN_POINT('Ctrl Pts',(325.891251928263,60.8815927231128,-495.736946907444));
#1657=CARTESIAN_POINT('Ctrl Pts',(316.744398545914,56.6317635763107,-546.471218195305));
#1658=CARTESIAN_POINT('Ctrl Pts',(306.544100377781,58.621978294833,-597.737003619834));
#1659=CARTESIAN_POINT('Ctrl Pts',(297.962388476644,62.763320364572,-638.921037500479));
#1660=CARTESIAN_POINT('Ctrl Pts',(283.263759013807,72.0242875723764,-702.270773113608));
#1661=CARTESIAN_POINT('Ctrl Pts',(264.991423166588,86.014360638757,-779.226998667055));
#1662=CARTESIAN_POINT('Ctrl Pts',(252.055631319778,93.7255187817773,-820.90485745025));
#1663=CARTESIAN_POINT('Ctrl Pts',(245.01110341788,97.9634532051763,-853.560668634237));
#1664=CARTESIAN_POINT('Ctrl Pts',(268.452386518824,88.3846864999436,-65.9278076772934));
#1665=CARTESIAN_POINT('Ctrl Pts',(275.640653196826,93.3946338564227,-90.1690644615477));
#1666=CARTESIAN_POINT('Ctrl Pts',(292.834246201667,81.8136515233321,-161.990156566248));
#1667=CARTESIAN_POINT('Ctrl Pts',(315.974982175771,62.6723029658593,-269.330985538839));
#1668=CARTESIAN_POINT('Ctrl Pts',(325.510674245527,53.7068007707613,-362.410662444769));
#1669=CARTESIAN_POINT('Ctrl Pts',(324.95350775947,49.544058888029,-432.038748989553));
#1670=CARTESIAN_POINT('Ctrl Pts',(320.156310011987,50.9953524498253,-495.736946907442));
#1671=CARTESIAN_POINT('Ctrl Pts',(311.559849839003,47.3006584421009,-546.471218195304));
#1672=CARTESIAN_POINT('Ctrl Pts',(301.952462063886,50.0605011041322,-597.737003619833));
#1673=CARTESIAN_POINT('Ctrl Pts',(293.861924257162,54.9045541717665,-638.921037500478));
#1674=CARTESIAN_POINT('Ctrl Pts',(279.982404200324,65.529017500553,-702.270773113607));
#1675=CARTESIAN_POINT('Ctrl Pts',(262.709735974693,81.3482252422553,-779.226998667055));
#1676=CARTESIAN_POINT('Ctrl Pts',(250.474598211636,90.4051993838763,-820.90485745025));
#1677=CARTESIAN_POINT('Ctrl Pts',(243.811630039598,95.3760335373603,-853.560668634237));
#1678=CARTESIAN_POINT('Ctrl Pts',(265.126458990506,83.4987729278799,-65.9278076772937));
#1679=CARTESIAN_POINT('Ctrl Pts',(271.800213319811,87.9865234509931,-90.1690644615485));
#1680=CARTESIAN_POINT('Ctrl Pts',(287.763145816948,75.1565001149041,-161.99015656625));
#1681=CARTESIAN_POINT('Ctrl Pts',(309.273983167611,54.2868191007512,-269.330985538842));
#1682=CARTESIAN_POINT('Ctrl Pts',(318.21197541786,44.47695698806,-362.410662444773));
#1683=CARTESIAN_POINT('Ctrl Pts',(317.806997145624,40.1539496599495,-432.038748989556));
#1684=CARTESIAN_POINT('Ctrl Pts',(313.482402075276,41.722742238289,-495.736946907444));
#1685=CARTESIAN_POINT('Ctrl Pts',(305.604677682773,38.4910064496905,-546.471218195305));
#1686=CARTESIAN_POINT('Ctrl Pts',(296.731421911222,41.9363484522765,-597.737003619833));
#1687=CARTESIAN_POINT('Ctrl Pts',(289.233816486813,47.4191774857952,-638.921037500478));
#1688=CARTESIAN_POINT('Ctrl Pts',(276.298300313049,59.3174528654938,-702.270773113606));
#1689=CARTESIAN_POINT('Ctrl Pts',(260.139126247848,76.8709338999739,-779.226998667054));
#1690=CARTESIAN_POINT('Ctrl Pts',(248.669504684913,87.2128763491165,-820.904857450249));
#1691=CARTESIAN_POINT('Ctrl Pts',(242.42341862531,92.8834740116755,-853.560668634236));
#1692=CARTESIAN_POINT('Ctrl Pts',(261.417454784218,78.8581358075305,-65.9278076772934));
#1693=CARTESIAN_POINT('Ctrl Pts',(267.490598048375,82.9151564402577,-90.1690644615476));
#1694=CARTESIAN_POINT('Ctrl Pts',(282.016930782184,69.0548716013532,-161.990156566248));
#1695=CARTESIAN_POINT('Ctrl Pts',(301.630227838147,46.7412153799018,-269.330985538838));
#1696=CARTESIAN_POINT('Ctrl Pts',(309.886885309953,36.1759334322656,-362.410662444768));
#1697=CARTESIAN_POINT('Ctrl Pts',(309.681253208182,31.6426822443309,-432.038748989553));
#1698=CARTESIAN_POINT('Ctrl Pts',(305.93330628549,33.2185790532291,-495.736946907442));
#1699=CARTESIAN_POINT('Ctrl Pts',(298.910641003308,30.3072209680735,-546.471218195305));
#1700=CARTESIAN_POINT('Ctrl Pts',(290.891459089856,34.3171446998258,-597.737003619834));
#1701=CARTESIAN_POINT('Ctrl Pts',(284.07593145475,40.3509843322113,-638.921037500479));
#1702=CARTESIAN_POINT('Ctrl Pts',(272.203032927041,53.4131965470127,-702.270773113608));
#1703=CARTESIAN_POINT('Ctrl Pts',(257.276224496485,72.5982898734128,-779.226998667054));
#1704=CARTESIAN_POINT('Ctrl Pts',(246.645429320626,84.1653954141675,-820.904857450249));
#1705=CARTESIAN_POINT('Ctrl Pts',(240.856148376518,90.5031880722431,-853.560668634235));
#1706=CARTESIAN_POINT('Ctrl Pts',(258.064128340928,75.2037454540067,-65.9278076772935));
#1707=CARTESIAN_POINT('Ctrl Pts',(263.570247895071,79.0001734688508,-90.1690644615482));
#1708=CARTESIAN_POINT('Ctrl Pts',(276.740318357213,64.5165779470445,-161.99015656625));
#1709=CARTESIAN_POINT('Ctrl Pts',(294.562440406355,41.3043937782928,-269.330985538842));
#1710=CARTESIAN_POINT('Ctrl Pts',(302.176670361648,30.2021222547341,-362.410662444772));
#1711=CARTESIAN_POINT('Ctrl Pts',(302.160303207857,25.4358184069753,-432.038748989555));
#1712=CARTESIAN_POINT('Ctrl Pts',(298.957984498775,26.894204284446,-495.736946907443));
#1713=CARTESIAN_POINT('Ctrl Pts',(292.74054548386,24.0938729330861,-546.471218195304));
#1714=CARTESIAN_POINT('Ctrl Pts',(285.519042201603,28.4460133077734,-597.737003619833));
#1715=CARTESIAN_POINT('Ctrl Pts',(279.337843987302,34.8478525794613,-638.921037500478));
#1716=CARTESIAN_POINT('Ctrl Pts',(268.44490583449,48.7723290390149,-702.270773113606));
#1717=CARTESIAN_POINT('Ctrl Pts',(254.646975541579,69.2239019936545,-779.226998667054));
#1718=CARTESIAN_POINT('Ctrl Pts',(244.781465050936,81.7614281091685,-820.904857450249));
#1719=CARTESIAN_POINT('Ctrl Pts',(239.408940141692,88.6276889813607,-853.560668634236));
#1720=CARTESIAN_POINT('Ctrl Pts',(255.254668809031,72.4143968883836,-65.9278076772935));
#1721=CARTESIAN_POINT('Ctrl Pts',(260.272045769549,76.0751597319152,-90.1690644615481));
#1722=CARTESIAN_POINT('Ctrl Pts',(272.273094322049,61.2670671032305,-161.990156566249));
#1723=CARTESIAN_POINT('Ctrl Pts',(288.549255566568,37.5611296061966,-269.330985538841));
#1724=CARTESIAN_POINT('Ctrl Pts',(295.6031117812,26.0959465944429,-362.410662444771));
#1725=CARTESIAN_POINT('Ctrl Pts',(295.741093492315,21.0979663283427,-432.038748989554));
#1726=CARTESIAN_POINT('Ctrl Pts',(292.99896441099,22.3681953786934,-495.736946907442));
#1727=CARTESIAN_POINT('Ctrl Pts',(287.466019317617,19.5395366122887,-546.471218195303));
#1728=CARTESIAN_POINT('Ctrl Pts',(280.923974691244,24.0710805187717,-597.737003619832));
#1729=CARTESIAN_POINT('Ctrl Pts',(275.283664956608,30.7012246057413,-638.921037500477));
#1730=CARTESIAN_POINT('Ctrl Pts',(265.228078723022,45.2408287632923,-702.270773113606));
#1731=CARTESIAN_POINT('Ctrl Pts',(252.396370855865,66.6450571123344,-779.226998667054));
#1732=CARTESIAN_POINT('Ctrl Pts',(243.186543044515,79.9283292993276,-820.90485745025));
#1733=CARTESIAN_POINT('Ctrl Pts',(238.171087496293,87.2007059370235,-853.560668634237));
#1734=CARTESIAN_POINT('Ctrl Pts',(253.093710973777,70.3903865731475,-65.9278076772935));
#1735=CARTESIAN_POINT('Ctrl Pts',(257.727257853944,73.9895976475897,-90.1690644615481));
#1736=CARTESIAN_POINT('Ctrl Pts',(268.810224415304,59.0342795313352,-161.990156566249));
#1737=CARTESIAN_POINT('Ctrl Pts',(283.870887638399,35.0821478435254,-269.33098553884));
#1738=CARTESIAN_POINT('Ctrl Pts',(290.480198467624,23.3811530211288,-362.41066244477));
#1739=CARTESIAN_POINT('Ctrl Pts',(290.733491911167,18.1838572984968,-432.038748989554));
#1740=CARTESIAN_POINT('Ctrl Pts',(288.345974167914,19.2603176201983,-495.736946907442));
#1741=CARTESIAN_POINT('Ctrl Pts',(283.344350870092,16.3453331704629,-546.471218195303));
#1742=CARTESIAN_POINT('Ctrl Pts',(277.331043522564,20.9594960506669,-597.737003619832));
#1743=CARTESIAN_POINT('Ctrl Pts',(272.112184682419,27.7247450576953,-638.921037500477));
#1744=CARTESIAN_POINT('Ctrl Pts',(262.71071790681,42.6857459786675,-702.270773113606));
#1745=CARTESIAN_POINT('Ctrl Pts',(250.635349365642,64.7731934171076,-779.226998667054));
#1746=CARTESIAN_POINT('Ctrl Pts',(241.93940994436,78.60061328409,-820.90485745025));
#1747=CARTESIAN_POINT('Ctrl Pts',(237.203805923216,86.1693199462506,-853.560668634237));
#1748=CARTESIAN_POINT('Ctrl Pts',(250.888425954493,68.4352966172756,-65.9278076772935));
#1749=CARTESIAN_POINT('Ctrl Pts',(255.122691422398,72.0135747454778,-90.1690644615483));
#1750=CARTESIAN_POINT('Ctrl Pts',(265.250617999249,57.0081871793593,-161.99015656625));
#1751=CARTESIAN_POINT('Ctrl Pts',(279.044714518732,32.9357274064755,-269.330985538842));
#1752=CARTESIAN_POINT('Ctrl Pts',(285.184724291518,21.03709603055,-362.410662444772));
#1753=CARTESIAN_POINT('Ctrl Pts',(285.548889431012,15.6165409386867,-432.038748989555));
#1754=CARTESIAN_POINT('Ctrl Pts',(283.519807316907,16.4481951270032,-495.736946907443));
#1755=CARTESIAN_POINT('Ctrl Pts',(279.06183140975,13.3828202700667,-546.471218195304));
#1756=CARTESIAN_POINT('Ctrl Pts',(273.59267255923,18.0277953130095,-597.737003619832));
#1757=CARTESIAN_POINT('Ctrl Pts',(268.808841253916,24.8917635910611,-638.921037500477));
#1758=CARTESIAN_POINT('Ctrl Pts',(260.086517144769,40.232695717714,-702.270773113606));
#1759=CARTESIAN_POINT('Ctrl Pts',(248.800079227522,62.9693087746905,-779.226998667054));
#1760=CARTESIAN_POINT('Ctrl Pts',(240.6416641245,77.3234057836196,-820.90485745025));
#1761=CARTESIAN_POINT('Ctrl Pts',(236.198783200851,85.1789284262532,-853.560668634237));
#1762=CARTESIAN_POINT('Ctrl Pts',(247.885825168117,65.9262381024644,-65.9278076772935));
#1763=CARTESIAN_POINT('Ctrl Pts',(251.572739576686,69.5211014762999,-90.169064461548));
#1764=CARTESIAN_POINT('Ctrl Pts',(260.391458834644,54.5553841083081,-161.990156566249));
#1765=CARTESIAN_POINT('Ctrl Pts',(272.445456902943,30.4625382736562,-269.33098553884));
#1766=CARTESIAN_POINT('Ctrl Pts',(277.929815750955,18.3491782271547,-362.41066244477));
#1767=CARTESIAN_POINT('Ctrl Pts',(278.429666055197,12.6139389342075,-432.038748989554));
#1768=CARTESIAN_POINT('Ctrl Pts',(276.873182659005,13.0738906522831,-495.736946907443));
#1769=CARTESIAN_POINT('Ctrl Pts',(273.145289073643,9.74570274193816,-546.471218195304));
#1770=CARTESIAN_POINT('Ctrl Pts',(268.414847817483,14.3769855136014,-597.737003619833));
#1771=CARTESIAN_POINT('Ctrl Pts',(264.224848068493,21.3318833775516,-638.921037500478));
#1772=CARTESIAN_POINT('Ctrl Pts',(256.439498189265,37.1252904648623,-702.270773113607));
#1773=CARTESIAN_POINT('Ctrl Pts',(246.250627216747,60.6732928929924,-779.226998667055));
#1774=CARTESIAN_POINT('Ctrl Pts',(238.843725318723,75.696246507838,-820.90485745025));
#1775=CARTESIAN_POINT('Ctrl Pts',(234.81010080581,83.9160127219934,-853.560668634237));
#1776=CARTESIAN_POINT('Ctrl Pts',(244.010064292735,62.9840944093568,-65.9278076772936));
#1777=CARTESIAN_POINT('Ctrl Pts',(246.994681433302,66.669582619202,-90.1690644615479));
#1778=CARTESIAN_POINT('Ctrl Pts',(254.133578011419,51.9206305183156,-161.990156566248));
#1779=CARTESIAN_POINT('Ctrl Pts',(263.945903515355,28.0262029568464,-269.330985538839));
#1780=CARTESIAN_POINT('Ctrl Pts',(268.560191825685,15.7336133374841,-362.410662444769));
#1781=CARTESIAN_POINT('Ctrl Pts',(269.195989769284,9.59491933721149,-432.038748989554));
#1782=CARTESIAN_POINT('Ctrl Pts',(268.201992700463,9.53821097961415,-495.736946907443));
#1783=CARTESIAN_POINT('Ctrl Pts',(265.376747975153,5.79785081763297,-546.471218195305));
#1784=CARTESIAN_POINT('Ctrl Pts',(261.58145924505,10.3295026813429,-597.737003619834));
#1785=CARTESIAN_POINT('Ctrl Pts',(258.152020024152,17.332591766715,-638.92103750048));
#1786=CARTESIAN_POINT('Ctrl Pts',(251.593456737629,33.5908994332543,-702.270773113608));
#1787=CARTESIAN_POINT('Ctrl Pts',(242.865985500101,58.0375633300613,-779.226998667055));
#1788=CARTESIAN_POINT('Ctrl Pts',(236.469519960248,73.818409147072,-820.904857450249));
#1789=CARTESIAN_POINT('Ctrl Pts',(232.986155315653,82.4509056237431,-853.560668634236));
#1790=CARTESIAN_POINT('Ctrl Pts',(239.14442832268,59.799214781471,-65.9278076772935));
#1791=CARTESIAN_POINT('Ctrl Pts',(241.290000898184,63.65787638984,-90.1690644615482));
#1792=CARTESIAN_POINT('Ctrl Pts',(246.421989356328,49.3231372093779,-161.990156566249));
#1793=CARTESIAN_POINT('Ctrl Pts',(253.535197442827,25.889289769305,-269.330985538841));
#1794=CARTESIAN_POINT('Ctrl Pts',(257.042748517595,13.5154843857986,-362.410662444772));
#1795=CARTESIAN_POINT('Ctrl Pts',(257.751933058535,6.95172330335082,-432.038748989555));
#1796=CARTESIAN_POINT('Ctrl Pts',(257.327495558526,6.30575780653489,-495.736946907443));
#1797=CARTESIAN_POINT('Ctrl Pts',(255.504600236794,2.05212098485082,-546.471218195305));
#1798=CARTESIAN_POINT('Ctrl Pts',(252.807678760705,6.40270634552905,-597.737003619833));
#1799=CARTESIAN_POINT('Ctrl Pts',(250.295195093432,13.3969557560616,-638.921037500478));
#1800=CARTESIAN_POINT('Ctrl Pts',(245.286550346023,30.0557399803581,-702.270773113607));
#1801=CARTESIAN_POINT('Ctrl Pts',(238.468528113796,55.3488748015205,-779.226998667054));
#1802=CARTESIAN_POINT('Ctrl Pts',(233.417280141988,71.8612494549383,-820.904857450249));
#1803=CARTESIAN_POINT('Ctrl Pts',(230.666489336276,80.892119325379,-853.560668634236));
#1804=CARTESIAN_POINT('Ctrl Pts',(234.043031898333,56.995409931456,-65.9278076772934));
#1805=CARTESIAN_POINT('Ctrl Pts',(235.385944511645,61.0447654630418,-90.1690644615479));
#1806=CARTESIAN_POINT('Ctrl Pts',(238.59805306975,47.1661464922431,-161.990156566249));
#1807=CARTESIAN_POINT('Ctrl Pts',(243.100527099767,24.2810715656058,-269.33098553884));
#1808=CARTESIAN_POINT('Ctrl Pts',(245.457366365772,11.9512955317061,-362.41066244477));
#1809=CARTESIAN_POINT('Ctrl Pts',(246.115002589004,5.0961475940764,-432.038748989553));
#1810=CARTESIAN_POINT('Ctrl Pts',(246.095323013929,4.00462356485526,-495.736946907442));
#1811=CARTESIAN_POINT('Ctrl Pts',(245.129729425705,-0.666884343157853,-546.471218195304));
#1812=CARTESIAN_POINT('Ctrl Pts',(243.465087931311,3.5108638080417,-597.737003619832));
#1813=CARTESIAN_POINT('Ctrl Pts',(241.849038686489,10.4672015619701,-638.921037500478));
#1814=CARTESIAN_POINT('Ctrl Pts',(238.456767578665,27.3724116448545,-702.270773113606));
#1815=CARTESIAN_POINT('Ctrl Pts',(233.716033241235,53.233060030926,-779.226998667054));
#1816=CARTESIAN_POINT('Ctrl Pts',(230.161159799315,70.2462964713049,-820.904857450249));
#1817=CARTESIAN_POINT('Ctrl Pts',(228.225259357666,79.5499238872462,-853.560668634236));
#1818=CARTESIAN_POINT('Ctrl Pts',(228.684837484996,54.6080618333395,-65.9278076772935));
#1819=CARTESIAN_POINT('Ctrl Pts',(229.294193322999,58.8184909404114,-90.1690644615482));
#1820=CARTESIAN_POINT('Ctrl Pts',(230.751709681677,45.32514336045,-161.99015656625));
#1821=CARTESIAN_POINT('Ctrl Pts',(232.829461410088,22.9420533073183,-269.330985538842));
#1822=CARTESIAN_POINT('Ctrl Pts',(234.010309122466,10.7728504793777,-362.410662444772));
#1823=CARTESIAN_POINT('Ctrl Pts',(234.456215420779,3.83491892143424,-432.038748989555));
#1824=CARTESIAN_POINT('Ctrl Pts',(234.617016087468,2.55500589314488,-495.736946907443));
#1825=CARTESIAN_POINT('Ctrl Pts',(234.299355180207,-2.32436142106614,-546.471218195304));
#1826=CARTESIAN_POINT('Ctrl Pts',(233.55856816756,1.75886147272856,-597.737003619833));
#1827=CARTESIAN_POINT('Ctrl Pts',(232.79358964405,8.68601128021415,-638.921037500478));
#1828=CARTESIAN_POINT('Ctrl Pts',(231.072812821754,25.6870268977473,-702.270773113606));
#1829=CARTESIAN_POINT('Ctrl Pts',(228.589299097754,51.7890719123161,-779.226998667054));
#1830=CARTESIAN_POINT('Ctrl Pts',(226.7004535944,69.0196055776809,-820.904857450249));
#1831=CARTESIAN_POINT('Ctrl Pts',(225.671832771777,78.4415679500396,-853.560668634236));
#1832=CARTESIAN_POINT('Ctrl Pts',(224.92798650786,53.3176523447366,-65.9278076772935));
#1833=CARTESIAN_POINT('Ctrl Pts',(225.1161655691,57.5843972291118,-90.1690644615481));
#1834=CARTESIAN_POINT('Ctrl Pts',(225.56627048812,44.2257511840372,-161.990156566249));
#1835=CARTESIAN_POINT('Ctrl Pts',(226.216532804206,22.0564476934798,-269.33098553884));
#1836=CARTESIAN_POINT('Ctrl Pts',(226.608852153602,10.0662102028192,-362.410662444771));
#1837=CARTESIAN_POINT('Ctrl Pts',(226.783165804071,3.26193828264342,-432.038748989554));
#1838=CARTESIAN_POINT('Ctrl Pts',(226.87495209189,2.1032698360975,-495.736946907443));
#1839=CARTESIAN_POINT('Ctrl Pts',(226.806658521912,-2.69851738777613,-546.471218195304));
#1840=CARTESIAN_POINT('Ctrl Pts',(226.58120240295,1.42046136569515,-597.737003619833));
#1841=CARTESIAN_POINT('Ctrl Pts',(226.336776278337,8.35908160923171,-638.921037500478));
#1842=CARTESIAN_POINT('Ctrl Pts',(225.759562986299,25.32583706892,-702.270773113607));
#1843=CARTESIAN_POINT('Ctrl Pts',(224.909005007948,51.3400745720768,-779.226998667054));
#1844=CARTESIAN_POINT('Ctrl Pts',(224.256392816531,68.4912890676817,-820.90485745025));
#1845=CARTESIAN_POINT('Ctrl Pts',(223.900995570967,77.8700560863159,-853.560668634236));
#1846=CARTESIAN_POINT('Ctrl Pts',(223.,52.7536160968561,-65.9278076772935));
#1847=CARTESIAN_POINT('Ctrl Pts',(223.,57.0279092920226,-90.1690644615481));
#1848=CARTESIAN_POINT('Ctrl Pts',(223.,43.6873180283624,-161.990156566249));
#1849=CARTESIAN_POINT('Ctrl Pts',(223.,21.5722327994741,-269.33098553884));
#1850=CARTESIAN_POINT('Ctrl Pts',(223.,9.68800753149072,-362.410662444771));
#1851=CARTESIAN_POINT('Ctrl Pts',(223.,3.01024014966016,-432.038748989554));
#1852=CARTESIAN_POINT('Ctrl Pts',(223.,1.9927787586978,-495.736946907443));
#1853=CARTESIAN_POINT('Ctrl Pts',(223.,-2.69711484916822,-546.471218195304));
#1854=CARTESIAN_POINT('Ctrl Pts',(223.,1.47609499302098,-597.737003619833));
#1855=CARTESIAN_POINT('Ctrl Pts',(223.,8.43447188910117,-638.921037500478));
#1856=CARTESIAN_POINT('Ctrl Pts',(223.,25.3601396057749,-702.270773113607));
#1857=CARTESIAN_POINT('Ctrl Pts',(223.,51.260450041328,-779.226998667054));
#1858=CARTESIAN_POINT('Ctrl Pts',(223.,68.3071643021684,-820.90485745025));
#1859=CARTESIAN_POINT('Ctrl Pts',(223.,77.6290229515068,-853.560668634236));
#1860=CARTESIAN_POINT('',(223.,-1.03178924893495,-552.636389798535));
#1861=CARTESIAN_POINT('Ctrl Pts',(223.,52.7536160968561,-65.9278076772935));
#1862=CARTESIAN_POINT('Ctrl Pts',(223.,57.0279092920226,-90.1690644615481));
#1863=CARTESIAN_POINT('Ctrl Pts',(223.,43.6873180283624,-161.990156566249));
#1864=CARTESIAN_POINT('Ctrl Pts',(223.,21.5722327994741,-269.33098553884));
#1865=CARTESIAN_POINT('Ctrl Pts',(223.,9.68800753149072,-362.410662444771));
#1866=CARTESIAN_POINT('Ctrl Pts',(223.,3.01024014966016,-432.038748989554));
#1867=CARTESIAN_POINT('Ctrl Pts',(223.,2.14427744523581,-486.252367536553));
#1868=CARTESIAN_POINT('Ctrl Pts',(223.,-1.115263853195,-527.928966291171));
#1869=CARTESIAN_POINT('Ctrl Pts',(223.,-1.03178924893495,-552.636389798535));
#1870=CARTESIAN_POINT('',(223.,26.4647510002252,-703.206836905812));
#1871=CARTESIAN_POINT('Ctrl Pts',(223.,-1.03178924893495,-552.636389798535));
#1872=CARTESIAN_POINT('Ctrl Pts',(223.,-1.0004347474061,-561.916924339584));
#1873=CARTESIAN_POINT('Ctrl Pts',(223.,-0.684211630909829,-571.198722531258));
#1874=CARTESIAN_POINT('Ctrl Pts',(223.,1.47609499302098,-597.737003619833));
#1875=CARTESIAN_POINT('Ctrl Pts',(223.,8.43447188910117,-638.921037500478));
#1876=CARTESIAN_POINT('Ctrl Pts',(223.,19.2202135922083,-679.290132340396));
#1877=CARTESIAN_POINT('Ctrl Pts',(223.,26.4647510002252,-703.206836905813));
#1878=CARTESIAN_POINT('Ctrl Pts',(223.,26.4647510002252,-703.206836905813));
#1879=CARTESIAN_POINT('Ctrl Pts',(223.,33.5718037630758,-726.669657467941));
#1880=CARTESIAN_POINT('Ctrl Pts',(223.,51.260450041328,-779.226998667054));
#1881=CARTESIAN_POINT('Ctrl Pts',(223.,68.3071643021684,-820.90485745025));
#1882=CARTESIAN_POINT('Ctrl Pts',(223.,77.6290229515068,-853.560668634236));
#1883=CARTESIAN_POINT('Ctrl Pts',(223.,194.375574056765,-65.9278076772935));
#1884=CARTESIAN_POINT('Ctrl Pts',(223.,208.767547722629,-90.1690644615481));
#1885=CARTESIAN_POINT('Ctrl Pts',(223.,219.627405323585,-161.990156566249));
#1886=CARTESIAN_POINT('Ctrl Pts',(223.,231.564620105599,-269.33098553884));
#1887=CARTESIAN_POINT('Ctrl Pts',(223.,237.854478699212,-362.410662444771));
#1888=CARTESIAN_POINT('Ctrl Pts',(223.,236.683939678889,-432.038748989554));
#1889=CARTESIAN_POINT('Ctrl Pts',(223.,236.153994502908,-495.736946907443));
#1890=CARTESIAN_POINT('Ctrl Pts',(223.,223.930401963679,-546.471218195304));
#1891=CARTESIAN_POINT('Ctrl Pts',(223.,213.467386530338,-597.737003619833));
#1892=CARTESIAN_POINT('Ctrl Pts',(223.,205.825745052713,-638.921037500478));
#1893=CARTESIAN_POINT('Ctrl Pts',(223.,191.12279087831,-702.270773113607));
#1894=CARTESIAN_POINT('Ctrl Pts',(223.,172.149981352125,-779.226998667054));
#1895=CARTESIAN_POINT('Ctrl Pts',(223.,155.321534384698,-820.90485745025));
#1896=CARTESIAN_POINT('Ctrl Pts',(223.,146.195777203496,-853.560668634236));
#1897=CARTESIAN_POINT('Ctrl Pts',(223.,194.375574056765,-65.9278076772935));
#1898=CARTESIAN_POINT('Ctrl Pts',(223.,208.767547722629,-90.1690644615481));
#1899=CARTESIAN_POINT('Ctrl Pts',(223.,219.627405323585,-161.990156566249));
#1900=CARTESIAN_POINT('Ctrl Pts',(223.,231.564620105599,-269.33098553884));
#1901=CARTESIAN_POINT('Ctrl Pts',(223.,237.854478699212,-362.410662444771));
#1902=CARTESIAN_POINT('Ctrl Pts',(223.,236.683939678889,-432.038748989554));
#1903=CARTESIAN_POINT('Ctrl Pts',(223.,236.153994502908,-495.736946907443));
#1904=CARTESIAN_POINT('Ctrl Pts',(223.,223.930401963679,-546.471218195304));
#1905=CARTESIAN_POINT('Ctrl Pts',(223.,213.467386530338,-597.737003619833));
#1906=CARTESIAN_POINT('Ctrl Pts',(223.,205.825745052713,-638.921037500478));
#1907=CARTESIAN_POINT('Ctrl Pts',(223.,191.12279087831,-702.270773113607));
#1908=CARTESIAN_POINT('Ctrl Pts',(223.,172.149981352125,-779.226998667054));
#1909=CARTESIAN_POINT('Ctrl Pts',(223.,155.321534384698,-820.90485745025));
#1910=CARTESIAN_POINT('Ctrl Pts',(223.,146.195777203496,-853.560668634236));
#1911=CARTESIAN_POINT('Ctrl Pts',(219.942664084045,192.216512445901,-65.9278076772935));
#1912=CARTESIAN_POINT('Ctrl Pts',(219.479792425442,206.719472668075,-90.1690644615481));
#1913=CARTESIAN_POINT('Ctrl Pts',(218.372651125877,217.844798672429,-161.990156566249));
#1914=CARTESIAN_POINT('Ctrl Pts',(216.821782959789,230.131032176867,-269.33098553884));
#1915=CARTESIAN_POINT('Ctrl Pts',(216.012748179266,236.541574954345,-362.410662444771));
#1916=CARTESIAN_POINT('Ctrl Pts',(215.790463776618,235.327289280659,-432.038748989554));
#1917=CARTESIAN_POINT('Ctrl Pts',(215.802296189633,234.682834633805,-495.736946907443));
#1918=CARTESIAN_POINT('Ctrl Pts',(216.122988810569,222.343688745944,-546.471218195304));
#1919=CARTESIAN_POINT('Ctrl Pts',(216.649640192089,211.867731230654,-597.737003619833));
#1920=CARTESIAN_POINT('Ctrl Pts',(217.154700936764,204.257709279258,-638.921037500478));
#1921=CARTESIAN_POINT('Ctrl Pts',(218.19927521903,189.732031918792,-702.270773113607));
#1922=CARTESIAN_POINT('Ctrl Pts',(219.648397628232,171.082875205067,-779.226998667054));
#1923=CARTESIAN_POINT('Ctrl Pts',(220.731427487516,154.522740439025,-820.90485745025));
#1924=CARTESIAN_POINT('Ctrl Pts',(221.321220068647,145.543099770169,-853.560668634236));
#1925=CARTESIAN_POINT('Ctrl Pts',(213.703338323026,187.796052955011,-65.9278076772933));
#1926=CARTESIAN_POINT('Ctrl Pts',(212.211130149968,202.466943574268,-90.1690644615478));
#1927=CARTESIAN_POINT('Ctrl Pts',(208.641922000726,213.993941779993,-161.990156566248));
#1928=CARTESIAN_POINT('Ctrl Pts',(203.713614882954,226.773802870017,-269.33098553884));
#1929=CARTESIAN_POINT('Ctrl Pts',(201.33451256098,233.256371292837,-362.41066244477));
#1930=CARTESIAN_POINT('Ctrl Pts',(200.921166580063,231.829503602029,-432.038748989554));
#1931=CARTESIAN_POINT('Ctrl Pts',(201.30827430344,230.843333946708,-495.736946907444));
#1932=CARTESIAN_POINT('Ctrl Pts',(202.606364818348,218.214369793788,-546.471218195306));
#1933=CARTESIAN_POINT('Ctrl Pts',(204.384132687705,207.71830549021,-597.737003619835));
#1934=CARTESIAN_POINT('Ctrl Pts',(206.00087361721,200.202509424852,-638.92103750048));
#1935=CARTESIAN_POINT('Ctrl Pts',(209.120668178327,186.160131027888,-702.270773113608));
#1936=CARTESIAN_POINT('Ctrl Pts',(213.29312709784,168.381801792406,-779.226998667055));
#1937=CARTESIAN_POINT('Ctrl Pts',(216.358597573129,152.540615715102,-820.90485745025));
#1938=CARTESIAN_POINT('Ctrl Pts',(218.027980673239,143.952497587566,-853.560668634236));
#1939=CARTESIAN_POINT('Ctrl Pts',(205.901055488319,181.899841233204,-65.9278076772937));
#1940=CARTESIAN_POINT('Ctrl Pts',(202.997419116242,196.609925467691,-90.1690644615484));
#1941=CARTESIAN_POINT('Ctrl Pts',(196.052220189729,208.23067076139,-161.99015656625));
#1942=CARTESIAN_POINT('Ctrl Pts',(186.598445388077,221.02768444011,-269.330985538841));
#1943=CARTESIAN_POINT('Ctrl Pts',(182.40556713878,227.212431765209,-362.410662444771));
#1944=CARTESIAN_POINT('Ctrl Pts',(182.179164720669,225.319419696834,-432.038748989554));
#1945=CARTESIAN_POINT('Ctrl Pts',(183.597440509723,223.774187817318,-495.736946907442));
#1946=CARTESIAN_POINT('Ctrl Pts',(186.628840037698,210.777277023385,-546.471218195302));
#1947=CARTESIAN_POINT('Ctrl Pts',(190.246328574007,200.356275264625,-597.737003619831));
#1948=CARTESIAN_POINT('Ctrl Pts',(193.376681636835,193.081618079424,-638.921037500476));
#1949=CARTESIAN_POINT('Ctrl Pts',(198.989967054726,179.967778294136,-702.270773113605));
#1950=CARTESIAN_POINT('Ctrl Pts',(206.179120053401,163.776170469284,-779.226998667053));
#1951=CARTESIAN_POINT('Ctrl Pts',(211.348732833958,149.222364251464,-820.904857450249));
#1952=CARTESIAN_POINT('Ctrl Pts',(214.163982329768,141.335322907466,-853.560668634236));
#1953=CARTESIAN_POINT('Ctrl Pts',(199.842705758605,176.891455840633,-65.9278076772935));
#1954=CARTESIAN_POINT('Ctrl Pts',(195.815342718606,191.509133814121,-90.1690644615481));
#1955=CARTESIAN_POINT('Ctrl Pts',(186.182305424038,202.908852855749,-161.990156566249));
#1956=CARTESIAN_POINT('Ctrl Pts',(173.156187969263,215.30628262923,-269.330985538841));
#1957=CARTESIAN_POINT('Ctrl Pts',(167.617647888583,221.040820463517,-362.410662444771));
#1958=CARTESIAN_POINT('Ctrl Pts',(167.670350183125,218.721237253141,-432.038748989554));
#1959=CARTESIAN_POINT('Ctrl Pts',(170.059504700486,216.738568232219,-495.736946907443));
#1960=CARTESIAN_POINT('Ctrl Pts',(174.586693774231,203.527828352011,-546.471218195304));
#1961=CARTESIAN_POINT('Ctrl Pts',(179.710159522967,193.278186052873,-597.737003619833));
#1962=CARTESIAN_POINT('Ctrl Pts',(184.048086835832,186.297972506059,-638.921037500478));
#1963=CARTESIAN_POINT('Ctrl Pts',(191.557543742148,174.123707114505,-702.270773113607));
#1964=CARTESIAN_POINT('Ctrl Pts',(200.959491269606,159.465213150198,-779.226998667054));
#1965=CARTESIAN_POINT('Ctrl Pts',(207.640852111553,146.135290786315,-820.904857450249));
#1966=CARTESIAN_POINT('Ctrl Pts',(211.279364034992,138.914747795091,-853.560668634236));
#1967=CARTESIAN_POINT('Ctrl Pts',(195.436896721671,172.972243873005,-65.9278076772933));
#1968=CARTESIAN_POINT('Ctrl Pts',(190.589726181574,187.45341654893,-90.1690644615479));
#1969=CARTESIAN_POINT('Ctrl Pts',(178.995793843681,198.526628988282,-161.990156566249));
#1970=CARTESIAN_POINT('Ctrl Pts',(163.372756798824,210.40449068311,-269.33098553884));
#1971=CARTESIAN_POINT('Ctrl Pts',(156.882209692258,215.700849244851,-362.410662444771));
#1972=CARTESIAN_POINT('Ctrl Pts',(157.177865479716,213.051485759163,-432.038748989555));
#1973=CARTESIAN_POINT('Ctrl Pts',(160.32058121745,210.768255597063,-495.736946907444));
#1974=CARTESIAN_POINT('Ctrl Pts',(165.97479176964,197.458654538922,-546.471218195305));
#1975=CARTESIAN_POINT('Ctrl Pts',(172.211855141075,187.406030793992,-597.737003619834));
#1976=CARTESIAN_POINT('Ctrl Pts',(177.434155789845,180.704244117148,-638.921037500479));
#1977=CARTESIAN_POINT('Ctrl Pts',(186.306241150943,169.333203431275,-702.270773113608));
#1978=CARTESIAN_POINT('Ctrl Pts',(197.274520883393,155.946961979979,-779.226998667055));
#1979=CARTESIAN_POINT('Ctrl Pts',(205.01634561764,143.621584362462,-820.90485745025));
#1980=CARTESIAN_POINT('Ctrl Pts',(209.232361227496,136.948092806379,-853.560668634236));
#1981=CARTESIAN_POINT('Ctrl Pts',(191.215255936419,168.872894066539,-65.9278076772935));
#1982=CARTESIAN_POINT('Ctrl Pts',(185.590998953054,183.144857106634,-90.1690644615482));
#1983=CARTESIAN_POINT('Ctrl Pts',(172.138355936547,193.71766166015,-161.990156566249));
#1984=CARTESIAN_POINT('Ctrl Pts',(154.057464382774,204.842311644698,-269.330985538841));
#1985=CARTESIAN_POINT('Ctrl Pts',(146.676510544614,209.605355992463,-362.410662444771));
#1986=CARTESIAN_POINT('Ctrl Pts',(147.218332632962,206.633584467375,-432.038748989554));
#1987=CARTESIAN_POINT('Ctrl Pts',(151.09360650974,204.100312161878,-495.736946907442));
#1988=CARTESIAN_POINT('Ctrl Pts',(157.831844226612,190.775016976606,-546.471218195303));
#1989=CARTESIAN_POINT('Ctrl Pts',(165.134424029735,181.001020709014,-597.737003619832));
#1990=CARTESIAN_POINT('Ctrl Pts',(171.200596876806,174.642236292025,-638.921037500477));
#1991=CARTESIAN_POINT('Ctrl Pts',(181.365797617683,164.173195817311,-702.270773113606));
#1992=CARTESIAN_POINT('Ctrl Pts',(193.813875408302,152.172076137868,-779.226998667054));
#1993=CARTESIAN_POINT('Ctrl Pts',(202.554857083985,140.927383910587,-820.90485745025));
#1994=CARTESIAN_POINT('Ctrl Pts',(207.314990057174,134.84240819295,-853.560668634237));
#1995=CARTESIAN_POINT('Ctrl Pts',(187.224264367104,164.576160984781,-65.9278076772937));
#1996=CARTESIAN_POINT('Ctrl Pts',(180.886242562687,178.561125409695,-90.1690644615482));
#1997=CARTESIAN_POINT('Ctrl Pts',(165.726347661394,188.447458856418,-161.990156566249));
#1998=CARTESIAN_POINT('Ctrl Pts',(145.385582091079,198.572506723796,-269.33098553884));
#1999=CARTESIAN_POINT('Ctrl Pts',(137.179396851595,202.711978323772,-362.410662444771));
#2000=CARTESIAN_POINT('Ctrl Pts',(137.937555621962,199.440950416545,-432.038748989554));
#2001=CARTESIAN_POINT('Ctrl Pts',(142.474451309198,196.729252455772,-495.736946907443));
#2002=CARTESIAN_POINT('Ctrl Pts',(150.202340748044,183.491392431784,-546.471218195304));
#2003=CARTESIAN_POINT('Ctrl Pts',(158.488515102534,174.089923804146,-597.737003619833));
#2004=CARTESIAN_POINT('Ctrl Pts',(165.33818991739,168.145402041424,-638.921037500478));
#2005=CARTESIAN_POINT('Ctrl Pts',(176.7178754327,158.67799849356,-702.270773113607));
#2006=CARTESIAN_POINT('Ctrl Pts',(190.568781039451,148.167058428061,-779.226998667054));
#2007=CARTESIAN_POINT('Ctrl Pts',(200.262312561252,138.070292195285,-820.90485745025));
#2008=CARTESIAN_POINT('Ctrl Pts',(205.541181770182,132.610449967222,-853.560668634237));
#2009=CARTESIAN_POINT('Ctrl Pts',(184.129379876174,160.816692823528,-65.9278076772935));
#2010=CARTESIAN_POINT('Ctrl Pts',(177.265656716437,174.493059027935,-90.1690644615481));
#2011=CARTESIAN_POINT('Ctrl Pts',(160.848338356843,183.64125733818,-161.990156566249));
#2012=CARTESIAN_POINT('Ctrl Pts',(138.836396117977,192.71652195764,-269.330985538841));
#2013=CARTESIAN_POINT('Ctrl Pts',(130.000796936056,196.265865640422,-362.410662444771));
#2014=CARTESIAN_POINT('Ctrl Pts',(130.889675998413,192.779465031032,-432.038748989555));
#2015=CARTESIAN_POINT('Ctrl Pts',(135.880939971308,189.998356316386,-495.736946907443));
#2016=CARTESIAN_POINT('Ctrl Pts',(144.315438351434,176.93770089144,-546.471218195305));
#2017=CARTESIAN_POINT('Ctrl Pts',(153.32651244362,167.936014591239,-597.737003619833));
#2018=CARTESIAN_POINT('Ctrl Pts',(160.762925643629,162.401970737456,-638.921037500478));
#2019=CARTESIAN_POINT('Ctrl Pts',(173.080562907175,153.852345775106,-702.270773113607));
#2020=CARTESIAN_POINT('Ctrl Pts',(188.041261427294,144.662434300361,-779.226998667054));
#2021=CARTESIAN_POINT('Ctrl Pts',(198.499139142409,135.569218857458,-820.90485745025));
#2022=CARTESIAN_POINT('Ctrl Pts',(204.194253305592,130.655886779215,-853.560668634237));
#2023=CARTESIAN_POINT('Ctrl Pts',(181.814977909824,157.69320992125,-65.9278076772934));
#2024=CARTESIAN_POINT('Ctrl Pts',(174.582497537072,171.078380758458,-90.1690644615479));
#2025=CARTESIAN_POINT('Ctrl Pts',(157.283149931455,179.530069763636,-161.990156566249));
#2026=CARTESIAN_POINT('Ctrl Pts',(134.091106208578,187.628747793667,-269.33098553884));
#2027=CARTESIAN_POINT('Ctrl Pts',(124.788837635414,190.666151477399,-362.41066244477));
#2028=CARTESIAN_POINT('Ctrl Pts',(125.736100086555,187.03597678492,-432.038748989554));
#2029=CARTESIAN_POINT('Ctrl Pts',(131.007752113416,184.257785421483,-495.736946907442));
#2030=CARTESIAN_POINT('Ctrl Pts',(139.911001092064,171.411796824187,-546.471218195304));
#2031=CARTESIAN_POINT('Ctrl Pts',(149.4281960623,162.789860058639,-597.737003619833));
#2032=CARTESIAN_POINT('Ctrl Pts',(157.284326009118,157.626775238812,-638.921037500478));
#2033=CARTESIAN_POINT('Ctrl Pts',(170.303201053829,149.861595289227,-702.270773113607));
#2034=CARTESIAN_POINT('Ctrl Pts',(186.120828207699,141.771896152723,-779.226998667054));
#2035=CARTESIAN_POINT('Ctrl Pts',(197.179747156621,133.505013297124,-820.90485745025));
#2036=CARTESIAN_POINT('Ctrl Pts',(203.202174235154,129.041682504959,-853.560668634236));
#2037=CARTESIAN_POINT('Ctrl Pts',(180.165664382334,155.290495053554,-65.9278076772934));
#2038=CARTESIAN_POINT('Ctrl Pts',(172.684831667414,168.434605925687,-90.1690644615479));
#2039=CARTESIAN_POINT('Ctrl Pts',(154.791450856811,176.309704340266,-161.990156566249));
#2040=CARTESIAN_POINT('Ctrl Pts',(130.799432388391,183.606389173834,-269.33098553884));
#2041=CARTESIAN_POINT('Ctrl Pts',(121.166201771805,186.240701298424,-362.41066244477));
#2042=CARTESIAN_POINT('Ctrl Pts',(122.130719222138,182.518919807219,-432.038748989554));
#2043=CARTESIAN_POINT('Ctrl Pts',(127.565817313392,179.774688831831,-495.736946907442));
#2044=CARTESIAN_POINT('Ctrl Pts',(136.766822427314,167.128500717928,-546.471218195304));
#2045=CARTESIAN_POINT('Ctrl Pts',(146.622957886017,158.822730373347,-597.737003619833));
#2046=CARTESIAN_POINT('Ctrl Pts',(154.766772333733,153.959874792998,-638.921037500478));
#2047=CARTESIAN_POINT('Ctrl Pts',(168.285708849422,146.808072639331,-702.270773113607));
#2048=CARTESIAN_POINT('Ctrl Pts',(184.731118269558,139.56405117936,-779.226998667054));
#2049=CARTESIAN_POINT('Ctrl Pts',(196.23680153027,131.92741628601,-820.90485745025));
#2050=CARTESIAN_POINT('Ctrl Pts',(202.502525942066,127.807303706364,-853.560668634236));
#2051=CARTESIAN_POINT('Ctrl Pts',(178.608573936189,152.825528990518,-65.9278076772935));
#2052=CARTESIAN_POINT('Ctrl Pts',(170.910376152592,165.704624169353,-90.1690644615482));
#2053=CARTESIAN_POINT('Ctrl Pts',(152.497080501361,172.945832360519,-161.990156566249));
#2054=CARTESIAN_POINT('Ctrl Pts',(127.798207382208,179.36749923047,-269.330985538841));
#2055=CARTESIAN_POINT('Ctrl Pts',(117.85383074929,181.580078660606,-362.410662444772));
#2056=CARTESIAN_POINT('Ctrl Pts',(118.805015529736,177.785939681314,-432.038748989555));
#2057=CARTESIAN_POINT('Ctrl Pts',(124.350445871682,175.111670190721,-495.736946907443));
#2058=CARTESIAN_POINT('Ctrl Pts',(133.788839731277,162.708188185099,-546.471218195305));
#2059=CARTESIAN_POINT('Ctrl Pts',(143.938852245969,154.752469618481,-597.737003619833));
#2060=CARTESIAN_POINT('Ctrl Pts',(152.340599625511,150.213232097372,-638.921037500478));
#2061=CARTESIAN_POINT('Ctrl Pts',(166.332277488387,143.700039440798,-702.270773113607));
#2062=CARTESIAN_POINT('Ctrl Pts',(183.391334497782,137.320623773027,-779.226998667054));
#2063=CARTESIAN_POINT('Ctrl Pts',(195.341298543201,130.322917609322,-820.904857450249));
#2064=CARTESIAN_POINT('Ctrl Pts',(201.84896781784,126.550750583888,-853.560668634236));
#2065=CARTESIAN_POINT('Ctrl Pts',(176.663537494247,149.45277013021,-65.9278076772936));
#2066=CARTESIAN_POINT('Ctrl Pts',(168.716991908296,161.947568283985,-90.1690644615479));
#2067=CARTESIAN_POINT('Ctrl Pts',(149.709673910844,168.269577600397,-161.990156566248));
#2068=CARTESIAN_POINT('Ctrl Pts',(124.193861679948,173.430857202102,-269.330985538839));
#2069=CARTESIAN_POINT('Ctrl Pts',(113.864048823961,175.059059674615,-362.410662444769));
#2070=CARTESIAN_POINT('Ctrl Pts',(114.760363809981,171.195970517308,-432.038748989553));
#2071=CARTESIAN_POINT('Ctrl Pts',(120.386242162747,168.664548508688,-495.736946907443));
#2072=CARTESIAN_POINT('Ctrl Pts',(130.063606228176,156.642617186176,-546.471218195305));
#2073=CARTESIAN_POINT('Ctrl Pts',(140.545840903406,149.198718087407,-597.737003619834));
#2074=CARTESIAN_POINT('Ctrl Pts',(149.251195735072,145.121739015886,-638.921037500479));
#2075=CARTESIAN_POINT('Ctrl Pts',(163.832697764153,139.491979806708,-702.270773113608));
#2076=CARTESIAN_POINT('Ctrl Pts',(181.683541535908,134.287694377287,-779.226998667055));
#2077=CARTESIAN_POINT('Ctrl Pts',(194.216264076604,128.151094157259,-820.904857450249));
#2078=CARTESIAN_POINT('Ctrl Pts',(201.041289917325,124.847865169678,-853.560668634236));
#2079=CARTESIAN_POINT('Ctrl Pts',(174.493249811901,145.069434132201,-65.9278076772933));
#2080=CARTESIAN_POINT('Ctrl Pts',(166.306952064345,157.034232743356,-90.1690644615483));
#2081=CARTESIAN_POINT('Ctrl Pts',(146.7261716074,162.088537780454,-161.99015656625));
#2082=CARTESIAN_POINT('Ctrl Pts',(120.405620205714,165.524560605911,-269.330985538843));
#2083=CARTESIAN_POINT('Ctrl Pts',(109.652130728138,166.388519490514,-362.410662444773));
#2084=CARTESIAN_POINT('Ctrl Pts',(110.427188946801,162.485535947518,-432.038748989556));
#2085=CARTESIAN_POINT('Ctrl Pts',(116.05215274588,160.214637627118,-495.736946907443));
#2086=CARTESIAN_POINT('Ctrl Pts',(125.904786980688,148.765122823126,-546.471218195303));
#2087=CARTESIAN_POINT('Ctrl Pts',(136.702066018977,142.035921580105,-597.737003619831));
#2088=CARTESIAN_POINT('Ctrl Pts',(145.716325611222,138.588230911161,-638.921037500476));
#2089=CARTESIAN_POINT('Ctrl Pts',(160.953926594077,134.117403468964,-702.270773113604));
#2090=CARTESIAN_POINT('Ctrl Pts',(179.726927014263,130.421847569442,-779.226998667053));
#2091=CARTESIAN_POINT('Ctrl Pts',(192.952907698295,125.379153147018,-820.904857450249));
#2092=CARTESIAN_POINT('Ctrl Pts',(200.155465613726,122.671639520701,-853.560668634236));
#2093=CARTESIAN_POINT('Ctrl Pts',(172.34718900431,139.535127291049,-65.9278076772936));
#2094=CARTESIAN_POINT('Ctrl Pts',(163.97014603107,150.810358263502,-90.1690644615477));
#2095=CARTESIAN_POINT('Ctrl Pts',(143.933122654249,154.215288582014,-161.990156566248));
#2096=CARTESIAN_POINT('Ctrl Pts',(116.951433227393,155.420607666007,-269.330985538838));
#2097=CARTESIAN_POINT('Ctrl Pts',(105.793830738349,155.335087231634,-362.410662444768));
#2098=CARTESIAN_POINT('Ctrl Pts',(106.383667668315,151.439582465143,-432.038748989553));
#2099=CARTESIAN_POINT('Ctrl Pts',(111.905777228873,149.575978890217,-495.736946907443));
#2100=CARTESIAN_POINT('Ctrl Pts',(121.826594126083,138.923242912912,-546.471218195305));
#2101=CARTESIAN_POINT('Ctrl Pts',(132.869496658533,133.140416483181,-597.737003619835));
#2102=CARTESIAN_POINT('Ctrl Pts',(142.152590284614,130.510135796116,-638.921037500481));
#2103=CARTESIAN_POINT('Ctrl Pts',(158.030761186805,127.500777394956,-702.270773113609));
#2104=CARTESIAN_POINT('Ctrl Pts',(177.751157632353,125.673541437728,-779.226998667056));
#2105=CARTESIAN_POINT('Ctrl Pts',(191.705165314203,121.973061055569,-820.90485745025));
#2106=CARTESIAN_POINT('Ctrl Pts',(199.304189604496,119.996485617571,-853.560668634237));
#2107=CARTESIAN_POINT('Ctrl Pts',(170.68514750741,133.79755343573,-65.9278076772938));
#2108=CARTESIAN_POINT('Ctrl Pts',(162.197845500497,144.346184085084,-90.1690644615486));
#2109=CARTESIAN_POINT('Ctrl Pts',(141.897093879438,146.013161320863,-161.99015656625));
#2110=CARTESIAN_POINT('Ctrl Pts',(114.517401997403,144.87547458659,-269.330985538842));
#2111=CARTESIAN_POINT('Ctrl Pts',(103.075392100853,143.8135364297,-362.410662444773));
#2112=CARTESIAN_POINT('Ctrl Pts',(103.490894151787,139.957754523154,-432.038748989555));
#2113=CARTESIAN_POINT('Ctrl Pts',(108.876141810491,138.559960864136,-495.736946907443));
#2114=CARTESIAN_POINT('Ctrl Pts',(118.784416839229,128.774823187394,-546.471218195303));
#2115=CARTESIAN_POINT('Ctrl Pts',(129.971722737344,123.99844807362,-597.737003619831));
#2116=CARTESIAN_POINT('Ctrl Pts',(139.4343855905,122.229190859804,-638.921037500476));
#2117=CARTESIAN_POINT('Ctrl Pts',(155.788341496632,120.735929945713,-702.270773113605));
#2118=CARTESIAN_POINT('Ctrl Pts',(176.24130815424,120.828087523592,-779.226998667054));
#2119=CARTESIAN_POINT('Ctrl Pts',(190.767472942403,118.499590259354,-820.90485745025));
#2120=CARTESIAN_POINT('Ctrl Pts',(198.678080531764,117.270164548994,-853.560668634237));
#2121=CARTESIAN_POINT('Ctrl Pts',(169.532860220672,127.927749195622,-65.9278076772931));
#2122=CARTESIAN_POINT('Ctrl Pts',(161.001070509525,137.729359683007,-90.1690644615474));
#2123=CARTESIAN_POINT('Ctrl Pts',(140.593908885252,137.60954168613,-161.990156566248));
#2124=CARTESIAN_POINT('Ctrl Pts',(113.042220419857,134.06492544324,-269.330985538839));
#2125=CARTESIAN_POINT('Ctrl Pts',(101.448848457813,132.00529746487,-362.410662444769));
#2126=CARTESIAN_POINT('Ctrl Pts',(101.745544722919,128.198520921338,-432.038748989554));
#2127=CARTESIAN_POINT('Ctrl Pts',(107.01980175972,127.289024919498,-495.736946907443));
#2128=CARTESIAN_POINT('Ctrl Pts',(116.889150218121,118.40329405855,-546.471218195305));
#2129=CARTESIAN_POINT('Ctrl Pts',(128.147254839136,114.664747793988,-597.737003619834));
#2130=CARTESIAN_POINT('Ctrl Pts',(137.71136124287,113.78141126809,-638.92103750048));
#2131=CARTESIAN_POINT('Ctrl Pts',(154.360366375309,113.842543016439,-702.270773113608));
#2132=CARTESIAN_POINT('Ctrl Pts',(175.281864889439,115.898052577541,-779.226998667054));
#2133=CARTESIAN_POINT('Ctrl Pts',(190.178328539395,114.971274625048,-820.904857450249));
#2134=CARTESIAN_POINT('Ctrl Pts',(198.290592176939,114.505192273885,-853.560668634235));
#2135=CARTESIAN_POINT('Ctrl Pts',(168.915328281174,121.984989756007,-65.9278076772938));
#2136=CARTESIAN_POINT('Ctrl Pts',(160.387365857898,131.038207141586,-90.1690644615486));
#2137=CARTESIAN_POINT('Ctrl Pts',(139.989358711736,129.128309981471,-161.99015656625));
#2138=CARTESIAN_POINT('Ctrl Pts',(112.448334273922,123.1687619957,-269.330985538842));
#2139=CARTESIAN_POINT('Ctrl Pts',(100.854722917268,120.098128062055,-362.410662444772));
#2140=CARTESIAN_POINT('Ctrl Pts',(101.144084151787,116.325245677999,-432.038748989555));
#2141=CARTESIAN_POINT('Ctrl Pts',(106.407687792525,115.887452367586,-495.736946907442));
#2142=CARTESIAN_POINT('Ctrl Pts',(116.278933934197,107.89043871353,-546.471218195303));
#2143=CARTESIAN_POINT('Ctrl Pts',(127.56822441876,105.190353898378,-597.737003619832));
#2144=CARTESIAN_POINT('Ctrl Pts',(137.169228021632,105.198073444634,-638.921037500476));
#2145=CARTESIAN_POINT('Ctrl Pts',(153.912305345375,106.835726199382,-702.270773113605));
#2146=CARTESIAN_POINT('Ctrl Pts',(174.97664659252,110.893279721935,-779.226998667053));
#2147=CARTESIAN_POINT('Ctrl Pts',(189.984061290323,111.399856065681,-820.90485745025));
#2148=CARTESIAN_POINT('Ctrl Pts',(198.1567462582,111.714344741999,-853.560668634237));
#2149=CARTESIAN_POINT('Ctrl Pts',(168.858014111509,116.040302102493,-65.9278076772933));
#2150=CARTESIAN_POINT('Ctrl Pts',(160.385408327025,124.356915584582,-90.1690644615478));
#2151=CARTESIAN_POINT('Ctrl Pts',(140.119808555289,120.685137808497,-161.990156566248));
#2152=CARTESIAN_POINT('Ctrl Pts',(112.775497871619,112.342161305432,-269.33098553884));
#2153=CARTESIAN_POINT('Ctrl Pts',(101.31470566818,108.255467723561,-362.41066244477));
#2154=CARTESIAN_POINT('Ctrl Pts',(101.678393988724,104.488171217535,-432.038748989554));
#2155=CARTESIAN_POINT('Ctrl Pts',(106.995521615687,104.482689512775,-495.736946907443));
#2156=CARTESIAN_POINT('Ctrl Pts',(116.879039109524,97.3369714143753,-546.471218195305));
#2157=CARTESIAN_POINT('Ctrl Pts',(128.145241141674,95.6540251777504,-597.737003619834));
#2158=CARTESIAN_POINT('Ctrl Pts',(137.713336201126,96.5423450237144,-638.92103750048));
#2159=CARTESIAN_POINT('Ctrl Pts',(154.360994073503,99.7602856102231,-702.270773113608));
#2160=CARTESIAN_POINT('Ctrl Pts',(175.273957123701,105.842747333394,-779.226998667055));
#2161=CARTESIAN_POINT('Ctrl Pts',(190.161775093712,107.805762988229,-820.90485745025));
#2162=CARTESIAN_POINT('Ctrl Pts',(198.269330497363,108.913394247999,-853.560668634237));
#2163=CARTESIAN_POINT('Ctrl Pts',(169.387388321696,110.157856282974,-65.9278076772937));
#2164=CARTESIAN_POINT('Ctrl Pts',(161.028306309486,117.754778457358,-90.1690644615481));
#2165=CARTESIAN_POINT('Ctrl Pts',(141.034243700226,112.361573251256,-161.990156566249));
#2166=CARTESIAN_POINT('Ctrl Pts',(114.083573055554,101.683285457753,-269.330985538839));
#2167=CARTESIAN_POINT('Ctrl Pts',(102.863798345572,96.5826619152749,-362.41066244477));
#2168=CARTESIAN_POINT('Ctrl Pts',(103.338392592491,92.7927580503333,-432.038748989553));
#2169=CARTESIAN_POINT('Ctrl Pts',(108.717505588213,93.177367043967,-495.736946907442));
#2170=CARTESIAN_POINT('Ctrl Pts',(118.576101083415,86.8391149851992,-546.471218195304));
#2171=CARTESIAN_POINT('Ctrl Pts',(129.741915654391,86.1430714441819,-597.737003619833));
#2172=CARTESIAN_POINT('Ctrl Pts',(139.198933405577,87.8933891064544,-638.921037500478));
#2173=CARTESIAN_POINT('Ctrl Pts',(155.579239822626,92.679553874205,-702.270773113607));
#2174=CARTESIAN_POINT('Ctrl Pts',(176.095177213996,100.788534287256,-779.226998667054));
#2175=CARTESIAN_POINT('Ctrl Pts',(190.677385323241,104.215430454306,-820.904857450249));
#2176=CARTESIAN_POINT('Ctrl Pts',(198.618512786743,106.120256600596,-853.560668634236));
#2177=CARTESIAN_POINT('Ctrl Pts',(170.526662692798,104.403972446261,-65.9278076772934));
#2178=CARTESIAN_POINT('Ctrl Pts',(162.344578579288,111.303121931513,-90.1690644615483));
#2179=CARTESIAN_POINT('Ctrl Pts',(142.773876700685,104.240916371884,-161.99015656625));
#2180=CARTESIAN_POINT('Ctrl Pts',(116.422033905506,91.291520226401,-269.330985538842));
#2181=CARTESIAN_POINT('Ctrl Pts',(105.530205044483,85.1856413953516,-362.410662444773));
#2182=CARTESIAN_POINT('Ctrl Pts',(106.114394024064,81.3444220587797,-432.038748989556));
#2183=CARTESIAN_POINT('Ctrl Pts',(111.517284603046,82.0734140230989,-495.736946907443));
#2184=CARTESIAN_POINT('Ctrl Pts',(121.274005208441,76.4919026202877,-546.471218195304));
#2185=CARTESIAN_POINT('Ctrl Pts',(132.242871651466,76.743384696378,-597.737003619832));
#2186=CARTESIAN_POINT('Ctrl Pts',(141.503633464157,79.3288748834687,-638.921037500477));
#2187=CARTESIAN_POINT('Ctrl Pts',(157.459283283445,85.6555749956911,-702.270773113606));
#2188=CARTESIAN_POINT('Ctrl Pts',(177.373071042598,95.771967569546,-779.226998667053));
#2189=CARTESIAN_POINT('Ctrl Pts',(191.500820852841,100.65502842941,-820.904857450249));
#2190=CARTESIAN_POINT('Ctrl Pts',(199.194461018658,103.3528476085,-853.560668634236));
#2191=CARTESIAN_POINT('Ctrl Pts',(172.307224302575,98.847687818558,-65.9278076772933));
#2192=CARTESIAN_POINT('Ctrl Pts',(164.371323468033,105.075828329245,-90.1690644615476));
#2193=CARTESIAN_POINT('Ctrl Pts',(145.389466618806,96.408638462817,-161.990156566248));
#2194=CARTESIAN_POINT('Ctrl Pts',(119.849857300407,81.2678261098189,-269.330985538839));
#2195=CARTESIAN_POINT('Ctrl Pts',(109.347852868518,74.1714464647389,-362.410662444769));
#2196=CARTESIAN_POINT('Ctrl Pts',(109.996690125967,70.249367921664,-432.038748989553));
#2197=CARTESIAN_POINT('Ctrl Pts',(115.331636455764,71.2732722626684,-495.736946907442));
#2198=CARTESIAN_POINT('Ctrl Pts',(124.86408678061,66.3906737430849,-546.471218195304));
#2199=CARTESIAN_POINT('Ctrl Pts',(135.517468062403,67.5409616492718,-597.737003619833));
#2200=CARTESIAN_POINT('Ctrl Pts',(144.488829908262,70.9264172786756,-638.921037500479));
#2201=CARTESIAN_POINT('Ctrl Pts',(159.879355797512,78.7500969768194,-702.270773113607));
#2202=CARTESIAN_POINT('Ctrl Pts',(179.032369340015,90.8338032958632,-779.226998667054));
#2203=CARTESIAN_POINT('Ctrl Pts',(192.599432243529,97.1499711459264,-820.90485745025));
#2204=CARTESIAN_POINT('Ctrl Pts',(199.987735511115,100.628226675448,-853.560668634236));
#2205=CARTESIAN_POINT('Ctrl Pts',(174.670400179281,93.504861724108,-65.9278076772937));
#2206=CARTESIAN_POINT('Ctrl Pts',(167.063337495171,99.0993945840339,-90.1690644615484));
#2207=CARTESIAN_POINT('Ctrl Pts',(148.86802760869,88.9166805224246,-161.99015656625));
#2208=CARTESIAN_POINT('Ctrl Pts',(124.390672829019,71.6993091036375,-269.330985538842));
#2209=CARTESIAN_POINT('Ctrl Pts',(114.336593581124,63.6442466026642,-362.410662444772));
#2210=CARTESIAN_POINT('Ctrl Pts',(114.975432300963,59.6148486672862,-432.038748989555));
#2211=CARTESIAN_POINT('Ctrl Pts',(120.108748071737,60.8815927231128,-495.736946907444));
#2212=CARTESIAN_POINT('Ctrl Pts',(129.255601454086,56.6317635763107,-546.471218195305));
#2213=CARTESIAN_POINT('Ctrl Pts',(139.455899622219,58.621978294833,-597.737003619834));
#2214=CARTESIAN_POINT('Ctrl Pts',(148.037611523356,62.763320364572,-638.921037500479));
#2215=CARTESIAN_POINT('Ctrl Pts',(162.736240986193,72.0242875723764,-702.270773113608));
#2216=CARTESIAN_POINT('Ctrl Pts',(181.008576833412,86.014360638757,-779.226998667055));
#2217=CARTESIAN_POINT('Ctrl Pts',(193.944368680223,93.7255187817773,-820.90485745025));
#2218=CARTESIAN_POINT('Ctrl Pts',(200.98889658212,97.9634532051763,-853.560668634237));
#2219=CARTESIAN_POINT('Ctrl Pts',(177.547613481176,88.3846864999436,-65.9278076772934));
#2220=CARTESIAN_POINT('Ctrl Pts',(170.359346803174,93.3946338564227,-90.1690644615477));
#2221=CARTESIAN_POINT('Ctrl Pts',(153.165753798333,81.8136515233321,-161.990156566248));
#2222=CARTESIAN_POINT('Ctrl Pts',(130.025017824229,62.6723029658593,-269.330985538839));
#2223=CARTESIAN_POINT('Ctrl Pts',(120.489325754473,53.7068007707613,-362.410662444769));
#2224=CARTESIAN_POINT('Ctrl Pts',(121.04649224053,49.544058888029,-432.038748989553));
#2225=CARTESIAN_POINT('Ctrl Pts',(125.843689988013,50.9953524498253,-495.736946907442));
#2226=CARTESIAN_POINT('Ctrl Pts',(134.440150160997,47.3006584421009,-546.471218195304));
#2227=CARTESIAN_POINT('Ctrl Pts',(144.047537936114,50.0605011041322,-597.737003619833));
#2228=CARTESIAN_POINT('Ctrl Pts',(152.138075742838,54.9045541717665,-638.921037500478));
#2229=CARTESIAN_POINT('Ctrl Pts',(166.017595799676,65.529017500553,-702.270773113607));
#2230=CARTESIAN_POINT('Ctrl Pts',(183.290264025307,81.3482252422553,-779.226998667055));
#2231=CARTESIAN_POINT('Ctrl Pts',(195.525401788364,90.4051993838763,-820.90485745025));
#2232=CARTESIAN_POINT('Ctrl Pts',(202.188369960402,95.3760335373603,-853.560668634237));
#2233=CARTESIAN_POINT('Ctrl Pts',(180.873541009494,83.4987729278799,-65.9278076772937));
#2234=CARTESIAN_POINT('Ctrl Pts',(174.199786680189,87.9865234509931,-90.1690644615485));
#2235=CARTESIAN_POINT('Ctrl Pts',(158.236854183052,75.1565001149041,-161.99015656625));
#2236=CARTESIAN_POINT('Ctrl Pts',(136.726016832389,54.2868191007512,-269.330985538842));
#2237=CARTESIAN_POINT('Ctrl Pts',(127.78802458214,44.47695698806,-362.410662444773));
#2238=CARTESIAN_POINT('Ctrl Pts',(128.193002854376,40.1539496599495,-432.038748989556));
#2239=CARTESIAN_POINT('Ctrl Pts',(132.517597924724,41.722742238289,-495.736946907444));
#2240=CARTESIAN_POINT('Ctrl Pts',(140.395322317227,38.4910064496905,-546.471218195305));
#2241=CARTESIAN_POINT('Ctrl Pts',(149.268578088778,41.9363484522765,-597.737003619833));
#2242=CARTESIAN_POINT('Ctrl Pts',(156.766183513187,47.4191774857952,-638.921037500478));
#2243=CARTESIAN_POINT('Ctrl Pts',(169.701699686951,59.3174528654938,-702.270773113606));
#2244=CARTESIAN_POINT('Ctrl Pts',(185.860873752152,76.8709338999739,-779.226998667054));
#2245=CARTESIAN_POINT('Ctrl Pts',(197.330495315087,87.2128763491165,-820.904857450249));
#2246=CARTESIAN_POINT('Ctrl Pts',(203.57658137469,92.8834740116755,-853.560668634236));
#2247=CARTESIAN_POINT('Ctrl Pts',(184.582545215782,78.8581358075305,-65.9278076772934));
#2248=CARTESIAN_POINT('Ctrl Pts',(178.509401951625,82.9151564402577,-90.1690644615476));
#2249=CARTESIAN_POINT('Ctrl Pts',(163.983069217816,69.0548716013532,-161.990156566248));
#2250=CARTESIAN_POINT('Ctrl Pts',(144.369772161853,46.7412153799018,-269.330985538838));
#2251=CARTESIAN_POINT('Ctrl Pts',(136.113114690047,36.1759334322656,-362.410662444768));
#2252=CARTESIAN_POINT('Ctrl Pts',(136.318746791818,31.6426822443309,-432.038748989553));
#2253=CARTESIAN_POINT('Ctrl Pts',(140.06669371451,33.2185790532291,-495.736946907442));
#2254=CARTESIAN_POINT('Ctrl Pts',(147.089358996692,30.3072209680735,-546.471218195305));
#2255=CARTESIAN_POINT('Ctrl Pts',(155.108540910144,34.3171446998258,-597.737003619834));
#2256=CARTESIAN_POINT('Ctrl Pts',(161.92406854525,40.3509843322113,-638.921037500479));
#2257=CARTESIAN_POINT('Ctrl Pts',(173.796967072959,53.4131965470127,-702.270773113608));
#2258=CARTESIAN_POINT('Ctrl Pts',(188.723775503515,72.5982898734128,-779.226998667054));
#2259=CARTESIAN_POINT('Ctrl Pts',(199.354570679374,84.1653954141675,-820.904857450249));
#2260=CARTESIAN_POINT('Ctrl Pts',(205.143851623482,90.5031880722431,-853.560668634235));
#2261=CARTESIAN_POINT('Ctrl Pts',(187.935871659072,75.2037454540067,-65.9278076772935));
#2262=CARTESIAN_POINT('Ctrl Pts',(182.429752104929,79.0001734688508,-90.1690644615482));
#2263=CARTESIAN_POINT('Ctrl Pts',(169.259681642787,64.5165779470445,-161.99015656625));
#2264=CARTESIAN_POINT('Ctrl Pts',(151.437559593645,41.3043937782928,-269.330985538842));
#2265=CARTESIAN_POINT('Ctrl Pts',(143.823329638352,30.2021222547341,-362.410662444772));
#2266=CARTESIAN_POINT('Ctrl Pts',(143.839696792143,25.4358184069753,-432.038748989555));
#2267=CARTESIAN_POINT('Ctrl Pts',(147.042015501225,26.894204284446,-495.736946907443));
#2268=CARTESIAN_POINT('Ctrl Pts',(153.25945451614,24.0938729330861,-546.471218195304));
#2269=CARTESIAN_POINT('Ctrl Pts',(160.480957798397,28.4460133077734,-597.737003619833));
#2270=CARTESIAN_POINT('Ctrl Pts',(166.662156012698,34.8478525794613,-638.921037500478));
#2271=CARTESIAN_POINT('Ctrl Pts',(177.55509416551,48.7723290390149,-702.270773113606));
#2272=CARTESIAN_POINT('Ctrl Pts',(191.353024458421,69.2239019936545,-779.226998667054));
#2273=CARTESIAN_POINT('Ctrl Pts',(201.218534949064,81.7614281091685,-820.904857450249));
#2274=CARTESIAN_POINT('Ctrl Pts',(206.591059858308,88.6276889813607,-853.560668634236));
#2275=CARTESIAN_POINT('Ctrl Pts',(190.745331190969,72.4143968883836,-65.9278076772935));
#2276=CARTESIAN_POINT('Ctrl Pts',(185.727954230451,76.0751597319152,-90.1690644615481));
#2277=CARTESIAN_POINT('Ctrl Pts',(173.726905677951,61.2670671032305,-161.990156566249));
#2278=CARTESIAN_POINT('Ctrl Pts',(157.450744433432,37.5611296061966,-269.330985538841));
#2279=CARTESIAN_POINT('Ctrl Pts',(150.3968882188,26.0959465944429,-362.410662444771));
#2280=CARTESIAN_POINT('Ctrl Pts',(150.258906507685,21.0979663283427,-432.038748989554));
#2281=CARTESIAN_POINT('Ctrl Pts',(153.001035589011,22.3681953786934,-495.736946907442));
#2282=CARTESIAN_POINT('Ctrl Pts',(158.533980682383,19.5395366122887,-546.471218195303));
#2283=CARTESIAN_POINT('Ctrl Pts',(165.076025308756,24.0710805187717,-597.737003619832));
#2284=CARTESIAN_POINT('Ctrl Pts',(170.716335043392,30.7012246057413,-638.921037500477));
#2285=CARTESIAN_POINT('Ctrl Pts',(180.771921276978,45.2408287632923,-702.270773113606));
#2286=CARTESIAN_POINT('Ctrl Pts',(193.603629144135,66.6450571123344,-779.226998667054));
#2287=CARTESIAN_POINT('Ctrl Pts',(202.813456955485,79.9283292993276,-820.90485745025));
#2288=CARTESIAN_POINT('Ctrl Pts',(207.828912503707,87.2007059370235,-853.560668634237));
#2289=CARTESIAN_POINT('Ctrl Pts',(192.906289026223,70.3903865731475,-65.9278076772935));
#2290=CARTESIAN_POINT('Ctrl Pts',(188.272742146056,73.9895976475897,-90.1690644615481));
#2291=CARTESIAN_POINT('Ctrl Pts',(177.189775584696,59.0342795313352,-161.990156566249));
#2292=CARTESIAN_POINT('Ctrl Pts',(162.129112361601,35.0821478435254,-269.33098553884));
#2293=CARTESIAN_POINT('Ctrl Pts',(155.519801532376,23.3811530211288,-362.41066244477));
#2294=CARTESIAN_POINT('Ctrl Pts',(155.266508088833,18.1838572984968,-432.038748989554));
#2295=CARTESIAN_POINT('Ctrl Pts',(157.654025832086,19.2603176201983,-495.736946907442));
#2296=CARTESIAN_POINT('Ctrl Pts',(162.655649129908,16.3453331704629,-546.471218195303));
#2297=CARTESIAN_POINT('Ctrl Pts',(168.668956477436,20.9594960506669,-597.737003619832));
#2298=CARTESIAN_POINT('Ctrl Pts',(173.887815317581,27.7247450576953,-638.921037500477));
#2299=CARTESIAN_POINT('Ctrl Pts',(183.28928209319,42.6857459786675,-702.270773113606));
#2300=CARTESIAN_POINT('Ctrl Pts',(195.364650634358,64.7731934171076,-779.226998667054));
#2301=CARTESIAN_POINT('Ctrl Pts',(204.06059005564,78.60061328409,-820.90485745025));
#2302=CARTESIAN_POINT('Ctrl Pts',(208.796194076784,86.1693199462506,-853.560668634237));
#2303=CARTESIAN_POINT('Ctrl Pts',(195.111574045507,68.4352966172756,-65.9278076772935));
#2304=CARTESIAN_POINT('Ctrl Pts',(190.877308577602,72.0135747454778,-90.1690644615483));
#2305=CARTESIAN_POINT('Ctrl Pts',(180.749382000751,57.0081871793593,-161.99015656625));
#2306=CARTESIAN_POINT('Ctrl Pts',(166.955285481268,32.9357274064755,-269.330985538842));
#2307=CARTESIAN_POINT('Ctrl Pts',(160.815275708482,21.03709603055,-362.410662444772));
#2308=CARTESIAN_POINT('Ctrl Pts',(160.451110568988,15.6165409386867,-432.038748989555));
#2309=CARTESIAN_POINT('Ctrl Pts',(162.480192683093,16.4481951270032,-495.736946907443));
#2310=CARTESIAN_POINT('Ctrl Pts',(166.93816859025,13.3828202700667,-546.471218195304));
#2311=CARTESIAN_POINT('Ctrl Pts',(172.40732744077,18.0277953130095,-597.737003619832));
#2312=CARTESIAN_POINT('Ctrl Pts',(177.191158746084,24.8917635910611,-638.921037500477));
#2313=CARTESIAN_POINT('Ctrl Pts',(185.913482855231,40.232695717714,-702.270773113606));
#2314=CARTESIAN_POINT('Ctrl Pts',(197.199920772478,62.9693087746905,-779.226998667054));
#2315=CARTESIAN_POINT('Ctrl Pts',(205.3583358755,77.3234057836196,-820.90485745025));
#2316=CARTESIAN_POINT('Ctrl Pts',(209.801216799149,85.1789284262532,-853.560668634237));
#2317=CARTESIAN_POINT('Ctrl Pts',(198.114174831883,65.9262381024644,-65.9278076772935));
#2318=CARTESIAN_POINT('Ctrl Pts',(194.427260423314,69.5211014762999,-90.169064461548));
#2319=CARTESIAN_POINT('Ctrl Pts',(185.608541165356,54.5553841083081,-161.990156566249));
#2320=CARTESIAN_POINT('Ctrl Pts',(173.554543097057,30.4625382736562,-269.33098553884));
#2321=CARTESIAN_POINT('Ctrl Pts',(168.070184249045,18.3491782271547,-362.41066244477));
#2322=CARTESIAN_POINT('Ctrl Pts',(167.570333944803,12.6139389342075,-432.038748989554));
#2323=CARTESIAN_POINT('Ctrl Pts',(169.126817340995,13.0738906522831,-495.736946907443));
#2324=CARTESIAN_POINT('Ctrl Pts',(172.854710926357,9.74570274193816,-546.471218195304));
#2325=CARTESIAN_POINT('Ctrl Pts',(177.585152182517,14.3769855136014,-597.737003619833));
#2326=CARTESIAN_POINT('Ctrl Pts',(181.775151931507,21.3318833775516,-638.921037500478));
#2327=CARTESIAN_POINT('Ctrl Pts',(189.560501810735,37.1252904648623,-702.270773113607));
#2328=CARTESIAN_POINT('Ctrl Pts',(199.749372783254,60.6732928929924,-779.226998667055));
#2329=CARTESIAN_POINT('Ctrl Pts',(207.156274681277,75.696246507838,-820.90485745025));
#2330=CARTESIAN_POINT('Ctrl Pts',(211.18989919419,83.9160127219934,-853.560668634237));
#2331=CARTESIAN_POINT('Ctrl Pts',(201.989935707265,62.9840944093568,-65.9278076772936));
#2332=CARTESIAN_POINT('Ctrl Pts',(199.005318566698,66.669582619202,-90.1690644615479));
#2333=CARTESIAN_POINT('Ctrl Pts',(191.866421988581,51.9206305183156,-161.990156566248));
#2334=CARTESIAN_POINT('Ctrl Pts',(182.054096484645,28.0262029568464,-269.330985538839));
#2335=CARTESIAN_POINT('Ctrl Pts',(177.439808174315,15.7336133374841,-362.410662444769));
#2336=CARTESIAN_POINT('Ctrl Pts',(176.804010230716,9.59491933721149,-432.038748989554));
#2337=CARTESIAN_POINT('Ctrl Pts',(177.798007299537,9.53821097961415,-495.736946907443));
#2338=CARTESIAN_POINT('Ctrl Pts',(180.623252024847,5.79785081763297,-546.471218195305));
#2339=CARTESIAN_POINT('Ctrl Pts',(184.41854075495,10.3295026813429,-597.737003619834));
#2340=CARTESIAN_POINT('Ctrl Pts',(187.847979975848,17.332591766715,-638.92103750048));
#2341=CARTESIAN_POINT('Ctrl Pts',(194.406543262371,33.5908994332543,-702.270773113608));
#2342=CARTESIAN_POINT('Ctrl Pts',(203.134014499899,58.0375633300613,-779.226998667055));
#2343=CARTESIAN_POINT('Ctrl Pts',(209.530480039752,73.818409147072,-820.904857450249));
#2344=CARTESIAN_POINT('Ctrl Pts',(213.013844684347,82.4509056237431,-853.560668634236));
#2345=CARTESIAN_POINT('Ctrl Pts',(206.85557167732,59.799214781471,-65.9278076772935));
#2346=CARTESIAN_POINT('Ctrl Pts',(204.709999101816,63.65787638984,-90.1690644615482));
#2347=CARTESIAN_POINT('Ctrl Pts',(199.578010643672,49.3231372093779,-161.990156566249));
#2348=CARTESIAN_POINT('Ctrl Pts',(192.464802557173,25.889289769305,-269.330985538841));
#2349=CARTESIAN_POINT('Ctrl Pts',(188.957251482405,13.5154843857986,-362.410662444772));
#2350=CARTESIAN_POINT('Ctrl Pts',(188.248066941465,6.95172330335082,-432.038748989555));
#2351=CARTESIAN_POINT('Ctrl Pts',(188.672504441474,6.30575780653489,-495.736946907443));
#2352=CARTESIAN_POINT('Ctrl Pts',(190.495399763206,2.05212098485082,-546.471218195305));
#2353=CARTESIAN_POINT('Ctrl Pts',(193.192321239295,6.40270634552905,-597.737003619833));
#2354=CARTESIAN_POINT('Ctrl Pts',(195.704804906568,13.3969557560616,-638.921037500478));
#2355=CARTESIAN_POINT('Ctrl Pts',(200.713449653977,30.0557399803581,-702.270773113607));
#2356=CARTESIAN_POINT('Ctrl Pts',(207.531471886204,55.3488748015205,-779.226998667054));
#2357=CARTESIAN_POINT('Ctrl Pts',(212.582719858012,71.8612494549383,-820.904857450249));
#2358=CARTESIAN_POINT('Ctrl Pts',(215.333510663724,80.892119325379,-853.560668634236));
#2359=CARTESIAN_POINT('Ctrl Pts',(211.956968101667,56.995409931456,-65.9278076772934));
#2360=CARTESIAN_POINT('Ctrl Pts',(210.614055488355,61.0447654630418,-90.1690644615479));
#2361=CARTESIAN_POINT('Ctrl Pts',(207.40194693025,47.1661464922431,-161.990156566249));
#2362=CARTESIAN_POINT('Ctrl Pts',(202.899472900233,24.2810715656058,-269.33098553884));
#2363=CARTESIAN_POINT('Ctrl Pts',(200.542633634228,11.9512955317061,-362.41066244477));
#2364=CARTESIAN_POINT('Ctrl Pts',(199.884997410997,5.0961475940764,-432.038748989553));
#2365=CARTESIAN_POINT('Ctrl Pts',(199.904676986071,4.00462356485526,-495.736946907442));
#2366=CARTESIAN_POINT('Ctrl Pts',(200.870270574295,-0.666884343157853,-546.471218195304));
#2367=CARTESIAN_POINT('Ctrl Pts',(202.534912068689,3.5108638080417,-597.737003619832));
#2368=CARTESIAN_POINT('Ctrl Pts',(204.150961313511,10.4672015619701,-638.921037500478));
#2369=CARTESIAN_POINT('Ctrl Pts',(207.543232421335,27.3724116448545,-702.270773113606));
#2370=CARTESIAN_POINT('Ctrl Pts',(212.283966758765,53.233060030926,-779.226998667054));
#2371=CARTESIAN_POINT('Ctrl Pts',(215.838840200685,70.2462964713049,-820.904857450249));
#2372=CARTESIAN_POINT('Ctrl Pts',(217.774740642334,79.5499238872462,-853.560668634236));
#2373=CARTESIAN_POINT('Ctrl Pts',(217.315162515004,54.6080618333395,-65.9278076772935));
#2374=CARTESIAN_POINT('Ctrl Pts',(216.705806677002,58.8184909404114,-90.1690644615482));
#2375=CARTESIAN_POINT('Ctrl Pts',(215.248290318323,45.32514336045,-161.99015656625));
#2376=CARTESIAN_POINT('Ctrl Pts',(213.170538589912,22.9420533073183,-269.330985538842));
#2377=CARTESIAN_POINT('Ctrl Pts',(211.989690877534,10.7728504793777,-362.410662444772));
#2378=CARTESIAN_POINT('Ctrl Pts',(211.543784579221,3.83491892143424,-432.038748989555));
#2379=CARTESIAN_POINT('Ctrl Pts',(211.382983912532,2.55500589314488,-495.736946907443));
#2380=CARTESIAN_POINT('Ctrl Pts',(211.700644819793,-2.32436142106614,-546.471218195304));
#2381=CARTESIAN_POINT('Ctrl Pts',(212.44143183244,1.75886147272856,-597.737003619833));
#2382=CARTESIAN_POINT('Ctrl Pts',(213.20641035595,8.68601128021415,-638.921037500478));
#2383=CARTESIAN_POINT('Ctrl Pts',(214.927187178246,25.6870268977473,-702.270773113606));
#2384=CARTESIAN_POINT('Ctrl Pts',(217.410700902246,51.7890719123161,-779.226998667054));
#2385=CARTESIAN_POINT('Ctrl Pts',(219.2995464056,69.0196055776809,-820.904857450249));
#2386=CARTESIAN_POINT('Ctrl Pts',(220.328167228223,78.4415679500396,-853.560668634236));
#2387=CARTESIAN_POINT('Ctrl Pts',(221.07201349214,53.3176523447366,-65.9278076772935));
#2388=CARTESIAN_POINT('Ctrl Pts',(220.8838344309,57.5843972291118,-90.1690644615481));
#2389=CARTESIAN_POINT('Ctrl Pts',(220.43372951188,44.2257511840372,-161.990156566249));
#2390=CARTESIAN_POINT('Ctrl Pts',(219.783467195794,22.0564476934798,-269.33098553884));
#2391=CARTESIAN_POINT('Ctrl Pts',(219.391147846398,10.0662102028192,-362.410662444771));
#2392=CARTESIAN_POINT('Ctrl Pts',(219.216834195929,3.26193828264342,-432.038748989554));
#2393=CARTESIAN_POINT('Ctrl Pts',(219.12504790811,2.1032698360975,-495.736946907443));
#2394=CARTESIAN_POINT('Ctrl Pts',(219.193341478088,-2.69851738777613,-546.471218195304));
#2395=CARTESIAN_POINT('Ctrl Pts',(219.41879759705,1.42046136569515,-597.737003619833));
#2396=CARTESIAN_POINT('Ctrl Pts',(219.663223721663,8.35908160923171,-638.921037500478));
#2397=CARTESIAN_POINT('Ctrl Pts',(220.240437013701,25.32583706892,-702.270773113607));
#2398=CARTESIAN_POINT('Ctrl Pts',(221.090994992052,51.3400745720768,-779.226998667054));
#2399=CARTESIAN_POINT('Ctrl Pts',(221.743607183469,68.4912890676817,-820.90485745025));
#2400=CARTESIAN_POINT('Ctrl Pts',(222.099004429033,77.8700560863159,-853.560668634236));
#2401=CARTESIAN_POINT('Ctrl Pts',(223.,52.7536160968561,-65.9278076772935));
#2402=CARTESIAN_POINT('Ctrl Pts',(223.,57.0279092920226,-90.1690644615481));
#2403=CARTESIAN_POINT('Ctrl Pts',(223.,43.6873180283624,-161.990156566249));
#2404=CARTESIAN_POINT('Ctrl Pts',(223.,21.5722327994741,-269.33098553884));
#2405=CARTESIAN_POINT('Ctrl Pts',(223.,9.68800753149072,-362.410662444771));
#2406=CARTESIAN_POINT('Ctrl Pts',(223.,3.01024014966016,-432.038748989554));
#2407=CARTESIAN_POINT('Ctrl Pts',(223.,1.9927787586978,-495.736946907443));
#2408=CARTESIAN_POINT('Ctrl Pts',(223.,-2.69711484916822,-546.471218195304));
#2409=CARTESIAN_POINT('Ctrl Pts',(223.,1.47609499302098,-597.737003619833));
#2410=CARTESIAN_POINT('Ctrl Pts',(223.,8.43447188910117,-638.921037500478));
#2411=CARTESIAN_POINT('Ctrl Pts',(223.,25.3601396057749,-702.270773113607));
#2412=CARTESIAN_POINT('Ctrl Pts',(223.,51.260450041328,-779.226998667054));
#2413=CARTESIAN_POINT('Ctrl Pts',(223.,68.3071643021684,-820.90485745025));
#2414=CARTESIAN_POINT('Ctrl Pts',(223.,77.6290229515068,-853.560668634236));
#2415=UNCERTAINTY_MEASURE_WITH_UNIT(LENGTH_MEASURE(0.01),#2419,
'DISTANCE_ACCURACY_VALUE',
'Maximum model space distance between geometric entities at asserted c
onnectivities');
#2416=UNCERTAINTY_MEASURE_WITH_UNIT(LENGTH_MEASURE(0.01),#2419,
'DISTANCE_ACCURACY_VALUE',
'Maximum model space distance between geometric entities at asserted c
onnectivities');
#2417=(
GEOMETRIC_REPRESENTATION_CONTEXT(3)
GLOBAL_UNCERTAINTY_ASSIGNED_CONTEXT((#2415))
GLOBAL_UNIT_ASSIGNED_CONTEXT((#2419,#2421,#2422))
REPRESENTATION_CONTEXT('','3D')
);
#2418=(
GEOMETRIC_REPRESENTATION_CONTEXT(3)
GLOBAL_UNCERTAINTY_ASSIGNED_CONTEXT((#2416))
GLOBAL_UNIT_ASSIGNED_CONTEXT((#2419,#2421,#2422))
REPRESENTATION_CONTEXT('','3D')
);
#2419=(
LENGTH_UNIT()
NAMED_UNIT(*)
SI_UNIT(.MILLI.,.METRE.)
);
#2420=(
LENGTH_UNIT()
NAMED_UNIT(*)
SI_UNIT($,.METRE.)
);
#2421=(
NAMED_UNIT(*)
PLANE_ANGLE_UNIT()
SI_UNIT($,.RADIAN.)
);
#2422=(
NAMED_UNIT(*)
SI_UNIT($,.STERADIAN.)
SOLID_ANGLE_UNIT()
);
#2423=SHAPE_DEFINITION_REPRESENTATION(#2424,#2425);
#2424=PRODUCT_DEFINITION_SHAPE('',$,#2427);
#2425=SHAPE_REPRESENTATION('',(#165),#2417);
#2426=PRODUCT_DEFINITION_CONTEXT('part definition',#2431,'design');
#2427=PRODUCT_DEFINITION('\X2\573074DCFF1F\X0\','(\X2\672A4FDD5B58\X0\)',
#2428,#2426);
#2428=PRODUCT_DEFINITION_FORMATION('',$,#2433);
#2429=PRODUCT_RELATED_PRODUCT_CATEGORY('(\X2\672A4FDD5B58\X0\)',
'(\X2\672A4FDD5B58\X0\)',(#2433));
#2430=APPLICATION_PROTOCOL_DEFINITION('international standard',
'automotive_design',2009,#2431);
#2431=APPLICATION_CONTEXT(
'Core Data for Automotive Mechanical Design Process');
#2432=PRODUCT_CONTEXT('part definition',#2431,'mechanical');
#2433=PRODUCT('\X2\573074DCFF1F\X0\','(\X2\672A4FDD5B58\X0\)',
'STEP AP214',(#2432));
#2434=PRESENTATION_STYLE_ASSIGNMENT((#2436));
#2435=PRESENTATION_STYLE_ASSIGNMENT((#2437));
#2436=SURFACE_STYLE_USAGE(.BOTH.,#2438);
#2437=SURFACE_STYLE_USAGE(.BOTH.,#2439);
#2438=SURFACE_SIDE_STYLE('',(#2440));
#2439=SURFACE_SIDE_STYLE('',(#2441));
#2440=SURFACE_STYLE_FILL_AREA(#2442);
#2441=SURFACE_STYLE_FILL_AREA(#2443);
#2442=FILL_AREA_STYLE('\X2\94A2\X0\ - \X2\7F0E5149\X0\',(#2444));
#2443=FILL_AREA_STYLE('Opaque(202,209,238)',(#2445));
#2444=FILL_AREA_STYLE_COLOUR('\X2\94A2\X0\ - \X2\7F0E5149\X0\',#2446);
#2445=FILL_AREA_STYLE_COLOUR('Opaque(202,209,238)',#2447);
#2446=COLOUR_RGB('\X2\94A2\X0\ - \X2\7F0E5149\X0\',0.627450980392157,0.627450980392157,
0.627450980392157);
#2447=COLOUR_RGB('Opaque(202,209,238)',0.792156862745098,0.819607843137255,
0.933333333333333);
ENDSEC;
END-ISO-10303-21;
