ISO-10303-21;
HEADER;
FILE_DESCRIPTION (( 'STEP AP214' ),
    '1' );
FILE_NAME ('鱼体第二关节-draft2.STEP',
    '2026-08-23T09:42:03',
    ( '' ),
    ( '' ),
    'SwSTEP 2.0',
    'SolidWorks 2025',
    '' );
FILE_SCHEMA (( 'AUTOMOTIVE_DESIGN' ));
ENDSEC;

DATA;
#1 = CARTESIAN_POINT ( 'NONE',  ( -39.85311785743393642, -57.20210681830604216, 54.92881503032283774 ) ) ;
#2 = PLANE ( 'NONE',  #4609 ) ;
#3 = CARTESIAN_POINT ( 'NONE',  ( 17.00000000000000000, 42.23833585967788196, 8.623210178535167358 ) ) ;
#4 = CARTESIAN_POINT ( 'NONE',  ( 0.1172184905450128628, 58.00521026503925270, 1.055381380715739281 ) ) ;
#5 = ADVANCED_FACE ( 'NONE', ( #7841 ), #4828, .F. ) ;
#6 = AXIS2_PLACEMENT_3D ( 'NONE', #4800, #5543, #7813 ) ;
#7 = VERTEX_POINT ( 'NONE', #2604 ) ;
#8 = CARTESIAN_POINT ( 'NONE',  ( 17.00000000000000000, 6.781541068937156247, 61.00000000000041211 ) ) ;
#9 = VERTEX_POINT ( 'NONE', #3394 ) ;
#10 = DIRECTION ( 'NONE',  ( 0.000000000000000000, -0.5244297790247105517, -0.8514537021307109210 ) ) ;
#11 = ORIENTED_EDGE ( 'NONE', *, *, #7787, .F. ) ;
#12 = CARTESIAN_POINT ( 'NONE',  ( 20.00000000000000000, -13.50316469948729292, 51.00000000000062528 ) ) ;
#13 = CARTESIAN_POINT ( 'NONE',  ( 19.99999999999998934, -66.44301703982488050, 81.00000000000000000 ) ) ;
#14 = LINE ( 'NONE', #5275, #1593 ) ;
#15 = DIRECTION ( 'NONE',  ( 0.000000000000000000, 0.8798963622018148856, 0.4751656466791474576 ) ) ;
#16 = LINE ( 'NONE', #4677, #5405 ) ;
#17 = VECTOR ( 'NONE', #4210, 1000.000000000000114 ) ;
#18 = FACE_OUTER_BOUND ( 'NONE', #1095, .T. ) ;
#19 = DIRECTION ( 'NONE',  ( 0.000000000000000000, -0.02844266007110470701, -0.9995954257038591750 ) ) ;
#20 = ORIENTED_EDGE ( 'NONE', *, *, #1877, .F. ) ;
#21 = ORIENTED_EDGE ( 'NONE', *, *, #5138, .F. ) ;
#22 = VERTEX_POINT ( 'NONE', #7190 ) ;
#23 = DIRECTION ( 'NONE',  ( 0.000000000000000000, -0.8514537021307106990, 0.5244297790247106628 ) ) ;
#24 = VECTOR ( 'NONE', #3611, 1000.000000000000114 ) ;
#25 = EDGE_CURVE ( 'NONE', #3425, #4827, #7095, .T. ) ;
#26 = AXIS2_PLACEMENT_3D ( 'NONE', #1248, #1347, #7283 ) ;
#27 = CARTESIAN_POINT ( 'NONE',  ( 78.78491847281796367, -4.445044529257630828, 0.5996449935063823400 ) ) ;
#28 = LINE ( 'NONE', #1570, #2672 ) ;
#29 = LINE ( 'NONE', #8350, #8845 ) ;
#30 = DIRECTION ( 'NONE',  ( 0.000000000000000000, 0.8798963622018151076, 0.4751656466791471800 ) ) ;
#31 = VECTOR ( 'NONE', #4558, 1000.000000000000114 ) ;
#32 = ORIENTED_EDGE ( 'NONE', *, *, #4231, .F. ) ;
#33 = ORIENTED_EDGE ( 'NONE', *, *, #5127, .F. ) ;
#34 = CARTESIAN_POINT ( 'NONE',  ( 33.32232879672930892, 6.496999349960439041, 51.00000000000041922 ) ) ;
#35 = EDGE_CURVE ( 'NONE', #6672, #9286, #4139, .T. ) ;
#36 = ORIENTED_EDGE ( 'NONE', *, *, #2641, .F. ) ;
#37 = CARTESIAN_POINT ( 'NONE',  ( -55.79670306137732894, 53.58904867547462203, 82.00000000000000000 ) ) ;
#38 = VECTOR ( 'NONE', #2370, 1000.000000000000000 ) ;
#40 = ORIENTED_EDGE ( 'NONE', *, *, #2779, .F. ) ;
#39 = CARTESIAN_POINT ( 'NONE',  ( -72.86592957054435260, 22.39336796095164317, 1.079356336588691345 ) ) ;
#41 = DIRECTION ( 'NONE',  ( 0.000000000000000000, 0.02844266007110466538, 0.9995954257038591750 ) ) ;
#42 = CARTESIAN_POINT ( 'NONE',  ( 33.32232879672930892, 10.89826179862681066, 23.37678982146525186 ) ) ;
#43 = CARTESIAN_POINT ( 'NONE',  ( 79.00000000000002842, 2.285182183067573813, 0.9999999999999997780 ) ) ;
#44 = EDGE_CURVE ( 'NONE', #8080, #8542, #2644, .T. ) ;
#45 = LINE ( 'NONE', #7712, #5574 ) ;
#46 = ADVANCED_FACE ( 'NONE', ( #7985 ), #1107, .F. ) ;
#47 = EDGE_CURVE ( 'NONE', #274, #8926, #1899, .T. ) ;
#48 = EDGE_CURVE ( 'NONE', #3672, #3929, #9472, .T. ) ;
#49 = EDGE_LOOP ( 'NONE', ( #3153, #8392 ) ) ;
#50 = DIRECTION ( 'NONE',  ( -0.000000000000000000, -0.8514537021307108100, 0.5244297790247106628 ) ) ;
#51 = ORIENTED_EDGE ( 'NONE', *, *, #294, .F. ) ;
#52 = LINE ( 'NONE', #4514, #2668 ) ;
#53 = CARTESIAN_POINT ( 'NONE',  ( -44.16496894512167160, -55.51179737702049977, 54.93095705480473612 ) ) ;
#54 = DIRECTION ( 'NONE',  ( -1.000000000000000000, -0.000000000000000000, -0.000000000000000000 ) ) ;
#55 = LINE ( 'NONE', #2292, #7602 ) ;
#56 = CARTESIAN_POINT ( 'NONE',  ( 20.00000000000000000, -29.10206630026864616, 68.37678982146566398 ) ) ;
#57 = CARTESIAN_POINT ( 'NONE',  ( -73.73605988552721158, 22.88620039310741561, 1.000000000000000000 ) ) ;
#58 = VECTOR ( 'NONE', #413, 1000.000000000000000 ) ;
#59 = EDGE_CURVE ( 'NONE', #9596, #1527, #5714, .T. ) ;
#60 = ORIENTED_EDGE ( 'NONE', *, *, #4360, .F. ) ;
#61 = CARTESIAN_POINT ( 'NONE',  ( -8.000000000000000000, 42.49999999999986500, 3.638601137938800356 ) ) ;
#62 = EDGE_LOOP ( 'NONE', ( #5194, #3241, #7899, #3228 ) ) ;
#63 = CARTESIAN_POINT ( 'NONE',  ( 20.00000000000000000, -33.50332874893501867, 66.00000000000083844 ) ) ;
#64 = ORIENTED_EDGE ( 'NONE', *, *, #25, .F. ) ;
#65 = DIRECTION ( 'NONE',  ( -1.000000000000000000, 0.000000000000000000, 0.000000000000000000 ) ) ;
#66 = DIRECTION ( 'NONE',  ( 0.000000000000000000, -0.02844266007110327760, -0.9995954257038591750 ) ) ;
#67 = CARTESIAN_POINT ( 'NONE',  ( 20.00000000000000000, 2.380278620270778855, 73.62321017853558658 ) ) ;
#68 = PLANE ( 'NONE',  #5409 ) ;
#69 = DIRECTION ( 'NONE',  ( -0.6605840444103994180, -0.6605840444103885378, -0.3567316085530034542 ) ) ;
#70 = CARTESIAN_POINT ( 'NONE',  ( -19.00476682292256925, -56.30104512619139001, 0.9999999999999997780 ) ) ;
#71 = LINE ( 'NONE', #7444, #3796 ) ;
#72 = ORIENTED_EDGE ( 'NONE', *, *, #4814, .F. ) ;
#73 = ORIENTED_EDGE ( 'NONE', *, *, #9006, .F. ) ;
#74 = VERTEX_POINT ( 'NONE', #3578 ) ;
#75 = LINE ( 'NONE', #122, #726 ) ;
#76 = CARTESIAN_POINT ( 'NONE',  ( 86.39190786028552793, -24.82237904821675656, 82.15834922865482781 ) ) ;
#77 = DIRECTION ( 'NONE',  ( 0.000000000000000000, -0.5244297790247105517, -0.8514537021307109210 ) ) ;
#78 = CARTESIAN_POINT ( 'NONE',  ( 10.69242191638776340, 66.56139092465045337, 82.11095403852597485 ) ) ;
#79 = CARTESIAN_POINT ( 'NONE',  ( 86.45791978843452341, -26.37310446997210178, 81.00000000000000000 ) ) ;
#80 = ORIENTED_EDGE ( 'NONE', *, *, #5982, .T. ) ;
#81 = ORIENTED_EDGE ( 'NONE', *, *, #752, .T. ) ;
#82 = DIRECTION ( 'NONE',  ( 0.000000000000000000, 0.02844266007110329494, 0.9995954257038591750 ) ) ;
#83 = VECTOR ( 'NONE', #3757, 1000.000000000000000 ) ;
#84 = CARTESIAN_POINT ( 'NONE',  ( 20.00000000000000000, -57.99843505709356606, 1.041300569779510354 ) ) ;
#86 = EDGE_LOOP ( 'NONE', ( #5538, #9094, #9374, #7249 ) ) ;
#85 = DIRECTION ( 'NONE',  ( 0.000000000000000000, -0.8798963622018144415, -0.4751656466791482902 ) ) ;
#87 = FACE_BOUND ( 'NONE', #981, .T. ) ;
#88 = DIRECTION ( 'NONE',  ( 0.000000000000000000, 0.8514537021307111431, -0.5244297790247101076 ) ) ;
#89 = CARTESIAN_POINT ( 'NONE',  ( 60.50786097138823294, 37.32559463166868596, 1.000000000000000222 ) ) ;
#90 = CARTESIAN_POINT ( 'NONE',  ( 17.00000000000000000, 22.23817181023015266, 53.62321017853537342 ) ) ;
#91 = EDGE_CURVE ( 'NONE', #6036, #7987, #4276, .T. ) ;
#92 = VECTOR ( 'NONE', #772, 1000.000000000000000 ) ;
#93 = EDGE_LOOP ( 'NONE', ( #7121, #1646, #6234, #3815 ) ) ;
#94 = DIRECTION ( 'NONE',  ( -1.000000000000000000, -0.000000000000000000, -0.000000000000000000 ) ) ;
#95 = ORIENTED_EDGE ( 'NONE', *, *, #5847, .F. ) ;
#96 = DIRECTION ( 'NONE',  ( 0.000000000000000000, 0.8798963622018151076, 0.4751656466791471800 ) ) ;
#97 = ADVANCED_FACE ( 'NONE', ( #2744 ), #7233, .F. ) ;
#98 = ADVANCED_FACE ( 'NONE', ( #8775 ), #5763, .F. ) ;
#99 = CARTESIAN_POINT ( 'NONE',  ( -7.687166739971776686, -66.77662005287074010, 82.11070092519695152 ) ) ;
#100 = APPLICATION_PROTOCOL_DEFINITION ( 'draft international standard', 'automotive_design', 1998, #132 ) ;
#101 = CARTESIAN_POINT ( 'NONE',  ( 19.00255955688570708, -57.32119927902380851, 1.041282820463009351 ) ) ;
#102 = LINE ( 'NONE', #2489, #670 ) ;
#103 = CARTESIAN_POINT ( 'NONE',  ( -45.12362272823512654, -47.60870689353486540, 1.062811914599313790 ) ) ;
#104 = EDGE_CURVE ( 'NONE', #5834, #7332, #8876, .T. ) ;
#105 = ORIENTED_EDGE ( 'NONE', *, *, #1576, .F. ) ;
#106 = PLANE ( 'NONE',  #7777 ) ;
#107 = ORIENTED_EDGE ( 'NONE', *, *, #7309, .F. ) ;
#108 = CARTESIAN_POINT ( 'NONE',  ( 20.00000000000000000, -8.959631391332559147, 13.37678982146545970 ) ) ;
#109 = EDGE_LOOP ( 'NONE', ( #9226, #6255, #4841, #965, #60 ) ) ;
#110 = DIRECTION ( 'NONE',  ( 0.000000000000000000, -0.02844266007110470701, -0.9995954257038591750 ) ) ;
#111 = CARTESIAN_POINT ( 'NONE',  ( 17.00000000000000000, -13.50316469948729292, 66.00000000000062528 ) ) ;
#112 = LINE ( 'NONE', #3887, #3645 ) ;
#113 = CARTESIAN_POINT ( 'NONE',  ( 0.000000000000000000, 0.000000000000000000, 0.000000000000000000 ) ) ;
#114 = CARTESIAN_POINT ( 'NONE',  ( 29.86577200034888335, 60.25861980069383605, 54.92496609284820153 ) ) ;
#115 = CARTESIAN_POINT ( 'NONE',  ( 74.99999999999998579, -109.9999999999999858, 1.000000000000000000 ) ) ;
#116 = CARTESIAN_POINT ( 'NONE',  ( 17.00000000000000000, -33.21878702995829968, 76.00000000000081002 ) ) ;
#117 = EDGE_CURVE ( 'NONE', #5889, #271, #5165, .T. ) ;
#118 = VECTOR ( 'NONE', #6269, 1000.000000000000000 ) ;
#119 = ORIENTED_EDGE ( 'NONE', *, *, #7129, .F. ) ;
#120 = VERTEX_POINT ( 'NONE', #8081 ) ;
#121 = ORIENTED_EDGE ( 'NONE', *, *, #6441, .T. ) ;
#122 = CARTESIAN_POINT ( 'NONE',  ( 17.00000000000000000, -57.99843505709356606, 1.041300569779510354 ) ) ;
#123 = CARTESIAN_POINT ( 'NONE',  ( 80.88248493894430169, -15.64649295089880532, 27.78429391789860858 ) ) ;
#124 = AXIS2_PLACEMENT_3D ( 'NONE', #2138, #7977, #3677 ) ;
#125 = CARTESIAN_POINT ( 'NONE',  ( -83.26698637433686656, 21.39275649028497384, 54.97042475582279053 ) ) ;
#126 = CARTESIAN_POINT ( 'NONE',  ( -26.90109176405524849, 54.50371668821838966, 0.5510978481479009705 ) ) ;
#127 = DIRECTION ( 'NONE',  ( -0.000000000000000000, 1.000000000000000000, -2.775557561562892929E-15 ) ) ;
#128 = ORIENTED_EDGE ( 'NONE', *, *, #8414, .F. ) ;
#129 = VECTOR ( 'NONE', #1691, 999.9999999999998863 ) ;
#130 = ORIENTED_EDGE ( 'NONE', *, *, #9584, .F. ) ;
#131 = DIRECTION ( 'NONE',  ( -1.000000000000000000, -0.000000000000000000, -0.000000000000000000 ) ) ;
#132 = APPLICATION_CONTEXT ( 'automotive_design' ) ;
#133 = LINE ( 'NONE', #8206, #1067 ) ;
#135 = VERTEX_POINT ( 'NONE', #5911 ) ;
#134 = LINE ( 'NONE', #8501, #8066 ) ;
#136 = CARTESIAN_POINT ( 'NONE',  ( 17.00000000000000000, 42.38060671916623789, 28.62321017853516736 ) ) ;
#137 = CARTESIAN_POINT ( 'NONE',  ( 20.00000000000000000, 6.781541068937156247, 31.00000000000041567 ) ) ;
#138 = DIRECTION ( 'NONE',  ( 0.000000000000000000, 0.8798963622018151076, 0.4751656466791471800 ) ) ;
#139 = AXIS2_PLACEMENT_3D ( 'NONE', #7908, #4892, #5682 ) ;
#140 = CARTESIAN_POINT ( 'NONE',  ( 20.00000000000000000, -66.32864845798592057, 81.00000000000000000 ) ) ;
#141 = AXIS2_PLACEMENT_3D ( 'NONE', #7487, #3733, #1250 ) ;
#142 = EDGE_LOOP ( 'NONE', ( #7681, #6570, #8143, #3755 ) ) ;
#143 = LINE ( 'NONE', #3126, #8970 ) ;
#144 = EDGE_CURVE ( 'NONE', #8234, #4039, #9572, .T. ) ;
#145 = ORIENTED_EDGE ( 'NONE', *, *, #276, .F. ) ;
#146 = LINE ( 'NONE', #7476, #5200 ) ;
#147 = CARTESIAN_POINT ( 'NONE',  ( 2.291909608147808974, -67.07746867860305429, 82.11034783433660778 ) ) ;
#148 = DIRECTION ( 'NONE',  ( 0.000000000000000000, 0.000000000000000000, 1.000000000000000000 ) ) ;
#149 = DIRECTION ( 'NONE',  ( 0.000000000000000000, 0.02844266007110327760, 0.9995954257038591750 ) ) ;
#150 = CARTESIAN_POINT ( 'NONE',  ( 135.8003321380219006, 85.87448793804520619, 1.000000000000000000 ) ) ;
#151 = AXIS2_PLACEMENT_3D ( 'NONE', #7228, #8078, #4326 ) ;
#152 = EDGE_CURVE ( 'NONE', #6720, #9042, #559, .T. ) ;
#153 = EDGE_CURVE ( 'NONE', #7758, #9286, #460, .T. ) ;
#154 = EDGE_LOOP ( 'NONE', ( #4647, #2009, #207, #8292, #1615, #3901 ) ) ;
#155 = DIRECTION ( 'NONE',  ( 0.000000000000000000, 0.8514537021307114761, -0.5244297790247095525 ) ) ;
#156 = ORIENTED_EDGE ( 'NONE', *, *, #1246, .F. ) ;
#157 = DIRECTION ( 'NONE',  ( 0.000000000000000000, -0.8798963622018147746, -0.4751656466791477906 ) ) ;
#158 = VECTOR ( 'NONE', #5475, 1000.000000000000114 ) ;
#159 = VECTOR ( 'NONE', #8237, 1000.000000000000000 ) ;
#160 = EDGE_CURVE ( 'NONE', #1083, #9030, #4427, .T. ) ;
#161 = VERTEX_POINT ( 'NONE', #6592 ) ;
#162 = DIRECTION ( 'NONE',  ( 0.000000000000000000, 0.8798963622018151076, 0.4751656466791471800 ) ) ;
#163 = CARTESIAN_POINT ( 'NONE',  ( 19.99999999999998934, -66.44301703982488050, 82.00000000000000000 ) ) ;
#164 = PLANE ( 'NONE',  #4274 ) ;
#165 = CARTESIAN_POINT ( 'NONE',  ( 17.00000000000000000, 31.04069670756290122, 43.37678982146503870 ) ) ;
#166 = DIRECTION ( 'NONE',  ( 0.000000000000000000, -1.000000000000000000, 0.000000000000000000 ) ) ;
#167 = CARTESIAN_POINT ( 'NONE',  ( 75.00000000000000000, -6.735557395310442615E-15, 1.000000000000000000 ) ) ;
#168 = CARTESIAN_POINT ( 'NONE',  ( 20.00000000000000000, 6.496999349960439041, 51.00000000000041922 ) ) ;
#169 = ADVANCED_FACE ( 'NONE', ( #4376 ), #9678, .F. ) ;
#170 = VECTOR ( 'NONE', #2595, 1000.000000000000000 ) ;
#171 = EDGE_CURVE ( 'NONE', #9054, #2204, #664, .T. ) ;
#172 = EDGE_CURVE ( 'NONE', #5801, #9026, #6493, .T. ) ;
#173 = ORIENTED_EDGE ( 'NONE', *, *, #370, .F. ) ;
#174 = ORIENTED_EDGE ( 'NONE', *, *, #3966, .F. ) ;
#175 = ORIENTED_EDGE ( 'NONE', *, *, #4825, .T. ) ;
#176 = CARTESIAN_POINT ( 'NONE',  ( -8.000000000000000000, -34.50000000000004263, 21.04061919046182538 ) ) ;
#177 = ADVANCED_FACE ( 'NONE', ( #5862 ), #8031, .F. ) ;
#178 = VECTOR ( 'NONE', #5209, 1000.000000000000114 ) ;
#179 = CARTESIAN_POINT ( 'NONE',  ( 82.39941925699753256, -10.35107113456746930, 27.78744026120010702 ) ) ;
#180 = CARTESIAN_POINT ( 'NONE',  ( -84.07518540047388456, 19.57277941646812991, 54.97188583006868612 ) ) ;
#181 = DIRECTION ( 'NONE',  ( 0.000000000000000000, -0.02844266007110327760, -0.9995954257038591750 ) ) ;
#182 = CARTESIAN_POINT ( 'NONE',  ( -32.78151272951418349, 59.44463478554757785, 54.92805507061375181 ) ) ;
#183 = LINE ( 'NONE', #5536, #8584 ) ;
#184 = CIRCLE ( 'NONE', #1607, 1.399999999999998579 ) ;
#185 = AXIS2_PLACEMENT_3D ( 'NONE', #1229, #9558, #5105 ) ;
#186 = ORIENTED_EDGE ( 'NONE', *, *, #5309, .F. ) ;
#187 = ORIENTED_EDGE ( 'NONE', *, *, #751, .T. ) ;
#188 = PLANE ( 'NONE',  #1512 ) ;
#189 = LINE ( 'NONE', #9530, #8340 ) ;
#191 = ORIENTED_EDGE ( 'NONE', *, *, #6694, .T. ) ;
#190 = LINE ( 'NONE', #6316, #7921 ) ;
#192 = CARTESIAN_POINT ( 'NONE',  ( 80.00000000000002842, 117.9999999999999574, 1.000000000000000000 ) ) ;
#193 = DIRECTION ( 'NONE',  ( -1.000000000000000000, -0.000000000000000000, -0.000000000000000000 ) ) ;
#194 = AXIS2_PLACEMENT_3D ( 'NONE', #6540, #6930, #2338 ) ;
#195 = CARTESIAN_POINT ( 'NONE',  ( -55.19346478732085615, 41.52684323091480678, 1.000000000000000000 ) ) ;
#196 = CARTESIAN_POINT ( 'NONE',  ( 20.00000000000000000, -13.50316469948729292, 6.000000000000627054 ) ) ;
#197 = VECTOR ( 'NONE', #3481, 1000.000000000000114 ) ;
#198 = VECTOR ( 'NONE', #9795, 1000.000000000000114 ) ;
#199 = EDGE_LOOP ( 'NONE', ( #7685, #4972, #3714, #3254, #156 ) ) ;
#200 = CARTESIAN_POINT ( 'NONE',  ( 17.00000000000000000, -33.21878702995829968, 46.00000000000083134 ) ) ;
#201 = EDGE_LOOP ( 'NONE', ( #4293, #1932, #4874, #1700 ) ) ;
#202 = DIRECTION ( 'NONE',  ( -0.000000000000000000, -0.000000000000000000, -1.000000000000000000 ) ) ;
#203 = CARTESIAN_POINT ( 'NONE',  ( 33.32232879672930892, -33.21878702995829968, 16.00000000000083134 ) ) ;
#204 = DIRECTION ( 'NONE',  ( 0.000000000000000000, 0.9995954257038592861, -0.02844266007110471048 ) ) ;
#205 = PLANE ( 'NONE',  #5725 ) ;
#206 = CARTESIAN_POINT ( 'NONE',  ( -41.61286904359830174, -49.33588370958927527, 1.061572618414612590 ) ) ;
#207 = ORIENTED_EDGE ( 'NONE', *, *, #1129, .F. ) ;
#208 = DIRECTION ( 'NONE',  ( -1.000000000000000000, 0.000000000000000000, 0.000000000000000000 ) ) ;
#209 = ORIENTED_EDGE ( 'NONE', *, *, #4411, .T. ) ;
#210 = CARTESIAN_POINT ( 'NONE',  ( -18.35001944187715139, -65.72523433185473607, 82.00000000000000000 ) ) ;
#211 = ORIENTED_EDGE ( 'NONE', *, *, #477, .F. ) ;
#212 = CARTESIAN_POINT ( 'NONE',  ( 17.00000000000000000, 26.49716339940816567, 21.00000000000020961 ) ) ;
#213 = CARTESIAN_POINT ( 'NONE',  ( 1.999999999999803935, 35.00000000000002842, 31.03860113793880160 ) ) ;
#214 = CARTESIAN_POINT ( 'NONE',  ( 75.00000000000000000, -6.735557395310442615E-15, 0.000000000000000000 ) ) ;
#215 = CARTESIAN_POINT ( 'NONE',  ( 73.73605988552721158, -22.88620039310740850, 1.000000000000000000 ) ) ;
#216 = CARTESIAN_POINT ( 'NONE',  ( 17.00000000000000000, -37.76232033811303523, 68.62321017853599869 ) ) ;
#217 = CARTESIAN_POINT ( 'NONE',  ( -72.18449658817822012, -23.64426964423504529, 1.000000000000000000 ) ) ;
#218 = CARTESIAN_POINT ( 'NONE',  ( 17.00000000000000000, 31.04069670756290122, 58.37678982146503870 ) ) ;
#219 = EDGE_CURVE ( 'NONE', #889, #5526, #2794, .T. ) ;
#220 = EDGE_CURVE ( 'NONE', #3510, #4329, #3687, .T. ) ;
#221 = ORIENTED_EDGE ( 'NONE', *, *, #1252, .F. ) ;
#222 = DIRECTION ( 'NONE',  ( 0.000000000000000000, 0.8514537021307111431, -0.5244297790247101076 ) ) ;
#223 = VERTEX_POINT ( 'NONE', #9724 ) ;
#224 = LINE ( 'NONE', #3253, #7995 ) ;
#225 = ORIENTED_EDGE ( 'NONE', *, *, #1877, .T. ) ;
#226 = VECTOR ( 'NONE', #3533, 1000.000000000000114 ) ;
#227 = VERTEX_POINT ( 'NONE', #2048 ) ;
#228 = CARTESIAN_POINT ( 'NONE',  ( 77.08036298797823349, -23.61284090042239825, 27.77728312822397427 ) ) ;
#229 = CARTESIAN_POINT ( 'NONE',  ( -90.81515339129823872, 14.47400701414139412, 82.16602204941173682 ) ) ;
#230 = EDGE_CURVE ( 'NONE', #1866, #9140, #7888, .T. ) ;
#231 = ADVANCED_FACE ( 'NONE', ( #1299 ), #4328, .F. ) ;
#232 = PLANE ( 'NONE',  #2562 ) ;
#233 = CARTESIAN_POINT ( 'NONE',  ( -40.50129602892516090, 56.88662726946231629, 54.93128549159785479 ) ) ;
#234 = DIRECTION ( 'NONE',  ( -1.000000000000000000, -0.000000000000000000, -0.000000000000000000 ) ) ;
#235 = EDGE_CURVE ( 'NONE', #5813, #720, #8328, .T. ) ;
#236 = ORIENTED_EDGE ( 'NONE', *, *, #3188, .F. ) ;
#237 = EDGE_LOOP ( 'NONE', ( #678, #9449, #6872, #1037, #7193, #5164 ) ) ;
#238 = CARTESIAN_POINT ( 'NONE',  ( 17.00000000000000000, 46.78186916783261040, 16.00000000000000000 ) ) ;
#239 = CARTESIAN_POINT ( 'NONE',  ( 20.00000000000000000, 51.04086075701062697, 28.37678982146482554 ) ) ;
#240 = DIRECTION ( 'NONE',  ( -0.000000000000000000, 0.5244297790247111068, 0.8514537021307104769 ) ) ;
#241 = LINE ( 'NONE', #8606, #2517 ) ;
#242 = DIRECTION ( 'NONE',  ( 0.000000000000000000, -0.8514537021307104769, 0.5244297790247111068 ) ) ;
#243 = EDGE_CURVE ( 'NONE', #135, #2906, #3136, .T. ) ;
#244 = CARTESIAN_POINT ( 'NONE',  ( -57.89611734063345949, 39.45866626634013130, 0.9999999999999997780 ) ) ;
#245 = DIRECTION ( 'NONE',  ( 0.000000000000000000, 0.8798963622018147746, 0.4751656466791477351 ) ) ;
#246 = VECTOR ( 'NONE', #3566, 1000.000000000000000 ) ;
#247 = VERTEX_POINT ( 'NONE', #3187 ) ;
#248 = CARTESIAN_POINT ( 'NONE',  ( 20.00000000000000000, 11.04053265811517193, 13.37678982146525541 ) ) ;
#249 = EDGE_LOOP ( 'NONE', ( #4431, #5993, #119, #5393 ) ) ;
#250 = CARTESIAN_POINT ( 'NONE',  ( 20.00000000000000000, -13.21862298051057394, 76.00000000000062528 ) ) ;
#251 = LINE ( 'NONE', #9363, #4581 ) ;
#252 = CARTESIAN_POINT ( 'NONE',  ( 33.32232879672930892, -33.50332874893501867, 6.000000000000835776 ) ) ;
#253 = VECTOR ( 'NONE', #7843, 1000.000000000000000 ) ;
#254 = CARTESIAN_POINT ( 'NONE',  ( -8.000000000000000000, -32.00000000000000000, 31.04061919046181472 ) ) ;
#255 = CARTESIAN_POINT ( 'NONE',  ( -11.67178763303252609, 131.6468887242600374, 1.000000000000000000 ) ) ;
#256 =( BOUNDED_CURVE ( )  B_SPLINE_CURVE ( 3, ( #5867, #9529, #2748, #8779 ),
 .UNSPECIFIED., .F., .F. ) 
 B_SPLINE_CURVE_WITH_KNOTS ( ( 4, 4 ),
 ( 1.785201191529182108, 4.497984115650403680 ),
 .UNSPECIFIED. ) 
 CURVE ( )  GEOMETRIC_REPRESENTATION_ITEM ( )  RATIONAL_B_SPLINE_CURVE ( ( 1.000000000000000000, 0.4751773049645391378, 0.4751773049645391378, 1.000000000000000000 ) ) 
 REPRESENTATION_ITEM ( '' )  );
#257 = EDGE_LOOP ( 'NONE', ( #640, #1019, #2349, #4702 ) ) ;
#258 = CARTESIAN_POINT ( 'NONE',  ( 20.00000000000000000, 2.238007760782423361, 23.62321017853557947 ) ) ;
#259 = ORIENTED_EDGE ( 'NONE', *, *, #8817, .T. ) ;
#260 = DIRECTION ( 'NONE',  ( 0.000000000000000000, -0.4751656466791475131, 0.8798963622018149966 ) ) ;
#261 = ORIENTED_EDGE ( 'NONE', *, *, #7894, .F. ) ;
#262 = CARTESIAN_POINT ( 'NONE',  ( 17.00000000000000000, 42.23833585967788196, 68.62321017853516025 ) ) ;
#263 = FACE_OUTER_BOUND ( 'NONE', #1014, .T. ) ;
#264 = CARTESIAN_POINT ( 'NONE',  ( 16.99999999999961275, 56.63959830834418341, 1.056349708212255489 ) ) ;
#265 = DIRECTION ( 'NONE',  ( -1.000000000000000000, -0.000000000000000000, -0.000000000000000000 ) ) ;
#266 = CARTESIAN_POINT ( 'NONE',  ( 62.91486693132457475, 35.26573305343315923, 1.000000000000000222 ) ) ;
#267 = CARTESIAN_POINT ( 'NONE',  ( -68.63811641685211384, -28.94871503358220366, 1.000000000000000000 ) ) ;
#268 = DIRECTION ( 'NONE',  ( -1.000000000000000000, -0.000000000000000000, -0.000000000000000000 ) ) ;
#269 = ORIENTED_EDGE ( 'NONE', *, *, #5807, .F. ) ;
#270 = VERTEX_POINT ( 'NONE', #4479 ) ;
#271 = VERTEX_POINT ( 'NONE', #2445 ) ;
#272 = DIRECTION ( 'NONE',  ( -1.000000000000000000, 0.000000000000000000, 0.000000000000000000 ) ) ;
#273 = ORIENTED_EDGE ( 'NONE', *, *, #5973, .F. ) ;
#274 = VERTEX_POINT ( 'NONE', #61 ) ;
#275 = CARTESIAN_POINT ( 'NONE',  ( 92.18490829665434205, 8.922554819834429551, 82.16865126083951054 ) ) ;
#276 = EDGE_CURVE ( 'NONE', #9030, #538, #9225, .T. ) ;
#277 = CARTESIAN_POINT ( 'NONE',  ( -78.06584776535873971, 8.715668632530018556, 0.5979943628181136894 ) ) ;
#278 = CARTESIAN_POINT ( 'NONE',  ( 33.32232879672930892, -33.21878702995829968, 76.00000000000082423 ) ) ;
#279 = CARTESIAN_POINT ( 'NONE',  ( -13.05798368700756384, 66.38521995904956441, 82.11116363324171630 ) ) ;
#280 = VERTEX_POINT ( 'NONE', #8233 ) ;
#281 = EDGE_CURVE ( 'NONE', #3070, #9344, #8428, .T. ) ;
#282 = ORIENTED_EDGE ( 'NONE', *, *, #4098, .T. ) ;
#283 = CARTESIAN_POINT ( 'NONE',  ( 49.02066042971794957, -45.49624233426565922, 1.064320372883913013 ) ) ;
#284 = EDGE_CURVE ( 'NONE', #5239, #2146, #6848, .T. ) ;
#285 = VECTOR ( 'NONE', #6870, 1000.000000000000114 ) ;
#286 = LINE ( 'NONE', #8358, #650 ) ;
#287 = ADVANCED_FACE ( 'NONE', ( #4669 ), #3091, .F. ) ;
#288 = FACE_BOUND ( 'NONE', #6162, .T. ) ;
#289 = FACE_OUTER_BOUND ( 'NONE', #9594, .T. ) ;
#290 = CARTESIAN_POINT ( 'NONE',  ( -78.82194359037210063, 4.489533357119675827, 1.000000000000000000 ) ) ;
#291 = CARTESIAN_POINT ( 'NONE',  ( 17.00000000000000000, -9.101902250820922191, 38.37678982146545792 ) ) ;
#292 = AXIS2_PLACEMENT_3D ( 'NONE', #8022, #2093, #7275 ) ;
#293 = VERTEX_POINT ( 'NONE', #1654 ) ;
#294 = EDGE_CURVE ( 'NONE', #9039, #2988, #6099, .T. ) ;
#295 = ORIENTED_EDGE ( 'NONE', *, *, #1436, .T. ) ;
#296 = DIRECTION ( 'NONE',  ( 0.000000000000000000, 0.02844266007110327760, 0.9995954257038591750 ) ) ;
#297 = AXIS2_PLACEMENT_3D ( 'NONE', #1969, #1871, #5882 ) ;
#298 = VERTEX_POINT ( 'NONE', #3881 ) ;
#299 = EDGE_CURVE ( 'NONE', #7311, #6859, #5365, .T. ) ;
#300 = LINE ( 'NONE', #3326, #4250 ) ;
#301 = LINE ( 'NONE', #4020, #932 ) ;
#302 = DIRECTION ( 'NONE',  ( 0.000000000000000000, 0.000000000000000000, 1.000000000000000000 ) ) ;
#303 = VECTOR ( 'NONE', #3140, 1000.000000000000114 ) ;
#304 = CARTESIAN_POINT ( 'NONE',  ( -8.000000000000000000, 42.50000000000000000, 25.03860113793880160 ) ) ;
#305 = VECTOR ( 'NONE', #3451, 1000.000000000000000 ) ;
#306 = ORIENTED_EDGE ( 'NONE', *, *, #7907, .F. ) ;
#307 = LINE ( 'NONE', #4813, #9214 ) ;
#308 = ORIENTED_EDGE ( 'NONE', *, *, #5380, .T. ) ;
#309 = CARTESIAN_POINT ( 'NONE',  ( -21.83719394104510059, -65.16954263494557154, 82.00000000000002842 ) ) ;
#310 = ORIENTED_EDGE ( 'NONE', *, *, #5336, .F. ) ;
#311 = DIRECTION ( 'NONE',  ( -1.000000000000000000, -0.000000000000000000, -0.000000000000000000 ) ) ;
#312 = LINE ( 'NONE', #5613, #4243 ) ;
#313 = PLANE ( 'NONE',  #6804 ) ;
#314 = DIRECTION ( 'NONE',  ( 0.000000000000000000, 0.8514537021307105880, -0.5244297790247107738 ) ) ;
#315 = CARTESIAN_POINT ( 'NONE',  ( 78.49641871393146175, 7.545613750275665055, 1.086298991543278580 ) ) ;
#316 = VECTOR ( 'NONE', #7692, 1000.000000000000000 ) ;
#317 = CARTESIAN_POINT ( 'NONE',  ( 4.495713203948605852, -57.92964680331789395, 0.9999999999999997780 ) ) ;
#318 = LINE ( 'NONE', #6349, #5217 ) ;
#319 = EDGE_LOOP ( 'NONE', ( #5667, #5567, #3588, #3542 ) ) ;
#320 = DIRECTION ( 'NONE',  ( 0.000000000000000000, 0.02844266007110328107, 0.9995954257038591750 ) ) ;
#321 = AXIS2_PLACEMENT_3D ( 'NONE', #3009, #9744, #7507 ) ;
#322 = ORIENTED_EDGE ( 'NONE', *, *, #8579, .T. ) ;
#323 = CARTESIAN_POINT ( 'NONE',  ( -8.000000000000000000, 45.00000000000000000, 1.038601137938794494 ) ) ;
#324 = EDGE_LOOP ( 'NONE', ( #9430, #7734, #1133, #1059, #4099, #9609, #3893, #3732 ) ) ;
#325 = CARTESIAN_POINT ( 'NONE',  ( 80.05693094618425221, 27.07648138380315572, 54.96508301008976360 ) ) ;
#326 = CARTESIAN_POINT ( 'NONE',  ( -86.84934796764126474, 11.78317744503537057, 54.97715234219886327 ) ) ;
#327 = VECTOR ( 'NONE', #6991, 999.9999999999998863 ) ;
#328 = LINE ( 'NONE', #7243, #7925 ) ;
#329 = CARTESIAN_POINT ( 'NONE',  ( -40.48965265140862613, 49.75912306557052744, 0.5578282503320092234 ) ) ;
#330 = ORIENTED_EDGE ( 'NONE', *, *, #1488, .T. ) ;
#331 = EDGE_LOOP ( 'NONE', ( #7732, #4469, #2252, #4176 ) ) ;
#332 = ADVANCED_FACE ( 'NONE', ( #1600 ), #106, .F. ) ;
#333 = VERTEX_POINT ( 'NONE', #6935 ) ;
#334 = LINE ( 'NONE', #4984, #5479 ) ;
#335 = CIRCLE ( 'NONE', #8396, 1.400000000000074740 ) ;
#336 = DIRECTION ( 'NONE',  ( 0.000000000000000000, 0.02844266007110328107, 0.9995954257038591750 ) ) ;
#337 = CARTESIAN_POINT ( 'NONE',  ( 80.00000000000000000, -8.888102484588013203E-15, 0.000000000000000000 ) ) ;
#338 = DIRECTION ( 'NONE',  ( 0.000000000000000000, 0.8514537021307104769, -0.5244297790247111068 ) ) ;
#339 = LINE ( 'NONE', #4894, #2206 ) ;
#340 = CARTESIAN_POINT ( 'NONE',  ( 16.99999999999961275, 56.63959830834418341, 1.056349708212255489 ) ) ;
#341 = AXIS2_PLACEMENT_3D ( 'NONE', #6237, #997, #4021 ) ;
#342 = AXIS2_PLACEMENT_3D ( 'NONE', #1195, #7426, #6586 ) ;
#343 = ORIENTED_EDGE ( 'NONE', *, *, #3975, .T. ) ;
#344 = EDGE_CURVE ( 'NONE', #6743, #1811, #7939, .T. ) ;
#345 = AXIS2_PLACEMENT_3D ( 'NONE', #3423, #8622, #8526 ) ;
#346 = VERTEX_POINT ( 'NONE', #5418 ) ;
#347 = CARTESIAN_POINT ( 'NONE',  ( 17.31593318972962336, -64.94874761890926607, 65.38637672731690031 ) ) ;
#348 = VECTOR ( 'NONE', #6109, 999.9999999999998863 ) ;
#349 = ORIENTED_EDGE ( 'NONE', *, *, #473, .T. ) ;
#350 = CARTESIAN_POINT ( 'NONE',  ( 17.00000000000000000, 11.04053265811517193, 73.37678982146525186 ) ) ;
#351 = CARTESIAN_POINT ( 'NONE',  ( 20.19865627614686687, -62.28697414816843292, 54.92242234233424369 ) ) ;
#352 = VECTOR ( 'NONE', #612, 1000.000000000000114 ) ;
#353 = DIRECTION ( 'NONE',  ( 0.000000000000000000, -0.9995954257038592861, 0.02844266007110328107 ) ) ;
#354 = EDGE_CURVE ( 'NONE', #561, #7559, #6196, .T. ) ;
#355 = PLANE ( 'NONE',  #8883 ) ;
#356 = EDGE_CURVE ( 'NONE', #3710, #5713, #4572, .T. ) ;
#357 = VECTOR ( 'NONE', #6828, 1000.000000000000114 ) ;
#358 = EDGE_CURVE ( 'NONE', #3992, #9399, #3781, .T. ) ;
#359 = ORIENTED_EDGE ( 'NONE', *, *, #4104, .F. ) ;
#360 = PLANE ( 'NONE',  #3041 ) ;
#361 = EDGE_LOOP ( 'NONE', ( #2182, #6326, #7498, #5364 ) ) ;
#362 = CARTESIAN_POINT ( 'NONE',  ( 90.92213616448464109, 55.13296782210730385, 81.00000000000000000 ) ) ;
#363 = EDGE_LOOP ( 'NONE', ( #1816, #3686, #7749, #4042, #7460, #2622 ) ) ;
#364 = LINE ( 'NONE', #7830, #9187 ) ;
#365 = DIRECTION ( 'NONE',  ( 0.000000000000000000, 0.000000000000000000, 1.000000000000000000 ) ) ;
#366 = VECTOR ( 'NONE', #1217, 1000.000000000000000 ) ;
#367 = CARTESIAN_POINT ( 'NONE',  ( 33.32232879672930892, -33.50332874893501867, 6.000000000000835776 ) ) ;
#368 = CARTESIAN_POINT ( 'NONE',  ( -20.54885927009166480, 56.13070157227041079, 0.9999999999999997780 ) ) ;
#369 = FACE_OUTER_BOUND ( 'NONE', #8623, .T. ) ;
#370 = EDGE_CURVE ( 'NONE', #5484, #5552, #9027, .T. ) ;
#371 = FACE_OUTER_BOUND ( 'NONE', #4796, .T. ) ;
#372 = VERTEX_POINT ( 'NONE', #5269 ) ;
#373 = ORIENTED_EDGE ( 'NONE', *, *, #486, .F. ) ;
#374 = ORIENTED_EDGE ( 'NONE', *, *, #8587, .T. ) ;
#375 = DIRECTION ( 'NONE',  ( 0.000000000000000000, -0.8798963622018148856, -0.4751656466791477906 ) ) ;
#376 = ORIENTED_EDGE ( 'NONE', *, *, #8146, .T. ) ;
#377 = CARTESIAN_POINT ( 'NONE',  ( 78.79906248208244790, 4.527081858075278298, 0.5996636924889231501 ) ) ;
#378 = CARTESIAN_POINT ( 'NONE',  ( -78.83717814779973310, -28.99287525208938732, 54.96312637113068433 ) ) ;
#379 = CARTESIAN_POINT ( 'NONE',  ( 20.00000000000000000, 26.78170511838488821, 31.00000000000020961 ) ) ;
#380 = CARTESIAN_POINT ( 'NONE',  ( -72.78864362232704366, 22.37224780214750908, 0.5935476136593751395 ) ) ;
#381 = ORIENTED_EDGE ( 'NONE', *, *, #8925, .T. ) ;
#382 = EDGE_LOOP ( 'NONE', ( #2783, #2710, #2532, #211 ) ) ;
#383 = CARTESIAN_POINT ( 'NONE',  ( 53.71579556917627229, -42.62086318717647515, 1.066371806770005204 ) ) ;
#384 = CARTESIAN_POINT ( 'NONE',  ( 24.40421710133909272, -64.69414627262948159, 82.11316275598564118 ) ) ;
#385 = CARTESIAN_POINT ( 'NONE',  ( -3.000000000000000000, 42.49999999999993605, 16.43860113793880018 ) ) ;
#386 = PLANE ( 'NONE',  #839 ) ;
#387 = CARTESIAN_POINT ( 'NONE',  ( 20.00000000000000000, -28.95979544078028312, 43.37678982146565687 ) ) ;
#388 = PLANE ( 'NONE',  #6203 ) ;
#389 = ORIENTED_EDGE ( 'NONE', *, *, #7838, .T. ) ;
#390 = ORIENTED_EDGE ( 'NONE', *, *, #2304, .F. ) ;
#391 = CARTESIAN_POINT ( 'NONE',  ( 16.99999999999998579, 62.97174499012002258, 47.61031703141897964 ) ) ;
#392 = ORIENTED_EDGE ( 'NONE', *, *, #9619, .F. ) ;
#393 = DIRECTION ( 'NONE',  ( 0.000000000000000000, -0.4751656466791471800, 0.8798963622018151076 ) ) ;
#394 = CARTESIAN_POINT ( 'NONE',  ( 17.00000000000000000, -33.21878702995829968, 16.00000000000083134 ) ) ;
#395 = CARTESIAN_POINT ( 'NONE',  ( 75.00000000000000000, -6.735557395310442615E-15, 0.000000000000000000 ) ) ;
#396 = EDGE_CURVE ( 'NONE', #5085, #5292, #6056, .T. ) ;
#397 = DIRECTION ( 'NONE',  ( 0.000000000000000000, -0.8798963622018152186, -0.4751656466791470135 ) ) ;
#398 = DIRECTION ( 'NONE',  ( 0.000000000000000000, 0.000000000000000000, 1.000000000000000000 ) ) ;
#399 = ADVANCED_FACE ( 'NONE', ( #9082 ), #4523, .F. ) ;
#400 = VERTEX_POINT ( 'NONE', #258 ) ;
#401 = CARTESIAN_POINT ( 'NONE',  ( 20.00000000000000000, 66.32865214783412000, 81.00000000000000000 ) ) ;
#402 = EDGE_CURVE ( 'NONE', #4925, #5923, #3508, .T. ) ;
#403 = ORIENTED_EDGE ( 'NONE', *, *, #704, .T. ) ;
#404 = DIRECTION ( 'NONE',  ( -0.000000000000000000, -0.8514537021307111431, 0.5244297790247101076 ) ) ;
#405 = LINE ( 'NONE', #2738, #2510 ) ;
#406 = VECTOR ( 'NONE', #3467, 1000.000000000000000 ) ;
#407 = FACE_OUTER_BOUND ( 'NONE', #9295, .T. ) ;
#408 = CARTESIAN_POINT ( 'NONE',  ( -93.99999999999998579, -46.20528459739772131, 82.00000000000000000 ) ) ;
#409 = EDGE_CURVE ( 'NONE', #5334, #1842, #307, .T. ) ;
#410 = CARTESIAN_POINT ( 'NONE',  ( 65.31392884485740069, -32.62742438312110949, 1.000000000000000000 ) ) ;
#411 = DIRECTION ( 'NONE',  ( 0.000000000000000000, -0.02844266007110470701, -0.9995954257038591750 ) ) ;
#412 = ORIENTED_EDGE ( 'NONE', *, *, #7109, .F. ) ;
#413 = DIRECTION ( 'NONE',  ( -1.000000000000000000, -0.000000000000000000, -0.000000000000000000 ) ) ;
#414 = VERTEX_POINT ( 'NONE', #4909 ) ;
#415 = DIRECTION ( 'NONE',  ( 0.000000000000000000, 0.02844266007110400618, 0.9995954257038591750 ) ) ;
#416 = ADVANCED_FACE ( 'NONE', ( #4715 ), #9273, .F. ) ;
#417 = VERTEX_POINT ( 'NONE', #1888 ) ;
#418 = DIRECTION ( 'NONE',  ( 0.000000000000000000, -0.8798963622018147746, -0.4751656466791477906 ) ) ;
#419 = CARTESIAN_POINT ( 'NONE',  ( 88.18715813883440546, 4.972447209796237999, 54.97990421985215903 ) ) ;
#420 = CARTESIAN_POINT ( 'NONE',  ( -70.43462771679882906, -26.27214322585053452, 0.5831501492975913470 ) ) ;
#421 = EDGE_CURVE ( 'NONE', #3914, #889, #7826, .T. ) ;
#422 = DIRECTION ( 'NONE',  ( 1.000000000000000000, -0.000000000000000000, -0.000000000000000000 ) ) ;
#423 = CARTESIAN_POINT ( 'NONE',  ( -60.88606971968397374, 50.76655388868517349, 82.12990188782679013 ) ) ;
#424 = VERTEX_POINT ( 'NONE', #4767 ) ;
#425 = VERTEX_POINT ( 'NONE', #6241 ) ;
#426 = VERTEX_POINT ( 'NONE', #7081 ) ;
#427 = CARTESIAN_POINT ( 'NONE',  ( 66.12573496333359913, -31.72894660803513034, 1.073818845238119657 ) ) ;
#428 = CARTESIAN_POINT ( 'NONE',  ( 20.29909659168207625, -62.30846903487456956, 54.92239926086237034 ) ) ;
#429 = CARTESIAN_POINT ( 'NONE',  ( -3.000000000000000000, -34.50000000000004263, 21.04061919046182538 ) ) ;
#430 = CARTESIAN_POINT ( 'NONE',  ( -86.45791978843452341, 26.37310446997210889, 81.00000000000000000 ) ) ;
#431 = DIRECTION ( 'NONE',  ( -1.000000000000000000, -0.000000000000000000, -0.000000000000000000 ) ) ;
#432 = CARTESIAN_POINT ( 'NONE',  ( 30.14779291085522672, -99.26975807087943338, 1.000000000000000000 ) ) ;
#433 = CARTESIAN_POINT ( 'NONE',  ( 75.05602378230663874, 39.54132023209882618, 82.00000000000002842 ) ) ;
#434 = ORIENTED_EDGE ( 'NONE', *, *, #1371, .F. ) ;
#435 = AXIS2_PLACEMENT_3D ( 'NONE', #3440, #6445, #3167 ) ;
#436 = ORIENTED_EDGE ( 'NONE', *, *, #5962, .T. ) ;
#437 = LINE ( 'NONE', #2870, #912 ) ;
#438 = ORIENTED_EDGE ( 'NONE', *, *, #2101, .F. ) ;
#439 = CARTESIAN_POINT ( 'NONE',  ( 20.00000000000000000, 31.04069670756290122, 73.37678982146505291 ) ) ;
#440 = DIRECTION ( 'NONE',  ( -0.000000000000000000, 0.5244297790247107738, 0.8514537021307106990 ) ) ;
#441 = DIRECTION ( 'NONE',  ( -1.000000000000000000, -0.000000000000000000, -0.000000000000000000 ) ) ;
#442 = VECTOR ( 'NONE', #1341, 1000.000000000000000 ) ;
#443 = LINE ( 'NONE', #7174, #6045 ) ;
#444 = VECTOR ( 'NONE', #2746, 1000.000000000000000 ) ;
#445 = DIRECTION ( 'NONE',  ( 0.000000000000000000, 0.8798963622018151076, 0.4751656466791471800 ) ) ;
#446 = EDGE_CURVE ( 'NONE', #7179, #8786, #1001, .T. ) ;
#447 = AXIS2_PLACEMENT_3D ( 'NONE', #3179, #4117, #8466 ) ;
#448 = ORIENTED_EDGE ( 'NONE', *, *, #740, .F. ) ;
#449 = FACE_OUTER_BOUND ( 'NONE', #4876, .T. ) ;
#450 = VERTEX_POINT ( 'NONE', #2492 ) ;
#451 = LINE ( 'NONE', #9613, #2661 ) ;
#452 = CARTESIAN_POINT ( 'NONE',  ( 17.00000000000000000, 30.89842584807453818, 23.37678982146504225 ) ) ;
#453 = PLANE ( 'NONE',  #6957 ) ;
#454 = CARTESIAN_POINT ( 'NONE',  ( 79.00000000088036245, 3.772795405137847169, 1.086298991543278580 ) ) ;
#455 = CARTESIAN_POINT ( 'NONE',  ( -75.00348950760123046, -18.58994251602851122, 0.9999999999999997780 ) ) ;
#456 = PLANE ( 'NONE',  #9012 ) ;
#457 = AXIS2_PLACEMENT_3D ( 'NONE', #7868, #5647, #1089 ) ;
#458 = EDGE_CURVE ( 'NONE', #2976, #3924, #4125, .T. ) ;
#459 = ORIENTED_EDGE ( 'NONE', *, *, #6280, .F. ) ;
#460 = LINE ( 'NONE', #8178, #1462 ) ;
#461 = EDGE_CURVE ( 'NONE', #1106, #2869, #8473, .T. ) ;
#462 = ORIENTED_EDGE ( 'NONE', *, *, #2813, .F. ) ;
#463 = DIRECTION ( 'NONE',  ( 0.000000000000000000, 0.000000000000000000, 1.000000000000000000 ) ) ;
#464 = VECTOR ( 'NONE', #2308, 1000.000000000000000 ) ;
#465 = ORIENTED_EDGE ( 'NONE', *, *, #6028, .F. ) ;
#466 = LINE ( 'NONE', #2473, #3767 ) ;
#467 = CARTESIAN_POINT ( 'NONE',  ( 78.34167044081426923, 36.17663477766485158, 82.14692405355468452 ) ) ;
#468 = CARTESIAN_POINT ( 'NONE',  ( -75.84923781918054431, -16.18438093329789140, 0.5932340570377512279 ) ) ;
#469 = EDGE_CURVE ( 'NONE', #2129, #7025, #9320, .T. ) ;
#470 = CARTESIAN_POINT ( 'NONE',  ( 17.00000000000000000, 57.65688346337825720, 1.038269420333509219 ) ) ;
#471 = CARTESIAN_POINT ( 'NONE',  ( -70.89143140432548762, 32.41474613766161639, 27.77172399428189919 ) ) ;
#472 = EDGE_CURVE ( 'NONE', #3976, #9201, #1841, .T. ) ;
#473 = EDGE_CURVE ( 'NONE', #2248, #7818, #5513, .T. ) ;
#474 = VECTOR ( 'NONE', #8028, 1000.000000000000114 ) ;
#475 = VERTEX_POINT ( 'NONE', #1697 ) ;
#476 = EDGE_CURVE ( 'NONE', #8122, #9228, #6288, .T. ) ;
#477 = EDGE_CURVE ( 'NONE', #5056, #7649, #3977, .T. ) ;
#478 = VERTEX_POINT ( 'NONE', #5607 ) ;
#479 = CARTESIAN_POINT ( 'NONE',  ( 60.90653210150271946, -36.95625229355726304, 1.070330063960491573 ) ) ;
#480 = CARTESIAN_POINT ( 'NONE',  ( 30.29534622465497762, -63.38715076313619790, 82.11471557955350420 ) ) ;
#481 = LINE ( 'NONE', #2067, #305 ) ;
#482 = CARTESIAN_POINT ( 'NONE',  ( 33.32232879672930892, 51.04086075701062697, 13.37678982146483619 ) ) ;
#483 = DIRECTION ( 'NONE',  ( 0.000000000000000000, -0.8514537021307111431, 0.5244297790247101076 ) ) ;
#484 = CARTESIAN_POINT ( 'NONE',  ( -3.790767441608850152, -58.05890206864898317, 1.055343665578188261 ) ) ;
#485 = CARTESIAN_POINT ( 'NONE',  ( 90.58893260778901890, -15.26066651053392853, 82.00000000000001421 ) ) ;
#486 = EDGE_CURVE ( 'NONE', #7853, #6340, #7176, .T. ) ;
#487 = VECTOR ( 'NONE', #1100, 1000.000000000000000 ) ;
#488 = ORIENTED_EDGE ( 'NONE', *, *, #2586, .F. ) ;
#489 = EDGE_LOOP ( 'NONE', ( #7100, #5786, #1734, #3127 ) ) ;
#490 = FACE_OUTER_BOUND ( 'NONE', #1589, .T. ) ;
#492 = ORIENTED_EDGE ( 'NONE', *, *, #710, .T. ) ;
#491 = DIRECTION ( 'NONE',  ( -0.000000000000000000, 1.000000000000000000, -2.775557561562892929E-15 ) ) ;
#493 = CARTESIAN_POINT ( 'NONE',  ( 20.00000000000000000, -57.13128465042822057, 1.041277843090341326 ) ) ;
#494 = AXIS2_PLACEMENT_3D ( 'NONE', #3919, #6928, #148 ) ;
#495 = CARTESIAN_POINT ( 'NONE',  ( 20.00000000000000000, -13.21862298051057394, 31.00000000000062528 ) ) ;
#496 = LINE ( 'NONE', #8857, #17 ) ;
#497 = LINE ( 'NONE', #6531, #3512 ) ;
#498 = VECTOR ( 'NONE', #8119, 1000.000000000000114 ) ;
#499 = LINE ( 'NONE', #731, #83 ) ;
#500 = EDGE_LOOP ( 'NONE', ( #3323, #881, #8828, #6755 ) ) ;
#501 = CARTESIAN_POINT ( 'NONE',  ( 17.00000000000000000, 49.99999999999997158, 6.922238168870615382 ) ) ;
#502 = VECTOR ( 'NONE', #1747, 1000.000000000000000 ) ;
#503 = ORIENTED_EDGE ( 'NONE', *, *, #6220, .T. ) ;
#504 = CARTESIAN_POINT ( 'NONE',  ( 17.00000000000000000, 40.00000000000000711, 1.038732180310419917 ) ) ;
#505 = CARTESIAN_POINT ( 'NONE',  ( 11.99999999999994138, 45.00000000000000000, 15.03774688497164291 ) ) ;
#506 = LINE ( 'NONE', #3526, #1423 ) ;
#507 = LINE ( 'NONE', #3622, #2393 ) ;
#508 = VECTOR ( 'NONE', #3133, 1000.000000000000114 ) ;
#509 = CARTESIAN_POINT ( 'NONE',  ( 59.62707948024287674, -38.22108882253657214, 1.086298605844412624 ) ) ;
#510 = CARTESIAN_POINT ( 'NONE',  ( 17.00000000000000000, -37.62004947862467930, 13.62321017853600047 ) ) ;
#511 = ORIENTED_EDGE ( 'NONE', *, *, #942, .F. ) ;
#512 = CARTESIAN_POINT ( 'NONE',  ( 20.00000000000000000, -13.50316469948729292, 51.00000000000062528 ) ) ;
#513 = ORIENTED_EDGE ( 'NONE', *, *, #354, .F. ) ;
#514 = CARTESIAN_POINT ( 'NONE',  ( 17.00000000000000000, 42.23833585967788196, 38.62321017853516736 ) ) ;
#515 = VECTOR ( 'NONE', #7700, 1000.000000000000000 ) ;
#516 = VERTEX_POINT ( 'NONE', #7032 ) ;
#517 = DIRECTION ( 'NONE',  ( 0.000000000000000000, 0.8798963622018151076, 0.4751656466791471800 ) ) ;
#518 = DIRECTION ( 'NONE',  ( 0.000000000000000000, 0.8798963622018151076, 0.4751656466791471800 ) ) ;
#519 = CARTESIAN_POINT ( 'NONE',  ( 65.34525293708031768, 38.08027857582262499, 27.76053805104873362 ) ) ;
#520 = CARTESIAN_POINT ( 'NONE',  ( -68.49418069745726712, -28.76162952153801911, 0.5801289987811760751 ) ) ;
#521 = DIRECTION ( 'NONE',  ( -1.000000000000000000, -0.000000000000000000, -0.000000000000000000 ) ) ;
#522 = CARTESIAN_POINT ( 'NONE',  ( -64.45702194861219425, 48.29271401765056027, 82.13286381299532479 ) ) ;
#523 = EDGE_CURVE ( 'NONE', #5343, #3017, #7873, .T. ) ;
#524 = ORIENTED_EDGE ( 'NONE', *, *, #3975, .F. ) ;
#525 = ORIENTED_EDGE ( 'NONE', *, *, #6752, .T. ) ;
#526 = ORIENTED_EDGE ( 'NONE', *, *, #9793, .F. ) ;
#527 = CARTESIAN_POINT ( 'NONE',  ( 20.00000000000000000, -53.21895107940602543, 76.00000000000103739 ) ) ;
#528 = EDGE_CURVE ( 'NONE', #1324, #7282, #4025, .T. ) ;
#529 = ADVANCED_FACE ( 'NONE', ( #3285 ), #360, .T. ) ;
#530 = CARTESIAN_POINT ( 'NONE',  ( 24.62308625663114370, -58.25734345750894505, 27.73376746443891605 ) ) ;
#531 = CARTESIAN_POINT ( 'NONE',  ( 20.00000000000000000, 30.89842584807453818, 23.37678982146504225 ) ) ;
#532 = DIRECTION ( 'NONE',  ( 0.000000000000000000, 0.8798963622018144415, 0.4751656466791482902 ) ) ;
#533 = CARTESIAN_POINT ( 'NONE',  ( 20.00000000000000000, 26.78170511838488821, 76.00000000000021316 ) ) ;
#534 = EDGE_CURVE ( 'NONE', #9262, #9042, #8121, .T. ) ;
#535 = DIRECTION ( 'NONE',  ( -0.000000000000000000, 0.5244297790247111068, 0.8514537021307104769 ) ) ;
#536 = CARTESIAN_POINT ( 'NONE',  ( 43.48218468048588647, -59.23413562100560625, 81.99999999999998579 ) ) ;
#537 = ORIENTED_EDGE ( 'NONE', *, *, #3255, .F. ) ;
#538 = VERTEX_POINT ( 'NONE', #6769 ) ;
#539 = ORIENTED_EDGE ( 'NONE', *, *, #2719, .F. ) ;
#540 = CARTESIAN_POINT ( 'NONE',  ( 17.00000000000000000, -37.00000000000000711, 23.15367967386824688 ) ) ;
#541 = EDGE_CURVE ( 'NONE', #4976, #3021, #3685, .T. ) ;
#543 = ORIENTED_EDGE ( 'NONE', *, *, #3503, .F. ) ;
#542 = CARTESIAN_POINT ( 'NONE',  ( 11.99999999999994138, 40.00000000000000711, 31.03860113793880160 ) ) ;
#544 = CARTESIAN_POINT ( 'NONE',  ( 17.00000000000000000, 26.78170511838488110, 16.00000000000020961 ) ) ;
#545 = LINE ( 'NONE', #4358, #5046 ) ;
#546 = CARTESIAN_POINT ( 'NONE',  ( 17.00000000000000000, 22.38044266971850504, 28.62321017853537697 ) ) ;
#547 = DIRECTION ( 'NONE',  ( 0.000000000000000000, 0.8798963622018151076, 0.4751656466791471800 ) ) ;
#548 = CARTESIAN_POINT ( 'NONE',  ( 17.00000000000000000, -37.00000000000000711, 8.153679673868248656 ) ) ;
#549 = ORIENTED_EDGE ( 'NONE', *, *, #5251, .F. ) ;
#550 = CARTESIAN_POINT ( 'NONE',  ( 20.00000000000000000, 26.78170511838488821, 16.00000000000020961 ) ) ;
#551 = ORIENTED_EDGE ( 'NONE', *, *, #4648, .F. ) ;
#552 = DIRECTION ( 'NONE',  ( 0.000000000000000000, -0.8514537021307111431, 0.5244297790247101076 ) ) ;
#553 = CARTESIAN_POINT ( 'NONE',  ( 33.32232879672930892, -49.10223034971637190, 23.37678982146587714 ) ) ;
#554 = DIRECTION ( 'NONE',  ( 0.000000000000000000, 0.9995954257038592861, -0.02844266007110470354 ) ) ;
#555 = DIRECTION ( 'NONE',  ( -0.000000000000000000, -0.8514537021307109210, 0.5244297790247105517 ) ) ;
#556 = CARTESIAN_POINT ( 'NONE',  ( -10.37530342489121260, -57.62314055438251614, 1.000000000000000222 ) ) ;
#557 = DIRECTION ( 'NONE',  ( 0.000000000000000000, 0.9999999996565578364, -2.620847431606588592E-05 ) ) ;
#558 = ORIENTED_EDGE ( 'NONE', *, *, #876, .T. ) ;
#559 = LINE ( 'NONE', #1999, #1623 ) ;
#560 = VECTOR ( 'NONE', #8408, 1000.000000000000114 ) ;
#561 = VERTEX_POINT ( 'NONE', #548 ) ;
#562 = CARTESIAN_POINT ( 'NONE',  ( 20.00000000000000000, 51.04086075701062697, 43.37678982146483264 ) ) ;
#563 = ORIENTED_EDGE ( 'NONE', *, *, #59, .T. ) ;
#564 = PLANE ( 'NONE',  #9649 ) ;
#565 = FACE_BOUND ( 'NONE', #6373, .T. ) ;
#566 = CARTESIAN_POINT ( 'NONE',  ( 53.96309983520354336, 42.26473611765567284, 0.5622463788218473590 ) ) ;
#567 = CARTESIAN_POINT ( 'NONE',  ( 1.995379308498780535, -58.00356541080668649, 0.5399688054328847242 ) ) ;
#568 = CARTESIAN_POINT ( 'NONE',  ( 18.73791927113154898, -66.63527234539958499, 81.00000000000000000 ) ) ;
#569 = DIRECTION ( 'NONE',  ( 0.000000000000000000, 0.02844266007110470701, 0.9995954257038591750 ) ) ;
#570 = VECTOR ( 'NONE', #7347, 1000.000000000000000 ) ;
#571 =( BOUNDED_CURVE ( )  B_SPLINE_CURVE ( 3, ( #1986, #4363, #7511, #4261 ),
 .UNSPECIFIED., .F., .F. ) 
 B_SPLINE_CURVE_WITH_KNOTS ( ( 4, 4 ),
 ( 2.743238705114608322, 3.141592653589793116 ),
 .UNSPECIFIED. ) 
 CURVE ( )  GEOMETRIC_REPRESENTATION_ITEM ( )  RATIONAL_B_SPLINE_CURVE ( ( 1.000000000000000000, 0.9868198372438051758, 0.9868198372438051758, 1.000000000000000000 ) ) 
 REPRESENTATION_ITEM ( '' )  );
#572 = ORIENTED_EDGE ( 'NONE', *, *, #655, .T. ) ;
#573 = ORIENTED_EDGE ( 'NONE', *, *, #1144, .T. ) ;
#574 = DIRECTION ( 'NONE',  ( 0.000000000000000000, 0.4751656466791477906, -0.8798963622018148856 ) ) ;
#575 = EDGE_CURVE ( 'NONE', #7635, #5766, #9561, .T. ) ;
#576 = CARTESIAN_POINT ( 'NONE',  ( 43.26199883531496226, -48.45026582169357710, 0.5534983918600071551 ) ) ;
#577 = DIRECTION ( 'NONE',  ( 0.000000000000000000, 0.8514537021307104769, -0.5244297790247111068 ) ) ;
#578 = CARTESIAN_POINT ( 'NONE',  ( 17.00000000000000000, 30.89842584807453818, 53.37678982146504580 ) ) ;
#579 = CARTESIAN_POINT ( 'NONE',  ( 17.00000000000004619, -56.63959830834410525, 1.056347550703075955 ) ) ;
#580 = CARTESIAN_POINT ( 'NONE',  ( 81.11881083458519015, 32.97010765266944787, 81.99999999999997158 ) ) ;
#581 = EDGE_CURVE ( 'NONE', #8655, #8271, #2827, .T. ) ;
#582 = EDGE_CURVE ( 'NONE', #1454, #6894, #8067, .T. ) ;
#583 = ORIENTED_EDGE ( 'NONE', *, *, #8816, .T. ) ;
#584 = ORIENTED_EDGE ( 'NONE', *, *, #5300, .T. ) ;
#585 = EDGE_CURVE ( 'NONE', #9501, #2223, #7320, .T. ) ;
#586 = VERTEX_POINT ( 'NONE', #5798 ) ;
#587 = CARTESIAN_POINT ( 'NONE',  ( 17.00000000000000000, 40.00000000000000000, 1.038601137938802266 ) ) ;
#589 = EDGE_LOOP ( 'NONE', ( #7587, #1026, #3368, #8030, #6961 ) ) ;
#588 = DIRECTION ( 'NONE',  ( 0.000000000000000000, 0.02844266007110329494, 0.9995954257038591750 ) ) ;
#590 = CARTESIAN_POINT ( 'NONE',  ( 20.00000000000000000, 31.04069670756290122, 13.37678982146504580 ) ) ;
#591 = CARTESIAN_POINT ( 'NONE',  ( 20.00000000000000000, 30.89842584807453818, 68.37678982146503870 ) ) ;
#592 = LINE ( 'NONE', #7413, #9631 ) ;
#593 = CARTESIAN_POINT ( 'NONE',  ( 17.00000000000000000, 26.78170511838488466, 46.00000000000020606 ) ) ;
#594 = PLANE ( 'NONE',  #9519 ) ;
#595 = VECTOR ( 'NONE', #6009, 1000.000000000000000 ) ;
#596 = EDGE_CURVE ( 'NONE', #2559, #6566, #9702, .T. ) ;
#597 = EDGE_CURVE ( 'NONE', #426, #6173, #9057, .T. ) ;
#598 = EDGE_CURVE ( 'NONE', #8786, #6544, #2274, .T. ) ;
#599 = VERTEX_POINT ( 'NONE', #5291 ) ;
#600 = CARTESIAN_POINT ( 'NONE',  ( -90.81181073469487330, 14.49360713759659447, 82.00000000000001421 ) ) ;
#601 = VECTOR ( 'NONE', #4774, 1000.000000000000000 ) ;
#602 = EDGE_LOOP ( 'NONE', ( #4883, #7260, #7346, #3579, #5875 ) ) ;
#603 = CARTESIAN_POINT ( 'NONE',  ( 17.00000000000000000, 26.49716339940816567, 51.00000000000021316 ) ) ;
#604 = CARTESIAN_POINT ( 'NONE',  ( 20.00000000000000000, 31.04069670756290122, 58.37678982146503159 ) ) ;
#605 = CARTESIAN_POINT ( 'NONE',  ( -80.00000000000000000, 1.662686369618629601E-15, 1.000000000000000000 ) ) ;
#606 = CARTESIAN_POINT ( 'NONE',  ( 33.32232879672930892, 22.38044266971850504, 43.62321017853537342 ) ) ;
#607 = CARTESIAN_POINT ( 'NONE',  ( 25.53456545772092312, -55.01515764451202273, 1.086298605844412180 ) ) ;
#608 = CARTESIAN_POINT ( 'NONE',  ( 20.00000000000000000, -9.101902250820922191, 38.37678982146545792 ) ) ;
#609 = EDGE_CURVE ( 'NONE', #915, #5461, #1232, .T. ) ;
#610 = VECTOR ( 'NONE', #4705, 1000.000000000000227 ) ;
#611 = VERTEX_POINT ( 'NONE', #1526 ) ;
#612 = DIRECTION ( 'NONE',  ( 0.000000000000000000, -0.8798963622018145525, -0.4751656466791481792 ) ) ;
#613 = ORIENTED_EDGE ( 'NONE', *, *, #4292, .F. ) ;
#614 = LINE ( 'NONE', #562, #5454 ) ;
#615 = VERTEX_POINT ( 'NONE', #4549 ) ;
#616 = DIRECTION ( 'NONE',  ( 0.000000000000000000, 0.8514537021307104769, -0.5244297790247111068 ) ) ;
#617 = DIRECTION ( 'NONE',  ( 0.000000000000000000, -0.8798963622018147746, -0.4751656466791477906 ) ) ;
#618 = CARTESIAN_POINT ( 'NONE',  ( 42.54789186412016022, 48.83810624227614028, 0.5529575838715549141 ) ) ;
#619 = VECTOR ( 'NONE', #2626, 1000.000000000000114 ) ;
#620 = CARTESIAN_POINT ( 'NONE',  ( 62.39186903544557339, 35.69853229321323340, 1.071205236944351213 ) ) ;
#621 = FACE_OUTER_BOUND ( 'NONE', #3981, .T. ) ;
#622 = ORIENTED_EDGE ( 'NONE', *, *, #7163, .F. ) ;
#623 = EDGE_LOOP ( 'NONE', ( #7532, #9514, #3370, #6645 ) ) ;
#624 = VECTOR ( 'NONE', #5674, 1000.000000000000000 ) ;
#625 = ORIENTED_EDGE ( 'NONE', *, *, #8570, .F. ) ;
#626 = CARTESIAN_POINT ( 'NONE',  ( 33.32232879672930892, -17.61988542917695355, 73.62321017853578553 ) ) ;
#627 = CARTESIAN_POINT ( 'NONE',  ( 46.21443831655593470, -54.54726261717594582, 54.93218842555360482 ) ) ;
#628 = DIRECTION ( 'NONE',  ( 0.000000000000000000, 0.8798963622018151076, 0.4751656466791471800 ) ) ;
#629 =( NAMED_UNIT ( * ) PLANE_ANGLE_UNIT ( ) SI_UNIT ( $, .RADIAN. ) );
#630 = VECTOR ( 'NONE', #9051, 1000.000000000000000 ) ;
#631 =( BOUNDED_CURVE ( )  B_SPLINE_CURVE ( 3, ( #5271, #4718, #5369, #951 ),
 .UNSPECIFIED., .F., .F. ) 
 B_SPLINE_CURVE_WITH_KNOTS ( ( 4, 4 ),
 ( 1.734723475976807094E-17, 0.1182783676230004244 ),
 .UNSPECIFIED. ) 
 CURVE ( )  GEOMETRIC_REPRESENTATION_ITEM ( )  RATIONAL_B_SPLINE_CURVE ( ( 1.000000000000000000, 0.7006970078065024587, 0.5357674373169761806, 0.5052112885314211654 ) ) 
 REPRESENTATION_ITEM ( '' )  );
#632 = CARTESIAN_POINT ( 'NONE',  ( 20.00000000000000000, 66.70319209594900656, 82.00000000000000000 ) ) ;
#633 = CARTESIAN_POINT ( 'NONE',  ( 37.20746094906957779, -61.39663398421794227, 82.00000000000001421 ) ) ;
#634 = ORIENTED_EDGE ( 'NONE', *, *, #1078, .F. ) ;
#635 = ORIENTED_EDGE ( 'NONE', *, *, #1821, .F. ) ;
#636 = VECTOR ( 'NONE', #616, 1000.000000000000114 ) ;
#637 = VERTEX_POINT ( 'NONE', #7562 ) ;
#638 = DIRECTION ( 'NONE',  ( -1.000000000000000000, -0.000000000000000000, -0.000000000000000000 ) ) ;
#640 = ORIENTED_EDGE ( 'NONE', *, *, #9532, .T. ) ;
#639 = CARTESIAN_POINT ( 'NONE',  ( 20.00000000000000000, 57.99809726907902530, 1.038260477640243096 ) ) ;
#641 = PLANE ( 'NONE',  #4092 ) ;
#642 = DIRECTION ( 'NONE',  ( -1.000000000000000000, -0.000000000000000000, -0.000000000000000000 ) ) ;
#643 = DIRECTION ( 'NONE',  ( 0.000000000000000000, 0.8798963622018147746, 0.4751656466791477351 ) ) ;
#644 = CARTESIAN_POINT ( 'NONE',  ( 11.99999999999994138, 45.00000000000000000, 21.92223816887061716 ) ) ;
#645 = LINE ( 'NONE', #1334, #3832 ) ;
#646 = VECTOR ( 'NONE', #9088, 1000.000000000000000 ) ;
#647 = ADVANCED_FACE ( 'NONE', ( #1336 ), #8860, .F. ) ;
#648 = EDGE_LOOP ( 'NONE', ( #4377, #5385, #2907, #8142 ) ) ;
#649 = CARTESIAN_POINT ( 'NONE',  ( -92.64438977156189026, -5.794493655991429293, 81.99999999999997158 ) ) ;
#650 = VECTOR ( 'NONE', #1581, 1000.000000000000000 ) ;
#651 = ORIENTED_EDGE ( 'NONE', *, *, #8159, .T. ) ;
#652 = LINE ( 'NONE', #603, #2978 ) ;
#653 = FACE_OUTER_BOUND ( 'NONE', #7312, .T. ) ;
#654 = EDGE_CURVE ( 'NONE', #4789, #6656, #8763, .T. ) ;
#655 = EDGE_CURVE ( 'NONE', #6131, #9126, #571, .T. ) ;
#656 = FACE_OUTER_BOUND ( 'NONE', #5019, .T. ) ;
#657 = LINE ( 'NONE', #9720, #1619 ) ;
#658 = DIRECTION ( 'NONE',  ( 0.000000000000000000, 0.1073915512948620254, -0.9942168046811937776 ) ) ;
#659 = VECTOR ( 'NONE', #1501, 1000.000000000000000 ) ;
#660 = EDGE_CURVE ( 'NONE', #6615, #2298, #499, .T. ) ;
#661 = VECTOR ( 'NONE', #9808, 1000.000000000000000 ) ;
#662 = VECTOR ( 'NONE', #5683, 1000.000000000000000 ) ;
#663 = EDGE_LOOP ( 'NONE', ( #5043, #6791 ) ) ;
#664 = LINE ( 'NONE', #6696, #197 ) ;
#665 = VERTEX_POINT ( 'NONE', #8808 ) ;
#666 = LINE ( 'NONE', #3690, #6452 ) ;
#667 = ORIENTED_EDGE ( 'NONE', *, *, #3538, .T. ) ;
#668 = CARTESIAN_POINT ( 'NONE',  ( 20.00000000000000000, 51.04086075701062697, 73.37678982146483975 ) ) ;
#669 = FACE_BOUND ( 'NONE', #7372, .T. ) ;
#670 = VECTOR ( 'NONE', #8323, 1000.000000000000114 ) ;
#671 = CARTESIAN_POINT ( 'NONE',  ( 58.07319770576548734, 48.24759721775302523, 54.94018160801943651 ) ) ;
#672 = CARTESIAN_POINT ( 'NONE',  ( 27.15574666637219181, 54.47928175862851674, 1.057887694315389648 ) ) ;
#673 = DIRECTION ( 'NONE',  ( -1.000000000000000000, 0.000000000000000000, 0.000000000000000000 ) ) ;
#674 = VECTOR ( 'NONE', #3332, 1000.000000000000114 ) ;
#675 = VECTOR ( 'NONE', #5235, 1000.000000000000000 ) ;
#676 = ORIENTED_EDGE ( 'NONE', *, *, #6020, .T. ) ;
#677 = VERTEX_POINT ( 'NONE', #6820 ) ;
#678 = ORIENTED_EDGE ( 'NONE', *, *, #4521, .T. ) ;
#679 = LINE ( 'NONE', #4442, #6567 ) ;
#680 = CARTESIAN_POINT ( 'NONE',  ( 79.86159673778998069, -34.33225603578129892, 82.14892201135313599 ) ) ;
#681 = DIRECTION ( 'NONE',  ( -1.000000000000000000, -0.000000000000000000, -0.000000000000000000 ) ) ;
#682 = CARTESIAN_POINT ( 'NONE',  ( 17.61466346383818404, 65.84127843989088547, 82.11180195477905386 ) ) ;
#683 = DIRECTION ( 'NONE',  ( 0.000000000000000000, 0.02844266007110470007, 0.9995954257038591750 ) ) ;
#684 = PLANE ( 'NONE',  #6994 ) ;
#685 = VERTEX_POINT ( 'NONE', #3520 ) ;
#686 = VERTEX_POINT ( 'NONE', #3859 ) ;
#687 = VERTEX_POINT ( 'NONE', #4692 ) ;
#688 = CARTESIAN_POINT ( 'NONE',  ( -83.15745971024097116, 30.04062811471142425, 81.99999999999997158 ) ) ;
#690 = VERTEX_POINT ( 'NONE', #8451 ) ;
#689 = CARTESIAN_POINT ( 'NONE',  ( 16.99999999999997868, -65.86347282602000064, 82.00000000000000000 ) ) ;
#691 = DIRECTION ( 'NONE',  ( 0.000000000000000000, 0.000000000000000000, 1.000000000000000000 ) ) ;
#692 = CARTESIAN_POINT ( 'NONE',  ( 33.32232879672930892, 30.89842584807453818, 53.37678982146504580 ) ) ;
#693 = CARTESIAN_POINT ( 'NONE',  ( 17.00000000000000000, -33.50332874893501867, 21.00000000000083489 ) ) ;
#694 = DIRECTION ( 'NONE',  ( -0.000000000000000000, -0.8514537021307111431, 0.5244297790247101076 ) ) ;
#695 = DIRECTION ( 'NONE',  ( 0.000000000000000000, 0.8798963622018147746, 0.4751656466791477351 ) ) ;
#696 = ORIENTED_EDGE ( 'NONE', *, *, #5317, .T. ) ;
#697 = CARTESIAN_POINT ( 'NONE',  ( 17.00000000000000000, 22.38044266971850504, 73.62321017853537342 ) ) ;
#698 = EDGE_CURVE ( 'NONE', #1844, #3569, #6077, .T. ) ;
#699 = ORIENTED_EDGE ( 'NONE', *, *, #230, .F. ) ;
#700 = DIRECTION ( 'NONE',  ( 0.000000000000000000, 0.8798963622018151076, 0.4751656466791471800 ) ) ;
#701 = CARTESIAN_POINT ( 'NONE',  ( 20.00000000000000000, 6.496999349960439041, 21.00000000000041922 ) ) ;
#702 = CARTESIAN_POINT ( 'NONE',  ( 5.187718493853936685, -58.00000000000016342, 1.086298605844412624 ) ) ;
#703 = CARTESIAN_POINT ( 'NONE',  ( -73.73605988552721158, 22.88620039310741561, 1.000000000000000000 ) ) ;
#704 = EDGE_CURVE ( 'NONE', #4129, #6710, #7612, .T. ) ;
#705 = EDGE_CURVE ( 'NONE', #8732, #8382, #1675, .T. ) ;
#706 = ORIENTED_EDGE ( 'NONE', *, *, #528, .T. ) ;
#707 = CARTESIAN_POINT ( 'NONE',  ( 33.32232879672930892, 30.89842584807453818, 38.37678982146504580 ) ) ;
#708 = ORIENTED_EDGE ( 'NONE', *, *, #5449, .F. ) ;
#709 = LINE ( 'NONE', #2845, #7964 ) ;
#710 = EDGE_CURVE ( 'NONE', #7025, #7434, #1578, .T. ) ;
#711 = VERTEX_POINT ( 'NONE', #7703 ) ;
#712 = LINE ( 'NONE', #7490, #9177 ) ;
#713 = LINE ( 'NONE', #8830, #7383 ) ;
#714 = DIRECTION ( 'NONE',  ( -0.000000000000000000, -0.000000000000000000, -1.000000000000000000 ) ) ;
#715 = CARTESIAN_POINT ( 'NONE',  ( 35.99113046301496155, 58.42443522066760409, 54.92727715815617273 ) ) ;
#716 = CARTESIAN_POINT ( 'NONE',  ( 20.00000000000000000, -57.76248438756075387, 38.62321017853620475 ) ) ;
#717 = CARTESIAN_POINT ( 'NONE',  ( 20.00000000000000000, -33.21878702995829968, 46.00000000000083134 ) ) ;
#718 = EDGE_CURVE ( 'NONE', #9667, #3711, #925, .T. ) ;
#719 = ORIENTED_EDGE ( 'NONE', *, *, #8296, .T. ) ;
#720 = VERTEX_POINT ( 'NONE', #3116 ) ;
#721 = ORIENTED_EDGE ( 'NONE', *, *, #8325, .F. ) ;
#722 = FACE_OUTER_BOUND ( 'NONE', #3597, .T. ) ;
#723 = EDGE_CURVE ( 'NONE', #6131, #8851, #1081, .T. ) ;
#724 = CARTESIAN_POINT ( 'NONE',  ( 83.59470073161621428, -29.47484201493702471, 82.15401624779906342 ) ) ;
#725 = DIRECTION ( 'NONE',  ( 0.000000000000000000, 0.8514537021307105880, -0.5244297790247107738 ) ) ;
#726 = VECTOR ( 'NONE', #7600, 1000.000000000000114 ) ;
#727 = CARTESIAN_POINT ( 'NONE',  ( 9.025012586895169164, 57.56280733513669645, 0.5467906926037843229 ) ) ;
#728 = LINE ( 'NONE', #6960, #7463 ) ;
#729 = ORIENTED_EDGE ( 'NONE', *, *, #5265, .F. ) ;
#730 = ORIENTED_EDGE ( 'NONE', *, *, #5143, .F. ) ;
#731 = CARTESIAN_POINT ( 'NONE',  ( -3.000000000000000000, 42.50000000000000000, 23.63860113793880302 ) ) ;
#732 = ORIENTED_EDGE ( 'NONE', *, *, #91, .F. ) ;
#733 = CARTESIAN_POINT ( 'NONE',  ( -68.00105495547985868, 45.72074677818763178, 81.99999999999998579 ) ) ;
#735 = ORIENTED_EDGE ( 'NONE', *, *, #8570, .T. ) ;
#734 = CARTESIAN_POINT ( 'NONE',  ( -78.86618551882344264, 3.891642845064595235, 1.085623462132680350 ) ) ;
#736 = DIRECTION ( 'NONE',  ( 0.000000000000000000, -0.02844266007110470701, -0.9995954257038591750 ) ) ;
#737 = FACE_OUTER_BOUND ( 'NONE', #9218, .T. ) ;
#738 = DIRECTION ( 'NONE',  ( -1.000000000000000000, 0.000000000000000000, 0.000000000000000000 ) ) ;
#739 = FACE_OUTER_BOUND ( 'NONE', #8474, .T. ) ;
#740 = EDGE_CURVE ( 'NONE', #4720, #333, #3952, .T. ) ;
#741 = PLANE ( 'NONE',  #1283 ) ;
#742 = ORIENTED_EDGE ( 'NONE', *, *, #8296, .F. ) ;
#743 = DIRECTION ( 'NONE',  ( -1.000000000000000000, -0.000000000000000000, -0.000000000000000000 ) ) ;
#744 = EDGE_LOOP ( 'NONE', ( #5420, #2614, #7094, #4275 ) ) ;
#745 = DIRECTION ( 'NONE',  ( 0.000000000000000000, 0.02844266007110329841, 0.9995954257038591750 ) ) ;
#746 = CARTESIAN_POINT ( 'NONE',  ( -59.09159300104212065, -51.85772129692131216, 82.12857579551996423 ) ) ;
#747 = CARTESIAN_POINT ( 'NONE',  ( 19.99999999999999645, -65.42414177866618274, 81.99999999999998579 ) ) ;
#748 = PLANE ( 'NONE',  #7280 ) ;
#749 = CARTESIAN_POINT ( 'NONE',  ( 20.00000000000000000, -28.95979544078028312, 73.37678982146567819 ) ) ;
#750 = CARTESIAN_POINT ( 'NONE',  ( 20.00000000000000000, 42.23833585967788196, 53.62321017853516025 ) ) ;
#751 = EDGE_CURVE ( 'NONE', #7694, #5801, #6121, .T. ) ;
#752 = EDGE_CURVE ( 'NONE', #3070, #7445, #6963, .T. ) ;
#753 = ORIENTED_EDGE ( 'NONE', *, *, #1621, .T. ) ;
#754 = DIRECTION ( 'NONE',  ( 0.000000000000000000, -0.8798963622018148856, -0.4751656466791477906 ) ) ;
#755 = VECTOR ( 'NONE', #5045, 1000.000000000000000 ) ;
#756 = VERTEX_POINT ( 'NONE', #9205 ) ;
#757 = CARTESIAN_POINT ( 'NONE',  ( 17.00000000000000000, -49.10223034971637190, 38.37678982146587714 ) ) ;
#758 = VERTEX_POINT ( 'NONE', #5396 ) ;
#759 = DIRECTION ( 'NONE',  ( 0.000000000000000000, 0.02844266007110466538, 0.9995954257038591750 ) ) ;
#760 = DIRECTION ( 'NONE',  ( 0.000000000000000000, -0.8514537021307111431, 0.5244297790247101076 ) ) ;
#761 = DIRECTION ( 'NONE',  ( 0.000000000000000000, -0.8798963622018144415, -0.4751656466791482902 ) ) ;
#762 = LINE ( 'NONE', #7591, #4614 ) ;
#763 = CARTESIAN_POINT ( 'NONE',  ( 21.46548580260771644, 65.24278705775684273, 82.11250920101183226 ) ) ;
#764 = ADVANCED_FACE ( 'NONE', ( #4600 ), #188, .F. ) ;
#765 = PLANE ( 'NONE',  #2080 ) ;
#766 = CARTESIAN_POINT ( 'NONE',  ( 33.32232879672930892, -8.959631391332559147, 28.37678982146545792 ) ) ;
#767 = VECTOR ( 'NONE', #3034, 1000.000000000000000 ) ;
#768 = EDGE_CURVE ( 'NONE', #2115, #4115, #6267, .T. ) ;
#769 = ORIENTED_EDGE ( 'NONE', *, *, #1809, .T. ) ;
#770 = ORIENTED_EDGE ( 'NONE', *, *, #5982, .F. ) ;
#771 = ORIENTED_EDGE ( 'NONE', *, *, #6835, .T. ) ;
#772 = DIRECTION ( 'NONE',  ( -1.000000000000000000, -0.000000000000000000, -0.000000000000000000 ) ) ;
#773 = VECTOR ( 'NONE', #5593, 1000.000000000000000 ) ;
#774 = EDGE_CURVE ( 'NONE', #2682, #135, #2321, .T. ) ;
#775 = CARTESIAN_POINT ( 'NONE',  ( 46.26146331950131696, -58.15778573695911291, 82.12097917399954383 ) ) ;
#776 = DIRECTION ( 'NONE',  ( -0.000000000000000000, -0.8514537021307111431, 0.5244297790247101076 ) ) ;
#777 = EDGE_CURVE ( 'NONE', #9274, #6542, #7038, .T. ) ;
#778 = ADVANCED_FACE ( 'NONE', ( #836 ), #1632, .F. ) ;
#779 = CARTESIAN_POINT ( 'NONE',  ( 17.00000000000000000, -13.21862298051057216, 76.00000000000062528 ) ) ;
#780 = PLANE ( 'NONE',  #1587 ) ;
#781 = LINE ( 'NONE', #2421, #9060 ) ;
#782 = VECTOR ( 'NONE', #5792, 1000.000000000000000 ) ;
#783 = EDGE_CURVE ( 'NONE', #4356, #1946, #6912, .T. ) ;
#784 = ORIENTED_EDGE ( 'NONE', *, *, #3860, .F. ) ;
#785 = ORIENTED_EDGE ( 'NONE', *, *, #9809, .T. ) ;
#786 = DIRECTION ( 'NONE',  ( -1.000000000000000000, -0.000000000000000000, -0.000000000000000000 ) ) ;
#787 = VERTEX_POINT ( 'NONE', #7811 ) ;
#788 = DIRECTION ( 'NONE',  ( 0.000000000000000000, -0.8798963622018148856, -0.4751656466791477906 ) ) ;
#789 = AXIS2_PLACEMENT_3D ( 'NONE', #911, #5378, #8483 ) ;
#791 = VERTEX_POINT ( 'NONE', #1029 ) ;
#790 = FACE_OUTER_BOUND ( 'NONE', #3950, .T. ) ;
#792 = FACE_BOUND ( 'NONE', #2296, .T. ) ;
#793 = CARTESIAN_POINT ( 'NONE',  ( -3.000000000000000000, -34.50000000000007816, 14.64061919046182325 ) ) ;
#794 = CARTESIAN_POINT ( 'NONE',  ( 8.974662408380796208, 57.71970063867667733, 1.000000000000000444 ) ) ;
#795 = CARTESIAN_POINT ( 'NONE',  ( 17.00000000000000000, -37.00000000000000711, 13.95805212599729472 ) ) ;
#796 = PLANE ( 'NONE',  #5583 ) ;
#797 = VECTOR ( 'NONE', #9521, 1000.000000000000114 ) ;
#798 = ORIENTED_EDGE ( 'NONE', *, *, #1641, .T. ) ;
#799 = CARTESIAN_POINT ( 'NONE',  ( 33.32232879672930892, 50.89858989752226393, 53.37678982146483264 ) ) ;
#800 = ORIENTED_EDGE ( 'NONE', *, *, #949, .F. ) ;
#801 = DIRECTION ( 'NONE',  ( -1.000000000000000000, 0.000000000000000000, 0.000000000000000000 ) ) ;
#802 = VECTOR ( 'NONE', #7039, 1000.000000000000000 ) ;
#803 = CARTESIAN_POINT ( 'NONE',  ( -12.69276786246220823, -66.47722925616511702, 82.11105279936977297 ) ) ;
#804 = LINE ( 'NONE', #3829, #1440 ) ;
#805 = FACE_OUTER_BOUND ( 'NONE', #2099, .T. ) ;
#806 = CARTESIAN_POINT ( 'NONE',  ( 17.00000000000000000, -33.50332874893501867, 66.00000000000083844 ) ) ;
#807 = AXIS2_PLACEMENT_3D ( 'NONE', #1343, #4269, #8771 ) ;
#808 = ORIENTED_EDGE ( 'NONE', *, *, #2036, .T. ) ;
#809 = DIRECTION ( 'NONE',  ( -1.000000000000000000, 0.000000000000000000, 0.000000000000000000 ) ) ;
#810 = ORIENTED_EDGE ( 'NONE', *, *, #2051, .T. ) ;
#811 = CARTESIAN_POINT ( 'NONE',  ( 20.00000000000000000, -37.76232033811303523, 53.62321017853599869 ) ) ;
#812 = ORIENTED_EDGE ( 'NONE', *, *, #4711, .F. ) ;
#813 = DIRECTION ( 'NONE',  ( 0.000000000000000000, -0.9995954257038592861, 0.02844266007110328107 ) ) ;
#814 = CARTESIAN_POINT ( 'NONE',  ( 33.32232879672930892, -37.76232033811303523, 68.62321017853599869 ) ) ;
#815 = LINE ( 'NONE', #7642, #1435 ) ;
#816 = DIRECTION ( 'NONE',  ( 0.000000000000000000, -0.8514537021307108100, 0.5244297790247105517 ) ) ;
#817 = LINE ( 'NONE', #7644, #3028 ) ;
#818 = AXIS2_PLACEMENT_3D ( 'NONE', #3563, #5943, #6576 ) ;
#819 = CARTESIAN_POINT ( 'NONE',  ( -47.53465769955597864, -46.32367921399789878, 1.000000000000000000 ) ) ;
#820 = CARTESIAN_POINT ( 'NONE',  ( 20.00000000000000000, -17.76215628866530949, 8.623210178535790860 ) ) ;
#821 = ORIENTED_EDGE ( 'NONE', *, *, #6521, .T. ) ;
#822 = ORIENTED_EDGE ( 'NONE', *, *, #2536, .F. ) ;
#823 = ORIENTED_EDGE ( 'NONE', *, *, #5748, .F. ) ;
#824 = DIRECTION ( 'NONE',  ( 0.000000000000000000, 0.000000000000000000, 1.000000000000000000 ) ) ;
#825 = VECTOR ( 'NONE', #3184, 1000.000000000000114 ) ;
#826 = AXIS2_PLACEMENT_3D ( 'NONE', #2194, #5018, #5071 ) ;
#827 = CARTESIAN_POINT ( 'NONE',  ( 86.34148211025747344, -13.75330226299416836, 54.97614468209522443 ) ) ;
#828 = EDGE_CURVE ( 'NONE', #6894, #1566, #4054, .T. ) ;
#829 = PLANE ( 'NONE',  #7248 ) ;
#830 = CARTESIAN_POINT ( 'NONE',  ( -5.815115952435116142, 60.85578955954293434, 27.73445678976084494 ) ) ;
#831 = FACE_OUTER_BOUND ( 'NONE', #4952, .T. ) ;
#832 = VECTOR ( 'NONE', #3900, 1000.000000000000114 ) ;
#833 = ORIENTED_EDGE ( 'NONE', *, *, #9203, .F. ) ;
#834 = EDGE_CURVE ( 'NONE', #1644, #7809, #3066, .T. ) ;
#835 = ORIENTED_EDGE ( 'NONE', *, *, #1066, .T. ) ;
#836 = FACE_OUTER_BOUND ( 'NONE', #9639, .T. ) ;
#837 = EDGE_CURVE ( 'NONE', #1527, #6911, #8356, .T. ) ;
#838 = CARTESIAN_POINT ( 'NONE',  ( 17.00000000000000000, -49.10223034971637190, 23.37678982146587714 ) ) ;
#839 = AXIS2_PLACEMENT_3D ( 'NONE', #1170, #7205, #3408 ) ;
#841 = EDGE_LOOP ( 'NONE', ( #3045, #4797, #6796, #5048, #808 ) ) ;
#840 = DIRECTION ( 'NONE',  ( -1.000000000000000000, 0.000000000000000000, 0.000000000000000000 ) ) ;
#842 = EDGE_CURVE ( 'NONE', #7083, #1527, #334, .T. ) ;
#843 = FACE_BOUND ( 'NONE', #4122, .T. ) ;
#844 = CARTESIAN_POINT ( 'NONE',  ( 17.00000000000000000, 46.49732744885589142, 36.00000000000000711 ) ) ;
#845 = CARTESIAN_POINT ( 'NONE',  ( 77.57709169117894987, 11.17287893237811325, 1.000000000000000000 ) ) ;
#846 = DIRECTION ( 'NONE',  ( 0.000000000000000000, -0.02844266007110470701, -0.9995954257038591750 ) ) ;
#847 = VERTEX_POINT ( 'NONE', #1917 ) ;
#848 = LINE ( 'NONE', #3824, #8218 ) ;
#849 = EDGE_LOOP ( 'NONE', ( #1147, #5579, #3894, #1674, #5382, #1539 ) ) ;
#850 = ADVANCED_FACE ( 'NONE', ( #8604 ), #3498, .F. ) ;
#851 = CARTESIAN_POINT ( 'NONE',  ( 17.00000000000000000, -33.50332874893501867, 36.00000000000083844 ) ) ;
#852 = CARTESIAN_POINT ( 'NONE',  ( -6.878537460521987335, -60.75699139575753804, 27.73045311555699399 ) ) ;
#853 = DIRECTION ( 'NONE',  ( 0.000000000000000000, -0.8514537021307111431, 0.5244297790247101076 ) ) ;
#854 = PLANE ( 'NONE',  #7140 ) ;
#855 = CARTESIAN_POINT ( 'NONE',  ( -55.20299321942545845, -41.53388122330049015, 1.067147586734479736 ) ) ;
#856 = ORIENTED_EDGE ( 'NONE', *, *, #8465, .T. ) ;
#857 = DIRECTION ( 'NONE',  ( 0.000000000000000000, -0.02844266007110327760, -0.9995954257038591750 ) ) ;
#858 = ORIENTED_EDGE ( 'NONE', *, *, #9485, .T. ) ;
#859 = CARTESIAN_POINT ( 'NONE',  ( 17.00000000000000000, 31.04069670756290122, 28.37678982146504225 ) ) ;
#860 = ORIENTED_EDGE ( 'NONE', *, *, #160, .T. ) ;
#861 = CARTESIAN_POINT ( 'NONE',  ( -3.000000000000000000, 42.49999999999993605, 13.63860113793879947 ) ) ;
#862 = CARTESIAN_POINT ( 'NONE',  ( 17.00000000000000000, -57.99843505709356606, 1.041300569779510354 ) ) ;
#863 = CARTESIAN_POINT ( 'NONE',  ( 33.32232879672930892, 30.89842584807453818, 23.37678982146504225 ) ) ;
#864 = DIRECTION ( 'NONE',  ( 0.000000000000000000, -0.8514537021307111431, 0.5244297790247101076 ) ) ;
#865 = DIRECTION ( 'NONE',  ( -1.000000000000000000, 0.000000000000000000, 0.000000000000000000 ) ) ;
#866 = CARTESIAN_POINT ( 'NONE',  ( 17.00000000000000000, -33.21878702995829968, 46.00000000000083134 ) ) ;
#867 = ORIENTED_EDGE ( 'NONE', *, *, #5438, .T. ) ;
#868 = EDGE_LOOP ( 'NONE', ( #7058, #8006, #4305, #4615 ) ) ;
#869 = ORIENTED_EDGE ( 'NONE', *, *, #9622, .T. ) ;
#870 = LINE ( 'NONE', #4641, #5636 ) ;
#871 = CARTESIAN_POINT ( 'NONE',  ( 79.36529051935096390, -19.21539875632688776, 27.78138975459058102 ) ) ;
#872 = CARTESIAN_POINT ( 'NONE',  ( -81.64652517840204382, 13.14147463192516163, 27.78586604843789587 ) ) ;
#873 = CARTESIAN_POINT ( 'NONE',  ( -50.04918426585532387, 56.50300021352887114, 82.12297355121243925 ) ) ;
#874 = DIRECTION ( 'NONE',  ( 0.000000000000000000, 0.000000000000000000, 1.000000000000000000 ) ) ;
#875 = ORIENTED_EDGE ( 'NONE', *, *, #8822, .F. ) ;
#876 = EDGE_CURVE ( 'NONE', #223, #4110, #3218, .T. ) ;
#877 = ORIENTED_EDGE ( 'NONE', *, *, #6379, .F. ) ;
#878 = DIRECTION ( 'NONE',  ( 0.000000000000000000, 0.8514537021307105880, -0.5244297790247107738 ) ) ;
#879 = DIRECTION ( 'NONE',  ( 0.000000000000000000, -0.8798963622018144415, -0.4751656466791482902 ) ) ;
#881 = ORIENTED_EDGE ( 'NONE', *, *, #4339, .T. ) ;
#880 = DIRECTION ( 'NONE',  ( 0.000000000000000000, 0.8514537021307111431, -0.5244297790247101076 ) ) ;
#882 = DIRECTION ( 'NONE',  ( 0.000000000000000000, 0.8798963622018151076, 0.4751656466791471800 ) ) ;
#883 = DIRECTION ( 'NONE',  ( -1.000000000000000000, -0.000000000000000000, -0.000000000000000000 ) ) ;
#884 = CARTESIAN_POINT ( 'NONE',  ( 75.28637662244727835, 17.59536540235791335, 0.9999999999999997780 ) ) ;
#885 = ADVANCED_FACE ( 'NONE', ( #5033 ), #3359, .F. ) ;
#886 = CARTESIAN_POINT ( 'NONE',  ( 17.00000000000000000, 45.00000000000000000, 1.038601137938794494 ) ) ;
#887 = EDGE_CURVE ( 'NONE', #4638, #8837, #2660, .T. ) ;
#888 = ADVANCED_FACE ( 'NONE', ( #7854 ), #1967, .F. ) ;
#889 = VERTEX_POINT ( 'NONE', #1119 ) ;
#890 = DIRECTION ( 'NONE',  ( 0.000000000000000000, -0.02844266007110327760, -0.9995954257038591750 ) ) ;
#891 = ORIENTED_EDGE ( 'NONE', *, *, #1309, .F. ) ;
#892 = CARTESIAN_POINT ( 'NONE',  ( 33.32232879672930892, -13.50316469948729292, 21.00000000000062528 ) ) ;
#893 = EDGE_CURVE ( 'NONE', #333, #1400, #7250, .T. ) ;
#894 = CARTESIAN_POINT ( 'NONE',  ( -11.37944411346283857, -60.48579334667224572, 27.73081077659784199 ) ) ;
#895 = PLANE ( 'NONE',  #494 ) ;
#896 = CARTESIAN_POINT ( 'NONE',  ( 17.00000000000000000, 6.496999349960439041, 6.000000000000419220 ) ) ;
#897 = EDGE_CURVE ( 'NONE', #9451, #2493, #5775, .T. ) ;
#898 = CARTESIAN_POINT ( 'NONE',  ( 33.32232879672930892, 46.78186916783261040, 61.00000000000000000 ) ) ;
#899 = EDGE_CURVE ( 'NONE', #3191, #1087, #1964, .T. ) ;
#900 = ORIENTED_EDGE ( 'NONE', *, *, #7194, .F. ) ;
#901 = CARTESIAN_POINT ( 'NONE',  ( 20.00000000000000000, 42.38060671916623789, 13.62321017853516736 ) ) ;
#902 = ORIENTED_EDGE ( 'NONE', *, *, #8889, .T. ) ;
#903 = CARTESIAN_POINT ( 'NONE',  ( 17.40912767908938719, 64.59212126813294219, 62.36598453272092257 ) ) ;
#904 = ORIENTED_EDGE ( 'NONE', *, *, #3076, .F. ) ;
#905 = PLANE ( 'NONE',  #3175 ) ;
#906 = LINE ( 'NONE', #1754, #802 ) ;
#907 = LINE ( 'NONE', #6944, #2408 ) ;
#908 = CARTESIAN_POINT ( 'NONE',  ( 25.27975550243592551, 58.10758837156935641, 27.73396843515549293 ) ) ;
#909 = CARTESIAN_POINT ( 'NONE',  ( -46.53852187432009657, -46.86565113127655025, 1.000000000000000222 ) ) ;
#910 = EDGE_CURVE ( 'NONE', #3711, #8941, #7502, .T. ) ;
#911 = CARTESIAN_POINT ( 'NONE',  ( -3.000000000000000000, 42.49999999999997158, 20.03860113793879805 ) ) ;
#912 = VECTOR ( 'NONE', #7261, 1000.000000000000000 ) ;
#913 = ORIENTED_EDGE ( 'NONE', *, *, #6712, .F. ) ;
#914 = EDGE_LOOP ( 'NONE', ( #2438, #5934, #7892, #4962 ) ) ;
#915 = VERTEX_POINT ( 'NONE', #9694 ) ;
#916 = FACE_OUTER_BOUND ( 'NONE', #744, .T. ) ;
#917 = CARTESIAN_POINT ( 'NONE',  ( 87.66905077971163962, -22.40975193294895007, 82.16043510314818832 ) ) ;
#918 = CIRCLE ( 'NONE', #3303, 1.399999999999998579 ) ;
#919 = CARTESIAN_POINT ( 'NONE',  ( -72.78765714442342016, 22.37197822520322532, 0.5873467529961720057 ) ) ;
#920 = CARTESIAN_POINT ( 'NONE',  ( -21.50469845065420671, 62.09691188939748940, 54.92472674355080642 ) ) ;
#921 = DIRECTION ( 'NONE',  ( 0.000000000000000000, 0.000000000000000000, 1.000000000000000000 ) ) ;
#922 = ORIENTED_EDGE ( 'NONE', *, *, #7479, .F. ) ;
#923 = AXIS2_PLACEMENT_3D ( 'NONE', #5894, #393, #1179 ) ;
#924 = ORIENTED_EDGE ( 'NONE', *, *, #7773, .T. ) ;
#925 = LINE ( 'NONE', #4650, #4049 ) ;
#926 = LINE ( 'NONE', #2427, #4862 ) ;
#928 = ORIENTED_EDGE ( 'NONE', *, *, #654, .T. ) ;
#927 = DIRECTION ( 'NONE',  ( 0.000000000000000000, -0.8798963622018151076, -0.4751656466791471800 ) ) ;
#929 = CARTESIAN_POINT ( 'NONE',  ( -80.00000000000000000, 117.9999999999999716, 0.000000000000000000 ) ) ;
#930 = FACE_OUTER_BOUND ( 'NONE', #6287, .T. ) ;
#931 = CARTESIAN_POINT ( 'NONE',  ( -47.63374473838462819, 46.40568517381888114, 0.9999999999999997780 ) ) ;
#932 = VECTOR ( 'NONE', #6329, 1000.000000000000000 ) ;
#933 = LINE ( 'NONE', #5404, #31 ) ;
#934 = VERTEX_POINT ( 'NONE', #6659 ) ;
#935 = AXIS2_PLACEMENT_3D ( 'NONE', #766, #4488, #9038 ) ;
#936 = ORIENTED_EDGE ( 'NONE', *, *, #9070, .F. ) ;
#937 = PLANE ( 'NONE',  #7221 ) ;
#938 = ORIENTED_EDGE ( 'NONE', *, *, #5074, .T. ) ;
#939 = DIRECTION ( 'NONE',  ( 0.000000000000000000, 0.02844266007110400618, 0.9995954257038591750 ) ) ;
#940 = LINE ( 'NONE', #8661, #5376 ) ;
#941 = CARTESIAN_POINT ( 'NONE',  ( 17.00000000000000000, 6.781541068937156247, 16.00000000000041922 ) ) ;
#942 = EDGE_CURVE ( 'NONE', #3643, #7208, #4294, .T. ) ;
#943 = CARTESIAN_POINT ( 'NONE',  ( 33.32232879672930892, 31.04069670756290122, 28.37678982146504225 ) ) ;
#944 = CARTESIAN_POINT ( 'NONE',  ( -67.60903619921569430, -30.01000974090623785, 1.074925905268595328 ) ) ;
#945 = AXIS2_PLACEMENT_3D ( 'NONE', #1055, #4083, #4824 ) ;
#946 =( BOUNDED_SURFACE ( )  B_SPLINE_SURFACE ( 3, 1, ( 
 ( #9326, #214 ),
 ( #6247, #9553 ),
 ( #5789, #3558 ),
 ( #4775, #2498 ) ),
 .UNSPECIFIED., .F., .F., .F. ) 
 B_SPLINE_SURFACE_WITH_KNOTS ( ( 4, 4 ),
 ( 2, 2 ),
 ( 0.000000000000000000, 1.000000000000000000 ),
 ( 0.000000000000000000, 1.000000000000000000 ),
 .UNSPECIFIED. ) 
 GEOMETRIC_REPRESENTATION_ITEM ( )  RATIONAL_B_SPLINE_SURFACE ( (
 ( 1.000000000000000000, 1.000000000000000000),
 ( 0.3333333333333333703, 0.3333333333333333703),
 ( 0.3333333333333333703, 0.3333333333333333703),
 ( 1.000000000000000000, 1.000000000000000000) ) ) 
 REPRESENTATION_ITEM ( '' )  SURFACE ( )  );
#947 = ORIENTED_EDGE ( 'NONE', *, *, #6092, .T. ) ;
#948 = DIRECTION ( 'NONE',  ( -1.000000000000000000, -0.000000000000000000, -0.000000000000000000 ) ) ;
#949 = EDGE_CURVE ( 'NONE', #7345, #7716, #5927, .T. ) ;
#950 = ORIENTED_EDGE ( 'NONE', *, *, #220, .F. ) ;
#951 = CARTESIAN_POINT ( 'NONE',  ( 18.22645436741620983, 66.59567100168612797, 81.00000000000000000 ) ) ;
#952 = VECTOR ( 'NONE', #6538, 1000.000000000000114 ) ;
#953 = ADVANCED_FACE ( 'NONE', ( #6607 ), #2859, .F. ) ;
#954 = VECTOR ( 'NONE', #5472, 1000.000000000000114 ) ;
#955 = EDGE_LOOP ( 'NONE', ( #1346, #381, #7270, #4113 ) ) ;
#956 = LINE ( 'NONE', #9324, #8859 ) ;
#957 = FACE_OUTER_BOUND ( 'NONE', #5634, .T. ) ;
#958 = LINE ( 'NONE', #7262, #4128 ) ;
#959 = CARTESIAN_POINT ( 'NONE',  ( 73.60725105401027690, -22.85089548932915804, 0.1899999999999999467 ) ) ;
#960 = CARTESIAN_POINT ( 'NONE',  ( 20.00000000000000000, 46.78186916783261040, 46.00000000000000000 ) ) ;
#961 = EDGE_CURVE ( 'NONE', #8797, #1335, #8943, .T. ) ;
#962 = CARTESIAN_POINT ( 'NONE',  ( -79.00000000000000000, -8.326997101474455528E-15, 1.000000000000000000 ) ) ;
#963 = CARTESIAN_POINT ( 'NONE',  ( 75.00000000000000000, -6.735557395310442615E-15, 0.000000000000000000 ) ) ;
#964 = VECTOR ( 'NONE', #9132, 1000.000000000000114 ) ;
#965 = ORIENTED_EDGE ( 'NONE', *, *, #842, .F. ) ;
#966 = ORIENTED_EDGE ( 'NONE', *, *, #4395, .T. ) ;
#967 = ORIENTED_EDGE ( 'NONE', *, *, #1180, .F. ) ;
#968 = DIRECTION ( 'NONE',  ( 0.000000000000000000, -0.02844266007110470701, -0.9995954257038591750 ) ) ;
#969 = EDGE_CURVE ( 'NONE', #9149, #7208, #5823, .T. ) ;
#970 = ORIENTED_EDGE ( 'NONE', *, *, #3852, .F. ) ;
#971 = VECTOR ( 'NONE', #5697, 1000.000000000000000 ) ;
#972 = CARTESIAN_POINT ( 'NONE',  ( 86.71704183597449855, -24.22800816486429198, 82.15887392137021550 ) ) ;
#973 = CARTESIAN_POINT ( 'NONE',  ( -87.71754118980179271, 7.424226387662197446, 54.97893607923817427 ) ) ;
#974 = LINE ( 'NONE', #278, #5878 ) ;
#975 = CARTESIAN_POINT ( 'NONE',  ( -31.64150257455511195, 63.04558701790507769, 82.11512227788961127 ) ) ;
#976 = CARTESIAN_POINT ( 'NONE',  ( 33.32232879672930892, 26.49716339940816567, 6.000000000000210498 ) ) ;
#977 = VECTOR ( 'NONE', #8475, 1000.000000000000114 ) ;
#978 = VECTOR ( 'NONE', #7173, 1000.000000000000000 ) ;
#979 = ORIENTED_EDGE ( 'NONE', *, *, #2371, .T. ) ;
#980 = AXIS2_PLACEMENT_3D ( 'NONE', #2618, #8001, #6368 ) ;
#981 = EDGE_LOOP ( 'NONE', ( #1212, #7598, #7953, #5368, #6254, #1478 ) ) ;
#982 = DIRECTION ( 'NONE',  ( -1.000000000000000000, -0.000000000000000000, -0.000000000000000000 ) ) ;
#983 = CARTESIAN_POINT ( 'NONE',  ( 17.00000000000000000, -48.95995949022800886, 58.37678982146587003 ) ) ;
#984 = PLANE ( 'NONE',  #6 ) ;
#985 = CARTESIAN_POINT ( 'NONE',  ( -43.45081677151988231, 76.42959639447046527, 82.00000000000000000 ) ) ;
#986 = CARTESIAN_POINT ( 'NONE',  ( 17.00000000000000000, -57.99843505709356606, 1.041300569779510354 ) ) ;
#987 = VECTOR ( 'NONE', #6681, 1000.000000000000114 ) ;
#988 = CARTESIAN_POINT ( 'NONE',  ( -77.52508987017466779, 11.16048650772128603, 1.000000000000000666 ) ) ;
#989 = DIRECTION ( 'NONE',  ( 0.000000000000000000, -0.5244297790247101076, -0.8514537021307111431 ) ) ;
#990 = VECTOR ( 'NONE', #8666, 1000.000000000000000 ) ;
#991 = AXIS2_PLACEMENT_3D ( 'NONE', #3716, #9109, #1532 ) ;
#992 = ORIENTED_EDGE ( 'NONE', *, *, #2766, .F. ) ;
#993 = PLANE ( 'NONE',  #9298 ) ;
#994 = ORIENTED_EDGE ( 'NONE', *, *, #7926, .F. ) ;
#995 = DIRECTION ( 'NONE',  ( 0.000000000000000000, 2.312964634635742957E-16, 1.000000000000000000 ) ) ;
#996 = CARTESIAN_POINT ( 'NONE',  ( 14.23964416754975737, -57.06442067848196587, 0.5412853406825638425 ) ) ;
#997 = DIRECTION ( 'NONE',  ( 0.000000000000000000, 0.9995954257038592861, -0.02844266007110471048 ) ) ;
#998 = DIRECTION ( 'NONE',  ( -1.000000000000000000, 0.000000000000000000, 0.000000000000000000 ) ) ;
#999 = CARTESIAN_POINT ( 'NONE',  ( -34.39627444000782930, -52.24618304848067396, 1.059484596934018752 ) ) ;
#1000 = ORIENTED_EDGE ( 'NONE', *, *, #2654, .T. ) ;
#1001 = LINE ( 'NONE', #4072, #502 ) ;
#1002 = EDGE_CURVE ( 'NONE', #2236, #1748, #9740, .T. ) ;
#1003 = ORIENTED_EDGE ( 'NONE', *, *, #8762, .T. ) ;
#1004 = ORIENTED_EDGE ( 'NONE', *, *, #1085, .F. ) ;
#1005 = FACE_OUTER_BOUND ( 'NONE', #3458, .T. ) ;
#1006 = DIRECTION ( 'NONE',  ( 0.000000000000000000, -0.8798963622018144415, -0.4751656466791482902 ) ) ;
#1007 = LINE ( 'NONE', #3340, #1750 ) ;
#1008 = CARTESIAN_POINT ( 'NONE',  ( -86.61694303722084953, 26.41669077093291662, 82.00000000000000000 ) ) ;
#1009 = CARTESIAN_POINT ( 'NONE',  ( -48.30676546732339460, 46.03917987178828497, 1.000000000000000000 ) ) ;
#1010 = CARTESIAN_POINT ( 'NONE',  ( -68.30537660524886689, -29.19509980516563985, 1.000000000000000000 ) ) ;
#1011 = DIRECTION ( 'NONE',  ( 0.000000000000000000, 0.8798963622018148856, 0.4751656466791474576 ) ) ;
#1012 = EDGE_CURVE ( 'NONE', #3600, #2756, #4342, .T. ) ;
#1013 = EDGE_CURVE ( 'NONE', #5417, #8693, #8840, .T. ) ;
#1014 = EDGE_LOOP ( 'NONE', ( #3067, #4672, #459, #2795 ) ) ;
#1015 = ORIENTED_EDGE ( 'NONE', *, *, #9246, .F. ) ;
#1016 = EDGE_CURVE ( 'NONE', #8659, #5663, #8295, .T. ) ;
#1017 = VERTEX_POINT ( 'NONE', #5177 ) ;
#1018 = DIRECTION ( 'NONE',  ( -1.000000000000000000, 0.000000000000000000, 0.000000000000000000 ) ) ;
#1019 = ORIENTED_EDGE ( 'NONE', *, *, #9251, .T. ) ;
#1020 = CARTESIAN_POINT ( 'NONE',  ( 83.04762634146291589, -7.612447343082082263, 27.78880858998984849 ) ) ;
#1021 = CARTESIAN_POINT ( 'NONE',  ( -83.61374972884730994, 0.3995828524553872163, 27.79005896350907889 ) ) ;
#1022 = LINE ( 'NONE', #3718, #8715 ) ;
#1023 = CARTESIAN_POINT ( 'NONE',  ( -28.48152372477964178, 57.35092318191715322, 27.73909776363331048 ) ) ;
#1024 = LINE ( 'NONE', #2514, #2732 ) ;
#1025 = ADVANCED_FACE ( 'NONE', ( #722 ), #8893, .F. ) ;
#1026 = ORIENTED_EDGE ( 'NONE', *, *, #3022, .T. ) ;
#1027 = EDGE_CURVE ( 'NONE', #1314, #5964, #6756, .T. ) ;
#1028 = ORIENTED_EDGE ( 'NONE', *, *, #7415, .T. ) ;
#1029 = CARTESIAN_POINT ( 'NONE',  ( 20.00000000000000000, -17.61988542917695355, 13.62321017853579086 ) ) ;
#1030 = CARTESIAN_POINT ( 'NONE',  ( 17.00000000000000000, 42.23833585967788196, 53.62321017853516025 ) ) ;
#1031 = DIRECTION ( 'NONE',  ( 0.000000000000000000, 0.8798963622018144415, 0.4751656466791482902 ) ) ;
#1032 = PLANE ( 'NONE',  #5040 ) ;
#1033 = DIRECTION ( 'NONE',  ( -0.000000000000000000, 0.000000000000000000, -1.000000000000000000 ) ) ;
#1034 = DIRECTION ( 'NONE',  ( 0.000000000000000000, -0.8798963622018147746, -0.4751656466791477906 ) ) ;
#1035 = DIRECTION ( 'NONE',  ( 0.000000000000000000, -0.4751656466791471800, 0.8798963622018151076 ) ) ;
#1036 = EDGE_LOOP ( 'NONE', ( #7047, #4788 ) ) ;
#1037 = ORIENTED_EDGE ( 'NONE', *, *, #2485, .T. ) ;
#1038 = FACE_OUTER_BOUND ( 'NONE', #6494, .T. ) ;
#1039 = ORIENTED_EDGE ( 'NONE', *, *, #3318, .T. ) ;
#1040 = CARTESIAN_POINT ( 'NONE',  ( 33.32232879672930892, 6.496999349960439041, 51.00000000000041922 ) ) ;
#1041 = CARTESIAN_POINT ( 'NONE',  ( 10.81657020951438852, -60.53513905221386437, 27.73074476789999210 ) ) ;
#1042 = VECTOR ( 'NONE', #8101, 1000.000000000000114 ) ;
#1043 = CARTESIAN_POINT ( 'NONE',  ( 33.32232879672930892, -29.10206630026864616, 53.37678982146566398 ) ) ;
#1044 = ORIENTED_EDGE ( 'NONE', *, *, #4292, .T. ) ;
#1045 = CARTESIAN_POINT ( 'NONE',  ( 17.00000000000000000, 42.38060671916623789, 43.62321017853516736 ) ) ;
#1046 = ORIENTED_EDGE ( 'NONE', *, *, #1622, .T. ) ;
#1047 = LINE ( 'NONE', #4074, #2084 ) ;
#1048 = ORIENTED_EDGE ( 'NONE', *, *, #4829, .T. ) ;
#1049 = LINE ( 'NONE', #4077, #1911 ) ;
#1050 = CARTESIAN_POINT ( 'NONE',  ( 17.00000000000000000, -48.95995949022800886, 13.37678982146587714 ) ) ;
#1051 = DIRECTION ( 'NONE',  ( 1.000000000000000000, -0.000000000000000000, 0.000000000000000000 ) ) ;
#1052 = CARTESIAN_POINT ( 'NONE',  ( 20.00000000000000000, 26.49716339940816567, 21.00000000000020961 ) ) ;
#1053 = CARTESIAN_POINT ( 'NONE',  ( 39.70041929172788286, 50.28023016257465372, 1.000000000000000444 ) ) ;
#1054 = CARTESIAN_POINT ( 'NONE',  ( 66.07661458861679193, -31.78959858855742127, 1.000000000000000222 ) ) ;
#1055 = CARTESIAN_POINT ( 'NONE',  ( -8.000000000000000000, -34.50000000000007816, 16.04061919046182538 ) ) ;
#1056 = EDGE_CURVE ( 'NONE', #2673, #3569, #679, .T. ) ;
#1057 = ORIENTED_EDGE ( 'NONE', *, *, #230, .T. ) ;
#1058 = ORIENTED_EDGE ( 'NONE', *, *, #2969, .T. ) ;
#1059 = ORIENTED_EDGE ( 'NONE', *, *, #2899, .T. ) ;
#1060 = CARTESIAN_POINT ( 'NONE',  ( 20.00000000000000000, 10.89826179862681066, 8.376789821465251862 ) ) ;
#1061 = EDGE_LOOP ( 'NONE', ( #6805, #1637, #730, #9798 ) ) ;
#1062 = CARTESIAN_POINT ( 'NONE',  ( 76.84916038838728980, 24.00830886434183498, 27.77688967537204334 ) ) ;
#1063 = CARTESIAN_POINT ( 'NONE',  ( -83.05198468313231785, 7.060045287352956223, 27.78882759407770919 ) ) ;
#1064 = LINE ( 'NONE', #8687, #7289 ) ;
#1065 = CARTESIAN_POINT ( 'NONE',  ( -38.36545933315073853, 54.19353436449222272, 27.74331199128812031 ) ) ;
#1066 = EDGE_CURVE ( 'NONE', #2309, #637, #5316, .T. ) ;
#1067 = VECTOR ( 'NONE', #4551, 1000.000000000000000 ) ;
#1068 = ORIENTED_EDGE ( 'NONE', *, *, #5251, .T. ) ;
#1069 = ORIENTED_EDGE ( 'NONE', *, *, #6032, .F. ) ;
#1070 = CARTESIAN_POINT ( 'NONE',  ( 42.48055193653607375, -48.91276020763767463, 1.061871189055360709 ) ) ;
#1071 = VECTOR ( 'NONE', #1802, 1000.000000000000114 ) ;
#1072 = EDGE_CURVE ( 'NONE', #7434, #2446, #9786, .T. ) ;
#1073 = EDGE_CURVE ( 'NONE', #7189, #2310, #3003, .T. ) ;
#1074 = CARTESIAN_POINT ( 'NONE',  ( 16.42744802100217427, -59.77426762586771503, 27.73175778870468022 ) ) ;
#1075 = CARTESIAN_POINT ( 'NONE',  ( 17.00000000000000000, 42.23833585967788196, 68.62321017853516025 ) ) ;
#1076 = DIRECTION ( 'NONE',  ( 0.000000000000000000, -0.02844266007110470701, -0.9995954257038591750 ) ) ;
#1077 = CARTESIAN_POINT ( 'NONE',  ( -60.51509503156063374, 37.28090354213571089, 1.000000000000000222 ) ) ;
#1078 = EDGE_CURVE ( 'NONE', #5268, #4757, #5229, .T. ) ;
#1079 = FACE_OUTER_BOUND ( 'NONE', #3436, .T. ) ;
#1080 = VECTOR ( 'NONE', #1592, 1000.000000000000227 ) ;
#1081 = B_SPLINE_CURVE_WITH_KNOTS ( 'NONE', 1,
 ( #4798, #5447 ),
 .UNSPECIFIED., .F., .F.,
 ( 2, 2 ),
 ( 0.000000000000000000, 0.9876543209876543772 ),
 .UNSPECIFIED. ) ;
#1082 = ORIENTED_EDGE ( 'NONE', *, *, #8620, .T. ) ;
#1083 = VERTEX_POINT ( 'NONE', #2266 ) ;
#1084 = CARTESIAN_POINT ( 'NONE',  ( 18.22645436741620983, 66.59567100168612797, 81.00000000000000000 ) ) ;
#1085 = EDGE_CURVE ( 'NONE', #3994, #5021, #5283, .T. ) ;
#1086 = VECTOR ( 'NONE', #628, 1000.000000000000114 ) ;
#1087 = VERTEX_POINT ( 'NONE', #6163 ) ;
#1088 = PLANE ( 'NONE',  #447 ) ;
#1089 = DIRECTION ( 'NONE',  ( 0.000000000000000000, 0.000000000000000000, -1.000000000000000000 ) ) ;
#1090 = CARTESIAN_POINT ( 'NONE',  ( 20.00000000000000000, -53.21895107940602543, 76.00000000000103739 ) ) ;
#1091 = FACE_OUTER_BOUND ( 'NONE', #5876, .T. ) ;
#1092 = VECTOR ( 'NONE', #2008, 1000.000000000000000 ) ;
#1093 = VERTEX_POINT ( 'NONE', #9142 ) ;
#1094 = CARTESIAN_POINT ( 'NONE',  ( 33.32232879672930892, -9.101902250820922191, 8.376789821465461472 ) ) ;
#1095 = EDGE_LOOP ( 'NONE', ( #7563, #8742, #2723, #5952 ) ) ;
#1096 = PLANE ( 'NONE',  #345 ) ;
#1097 = VERTEX_POINT ( 'NONE', #2312 ) ;
#1098 = DIRECTION ( 'NONE',  ( -1.000000000000000000, -0.000000000000000000, -0.000000000000000000 ) ) ;
#1099 = DIRECTION ( 'NONE',  ( 0.000000000000000000, 0.02844266007110328107, 0.9995954257038591750 ) ) ;
#1100 = DIRECTION ( 'NONE',  ( 0.000000000000000000, 2.312964634635743450E-16, 1.000000000000000000 ) ) ;
#1101 = CARTESIAN_POINT ( 'NONE',  ( 11.65267988265763321, -131.4460094002760400, 0.1899999999999999467 ) ) ;
#1102 = CARTESIAN_POINT ( 'NONE',  ( -75.00348950716359298, 18.58994251702144851, 1.086298991543278802 ) ) ;
#1103 = VECTOR ( 'NONE', #1571, 1000.000000000000000 ) ;
#1104 = CARTESIAN_POINT ( 'NONE',  ( 53.29470320951293161, -42.84017912410059381, 1.000000000000000222 ) ) ;
#1105 = CARTESIAN_POINT ( 'NONE',  ( 80.00000000000000000, -8.888102484588013203E-15, 1.000000000000000000 ) ) ;
#1106 = VERTEX_POINT ( 'NONE', #4540 ) ;
#1107 = PLANE ( 'NONE',  #3636 ) ;
#1108 = VECTOR ( 'NONE', #9425, 1000.000000000000000 ) ;
#1109 = EDGE_LOOP ( 'NONE', ( #8525, #2037, #6838, #7535 ) ) ;
#1110 = DIRECTION ( 'NONE',  ( 0.000000000000000000, 0.000000000000000000, 1.000000000000000000 ) ) ;
#1111 = ORIENTED_EDGE ( 'NONE', *, *, #5083, .T. ) ;
#1112 = CARTESIAN_POINT ( 'NONE',  ( 82.99026420345707322, 30.32268627077365508, 82.15313407171261417 ) ) ;
#1113 = CARTESIAN_POINT ( 'NONE',  ( -66.28582658310807574, -42.39430576232852843, 54.94753233773357692 ) ) ;
#1114 = VECTOR ( 'NONE', #3984, 999.9999999999998863 ) ;
#1115 = DIRECTION ( 'NONE',  ( -1.000000000000000000, -0.000000000000000000, -0.000000000000000000 ) ) ;
#1116 = CARTESIAN_POINT ( 'NONE',  ( 33.32232879672930892, 26.49716339940816567, 21.00000000000020961 ) ) ;
#1117 = ORIENTED_EDGE ( 'NONE', *, *, #5024, .T. ) ;
#1118 = ORIENTED_EDGE ( 'NONE', *, *, #7522, .T. ) ;
#1119 = CARTESIAN_POINT ( 'NONE',  ( 17.00000000000000000, -9.101902250820922191, 8.376789821465461472 ) ) ;
#1120 = VECTOR ( 'NONE', #336, 1000.000000000000114 ) ;
#1121 = ADVANCED_FACE ( 'NONE', ( #916 ), #8487, .F. ) ;
#1122 = CARTESIAN_POINT ( 'NONE',  ( 20.76009219889912671, -55.93242288456396238, 0.5428913280824841925 ) ) ;
#1123 = FACE_OUTER_BOUND ( 'NONE', #2378, .T. ) ;
#1124 = CARTESIAN_POINT ( 'NONE',  ( 17.00000000000000000, -53.50349279838274441, 51.00000000000104450 ) ) ;
#1125 = CARTESIAN_POINT ( 'NONE',  ( 33.32232879672930892, -57.76248438756075387, 53.62321017853620475 ) ) ;
#1126 = CARTESIAN_POINT ( 'NONE',  ( 24.38356641111375467, 64.72782447548323148, 82.00000000000000000 ) ) ;
#1127 = VECTOR ( 'NONE', #4147, 1000.000000000000114 ) ;
#1128 = VECTOR ( 'NONE', #6248, 1000.000000000000000 ) ;
#1129 = EDGE_CURVE ( 'NONE', #1237, #6266, #1516, .T. ) ;
#1130 = ADVANCED_FACE ( 'NONE', ( #6861 ), #3896, .F. ) ;
#1131 = EDGE_LOOP ( 'NONE', ( #6242, #1202, #1187, #9814 ) ) ;
#1132 = EDGE_CURVE ( 'NONE', #3902, #4040, #75, .T. ) ;
#1133 = ORIENTED_EDGE ( 'NONE', *, *, #1206, .T. ) ;
#1134 = FACE_OUTER_BOUND ( 'NONE', #4839, .T. ) ;
#1135 = VECTOR ( 'NONE', #149, 1000.000000000000114 ) ;
#1136 = ORIENTED_EDGE ( 'NONE', *, *, #2165, .T. ) ;
#1137 = FACE_OUTER_BOUND ( 'NONE', #4306, .T. ) ;
#1138 = AXIS2_PLACEMENT_3D ( 'NONE', #3531, #1201, #1396 ) ;
#1139 = FACE_OUTER_BOUND ( 'NONE', #1061, .T. ) ;
#1140 = LINE ( 'NONE', #3329, #8088 ) ;
#1141 = VECTOR ( 'NONE', #6074, 1000.000000000000227 ) ;
#1142 = EDGE_CURVE ( 'NONE', #2226, #4661, #9193, .T. ) ;
#1143 = DIRECTION ( 'NONE',  ( 0.000000000000000000, 0.8798963622018151076, 0.4751656466791471800 ) ) ;
#1144 = EDGE_CURVE ( 'NONE', #586, #1879, #2413, .T. ) ;
#1145 = ORIENTED_EDGE ( 'NONE', *, *, #9000, .F. ) ;
#1146 = CARTESIAN_POINT ( 'NONE',  ( -94.00000000000000000, 2.270200223097281350E-15, 81.00000000000000000 ) ) ;
#1147 = ORIENTED_EDGE ( 'NONE', *, *, #2161, .F. ) ;
#1148 = FACE_OUTER_BOUND ( 'NONE', #4649, .T. ) ;
#1149 = CARTESIAN_POINT ( 'NONE',  ( 17.00000000000000000, 42.38060671916623789, 73.62321017853516025 ) ) ;
#1150 = VECTOR ( 'NONE', #7619, 1000.000000000000000 ) ;
#1151 = CARTESIAN_POINT ( 'NONE',  ( 17.00000000000000000, 2.238007760782423361, 23.62321017853557947 ) ) ;
#1152 = CARTESIAN_POINT ( 'NONE',  ( 68.63811642251430101, 28.94871502637701965, 1.086298991543278580 ) ) ;
#1153 = CARTESIAN_POINT ( 'NONE',  ( 69.65270899307743946, -27.43040386244179984, 1.000000000000000000 ) ) ;
#1154 = LINE ( 'NONE', #2044, #8539 ) ;
#1155 = VERTEX_POINT ( 'NONE', #1668 ) ;
#1156 = ORIENTED_EDGE ( 'NONE', *, *, #7479, .T. ) ;
#1157 = ORIENTED_EDGE ( 'NONE', *, *, #7044, .T. ) ;
#1158 = CARTESIAN_POINT ( 'NONE',  ( 17.00000000000000000, 51.04086075701062697, 58.37678982146483264 ) ) ;
#1159 = VERTEX_POINT ( 'NONE', #5437 ) ;
#1160 = CARTESIAN_POINT ( 'NONE',  ( 86.86341300502891727, 12.08989362028343351, 54.97718050165842385 ) ) ;
#1161 = CARTESIAN_POINT ( 'NONE',  ( -86.72626097842125148, -12.39464959178852688, 54.97688833991221458 ) ) ;
#1162 = DIRECTION ( 'NONE',  ( -1.000000000000000000, 0.000000000000000000, 0.000000000000000000 ) ) ;
#1163 = CARTESIAN_POINT ( 'NONE',  ( -66.91957342440969114, 30.79426579698862199, 0.5838578342939384491 ) ) ;
#1164 = VERTEX_POINT ( 'NONE', #6954 ) ;
#1165 = ORIENTED_EDGE ( 'NONE', *, *, #1437, .F. ) ;
#1166 = ORIENTED_EDGE ( 'NONE', *, *, #3507, .F. ) ;
#1167 = CARTESIAN_POINT ( 'NONE',  ( 44.13916693455610130, -48.11541095860265216, 1.062443487542450660 ) ) ;
#1168 = CARTESIAN_POINT ( 'NONE',  ( 17.33062005591852994, -62.73938917453951092, 54.92186151930633287 ) ) ;
#1169 = CARTESIAN_POINT ( 'NONE',  ( 20.00000000000000000, -57.76248438756075387, 53.62321017853620475 ) ) ;
#1170 = CARTESIAN_POINT ( 'NONE',  ( 33.32232879672930892, -53.50349279838274441, 51.00000000000104450 ) ) ;
#1171 = DIRECTION ( 'NONE',  ( 0.000000000000000000, 0.02844266007110328107, 0.9995954257038591750 ) ) ;
#1172 = CARTESIAN_POINT ( 'NONE',  ( 10.52122639479306088, -57.49079830125022994, 1.055744569900674890 ) ) ;
#1173 = DIRECTION ( 'NONE',  ( 0.000000000000000000, 0.8514537021307111431, -0.5244297790247101076 ) ) ;
#1174 = ADVANCED_FACE ( 'NONE', ( #7004 ), #5386, .F. ) ;
#1175 = ORIENTED_EDGE ( 'NONE', *, *, #4344, .T. ) ;
#1176 = ORIENTED_EDGE ( 'NONE', *, *, #7721, .T. ) ;
#1177 = LINE ( 'NONE', #9651, #755 ) ;
#1178 = ORIENTED_EDGE ( 'NONE', *, *, #3079, .F. ) ;
#1179 = DIRECTION ( 'NONE',  ( 0.000000000000000000, -0.8798963622018151076, -0.4751656466791471800 ) ) ;
#1180 = EDGE_CURVE ( 'NONE', #414, #9785, #3265, .T. ) ;
#1181 = DIRECTION ( 'NONE',  ( 0.000000000000000000, -0.02844266007110327760, -0.9995954257038591750 ) ) ;
#1182 = CARTESIAN_POINT ( 'NONE',  ( 75.00000000000000000, -6.735557395310442615E-15, 1.000000000000000000 ) ) ;
#1183 = B_SPLINE_CURVE_WITH_KNOTS ( 'NONE', 3,
 ( #9018, #6883, #9074, #4663 ),
 .UNSPECIFIED., .F., .F.,
 ( 4, 4 ),
 ( 5.594315114139762021E-17, 0.003046673321071114750 ),
 .UNSPECIFIED. ) ;
#1184 = DIRECTION ( 'NONE',  ( 0.000000000000000000, 0.4751656466791477906, -0.8798963622018148856 ) ) ;
#1185 = EDGE_CURVE ( 'NONE', #5526, #6149, #7650, .T. ) ;
#1186 = CARTESIAN_POINT ( 'NONE',  ( 17.00000000000000000, 2.380278620270778855, 28.62321017853558658 ) ) ;
#1187 = ORIENTED_EDGE ( 'NONE', *, *, #153, .F. ) ;
#1188 = CARTESIAN_POINT ( 'NONE',  ( -94.00000000000000000, -46.86013636440969776, 82.00000000000000000 ) ) ;
#1189 = VERTEX_POINT ( 'NONE', #1567 ) ;
#1190 = DIRECTION ( 'NONE',  ( 0.000000000000000000, 0.8514537021307104769, -0.5244297790247111068 ) ) ;
#1191 = CARTESIAN_POINT ( 'NONE',  ( 20.00000000000000000, -28.95979544078028312, 13.37678982146566753 ) ) ;
#1192 = VECTOR ( 'NONE', #7202, 1000.000000000000000 ) ;
#1193 = EDGE_CURVE ( 'NONE', #5342, #9785, #4589, .T. ) ;
#1194 = EDGE_CURVE ( 'NONE', #6911, #2410, #8395, .T. ) ;
#1195 = CARTESIAN_POINT ( 'NONE',  ( 33.32232879672930892, 6.781541068937156247, 46.00000000000041211 ) ) ;
#1196 = CARTESIAN_POINT ( 'NONE',  ( 20.54885928329042954, 56.13070156966302449, 1.000000000000000222 ) ) ;
#1197 = CARTESIAN_POINT ( 'NONE',  ( -78.49641871222689815, -7.545613759717348046, 1.086298605844412402 ) ) ;
#1198 = FACE_OUTER_BOUND ( 'NONE', #1987, .T. ) ;
#1199 = EDGE_CURVE ( 'NONE', #270, #8464, #7748, .T. ) ;
#1200 = ORIENTED_EDGE ( 'NONE', *, *, #9069, .T. ) ;
#1201 = DIRECTION ( 'NONE',  ( -1.000000000000000000, 0.000000000000000000, 0.000000000000000000 ) ) ;
#1202 = ORIENTED_EDGE ( 'NONE', *, *, #35, .T. ) ;
#1203 = PLANE ( 'NONE',  #8315 ) ;
#1204 = ORIENTED_EDGE ( 'NONE', *, *, #1129, .T. ) ;
#1205 = DIRECTION ( 'NONE',  ( -1.000000000000000000, -0.000000000000000000, -0.000000000000000000 ) ) ;
#1206 = EDGE_CURVE ( 'NONE', #1842, #8691, #870, .T. ) ;
#1207 = CARTESIAN_POINT ( 'NONE',  ( 70.41251578817863788, 32.92863392653403309, 27.76695848090572483 ) ) ;
#1208 = CARTESIAN_POINT ( 'NONE',  ( -89.41368891220746207, -18.68241423684617075, 82.16342475837218728 ) ) ;
#1209 = DIRECTION ( 'NONE',  ( -1.000000000000000000, -0.000000000000000000, -0.000000000000000000 ) ) ;
#1210 = LINE ( 'NONE', #1311, #9161 ) ;
#1211 = PRODUCT_DEFINITION_CONTEXT ( 'detailed design', #132, 'design' ) ;
#1212 = ORIENTED_EDGE ( 'NONE', *, *, #1236, .T. ) ;
#1213 = ORIENTED_EDGE ( 'NONE', *, *, #1449, .T. ) ;
#1214 = CARTESIAN_POINT ( 'NONE',  ( 78.96947400738667966, -1.858982057504067864, 1.085747251357293441 ) ) ;
#1215 = CARTESIAN_POINT ( 'NONE',  ( 20.00000000000000000, -53.21895107940602543, 31.00000000000104095 ) ) ;
#1216 = DIRECTION ( 'NONE',  ( 0.000000000000000000, 0.000000000000000000, 1.000000000000000000 ) ) ;
#1217 = DIRECTION ( 'NONE',  ( 0.000000000000000000, 2.312964634635742957E-16, 1.000000000000000000 ) ) ;
#1218 = CARTESIAN_POINT ( 'NONE',  ( -3.000000000000000000, 42.50000000000000000, 25.03860113793880160 ) ) ;
#1219 = LINE ( 'NONE', #2811, #9484 ) ;
#1220 = CARTESIAN_POINT ( 'NONE',  ( 92.78396136332855804, 4.542284398401768009, 82.00000000000002842 ) ) ;
#1221 = EDGE_LOOP ( 'NONE', ( #8668, #5774, #8476, #7380, #9576, #5783, #5400, #858, #2275, #4240, #7829, #8550 ) ) ;
#1222 = VECTOR ( 'NONE', #7687, 1000.000000000000114 ) ;
#1223 = AXIS2_PLACEMENT_3D ( 'NONE', #4230, #272, #2560 ) ;
#1224 = ORIENTED_EDGE ( 'NONE', *, *, #48, .T. ) ;
#1225 = LINE ( 'NONE', #3459, #5970 ) ;
#1226 = ORIENTED_EDGE ( 'NONE', *, *, #4825, .F. ) ;
#1227 = CARTESIAN_POINT ( 'NONE',  ( 20.00000000000002487, -60.21761064805335906, 27.69181768290542323 ) ) ;
#1228 = DIRECTION ( 'NONE',  ( 0.000000000000000000, -0.8514537021307106990, 0.5244297790247107738 ) ) ;
#1229 = CARTESIAN_POINT ( 'NONE',  ( 33.32232879672930892, 46.78186916783261040, 46.00000000000000000 ) ) ;
#1230 = AXIS2_PLACEMENT_3D ( 'NONE', #8320, #801, #5207 ) ;
#1231 = DIRECTION ( 'NONE',  ( 0.000000000000000000, 0.8514537021307111431, -0.5244297790247101076 ) ) ;
#1232 = LINE ( 'NONE', #5054, #7677 ) ;
#1233 = VECTOR ( 'NONE', #882, 1000.000000000000114 ) ;
#1234 = ORIENTED_EDGE ( 'NONE', *, *, #8744, .T. ) ;
#1235 = CARTESIAN_POINT ( 'NONE',  ( -71.41698284050100654, -42.89257302808921679, 82.00000000000001421 ) ) ;
#1236 = EDGE_CURVE ( 'NONE', #2248, #5417, #5483, .T. ) ;
#1237 = VERTEX_POINT ( 'NONE', #3995 ) ;
#1238 = DIRECTION ( 'NONE',  ( -0.000000000000000000, -0.000000000000000000, -1.000000000000000000 ) ) ;
#1239 = PLANE ( 'NONE',  #3449 ) ;
#1240 = PLANE ( 'NONE',  #9202 ) ;
#1241 = CARTESIAN_POINT ( 'NONE',  ( 20.00000000000000000, 26.49716339940816212, 6.000000000000209610 ) ) ;
#1242 = CARTESIAN_POINT ( 'NONE',  ( -75.00348950760123046, -18.58994251602851122, 1.086298605844411957 ) ) ;
#1243 = CARTESIAN_POINT ( 'NONE',  ( 17.00000000000000000, -32.00000000000000000, 31.04061919046181472 ) ) ;
#1244 = AXIS2_PLACEMENT_3D ( 'NONE', #3327, #2487, #6979 ) ;
#1245 = EDGE_CURVE ( 'NONE', #9014, #3882, #224, .T. ) ;
#1246 = EDGE_CURVE ( 'NONE', #8080, #6793, #3798, .T. ) ;
#1247 = ORIENTED_EDGE ( 'NONE', *, *, #1536, .T. ) ;
#1248 = CARTESIAN_POINT ( 'NONE',  ( 33.32232879672930892, -17.76215628866530949, 68.62321017853578553 ) ) ;
#1249 = ORIENTED_EDGE ( 'NONE', *, *, #897, .T. ) ;
#1250 = DIRECTION ( 'NONE',  ( 0.000000000000000000, -2.312964634635743450E-16, -1.000000000000000000 ) ) ;
#1251 = AXIS2_PLACEMENT_3D ( 'NONE', #2212, #6665, #9792 ) ;
#1252 = EDGE_CURVE ( 'NONE', #6149, #1830, #6401, .T. ) ;
#1253 = VERTEX_POINT ( 'NONE', #7988 ) ;
#1254 = DIRECTION ( 'NONE',  ( 0.000000000000000000, 0.8798963622018145525, 0.4751656466791481792 ) ) ;
#1255 = DIRECTION ( 'NONE',  ( 0.000000000000000000, 0.8798963622018147746, 0.4751656466791477351 ) ) ;
#1256 = CARTESIAN_POINT ( 'NONE',  ( 60.41101297124159686, 46.65843068299517427, 54.94218247331657068 ) ) ;
#1257 = CARTESIAN_POINT ( 'NONE',  ( -61.76197491525903160, -36.05218623535097322, 0.5707706979815351245 ) ) ;
#1258 = FACE_OUTER_BOUND ( 'NONE', #1867, .T. ) ;
#1259 = PLANE ( 'NONE',  #6790 ) ;
#1260 = AXIS2_PLACEMENT_3D ( 'NONE', #7307, #535, #3595 ) ;
#1261 = EDGE_LOOP ( 'NONE', ( #8735, #8810 ) ) ;
#1262 = ORIENTED_EDGE ( 'NONE', *, *, #1642, .T. ) ;
#1263 = VERTEX_POINT ( 'NONE', #6354 ) ;
#1264 = CARTESIAN_POINT ( 'NONE',  ( 78.03522806625929320, -9.208640117243279022, 1.084658047043199236 ) ) ;
#1265 = VECTOR ( 'NONE', #85, 1000.000000000000114 ) ;
#1266 = CARTESIAN_POINT ( 'NONE',  ( 35.87881727077663641, -61.81481293830515966, 82.11659193875532026 ) ) ;
#1267 = DIRECTION ( 'NONE',  ( 0.000000000000000000, -0.5244297790247101076, -0.8514537021307111431 ) ) ;
#1268 = LINE ( 'NONE', #4106, #4637 ) ;
#1269 = LINE ( 'NONE', #3454, #1896 ) ;
#1270 = CARTESIAN_POINT ( 'NONE',  ( 89.80211106055676851, 17.50022988583371841, 82.00000000000001421 ) ) ;
#1271 = CIRCLE ( 'NONE', #2866, 1.399999999999998579 ) ;
#1272 = ORIENTED_EDGE ( 'NONE', *, *, #2042, .T. ) ;
#1273 = EDGE_LOOP ( 'NONE', ( #5597, #1905, #8411, #4124, #2793, #6081 ) ) ;
#1274 = ORIENTED_EDGE ( 'NONE', *, *, #370, .T. ) ;
#1275 = DIRECTION ( 'NONE',  ( 0.000000000000000000, 2.312964634635742957E-16, 1.000000000000000000 ) ) ;
#1277 = ORIENTED_EDGE ( 'NONE', *, *, #9203, .T. ) ;
#1276 = DIRECTION ( 'NONE',  ( 0.000000000000000000, 0.8798963622018151076, 0.4751656466791471800 ) ) ;
#1278 = DIRECTION ( 'NONE',  ( 0.000000000000000000, -0.8514537021307106990, 0.5244297790247107738 ) ) ;
#1279 = AXIS2_PLACEMENT_3D ( 'NONE', #6530, #9507, #4258 ) ;
#1280 = DIRECTION ( 'NONE',  ( -1.000000000000000000, -0.000000000000000000, -0.000000000000000000 ) ) ;
#1281 = CARTESIAN_POINT ( 'NONE',  ( 17.00000000000000000, -8.959631391332559147, 28.37678982146545792 ) ) ;
#1282 = DIRECTION ( 'NONE',  ( -1.000000000000000000, -0.000000000000000000, -0.000000000000000000 ) ) ;
#1283 = AXIS2_PLACEMENT_3D ( 'NONE', #7570, #3867, #6832 ) ;
#1284 = EDGE_LOOP ( 'NONE', ( #8621, #6916, #503, #9408 ) ) ;
#1285 = CARTESIAN_POINT ( 'NONE',  ( 17.00000000000002132, -57.44628186127619784, 8.099918043984475347 ) ) ;
#1286 = ORIENTED_EDGE ( 'NONE', *, *, #2111, .T. ) ;
#1287 = CARTESIAN_POINT ( 'NONE',  ( -72.09407368346190026, -42.30075851481049654, 81.99999999999998579 ) ) ;
#1288 = VECTOR ( 'NONE', #7927, 1000.000000000000000 ) ;
#1289 = VERTEX_POINT ( 'NONE', #8682 ) ;
#1290 = LINE ( 'NONE', #8814, #3926 ) ;
#1291 = LINE ( 'NONE', #6537, #7078 ) ;
#1292 = FACE_OUTER_BOUND ( 'NONE', #623, .T. ) ;
#1293 = CARTESIAN_POINT ( 'NONE',  ( -79.00000000000000000, 1.641902789998396647E-15, 1.086298991543278580 ) ) ;
#1294 = AXIS2_PLACEMENT_3D ( 'NONE', #5986, #5151, #5197 ) ;
#1295 = CARTESIAN_POINT ( 'NONE',  ( 68.63811641684839060, -28.94871503358694298, 1.000000000000000444 ) ) ;
#1296 = DIRECTION ( 'NONE',  ( 0.000000000000000000, 0.8514537021307104769, -0.5244297790247111068 ) ) ;
#1297 = ADVANCED_FACE ( 'NONE', ( #7890 ), #1203, .F. ) ;
#1298 = ORIENTED_EDGE ( 'NONE', *, *, #585, .F. ) ;
#1299 = FACE_OUTER_BOUND ( 'NONE', #2386, .T. ) ;
#1300 = ORIENTED_EDGE ( 'NONE', *, *, #4959, .T. ) ;
#1301 = LINE ( 'NONE', #4378, #1652 ) ;
#1302 = AXIS2_PLACEMENT_3D ( 'NONE', #4506, #3817, #8264 ) ;
#1303 = ORIENTED_EDGE ( 'NONE', *, *, #9135, .F. ) ;
#1304 = DIRECTION ( 'NONE',  ( 1.000000000000000000, 0.000000000000000000, -0.000000000000000000 ) ) ;
#1305 = FACE_BOUND ( 'NONE', #7875, .T. ) ;
#1306 = CARTESIAN_POINT ( 'NONE',  ( 68.40731859877365650, 45.44702112493693136, 82.13625499024868759 ) ) ;
#1307 = CARTESIAN_POINT ( 'NONE',  ( -59.21447689172883599, -38.40439521587138216, 0.5676147096068857589 ) ) ;
#1308 = EDGE_CURVE ( 'NONE', #3382, #5889, #8639, .T. ) ;
#1309 = EDGE_CURVE ( 'NONE', #7083, #5132, #1856, .T. ) ;
#1310 = CARTESIAN_POINT ( 'NONE',  ( 11.99999999999994138, 45.00000000000000000, 15.03774688497164114 ) ) ;
#1311 = CARTESIAN_POINT ( 'NONE',  ( 20.00000000000000000, 42.38060671916623789, 73.62321017853516025 ) ) ;
#1312 = EDGE_CURVE ( 'NONE', #9337, #424, #5666, .T. ) ;
#1313 = ORIENTED_EDGE ( 'NONE', *, *, #7601, .T. ) ;
#1314 = VERTEX_POINT ( 'NONE', #7801 ) ;
#1315 = CARTESIAN_POINT ( 'NONE',  ( 33.32232879672930892, -57.62021352807240504, 58.62321017853621186 ) ) ;
#1316 = EDGE_CURVE ( 'NONE', #4611, #478, #1551, .T. ) ;
#1317 = CARTESIAN_POINT ( 'NONE',  ( 48.37363167000198416, -53.52227555678680204, 54.93348998622858659 ) ) ;
#1318 = DIRECTION ( 'NONE',  ( 0.000000000000000000, 0.8514537021307114761, -0.5244297790247095525 ) ) ;
#1319 = EDGE_CURVE ( 'NONE', #3797, #756, #9772, .T. ) ;
#1320 =( BOUNDED_CURVE ( )  B_SPLINE_CURVE ( 3, ( #8115, #6035, #2277, #4355 ),
 .UNSPECIFIED., .F., .F. ) 
 B_SPLINE_CURVE_WITH_KNOTS ( ( 4, 4 ),
 ( 3.141592653589793116, 6.283185307179586232 ),
 .UNSPECIFIED. ) 
 CURVE ( )  GEOMETRIC_REPRESENTATION_ITEM ( )  RATIONAL_B_SPLINE_CURVE ( ( 1.000000000000000000, 0.3333333333333333703, 0.3333333333333333703, 1.000000000000000000 ) ) 
 REPRESENTATION_ITEM ( '' )  );
#1321 = CARTESIAN_POINT ( 'NONE',  ( 15.71566019258814961, -56.84761309191607381, 1.056199996386256279 ) ) ;
#1322 = CARTESIAN_POINT ( 'NONE',  ( 90.54151853735230304, 15.40155562456003580, 82.00000000000000000 ) ) ;
#1323 = ADVANCED_FACE ( 'NONE', ( #2606 ), #3484, .T. ) ;
#1324 = VERTEX_POINT ( 'NONE', #1906 ) ;
#1325 = B_SPLINE_CURVE_WITH_KNOTS ( 'NONE', 3,
 ( #6419, #391, #3229, #7770, #9263, #9409, #7819 ),
 .UNSPECIFIED., .F., .F.,
 ( 4, 3, 4 ),
 ( 0.02813074332954753135, 0.04455198527647016848, 0.08047882778595925879 ),
 .UNSPECIFIED. ) ;
#1326 = ORIENTED_EDGE ( 'NONE', *, *, #3674, .F. ) ;
#1327 = ORIENTED_EDGE ( 'NONE', *, *, #284, .F. ) ;
#1328 = DIRECTION ( 'NONE',  ( -1.000000000000000000, -0.000000000000000000, -0.000000000000000000 ) ) ;
#1330 = ORIENTED_EDGE ( 'NONE', *, *, #1012, .T. ) ;
#1329 = CARTESIAN_POINT ( 'NONE',  ( -78.99999999999974420, 1.949902591998325718, 1.085783459199017198 ) ) ;
#1331 = CARTESIAN_POINT ( 'NONE',  ( 33.32232879672930892, 30.89842584807453818, 8.376789821465044028 ) ) ;
#1332 = LINE ( 'NONE', #5050, #4254 ) ;
#1333 = CARTESIAN_POINT ( 'NONE',  ( 17.00000000000000000, -33.21878702995829968, 31.00000000000083134 ) ) ;
#1334 = CARTESIAN_POINT ( 'NONE',  ( 20.00000000000000000, -33.50332874893501867, 6.000000000000835776 ) ) ;
#1335 = VERTEX_POINT ( 'NONE', #4924 ) ;
#1336 = FACE_OUTER_BOUND ( 'NONE', #3794, .T. ) ;
#1337 = VERTEX_POINT ( 'NONE', #1957 ) ;
#1338 = CARTESIAN_POINT ( 'NONE',  ( 20.00000000000000000, 42.23833585967788196, 38.62321017853516736 ) ) ;
#1339 = ORIENTED_EDGE ( 'NONE', *, *, #7494, .T. ) ;
#1340 = FACE_OUTER_BOUND ( 'NONE', #8684, .T. ) ;
#1341 = DIRECTION ( 'NONE',  ( 0.000000000000000000, 0.000000000000000000, -1.000000000000000000 ) ) ;
#1342 = LINE ( 'NONE', #4370, #9019 ) ;
#1343 = CARTESIAN_POINT ( 'NONE',  ( 33.32232879672930892, 26.49716339940816567, 66.00000000000021316 ) ) ;
#1344 = CARTESIAN_POINT ( 'NONE',  ( 25.53456545772092312, -55.01515764451202273, 1.000000000000000000 ) ) ;
#1345 = CARTESIAN_POINT ( 'NONE',  ( 11.67178763303254563, -131.6468887242600374, 1.000000000000000000 ) ) ;
#1346 = ORIENTED_EDGE ( 'NONE', *, *, #1561, .T. ) ;
#1347 = DIRECTION ( 'NONE',  ( 0.000000000000000000, -0.9995954257038592861, 0.02844266007110328107 ) ) ;
#1348 = VERTEX_POINT ( 'NONE', #5582 ) ;
#1349 = DIRECTION ( 'NONE',  ( -1.000000000000000000, -0.000000000000000000, -0.000000000000000000 ) ) ;
#1350 = ORIENTED_EDGE ( 'NONE', *, *, #2341, .T. ) ;
#1351 = DIRECTION ( 'NONE',  ( -1.000000000000000000, 0.000000000000000000, 0.000000000000000000 ) ) ;
#1352 = DIRECTION ( 'NONE',  ( 0.000000000000000000, 0.000000000000000000, -1.000000000000000000 ) ) ;
#1353 = CARTESIAN_POINT ( 'NONE',  ( 69.02609687272340011, 39.96018375323966154, 54.95050557377907552 ) ) ;
#1354 = B_SPLINE_SURFACE_WITH_KNOTS ( 'NONE', 3, 3, ( 
 ( #919, #1625, #7805, #1717 ),
 ( #9290, #5388, #4835, #2463 ),
 ( #8598, #7653, #125, #3898 ),
 ( #9243, #1818, #180, #4644 ),
 ( #7751, #6214, #7007, #7698 ),
 ( #7846, #4686, #9146, #5486 ),
 ( #4738, #872, #8398, #229 ),
 ( #8490, #2368, #326, #9339 ),
 ( #277, #5586, #6907, #2564 ),
 ( #3304, #1063, #973, #4001 ),
 ( #7053, #3257, #6260, #2511 ),
 ( #5533, #9196, #4791, #8544 ),
 ( #6166, #1021, #2417, #6307 ),
 ( #5441, #4093, #7102, #8445 ),
 ( #1670, #5670, #6550, #3442 ),
 ( #7947, #9435, #2006, #5817 ),
 ( #5770, #4336, #2752, #6448 ),
 ( #2057, #8686, #1161, #9580 ),
 ( #5628, #3489, #4879, #9479 ),
 ( #468, #4146, #6405, #1208 ),
 ( #8782, #7150, #1910, #9394 ),
 ( #1859, #9533, #2703, #2650 ),
 ( #2801, #8833, #3400, #4979 ),
 ( #420, #7992, #378, #5722 ),
 ( #520, #5026, #7291, #4930 ),
 ( #4190, #8090, #1961, #7895 ),
 ( #7196, #8738, #8643, #8040 ),
 ( #1257, #6503, #2609, #5079 ),
 ( #1307, #7341, #1113, #4235 ),
 ( #4284, #7242, #3353, #3539 ),
 ( #6359, #2334, #4565, #1594 ),
 ( #1541, #5358, #6786, #746 ),
 ( #7528, #6093, #5261, #9632 ),
 ( #8370, #6600, #2241, #7576 ),
 ( #1491, #3084, #53, #7675 ),
 ( #4664, #3775, #1, #3035 ),
 ( #9118, #8275, #5307, #4515 ),
 ( #5997, #2389, #4617, #9166 ),
 ( #2852, #9220, #6841, #5463 ),
 ( #6051, #9075, #2291, #8422 ),
 ( #6190, #8321, #9020, #3875 ),
 ( #6927, #894, #7630, #803 ),
 ( #3828, #852, #6884, #99 ),
 ( #3129, #6137, #5412, #1648 ),
 ( #567, #4706, #3918, #147 ),
 ( #3181, #2440, #8467, #1692 ),
 ( #3585, #1041, #1792, #4167 ),
 ( #996, #3376, #8615, #3280 ),
 ( #9314, #3232, #351, #3418 ) ),
 .UNSPECIFIED., .F., .F., .F.,
 ( 4, 3, 3, 3, 3, 3, 3, 3, 3, 3, 3, 3, 3, 3, 3, 3, 4 ),
 ( 4, 4 ),
 ( 0.000000000000000000, 0.02070667183018935417, 0.04141334366037870834, 0.06212001549056805905, 0.08282668732075741669, 0.1035333591509467743, 0.1242400309811361181, 0.1449467028113254896, 0.1656533746415148334, 0.1863600464717041771, 0.2070667183018935487, 0.2277733901320828924, 0.2484800619622722362, 0.2691867337924616077, 0.2898934056226509792, 0.3106000774528403507, 0.3313067492830296668 ),
 ( -0.007041689837560049375, 1.000000000000000000 ),
 .UNSPECIFIED. ) ;
#1355 = CARTESIAN_POINT ( 'NONE',  ( -3.000000000000000000, 42.49999999999990052, 10.03860113793879982 ) ) ;
#1356 = DIRECTION ( 'NONE',  ( 0.000000000000000000, 0.000000000000000000, 1.000000000000000000 ) ) ;
#1357 = VECTOR ( 'NONE', #968, 1000.000000000000114 ) ;
#1358 = ORIENTED_EDGE ( 'NONE', *, *, #235, .F. ) ;
#1359 = ORIENTED_EDGE ( 'NONE', *, *, #1319, .T. ) ;
#1360 = ORIENTED_EDGE ( 'NONE', *, *, #7894, .T. ) ;
#1361 = CARTESIAN_POINT ( 'NONE',  ( -8.000000000000000000, 45.00000000000000000, 31.03860113793880160 ) ) ;
#1362 = CARTESIAN_POINT ( 'NONE',  ( 41.33308745679281770, -49.37936192699279303, 0.5521789463644996010 ) ) ;
#1363 = EDGE_CURVE ( 'NONE', #4525, #7355, #7235, .T. ) ;
#1364 = LINE ( 'NONE', #1414, #1086 ) ;
#1365 =( NAMED_UNIT ( * ) SI_UNIT ( $, .STERADIAN. ) SOLID_ANGLE_UNIT ( ) );
#1366 = PLANE ( 'NONE',  #6470 ) ;
#1367 = CARTESIAN_POINT ( 'NONE',  ( 75.22945409088760016, -39.55426233307948536, 82.00000000000004263 ) ) ;
#1368 = VERTEX_POINT ( 'NONE', #7943 ) ;
#1369 = EDGE_CURVE ( 'NONE', #5984, #6671, #3300, .T. ) ;
#1370 = VERTEX_POINT ( 'NONE', #4187 ) ;
#1371 = EDGE_CURVE ( 'NONE', #2894, #298, #8500, .T. ) ;
#1372 = ORIENTED_EDGE ( 'NONE', *, *, #5671, .F. ) ;
#1373 = DIRECTION ( 'NONE',  ( 0.000000000000000000, 0.9942692485408557435, -0.1069049175950392838 ) ) ;
#1375 = ORIENTED_EDGE ( 'NONE', *, *, #91, .T. ) ;
#1374 = CARTESIAN_POINT ( 'NONE',  ( -76.87335266480256735, 13.49684675969743175, 1.083366497294609765 ) ) ;
#1376 = EDGE_CURVE ( 'NONE', #3976, #2682, #7192, .T. ) ;
#1377 = DIRECTION ( 'NONE',  ( -0.000000000000000000, 0.5244297790247107738, 0.8514537021307106990 ) ) ;
#1378 = FACE_OUTER_BOUND ( 'NONE', #6101, .T. ) ;
#1379 = DIRECTION ( 'NONE',  ( -1.000000000000000000, -0.000000000000000000, -0.000000000000000000 ) ) ;
#1380 = LINE ( 'NONE', #1281, #1927 ) ;
#1381 = CARTESIAN_POINT ( 'NONE',  ( 33.32232879672930892, -57.62021352807240504, 28.62321017853620475 ) ) ;
#1382 = VECTOR ( 'NONE', #4901, 1000.000000000000000 ) ;
#1383 = ORIENTED_EDGE ( 'NONE', *, *, #3260, .F. ) ;
#1384 = VERTEX_POINT ( 'NONE', #1060 ) ;
#1385 = CARTESIAN_POINT ( 'NONE',  ( -48.88494682247049639, -56.99602146852590323, 81.99999999999998579 ) ) ;
#1386 = VECTOR ( 'NONE', #4965, 1000.000000000000000 ) ;
#1387 = ORIENTED_EDGE ( 'NONE', *, *, #8331, .F. ) ;
#1388 = LINE ( 'NONE', #2092, #5353 ) ;
#1389 = DIRECTION ( 'NONE',  ( 0.000000000000000000, 0.000000000000000000, 1.000000000000000000 ) ) ;
#1390 = PLANE ( 'NONE',  #4437 ) ;
#1391 = FACE_OUTER_BOUND ( 'NONE', #4640, .T. ) ;
#1392 = CARTESIAN_POINT ( 'NONE',  ( 62.91486692476198783, -35.26573305972048900, 1.086298605844412180 ) ) ;
#1393 = DIRECTION ( 'NONE',  ( -1.000000000000000000, -0.000000000000000000, -0.000000000000000000 ) ) ;
#1394 = CIRCLE ( 'NONE', #2192, 1.399999999999998579 ) ;
#1395 = EDGE_LOOP ( 'NONE', ( #95, #7177, #1176, #904 ) ) ;
#1396 = DIRECTION ( 'NONE',  ( 0.000000000000000000, 0.000000000000000000, 1.000000000000000000 ) ) ;
#1397 = VECTOR ( 'NONE', #6742, 1000.000000000000114 ) ;
#1398 = ORIENTED_EDGE ( 'NONE', *, *, #2409, .F. ) ;
#1399 = DIRECTION ( 'NONE',  ( 0.000000000000000000, -0.9995954257038592861, 0.02844266007110328107 ) ) ;
#1400 = VERTEX_POINT ( 'NONE', #6495 ) ;
#1401 = CARTESIAN_POINT ( 'NONE',  ( 33.32232879672930892, 6.781541068937156247, 16.00000000000041567 ) ) ;
#1402 = FACE_BOUND ( 'NONE', #6850, .T. ) ;
#1403 = CARTESIAN_POINT ( 'NONE',  ( 55.59211090314009596, 49.76043995884621296, 54.93826330446896833 ) ) ;
#1404 = AXIS2_PLACEMENT_3D ( 'NONE', #5777, #1267, #8790 ) ;
#1405 = VECTOR ( 'NONE', #3117, 1000.000000000000000 ) ;
#1406 = LINE ( 'NONE', #8885, #3351 ) ;
#1407 = DIRECTION ( 'NONE',  ( 0.000000000000000000, 0.8514537021307104769, -0.5244297790247111068 ) ) ;
#1408 = VERTEX_POINT ( 'NONE', #3437 ) ;
#1409 = VERTEX_POINT ( 'NONE', #7049 ) ;
#1410 = AXIS2_PLACEMENT_3D ( 'NONE', #1218, #431, #4247 ) ;
#1411 = ORIENTED_EDGE ( 'NONE', *, *, #1565, .T. ) ;
#1412 = DIRECTION ( 'NONE',  ( 0.000000000000000000, -0.02844266007110327760, -0.9995954257038591750 ) ) ;
#1413 = CARTESIAN_POINT ( 'NONE',  ( 63.16379111205759500, -49.17165840776745256, 82.13181022870564618 ) ) ;
#1414 = CARTESIAN_POINT ( 'NONE',  ( 17.00000000000000000, -37.62004947862467930, 58.62321017853599869 ) ) ;
#1415 = DIRECTION ( 'NONE',  ( -1.000000000000000000, 0.000000000000000000, 0.000000000000000000 ) ) ;
#1416 = VECTOR ( 'NONE', #3199, 1000.000000000000000 ) ;
#1417 = CARTESIAN_POINT ( 'NONE',  ( 18.27030128230813588, 66.70319209594900656, 82.00000000000000000 ) ) ;
#1418 = CARTESIAN_POINT ( 'NONE',  ( 53.57853186874982754, -54.85633970425556072, 82.00000000000001421 ) ) ;
#1419 = VECTOR ( 'NONE', #2696, 1000.000000000000114 ) ;
#1420 = ORIENTED_EDGE ( 'NONE', *, *, #5672, .T. ) ;
#1421 = EDGE_CURVE ( 'NONE', #1680, #3914, #4975, .T. ) ;
#1422 = ORIENTED_EDGE ( 'NONE', *, *, #3266, .F. ) ;
#1423 = VECTOR ( 'NONE', #2836, 1000.000000000000114 ) ;
#1424 = VECTOR ( 'NONE', #7640, 1000.000000000000000 ) ;
#1425 = ORIENTED_EDGE ( 'NONE', *, *, #3012, .F. ) ;
#1426 = LINE ( 'NONE', #3068, #1405 ) ;
#1428 = ORIENTED_EDGE ( 'NONE', *, *, #9070, .T. ) ;
#1427 = CARTESIAN_POINT ( 'NONE',  ( -78.46673952169410882, 6.792131556191588260, 1.085158054629366653 ) ) ;
#1429 = DIRECTION ( 'NONE',  ( 0.000000000000000000, -2.312964634635743450E-16, -1.000000000000000000 ) ) ;
#1430 = CARTESIAN_POINT ( 'NONE',  ( 20.00000000000000000, 50.89858989752226393, 68.37678982146483975 ) ) ;
#1431 = CARTESIAN_POINT ( 'NONE',  ( 20.00000000000000000, -37.76232033811303523, 23.62321017853599869 ) ) ;
#1432 = FACE_OUTER_BOUND ( 'NONE', #3559, .T. ) ;
#1433 = EDGE_CURVE ( 'NONE', #2148, #5213, #9474, .T. ) ;
#1434 = FACE_OUTER_BOUND ( 'NONE', #4087, .T. ) ;
#1435 = VECTOR ( 'NONE', #3841, 1000.000000000000000 ) ;
#1436 = EDGE_CURVE ( 'NONE', #3711, #4076, #8733, .T. ) ;
#1437 = EDGE_CURVE ( 'NONE', #5832, #2557, #614, .T. ) ;
#1438 = ORIENTED_EDGE ( 'NONE', *, *, #6333, .F. ) ;
#1439 = CARTESIAN_POINT ( 'NONE',  ( -85.27300258748658734, -26.71064059526938195, 82.00000000000002842 ) ) ;
#1440 = VECTOR ( 'NONE', #6843, 1000.000000000000114 ) ;
#1441 = ORIENTED_EDGE ( 'NONE', *, *, #7607, .F. ) ;
#1442 = FACE_OUTER_BOUND ( 'NONE', #3722, .T. ) ;
#1443 = CARTESIAN_POINT ( 'NONE',  ( -3.000000000000000000, -34.50000000000014921, 6.040619190461827159 ) ) ;
#1444 = CARTESIAN_POINT ( 'NONE',  ( -3.000000000000000000, 42.49999999999993605, 15.03860113793879982 ) ) ;
#1445 = EDGE_CURVE ( 'NONE', #3055, #7572, #709, .T. ) ;
#1446 = CARTESIAN_POINT ( 'NONE',  ( 33.32232879672930892, 46.49732744885589142, 51.00000000000000711 ) ) ;
#1447 = VECTOR ( 'NONE', #9037, 1000.000000000000227 ) ;
#1448 = AXIS2_PLACEMENT_3D ( 'NONE', #9232, #4967, #7979 ) ;
#1449 = EDGE_CURVE ( 'NONE', #8035, #1653, #1301, .T. ) ;
#1450 = ORIENTED_EDGE ( 'NONE', *, *, #9362, .T. ) ;
#1451 = CARTESIAN_POINT ( 'NONE',  ( 17.00000000000000000, 49.99999999999997158, 21.92223816887061005 ) ) ;
#1452 = VERTEX_POINT ( 'NONE', #6545 ) ;
#1453 = FACE_OUTER_BOUND ( 'NONE', #7001, .T. ) ;
#1454 = VERTEX_POINT ( 'NONE', #8777 ) ;
#1455 = CARTESIAN_POINT ( 'NONE',  ( 0.000000000000000000, 0.000000000000000000, 1.000000000000000000 ) ) ;
#1456 = FACE_BOUND ( 'NONE', #3106, .T. ) ;
#1457 = AXIS2_PLACEMENT_3D ( 'NONE', #7824, #3378, #3465 ) ;
#1458 = DIRECTION ( 'NONE',  ( 0.000000000000000000, -0.02844266007110470701, -0.9995954257038591750 ) ) ;
#1459 = CARTESIAN_POINT ( 'NONE',  ( 52.62407041562131838, 47.41656936592147531, 27.74826895904440249 ) ) ;
#1460 = DIRECTION ( 'NONE',  ( -1.000000000000000000, -0.000000000000000000, -0.000000000000000000 ) ) ;
#1461 = CARTESIAN_POINT ( 'NONE',  ( 17.00000000000000000, -29.10206630026864616, 8.376789821465669306 ) ) ;
#1462 = VECTOR ( 'NONE', #7333, 1000.000000000000000 ) ;
#1463 = VECTOR ( 'NONE', #6042, 1000.000000000000000 ) ;
#1464 = EDGE_LOOP ( 'NONE', ( #9017, #2053 ) ) ;
#1465 = EDGE_LOOP ( 'NONE', ( #7363, #322, #4736, #3082, #4071, #187 ) ) ;
#1466 = ORIENTED_EDGE ( 'NONE', *, *, #4536, .T. ) ;
#1467 = CARTESIAN_POINT ( 'NONE',  ( 145.9104477611939785, -46.60928061002642409, 81.00000000000000000 ) ) ;
#1468 = CARTESIAN_POINT ( 'NONE',  ( 63.42062441314313759, -44.64084073118697660, 54.94472792924740645 ) ) ;
#1469 = CARTESIAN_POINT ( 'NONE',  ( 20.00000000000000000, 42.38060671916623789, 58.62321017853516736 ) ) ;
#1470 = LINE ( 'NONE', #2369, #1103 ) ;
#1471 = PLANE ( 'NONE',  #321 ) ;
#1472 = CARTESIAN_POINT ( 'NONE',  ( 17.00000000000000000, -28.95979544078028312, 43.37678982146566398 ) ) ;
#1473 = ORIENTED_EDGE ( 'NONE', *, *, #2290, .T. ) ;
#1474 = ORIENTED_EDGE ( 'NONE', *, *, #7129, .T. ) ;
#1475 = ORIENTED_EDGE ( 'NONE', *, *, #1921, .T. ) ;
#1476 = CARTESIAN_POINT ( 'NONE',  ( -31.08058001283976779, 63.23684437832008598, 81.99999999999998579 ) ) ;
#1478 = ORIENTED_EDGE ( 'NONE', *, *, #3138, .T. ) ;
#1477 = CARTESIAN_POINT ( 'NONE',  ( -8.000000000000000000, -32.00000000000000000, 31.04061919046181472 ) ) ;
#1479 = FACE_BOUND ( 'NONE', #7381, .T. ) ;
#1480 = ADVANCED_FACE ( 'NONE', ( #5020 ), #2103, .F. ) ;
#1481 = DIRECTION ( 'NONE',  ( -1.000000000000000000, -0.000000000000000000, -0.000000000000000000 ) ) ;
#1482 = CARTESIAN_POINT ( 'NONE',  ( 56.09926111749462763, 40.83370245243598617, 1.000000000000000222 ) ) ;
#1483 = LINE ( 'NONE', #4557, #8079 ) ;
#1484 = ADVANCED_FACE ( 'NONE', ( #8976 ), #5122, .F. ) ;
#1485 = LINE ( 'NONE', #8416, #6844 ) ;
#1486 = EDGE_LOOP ( 'NONE', ( #924, #9812, #1603, #4668, #6300, #2343, #8484 ) ) ;
#1487 = LINE ( 'NONE', #9813, #1548 ) ;
#1488 = EDGE_CURVE ( 'NONE', #4115, #1106, #5167, .T. ) ;
#1489 = ORIENTED_EDGE ( 'NONE', *, *, #899, .T. ) ;
#1490 = PLANE ( 'NONE',  #3772 ) ;
#1491 = CARTESIAN_POINT ( 'NONE',  ( -39.44117637515730479, -50.27936056724529124, 0.5508976592228898017 ) ) ;
#1492 = DIRECTION ( 'NONE',  ( 0.000000000000000000, 0.000000000000000000, 1.000000000000000000 ) ) ;
#1493 = EDGE_CURVE ( 'NONE', #3325, #6672, #9575, .T. ) ;
#1494 = FACE_OUTER_BOUND ( 'NONE', #4160, .T. ) ;
#1495 = CARTESIAN_POINT ( 'NONE',  ( -63.83916552581295178, 34.20081725082397384, 1.072201394510063244 ) ) ;
#1496 = EDGE_CURVE ( 'NONE', #3552, #1797, #3630, .T. ) ;
#1497 = ORIENTED_EDGE ( 'NONE', *, *, #2155, .T. ) ;
#1498 = DIRECTION ( 'NONE',  ( 0.000000000000000000, -0.8514537021307111431, 0.5244297790247101076 ) ) ;
#1499 = EDGE_CURVE ( 'NONE', #9714, #4571, #6648, .T. ) ;
#1500 = ORIENTED_EDGE ( 'NONE', *, *, #6515, .T. ) ;
#1501 = DIRECTION ( 'NONE',  ( -1.000000000000000000, -0.000000000000000000, -0.000000000000000000 ) ) ;
#1502 = ADVANCED_FACE ( 'NONE', ( #9680 ), #9626, .F. ) ;
#1503 = ORIENTED_EDGE ( 'NONE', *, *, #5379, .F. ) ;
#1504 = LINE ( 'NONE', #5371, #9490 ) ;
#1505 = LINE ( 'NONE', #7388, #4391 ) ;
#1506 = CARTESIAN_POINT ( 'NONE',  ( -3.000000000000000000, -34.50000000000007816, 14.64061919046182325 ) ) ;
#1507 = FACE_OUTER_BOUND ( 'NONE', #142, .T. ) ;
#1508 = CARTESIAN_POINT ( 'NONE',  ( 23.56530207658943610, 61.70892704902702519, 54.92314709777930659 ) ) ;
#1509 = ADVANCED_FACE ( 'NONE', ( #8930 ), #8878, .F. ) ;
#1510 = CARTESIAN_POINT ( 'NONE',  ( 17.00000000000000000, -17.61988542917695355, 28.62321017853579264 ) ) ;
#1511 = DIRECTION ( 'NONE',  ( 0.000000000000000000, 0.8798963622018147746, 0.4751656466791477351 ) ) ;
#1512 = AXIS2_PLACEMENT_3D ( 'NONE', #3264, #6223, #1724 ) ;
#1513 = ORIENTED_EDGE ( 'NONE', *, *, #6818, .F. ) ;
#1514 = ORIENTED_EDGE ( 'NONE', *, *, #5807, .T. ) ;
#1515 = ORIENTED_EDGE ( 'NONE', *, *, #2468, .T. ) ;
#1516 = LINE ( 'NONE', #2362, #3572 ) ;
#1517 = EDGE_CURVE ( 'NONE', #1879, #3710, #2940, .T. ) ;
#1518 = CARTESIAN_POINT ( 'NONE',  ( 53.63703170906480722, -42.48795870303522548, 0.5619224167048159080 ) ) ;
#1519 = CARTESIAN_POINT ( 'NONE',  ( 17.00000000000000000, -17.76215628866530949, 38.62321017853578553 ) ) ;
#1520 = VECTOR ( 'NONE', #824, 1000.000000000000000 ) ;
#1521 = CARTESIAN_POINT ( 'NONE',  ( 3.366045022063293146, 60.95605414270310263, 27.73432519779717964 ) ) ;
#1522 = CARTESIAN_POINT ( 'NONE',  ( -8.000000000000000000, -34.50000000000007816, 16.04061919046182538 ) ) ;
#1523 = LINE ( 'NONE', #4546, #675 ) ;
#1524 = ORIENTED_EDGE ( 'NONE', *, *, #6513, .T. ) ;
#1525 = ORIENTED_EDGE ( 'NONE', *, *, #281, .T. ) ;
#1526 = CARTESIAN_POINT ( 'NONE',  ( 17.00000000000000000, -57.76248438756075387, 38.62321017853620475 ) ) ;
#1527 = VERTEX_POINT ( 'NONE', #2001 ) ;
#1528 = CARTESIAN_POINT ( 'NONE',  ( 20.00000000000000000, -48.95995949022802307, 73.37678982146587714 ) ) ;
#1530 = ORIENTED_EDGE ( 'NONE', *, *, #3730, .F. ) ;
#1529 = CARTESIAN_POINT ( 'NONE',  ( -76.22438516289135180, 15.34365563801705790, 1.082666523284573579 ) ) ;
#1531 = FACE_BOUND ( 'NONE', #7360, .T. ) ;
#1532 = DIRECTION ( 'NONE',  ( 0.000000000000000000, 0.8798963622018144415, 0.4751656466791482902 ) ) ;
#1533 = CARTESIAN_POINT ( 'NONE',  ( 31.03582019044772622, 53.33852093145033990, 1.000000000000000000 ) ) ;
#1534 = CARTESIAN_POINT ( 'NONE',  ( 33.32232879672930892, -37.76232033811303523, 23.62321017853599869 ) ) ;
#1535 = LINE ( 'NONE', #4509, #7298 ) ;
#1536 = EDGE_CURVE ( 'NONE', #1617, #3105, #666, .T. ) ;
#1537 = ORIENTED_EDGE ( 'NONE', *, *, #1821, .T. ) ;
#1538 = CARTESIAN_POINT ( 'NONE',  ( -8.000000000000000000, 40.00000000000000000, 1.038601137938802266 ) ) ;
#1539 = ORIENTED_EDGE ( 'NONE', *, *, #9241, .F. ) ;
#1540 = DIRECTION ( 'NONE',  ( 0.000000000000000000, 0.000000000000000000, 1.000000000000000000 ) ) ;
#1541 = CARTESIAN_POINT ( 'NONE',  ( -50.10692784583845594, -44.85969028313988360, 0.5585954344009447237 ) ) ;
#1542 = CARTESIAN_POINT ( 'NONE',  ( 11.99999999999994138, 45.00000000000000000, 30.03774688497164291 ) ) ;
#1543 = FACE_OUTER_BOUND ( 'NONE', #7617, .T. ) ;
#1544 = CARTESIAN_POINT ( 'NONE',  ( -41.08119489927383228, 49.56021254881295590, 1.061406528540574490 ) ) ;
#1545 = ORIENTED_EDGE ( 'NONE', *, *, #6086, .T. ) ;
#1546 = CARTESIAN_POINT ( 'NONE',  ( 17.00000000000000000, -37.00000000000000711, 1.040619190461828936 ) ) ;
#1547 = EDGE_CURVE ( 'NONE', #7889, #5866, #6698, .T. ) ;
#1548 = VECTOR ( 'NONE', #2286, 1000.000000000000000 ) ;
#1549 = ORIENTED_EDGE ( 'NONE', *, *, #1013, .F. ) ;
#1550 = LINE ( 'NONE', #6198, #5366 ) ;
#1551 = CIRCLE ( 'NONE', #3142, 1.399999999999998579 ) ;
#1552 = EDGE_LOOP ( 'NONE', ( #3927, #8940, #7524, #2605 ) ) ;
#1553 = PLANE ( 'NONE',  #7428 ) ;
#1554 = CARTESIAN_POINT ( 'NONE',  ( 145.9104477611939785, 46.60928061002636014, 81.00000000000000000 ) ) ;
#1555 = PLANE ( 'NONE',  #5068 ) ;
#1556 = LINE ( 'NONE', #5427, #6478 ) ;
#1557 = CARTESIAN_POINT ( 'NONE',  ( 17.00000000000000000, -33.21878702995829968, 16.00000000000083134 ) ) ;
#1558 = CARTESIAN_POINT ( 'NONE',  ( -55.19025585567874259, -41.52820940472630440, 1.000000000000000444 ) ) ;
#1559 = DIRECTION ( 'NONE',  ( 0.000000000000000000, -0.8798963622018145525, -0.4751656466791481792 ) ) ;
#1560 = AXIS2_PLACEMENT_3D ( 'NONE', #3931, #5323, #6151 ) ;
#1561 = EDGE_CURVE ( 'NONE', #8035, #6633, #5216, .T. ) ;
#1562 = ADVANCED_FACE ( 'NONE', ( #1453 ), #4481, .T. ) ;
#1563 = ORIENTED_EDGE ( 'NONE', *, *, #1732, .T. ) ;
#1564 = EDGE_LOOP ( 'NONE', ( #1474, #9571, #1736, #4923 ) ) ;
#1565 = EDGE_CURVE ( 'NONE', #637, #9274, #4279, .T. ) ;
#1566 = VERTEX_POINT ( 'NONE', #4526 ) ;
#1567 = CARTESIAN_POINT ( 'NONE',  ( -80.00000000000000000, 1.662686369618629601E-15, 0.000000000000000000 ) ) ;
#1568 = VECTOR ( 'NONE', #745, 1000.000000000000114 ) ;
#1569 = CARTESIAN_POINT ( 'NONE',  ( 81.24135205838254592, -25.07432510311681284, 54.96701774358157166 ) ) ;
#1570 = CARTESIAN_POINT ( 'NONE',  ( 33.32232879672930892, 6.781541068937156247, 31.00000000000041567 ) ) ;
#1571 = DIRECTION ( 'NONE',  ( -1.000000000000000000, -0.000000000000000000, -0.000000000000000000 ) ) ;
#1572 = LINE ( 'NONE', #6169, #38 ) ;
#1573 = EDGE_CURVE ( 'NONE', #1289, #8797, #1550, .T. ) ;
#1574 = AXIS2_PLACEMENT_3D ( 'NONE', #6529, #5896, #643 ) ;
#1575 = ORIENTED_EDGE ( 'NONE', *, *, #7171, .T. ) ;
#1576 = EDGE_CURVE ( 'NONE', #5133, #2124, #7331, .T. ) ;
#1577 = ORIENTED_EDGE ( 'NONE', *, *, #2835, .T. ) ;
#1578 = LINE ( 'NONE', #4009, #560 ) ;
#1579 = CARTESIAN_POINT ( 'NONE',  ( 17.00000000000000000, -57.99843505709356606, 1.041300569779510354 ) ) ;
#1580 = VECTOR ( 'NONE', #6084, 1000.000000000000000 ) ;
#1582 = VERTEX_POINT ( 'NONE', #2447 ) ;
#1581 = DIRECTION ( 'NONE',  ( -0.000000000000000000, -0.000000000000000000, -1.000000000000000000 ) ) ;
#1583 = FACE_BOUND ( 'NONE', #4853, .T. ) ;
#1584 = CARTESIAN_POINT ( 'NONE',  ( 20.00000000000000000, -13.50316469948729292, 21.00000000000062528 ) ) ;
#1585 = CARTESIAN_POINT ( 'NONE',  ( 33.32232879672930892, 51.04086075701062697, 28.37678982146483264 ) ) ;
#1586 = DIRECTION ( 'NONE',  ( 0.000000000000000000, 0.02844266007110328107, 0.9995954257038591750 ) ) ;
#1587 = AXIS2_PLACEMENT_3D ( 'NONE', #4447, #7454, #683 ) ;
#1588 =( BOUNDED_CURVE ( )  B_SPLINE_CURVE ( 3, ( #7876, #7930, #2545, #7975 ),
 .UNSPECIFIED., .F., .F. ) 
 B_SPLINE_CURVE_WITH_KNOTS ( ( 4, 4 ),
 ( 0.000000000000000000, 3.141592653589793116 ),
 .UNSPECIFIED. ) 
 CURVE ( )  GEOMETRIC_REPRESENTATION_ITEM ( )  RATIONAL_B_SPLINE_CURVE ( ( 1.000000000000000000, 0.3333333333333333703, 0.3333333333333333703, 1.000000000000000000 ) ) 
 REPRESENTATION_ITEM ( '' )  );
#1589 = EDGE_LOOP ( 'NONE', ( #7148, #1853, #1974, #9446 ) ) ;
#1590 = DIRECTION ( 'NONE',  ( 0.000000000000000000, 0.8798963622018148856, 0.4751656466791474576 ) ) ;
#1591 = EDGE_LOOP ( 'NONE', ( #9309, #2168, #1015, #4973 ) ) ;
#1592 = DIRECTION ( 'NONE',  ( 0.000000000000000000, -0.8798963622018147746, -0.4751656466791477906 ) ) ;
#1593 = VECTOR ( 'NONE', #4631, 1000.000000000000227 ) ;
#1594 = CARTESIAN_POINT ( 'NONE',  ( -62.77698087526563597, -49.42811238540453189, 82.13149280549372122 ) ) ;
#1595 = DIRECTION ( 'NONE',  ( 0.6482907665127506380, 0.6482907665127398689, -0.3992970875283646248 ) ) ;
#1596 = DIRECTION ( 'NONE',  ( -1.000000000000000000, -0.000000000000000000, -0.000000000000000000 ) ) ;
#1597 = CARTESIAN_POINT ( 'NONE',  ( -73.46356327046051149, -21.35163543275408671, 1.079913260202024938 ) ) ;
#1598 = VECTOR ( 'NONE', #7277, 1000.000000000000114 ) ;
#1599 = ORIENTED_EDGE ( 'NONE', *, *, #3703, .F. ) ;
#1600 = FACE_OUTER_BOUND ( 'NONE', #5204, .T. ) ;
#1601 = VERTEX_POINT ( 'NONE', #9227 ) ;
#1602 = CARTESIAN_POINT ( 'NONE',  ( 20.00000000000000000, -37.62004947862467930, 58.62321017853599869 ) ) ;
#1603 = ORIENTED_EDGE ( 'NONE', *, *, #5962, .F. ) ;
#1604 = PLANE ( 'NONE',  #3482 ) ;
#1605 = FACE_OUTER_BOUND ( 'NONE', #4052, .T. ) ;
#1606 = CARTESIAN_POINT ( 'NONE',  ( 18.76336675015617317, 66.63176407810883006, 81.33568367835316337 ) ) ;
#1607 = AXIS2_PLACEMENT_3D ( 'NONE', #5421, #1656, #6938 ) ;
#1608 = CARTESIAN_POINT ( 'NONE',  ( 33.32232879672930892, 42.38060671916623789, 73.62321017853516025 ) ) ;
#1609 = DIRECTION ( 'NONE',  ( 0.000000000000000000, -0.8514537021307111431, 0.5244297790247101076 ) ) ;
#1610 = VECTOR ( 'NONE', #2512, 1000.000000000000114 ) ;
#1611 = CARTESIAN_POINT ( 'NONE',  ( -78.09954670675998045, -9.012958101302045222, 1.000000000000000222 ) ) ;
#1612 = LINE ( 'NONE', #4035, #7905 ) ;
#1613 = PRODUCT_DEFINITION_FORMATION_WITH_SPECIFIED_SOURCE ( '浠', '', #2152, .NOT_KNOWN. ) ;
#1614 = EDGE_CURVE ( 'NONE', #2880, #161, #9084, .T. ) ;
#1615 = ORIENTED_EDGE ( 'NONE', *, *, #7971, .F. ) ;
#1616 = VERTEX_POINT ( 'NONE', #859 ) ;
#1617 = VERTEX_POINT ( 'NONE', #6794 ) ;
#1618 = DIRECTION ( 'NONE',  ( 0.000000000000000000, 0.9999999996565578364, -2.620847431606588592E-05 ) ) ;
#1619 = VECTOR ( 'NONE', #9763, 1000.000000000000227 ) ;
#1620 = B_SPLINE_CURVE_WITH_KNOTS ( 'NONE', 3,
 ( #1693, #9022, #101, #4619 ),
 .UNSPECIFIED., .F., .F.,
 ( 4, 4 ),
 ( 1.387778780781445676E-17, 0.003045754043200297849 ),
 .UNSPECIFIED. ) ;
#1621 = EDGE_CURVE ( 'NONE', #5726, #3709, #7638, .T. ) ;
#1622 = EDGE_CURVE ( 'NONE', #7179, #9141, #8380, .T. ) ;
#1623 = VECTOR ( 'NONE', #5120, 1000.000000000000000 ) ;
#1624 = CARTESIAN_POINT ( 'NONE',  ( 73.03847030440473986, -21.92736133115387531, 0.5878176859159608414 ) ) ;
#1625 = CARTESIAN_POINT ( 'NONE',  ( -77.11323735009969482, 23.55403881402052235, 27.77733237935542476 ) ) ;
#1626 = CARTESIAN_POINT ( 'NONE',  ( -3.051314403310810164, 67.01526171263746789, 82.11042119462445044 ) ) ;
#1627 = ADVANCED_FACE ( 'NONE', ( #9029 ), #2251, .F. ) ;
#1628 = CARTESIAN_POINT ( 'NONE',  ( 0.000000000000000000, 0.000000000000000000, 82.00000000000000000 ) ) ;
#1629 = CIRCLE ( 'NONE', #3682, 1.399999999999998579 ) ;
#1630 = EDGE_LOOP ( 'NONE', ( #1450, #2814, #7012, #7515 ) ) ;
#1631 = ORIENTED_EDGE ( 'NONE', *, *, #5746, .T. ) ;
#1632 = CYLINDRICAL_SURFACE ( 'NONE', #2938, 1.400000000000000133 ) ;
#1633 = LINE ( 'NONE', #1579, #2675 ) ;
#1634 = VECTOR ( 'NONE', #9257, 1000.000000000000000 ) ;
#1635 = ADVANCED_FACE ( 'NONE', ( #3190 ), #3093, .F. ) ;
#1637 = ORIENTED_EDGE ( 'NONE', *, *, #3813, .T. ) ;
#1636 = CARTESIAN_POINT ( 'NONE',  ( 17.00000000000000000, 50.89858989752226393, 53.37678982146483264 ) ) ;
#1638 = FACE_BOUND ( 'NONE', #4351, .T. ) ;
#1639 = DIRECTION ( 'NONE',  ( 0.000000000000000000, -0.8514537021307111431, 0.5244297790247101076 ) ) ;
#1640 = CARTESIAN_POINT ( 'NONE',  ( 4.482924425263299817, 58.00190211734720691, 1.000000000000000000 ) ) ;
#1641 = EDGE_CURVE ( 'NONE', #1348, #1673, #2347, .T. ) ;
#1642 = EDGE_CURVE ( 'NONE', #8953, #2124, #631, .T. ) ;
#1643 = DIRECTION ( 'NONE',  ( -1.000000000000000000, 0.000000000000000000, 0.000000000000000000 ) ) ;
#1644 = VERTEX_POINT ( 'NONE', #8283 ) ;
#1645 = CARTESIAN_POINT ( 'NONE',  ( -8.000000000000000000, 45.00000000000000000, 1.038601137938794494 ) ) ;
#1646 = ORIENTED_EDGE ( 'NONE', *, *, #5794, .T. ) ;
#1647 = CARTESIAN_POINT ( 'NONE',  ( -3.000000000000000000, 42.50000000000000000, 25.03860113793880160 ) ) ;
#1648 = CARTESIAN_POINT ( 'NONE',  ( -2.681565617481346031, -67.07601084957637738, 82.11034905102414427 ) ) ;
#1649 = DIRECTION ( 'NONE',  ( 0.000000000000000000, 0.000000000000000000, 1.000000000000000000 ) ) ;
#1650 = LINE ( 'NONE', #4710, #3996 ) ;
#1651 = LINE ( 'NONE', #898, #6795 ) ;
#1652 = VECTOR ( 'NONE', #2050, 999.9999999999998863 ) ;
#1653 = VERTEX_POINT ( 'NONE', #63 ) ;
#1654 = CARTESIAN_POINT ( 'NONE',  ( 20.00000000000000000, -53.21895107940602543, 46.00000000000103739 ) ) ;
#1655 = ORIENTED_EDGE ( 'NONE', *, *, #1193, .F. ) ;
#1656 = DIRECTION ( 'NONE',  ( -1.000000000000000000, 0.000000000000000000, 0.000000000000000000 ) ) ;
#1657 = ORIENTED_EDGE ( 'NONE', *, *, #942, .T. ) ;
#1658 = DIRECTION ( 'NONE',  ( 0.000000000000000000, 2.312964634635742957E-16, 1.000000000000000000 ) ) ;
#1659 = CYLINDRICAL_SURFACE ( 'NONE', #9145, 1.399999999999998579 ) ;
#1660 = LINE ( 'NONE', #2352, #3336 ) ;
#1661 = DIRECTION ( 'NONE',  ( 0.000000000000000000, 0.000000000000000000, 1.000000000000000000 ) ) ;
#1662 = CARTESIAN_POINT ( 'NONE',  ( 20.00000000000000000, -28.95979544078028667, 28.37678982146566753 ) ) ;
#1663 = CARTESIAN_POINT ( 'NONE',  ( -75.00000000000000000, 0.000000000000000000, 1.000000000000000000 ) ) ;
#1664 = LINE ( 'NONE', #168, #7259 ) ;
#1665 = ORIENTED_EDGE ( 'NONE', *, *, #9485, .F. ) ;
#1666 = ORIENTED_EDGE ( 'NONE', *, *, #5362, .F. ) ;
#1667 = EDGE_LOOP ( 'NONE', ( #4452, #4007, #5839, #2022, #2928 ) ) ;
#1668 = CARTESIAN_POINT ( 'NONE',  ( 20.00000000000000000, -8.959631391332560924, 28.37678982146546147 ) ) ;
#1669 = CARTESIAN_POINT ( 'NONE',  ( 88.27261217893398282, -21.15068727012204164, 82.16145909086297650 ) ) ;
#1670 = CARTESIAN_POINT ( 'NONE',  ( -78.78261937165039797, -4.114776895603689866, 0.5996236312355874842 ) ) ;
#1671 = CARTESIAN_POINT ( 'NONE',  ( -16.57187806445375600, 56.64990455478225329, 0.5480708753774832243 ) ) ;
#1672 = LINE ( 'NONE', #5288, #3842 ) ;
#1673 = VERTEX_POINT ( 'NONE', #1602 ) ;
#1674 = ORIENTED_EDGE ( 'NONE', *, *, #461, .F. ) ;
#1675 = LINE ( 'NONE', #2470, #1677 ) ;
#1676 = EDGE_CURVE ( 'NONE', #7987, #2204, #6893, .T. ) ;
#1677 = VECTOR ( 'NONE', #82, 1000.000000000000114 ) ;
#1678 = DIRECTION ( 'NONE',  ( 0.000000000000000000, -0.02844266007110327760, -0.9995954257038591750 ) ) ;
#1680 = VERTEX_POINT ( 'NONE', #108 ) ;
#1679 = FACE_OUTER_BOUND ( 'NONE', #5070, .T. ) ;
#1681 = LINE ( 'NONE', #9209, #7718 ) ;
#1682 = CARTESIAN_POINT ( 'NONE',  ( 17.00000000000000000, -28.95979544078028312, 13.37678982146566753 ) ) ;
#1683 = CARTESIAN_POINT ( 'NONE',  ( -73.84854764560461149, 20.61537495384097696, 1.000000000000000000 ) ) ;
#1684 = DIRECTION ( 'NONE',  ( 0.000000000000000000, -0.02844266007110470701, -0.9995954257038591750 ) ) ;
#1685 = EDGE_CURVE ( 'NONE', #1348, #538, #6005, .T. ) ;
#1686 = EDGE_CURVE ( 'NONE', #1709, #3509, #184, .T. ) ;
#1687 = EDGE_CURVE ( 'NONE', #4039, #2091, #3837, .T. ) ;
#1688 = ORIENTED_EDGE ( 'NONE', *, *, #4541, .T. ) ;
#1689 = CARTESIAN_POINT ( 'NONE',  ( 33.32232879672930892, 10.89826179862681066, 68.37678982146525186 ) ) ;
#1690 = ORIENTED_EDGE ( 'NONE', *, *, #9128, .F. ) ;
#1691 = DIRECTION ( 'NONE',  ( 0.000000000000000000, -0.8798963622018148856, -0.4751656466791477906 ) ) ;
#1692 = CARTESIAN_POINT ( 'NONE',  ( 7.142392551709931148, -66.80804184088655973, 82.11066531223976028 ) ) ;
#1693 = CARTESIAN_POINT ( 'NONE',  ( 17.00000000000000000, -57.65722922115872251, 1.041291627295119815 ) ) ;
#1694 = LINE ( 'NONE', #3830, #2414 ) ;
#1695 = CARTESIAN_POINT ( 'NONE',  ( -77.09028983819304415, -12.91796546119647360, 1.083593830715890549 ) ) ;
#1696 = ORIENTED_EDGE ( 'NONE', *, *, #7357, .T. ) ;
#1697 = CARTESIAN_POINT ( 'NONE',  ( 11.99999999999994138, 45.00000000000000000, 6.922238168870616271 ) ) ;
#1698 = ORIENTED_EDGE ( 'NONE', *, *, #2781, .F. ) ;
#1699 = CARTESIAN_POINT ( 'NONE',  ( 33.32232879672930892, -37.62004947862467930, 73.62321017853599869 ) ) ;
#1700 = ORIENTED_EDGE ( 'NONE', *, *, #6043, .F. ) ;
#1701 = PLANE ( 'NONE',  #2388 ) ;
#1702 = CARTESIAN_POINT ( 'NONE',  ( 17.00000000000000000, -9.101902250820922191, 23.37678982146546147 ) ) ;
#1703 = LINE ( 'NONE', #2255, #646 ) ;
#1704 = PLANE ( 'NONE',  #3962 ) ;
#1705 = DIRECTION ( 'NONE',  ( 0.000000000000000000, -0.02844266007110470701, -0.9995954257038591750 ) ) ;
#1706 = CARTESIAN_POINT ( 'NONE',  ( -73.32064433681586024, -21.68847301697635643, 1.000000000000000222 ) ) ;
#1707 = FACE_OUTER_BOUND ( 'NONE', #382, .T. ) ;
#1708 = AXIS2_PLACEMENT_3D ( 'NONE', #5768, #8499, #1255 ) ;
#1709 = VERTEX_POINT ( 'NONE', #7684 ) ;
#1710 = ORIENTED_EDGE ( 'NONE', *, *, #2658, .T. ) ;
#1711 = AXIS2_PLACEMENT_3D ( 'NONE', #2647, #1018, #7098 ) ;
#1712 = VERTEX_POINT ( 'NONE', #757 ) ;
#1713 = DIRECTION ( 'NONE',  ( 0.000000000000000000, 0.8514537021307104769, -0.5244297790247111068 ) ) ;
#1714 = ORIENTED_EDGE ( 'NONE', *, *, #2409, .T. ) ;
#1715 = CARTESIAN_POINT ( 'NONE',  ( 73.31949016646821349, -21.42328227987211164, 0.5883338338743803186 ) ) ;
#1716 = VECTOR ( 'NONE', #6942, 1000.000000000000114 ) ;
#1717 = CARTESIAN_POINT ( 'NONE',  ( -85.76372397034498363, 25.91944168421708383, 82.15735491628714726 ) ) ;
#1718 = CARTESIAN_POINT ( 'NONE',  ( 33.32232879672930892, 42.38060671916623789, 13.62321017853516736 ) ) ;
#1719 = CARTESIAN_POINT ( 'NONE',  ( -13.88927512580358581, 57.07345172934395094, 0.5474750064361102453 ) ) ;
#1720 = FACE_OUTER_BOUND ( 'NONE', #8431, .T. ) ;
#1721 = VERTEX_POINT ( 'NONE', #3783 ) ;
#1722 = VECTOR ( 'NONE', #7264, 1000.000000000000000 ) ;
#1723 = ORIENTED_EDGE ( 'NONE', *, *, #1185, .T. ) ;
#1724 = DIRECTION ( 'NONE',  ( 0.000000000000000000, 0.02844266007110470701, 0.9995954257038591750 ) ) ;
#1725 = CARTESIAN_POINT ( 'NONE',  ( 20.00000000000000000, 42.23833585967788196, 8.623210178535167358 ) ) ;
#1726 = CARTESIAN_POINT ( 'NONE',  ( 33.32232879672930892, -53.21895107940603964, 16.00000000000104095 ) ) ;
#1727 = FACE_OUTER_BOUND ( 'NONE', #2962, .T. ) ;
#1728 = DIRECTION ( 'NONE',  ( -1.000000000000000000, -0.000000000000000000, -0.000000000000000000 ) ) ;
#1729 = CARTESIAN_POINT ( 'NONE',  ( -77.05326426025078490, 12.79867789800659850, 0.9999999999999997780 ) ) ;
#1730 = AXIS2_PLACEMENT_3D ( 'NONE', #2584, #4118, #7776 ) ;
#1731 = CARTESIAN_POINT ( 'NONE',  ( 17.00000000000000000, -37.00000000000000711, 1.040619190461828936 ) ) ;
#1732 = EDGE_CURVE ( 'NONE', #7393, #5085, #3928, .T. ) ;
#1733 = VECTOR ( 'NONE', #8389, 1000.000000000000114 ) ;
#1734 = ORIENTED_EDGE ( 'NONE', *, *, #476, .T. ) ;
#1735 = DIRECTION ( 'NONE',  ( -1.000000000000000000, -0.000000000000000000, -0.000000000000000000 ) ) ;
#1736 = ORIENTED_EDGE ( 'NONE', *, *, #4394, .F. ) ;
#1737 = LINE ( 'NONE', #6235, #2828 ) ;
#1738 = ADVANCED_FACE ( 'NONE', ( #2299 ), #5319, .F. ) ;
#1739 = EDGE_CURVE ( 'NONE', #685, #1454, #9275, .T. ) ;
#1740 = DIRECTION ( 'NONE',  ( -0.000000000000000000, 0.5244297790247107738, 0.8514537021307106990 ) ) ;
#1741 = CARTESIAN_POINT ( 'NONE',  ( -74.99999999999998579, -109.9999999999999858, 0.000000000000000000 ) ) ;
#1742 = CARTESIAN_POINT ( 'NONE',  ( -8.000000000000000000, 40.00000000000000000, 1.038601137938802266 ) ) ;
#1743 = CARTESIAN_POINT ( 'NONE',  ( -71.50852507658630941, -24.76021609545001922, 1.078106318558225141 ) ) ;
#1744 = VECTOR ( 'NONE', #9271, 1000.000000000000114 ) ;
#1745 = EDGE_CURVE ( 'NONE', #280, #1093, #5515, .T. ) ;
#1746 = ORIENTED_EDGE ( 'NONE', *, *, #9725, .F. ) ;
#1747 = DIRECTION ( 'NONE',  ( -1.000000000000000000, -0.000000000000000000, -0.000000000000000000 ) ) ;
#1748 = VERTEX_POINT ( 'NONE', #1947 ) ;
#1749 = FACE_OUTER_BOUND ( 'NONE', #319, .T. ) ;
#1750 = VECTOR ( 'NONE', #4132, 1000.000000000000114 ) ;
#1751 = ORIENTED_EDGE ( 'NONE', *, *, #4425, .F. ) ;
#1752 = CARTESIAN_POINT ( 'NONE',  ( 17.00000000000000000, -17.76215628866530949, 8.623210178535790860 ) ) ;
#1753 = CARTESIAN_POINT ( 'NONE',  ( 20.00000000000000000, 50.89858989752226393, 23.37678982146483619 ) ) ;
#1754 = CARTESIAN_POINT ( 'NONE',  ( 33.32232879672930892, 6.496999349960439041, 66.00000000000042633 ) ) ;
#1755 = ORIENTED_EDGE ( 'NONE', *, *, #5327, .T. ) ;
#1756 = EDGE_CURVE ( 'NONE', #1189, #8902, #1588, .T. ) ;
#1757 = FACE_OUTER_BOUND ( 'NONE', #4064, .T. ) ;
#1758 = CARTESIAN_POINT ( 'NONE',  ( 48.30676547813678923, 46.03917986566963805, 1.086298991543278358 ) ) ;
#1759 = CARTESIAN_POINT ( 'NONE',  ( 2.248828039154718628, -57.99990169161610254, 0.9999999999999997780 ) ) ;
#1760 = CARTESIAN_POINT ( 'NONE',  ( 20.00000000000000000, 46.78186916783261040, 61.00000000000000000 ) ) ;
#1761 = EDGE_CURVE ( 'NONE', #7164, #8851, #2655, .T. ) ;
#1762 = VECTOR ( 'NONE', #9154, 1000.000000000000114 ) ;
#1763 = ORIENTED_EDGE ( 'NONE', *, *, #4273, .F. ) ;
#1764 = EDGE_LOOP ( 'NONE', ( #1515, #3397, #9747, #5005 ) ) ;
#1765 = ORIENTED_EDGE ( 'NONE', *, *, #6426, .F. ) ;
#1766 = DIRECTION ( 'NONE',  ( -1.000000000000000000, 0.000000000000000000, 0.000000000000000000 ) ) ;
#1767 = ORIENTED_EDGE ( 'NONE', *, *, #7118, .F. ) ;
#1768 = VECTOR ( 'NONE', #9491, 1000.000000000000000 ) ;
#1769 = CARTESIAN_POINT ( 'NONE',  ( 85.55588403852324575, -26.27312426885532304, 82.15702956774566701 ) ) ;
#1770 = CARTESIAN_POINT ( 'NONE',  ( 75.00000000000000000, 109.9999999999999858, 0.000000000000000000 ) ) ;
#1771 = DIRECTION ( 'NONE',  ( 0.000000000000000000, -1.000000000000000000, 0.000000000000000000 ) ) ;
#1772 = CARTESIAN_POINT ( 'NONE',  ( -14.69532044186272657, 60.05169961117147892, 27.73551704235094206 ) ) ;
#1773 = LINE ( 'NONE', #4794, #5735 ) ;
#1774 = VECTOR ( 'NONE', #4635, 999.9999999999998863 ) ;
#1775 = ORIENTED_EDGE ( 'NONE', *, *, #3205, .T. ) ;
#1776 = ORIENTED_EDGE ( 'NONE', *, *, #2365, .F. ) ;
#1777 = DIRECTION ( 'NONE',  ( -1.000000000000000000, -0.000000000000000000, -0.000000000000000000 ) ) ;
#1778 = VECTOR ( 'NONE', #2249, 1000.000000000000114 ) ;
#1779 = LINE ( 'NONE', #9299, #118 ) ;
#1780 = DIRECTION ( 'NONE',  ( 0.000000000000000000, -0.8514537021307114761, 0.5244297790247095525 ) ) ;
#1781 = CARTESIAN_POINT ( 'NONE',  ( 17.00000000000000000, -48.95995949022800886, 13.37678982146587714 ) ) ;
#1782 = LINE ( 'NONE', #4697, #5433 ) ;
#1783 = VECTOR ( 'NONE', #2083, 1000.000000000000000 ) ;
#1784 = CARTESIAN_POINT ( 'NONE',  ( -78.29013044633762775, 7.832390115987292845, 0.9999999999999997780 ) ) ;
#1785 = PLANE ( 'NONE',  #5891 ) ;
#1786 = VECTOR ( 'NONE', #4109, 1000.000000000000000 ) ;
#1787 = ORIENTED_EDGE ( 'NONE', *, *, #9067, .F. ) ;
#1788 = CARTESIAN_POINT ( 'NONE',  ( 17.00000000000000000, -9.101902250820922191, 53.37678982146545792 ) ) ;
#1789 = ADVANCED_FACE ( 'NONE', ( #9373 ), #2592, .F. ) ;
#1790 = EDGE_LOOP ( 'NONE', ( #7989, #6199, #4186, #3275 ) ) ;
#1791 = DIRECTION ( 'NONE',  ( 0.000000000000000000, -0.02844266007110470701, -0.9995954257038591750 ) ) ;
#1792 = CARTESIAN_POINT ( 'NONE',  ( 11.40476966670639314, -63.53687291950743798, 54.92086335715567458 ) ) ;
#1793 = LINE ( 'NONE', #5604, #971 ) ;
#1794 = CARTESIAN_POINT ( 'NONE',  ( -3.000000000000000000, -34.50000000000021316, 27.44061919046188436 ) ) ;
#1795 = ORIENTED_EDGE ( 'NONE', *, *, #1938, .T. ) ;
#1796 = DIRECTION ( 'NONE',  ( -1.000000000000000000, -0.000000000000000000, -0.000000000000000000 ) ) ;
#1797 = VERTEX_POINT ( 'NONE', #2633 ) ;
#1798 = DIRECTION ( 'NONE',  ( 0.000000000000000000, -0.8798963622018149966, -0.4751656466791475131 ) ) ;
#1799 = ADVANCED_FACE ( 'NONE', ( #7178 ), #1096, .F. ) ;
#1800 = ORIENTED_EDGE ( 'NONE', *, *, #2826, .T. ) ;
#1801 = DIRECTION ( 'NONE',  ( 0.000000000000000000, 0.02844266007110327760, 0.9995954257038591750 ) ) ;
#1802 = DIRECTION ( 'NONE',  ( 0.000000000000000000, 0.8514537021307104769, -0.5244297790247111068 ) ) ;
#1803 = CARTESIAN_POINT ( 'NONE',  ( 20.00000000000000000, -49.10223034971637190, 53.37678982146587714 ) ) ;
#1804 = CARTESIAN_POINT ( 'NONE',  ( -86.61694303722084953, 26.41669077093291662, 82.00000000000000000 ) ) ;
#1805 = CARTESIAN_POINT ( 'NONE',  ( 48.30676547813678923, 46.03917986566963805, 0.9999999999999997780 ) ) ;
#1806 = DIRECTION ( 'NONE',  ( -0.000000000000000000, -0.8514537021307109210, 0.5244297790247105517 ) ) ;
#1807 = CARTESIAN_POINT ( 'NONE',  ( 33.32232879672930892, 2.238007760782423361, 23.62321017853557947 ) ) ;
#1808 = ADVANCED_FACE ( 'NONE', ( #1749 ), #3669, .F. ) ;
#1809 = EDGE_CURVE ( 'NONE', #5663, #9537, #1047, .T. ) ;
#1810 = ADVANCED_FACE ( 'NONE', ( #5566 ), #3383, .T. ) ;
#1811 = VERTEX_POINT ( 'NONE', #8578 ) ;
#1812 = ORIENTED_EDGE ( 'NONE', *, *, #7485, .F. ) ;
#1813 = EDGE_LOOP ( 'NONE', ( #8720, #5282, #8640, #8282 ) ) ;
#1814 = CARTESIAN_POINT ( 'NONE',  ( 20.00000000000000000, -53.50349279838275862, 6.000000000001043610 ) ) ;
#1815 = EDGE_CURVE ( 'NONE', #6566, #3119, #6514, .T. ) ;
#1816 = ORIENTED_EDGE ( 'NONE', *, *, #9080, .T. ) ;
#1817 = CARTESIAN_POINT ( 'NONE',  ( 85.75373512187398717, 15.78543771463719914, 54.97492460434625627 ) ) ;
#1818 = CARTESIAN_POINT ( 'NONE',  ( -79.60760889823528430, 18.63410922455218710, 27.78184780518513008 ) ) ;
#1819 = LINE ( 'NONE', #6450, #3663 ) ;
#1820 = CARTESIAN_POINT ( 'NONE',  ( -37.25494920983791758, 61.39051685028966432, 82.11709935999054721 ) ) ;
#1821 = EDGE_CURVE ( 'NONE', #2115, #7693, #3616, .T. ) ;
#1822 = ORIENTED_EDGE ( 'NONE', *, *, #4217, .T. ) ;
#1823 = ORIENTED_EDGE ( 'NONE', *, *, #294, .T. ) ;
#1824 = CARTESIAN_POINT ( 'NONE',  ( 64.87754126754647643, -33.08814899190909387, 1.072931357855727574 ) ) ;
#1825 = CARTESIAN_POINT ( 'NONE',  ( 39.17671194154972625, -57.37095753772882034, 54.92860957772256825 ) ) ;
#1826 = DIRECTION ( 'NONE',  ( -1.000000000000000000, -0.000000000000000000, -0.000000000000000000 ) ) ;
#1827 = CARTESIAN_POINT ( 'NONE',  ( 17.00000000000000000, 45.00000000000000000, 21.92223816887061005 ) ) ;
#1828 = CARTESIAN_POINT ( 'NONE',  ( -28.84777426830531155, 54.01678602269399931, 1.000000000000000000 ) ) ;
#1829 = DIRECTION ( 'NONE',  ( 0.000000000000000000, -0.8798963622018149966, -0.4751656466791475131 ) ) ;
#1830 = VERTEX_POINT ( 'NONE', #7219 ) ;
#1831 = VECTOR ( 'NONE', #9296, 1000.000000000000114 ) ;
#1832 = EDGE_LOOP ( 'NONE', ( #4504, #8796, #1234, #5102, #2643, #1300 ) ) ;
#1833 = CARTESIAN_POINT ( 'NONE',  ( 17.00000000000000000, 45.00000000000000000, 6.922238168870615382 ) ) ;
#1834 = ORIENTED_EDGE ( 'NONE', *, *, #6323, .F. ) ;
#1835 = CARTESIAN_POINT ( 'NONE',  ( -94.00000000000000000, -46.48830957259829688, 81.00000000000000000 ) ) ;
#1836 = DIRECTION ( 'NONE',  ( -1.000000000000000000, -0.000000000000000000, -0.000000000000000000 ) ) ;
#1837 = DIRECTION ( 'NONE',  ( 0.000000000000000000, 0.02844266007110470701, 0.9995954257038591750 ) ) ;
#1838 = VECTOR ( 'NONE', #5135, 1000.000000000000114 ) ;
#1839 = LINE ( 'NONE', #1794, #5416 ) ;
#1840 = ORIENTED_EDGE ( 'NONE', *, *, #8018, .F. ) ;
#1841 = LINE ( 'NONE', #8619, #4303 ) ;
#1842 = VERTEX_POINT ( 'NONE', #9513 ) ;
#1843 = CARTESIAN_POINT ( 'NONE',  ( 20.00000000000000000, 11.04053265811517193, 58.37678982146525186 ) ) ;
#1844 = VERTEX_POINT ( 'NONE', #550 ) ;
#1845 = DIRECTION ( 'NONE',  ( -1.000000000000000000, 0.000000000000000000, 0.000000000000000000 ) ) ;
#1846 = DIRECTION ( 'NONE',  ( 0.000000000000000000, 0.8514537021307109210, -0.5244297790247105517 ) ) ;
#1847 = LINE ( 'NONE', #1803, #4443 ) ;
#1848 = DIRECTION ( 'NONE',  ( 0.000000000000000000, 0.4751656466791477906, -0.8798963622018148856 ) ) ;
#1849 = CARTESIAN_POINT ( 'NONE',  ( 52.32292122671491086, 43.60790553520858026, 1.000000000000000000 ) ) ;
#1850 = CARTESIAN_POINT ( 'NONE',  ( 8.995810518798970534, -57.62833042481710777, 1.000000000000000000 ) ) ;
#1851 = DIRECTION ( 'NONE',  ( 0.000000000000000000, 0.8514537021307104769, -0.5244297790247111068 ) ) ;
#1852 = ADVANCED_FACE ( 'NONE', ( #6534 ), #7020, .F. ) ;
#1853 = ORIENTED_EDGE ( 'NONE', *, *, #2893, .T. ) ;
#1854 = EDGE_LOOP ( 'NONE', ( #5954, #7647, #5601, #4500, #1891, #4491, #2394, #7299, #4364, #4926 ) ) ;
#1855 = ORIENTED_EDGE ( 'NONE', *, *, #6142, .T. ) ;
#1856 = LINE ( 'NONE', #4786, #444 ) ;
#1857 = EDGE_LOOP ( 'NONE', ( #1068, #3350, #2544, #51 ) ) ;
#1858 = CARTESIAN_POINT ( 'NONE',  ( 70.39402568171982466, 26.24532264049727459, 0.5831548685602371274 ) ) ;
#1859 = CARTESIAN_POINT ( 'NONE',  ( -73.42523000331307514, -21.22037855114132299, 0.5885296569160859415 ) ) ;
#1860 = ADVANCED_FACE ( 'NONE', ( #449 ), #8766, .F. ) ;
#1861 = EDGE_CURVE ( 'NONE', #270, #5663, #7271, .T. ) ;
#1862 = CARTESIAN_POINT ( 'NONE',  ( 33.32232879672930892, -33.21878702995829968, 61.00000000000083134 ) ) ;
#1863 = CARTESIAN_POINT ( 'NONE',  ( -47.53863283723070765, 53.94705592853946285, 54.93501354419142757 ) ) ;
#1864 = VECTOR ( 'NONE', #3557, 1000.000000000000114 ) ;
#1865 = EDGE_CURVE ( 'NONE', #3514, #7965, #4660, .T. ) ;
#1866 = VERTEX_POINT ( 'NONE', #5303 ) ;
#1867 = EDGE_LOOP ( 'NONE', ( #9071, #492, #3676, #5924 ) ) ;
#1868 = CARTESIAN_POINT ( 'NONE',  ( 33.32232879672930892, 30.89842584807453818, 8.376789821465044028 ) ) ;
#1869 = VECTOR ( 'NONE', #5424, 999.9999999999998863 ) ;
#1870 = DIRECTION ( 'NONE',  ( 0.000000000000000000, 2.312964634635743450E-16, 1.000000000000000000 ) ) ;
#1871 = DIRECTION ( 'NONE',  ( 0.000000000000000000, 1.000000000000000000, -2.312964634635743450E-16 ) ) ;
#1872 = PLANE ( 'NONE',  #8717 ) ;
#1873 = ADVANCED_FACE ( 'NONE', ( #7672 ), #4511, .F. ) ;
#1874 = CARTESIAN_POINT ( 'NONE',  ( 33.32232879672930892, -8.959631391332559147, 73.37678982146546502 ) ) ;
#1875 = LINE ( 'NONE', #9406, #9215 ) ;
#1876 = VECTOR ( 'NONE', #9655, 1000.000000000000000 ) ;
#1877 = EDGE_CURVE ( 'NONE', #8464, #6409, #3721, .T. ) ;
#1878 = ORIENTED_EDGE ( 'NONE', *, *, #7969, .T. ) ;
#1879 = VERTEX_POINT ( 'NONE', #7473 ) ;
#1880 = DIRECTION ( 'NONE',  ( -0.000000000000000000, 0.5244297790247101076, 0.8514537021307111431 ) ) ;
#1881 = VECTOR ( 'NONE', #6956, 1000.000000000000114 ) ;
#1882 = VERTEX_POINT ( 'NONE', #2437 ) ;
#1883 = CARTESIAN_POINT ( 'NONE',  ( 17.00000000000000000, -53.50349279838276573, 21.00000000000104095 ) ) ;
#1884 = PLANE ( 'NONE',  #1730 ) ;
#1885 = CARTESIAN_POINT ( 'NONE',  ( 33.32232879672930892, 46.49732744885589142, 36.00000000000000711 ) ) ;
#1886 = DIRECTION ( 'NONE',  ( -1.000000000000000000, -0.000000000000000000, -0.000000000000000000 ) ) ;
#1887 = AXIS2_PLACEMENT_3D ( 'NONE', #5173, #6706, #3638 ) ;
#1888 = CARTESIAN_POINT ( 'NONE',  ( 17.00000000000000000, 50.89858989752226393, 68.37678982146483975 ) ) ;
#1889 = ORIENTED_EDGE ( 'NONE', *, *, #8279, .T. ) ;
#1890 = CARTESIAN_POINT ( 'NONE',  ( -5.958355730615038759, -66.86836587873635551, 81.99999999999994316 ) ) ;
#1891 = ORIENTED_EDGE ( 'NONE', *, *, #3555, .F. ) ;
#1892 = PLANE ( 'NONE',  #8231 ) ;
#1893 = CARTESIAN_POINT ( 'NONE',  ( 17.00000000000000000, 46.78186916783261040, 46.00000000000000000 ) ) ;
#1894 = PLANE ( 'NONE',  #7772 ) ;
#1895 = CARTESIAN_POINT ( 'NONE',  ( 35.11047445888983276, 52.08988500107031427, 1.086298991543278580 ) ) ;
#1896 = VECTOR ( 'NONE', #2720, 1000.000000000000227 ) ;
#1897 = CARTESIAN_POINT ( 'NONE',  ( -78.49641871222689815, -7.545613759717348046, 1.000000000000000222 ) ) ;
#1898 = CARTESIAN_POINT ( 'NONE',  ( 17.00000000000000000, 2.238007760782423361, 68.62321017853557237 ) ) ;
#1899 = CIRCLE ( 'NONE', #5695, 1.399999999999998579 ) ;
#1900 = VECTOR ( 'NONE', #1458, 1000.000000000000114 ) ;
#1901 = ORIENTED_EDGE ( 'NONE', *, *, #3260, .T. ) ;
#1902 = ORIENTED_EDGE ( 'NONE', *, *, #1445, .T. ) ;
#1903 = AXIS2_PLACEMENT_3D ( 'NONE', #8285, #2991, #4529 ) ;
#1904 =( BOUNDED_CURVE ( )  B_SPLINE_CURVE ( 3, ( #9759, #9016, #4612, #3872 ),
 .UNSPECIFIED., .F., .F. ) 
 B_SPLINE_CURVE_WITH_KNOTS ( ( 4, 4 ),
 ( 3.141592653589793116, 5.884831358704401438 ),
 .UNSPECIFIED. ) 
 CURVE ( )  GEOMETRIC_REPRESENTATION_ITEM ( )  RATIONAL_B_SPLINE_CURVE ( ( 1.000000000000000000, 0.4652417623714857897, 0.4652417623714857897, 1.000000000000000000 ) ) 
 REPRESENTATION_ITEM ( '' )  );
#1905 = ORIENTED_EDGE ( 'NONE', *, *, #104, .T. ) ;
#1906 = CARTESIAN_POINT ( 'NONE',  ( 17.00000000000000000, 45.00000000000000000, 1.038601137938794494 ) ) ;
#1907 = ORIENTED_EDGE ( 'NONE', *, *, #9498, .T. ) ;
#1908 = CARTESIAN_POINT ( 'NONE',  ( 75.13296143252453874, 17.71163263389935949, 0.5918296291229431239 ) ) ;
#1909 = EDGE_CURVE ( 'NONE', #6718, #4757, #2385, .T. ) ;
#1910 = CARTESIAN_POINT ( 'NONE',  ( -83.69548019535557160, -20.62660918102303498, 54.97113212525839288 ) ) ;
#1911 = VECTOR ( 'NONE', #2548, 999.9999999999998863 ) ;
#1912 = DIRECTION ( 'NONE',  ( 0.000000000000000000, 0.8514537021307111431, -0.5244297790247101076 ) ) ;
#1913 = CARTESIAN_POINT ( 'NONE',  ( -67.55449046143051817, 41.30971154765720854, 54.95093765808912423 ) ) ;
#1914 = ORIENTED_EDGE ( 'NONE', *, *, #5128, .F. ) ;
#1915 = EDGE_CURVE ( 'NONE', #1253, #6671, #3913, .T. ) ;
#1916 = ORIENTED_EDGE ( 'NONE', *, *, #8689, .T. ) ;
#1917 = CARTESIAN_POINT ( 'NONE',  ( -3.000000000000000000, -34.50000000000011369, 12.44061919046182751 ) ) ;
#1918 = VECTOR ( 'NONE', #7427, 1000.000000000000000 ) ;
#1919 = EDGE_CURVE ( 'NONE', #1680, #3030, #143, .T. ) ;
#1920 = DIRECTION ( 'NONE',  ( 0.000000000000000000, 0.8798963622018151076, 0.4751656466791471800 ) ) ;
#1921 = EDGE_CURVE ( 'NONE', #8243, #5268, #3177, .T. ) ;
#1922 = CARTESIAN_POINT ( 'NONE',  ( 20.00000000000000000, 30.89842584807453818, 53.37678982146504580 ) ) ;
#1923 = LINE ( 'NONE', #5639, #6187 ) ;
#1924 = LINE ( 'NONE', #4446, #4895 ) ;
#1925 = CARTESIAN_POINT ( 'NONE',  ( -78.75914459644860699, -4.569233509663978232, 1.085500367780730002 ) ) ;
#1926 = FACE_OUTER_BOUND ( 'NONE', #8580, .T. ) ;
#1927 = VECTOR ( 'NONE', #6680, 1000.000000000000114 ) ;
#1928 = VECTOR ( 'NONE', #4222, 1000.000000000000114 ) ;
#1929 = EDGE_LOOP ( 'NONE', ( #3090, #9597, #2939, #8977 ) ) ;
#1930 = ADVANCED_FACE ( 'NONE', ( #6923 ), #6185, .F. ) ;
#1931 = EDGE_CURVE ( 'NONE', #5289, #3514, #848, .T. ) ;
#1932 = ORIENTED_EDGE ( 'NONE', *, *, #6395, .T. ) ;
#1933 = CARTESIAN_POINT ( 'NONE',  ( 33.32232879672930892, -13.21862298051057394, 46.00000000000062528 ) ) ;
#1934 = AXIS2_PLACEMENT_3D ( 'NONE', #9168, #3777, #8518 ) ;
#1935 = VERTEX_POINT ( 'NONE', #697 ) ;
#1936 = ADVANCED_FACE ( 'NONE', ( #7573 ), #6837, .F. ) ;
#1937 = CARTESIAN_POINT ( 'NONE',  ( 33.32232879672930892, 11.04053265811517193, 43.37678982146525186 ) ) ;
#1938 = EDGE_CURVE ( 'NONE', #3165, #227, #9217, .T. ) ;
#1939 = DIRECTION ( 'NONE',  ( 0.000000000000000000, 0.8514537021307105880, -0.5244297790247107738 ) ) ;
#1940 = VECTOR ( 'NONE', #1143, 1000.000000000000114 ) ;
#1941 = FACE_OUTER_BOUND ( 'NONE', #5976, .T. ) ;
#1942 = CARTESIAN_POINT ( 'NONE',  ( 17.00000000000000000, -29.10206630026864616, 8.376789821465669306 ) ) ;
#1943 = CIRCLE ( 'NONE', #3054, 1.399999999999998579 ) ;
#1944 = EDGE_CURVE ( 'NONE', #9126, #4138, #1904, .T. ) ;
#1945 = CARTESIAN_POINT ( 'NONE',  ( 19.99999999999996803, 65.42414219945767684, 81.99999999999998579 ) ) ;
#1946 = VERTEX_POINT ( 'NONE', #3771 ) ;
#1947 = CARTESIAN_POINT ( 'NONE',  ( 17.00000000000000000, -37.76232033811303523, 23.62321017853599869 ) ) ;
#1948 = ORIENTED_EDGE ( 'NONE', *, *, #3089, .T. ) ;
#1949 = PLANE ( 'NONE',  #2345 ) ;
#1950 = LINE ( 'NONE', #5114, #3665 ) ;
#1951 = CARTESIAN_POINT ( 'NONE',  ( -5.187718487321403948, 58.00000000032920155, 1.086298991543278580 ) ) ;
#1952 = CARTESIAN_POINT ( 'NONE',  ( 35.23357597268690711, -52.02357848977137422, 1.000000000000000000 ) ) ;
#1953 = DIRECTION ( 'NONE',  ( 0.000000000000000000, 0.8514537021307109210, -0.5244297790247105517 ) ) ;
#1954 = VERTEX_POINT ( 'NONE', #8367 ) ;
#1955 = CARTESIAN_POINT ( 'NONE',  ( 33.32232879672930892, 46.78186916783261040, 31.00000000000000000 ) ) ;
#1956 = ORIENTED_EDGE ( 'NONE', *, *, #8375, .T. ) ;
#1957 = CARTESIAN_POINT ( 'NONE',  ( 17.00000000000000000, 31.04069670756290122, 43.37678982146503870 ) ) ;
#1958 = ORIENTED_EDGE ( 'NONE', *, *, #9067, .T. ) ;
#1959 = FACE_OUTER_BOUND ( 'NONE', #6417, .T. ) ;
#1960 = CARTESIAN_POINT ( 'NONE',  ( 67.85519589574012400, 29.62930003691441883, 0.5791130549483828327 ) ) ;
#1961 = CARTESIAN_POINT ( 'NONE',  ( -74.49609603873773267, -34.49276848478171331, 54.95703885670668143 ) ) ;
#1962 = CARTESIAN_POINT ( 'NONE',  ( -8.000000000000000000, 40.00000000000000711, 31.03860113793880160 ) ) ;
#1963 = CARTESIAN_POINT ( 'NONE',  ( -78.59181362883865063, 29.29625219023598959, 54.96485676901286865 ) ) ;
#1964 =( BOUNDED_CURVE ( )  B_SPLINE_CURVE ( 3, ( #3644, #1467, #6711, #8246 ),
 .UNSPECIFIED., .F., .F. ) 
 B_SPLINE_CURVE_WITH_KNOTS ( ( 4, 4 ),
 ( 1.785201191529182330, 4.497984115650403680 ),
 .UNSPECIFIED. ) 
 CURVE ( )  GEOMETRIC_REPRESENTATION_ITEM ( )  RATIONAL_B_SPLINE_CURVE ( ( 1.000000000000000000, 0.4751773049645392488, 0.4751773049645392488, 1.000000000000000000 ) ) 
 REPRESENTATION_ITEM ( '' )  );
#1965 = ORIENTED_EDGE ( 'NONE', *, *, #8754, .T. ) ;
#1966 = ORIENTED_EDGE ( 'NONE', *, *, #1308, .T. ) ;
#1967 = PLANE ( 'NONE',  #7986 ) ;
#1968 = CARTESIAN_POINT ( 'NONE',  ( 27.34978166299702806, -64.04064851788284329, 82.11393916776957269 ) ) ;
#1969 = CARTESIAN_POINT ( 'NONE',  ( -8.000000000000000000, 40.00000000000000000, 1.038601137938802266 ) ) ;
#1970 = CARTESIAN_POINT ( 'NONE',  ( -8.000000000000000000, 40.00000000000000000, 1.038601137938802266 ) ) ;
#1971 = DIRECTION ( 'NONE',  ( 0.000000000000000000, -0.02844266007110470007, -0.9995954257038591750 ) ) ;
#1972 = PLANE ( 'NONE',  #5542 ) ;
#1973 = CARTESIAN_POINT ( 'NONE',  ( 59.24288677149538529, 51.63124699398086648, 82.00000000000004263 ) ) ;
#1974 = ORIENTED_EDGE ( 'NONE', *, *, #4262, .F. ) ;
#1975 = EDGE_CURVE ( 'NONE', #4548, #8448, #8463, .T. ) ;
#1976 = VERTEX_POINT ( 'NONE', #5257 ) ;
#1977 = PLANE ( 'NONE',  #6758 ) ;
#1978 = ORIENTED_EDGE ( 'NONE', *, *, #8273, .T. ) ;
#1979 = LINE ( 'NONE', #1937, #1876 ) ;
#1980 = FACE_OUTER_BOUND ( 'NONE', #7358, .T. ) ;
#1981 = DIRECTION ( 'NONE',  ( 0.000000000000000000, 0.8514537021307104769, -0.5244297790247111068 ) ) ;
#1982 = EDGE_CURVE ( 'NONE', #5017, #6149, #1487, .T. ) ;
#1983 = CARTESIAN_POINT ( 'NONE',  ( 79.00000000000000000, -8.701265101693564042E-15, 1.000000000000000000 ) ) ;
#1984 = EDGE_CURVE ( 'NONE', #9387, #2183, #8317, .T. ) ;
#1985 = EDGE_CURVE ( 'NONE', #2148, #2226, #3081, .T. ) ;
#1986 = CARTESIAN_POINT ( 'NONE',  ( 73.73605988552721158, -22.88620039310740850, 1.000000000000000000 ) ) ;
#1987 = EDGE_LOOP ( 'NONE', ( #7023, #979, #5787, #9726 ) ) ;
#1988 = CARTESIAN_POINT ( 'NONE',  ( 17.00000000000000000, 0.000000000000000000, 0.000000000000000000 ) ) ;
#1989 = ORIENTED_EDGE ( 'NONE', *, *, #6752, .F. ) ;
#1990 = DIRECTION ( 'NONE',  ( 0.000000000000000000, -0.8798963622018144415, -0.4751656466791482902 ) ) ;
#1991 = CARTESIAN_POINT ( 'NONE',  ( 17.00000000000000000, 6.781541068937150030, 76.00000000000042633 ) ) ;
#1992 = VECTOR ( 'NONE', #2159, 1000.000000000000114 ) ;
#1993 = CARTESIAN_POINT ( 'NONE',  ( 33.32232879672930892, 31.04069670756290122, 13.37678982146504403 ) ) ;
#1994 = DIRECTION ( 'NONE',  ( 0.000000000000000000, -0.8514537021307106990, 0.5244297790247106628 ) ) ;
#1995 = CARTESIAN_POINT ( 'NONE',  ( -79.00000000000001421, -3.772795414851356721, 1.086298605844411957 ) ) ;
#1996 = ADVANCED_FACE ( 'NONE', ( #9310 ), #937, .F. ) ;
#1997 = LINE ( 'NONE', #4870, #3008 ) ;
#1998 = ORIENTED_EDGE ( 'NONE', *, *, #3598, .F. ) ;
#1999 = CARTESIAN_POINT ( 'NONE',  ( 33.32232879672930892, -48.95995949022800886, 28.37678982146587359 ) ) ;
#2000 = ORIENTED_EDGE ( 'NONE', *, *, #9681, .T. ) ;
#2001 = CARTESIAN_POINT ( 'NONE',  ( 13.78186916783258376, 46.78186916783261040, 31.00000000000000000 ) ) ;
#2002 = ORIENTED_EDGE ( 'NONE', *, *, #1909, .T. ) ;
#2003 = DIRECTION ( 'NONE',  ( 0.000000000000000000, 0.02844266007110328107, 0.9995954257038591750 ) ) ;
#2004 = LINE ( 'NONE', #1725, #5653 ) ;
#2005 = CARTESIAN_POINT ( 'NONE',  ( 79.61224731420325895, 18.62392506278174409, 27.78186771342353012 ) ) ;
#2006 = CARTESIAN_POINT ( 'NONE',  ( -87.76617955764398005, -7.116954144411798744, 54.97903620627455012 ) ) ;
#2007 = DIRECTION ( 'NONE',  ( 0.000000000000000000, -0.02844266007110470007, -0.9995954257038591750 ) ) ;
#2008 = DIRECTION ( 'NONE',  ( -0.000000000000000000, -0.000000000000000000, -1.000000000000000000 ) ) ;
#2009 = ORIENTED_EDGE ( 'NONE', *, *, #7349, .F. ) ;
#2010 = ORIENTED_EDGE ( 'NONE', *, *, #7059, .F. ) ;
#2011 = DIRECTION ( 'NONE',  ( -1.000000000000000000, -0.000000000000000000, -0.000000000000000000 ) ) ;
#2012 = CARTESIAN_POINT ( 'NONE',  ( 30.49562853325358702, -53.43645421387231664, 0.5464196074381487689 ) ) ;
#2013 = DIRECTION ( 'NONE',  ( -1.000000000000000000, -0.000000000000000000, -0.000000000000000000 ) ) ;
#2014 = FACE_OUTER_BOUND ( 'NONE', #257, .T. ) ;
#2015 = PRESENTATION_STYLE_ASSIGNMENT (( #2718 ) ) ;
#2016 = DIRECTION ( 'NONE',  ( 0.000000000000000000, -0.8798963622018144415, -0.4751656466791482902 ) ) ;
#2017 = CARTESIAN_POINT ( 'NONE',  ( 88.12833156399838686, -21.46128230451522256, 82.00000000000004263 ) ) ;
#2018 = VERTEX_POINT ( 'NONE', #7073 ) ;
#2019 = VECTOR ( 'NONE', #418, 1000.000000000000227 ) ;
#2020 = ORIENTED_EDGE ( 'NONE', *, *, #344, .F. ) ;
#2021 = VECTOR ( 'NONE', #415, 1000.000000000000114 ) ;
#2022 = ORIENTED_EDGE ( 'NONE', *, *, #8633, .T. ) ;
#2023 = CARTESIAN_POINT ( 'NONE',  ( -8.000000000000000000, -34.50000000000004263, 21.04061919046182538 ) ) ;
#2025 = ORIENTED_EDGE ( 'NONE', *, *, #1547, .T. ) ;
#2024 = DIRECTION ( 'NONE',  ( 0.000000000000000000, -0.02844266007110400618, -0.9995954257038591750 ) ) ;
#2026 = CARTESIAN_POINT ( 'NONE',  ( -3.000000000000000000, 42.49999999999990052, 11.43860113793879840 ) ) ;
#2027 = DIRECTION ( 'NONE',  ( 0.000000000000000000, 0.8798963622018151076, 0.4751656466791471800 ) ) ;
#2028 = DIRECTION ( 'NONE',  ( -0.000000000000000000, -0.8514537021307111431, 0.5244297790247101076 ) ) ;
#2029 = EDGE_CURVE ( 'NONE', #1582, #7234, #8562, .T. ) ;
#2030 = CARTESIAN_POINT ( 'NONE',  ( 33.32232879672930892, 46.78186916783261040, 16.00000000000000000 ) ) ;
#2031 = DIRECTION ( 'NONE',  ( 0.000000000000000000, 0.8514537021307104769, -0.5244297790247111068 ) ) ;
#2032 = AXIS2_PLACEMENT_3D ( 'NONE', #2862, #8746, #7956 ) ;
#2033 = ADVANCED_FACE ( 'NONE', ( #1134 ), #8658, .F. ) ;
#2034 = ORIENTED_EDGE ( 'NONE', *, *, #9259, .F. ) ;
#2035 = CARTESIAN_POINT ( 'NONE',  ( -61.44773401622900622, -50.35169392979772596, 81.99999999999998579 ) ) ;
#2036 = EDGE_CURVE ( 'NONE', #7164, #1087, #7024, .T. ) ;
#2037 = ORIENTED_EDGE ( 'NONE', *, *, #6426, .T. ) ;
#2038 = DIRECTION ( 'NONE',  ( 0.000000000000000000, 0.4751656466791477906, -0.8798963622018148856 ) ) ;
#2039 = DIRECTION ( 'NONE',  ( 0.000000000000000000, 0.4751656466791465694, -0.8798963622018155517 ) ) ;
#2040 = DIRECTION ( 'NONE',  ( -0.000000000000000000, 0.5244297790247101076, 0.8514537021307111431 ) ) ;
#2041 = PLANE ( 'NONE',  #807 ) ;
#2042 = EDGE_CURVE ( 'NONE', #2091, #5314, #4756, .T. ) ;
#2043 = CARTESIAN_POINT ( 'NONE',  ( -10.37530342489121260, -57.62314055438251614, 1.086298605844412402 ) ) ;
#2044 = CARTESIAN_POINT ( 'NONE',  ( 33.32232879672930892, 30.89842584807453818, 68.37678982146503870 ) ) ;
#2045 = AXIS2_PLACEMENT_3D ( 'NONE', #9098, #681, #6714 ) ;
#2046 = EDGE_CURVE ( 'NONE', #2310, #3556, #7917, .T. ) ;
#2047 = ORIENTED_EDGE ( 'NONE', *, *, #2893, .F. ) ;
#2048 = CARTESIAN_POINT ( 'NONE',  ( 17.00000000000000000, -29.10206630026864616, 38.37678982146567108 ) ) ;
#2049 = VERTEX_POINT ( 'NONE', #1833 ) ;
#2050 = DIRECTION ( 'NONE',  ( 0.000000000000000000, -0.8798963622018148856, -0.4751656466791477906 ) ) ;
#2051 = EDGE_CURVE ( 'NONE', #5133, #8343, #1325, .T. ) ;
#2052 = VECTOR ( 'NONE', #8536, 1000.000000000000114 ) ;
#2053 = ORIENTED_EDGE ( 'NONE', *, *, #5620, .F. ) ;
#2054 = DIRECTION ( 'NONE',  ( -0.000000000000000000, 0.5244297790247101076, 0.8514537021307111431 ) ) ;
#2055 = DIRECTION ( 'NONE',  ( -1.000000000000000000, -0.000000000000000000, -0.000000000000000000 ) ) ;
#2056 = CARTESIAN_POINT ( 'NONE',  ( 40.00904100646270933, 49.93551229761688148, 0.5513979865704018435 ) ) ;
#2057 = CARTESIAN_POINT ( 'NONE',  ( -77.49023759568493119, -11.24628027322940582, 0.5967020514863320413 ) ) ;
#2058 = ADVANCED_FACE ( 'NONE', ( #1038 ), #993, .F. ) ;
#2059 = CYLINDRICAL_SURFACE ( 'NONE', #9045, 1.399999999999998579 ) ;
#2060 = CARTESIAN_POINT ( 'NONE',  ( -66.40124358284373329, 37.03430783348568411, 27.76597613378140750 ) ) ;
#2061 = VECTOR ( 'NONE', #9644, 1000.000000000000000 ) ;
#2062 = ORIENTED_EDGE ( 'NONE', *, *, #5600, .F. ) ;
#2063 = EDGE_LOOP ( 'NONE', ( #9767, #5691, #6683, #4441 ) ) ;
#2064 = DIRECTION ( 'NONE',  ( 0.000000000000000000, -0.9995954257038592861, 0.02844266007110328107 ) ) ;
#2065 = VECTOR ( 'NONE', #4675, 1000.000000000000000 ) ;
#2066 = CARTESIAN_POINT ( 'NONE',  ( 76.61559850601869925, -24.40290197173649389, 27.77648715123810064 ) ) ;
#2067 = CARTESIAN_POINT ( 'NONE',  ( 33.32232879672930892, 46.49732744885589142, 6.000000000000002665 ) ) ;
#2068 = DIRECTION ( 'NONE',  ( 0.000000000000000000, 0.1073915512948620254, -0.9942168046811937776 ) ) ;
#2069 = CARTESIAN_POINT ( 'NONE',  ( 20.00000000000000000, 42.23833585967788196, 23.62321017853516381 ) ) ;
#2070 = DIRECTION ( 'NONE',  ( 0.000000000000000000, -0.02844266007110466538, -0.9995954257038591750 ) ) ;
#2071 = CARTESIAN_POINT ( 'NONE',  ( 71.82046954291864438, 42.57749043780336962, 82.00000000000001421 ) ) ;
#2072 = AXIS2_PLACEMENT_3D ( 'NONE', #3130, #2242, #1492 ) ;
#2073 = ORIENTED_EDGE ( 'NONE', *, *, #2956, .T. ) ;
#2074 = ORIENTED_EDGE ( 'NONE', *, *, #4826, .F. ) ;
#2075 = ORIENTED_EDGE ( 'NONE', *, *, #6614, .F. ) ;
#2076 = DIRECTION ( 'NONE',  ( -1.000000000000000000, 0.000000000000000000, 0.000000000000000000 ) ) ;
#2078 = ORIENTED_EDGE ( 'NONE', *, *, #8326, .T. ) ;
#2077 = PLANE ( 'NONE',  #9661 ) ;
#2079 = FACE_OUTER_BOUND ( 'NONE', #8455, .T. ) ;
#2080 = AXIS2_PLACEMENT_3D ( 'NONE', #2997, #5960, #8937 ) ;
#2081 = CARTESIAN_POINT ( 'NONE',  ( 33.32232879672930892, 50.89858989752226393, 68.37678982146483975 ) ) ;
#2082 = LINE ( 'NONE', #4359, #7449 ) ;
#2083 = DIRECTION ( 'NONE',  ( 0.000000000000000000, 0.8514537021307104769, -0.5244297790247111068 ) ) ;
#2084 = VECTOR ( 'NONE', #6428, 1000.000000000000114 ) ;
#2085 = VECTOR ( 'NONE', #1806, 1000.000000000000114 ) ;
#2086 = CARTESIAN_POINT ( 'NONE',  ( 17.00000000000002132, -60.70205893987492374, 36.61118343709568279 ) ) ;
#2087 = EDGE_CURVE ( 'NONE', #7164, #6974, #3111, .T. ) ;
#2088 = ORIENTED_EDGE ( 'NONE', *, *, #6761, .F. ) ;
#2089 = CARTESIAN_POINT ( 'NONE',  ( -93.09657351972604999, -1.367026377841745299, 81.99999999999995737 ) ) ;
#2090 = VECTOR ( 'NONE', #2895, 1000.000000000000000 ) ;
#2091 = VERTEX_POINT ( 'NONE', #248 ) ;
#2092 = CARTESIAN_POINT ( 'NONE',  ( 17.00000000000000000, -37.76232033811303523, 68.62321017853599869 ) ) ;
#2093 = DIRECTION ( 'NONE',  ( -1.000000000000000000, -0.000000000000000000, -0.000000000000000000 ) ) ;
#2094 = DIRECTION ( 'NONE',  ( 0.000000000000000000, 2.312964634635742957E-16, 1.000000000000000000 ) ) ;
#2095 = PLANE ( 'NONE',  #9505 ) ;
#2096 = VECTOR ( 'NONE', #4497, 999.9999999999998863 ) ;
#2097 = CARTESIAN_POINT ( 'NONE',  ( 48.30676547046515878, -46.03917986999336165, 1.086298605844412624 ) ) ;
#2098 = CARTESIAN_POINT ( 'NONE',  ( -159.6513234039177007, -98.90143958079084996, 82.00000000000001421 ) ) ;
#2099 = EDGE_LOOP ( 'NONE', ( #4327, #5032, #891, #8641, #5175, #6018 ) ) ;
#2100 = DIRECTION ( 'NONE',  ( -0.000000000000000000, -0.8514537021307111431, 0.5244297790247101076 ) ) ;
#2101 = EDGE_CURVE ( 'NONE', #4550, #1314, #9450, .T. ) ;
#2102 = ORIENTED_EDGE ( 'NONE', *, *, #2116, .F. ) ;
#2103 = PLANE ( 'NONE',  #4971 ) ;
#2104 = VECTOR ( 'NONE', #4246, 1000.000000000000114 ) ;
#2105 = ORIENTED_EDGE ( 'NONE', *, *, #152, .T. ) ;
#2106 = CARTESIAN_POINT ( 'NONE',  ( 17.00000000000000000, 2.380278620270778855, 58.62321017853558658 ) ) ;
#2107 = FACE_BOUND ( 'NONE', #6356, .T. ) ;
#2108 = CARTESIAN_POINT ( 'NONE',  ( 58.01447361127456048, 39.31835883090874972, 0.5663517850736666803 ) ) ;
#2109 = CARTESIAN_POINT ( 'NONE',  ( 58.19782275077719902, 39.23821460774562553, 1.068757337608603031 ) ) ;
#2110 = DIRECTION ( 'NONE',  ( -1.000000000000000000, -0.000000000000000000, -0.000000000000000000 ) ) ;
#2111 = EDGE_CURVE ( 'NONE', #1712, #686, #4852, .T. ) ;
#2112 = ORIENTED_EDGE ( 'NONE', *, *, #6449, .T. ) ;
#2113 = EDGE_CURVE ( 'NONE', #2146, #3104, #2671, .T. ) ;
#2114 = ORIENTED_EDGE ( 'NONE', *, *, #8695, .F. ) ;
#2115 = VERTEX_POINT ( 'NONE', #5551 ) ;
#2116 = EDGE_CURVE ( 'NONE', #8303, #7393, #5692, .T. ) ;
#2117 = EDGE_LOOP ( 'NONE', ( #4278, #1044, #936, #8839 ) ) ;
#2118 = CARTESIAN_POINT ( 'NONE',  ( 17.00000000000000000, -17.76215628866530949, 53.62321017853578553 ) ) ;
#2119 = CARTESIAN_POINT ( 'NONE',  ( 69.98847749776847138, -33.44001276440797454, 27.76635635450573147 ) ) ;
#2120 = CARTESIAN_POINT ( 'NONE',  ( 20.00000000000000000, -29.10206630026864616, 38.37678982146567108 ) ) ;
#2121 = CARTESIAN_POINT ( 'NONE',  ( 19.00261341277631288, 56.30019512130458281, 1.038304977065089396 ) ) ;
#2122 = PLANE ( 'NONE',  #1260 ) ;
#2123 = CARTESIAN_POINT ( 'NONE',  ( 81.05393691899098485, -32.82929996604908496, 82.00000000000000000 ) ) ;
#2124 = VERTEX_POINT ( 'NONE', #1084 ) ;
#2125 = ORIENTED_EDGE ( 'NONE', *, *, #8879, .T. ) ;
#2126 = ORIENTED_EDGE ( 'NONE', *, *, #4324, .T. ) ;
#2127 = CARTESIAN_POINT ( 'NONE',  ( 20.00000000000000000, -49.10223034971637190, 8.376789821465877139 ) ) ;
#2129 = VERTEX_POINT ( 'NONE', #1788 ) ;
#2128 = DIRECTION ( 'NONE',  ( 0.000000000000000000, -0.8798963622018151076, -0.4751656466791471800 ) ) ;
#2130 = DIRECTION ( 'NONE',  ( 0.000000000000000000, -0.9995954257038592861, 0.02844266007110329841 ) ) ;
#2131 = PLANE ( 'NONE',  #1302 ) ;
#2132 = CARTESIAN_POINT ( 'NONE',  ( 33.32232879672930892, 6.781541068937156247, 61.00000000000041211 ) ) ;
#2133 = DIRECTION ( 'NONE',  ( 0.000000000000000000, -0.9995954257038592861, 0.02844266007110328107 ) ) ;
#2134 = DIRECTION ( 'NONE',  ( -0.000000000000000000, -0.8514537021307108100, 0.5244297790247106628 ) ) ;
#2135 = EDGE_LOOP ( 'NONE', ( #9248, #80, #3348, #6730 ) ) ;
#2136 = CARTESIAN_POINT ( 'NONE',  ( -65.82586758788043824, -47.32473462095935446, 81.99999999999998579 ) ) ;
#2137 = ORIENTED_EDGE ( 'NONE', *, *, #6458, .T. ) ;
#2138 = CARTESIAN_POINT ( 'NONE',  ( 33.32232879672930892, 42.23833585967788196, 53.62321017853516025 ) ) ;
#2139 = DIRECTION ( 'NONE',  ( 0.000000000000000000, 0.8514537021307111431, -0.5244297790247101076 ) ) ;
#2140 = CARTESIAN_POINT ( 'NONE',  ( 33.32232879672930892, 2.238007760782423361, 53.62321017853557947 ) ) ;
#2141 = CARTESIAN_POINT ( 'NONE',  ( -78.49641871217065159, 7.545613760135839954, 1.000000000000000000 ) ) ;
#2142 = CARTESIAN_POINT ( 'NONE',  ( 79.00000000000000000, -3.772795414851422890, 1.000000000000000222 ) ) ;
#2143 = DIRECTION ( 'NONE',  ( -1.000000000000000000, -0.000000000000000000, -0.000000000000000000 ) ) ;
#2144 = VERTEX_POINT ( 'NONE', #9357 ) ;
#2145 = CARTESIAN_POINT ( 'NONE',  ( 20.00000000000000000, 2.380278620270778855, 13.62321017853558480 ) ) ;
#2146 = VERTEX_POINT ( 'NONE', #2581 ) ;
#2147 = CARTESIAN_POINT ( 'NONE',  ( 33.32232879672930892, -13.21862298051057394, 31.00000000000062528 ) ) ;
#2148 = VERTEX_POINT ( 'NONE', #6975 ) ;
#2149 = DIRECTION ( 'NONE',  ( 0.000000000000000000, 0.000000000000000000, 1.000000000000000000 ) ) ;
#2150 = CARTESIAN_POINT ( 'NONE',  ( 16.99999999999999289, -61.86467555260215789, 37.88693633074599632 ) ) ;
#2151 = CARTESIAN_POINT ( 'NONE',  ( 70.55700160010006528, 43.64367819099511081, 82.13837284678139383 ) ) ;
#2152 = PRODUCT ( '\X2\9c7c4f537b2c4e8c51738282\X0\-draft2', '\X2\9c7c4f537b2c4e8c51738282\X0\-draft2', '', ( #4618 ) ) ;
#2153 = CARTESIAN_POINT ( 'NONE',  ( 17.00000000000000000, 46.49732744885589142, 66.00000000000000000 ) ) ;
#2154 = LINE ( 'NONE', #8187, #8052 ) ;
#2155 = EDGE_CURVE ( 'NONE', #4789, #346, #5313, .T. ) ;
#2156 = ORIENTED_EDGE ( 'NONE', *, *, #5142, .T. ) ;
#2157 = VERTEX_POINT ( 'NONE', #200 ) ;
#2158 = VERTEX_POINT ( 'NONE', #4953 ) ;
#2159 = DIRECTION ( 'NONE',  ( 0.000000000000000000, -0.8798963622018145525, -0.4751656466791481792 ) ) ;
#2160 = EDGE_CURVE ( 'NONE', #3627, #5743, #8114, .T. ) ;
#2161 = EDGE_CURVE ( 'NONE', #5623, #711, #9502, .T. ) ;
#2162 = CARTESIAN_POINT ( 'NONE',  ( 65.38367617322221292, -37.98351430749201540, 27.76064415866226298 ) ) ;
#2163 = LINE ( 'NONE', #6813, #3790 ) ;
#2164 = DIRECTION ( 'NONE',  ( -1.000000000000000000, -0.000000000000000000, -0.000000000000000000 ) ) ;
#2165 = EDGE_CURVE ( 'NONE', #2756, #9714, #8756, .T. ) ;
#2166 = CARTESIAN_POINT ( 'NONE',  ( 33.32232879672930892, 2.380278620270778855, 13.62321017853558480 ) ) ;
#2167 = CARTESIAN_POINT ( 'NONE',  ( 74.25854877264107756, 40.31468810766989463, 82.00000000000002842 ) ) ;
#2168 = ORIENTED_EDGE ( 'NONE', *, *, #2161, .T. ) ;
#2169 = ORIENTED_EDGE ( 'NONE', *, *, #5088, .T. ) ;
#2170 = ORIENTED_EDGE ( 'NONE', *, *, #5493, .F. ) ;
#2171 = FACE_OUTER_BOUND ( 'NONE', #4386, .T. ) ;
#2172 = ADVANCED_FACE ( 'NONE', ( #5836 ), #1977, .F. ) ;
#2174 = ORIENTED_EDGE ( 'NONE', *, *, #8015, .F. ) ;
#2173 = DIRECTION ( 'NONE',  ( 0.000000000000000000, -0.8798963622018151076, -0.4751656466791471800 ) ) ;
#2175 = DIRECTION ( 'NONE',  ( 0.000000000000000000, 8.673617379884027583E-16, 1.000000000000000000 ) ) ;
#2176 = FACE_OUTER_BOUND ( 'NONE', #7745, .T. ) ;
#2177 = CARTESIAN_POINT ( 'NONE',  ( 53.31911015587376568, 42.79450879686909559, 1.000000000000000444 ) ) ;
#2178 = CARTESIAN_POINT ( 'NONE',  ( -3.000000000000000000, 42.49999999999997158, 20.03860113793879805 ) ) ;
#2179 = EDGE_CURVE ( 'NONE', #6892, #5813, #437, .T. ) ;
#2180 = PLANE ( 'NONE',  #3208 ) ;
#2181 = VECTOR ( 'NONE', #4561, 1000.000000000000000 ) ;
#2182 = ORIENTED_EDGE ( 'NONE', *, *, #7668, .T. ) ;
#2183 = VERTEX_POINT ( 'NONE', #587 ) ;
#2184 = CARTESIAN_POINT ( 'NONE',  ( 80.00000000000000000, -8.888102484588013203E-15, 0.000000000000000000 ) ) ;
#2185 = VECTOR ( 'NONE', #2549, 1000.000000000000000 ) ;
#2186 = ORIENTED_EDGE ( 'NONE', *, *, #3016, .T. ) ;
#2187 = CARTESIAN_POINT ( 'NONE',  ( 20.00000000000001066, -66.44301703982488050, 81.00000000000000000 ) ) ;
#2188 = DIRECTION ( 'NONE',  ( 0.000000000000000000, 0.000000000000000000, 1.000000000000000000 ) ) ;
#2189 = DIRECTION ( 'NONE',  ( 0.000000000000000000, 0.000000000000000000, 1.000000000000000000 ) ) ;
#2190 = CARTESIAN_POINT ( 'NONE',  ( -52.32292121923990180, -43.60790554002650055, 1.000000000000000222 ) ) ;
#2191 = LINE ( 'NONE', #9620, #8219 ) ;
#2192 = AXIS2_PLACEMENT_3D ( 'NONE', #3864, #5196, #691 ) ;
#2193 = ORIENTED_EDGE ( 'NONE', *, *, #9135, .T. ) ;
#2194 = CARTESIAN_POINT ( 'NONE',  ( 33.32232879672930892, 6.496999349960439041, 6.000000000000419220 ) ) ;
#2195 = ORIENTED_EDGE ( 'NONE', *, *, #3392, .F. ) ;
#2196 = DIRECTION ( 'NONE',  ( -1.000000000000000000, -0.000000000000000000, -0.000000000000000000 ) ) ;
#2197 = VERTEX_POINT ( 'NONE', #6619 ) ;
#2198 = CARTESIAN_POINT ( 'NONE',  ( 79.00000000000000000, -8.701265101693564042E-15, 1.000000000000000000 ) ) ;
#2199 = CARTESIAN_POINT ( 'NONE',  ( 20.00000000000000000, 0.000000000000000000, 81.00000000000000000 ) ) ;
#2200 = CARTESIAN_POINT ( 'NONE',  ( 32.13483018462861907, 52.91555837780231997, 0.5471657135987237908 ) ) ;
#2201 = VECTOR ( 'NONE', #3648, 999.9999999999998863 ) ;
#2202 = DIRECTION ( 'NONE',  ( 0.000000000000000000, 0.02844266007110328107, 0.9995954257038591750 ) ) ;
#2203 = PLANE ( 'NONE',  #3949 ) ;
#2204 = VERTEX_POINT ( 'NONE', #8059 ) ;
#2205 = ORIENTED_EDGE ( 'NONE', *, *, #4217, .F. ) ;
#2206 = VECTOR ( 'NONE', #9303, 1000.000000000000000 ) ;
#2207 = ORIENTED_EDGE ( 'NONE', *, *, #9078, .T. ) ;
#2208 = DIRECTION ( 'NONE',  ( 0.000000000000000000, 0.8514537021307111431, -0.5244297790247101076 ) ) ;
#2209 = EDGE_CURVE ( 'NONE', #2236, #1093, #1177, .T. ) ;
#2210 = CARTESIAN_POINT ( 'NONE',  ( 66.77922060514525526, -46.76101094445667172, 82.13470302233250209 ) ) ;
#2211 = CARTESIAN_POINT ( 'NONE',  ( 33.32232879672930892, 26.78170511838488466, 61.00000000000020606 ) ) ;
#2212 = CARTESIAN_POINT ( 'NONE',  ( 33.32232879672930892, 51.04086075701062697, 73.37678982146483975 ) ) ;
#2213 = CIRCLE ( 'NONE', #5856, 1.400000000000001910 ) ;
#2214 = DIRECTION ( 'NONE',  ( -1.000000000000000000, -0.000000000000000000, -0.000000000000000000 ) ) ;
#2215 = CARTESIAN_POINT ( 'NONE',  ( -8.000000000000000000, -32.00000000000000000, 31.04061919046181472 ) ) ;
#2216 = ADVANCED_FACE ( 'NONE', ( #3657 ), #8852, .F. ) ;
#2217 = ORIENTED_EDGE ( 'NONE', *, *, #718, .T. ) ;
#2218 = ORIENTED_EDGE ( 'NONE', *, *, #8535, .T. ) ;
#2219 = CIRCLE ( 'NONE', #2247, 1.399999999999998579 ) ;
#2220 = VECTOR ( 'NONE', #4029, 1000.000000000000114 ) ;
#2221 = ADVANCED_FACE ( 'NONE', ( #490 ), #5890, .F. ) ;
#2222 =( BOUNDED_CURVE ( )  B_SPLINE_CURVE ( 3, ( #6320, #9352, #2620, #7911 ),
 .UNSPECIFIED., .F., .F. ) 
 B_SPLINE_CURVE_WITH_KNOTS ( ( 4, 4 ),
 ( 5.884831358704401438, 6.283185307179586232 ),
 .UNSPECIFIED. ) 
 CURVE ( )  GEOMETRIC_REPRESENTATION_ITEM ( )  RATIONAL_B_SPLINE_CURVE ( ( 1.000000000000000000, 0.9868198372438051758, 0.9868198372438051758, 1.000000000000000000 ) ) 
 REPRESENTATION_ITEM ( '' )  );
#2223 = VERTEX_POINT ( 'NONE', #2127 ) ;
#2224 = CARTESIAN_POINT ( 'NONE',  ( -69.89271901560847766, 44.21825009964931041, 82.00000000000007105 ) ) ;
#2226 = VERTEX_POINT ( 'NONE', #7211 ) ;
#2225 = DIRECTION ( 'NONE',  ( 0.000000000000000000, 0.1069049175950392699, 0.9942692485408556324 ) ) ;
#2227 = LINE ( 'NONE', #6677, #3779 ) ;
#2228 = DIRECTION ( 'NONE',  ( 0.000000000000000000, -0.5244297790247106628, -0.8514537021307108100 ) ) ;
#2229 = CARTESIAN_POINT ( 'NONE',  ( 17.00000000000000000, 2.238007760782423361, 23.62321017853557947 ) ) ;
#2230 = DIRECTION ( 'NONE',  ( 0.000000000000000000, -0.4751656466791471800, 0.8798963622018151076 ) ) ;
#2231 = DIRECTION ( 'NONE',  ( 0.000000000000000000, 0.000000000000000000, 1.000000000000000000 ) ) ;
#2232 = VECTOR ( 'NONE', #4403, 1000.000000000000000 ) ;
#2233 = EDGE_CURVE ( 'NONE', #1017, #450, #1225, .T. ) ;
#2234 = ADVANCED_FACE ( 'NONE', ( #5147 ), #9552, .T. ) ;
#2235 = EDGE_CURVE ( 'NONE', #2332, #1721, #4402, .T. ) ;
#2236 = VERTEX_POINT ( 'NONE', #540 ) ;
#2237 = CARTESIAN_POINT ( 'NONE',  ( 33.32232879672930892, -29.10206630026864616, 38.37678982146567108 ) ) ;
#2238 = AXIS2_PLACEMENT_3D ( 'NONE', #1726, #8454, #1780 ) ;
#2239 = EDGE_LOOP ( 'NONE', ( #2530, #1657, #4586, #7942 ) ) ;
#2240 = DIRECTION ( 'NONE',  ( -1.000000000000000000, -0.000000000000000000, -0.000000000000000000 ) ) ;
#2241 = CARTESIAN_POINT ( 'NONE',  ( -48.22608266188310466, -53.59234696099797191, 54.93339423987316650 ) ) ;
#2242 = DIRECTION ( 'NONE',  ( -1.000000000000000000, 0.000000000000000000, 0.000000000000000000 ) ) ;
#2243 = CARTESIAN_POINT ( 'NONE',  ( 20.54885927558448699, -56.13070157117114434, 1.086298605844412402 ) ) ;
#2244 = CARTESIAN_POINT ( 'NONE',  ( -34.14518212274631281, 52.30283103957248869, 1.059440134498345065 ) ) ;
#2245 = AXIS2_PLACEMENT_3D ( 'NONE', #7896, #1162, #3354 ) ;
#2246 = EDGE_CURVE ( 'NONE', #3497, #5623, #6472, .T. ) ;
#2247 = AXIS2_PLACEMENT_3D ( 'NONE', #7225, #2739, #7326 ) ;
#2248 = VERTEX_POINT ( 'NONE', #8799 ) ;
#2249 = DIRECTION ( 'NONE',  ( 0.000000000000000000, 0.8514537021307104769, -0.5244297790247111068 ) ) ;
#2250 = EDGE_LOOP ( 'NONE', ( #3219, #8496, #8635, #699 ) ) ;
#2251 = PLANE ( 'NONE',  #5833 ) ;
#2252 = ORIENTED_EDGE ( 'NONE', *, *, #2433, .F. ) ;
#2253 = DIRECTION ( 'NONE',  ( 0.000000000000000000, 0.9999999996565578364, -2.620847431606588253E-05 ) ) ;
#2254 = PLANE ( 'NONE',  #8656 ) ;
#2255 = CARTESIAN_POINT ( 'NONE',  ( 33.32232879672930892, 45.00000000000000000, 15.03774688497164114 ) ) ;
#2256 = VECTOR ( 'NONE', #7471, 1000.000000000000114 ) ;
#2257 = DIRECTION ( 'NONE',  ( -1.000000000000000000, -0.000000000000000000, -0.000000000000000000 ) ) ;
#2258 = CARTESIAN_POINT ( 'NONE',  ( 37.91891760023666791, 61.17899923863478051, 82.11734587272960084 ) ) ;
#2259 = CARTESIAN_POINT ( 'NONE',  ( 28.93634936542192904, 53.98282511103121095, 1.058242178707229808 ) ) ;
#2260 = FACE_OUTER_BOUND ( 'NONE', #8256, .T. ) ;
#2261 = VECTOR ( 'NONE', #7132, 1000.000000000000000 ) ;
#2262 = VECTOR ( 'NONE', #5301, 1000.000000000000114 ) ;
#2263 = ORIENTED_EDGE ( 'NONE', *, *, #8751, .F. ) ;
#2264 = ORIENTED_EDGE ( 'NONE', *, *, #7163, .T. ) ;
#2265 = ORIENTED_EDGE ( 'NONE', *, *, #8508, .F. ) ;
#2266 = CARTESIAN_POINT ( 'NONE',  ( 17.00000000000000000, -29.10206630026864616, 53.37678982146566398 ) ) ;
#2267 = CARTESIAN_POINT ( 'NONE',  ( 67.78901178962114216, -29.64804165735694852, 0.5790460710629293795 ) ) ;
#2268 = LINE ( 'NONE', #2314, #6457 ) ;
#2269 = CARTESIAN_POINT ( 'NONE',  ( 3.158670936357785397, 57.93611052285540808, 0.5462660520078362891 ) ) ;
#2270 = LINE ( 'NONE', #2958, #4121 ) ;
#2271 = CARTESIAN_POINT ( 'NONE',  ( 33.32232879672930892, 42.38060671916623789, 43.62321017853516736 ) ) ;
#2272 = ORIENTED_EDGE ( 'NONE', *, *, #2642, .T. ) ;
#2273 = ORIENTED_EDGE ( 'NONE', *, *, #1245, .T. ) ;
#2274 = LINE ( 'NONE', #1186, #3892 ) ;
#2275 = ORIENTED_EDGE ( 'NONE', *, *, #4814, .T. ) ;
#2276 = CARTESIAN_POINT ( 'NONE',  ( 20.00000000000000000, -17.76215628866530949, 8.623210178535790860 ) ) ;
#2278 = EDGE_LOOP ( 'NONE', ( #2073, #4304, #9473, #4805 ) ) ;
#2277 = CARTESIAN_POINT ( 'NONE',  ( -75.00000000000000000, 109.9999999999999858, 1.000000000000000000 ) ) ;
#2279 = FACE_BOUND ( 'NONE', #9704, .T. ) ;
#2280 = PLANE ( 'NONE',  #5263 ) ;
#2281 = CARTESIAN_POINT ( 'NONE',  ( 76.53243812794804057, 14.41488425484112668, 1.000000000000000222 ) ) ;
#2282 = DIRECTION ( 'NONE',  ( 0.000000000000000000, -0.8798963622018149966, -0.4751656466791475131 ) ) ;
#2283 = DIRECTION ( 'NONE',  ( -0.000000000000000000, -0.8514537021307108100, 0.5244297790247106628 ) ) ;
#2284 = EDGE_CURVE ( 'NONE', #120, #1566, #9706, .T. ) ;
#2285 = VERTEX_POINT ( 'NONE', #5744 ) ;
#2286 = DIRECTION ( 'NONE',  ( -1.000000000000000000, -0.000000000000000000, -0.000000000000000000 ) ) ;
#2287 = ORIENTED_EDGE ( 'NONE', *, *, #3610, .T. ) ;
#2288 = LINE ( 'NONE', #6050, #8363 ) ;
#2289 = ADVANCED_FACE ( 'NONE', ( #2818 ), #2920, .F. ) ;
#2290 = EDGE_CURVE ( 'NONE', #9785, #414, #5678, .T. ) ;
#2291 = CARTESIAN_POINT ( 'NONE',  ( -21.53410821241250872, -62.05150982756959621, 54.92271536737757032 ) ) ;
#2292 = CARTESIAN_POINT ( 'NONE',  ( 33.32232879672930892, -57.62021352807240504, 28.62321017853620475 ) ) ;
#2293 = FACE_OUTER_BOUND ( 'NONE', #3604, .T. ) ;
#2294 = CARTESIAN_POINT ( 'NONE',  ( -25.02404496402127521, 55.09969236242150004, 1.057441598727959065 ) ) ;
#2295 = EDGE_CURVE ( 'NONE', #8303, #7210, #4453, .T. ) ;
#2296 = EDGE_LOOP ( 'NONE', ( #3700, #1360, #6902, #5281, #5121, #121 ) ) ;
#2297 = CARTESIAN_POINT ( 'NONE',  ( 20.00000000000000000, 30.89842584807453818, 23.37678982146504225 ) ) ;
#2298 = VERTEX_POINT ( 'NONE', #3861 ) ;
#2299 = FACE_OUTER_BOUND ( 'NONE', #4401, .T. ) ;
#2300 = ORIENTED_EDGE ( 'NONE', *, *, #5865, .F. ) ;
#2301 = LINE ( 'NONE', #4629, #8228 ) ;
#2302 = CARTESIAN_POINT ( 'NONE',  ( 17.00000000000000000, -37.62004947862467930, 73.62321017853599869 ) ) ;
#2303 = CARTESIAN_POINT ( 'NONE',  ( 19.00504572120203761, 66.59567100168612797, 81.00000000000000000 ) ) ;
#2304 = EDGE_CURVE ( 'NONE', #4757, #5481, #4652, .T. ) ;
#2305 = CARTESIAN_POINT ( 'NONE',  ( 20.00000000000000000, -53.50349279838274441, 66.00000000000103739 ) ) ;
#2306 = CARTESIAN_POINT ( 'NONE',  ( 26.71553703846915795, 60.98377342486043062, 54.92405659531375761 ) ) ;
#2307 = CARTESIAN_POINT ( 'NONE',  ( -60.47447672968313981, -37.35497577458794183, 1.000000000000000444 ) ) ;
#2308 = DIRECTION ( 'NONE',  ( -1.000000000000000000, -0.000000000000000000, -0.000000000000000000 ) ) ;
#2309 = VERTEX_POINT ( 'NONE', #8955 ) ;
#2310 = VERTEX_POINT ( 'NONE', #1528 ) ;
#2311 = ORIENTED_EDGE ( 'NONE', *, *, #523, .F. ) ;
#2312 = CARTESIAN_POINT ( 'NONE',  ( 17.00000000000000000, -13.21862298051057749, 61.00000000000062528 ) ) ;
#2313 = CARTESIAN_POINT ( 'NONE',  ( 76.77293814850206388, -24.13882942921793173, 27.77675517089041435 ) ) ;
#2314 = CARTESIAN_POINT ( 'NONE',  ( 33.32232879672930892, -57.62021352807240504, 43.62321017853621186 ) ) ;
#2315 = VECTOR ( 'NONE', #2208, 1000.000000000000114 ) ;
#2316 = DIRECTION ( 'NONE',  ( -1.000000000000000000, -0.000000000000000000, -0.000000000000000000 ) ) ;
#2317 = DIRECTION ( 'NONE',  ( 0.000000000000000000, -0.9995954257038592861, 0.02844266007110328107 ) ) ;
#2318 = B_SPLINE_SURFACE_WITH_KNOTS ( 'NONE', 3, 1, ( 
 ( #2639, #2691 ),
 ( #1995, #8027 ),
 ( #1197, #1897 ),
 ( #5659, #8676 ),
 ( #1242, #455 ),
 ( #5760, #7227 ),
 ( #4271, #267 ),
 ( #3294, #9330 ),
 ( #5575, #8588 ),
 ( #6347, #2190 ),
 ( #2838, #6641 ),
 ( #9618, #3726 ),
 ( #3623, #8129 ),
 ( #3575, #6736 ),
 ( #4372, #2791 ),
 ( #2043, #556 ),
 ( #7378, #7278 ),
 ( #702, #9569 ),
 ( #6690, #4475 ),
 ( #2243, #7480 ),
 ( #607, #1344 ),
 ( #5858, #5806 ),
 ( #3683, #8870 ),
 ( #2097, #8820 ),
 ( #2983, #5065 ),
 ( #509, #8077 ),
 ( #1392, #8175 ),
 ( #5264, #1295 ),
 ( #4325, #5116 ),
 ( #9673, #2890 ),
 ( #7329, #8969 ),
 ( #5907, #8923 ),
 ( #6588, #2142 ),
 ( #5162, #4422 ) ),
 .UNSPECIFIED., .F., .F., .F.,
 ( 4, 2, 2, 2, 2, 2, 2, 2, 2, 2, 2, 2, 2, 2, 2, 2, 4 ),
 ( 2, 2 ),
 ( 0.000000000000000000, 0.06250000000000009714, 0.1250000000000001943, 0.1875000000000002776, 0.2500000000000003331, 0.3125000000000003886, 0.3750000000000003886, 0.4375000000000003886, 0.5000000000000003331, 0.5625000000000003331, 0.6250000000000003331, 0.6875000000000002220, 0.7500000000000000000, 0.8125000000000000000, 0.8750000000000000000, 0.9375000000000000000, 1.000000000000000000 ),
 ( 0.000000000000000000, 1.000000000000000000 ),
 .UNSPECIFIED. ) ;
#2319 = ORIENTED_EDGE ( 'NONE', *, *, #25, .T. ) ;
#2320 = ORIENTED_EDGE ( 'NONE', *, *, #8449, .F. ) ;
#2321 = LINE ( 'NONE', #3903, #7351 ) ;
#2322 = CARTESIAN_POINT ( 'NONE',  ( -25.15997194437119333, 64.49828291426281623, 81.99999999999994316 ) ) ;
#2324 = ORIENTED_EDGE ( 'NONE', *, *, #8465, .F. ) ;
#2323 = LINE ( 'NONE', #7464, #9499 ) ;
#2325 = FACE_BOUND ( 'NONE', #5434, .T. ) ;
#2326 = PLANE ( 'NONE',  #1294 ) ;
#2327 = DIRECTION ( 'NONE',  ( 0.000000000000000000, 0.000000000000000000, 1.000000000000000000 ) ) ;
#2328 = DIRECTION ( 'NONE',  ( 0.000000000000000000, 0.000000000000000000, 1.000000000000000000 ) ) ;
#2329 = ORIENTED_EDGE ( 'NONE', *, *, #5016, .F. ) ;
#2330 = DIRECTION ( 'NONE',  ( -1.000000000000000000, -0.000000000000000000, -0.000000000000000000 ) ) ;
#2331 = EDGE_CURVE ( 'NONE', #271, #7434, #1426, .T. ) ;
#2332 = VERTEX_POINT ( 'NONE', #8307 ) ;
#2333 = CARTESIAN_POINT ( 'NONE',  ( 33.32232879672930892, 22.23817181023015266, 8.623210178535375192 ) ) ;
#2334 = CARTESIAN_POINT ( 'NONE',  ( -56.41618903646842398, -44.98214775104940344, 27.75150255193246807 ) ) ;
#2335 =( LENGTH_UNIT ( ) NAMED_UNIT ( * ) SI_UNIT ( .MILLI., .METRE. ) );
#2336 = DIRECTION ( 'NONE',  ( 0.000000000000000000, 0.8798963622018147746, 0.4751656466791477351 ) ) ;
#2337 = VECTOR ( 'NONE', #3267, 1000.000000000000114 ) ;
#2338 = DIRECTION ( 'NONE',  ( 0.000000000000000000, 0.02844266007110470701, 0.9995954257038591750 ) ) ;
#2339 = CARTESIAN_POINT ( 'NONE',  ( -11.65267988265761190, 131.4460094002760400, 0.1899999999999999467 ) ) ;
#2340 =( BOUNDED_SURFACE ( )  B_SPLINE_SURFACE ( 3, 1, ( 
 ( #8130, #6789, #4373 ),
 ( #5859, #8871, #2098 ),
 ( #5117, #1345, #7679 ),
 ( #5415, #7030, #9317 ),
 ( #6846, #150, #6096 ),
 ( #2339, #255, #2490 ),
 ( #5466, #57, #5361 ) ),
 .UNSPECIFIED., .T., .F., .F. ) 
 B_SPLINE_SURFACE_WITH_KNOTS ( ( 4, 3, 4 ),
 ( 2, 1, 2 ),
 ( 0.000000000000000000, 0.5000000000000000000, 1.000000000000000000 ),
 ( -0.01000000000000000021, 0.000000000000000000, 1.000000000000000000 ),
 .UNSPECIFIED. ) 
 GEOMETRIC_REPRESENTATION_ITEM ( )  RATIONAL_B_SPLINE_SURFACE ( (
 ( 1.000000000000000000, 1.000000000000000000, 1.000000000000000000),
 ( 0.3333333333333333703, 0.3333333333333333703, 0.3333333333333333703),
 ( 0.3333333333333333703, 0.3333333333333333703, 0.3333333333333333703),
 ( 1.000000000000000000, 1.000000000000000000, 1.000000000000000000),
 ( 0.3333333333333333703, 0.3333333333333333703, 0.3333333333333333703),
 ( 0.3333333333333333703, 0.3333333333333333703, 0.3333333333333333703),
 ( 1.000000000000000000, 1.000000000000000000, 1.000000000000000000) ) ) 
 REPRESENTATION_ITEM ( '' )  SURFACE ( )  );
#2341 = EDGE_CURVE ( 'NONE', #1408, #3021, #133, .T. ) ;
#2342 = EDGE_CURVE ( 'NONE', #7974, #7315, #8357, .T. ) ;
#2343 = ORIENTED_EDGE ( 'NONE', *, *, #6578, .F. ) ;
#2344 = CARTESIAN_POINT ( 'NONE',  ( 33.32232879672930892, -57.76248438756075387, 68.62321017853619765 ) ) ;
#2345 = AXIS2_PLACEMENT_3D ( 'NONE', #3472, #7181, #6486 ) ;
#2346 = VERTEX_POINT ( 'NONE', #838 ) ;
#2347 = LINE ( 'NONE', #811, #4888 ) ;
#2348 = EDGE_CURVE ( 'NONE', #516, #7974, #1633, .T. ) ;
#2349 = ORIENTED_EDGE ( 'NONE', *, *, #4400, .F. ) ;
#2350 = CARTESIAN_POINT ( 'NONE',  ( 17.00000000000000000, -48.95995949022800886, 73.37678982146587714 ) ) ;
#2351 = LINE ( 'NONE', #1753, #1716 ) ;
#2352 = CARTESIAN_POINT ( 'NONE',  ( 33.32232879672930892, 10.89826179862681066, 8.376789821465251862 ) ) ;
#2353 = DIRECTION ( 'NONE',  ( 0.000000000000000000, -0.4751656466791471800, 0.8798963622018151076 ) ) ;
#2354 = CARTESIAN_POINT ( 'NONE',  ( 0.000000000000000000, 0.000000000000000000, 81.00000000000000000 ) ) ;
#2355 = CARTESIAN_POINT ( 'NONE',  ( 20.00000000000000000, -9.101902250820922191, 38.37678982146545792 ) ) ;
#2356 = CARTESIAN_POINT ( 'NONE',  ( 20.00000000000000000, 22.38044266971850504, 13.62321017853537519 ) ) ;
#2357 = AXIS2_PLACEMENT_3D ( 'NONE', #1040, #4067, #7075 ) ;
#2358 = ADVANCED_FACE ( 'NONE', ( #2171 ), #4502, .F. ) ;
#2359 = VERTEX_POINT ( 'NONE', #3018 ) ;
#2360 = ORIENTED_EDGE ( 'NONE', *, *, #4343, .T. ) ;
#2361 = ORIENTED_EDGE ( 'NONE', *, *, #581, .F. ) ;
#2362 = CARTESIAN_POINT ( 'NONE',  ( 17.00000000000000000, -13.21862298051057394, 31.00000000000062528 ) ) ;
#2363 = CIRCLE ( 'NONE', #9469, 1.400000000000000133 ) ;
#2364 = EDGE_CURVE ( 'NONE', #3119, #4280, #7900, .T. ) ;
#2365 = EDGE_CURVE ( 'NONE', #5017, #791, #9059, .T. ) ;
#2366 = CARTESIAN_POINT ( 'NONE',  ( 85.20941119025313526, -26.85241363541487658, 82.15649138140548757 ) ) ;
#2367 = VECTOR ( 'NONE', #2397, 1000.000000000000114 ) ;
#2368 = CARTESIAN_POINT ( 'NONE',  ( -82.23139344217959490, 11.21275687304307844, 27.78706460740623641 ) ) ;
#2369 = CARTESIAN_POINT ( 'NONE',  ( 33.32232879672930892, 46.49732744885589142, 21.00000000000000000 ) ) ;
#2370 = DIRECTION ( 'NONE',  ( -1.000000000000000000, -0.000000000000000000, -0.000000000000000000 ) ) ;
#2371 = EDGE_CURVE ( 'NONE', #5481, #4575, #2520, .T. ) ;
#2372 = VERTEX_POINT ( 'NONE', #6224 ) ;
#2373 = ORIENTED_EDGE ( 'NONE', *, *, #3703, .T. ) ;
#2374 = DIRECTION ( 'NONE',  ( -0.000000000000000000, -0.8514537021307108100, 0.5244297790247106628 ) ) ;
#2375 = CARTESIAN_POINT ( 'NONE',  ( 20.00000000000000000, 10.89826179862681066, 68.37678982146525186 ) ) ;
#2376 = VECTOR ( 'NONE', #411, 1000.000000000000114 ) ;
#2378 = EDGE_LOOP ( 'NONE', ( #3734, #2506, #3692, #8209, #2561, #389 ) ) ;
#2377 = CARTESIAN_POINT ( 'NONE',  ( 20.00000000000000000, -29.10206630026864616, 23.37678982146566753 ) ) ;
#2379 = CARTESIAN_POINT ( 'NONE',  ( 17.00000000000000000, -28.95979544078028312, 28.37678982146566753 ) ) ;
#2380 = DIRECTION ( 'NONE',  ( 0.000000000000000000, -0.9995954257038592861, 0.02844266007110329841 ) ) ;
#2381 = CARTESIAN_POINT ( 'NONE',  ( 27.77867102798075649, 54.29865984353053676, 1.000000000000000444 ) ) ;
#2382 = CARTESIAN_POINT ( 'NONE',  ( 86.45791978843452341, -26.37310446997210178, 81.00000000000000000 ) ) ;
#2383 = AXIS2_PLACEMENT_3D ( 'NONE', #3535, #6701, #6547 ) ;
#2384 = EDGE_LOOP ( 'NONE', ( #9525, #6657 ) ) ;
#2385 = LINE ( 'NONE', #7525, #3948 ) ;
#2386 = EDGE_LOOP ( 'NONE', ( #6583, #6950, #128, #5913 ) ) ;
#2387 = LINE ( 'NONE', #8224, #6767 ) ;
#2388 = AXIS2_PLACEMENT_3D ( 'NONE', #6341, #1845, #9419 ) ;
#2389 = CARTESIAN_POINT ( 'NONE',  ( -29.23714500543927386, -57.21087764943247578, 27.73515032410087855 ) ) ;
#2390 = DIRECTION ( 'NONE',  ( 0.000000000000000000, 0.9995954257038592861, -0.02844266007110471048 ) ) ;
#2391 = CARTESIAN_POINT ( 'NONE',  ( 33.32232879672930892, -57.76248438756075387, 68.62321017853619765 ) ) ;
#2392 = CARTESIAN_POINT ( 'NONE',  ( -19.30819096842357752, -56.24739087562570461, 1.056628313806469821 ) ) ;
#2393 = VECTOR ( 'NONE', #1994, 1000.000000000000227 ) ;
#2394 = ORIENTED_EDGE ( 'NONE', *, *, #2593, .T. ) ;
#2395 = DIRECTION ( 'NONE',  ( 0.000000000000000000, -0.8514537021307106990, 0.5244297790247106628 ) ) ;
#2396 = ORIENTED_EDGE ( 'NONE', *, *, #2087, .T. ) ;
#2397 = DIRECTION ( 'NONE',  ( 0.000000000000000000, 0.8798963622018151076, 0.4751656466791471800 ) ) ;
#2398 = EDGE_LOOP ( 'NONE', ( #3288, #8836, #7950, #3642 ) ) ;
#2399 = CARTESIAN_POINT ( 'NONE',  ( 17.00000000000000000, 2.380278620270778855, 73.62321017853558658 ) ) ;
#2400 = LINE ( 'NONE', #862, #4716 ) ;
#2401 = CARTESIAN_POINT ( 'NONE',  ( 17.00000000000000000, -8.959631391332559147, 28.37678982146545792 ) ) ;
#2402 = AXIS2_PLACEMENT_3D ( 'NONE', #8669, #6290, #4816 ) ;
#2403 = FACE_BOUND ( 'NONE', #5270, .T. ) ;
#2404 = DIRECTION ( 'NONE',  ( 0.000000000000000000, -0.8798963622018147746, -0.4751656466791477906 ) ) ;
#2405 = VECTOR ( 'NONE', #5299, 1000.000000000000114 ) ;
#2406 = CARTESIAN_POINT ( 'NONE',  ( -63.74660645184146546, -34.25684323748684079, 1.000000000000000444 ) ) ;
#2407 = CARTESIAN_POINT ( 'NONE',  ( 17.00000000000000000, 63.59034856782201928, 53.04899694829649093 ) ) ;
#2408 = VECTOR ( 'NONE', #2068, 1000.000000000000114 ) ;
#2409 = EDGE_CURVE ( 'NONE', #599, #3709, #8554, .T. ) ;
#2410 = VERTEX_POINT ( 'NONE', #6498 ) ;
#2411 = ORIENTED_EDGE ( 'NONE', *, *, #5561, .T. ) ;
#2412 = ORIENTED_EDGE ( 'NONE', *, *, #5973, .T. ) ;
#2413 = LINE ( 'NONE', #3942, #4524 ) ;
#2414 = VECTOR ( 'NONE', #9270, 1000.000000000000114 ) ;
#2415 = VECTOR ( 'NONE', #6145, 1000.000000000000000 ) ;
#2416 = CARTESIAN_POINT ( 'NONE',  ( 90.93169065948588070, -14.41713605851557389, 82.16622246097641380 ) ) ;
#2417 = CARTESIAN_POINT ( 'NONE',  ( -88.31305304289338665, 0.4328215579696608750, 54.98018446752353583 ) ) ;
#2418 = EDGE_CURVE ( 'NONE', #1263, #7201, #6966, .T. ) ;
#2419 = EDGE_CURVE ( 'NONE', #756, #8926, #189, .T. ) ;
#2420 = CARTESIAN_POINT ( 'NONE',  ( -49.69033678118565689, 52.88522367360062049, 54.93636204857288163 ) ) ;
#2421 = CARTESIAN_POINT ( 'NONE',  ( 17.00000000000000000, 11.04053265811517193, 43.37678982146525186 ) ) ;
#2422 = VECTOR ( 'NONE', #3274, 999.9999999999998863 ) ;
#2423 = EDGE_CURVE ( 'NONE', #7436, #6633, #4233, .T. ) ;
#2424 = ORIENTED_EDGE ( 'NONE', *, *, #4172, .T. ) ;
#2425 = ORIENTED_EDGE ( 'NONE', *, *, #1369, .T. ) ;
#2426 = DIRECTION ( 'NONE',  ( -0.000000000000000000, 1.000000000000000000, -0.000000000000000000 ) ) ;
#2427 = CARTESIAN_POINT ( 'NONE',  ( 17.00000000000000000, 51.04086075701062697, 73.37678982146483975 ) ) ;
#2428 = VECTOR ( 'NONE', #1728, 1000.000000000000000 ) ;
#2430 = ORIENTED_EDGE ( 'NONE', *, *, #5912, .T. ) ;
#2429 = CARTESIAN_POINT ( 'NONE',  ( -3.000000000000000000, 42.50000000000000000, 23.63860113793880302 ) ) ;
#2431 = CARTESIAN_POINT ( 'NONE',  ( 20.00000000000000000, 22.38044266971850504, 58.62321017853537342 ) ) ;
#2432 = DIRECTION ( 'NONE',  ( 0.000000000000000000, -0.4751656466791471800, 0.8798963622018151076 ) ) ;
#2433 = EDGE_CURVE ( 'NONE', #9708, #2936, #1779, .T. ) ;
#2434 = CARTESIAN_POINT ( 'NONE',  ( 33.32232879672930892, -8.959631391332559147, 73.37678982146546502 ) ) ;
#2435 = CARTESIAN_POINT ( 'NONE',  ( 17.00000000000000000, -57.99843505709356606, 1.041300569779510354 ) ) ;
#2436 = ORIENTED_EDGE ( 'NONE', *, *, #8331, .T. ) ;
#2437 = CARTESIAN_POINT ( 'NONE',  ( 20.00000000000000000, 46.49732744885589142, 21.00000000000000000 ) ) ;
#2438 = ORIENTED_EDGE ( 'NONE', *, *, #7133, .T. ) ;
#2439 = FACE_OUTER_BOUND ( 'NONE', #1273, .T. ) ;
#2440 = CARTESIAN_POINT ( 'NONE',  ( 6.455420417404644340, -60.78166983008376434, 27.73042002248038074 ) ) ;
#2441 = DIRECTION ( 'NONE',  ( 0.000000000000000000, 0.8514537021307104769, -0.5244297790247111068 ) ) ;
#2442 = CARTESIAN_POINT ( 'NONE',  ( 20.00000000000000000, -17.76215628866530949, 23.62321017853578908 ) ) ;
#2443 = CARTESIAN_POINT ( 'NONE',  ( -64.08686233580692715, -33.91753364743422594, 1.072389095481457000 ) ) ;
#2444 = ORIENTED_EDGE ( 'NONE', *, *, #6564, .T. ) ;
#2445 = CARTESIAN_POINT ( 'NONE',  ( 20.00000000000000000, -17.76215628866530949, 53.62321017853578553 ) ) ;
#2446 = VERTEX_POINT ( 'NONE', #7016 ) ;
#2447 = CARTESIAN_POINT ( 'NONE',  ( 20.00000000000000000, -57.76248438756075387, 68.62321017853619765 ) ) ;
#2448 = ORIENTED_EDGE ( 'NONE', *, *, #4713, .T. ) ;
#2449 = LINE ( 'NONE', #8477, #2220 ) ;
#2450 = CARTESIAN_POINT ( 'NONE',  ( 145.9104477611939501, -46.60928061002643830, 81.00000000000000000 ) ) ;
#2451 = PLANE ( 'NONE',  #9816 ) ;
#2452 = DIRECTION ( 'NONE',  ( 1.000000000000000000, 0.000000000000000000, 0.000000000000000000 ) ) ;
#2453 = DIRECTION ( 'NONE',  ( 0.000000000000000000, 0.8514537021307105880, -0.5244297790247107738 ) ) ;
#2454 = CARTESIAN_POINT ( 'NONE',  ( -3.000000000000000000, -34.50000000000011369, 11.04061919046182894 ) ) ;
#2455 = DIRECTION ( 'NONE',  ( 0.000000000000000000, -0.8514537021307104769, 0.5244297790247111068 ) ) ;
#2456 = VERTEX_POINT ( 'NONE', #8780 ) ;
#2457 = ORIENTED_EDGE ( 'NONE', *, *, #7044, .F. ) ;
#2458 = EDGE_LOOP ( 'NONE', ( #9736, #2484, #7486, #7321 ) ) ;
#2459 = DIRECTION ( 'NONE',  ( -0.000000000000000000, -0.000000000000000000, -1.000000000000000000 ) ) ;
#2460 = ORIENTED_EDGE ( 'NONE', *, *, #3868, .T. ) ;
#2461 = CARTESIAN_POINT ( 'NONE',  ( 72.61168995671287973, -22.67783425872910996, 0.5870400583555404062 ) ) ;
#2462 = EDGE_CURVE ( 'NONE', #4513, #2236, #2749, .T. ) ;
#2463 = CARTESIAN_POINT ( 'NONE',  ( -86.75545366843755346, 24.21824689920938667, 82.15891276039263857 ) ) ;
#2464 = DIRECTION ( 'NONE',  ( -1.000000000000000000, -0.000000000000000000, -0.000000000000000000 ) ) ;
#2465 = CARTESIAN_POINT ( 'NONE',  ( -51.13865488887586963, 48.35477386303097092, 27.75113674436312650 ) ) ;
#2466 = DIRECTION ( 'NONE',  ( -1.000000000000000000, -0.000000000000000000, -0.000000000000000000 ) ) ;
#2467 = ORIENTED_EDGE ( 'NONE', *, *, #1614, .F. ) ;
#2468 = EDGE_CURVE ( 'NONE', #8344, #3795, #466, .T. ) ;
#2469 = ORIENTED_EDGE ( 'NONE', *, *, #1745, .T. ) ;
#2470 = CARTESIAN_POINT ( 'NONE',  ( 20.00000000000000000, 22.23817181023015266, 8.623210178535375192 ) ) ;
#2471 = EDGE_CURVE ( 'NONE', #7000, #417, #926, .T. ) ;
#2472 = AXIS2_PLACEMENT_3D ( 'NONE', #1868, #9538, #4842 ) ;
#2473 = CARTESIAN_POINT ( 'NONE',  ( 33.32232879672930892, 42.23833585967788196, 68.62321017853516025 ) ) ;
#2475 = ORIENTED_EDGE ( 'NONE', *, *, #2179, .F. ) ;
#2474 = CARTESIAN_POINT ( 'NONE',  ( 33.32232879672930892, -53.21895107940602543, 46.00000000000103739 ) ) ;
#2476 = ADVANCED_FACE ( 'NONE', ( #7288 ), #4056, .F. ) ;
#2477 = DIRECTION ( 'NONE',  ( 0.000000000000000000, 0.000000000000000000, -1.000000000000000000 ) ) ;
#2478 = CARTESIAN_POINT ( 'NONE',  ( 17.00000000000000000, -53.50349279838275862, 6.000000000001043610 ) ) ;
#2479 = CARTESIAN_POINT ( 'NONE',  ( -34.21242532547582726, 52.27993019034131805, 1.000000000000000000 ) ) ;
#2480 = FACE_OUTER_BOUND ( 'NONE', #8131, .T. ) ;
#2481 = EDGE_CURVE ( 'NONE', #8693, #3483, #5448, .T. ) ;
#2482 = VERTEX_POINT ( 'NONE', #239 ) ;
#2483 = CARTESIAN_POINT ( 'NONE',  ( 33.32232879672930892, 6.781541068937156247, 76.00000000000041211 ) ) ;
#2484 = ORIENTED_EDGE ( 'NONE', *, *, #243, .T. ) ;
#2485 = EDGE_CURVE ( 'NONE', #3514, #5239, #2004, .T. ) ;
#2486 = FACE_OUTER_BOUND ( 'NONE', #3534, .T. ) ;
#2487 = DIRECTION ( 'NONE',  ( -0.7071067811865415775, 0.7071067811865534569, 0.000000000000000000 ) ) ;
#2488 = LINE ( 'NONE', #9365, #8553 ) ;
#2489 = CARTESIAN_POINT ( 'NONE',  ( 20.00000000000000000, -17.76215628866530949, 53.62321017853578553 ) ) ;
#2490 = CARTESIAN_POINT ( 'NONE',  ( -13.58256267052398947, 151.7348211226566832, 82.00000000000001421 ) ) ;
#2491 = ORIENTED_EDGE ( 'NONE', *, *, #171, .F. ) ;
#2492 = CARTESIAN_POINT ( 'NONE',  ( 17.00000000000000000, 22.38044266971850504, 43.62321017853537342 ) ) ;
#2493 = VERTEX_POINT ( 'NONE', #7990 ) ;
#2494 = DIRECTION ( 'NONE',  ( 0.000000000000000000, -0.02844266007110470701, -0.9995954257038591750 ) ) ;
#2495 = ORIENTED_EDGE ( 'NONE', *, *, #1142, .T. ) ;
#2496 = CARTESIAN_POINT ( 'NONE',  ( 33.32232879672930892, 46.49732744885589142, 51.00000000000000711 ) ) ;
#2497 = LINE ( 'NONE', #4630, #1869 ) ;
#2498 = CARTESIAN_POINT ( 'NONE',  ( -75.00000000000000000, 0.000000000000000000, 0.000000000000000000 ) ) ;
#2499 = VECTOR ( 'NONE', #94, 1000.000000000000000 ) ;
#2500 = DIRECTION ( 'NONE',  ( -0.000000000000000000, 0.5244297790247111068, 0.8514537021307104769 ) ) ;
#2501 = CARTESIAN_POINT ( 'NONE',  ( 17.00000000000000000, -49.10223034971637190, 68.37678982146587714 ) ) ;
#2502 = CARTESIAN_POINT ( 'NONE',  ( -8.960815739075757236, -57.72131587608388514, 1.000000000000000222 ) ) ;
#2503 = DIRECTION ( 'NONE',  ( -0.000000000000000000, -0.8514537021307111431, 0.5244297790247101076 ) ) ;
#2504 = ORIENTED_EDGE ( 'NONE', *, *, #7722, .F. ) ;
#2505 = DIRECTION ( 'NONE',  ( -1.000000000000000000, -0.000000000000000000, -0.000000000000000000 ) ) ;
#2506 = ORIENTED_EDGE ( 'NONE', *, *, #6453, .T. ) ;
#2507 = DIRECTION ( 'NONE',  ( 0.000000000000000000, -0.9995954257038592861, 0.02844266007110328107 ) ) ;
#2508 = ORIENTED_EDGE ( 'NONE', *, *, #7713, .T. ) ;
#2509 = CARTESIAN_POINT ( 'NONE',  ( 85.38466582386139692, -26.56217755246133905, 82.15676247700594104 ) ) ;
#2510 = VECTOR ( 'NONE', #3427, 1000.000000000000000 ) ;
#2511 = CARTESIAN_POINT ( 'NONE',  ( -92.76322652825827220, 5.452312000010544502, 82.16980100833148981 ) ) ;
#2512 = DIRECTION ( 'NONE',  ( 0.000000000000000000, -0.8798963622018145525, -0.4751656466791481792 ) ) ;
#2513 = CARTESIAN_POINT ( 'NONE',  ( -9.269422242879306495, 63.63135996239506653, 54.92281312528686499 ) ) ;
#2514 = CARTESIAN_POINT ( 'NONE',  ( 33.32232879672930892, 51.04086075701062697, 58.37678982146483264 ) ) ;
#2515 = ORIENTED_EDGE ( 'NONE', *, *, #1085, .T. ) ;
#2516 = ADVANCED_FACE ( 'NONE', ( #5023 ), #8037, .F. ) ;
#2517 = VECTOR ( 'NONE', #8652, 1000.000000000000114 ) ;
#2518 = ORIENTED_EDGE ( 'NONE', *, *, #2590, .F. ) ;
#2519 = DIRECTION ( 'NONE',  ( 0.000000000000000000, 0.000000000000000000, 1.000000000000000000 ) ) ;
#2520 = LINE ( 'NONE', #2701, #7863 ) ;
#2521 = CARTESIAN_POINT ( 'NONE',  ( 17.00000000000000000, -17.61988542917695355, 43.62321017853579264 ) ) ;
#2522 = FACE_OUTER_BOUND ( 'NONE', #7827, .T. ) ;
#2523 = PLANE ( 'NONE',  #3369 ) ;
#2524 = CARTESIAN_POINT ( 'NONE',  ( -3.000000000000000000, 42.49999999999990052, 11.43860113793879840 ) ) ;
#2525 = VECTOR ( 'NONE', #6475, 1000.000000000000000 ) ;
#2526 = DIRECTION ( 'NONE',  ( 0.000000000000000000, -0.8798963622018151076, -0.4751656466791471800 ) ) ;
#2527 = ADVANCED_FACE ( 'NONE', ( #4693 ), #6175, .F. ) ;
#2528 = EDGE_CURVE ( 'NONE', #2756, #8611, #7761, .T. ) ;
#2529 = AXIS2_PLACEMENT_3D ( 'NONE', #8938, #673, #1356 ) ;
#2530 = ORIENTED_EDGE ( 'NONE', *, *, #4400, .T. ) ;
#2531 = DIRECTION ( 'NONE',  ( 0.000000000000000000, 0.8514537021307106990, -0.5244297790247107738 ) ) ;
#2532 = ORIENTED_EDGE ( 'NONE', *, *, #8894, .F. ) ;
#2533 = DIRECTION ( 'NONE',  ( 0.000000000000000000, 0.02844266007110470007, 0.9995954257038591750 ) ) ;
#2534 = LINE ( 'NONE', #6377, #4735 ) ;
#2535 = DIRECTION ( 'NONE',  ( 0.000000000000000000, 0.8514537021307111431, -0.5244297790247101076 ) ) ;
#2536 = EDGE_CURVE ( 'NONE', #6311, #5984, #7705, .T. ) ;
#2537 = LINE ( 'NONE', #1742, #4934 ) ;
#2538 = EDGE_CURVE ( 'NONE', #1976, #6340, #4746, .T. ) ;
#2539 = CARTESIAN_POINT ( 'NONE',  ( -61.28400460467440780, -36.65601261765601038, 1.070548943016946586 ) ) ;
#2540 = VECTOR ( 'NONE', #9185, 1000.000000000000000 ) ;
#2541 = ADVANCED_FACE ( 'NONE', ( #1959 ), #7491, .F. ) ;
#2542 = VERTEX_POINT ( 'NONE', #3694 ) ;
#2543 = DIRECTION ( 'NONE',  ( 0.000000000000000000, 0.000000000000000000, 1.000000000000000000 ) ) ;
#2544 = ORIENTED_EDGE ( 'NONE', *, *, #6565, .F. ) ;
#2545 = CARTESIAN_POINT ( 'NONE',  ( 79.99999999999997158, -118.0000000000000142, 0.000000000000000000 ) ) ;
#2546 = VECTOR ( 'NONE', #1031, 1000.000000000000114 ) ;
#2547 = ORIENTED_EDGE ( 'NONE', *, *, #1493, .F. ) ;
#2548 = DIRECTION ( 'NONE',  ( 0.000000000000000000, -0.8798963622018148856, -0.4751656466791477906 ) ) ;
#2549 = DIRECTION ( 'NONE',  ( -0.000000000000000000, -0.000000000000000000, -1.000000000000000000 ) ) ;
#2550 = CARTESIAN_POINT ( 'NONE',  ( 33.32232879672930892, -53.50349279838275862, 6.000000000001043610 ) ) ;
#2551 = DIRECTION ( 'NONE',  ( 0.000000000000000000, -0.5244297790247106628, -0.8514537021307108100 ) ) ;
#2552 = CARTESIAN_POINT ( 'NONE',  ( -68.63811641573450117, 28.94871503503686228, 1.086298991543278358 ) ) ;
#2553 = CARTESIAN_POINT ( 'NONE',  ( 31.00345779452702644, -53.44787458323834528, 1.000000000000000000 ) ) ;
#2554 = EDGE_CURVE ( 'NONE', #3191, #5589, #9775, .T. ) ;
#2555 = DIRECTION ( 'NONE',  ( -1.000000000000000000, 0.000000000000000000, 0.000000000000000000 ) ) ;
#2556 = VECTOR ( 'NONE', #4011, 1000.000000000000114 ) ;
#2557 = VERTEX_POINT ( 'NONE', #5917 ) ;
#2558 = CARTESIAN_POINT ( 'NONE',  ( 17.00000000000000000, -37.76232033811303523, 38.62321017853599869 ) ) ;
#2559 = VERTEX_POINT ( 'NONE', #6598 ) ;
#2560 = DIRECTION ( 'NONE',  ( 0.000000000000000000, 0.000000000000000000, 1.000000000000000000 ) ) ;
#2561 = ORIENTED_EDGE ( 'NONE', *, *, #1984, .T. ) ;
#2562 = AXIS2_PLACEMENT_3D ( 'NONE', #4047, #1771, #7054 ) ;
#2563 = CARTESIAN_POINT ( 'NONE',  ( 92.88120412770648215, 5.195211999353225529, 82.17002471547269238 ) ) ;
#2564 = CARTESIAN_POINT ( 'NONE',  ( -92.00292627934655343, 10.12479002413716955, 82.16829156959506975 ) ) ;
#2565 = DIRECTION ( 'NONE',  ( 0.000000000000000000, -0.9995954257038592861, 0.02844266007110328107 ) ) ;
#2566 = CARTESIAN_POINT ( 'NONE',  ( -24.38184132990550523, 55.10526964765998059, 0.5502483021153541376 ) ) ;
#2567 = VECTOR ( 'NONE', #1282, 1000.000000000000000 ) ;
#2568 = EDGE_LOOP ( 'NONE', ( #7370, #7336, #2075, #1425, #1834, #4830 ) ) ;
#2569 = ORIENTED_EDGE ( 'NONE', *, *, #2284, .T. ) ;
#2570 = CARTESIAN_POINT ( 'NONE',  ( 77.10147711739445242, -12.75794128722429832, 1.083616325361471899 ) ) ;
#2571 = VECTOR ( 'NONE', #7533, 1000.000000000000227 ) ;
#2572 = CARTESIAN_POINT ( 'NONE',  ( 38.61545037107920564, -60.98974896804855916, 82.11757813983088283 ) ) ;
#2573 = CARTESIAN_POINT ( 'NONE',  ( 75.00000000000000000, -6.735557395310442615E-15, 1.000000000000000000 ) ) ;
#2574 = LINE ( 'NONE', #986, #4162 ) ;
#2575 = CIRCLE ( 'NONE', #6519, 1.399999999999998579 ) ;
#2576 = CARTESIAN_POINT ( 'NONE',  ( -65.38716175111950690, 32.59534812789569003, 1.000000000000000000 ) ) ;
#2577 = CARTESIAN_POINT ( 'NONE',  ( 33.32232879672930892, 2.380278620270778855, 13.62321017853558480 ) ) ;
#2578 = EDGE_LOOP ( 'NONE', ( #8774, #1710, #9388, #4884, #2508, #5642 ) ) ;
#2579 = VECTOR ( 'NONE', #193, 1000.000000000000000 ) ;
#2580 = EDGE_LOOP ( 'NONE', ( #8875, #8679, #6279, #3298 ) ) ;
#2581 = CARTESIAN_POINT ( 'NONE',  ( 20.00000000000000000, 46.78186916783261040, 16.00000000000000000 ) ) ;
#2582 = ORIENTED_EDGE ( 'NONE', *, *, #1756, .F. ) ;
#2583 = CARTESIAN_POINT ( 'NONE',  ( 33.32232879672930892, -13.50316469948729292, 36.00000000000062528 ) ) ;
#2584 = CARTESIAN_POINT ( 'NONE',  ( 33.32232879672930892, 22.38044266971850504, 13.62321017853537519 ) ) ;
#2585 = FACE_OUTER_BOUND ( 'NONE', #7984, .T. ) ;
#2586 = EDGE_CURVE ( 'NONE', #7, #6442, #8238, .T. ) ;
#2587 = DIRECTION ( 'NONE',  ( -0.000000000000000000, -0.8514537021307109210, 0.5244297790247105517 ) ) ;
#2588 = EDGE_LOOP ( 'NONE', ( #8927, #6291, #7273, #9255 ) ) ;
#2589 = CARTESIAN_POINT ( 'NONE',  ( 33.32232879672930892, -8.959631391332559147, 43.37678982146545792 ) ) ;
#2590 = EDGE_CURVE ( 'NONE', #4695, #6173, #713, .T. ) ;
#2591 = EDGE_LOOP ( 'NONE', ( #6847, #7472, #9335, #6375 ) ) ;
#2592 = PLANE ( 'NONE',  #2402 ) ;
#2593 = EDGE_CURVE ( 'NONE', #6962, #346, #8376, .T. ) ;
#2594 = ORIENTED_EDGE ( 'NONE', *, *, #2423, .F. ) ;
#2595 = DIRECTION ( 'NONE',  ( -1.000000000000000000, -0.000000000000000000, -0.000000000000000000 ) ) ;
#2596 = LINE ( 'NONE', #8769, #601 ) ;
#2597 = CARTESIAN_POINT ( 'NONE',  ( 17.00000000000000000, -49.10223034971637190, 53.37678982146587714 ) ) ;
#2598 = CARTESIAN_POINT ( 'NONE',  ( 13.58256267052401611, -151.7348211226566832, 82.00000000000001421 ) ) ;
#2599 = CARTESIAN_POINT ( 'NONE',  ( -71.07344828788421864, 25.58731214064444259, 1.086298991543278580 ) ) ;
#2600 = ADVANCED_FACE ( 'NONE', ( #9032, #1305, #3536, #9578, #565, #4334, #5868, #3736, #5274, #6548, #5170, #2902, #4530, #6745, #8882, #7338, #1456, #2107, #7440, #6651, #8184, #669, #2992, #1402, #9684, #8137, #4433 ), #2254, .F. ) ;
#2601 = CARTESIAN_POINT ( 'NONE',  ( 58.71774377031643155, -38.83308170458418118, 0.9999999999999997780 ) ) ;
#2602 = CARTESIAN_POINT ( 'NONE',  ( 20.00000000000000000, -13.21862298051057394, 76.00000000000062528 ) ) ;
#2603 = ORIENTED_EDGE ( 'NONE', *, *, #597, .T. ) ;
#2604 = CARTESIAN_POINT ( 'NONE',  ( 20.00000000000000000, 22.38044266971850504, 58.62321017853537342 ) ) ;
#2605 = ORIENTED_EDGE ( 'NONE', *, *, #6046, .F. ) ;
#2606 = FACE_OUTER_BOUND ( 'NONE', #9438, .T. ) ;
#2607 = ORIENTED_EDGE ( 'NONE', *, *, #9000, .T. ) ;
#2608 = CARTESIAN_POINT ( 'NONE',  ( 93.10750763840491118, 1.610582403275071517, 82.17050290041900951 ) ) ;
#2609 = CARTESIAN_POINT ( 'NONE',  ( -69.13568502613138378, -39.79605462454694020, 54.95068880771050601 ) ) ;
#2610 = EDGE_CURVE ( 'NONE', #2158, #915, #1505, .T. ) ;
#2611 = CARTESIAN_POINT ( 'NONE',  ( 76.20613688043290779, 15.30310212740819686, 1.082660105422419861 ) ) ;
#2612 = CARTESIAN_POINT ( 'NONE',  ( -42.51648630106344484, 48.83568733366917769, 0.5591407459608809249 ) ) ;
#2613 = ORIENTED_EDGE ( 'NONE', *, *, #609, .T. ) ;
#2614 = ORIENTED_EDGE ( 'NONE', *, *, #3273, .T. ) ;
#2615 = CARTESIAN_POINT ( 'NONE',  ( 74.35791894175108041, -19.59542026486519717, 1.080775682838420515 ) ) ;
#2616 = CARTESIAN_POINT ( 'NONE',  ( 21.97503917134028839, -58.85294669514963317, 27.73297673501864935 ) ) ;
#2617 = LINE ( 'NONE', #1781, #5525 ) ;
#2618 = CARTESIAN_POINT ( 'NONE',  ( 33.32232879672930892, 31.04069670756290122, 43.37678982146503870 ) ) ;
#2619 = FACE_OUTER_BOUND ( 'NONE', #2239, .T. ) ;
#2620 = CARTESIAN_POINT ( 'NONE',  ( -80.00000000000000000, 7.886543236694392611, 1.000000000000000000 ) ) ;
#2621 = EDGE_LOOP ( 'NONE', ( #2745, #5471, #9428, #3447, #8032, #9703 ) ) ;
#2622 = ORIENTED_EDGE ( 'NONE', *, *, #9297, .T. ) ;
#2623 = DIRECTION ( 'NONE',  ( 0.000000000000000000, -0.8798963622018147746, -0.4751656466791477906 ) ) ;
#2624 = ORIENTED_EDGE ( 'NONE', *, *, #2342, .F. ) ;
#2625 = LINE ( 'NONE', #5462, #129 ) ;
#2626 = DIRECTION ( 'NONE',  ( 0.000000000000000000, 0.9999999996565578364, -2.620847431606588592E-05 ) ) ;
#2627 = CARTESIAN_POINT ( 'NONE',  ( 20.00000000000000000, 6.496999349960439041, 66.00000000000042633 ) ) ;
#2628 = DIRECTION ( 'NONE',  ( 0.000000000000000000, 0.4751656466791477906, -0.8798963622018148856 ) ) ;
#2629 = ORIENTED_EDGE ( 'NONE', *, *, #299, .F. ) ;
#2630 = CARTESIAN_POINT ( 'NONE',  ( 17.00000000000000000, -9.101902250820922191, 53.37678982146545792 ) ) ;
#2631 = EDGE_CURVE ( 'NONE', #2670, #1709, #2799, .T. ) ;
#2632 = ORIENTED_EDGE ( 'NONE', *, *, #1687, .T. ) ;
#2633 = CARTESIAN_POINT ( 'NONE',  ( 17.00000000000000000, 2.380278620270778855, 43.62321017853558658 ) ) ;
#2634 = ORIENTED_EDGE ( 'NONE', *, *, #8894, .T. ) ;
#2635 = FACE_OUTER_BOUND ( 'NONE', #1395, .T. ) ;
#2636 = DIRECTION ( 'NONE',  ( 0.000000000000000000, -0.5244297790247101076, -0.8514537021307111431 ) ) ;
#2637 = CARTESIAN_POINT ( 'NONE',  ( 159.6513234039176723, 98.90143958079084996, 82.00000000000001421 ) ) ;
#2638 = CARTESIAN_POINT ( 'NONE',  ( 59.62707948716892759, 38.22108881673316461, 1.086298991543278358 ) ) ;
#2639 = CARTESIAN_POINT ( 'NONE',  ( -79.00000000000000000, 1.641902789998396647E-15, 1.086298605844412180 ) ) ;
#2640 = PLANE ( 'NONE',  #151 ) ;
#2641 = EDGE_CURVE ( 'NONE', #2727, #4744, #5077, .T. ) ;
#2642 = EDGE_CURVE ( 'NONE', #4040, #9337, #2400, .T. ) ;
#2643 = ORIENTED_EDGE ( 'NONE', *, *, #6468, .T. ) ;
#2644 = LINE ( 'NONE', #3347, #9397 ) ;
#2645 = EDGE_CURVE ( 'NONE', #6859, #4428, #7736, .T. ) ;
#2646 = ORIENTED_EDGE ( 'NONE', *, *, #4036, .F. ) ;
#2647 = CARTESIAN_POINT ( 'NONE',  ( -3.000000000000000000, 42.49999999999986500, 5.038601137938799823 ) ) ;
#2648 = ORIENTED_EDGE ( 'NONE', *, *, #6458, .F. ) ;
#2649 = CARTESIAN_POINT ( 'NONE',  ( 71.90371074781963046, 31.16507078811056886, 27.76906933814801803 ) ) ;
#2650 = CARTESIAN_POINT ( 'NONE',  ( -86.55991952075288509, -24.50898756360562203, 82.15861501629521513 ) ) ;
#2651 = CARTESIAN_POINT ( 'NONE',  ( 19.00255956476212305, 57.32085297827334358, 1.038278227179850521 ) ) ;
#2652 = LINE ( 'NONE', #1116, #624 ) ;
#2653 = VECTOR ( 'NONE', #638, 1000.000000000000000 ) ;
#2654 = EDGE_CURVE ( 'NONE', #5866, #5611, #3840, .T. ) ;
#2655 =( BOUNDED_CURVE ( )  B_SPLINE_CURVE ( 3, ( #401, #362, #5652, #9461 ),
 .UNSPECIFIED., .F., .F. ) 
 B_SPLINE_CURVE_WITH_KNOTS ( ( 4, 4 ),
 ( 0.1200781010159901185, 0.2549831986222403368 ),
 .UNSPECIFIED. ) 
 CURVE ( )  GEOMETRIC_REPRESENTATION_ITEM ( )  RATIONAL_B_SPLINE_CURVE ( ( 0.5042638910744829950, 0.4706392998530211091, 0.6358846694948601108, 1.000000000000000000 ) ) 
 REPRESENTATION_ITEM ( '' )  );
#2656 = ORIENTED_EDGE ( 'NONE', *, *, #3311, .F. ) ;
#2657 = EDGE_CURVE ( 'NONE', #1617, #1882, #2351, .T. ) ;
#2658 = EDGE_CURVE ( 'NONE', #2410, #8941, #7589, .T. ) ;
#2659 = ORIENTED_EDGE ( 'NONE', *, *, #3674, .T. ) ;
#2660 = LINE ( 'NONE', #6365, #7832 ) ;
#2661 = VECTOR ( 'NONE', #2786, 1000.000000000000000 ) ;
#2662 = CARTESIAN_POINT ( 'NONE',  ( 17.00000000000000000, 6.781541068937156247, 16.00000000000041567 ) ) ;
#2663 = CARTESIAN_POINT ( 'NONE',  ( 17.00000000000000000, 46.78186916783261040, 31.00000000000000000 ) ) ;
#2664 = CARTESIAN_POINT ( 'NONE',  ( 17.00000000000000000, 26.78170511838488466, 46.00000000000019895 ) ) ;
#2665 = LINE ( 'NONE', #6415, #6629 ) ;
#2666 = CARTESIAN_POINT ( 'NONE',  ( 17.00000000000000000, 50.89858989752226393, 8.376789821464836194 ) ) ;
#2667 = ADVANCED_FACE ( 'NONE', ( #3145 ), #8334, .F. ) ;
#2668 = VECTOR ( 'NONE', #6926, 1000.000000000000114 ) ;
#2669 = ORIENTED_EDGE ( 'NONE', *, *, #4472, .T. ) ;
#2670 = VERTEX_POINT ( 'NONE', #5372 ) ;
#2671 = LINE ( 'NONE', #3276, #3132 ) ;
#2672 = VECTOR ( 'NONE', #8149, 1000.000000000000000 ) ;
#2673 = VERTEX_POINT ( 'NONE', #3786 ) ;
#2674 = DIRECTION ( 'NONE',  ( -1.000000000000000000, -0.000000000000000000, -0.000000000000000000 ) ) ;
#2675 = VECTOR ( 'NONE', #3812, 1000.000000000000000 ) ;
#2676 = FACE_OUTER_BOUND ( 'NONE', #4482, .T. ) ;
#2677 = DIRECTION ( 'NONE',  ( -0.000000000000000000, -0.000000000000000000, -1.000000000000000000 ) ) ;
#2678 = DIRECTION ( 'NONE',  ( 0.000000000000000000, 0.8798963622018147746, 0.4751656466791477351 ) ) ;
#2679 = VECTOR ( 'NONE', #9212, 1000.000000000000000 ) ;
#2680 = EDGE_CURVE ( 'NONE', #2542, #5342, #918, .T. ) ;
#2681 = DIRECTION ( 'NONE',  ( 0.000000000000000000, -1.000000000000000000, 0.000000000000000000 ) ) ;
#2682 = VERTEX_POINT ( 'NONE', #3193 ) ;
#2683 = CARTESIAN_POINT ( 'NONE',  ( 16.99999999999997868, -65.86347282602000064, 82.00000000000000000 ) ) ;
#2684 = ORIENTED_EDGE ( 'NONE', *, *, #7340, .F. ) ;
#2685 = LINE ( 'NONE', #262, #9340 ) ;
#2686 = DIRECTION ( 'NONE',  ( 1.000000000000000000, -0.000000000000000000, -0.000000000000000000 ) ) ;
#2687 = LINE ( 'NONE', #3428, #1928 ) ;
#2688 = CARTESIAN_POINT ( 'NONE',  ( -35.11047444664616535, 52.08988500552247558, 1.000000000000000222 ) ) ;
#2689 = VECTOR ( 'NONE', #2143, 1000.000000000000000 ) ;
#2690 = EDGE_CURVE ( 'NONE', #8448, #5963, #2497, .T. ) ;
#2691 = CARTESIAN_POINT ( 'NONE',  ( -79.00000000000000000, 1.641902789998396647E-15, 1.000000000000000000 ) ) ;
#2692 = CARTESIAN_POINT ( 'NONE',  ( 17.00000000000000000, 6.781541068937156247, 46.00000000000041211 ) ) ;
#2693 = ADVANCED_FACE ( 'NONE', ( #957 ), #1659, .F. ) ;
#2694 = AXIS2_PLACEMENT_3D ( 'NONE', #1608, #3147, #5325 ) ;
#2695 = ORIENTED_EDGE ( 'NONE', *, *, #9659, .T. ) ;
#2696 = DIRECTION ( 'NONE',  ( -0.000000000000000000, -0.8514537021307111431, 0.5244297790247101076 ) ) ;
#2697 = VECTOR ( 'NONE', #7538, 1000.000000000000000 ) ;
#2698 = VERTEX_POINT ( 'NONE', #7539 ) ;
#2699 = DIRECTION ( 'NONE',  ( 0.000000000000000000, 0.02844266007110329841, 0.9995954257038591750 ) ) ;
#2700 = EDGE_LOOP ( 'NONE', ( #9654, #9321, #4089, #7582, #4251, #6822 ) ) ;
#2701 = CARTESIAN_POINT ( 'NONE',  ( 17.00000000000000000, 6.496999349960439041, 21.00000000000041922 ) ) ;
#2702 = CARTESIAN_POINT ( 'NONE',  ( 78.20598063271634715, 7.748743692280624984, 0.5983298217712764711 ) ) ;
#2703 = CARTESIAN_POINT ( 'NONE',  ( -82.18183924327108514, -23.41248792776919174, 54.96857446902340172 ) ) ;
#2704 = AXIS2_PLACEMENT_3D ( 'NONE', #7514, #9751, #2128 ) ;
#2705 = CARTESIAN_POINT ( 'NONE',  ( 74.40848558171697391, 19.54895377934947831, 1.080818628698419159 ) ) ;
#2706 = CARTESIAN_POINT ( 'NONE',  ( -54.76693236975312118, 46.16780562805354293, 27.75406714338480896 ) ) ;
#2707 = ADVANCED_FACE ( 'NONE', ( #7641 ), #4682, .F. ) ;
#2708 = ORIENTED_EDGE ( 'NONE', *, *, #585, .T. ) ;
#2709 = PRODUCT_DEFINITION ( '鏈', '', #1613, #1211 ) ;
#2710 = ORIENTED_EDGE ( 'NONE', *, *, #2536, .T. ) ;
#2711 = CARTESIAN_POINT ( 'NONE',  ( 47.41777275080593057, -46.40267497183937451, 1.063671278017678246 ) ) ;
#2712 = CIRCLE ( 'NONE', #8240, 1.400000000000001910 ) ;
#2713 = ADVANCED_FACE ( 'NONE', ( #1605 ), #3243, .F. ) ;
#2714 = ADVANCED_FACE ( 'NONE', ( #3047 ), #3096, .F. ) ;
#2715 = CARTESIAN_POINT ( 'NONE',  ( 25.98652591565731029, -61.14897413110346491, 54.92385103462467555 ) ) ;
#2716 = CARTESIAN_POINT ( 'NONE',  ( 17.00000000000000000, -37.00000000000000711, 1.040750232833449918 ) ) ;
#2717 = CARTESIAN_POINT ( 'NONE',  ( 17.00000000000000000, 49.99999999999997158, 22.89152920658165158 ) ) ;
#2718 = SURFACE_STYLE_USAGE ( .BOTH. , #8792 ) ;
#2719 = EDGE_CURVE ( 'NONE', #372, #4129, #8478, .T. ) ;
#2720 = DIRECTION ( 'NONE',  ( 0.000000000000000000, -0.8798963622018147746, -0.4751656466791477906 ) ) ;
#2721 = CARTESIAN_POINT ( 'NONE',  ( 67.61892501578381598, -45.97999453152799276, 81.99999999999995737 ) ) ;
#2722 = CIRCLE ( 'NONE', #3197, 1.399999999999998579 ) ;
#2723 = ORIENTED_EDGE ( 'NONE', *, *, #47, .T. ) ;
#2724 = ORIENTED_EDGE ( 'NONE', *, *, #3149, .T. ) ;
#2725 = DIRECTION ( 'NONE',  ( 0.000000000000000000, -0.8514537021307106990, 0.5244297790247107738 ) ) ;
#2726 = CIRCLE ( 'NONE', #8254, 1.399999999999998579 ) ;
#2727 = VERTEX_POINT ( 'NONE', #9087 ) ;
#2728 = DIRECTION ( 'NONE',  ( -1.000000000000000000, -0.000000000000000000, -0.000000000000000000 ) ) ;
#2729 = LINE ( 'NONE', #9657, #5837 ) ;
#2730 = FACE_OUTER_BOUND ( 'NONE', #4126, .T. ) ;
#2731 = DIRECTION ( 'NONE',  ( -1.000000000000000000, -0.000000000000000000, -0.000000000000000000 ) ) ;
#2732 = VECTOR ( 'NONE', #234, 1000.000000000000000 ) ;
#2733 = DIRECTION ( 'NONE',  ( 0.000000000000000000, -0.5244297790247101076, -0.8514537021307111431 ) ) ;
#2734 = VERTEX_POINT ( 'NONE', #2302 ) ;
#2735 = CARTESIAN_POINT ( 'NONE',  ( -92.40622800570359630, 7.512084424654831061, 82.00000000000001421 ) ) ;
#2736 = ORIENTED_EDGE ( 'NONE', *, *, #402, .T. ) ;
#2737 = DIRECTION ( 'NONE',  ( 0.000000000000000000, 0.4751656466791482347, -0.8798963622018146635 ) ) ;
#2738 = CARTESIAN_POINT ( 'NONE',  ( 20.00000000000000000, 46.78186916783261040, 31.00000000000000000 ) ) ;
#2739 = DIRECTION ( 'NONE',  ( -1.000000000000000000, 0.000000000000000000, 0.000000000000000000 ) ) ;
#2740 = LINE ( 'NONE', #8024, #178 ) ;
#2741 = CARTESIAN_POINT ( 'NONE',  ( 76.51329562462342437, -14.46883190942923036, 1.000000000000000222 ) ) ;
#2742 = LINE ( 'NONE', #9468, #8850 ) ;
#2743 = ORIENTED_EDGE ( 'NONE', *, *, #7359, .T. ) ;
#2744 = FACE_OUTER_BOUND ( 'NONE', #3301, .T. ) ;
#2745 = ORIENTED_EDGE ( 'NONE', *, *, #2462, .F. ) ;
#2746 = DIRECTION ( 'NONE',  ( 1.000000000000000000, 0.000000000000000000, 0.000000000000000000 ) ) ;
#2747 = VERTEX_POINT ( 'NONE', #3983 ) ;
#2748 = CARTESIAN_POINT ( 'NONE',  ( 145.9104477611940069, 46.60928061002636014, 82.00000000000000000 ) ) ;
#2749 = LINE ( 'NONE', #4799, #4559 ) ;
#2750 = AXIS2_PLACEMENT_3D ( 'NONE', #2147, #4429, #7437 ) ;
#2751 = CARTESIAN_POINT ( 'NONE',  ( 82.29113770375577985, 23.30091269774855434, 54.96872772751817848 ) ) ;
#2752 = CARTESIAN_POINT ( 'NONE',  ( -87.36388589107571079, -9.716884084189555182, 54.97820065796769029 ) ) ;
#2753 = CARTESIAN_POINT ( 'NONE',  ( 70.17058308479781203, 26.64225204023919247, 1.076981922875666298 ) ) ;
#2754 = CARTESIAN_POINT ( 'NONE',  ( -51.70670786846297062, 43.86887779806447440, 0.5661855924613258262 ) ) ;
#2755 = ORIENTED_EDGE ( 'NONE', *, *, #4584, .F. ) ;
#2756 = VERTEX_POINT ( 'NONE', #9278 ) ;
#2757 = CARTESIAN_POINT ( 'NONE',  ( 33.32232879672930892, 2.238007760782423361, 8.623210178535583026 ) ) ;
#2758 = ADVANCED_FACE ( 'NONE', ( #263 ), #7790, .F. ) ;
#2759 = CARTESIAN_POINT ( 'NONE',  ( 19.23812842214188734, -59.36316601035635188, 27.73230122361442440 ) ) ;
#2760 = LINE ( 'NONE', #2663, #8200 ) ;
#2761 = FACE_OUTER_BOUND ( 'NONE', #589, .T. ) ;
#2762 = CARTESIAN_POINT ( 'NONE',  ( 20.00000000000000355, 56.10835606121675312, 1.038310004874170467 ) ) ;
#2763 = CARTESIAN_POINT ( 'NONE',  ( 6.610764805471458949, -57.82848673545478846, 1.055505836186664492 ) ) ;
#2764 = CARTESIAN_POINT ( 'NONE',  ( 64.92528452349077384, -47.95297516141813787, 82.00000000000000000 ) ) ;
#2765 = ADVANCED_FACE ( 'NONE', ( #4178 ), #9516, .F. ) ;
#2766 = EDGE_CURVE ( 'NONE', #2542, #414, #2596, .T. ) ;
#2767 = ORIENTED_EDGE ( 'NONE', *, *, #8452, .F. ) ;
#2768 = ORIENTED_EDGE ( 'NONE', *, *, #9306, .T. ) ;
#2769 = EDGE_CURVE ( 'NONE', #3600, #4040, #8582, .T. ) ;
#2770 = ORIENTED_EDGE ( 'NONE', *, *, #7120, .T. ) ;
#2771 = DIRECTION ( 'NONE',  ( 0.000000000000000000, 0.1069049175950392699, 0.9942692485408556324 ) ) ;
#2773 = ORIENTED_EDGE ( 'NONE', *, *, #1027, .F. ) ;
#2772 = CARTESIAN_POINT ( 'NONE',  ( 17.00000000000000000, 0.000000000000000000, 0.000000000000000000 ) ) ;
#2774 = FACE_OUTER_BOUND ( 'NONE', #7902, .T. ) ;
#2775 = DIRECTION ( 'NONE',  ( -1.000000000000000000, -0.000000000000000000, -0.000000000000000000 ) ) ;
#2776 = DIRECTION ( 'NONE',  ( 0.000000000000000000, 0.8798963622018151076, 0.4751656466791471800 ) ) ;
#2777 = CARTESIAN_POINT ( 'NONE',  ( 17.00000000000000000, 26.78170511838488466, 31.00000000000020961 ) ) ;
#2778 = VECTOR ( 'NONE', #2374, 1000.000000000000114 ) ;
#2779 = EDGE_CURVE ( 'NONE', #4661, #3994, #3339, .T. ) ;
#2780 = CARTESIAN_POINT ( 'NONE',  ( 20.00000000000000711, 56.10835606121674601, 1.056727205701971428 ) ) ;
#2781 = EDGE_CURVE ( 'NONE', #1368, #5740, #9420, .T. ) ;
#2782 = B_SPLINE_SURFACE_WITH_KNOTS ( 'NONE', 3, 3, ( 
 ( #7506, #6117, #6715, #4594 ),
 ( #9099, #9743, #5233, #682 ),
 ( #2913, #8993, #3112, #4495 ),
 ( #727, #3751, #6762, #78 ),
 ( #3007, #6024, #5286, #9049 ),
 ( #2269, #1521, #4544, #7555 ),
 ( #3803, #5930, #6814, #3649 ),
 ( #8401, #3061, #7606, #1626 ),
 ( #6073, #830, #3855, #4645 ),
 ( #9699, #8948, #2513, #6309 ),
 ( #9342, #7754, #8492, #279 ),
 ( #1719, #1772, #5588, #3355 ),
 ( #1671, #6167, #4793, #7807 ),
 ( #8645, #4687, #920, #5442 ),
 ( #8547, #6218, #4740, #5488 ),
 ( #2566, #3946, #7699, #6262 ),
 ( #126, #1023, #3161, #975 ),
 ( #4881, #4095, #182, #4837 ),
 ( #5535, #4048, #8600, #1820 ),
 ( #4003, #7009, #7104, #7055 ),
 ( #7850, #1065, #233, #3259 ),
 ( #9197, #3306, #6361, #8446 ),
 ( #329, #6958, #5630, #9396 ),
 ( #2612, #9292, #1863, #873 ),
 ( #3899, #6908, #2420, #3212 ),
 ( #9245, #2465, #7295, #5028 ),
 ( #2754, #2706, #4338, #423 ),
 ( #4932, #6552, #5873, #522 ),
 ( #8688, #5724, #7897, #3541 ),
 ( #3444, #4148, #1913, #6408 ),
 ( #2803, #2060, #7152, #8886 ),
 ( #9483, #7949, #8740, #4981 ),
 ( #1163, #471, #7244, #5082 ),
 ( #8093, #4192, #7198, #6451 ),
 ( #6505, #9437, #1963, #7994 ),
 ( #3402, #9582, #3494, #5819 ),
 ( #380, #6602, #4238, #2854 ) ),
 .UNSPECIFIED., .F., .F., .F.,
 ( 4, 3, 3, 3, 3, 3, 3, 3, 3, 3, 3, 3, 4 ),
 ( 4, 4 ),
 ( 0.7714703398663351752, 0.7857534436246892406, 0.8000365473830433061, 0.8143196511413974825, 0.8286027548997515479, 0.8428858586581056134, 0.8571689624164597898, 0.8714520661748138552, 0.8857351699331679207, 0.9143013774498760515, 0.9428675849665842934, 0.9714337924832925353, 1.000000000000000666 ),
 ( -0.006965135608045897389, 1.000000000000000000 ),
 .UNSPECIFIED. ) ;
#2783 = ORIENTED_EDGE ( 'NONE', *, *, #5456, .T. ) ;
#2784 = CARTESIAN_POINT ( 'NONE',  ( -84.32343507520904780, -28.23086044195915534, 82.00000000000001421 ) ) ;
#2785 = ORIENTED_EDGE ( 'NONE', *, *, #2290, .F. ) ;
#2786 = DIRECTION ( 'NONE',  ( -1.000000000000000000, -0.000000000000000000, -0.000000000000000000 ) ) ;
#2787 = LINE ( 'NONE', #4368, #4397 ) ;
#2788 = VECTOR ( 'NONE', #6070, 1000.000000000000114 ) ;
#2789 = CARTESIAN_POINT ( 'NONE',  ( 20.00000000000000000, 6.781541068937156247, 76.00000000000041211 ) ) ;
#2790 = CARTESIAN_POINT ( 'NONE',  ( -8.000000000000000000, -34.50000000000021316, 26.04061919046181117 ) ) ;
#2791 = CARTESIAN_POINT ( 'NONE',  ( -20.54885927559172742, -56.13070157116973036, 1.000000000000000000 ) ) ;
#2792 = DIRECTION ( 'NONE',  ( -0.000000000000000000, -0.000000000000000000, -1.000000000000000000 ) ) ;
#2793 = ORIENTED_EDGE ( 'NONE', *, *, #1245, .F. ) ;
#2794 = LINE ( 'NONE', #7382, #352 ) ;
#2795 = ORIENTED_EDGE ( 'NONE', *, *, #834, .F. ) ;
#2796 = DIRECTION ( 'NONE',  ( -1.000000000000000000, -0.000000000000000000, -0.000000000000000000 ) ) ;
#2797 = ORIENTED_EDGE ( 'NONE', *, *, #6395, .F. ) ;
#2798 = LINE ( 'NONE', #3693, #4899 ) ;
#2799 = LINE ( 'NONE', #5815, #5509 ) ;
#2800 = CARTESIAN_POINT ( 'NONE',  ( 76.51838520784275488, 38.07729866174276623, 82.14478527918151940 ) ) ;
#2801 = CARTESIAN_POINT ( 'NONE',  ( -72.07170126895609030, -23.74234755091009674, 0.5860079130445643436 ) ) ;
#2802 = CARTESIAN_POINT ( 'NONE',  ( 33.32232879672930892, 11.04053265811517193, 13.37678982146525186 ) ) ;
#2803 = CARTESIAN_POINT ( 'NONE',  ( -62.68365090428089559, 35.18563872631596467, 0.5781182345911597409 ) ) ;
#2804 = ORIENTED_EDGE ( 'NONE', *, *, #5131, .F. ) ;
#2805 = ORIENTED_EDGE ( 'NONE', *, *, #7246, .T. ) ;
#2806 = CARTESIAN_POINT ( 'NONE',  ( 33.32232879672930892, -9.101902250820922191, 68.37678982146546502 ) ) ;
#2807 = CARTESIAN_POINT ( 'NONE',  ( 56.81305231814141621, -44.71554055816678641, 27.75186043932163571 ) ) ;
#2808 = FACE_OUTER_BOUND ( 'NONE', #1764, .T. ) ;
#2809 = DIRECTION ( 'NONE',  ( 0.000000000000000000, 0.8514537021307111431, -0.5244297790247101076 ) ) ;
#2810 = CARTESIAN_POINT ( 'NONE',  ( 20.00000000000000000, -29.10206630026864616, 8.376789821465669306 ) ) ;
#2811 = CARTESIAN_POINT ( 'NONE',  ( 17.00000000000000000, 31.04069670756290122, 73.37678982146505291 ) ) ;
#2812 = CARTESIAN_POINT ( 'NONE',  ( 35.08132078387519215, -62.04349957003728377, 82.00000000000000000 ) ) ;
#2813 = EDGE_CURVE ( 'NONE', #7143, #425, #7224, .T. ) ;
#2814 = ORIENTED_EDGE ( 'NONE', *, *, #2423, .T. ) ;
#2815 = AXIS2_PLACEMENT_3D ( 'NONE', #814, #6852, #66 ) ;
#2816 = ORIENTED_EDGE ( 'NONE', *, *, #4171, .T. ) ;
#2817 = ORIENTED_EDGE ( 'NONE', *, *, #9432, .T. ) ;
#2818 = FACE_OUTER_BOUND ( 'NONE', #5909, .T. ) ;
#2820 = ORIENTED_EDGE ( 'NONE', *, *, #9788, .T. ) ;
#2819 = DIRECTION ( 'NONE',  ( 0.000000000000000000, -0.8798963622018148856, -0.4751656466791477906 ) ) ;
#2821 = CARTESIAN_POINT ( 'NONE',  ( 19.99999999999999289, -63.27998768841945321, 54.34512550340807024 ) ) ;
#2822 = CARTESIAN_POINT ( 'NONE',  ( 17.00000000000000000, 22.38044266971850504, 28.62321017853537697 ) ) ;
#2823 = FACE_OUTER_BOUND ( 'NONE', #4205, .T. ) ;
#2824 = VECTOR ( 'NONE', #3290, 1000.000000000000114 ) ;
#2825 = LINE ( 'NONE', #5201, #7781 ) ;
#2826 = EDGE_CURVE ( 'NONE', #1017, #586, #312, .T. ) ;
#2827 = LINE ( 'NONE', #9799, #8887 ) ;
#2828 = VECTOR ( 'NONE', #4854, 1000.000000000000000 ) ;
#2829 = VERTEX_POINT ( 'NONE', #5707 ) ;
#2830 = CARTESIAN_POINT ( 'NONE',  ( -91.04953592599480316, -13.69906628157116479, 82.00000000000001421 ) ) ;
#2831 = ORIENTED_EDGE ( 'NONE', *, *, #1236, .F. ) ;
#2832 = CARTESIAN_POINT ( 'NONE',  ( -3.000000000000000000, -34.50000000000011369, 12.44061919046182751 ) ) ;
#2833 = CARTESIAN_POINT ( 'NONE',  ( 20.00000000000000000, 30.89842584807453818, 8.376789821465044028 ) ) ;
#2834 = EDGE_CURVE ( 'NONE', #3882, #9390, #4915, .T. ) ;
#2835 = EDGE_CURVE ( 'NONE', #2346, #6004, #7037, .T. ) ;
#2836 = DIRECTION ( 'NONE',  ( 0.000000000000000000, 0.8798963622018151076, 0.4751656466791471800 ) ) ;
#2837 = LINE ( 'NONE', #701, #3822 ) ;
#2838 = CARTESIAN_POINT ( 'NONE',  ( -48.30676547047107761, -46.03917986998998657, 1.086298605844411957 ) ) ;
#2839 = CARTESIAN_POINT ( 'NONE',  ( -59.92209734126036125, 37.79230214460186943, 1.069752623861443208 ) ) ;
#2840 = VECTOR ( 'NONE', #1379, 1000.000000000000000 ) ;
#2841 = EDGE_CURVE ( 'NONE', #5611, #1335, #5656, .T. ) ;
#2842 = ORIENTED_EDGE ( 'NONE', *, *, #2341, .F. ) ;
#2843 = CARTESIAN_POINT ( 'NONE',  ( 20.00000000000000000, 51.04086075701062697, 73.37678982146483975 ) ) ;
#2844 = VERTEX_POINT ( 'NONE', #4220 ) ;
#2845 = CARTESIAN_POINT ( 'NONE',  ( 33.32232879672930892, 22.23817181023015266, 53.62321017853537342 ) ) ;
#2846 = VECTOR ( 'NONE', #5351, 1000.000000000000000 ) ;
#2847 = ORIENTED_EDGE ( 'NONE', *, *, #2046, .T. ) ;
#2848 = DIRECTION ( 'NONE',  ( 0.000000000000000000, -0.8798963622018145525, -0.4751656466791481792 ) ) ;
#2849 = CARTESIAN_POINT ( 'NONE',  ( 17.00000000000000000, -64.10548517918941513, 57.57956438298243995 ) ) ;
#2850 = ADVANCED_FACE ( 'NONE', ( #4131 ), #8672, .F. ) ;
#2851 = CARTESIAN_POINT ( 'NONE',  ( 31.20000271261640989, 56.60205804278101738, 27.73597096979766263 ) ) ;
#2852 = CARTESIAN_POINT ( 'NONE',  ( -23.42666839059809547, -55.41968721856517277, 0.5436074664975281134 ) ) ;
#2853 = FACE_OUTER_BOUND ( 'NONE', #4933, .T. ) ;
#2854 = CARTESIAN_POINT ( 'NONE',  ( -85.76372397034498363, 25.91944168421708383, 82.15735491628714726 ) ) ;
#2855 = VECTOR ( 'NONE', #1393, 1000.000000000000000 ) ;
#2856 = ORIENTED_EDGE ( 'NONE', *, *, #9802, .T. ) ;
#2857 = EDGE_LOOP ( 'NONE', ( #4018, #8824, #7872, #3092, #8854, #1058 ) ) ;
#2858 = ORIENTED_EDGE ( 'NONE', *, *, #7013, .F. ) ;
#2859 = PLANE ( 'NONE',  #9583 ) ;
#2860 = VECTOR ( 'NONE', #8434, 1000.000000000000114 ) ;
#2861 = CARTESIAN_POINT ( 'NONE',  ( 49.90616503234218015, -49.03204414153910307, 27.74610314621776297 ) ) ;
#2862 = CARTESIAN_POINT ( 'NONE',  ( 17.00000000000000000, -57.99843505709356606, 1.041300569779510354 ) ) ;
#2863 = DIRECTION ( 'NONE',  ( 0.000000000000000000, 0.000000000000000000, 1.000000000000000000 ) ) ;
#2864 = DIRECTION ( 'NONE',  ( -1.000000000000000000, 0.000000000000000000, 0.000000000000000000 ) ) ;
#2865 = CARTESIAN_POINT ( 'NONE',  ( 88.48808021022341563, 20.59689496856939428, 82.00000000000001421 ) ) ;
#2866 = AXIS2_PLACEMENT_3D ( 'NONE', #7127, #8516, #302 ) ;
#2867 = ORIENTED_EDGE ( 'NONE', *, *, #6259, .F. ) ;
#2868 = ORIENTED_EDGE ( 'NONE', *, *, #3938, .F. ) ;
#2869 = VERTEX_POINT ( 'NONE', #1893 ) ;
#2870 = CARTESIAN_POINT ( 'NONE',  ( 33.32232879672930892, 26.49716339940816567, 6.000000000000210498 ) ) ;
#2872 = ORIENTED_EDGE ( 'NONE', *, *, #2834, .T. ) ;
#2871 = CARTESIAN_POINT ( 'NONE',  ( -78.30040739139975869, 7.756937020793831294, 1.084965521414323675 ) ) ;
#2873 = PLANE ( 'NONE',  #923 ) ;
#2874 = FACE_OUTER_BOUND ( 'NONE', #5622, .T. ) ;
#2875 = VECTOR ( 'NONE', #7753, 1000.000000000000114 ) ;
#2876 = CARTESIAN_POINT ( 'NONE',  ( 17.00000000000000000, -13.50316469948729292, 21.00000000000062528 ) ) ;
#2877 = LINE ( 'NONE', #593, #6660 ) ;
#2878 = CARTESIAN_POINT ( 'NONE',  ( 20.00000000000000000, 10.89826179862681066, 68.37678982146525186 ) ) ;
#2879 = AXIS2_PLACEMENT_3D ( 'NONE', #6477, #5698, #4811 ) ;
#2880 = VERTEX_POINT ( 'NONE', #1149 ) ;
#2881 = CARTESIAN_POINT ( 'NONE',  ( 80.00000000000000000, -8.888102484588013203E-15, 1.000000000000000000 ) ) ;
#2882 = VECTOR ( 'NONE', #5953, 1000.000000000000114 ) ;
#2883 = ADVANCED_FACE ( 'NONE', ( #9325 ), #1949, .F. ) ;
#2884 = ORIENTED_EDGE ( 'NONE', *, *, #3311, .T. ) ;
#2885 = CARTESIAN_POINT ( 'NONE',  ( 19.00504572120203761, 66.59567100168612797, 81.00000000000000000 ) ) ;
#2886 = DIRECTION ( 'NONE',  ( 0.000000000000000000, 0.02844266007110470701, 0.9995954257038591750 ) ) ;
#2887 = DIRECTION ( 'NONE',  ( -0.000000000000000000, -0.000000000000000000, -1.000000000000000000 ) ) ;
#2888 = DIRECTION ( 'NONE',  ( 0.000000000000000000, -0.8514537021307104769, 0.5244297790247111068 ) ) ;
#2889 = VECTOR ( 'NONE', #2968, 1000.000000000000114 ) ;
#2890 = CARTESIAN_POINT ( 'NONE',  ( 75.00348950759885724, -18.58994251603369818, 1.000000000000000444 ) ) ;
#2891 = CARTESIAN_POINT ( 'NONE',  ( 20.00000000000000000, -66.74328857565157591, 82.00000000000000000 ) ) ;
#2892 = EDGE_CURVE ( 'NONE', #9596, #2482, #405, .T. ) ;
#2893 = EDGE_CURVE ( 'NONE', #7208, #9129, #9464, .T. ) ;
#2894 = VERTEX_POINT ( 'NONE', #4966 ) ;
#2895 = DIRECTION ( 'NONE',  ( -1.000000000000000000, -0.000000000000000000, -0.000000000000000000 ) ) ;
#2896 = ORIENTED_EDGE ( 'NONE', *, *, #1944, .F. ) ;
#2897 = DIRECTION ( 'NONE',  ( 0.000000000000000000, -0.02844266007110327760, -0.9995954257038591750 ) ) ;
#2898 = AXIS2_PLACEMENT_3D ( 'NONE', #6179, #3121, #242 ) ;
#2899 = EDGE_CURVE ( 'NONE', #8691, #9612, #5757, .T. ) ;
#2900 = ORIENTED_EDGE ( 'NONE', *, *, #9297, .F. ) ;
#2901 = LINE ( 'NONE', #9729, #3631 ) ;
#2902 = FACE_BOUND ( 'NONE', #3747, .T. ) ;
#2903 = CARTESIAN_POINT ( 'NONE',  ( 63.41219100217955429, 39.72060349798477574, 27.75841694296900997 ) ) ;
#2904 = LINE ( 'NONE', #6601, #9200 ) ;
#2905 = FACE_BOUND ( 'NONE', #9208, .T. ) ;
#2906 = VERTEX_POINT ( 'NONE', #1050 ) ;
#2907 = ORIENTED_EDGE ( 'NONE', *, *, #6643, .T. ) ;
#2908 = ORIENTED_EDGE ( 'NONE', *, *, #4849, .F. ) ;
#2909 = CARTESIAN_POINT ( 'NONE',  ( 17.00000000000000000, -57.76248438756075387, 53.62321017853620475 ) ) ;
#2910 = ADVANCED_FACE ( 'NONE', ( #4078 ), #7087, .T. ) ;
#2911 = CARTESIAN_POINT ( 'NONE',  ( 75.46540281409315298, -39.28187124805811692, 82.14345883924258374 ) ) ;
#2912 = CARTESIAN_POINT ( 'NONE',  ( 17.00000000000000000, -32.00000000000000000, 1.040619190461824717 ) ) ;
#2913 = CARTESIAN_POINT ( 'NONE',  ( 11.96049727275651264, 57.31438844526861232, 0.5471398828327533881 ) ) ;
#2914 = DIRECTION ( 'NONE',  ( 0.000000000000000000, -0.4751656466791471800, 0.8798963622018151076 ) ) ;
#2915 = CARTESIAN_POINT ( 'NONE',  ( 92.19904777877653146, 8.965041053248734571, 82.00000000000001421 ) ) ;
#2916 = VERTEX_POINT ( 'NONE', #4321 ) ;
#2917 = VERTEX_POINT ( 'NONE', #2833 ) ;
#2918 =( BOUNDED_SURFACE ( )  B_SPLINE_SURFACE ( 3, 1, ( 
 ( #5638, #4058 ),
 ( #985, #3270 ),
 ( #5496, #7856 ),
 ( #6917, #4801 ) ),
 .UNSPECIFIED., .F., .F., .F. ) 
 B_SPLINE_SURFACE_WITH_KNOTS ( ( 4, 4 ),
 ( 2, 2 ),
 ( 0.000000000000000000, 1.000000000000000000 ),
 ( 0.000000000000000000, 1.000000000000000000 ),
 .UNSPECIFIED. ) 
 GEOMETRIC_REPRESENTATION_ITEM ( )  RATIONAL_B_SPLINE_SURFACE ( (
 ( 1.000000000000000000, 1.000000000000000000),
 ( 0.7516378202332247849, 0.7516378202332247849),
 ( 0.7516378202332247849, 0.7516378202332247849),
 ( 1.000000000000000000, 1.000000000000000000) ) ) 
 REPRESENTATION_ITEM ( '' )  SURFACE ( )  );
#2919 = ORIENTED_EDGE ( 'NONE', *, *, #8517, .F. ) ;
#2920 = PLANE ( 'NONE',  #6429 ) ;
#2922 = ORIENTED_EDGE ( 'NONE', *, *, #4643, .F. ) ;
#2921 = CARTESIAN_POINT ( 'NONE',  ( -74.70689122307058483, 18.94009579693904399, 1.081111786062340707 ) ) ;
#2923 = FACE_OUTER_BOUND ( 'NONE', #9691, .T. ) ;
#2924 = CARTESIAN_POINT ( 'NONE',  ( 33.32232879672930892, 6.496999349960439041, 6.000000000000419220 ) ) ;
#2925 = LINE ( 'NONE', #2081, #5530 ) ;
#2926 = PLANE ( 'NONE',  #818 ) ;
#2927 = CARTESIAN_POINT ( 'NONE',  ( 17.00000000000000000, 6.496999349960439041, 6.000000000000419220 ) ) ;
#2928 = ORIENTED_EDGE ( 'NONE', *, *, #1756, .T. ) ;
#2929 = CARTESIAN_POINT ( 'NONE',  ( -87.93577372063768394, -22.02249618935125142, 82.00000000000001421 ) ) ;
#2930 = ORIENTED_EDGE ( 'NONE', *, *, #9539, .F. ) ;
#2931 = CARTESIAN_POINT ( 'NONE',  ( 20.00000000000000000, 51.04086075701062697, 13.37678982146483975 ) ) ;
#2932 = CARTESIAN_POINT ( 'NONE',  ( -79.00000000000000000, 3.772795415057972779, 1.000000000000000000 ) ) ;
#2933 = CARTESIAN_POINT ( 'NONE',  ( 33.32232879672930892, -37.62004947862467930, 73.62321017853599869 ) ) ;
#2934 = CARTESIAN_POINT ( 'NONE',  ( -52.28476378032883076, 43.61260537989458186, 1.065672978778151592 ) ) ;
#2935 = ADVANCED_FACE ( 'NONE', ( #9614 ), #4418, .F. ) ;
#2936 = VERTEX_POINT ( 'NONE', #1991 ) ;
#2937 = CARTESIAN_POINT ( 'NONE',  ( 20.00000000000000000, 2.238007760782423361, 53.62321017853557947 ) ) ;
#2938 = AXIS2_PLACEMENT_3D ( 'NONE', #7759, #982, #2519 ) ;
#2939 = ORIENTED_EDGE ( 'NONE', *, *, #4541, .F. ) ;
#2940 = LINE ( 'NONE', #5073, #1397 ) ;
#2941 = ORIENTED_EDGE ( 'NONE', *, *, #6379, .T. ) ;
#2942 = CARTESIAN_POINT ( 'NONE',  ( 33.32232879672930892, 46.78186916783261040, 76.00000000000000000 ) ) ;
#2943 = CARTESIAN_POINT ( 'NONE',  ( 33.32232879672930892, 26.78170511838488466, 46.00000000000020606 ) ) ;
#2944 = CARTESIAN_POINT ( 'NONE',  ( 62.74882823671772059, 45.06926414823730909, 54.94418333861369774 ) ) ;
#2945 = EDGE_CURVE ( 'NONE', #3055, #7, #3571, .T. ) ;
#2946 = CARTESIAN_POINT ( 'NONE',  ( 34.19969253952213961, 52.35199915444386676, 1.059408447729388136 ) ) ;
#2947 = CARTESIAN_POINT ( 'NONE',  ( 33.32232879672930892, 46.78186916783261040, 31.00000000000000000 ) ) ;
#2948 = ADVANCED_FACE ( 'NONE', ( #653 ), #1239, .F. ) ;
#2949 = ORIENTED_EDGE ( 'NONE', *, *, #6998, .T. ) ;
#2950 = ORIENTED_EDGE ( 'NONE', *, *, #4101, .T. ) ;
#2951 = ORIENTED_EDGE ( 'NONE', *, *, #8201, .F. ) ;
#2952 = DIRECTION ( 'NONE',  ( 0.000000000000000000, 0.8798963622018148856, 0.4751656466791474576 ) ) ;
#2953 = CARTESIAN_POINT ( 'NONE',  ( 81.89376672024518200, -31.88060087434675793, 82.15156149971426203 ) ) ;
#2954 = CARTESIAN_POINT ( 'NONE',  ( 80.00000000000000000, -8.888102484588013203E-15, 0.000000000000000000 ) ) ;
#2955 = ADVANCED_FACE ( 'NONE', ( #8074 ), #8867, .F. ) ;
#2956 = EDGE_CURVE ( 'NONE', #5963, #9262, #9566, .T. ) ;
#2957 = CARTESIAN_POINT ( 'NONE',  ( 17.00000000000000000, 22.38044266971850504, 58.62321017853537342 ) ) ;
#2958 = CARTESIAN_POINT ( 'NONE',  ( 20.00000000000000000, -57.76248438756075387, 53.62321017853620475 ) ) ;
#2959 = CARTESIAN_POINT ( 'NONE',  ( 20.00000000000000000, 46.49732744885589142, 21.00000000000000000 ) ) ;
#2960 = EDGE_CURVE ( 'NONE', #7332, #7842, #8126, .T. ) ;
#2961 = ORIENTED_EDGE ( 'NONE', *, *, #2610, .T. ) ;
#2962 = EDGE_LOOP ( 'NONE', ( #2896, #9551, #2950, #4753, #2114 ) ) ;
#2963 = ORIENTED_EDGE ( 'NONE', *, *, #2051, .F. ) ;
#2964 = CARTESIAN_POINT ( 'NONE',  ( -49.28600792794608054, 56.92846737476029517, 82.00000000000001421 ) ) ;
#2966 = ORIENTED_EDGE ( 'NONE', *, *, #2586, .T. ) ;
#2965 = LINE ( 'NONE', #639, #7760 ) ;
#2967 = CARTESIAN_POINT ( 'NONE',  ( 17.00000000000000000, 45.00000000000000000, 1.038601137938794494 ) ) ;
#2968 = DIRECTION ( 'NONE',  ( 0.000000000000000000, -0.02844266007110470701, -0.9995954257038591750 ) ) ;
#2969 = EDGE_CURVE ( 'NONE', #9708, #9001, #2787, .T. ) ;
#2970 = DIRECTION ( 'NONE',  ( -1.000000000000000000, -0.000000000000000000, -0.000000000000000000 ) ) ;
#2971 = LINE ( 'NONE', #5587, #8404 ) ;
#2972 = LINE ( 'NONE', #3518, #4308 ) ;
#2973 = VECTOR ( 'NONE', #2623, 1000.000000000000227 ) ;
#2974 =( BOUNDED_SURFACE ( )  B_SPLINE_SURFACE ( 3, 1, ( 
 ( #9348, #337 ),
 ( #192, #3362 ),
 ( #3224, #929 ),
 ( #8502, #6227 ) ),
 .UNSPECIFIED., .F., .F., .F. ) 
 B_SPLINE_SURFACE_WITH_KNOTS ( ( 4, 4 ),
 ( 2, 2 ),
 ( 0.000000000000000000, 1.000000000000000000 ),
 ( 0.000000000000000000, 1.000000000000000000 ),
 .UNSPECIFIED. ) 
 GEOMETRIC_REPRESENTATION_ITEM ( )  RATIONAL_B_SPLINE_SURFACE ( (
 ( 1.000000000000000000, 1.000000000000000000),
 ( 0.3333333333333333703, 0.3333333333333333703),
 ( 0.3333333333333333703, 0.3333333333333333703),
 ( 1.000000000000000000, 1.000000000000000000) ) ) 
 REPRESENTATION_ITEM ( '' )  SURFACE ( )  );
#2975 = ORIENTED_EDGE ( 'NONE', *, *, #2209, .T. ) ;
#2976 = VERTEX_POINT ( 'NONE', #604 ) ;
#2977 = DIRECTION ( 'NONE',  ( 0.000000000000000000, -0.9995954257038592861, 0.02844266007110328107 ) ) ;
#2978 = VECTOR ( 'NONE', #5112, 1000.000000000000114 ) ;
#2979 = VERTEX_POINT ( 'NONE', #3525 ) ;
#2980 = LINE ( 'NONE', #5306, #5831 ) ;
#2981 = DIRECTION ( 'NONE',  ( 0.000000000000000000, 0.9995954257038592861, -0.02844266007110466885 ) ) ;
#2982 = VECTOR ( 'NONE', #8033, 1000.000000000000000 ) ;
#2983 = CARTESIAN_POINT ( 'NONE',  ( 52.32292121923430273, -43.60790554003013142, 1.086298605844412402 ) ) ;
#2984 = DIRECTION ( 'NONE',  ( 0.000000000000000000, 0.8798963622018151076, 0.4751656466791471800 ) ) ;
#2985 = VECTOR ( 'NONE', #8369, 1000.000000000000227 ) ;
#2986 = EDGE_LOOP ( 'NONE', ( #9204, #2594, #1767, #5406, #3457, #2930 ) ) ;
#2987 = CARTESIAN_POINT ( 'NONE',  ( 17.00000000000000000, 26.49716339940816567, 6.000000000000210498 ) ) ;
#2988 = VERTEX_POINT ( 'NONE', #5803 ) ;
#2989 = CARTESIAN_POINT ( 'NONE',  ( 33.32232879672930892, 22.23817181023015266, 38.62321017853537342 ) ) ;
#2990 = VERTEX_POINT ( 'NONE', #5159 ) ;
#2991 = DIRECTION ( 'NONE',  ( -1.000000000000000000, 0.000000000000000000, 0.000000000000000000 ) ) ;
#2992 = FACE_BOUND ( 'NONE', #4573, .T. ) ;
#2993 = DIRECTION ( 'NONE',  ( 0.000000000000000000, -0.9995954257038592861, 0.02844266007110328107 ) ) ;
#2994 = CARTESIAN_POINT ( 'NONE',  ( 13.49732744885586300, 46.49732744885589142, 6.000000000000002665 ) ) ;
#2995 = CARTESIAN_POINT ( 'NONE',  ( 55.81331390014027249, 53.58964609849514460, 82.12648053712230478 ) ) ;
#2996 = VECTOR ( 'NONE', #3607, 1000.000000000000114 ) ;
#2997 = CARTESIAN_POINT ( 'NONE',  ( 33.32232879672930892, -8.959631391332559147, 58.37678982146545792 ) ) ;
#2998 = PLANE ( 'NONE',  #935 ) ;
#2999 = ORIENTED_EDGE ( 'NONE', *, *, #1369, .F. ) ;
#3000 = ORIENTED_EDGE ( 'NONE', *, *, #1072, .F. ) ;
#3001 = COLOUR_RGB ( '',0.7921568627450980005, 0.8196078431372548767, 0.9333333333333333481 ) ;
#3002 = ORIENTED_EDGE ( 'NONE', *, *, #3016, .F. ) ;
#3003 = LINE ( 'NONE', #527, #2315 ) ;
#3004 = CARTESIAN_POINT ( 'NONE',  ( 62.90223212600483293, -40.25367850668983749, 27.75774779501848499 ) ) ;
#3005 = EDGE_CURVE ( 'NONE', #6029, #6868, #1291, .T. ) ;
#3006 = DIRECTION ( 'NONE',  ( 0.000000000000000000, -0.02844266007110470701, -0.9995954257038591750 ) ) ;
#3007 = CARTESIAN_POINT ( 'NONE',  ( 6.089527901033823909, 57.81122622500478059, 0.5464415023748152578 ) ) ;
#3008 = VECTOR ( 'NONE', #8773, 1000.000000000000227 ) ;
#3009 = CARTESIAN_POINT ( 'NONE',  ( 33.32232879672930892, -53.50349279838276573, 21.00000000000104095 ) ) ;
#3010 = DIRECTION ( 'NONE',  ( 0.000000000000000000, -0.02844266007110470701, -0.9995954257038591750 ) ) ;
#3011 = ORIENTED_EDGE ( 'NONE', *, *, #9307, .T. ) ;
#3012 = EDGE_CURVE ( 'NONE', #5964, #2936, #7424, .T. ) ;
#3013 = ORIENTED_EDGE ( 'NONE', *, *, #2179, .T. ) ;
#3014 = CARTESIAN_POINT ( 'NONE',  ( 20.00000000000000000, 10.89826179862681066, 53.37678982146525186 ) ) ;
#3015 = VECTOR ( 'NONE', #3760, 1000.000000000000114 ) ;
#3016 = EDGE_CURVE ( 'NONE', #7311, #9101, #5904, .T. ) ;
#3017 = VERTEX_POINT ( 'NONE', #6688 ) ;
#3018 = CARTESIAN_POINT ( 'NONE',  ( 20.00000000000000000, -28.95979544078028312, 58.37678982146565687 ) ) ;
#3019 = B_SPLINE_CURVE_WITH_KNOTS ( 'NONE', 3,
 ( #6360, #5771, #8739, #4191, #6504, #9395, #2611, #9534, #2705, #5629, #8644, #2753, #7151, #4880, #7197, #8783, #620, #2109, #4487, #8290, #7443, #3637, #6654, #8092, #7496, #5222, #2946, #2259, #672, #9688, #5278, #8139 ),
 .UNSPECIFIED., .F., .F.,
 ( 4, 2, 2, 2, 2, 2, 2, 2, 2, 2, 2, 2, 2, 2, 2, 4 ),
 ( 0.000000000000000000, 0.01097905503999633756, 0.01372381879999542455, 0.01646858255999451501, 0.02195811007999269246, 0.02744763759999086991, 0.03019240135998996211, 0.03293716511998904389, 0.04391622015998538492, 0.04940574767998355543, 0.05215051143998265110, 0.05489527519998173982, 0.06587433023997812942, 0.07685338527997453983, 0.08234291279997271729, 0.08783244031997090862 ),
 .UNSPECIFIED. ) ;
#3021 = VERTEX_POINT ( 'NONE', #9718 ) ;
#3020 = CARTESIAN_POINT ( 'NONE',  ( 20.00000000000000000, 10.89826179862681066, 38.37678982146525186 ) ) ;
#3022 = EDGE_CURVE ( 'NONE', #5436, #1842, #5009, .T. ) ;
#3023 = CARTESIAN_POINT ( 'NONE',  ( -8.000000000000000000, -32.00000000000000000, 1.040619190461824717 ) ) ;
#3024 = CARTESIAN_POINT ( 'NONE',  ( 33.32232879672930892, -13.50316469948729292, 36.00000000000062528 ) ) ;
#3025 = CARTESIAN_POINT ( 'NONE',  ( 35.30728249591589929, 51.90718487041259266, 1.000000000000000222 ) ) ;
#3026 = FACE_OUTER_BOUND ( 'NONE', #324, .T. ) ;
#3027 = DIRECTION ( 'NONE',  ( -0.000000000000000000, -0.000000000000000000, -1.000000000000000000 ) ) ;
#3028 = VECTOR ( 'NONE', #69, 1000.000000000000000 ) ;
#3029 = ADVANCED_FACE ( 'NONE', ( #1340 ), #6485, .F. ) ;
#3030 = VERTEX_POINT ( 'NONE', #8171 ) ;
#3031 = CARTESIAN_POINT ( 'NONE',  ( 33.32232879672930892, 22.23817181023015266, 38.62321017853537342 ) ) ;
#3032 = VECTOR ( 'NONE', #2441, 1000.000000000000114 ) ;
#3033 = ORIENTED_EDGE ( 'NONE', *, *, #4098, .F. ) ;
#3034 = DIRECTION ( 'NONE',  ( -1.000000000000000000, -0.000000000000000000, -0.000000000000000000 ) ) ;
#3035 = CARTESIAN_POINT ( 'NONE',  ( -41.98581287145673713, -59.89864021210023282, 82.11887716364248035 ) ) ;
#3036 = CARTESIAN_POINT ( 'NONE',  ( 33.32232879672930892, -28.95979544078028312, 13.37678982146566753 ) ) ;
#3037 = CARTESIAN_POINT ( 'NONE',  ( 33.32232879672930892, 42.38060671916623789, 28.62321017853516736 ) ) ;
#3038 = CARTESIAN_POINT ( 'NONE',  ( -57.43394880743339570, 39.81997378615355387, 1.068342779950801402 ) ) ;
#3039 = VECTOR ( 'NONE', #7543, 1000.000000000000114 ) ;
#3040 = VERTEX_POINT ( 'NONE', #3524 ) ;
#3042 = CARTESIAN_POINT ( 'NONE',  ( 17.00000000000000000, -53.21895107940603964, 16.00000000000104095 ) ) ;
#3041 = AXIS2_PLACEMENT_3D ( 'NONE', #3421, #6425, #9458 ) ;
#3043 = VERTEX_POINT ( 'NONE', #8721 ) ;
#3044 = CARTESIAN_POINT ( 'NONE',  ( 17.00000000000000000, 10.89826179862681066, 68.37678982146525186 ) ) ;
#3045 = ORIENTED_EDGE ( 'NONE', *, *, #899, .F. ) ;
#3046 = CARTESIAN_POINT ( 'NONE',  ( 20.00000000000000000, -13.50316469948729292, 6.000000000000627054 ) ) ;
#3047 = FACE_OUTER_BOUND ( 'NONE', #6338, .T. ) ;
#3048 = DIRECTION ( 'NONE',  ( 0.000000000000000000, 0.02844266007110470701, 0.9995954257038591750 ) ) ;
#3049 = AXIS2_PLACEMENT_3D ( 'NONE', #6728, #8013, #7267 ) ;
#3050 = CARTESIAN_POINT ( 'NONE',  ( 33.32232879672930892, 45.00000000000000000, 21.92223816887061716 ) ) ;
#3051 = DIRECTION ( 'NONE',  ( 1.000000000000000000, 0.000000000000000000, -0.000000000000000000 ) ) ;
#3052 = CARTESIAN_POINT ( 'NONE',  ( -75.00000000000000000, -109.9999999999999858, 1.000000000000000000 ) ) ;
#3053 = CARTESIAN_POINT ( 'NONE',  ( 19.99999999999996803, 65.42414219945767684, 81.99999999999998579 ) ) ;
#3054 = AXIS2_PLACEMENT_3D ( 'NONE', #3162, #7455, #7508 ) ;
#3055 = VERTEX_POINT ( 'NONE', #7423 ) ;
#3056 = ORIENTED_EDGE ( 'NONE', *, *, #8744, .F. ) ;
#3057 = ORIENTED_EDGE ( 'NONE', *, *, #421, .T. ) ;
#3058 = DIRECTION ( 'NONE',  ( 0.000000000000000000, -0.000000000000000000, -1.000000000000000000 ) ) ;
#3059 = CARTESIAN_POINT ( 'NONE',  ( 86.05997167711997520, -25.40529265718444307, 82.15782259495210837 ) ) ;
#3060 = CARTESIAN_POINT ( 'NONE',  ( 33.32232879672930892, -53.21895107940602543, 46.00000000000103739 ) ) ;
#3061 = CARTESIAN_POINT ( 'NONE',  ( -2.777070224383557662, 60.97183518683513626, 27.73430415026778206 ) ) ;
#3062 = CARTESIAN_POINT ( 'NONE',  ( -8.000000000000000000, 42.49999999999990052, 8.638601137938801244 ) ) ;
#3063 = EDGE_LOOP ( 'NONE', ( #6172, #6890, #8441 ) ) ;
#3064 = EDGE_CURVE ( 'NONE', #3483, #4129, #6687, .T. ) ;
#3065 = ORIENTED_EDGE ( 'NONE', *, *, #6164, .F. ) ;
#3066 = LINE ( 'NONE', #3166, #9261 ) ;
#3067 = ORIENTED_EDGE ( 'NONE', *, *, #4348, .T. ) ;
#3068 = CARTESIAN_POINT ( 'NONE',  ( 33.32232879672930892, -17.76215628866530949, 53.62321017853578553 ) ) ;
#3070 = VERTEX_POINT ( 'NONE', #7274 ) ;
#3069 = LINE ( 'NONE', #6772, #6483 ) ;
#3071 = DIRECTION ( 'NONE',  ( -0.000000000000000000, -0.000000000000000000, -1.000000000000000000 ) ) ;
#3072 = CARTESIAN_POINT ( 'NONE',  ( 17.00000000000000000, -33.50332874893501867, 51.00000000000083844 ) ) ;
#3073 = DIRECTION ( 'NONE',  ( 0.000000000000000000, -0.02844266007110470007, -0.9995954257038591750 ) ) ;
#3074 = EDGE_CURVE ( 'NONE', #6868, #2734, #1388, .T. ) ;
#3075 = CARTESIAN_POINT ( 'NONE',  ( 19.99999999999999645, 66.44301703982488050, 82.00000000000000000 ) ) ;
#3076 = EDGE_CURVE ( 'NONE', #847, #3782, #6536, .T. ) ;
#3077 = VECTOR ( 'NONE', #8270, 1000.000000000000000 ) ;
#3078 = EDGE_LOOP ( 'NONE', ( #1175, #1524, #2102, #2329 ) ) ;
#3079 = EDGE_CURVE ( 'NONE', #7916, #6819, #4994, .T. ) ;
#3080 = ORIENTED_EDGE ( 'NONE', *, *, #3610, .F. ) ;
#3081 = LINE ( 'NONE', #6088, #3920 ) ;
#3082 = ORIENTED_EDGE ( 'NONE', *, *, #6097, .T. ) ;
#3083 = CARTESIAN_POINT ( 'NONE',  ( 17.00000000000000000, -9.101902250820922191, 68.37678982146546502 ) ) ;
#3084 = CARTESIAN_POINT ( 'NONE',  ( -41.80326589332738507, -52.89549227196815906, 27.74091906910288685 ) ) ;
#3085 = CARTESIAN_POINT ( 'NONE',  ( 17.00000000000000000, -53.21895107940601832, 46.00000000000103739 ) ) ;
#3086 = LINE ( 'NONE', #6845, #4787 ) ;
#3087 = EDGE_CURVE ( 'NONE', #6173, #7572, #652, .T. ) ;
#3088 = CARTESIAN_POINT ( 'NONE',  ( -20.59864041234885335, -55.99990945424163158, 1.056804265875417981 ) ) ;
#3089 = EDGE_CURVE ( 'NONE', #3880, #3119, #5339, .T. ) ;
#3090 = ORIENTED_EDGE ( 'NONE', *, *, #2233, .T. ) ;
#3091 = PLANE ( 'NONE',  #9690 ) ;
#3092 = ORIENTED_EDGE ( 'NONE', *, *, #2101, .T. ) ;
#3093 = PLANE ( 'NONE',  #3617 ) ;
#3094 = EDGE_LOOP ( 'NONE', ( #1902, #2218, #488, #5995 ) ) ;
#3095 = LINE ( 'NONE', #861, #7755 ) ;
#3096 = PLANE ( 'NONE',  #6438 ) ;
#3097 = FACE_OUTER_BOUND ( 'NONE', #5202, .T. ) ;
#3098 = CARTESIAN_POINT ( 'NONE',  ( 17.00000000000000000, -33.50332874893501867, 66.00000000000083844 ) ) ;
#3099 = LINE ( 'NONE', #6945, #4137 ) ;
#3100 = LINE ( 'NONE', #2355, #1774 ) ;
#3101 = ADVANCED_FACE ( 'NONE', ( #5903 ), #8919, .F. ) ;
#3102 = LINE ( 'NONE', #6110, #6001 ) ;
#3103 = VECTOR ( 'NONE', #2011, 1000.000000000000000 ) ;
#3104 = VERTEX_POINT ( 'NONE', #2931 ) ;
#3105 = VERTEX_POINT ( 'NONE', #8866 ) ;
#3106 = EDGE_LOOP ( 'NONE', ( #4096, #1326, #4404, #8332, #4140, #145 ) ) ;
#3107 = CARTESIAN_POINT ( 'NONE',  ( 33.32232879672930892, -37.76232033811303523, 53.62321017853599869 ) ) ;
#3108 = CARTESIAN_POINT ( 'NONE',  ( 76.34191385093301108, -14.85639739570934559, 0.5942492232092347892 ) ) ;
#3109 = DIRECTION ( 'NONE',  ( 0.000000000000000000, 0.8514537021307109210, -0.5244297790247105517 ) ) ;
#3110 = VECTOR ( 'NONE', #4388, 1000.000000000000000 ) ;
#3111 = B_SPLINE_CURVE_WITH_KNOTS ( 'NONE', 3,
 ( #6233, #4017, #3415, #3324 ),
 .UNSPECIFIED., .F., .F.,
 ( 4, 4 ),
 ( 0.000000000000000000, 0.08048897622673850671 ),
 .UNSPECIFIED. ) ;
#3112 = CARTESIAN_POINT ( 'NONE',  ( 13.42086644720446564, 63.28661177087561640, 54.92324135110870031 ) ) ;
#3113 = CARTESIAN_POINT ( 'NONE',  ( 20.00000000000000000, -17.61988542917695355, 73.62321017853578553 ) ) ;
#3114 = ORIENTED_EDGE ( 'NONE', *, *, #171, .T. ) ;
#3115 = ORIENTED_EDGE ( 'NONE', *, *, #8506, .T. ) ;
#3116 = CARTESIAN_POINT ( 'NONE',  ( 17.00000000000000000, 22.23817181023015266, 8.623210178535375192 ) ) ;
#3117 = DIRECTION ( 'NONE',  ( -1.000000000000000000, -0.000000000000000000, -0.000000000000000000 ) ) ;
#3119 = VERTEX_POINT ( 'NONE', #8768 ) ;
#3118 = LINE ( 'NONE', #5495, #2546 ) ;
#3120 = FACE_BOUND ( 'NONE', #4863, .T. ) ;
#3121 = DIRECTION ( 'NONE',  ( -0.000000000000000000, 0.5244297790247111068, 0.8514537021307104769 ) ) ;
#3122 = CARTESIAN_POINT ( 'NONE',  ( 55.18448216478400070, 41.50004447509528660, 1.000000000000000222 ) ) ;
#3123 = LINE ( 'NONE', #886, #4315 ) ;
#3124 = ORIENTED_EDGE ( 'NONE', *, *, #8216, .T. ) ;
#3125 = ORIENTED_EDGE ( 'NONE', *, *, #1445, .F. ) ;
#3126 = CARTESIAN_POINT ( 'NONE',  ( 33.32232879672930892, -8.959631391332559147, 13.37678982146545970 ) ) ;
#3127 = ORIENTED_EDGE ( 'NONE', *, *, #8166, .T. ) ;
#3128 = DIRECTION ( 'NONE',  ( 0.000000000000000000, -0.9995954257038592861, 0.02844266007110329841 ) ) ;
#3129 = CARTESIAN_POINT ( 'NONE',  ( -2.225668258034576574, -58.00427581346047390, 0.5399683368178982423 ) ) ;
#3130 = CARTESIAN_POINT ( 'NONE',  ( -3.000000000000000000, -34.50000000000007816, 16.04061919046182538 ) ) ;
#3131 = EDGE_CURVE ( 'NONE', #3797, #274, #5060, .T. ) ;
#3132 = VECTOR ( 'NONE', #2531, 1000.000000000000114 ) ;
#3133 = DIRECTION ( 'NONE',  ( -0.000000000000000000, -0.8514537021307111431, 0.5244297790247101076 ) ) ;
#3134 = CARTESIAN_POINT ( 'NONE',  ( -24.43715714048252963, -55.18678983411939498, 1.057382997778663070 ) ) ;
#3135 = ORIENTED_EDGE ( 'NONE', *, *, #6614, .T. ) ;
#3136 = LINE ( 'NONE', #3042, #4782 ) ;
#3137 = VECTOR ( 'NONE', #1846, 1000.000000000000114 ) ;
#3138 = EDGE_CURVE ( 'NONE', #2332, #2248, #4320, .T. ) ;
#3139 = ORIENTED_EDGE ( 'NONE', *, *, #6878, .T. ) ;
#3140 = DIRECTION ( 'NONE',  ( 0.000000000000000000, 0.8798963622018151076, 0.4751656466791471800 ) ) ;
#3141 = EDGE_CURVE ( 'NONE', #934, #9, #4219, .T. ) ;
#3142 = AXIS2_PLACEMENT_3D ( 'NONE', #9431, #9336, #1110 ) ;
#3143 = ORIENTED_EDGE ( 'NONE', *, *, #8151, .F. ) ;
#3144 = DIRECTION ( 'NONE',  ( 0.000000000000000000, 0.000000000000000000, 1.000000000000000000 ) ) ;
#3145 = FACE_OUTER_BOUND ( 'NONE', #199, .T. ) ;
#3146 = CARTESIAN_POINT ( 'NONE',  ( 17.00000000000000000, -57.62021352807240504, 28.62321017853620475 ) ) ;
#3147 = DIRECTION ( 'NONE',  ( 0.000000000000000000, -0.4751656466791471800, 0.8798963622018151076 ) ) ;
#3148 = CARTESIAN_POINT ( 'NONE',  ( 18.07887706260154559, 65.72674837385000046, 82.11193783572619509 ) ) ;
#3149 = EDGE_CURVE ( 'NONE', #5832, #3497, #451, .T. ) ;
#3150 = CARTESIAN_POINT ( 'NONE',  ( -79.00000000000000000, -1.123994805853390844, 1.000000000000000000 ) ) ;
#3151 = CARTESIAN_POINT ( 'NONE',  ( 33.32232879672930892, -53.21895107940602543, 76.00000000000103739 ) ) ;
#3152 = VECTOR ( 'NONE', #5694, 1000.000000000000000 ) ;
#3153 = ORIENTED_EDGE ( 'NONE', *, *, #9672, .F. ) ;
#3154 = ORIENTED_EDGE ( 'NONE', *, *, #5392, .F. ) ;
#3155 = ORIENTED_EDGE ( 'NONE', *, *, #1676, .T. ) ;
#3156 = CARTESIAN_POINT ( 'NONE',  ( -8.000000000000000000, 45.00000000000000000, 1.038601137938794494 ) ) ;
#3157 = ADVANCED_FACE ( 'NONE', ( #8073 ), #3471, .F. ) ;
#3158 = VECTOR ( 'NONE', #776, 1000.000000000000114 ) ;
#3159 = CARTESIAN_POINT ( 'NONE',  ( 84.35365042618830955, -18.93426256375314409, 54.97239594168104304 ) ) ;
#3160 = FACE_OUTER_BOUND ( 'NONE', #6382, .T. ) ;
#3161 = CARTESIAN_POINT ( 'NONE',  ( -30.06161689583305829, 60.19822640049570595, 54.92710705395015935 ) ) ;
#3162 = CARTESIAN_POINT ( 'NONE',  ( -8.000000000000000000, 42.49999999999990052, 10.03860113793879982 ) ) ;
#3163 = VECTOR ( 'NONE', #5223, 1000.000000000000114 ) ;
#3164 = ORIENTED_EDGE ( 'NONE', *, *, #8214, .F. ) ;
#3165 = VERTEX_POINT ( 'NONE', #4266 ) ;
#3166 = CARTESIAN_POINT ( 'NONE',  ( 20.00000000000000000, -53.50349279838274441, 36.00000000000104450 ) ) ;
#3167 = DIRECTION ( 'NONE',  ( 0.000000000000000000, 0.8798963622018147746, 0.4751656466791477351 ) ) ;
#3168 = CIRCLE ( 'NONE', #4908, 1.399999999999998579 ) ;
#3170 = ORIENTED_EDGE ( 'NONE', *, *, #5746, .F. ) ;
#3169 = FACE_BOUND ( 'NONE', #5333, .T. ) ;
#3171 = FACE_OUTER_BOUND ( 'NONE', #6120, .T. ) ;
#3172 = CARTESIAN_POINT ( 'NONE',  ( 78.10506875891516643, 8.981585500664637678, 1.000000000000000000 ) ) ;
#3173 = CARTESIAN_POINT ( 'NONE',  ( 33.32232879672930892, 22.23817181023015266, 23.62321017853537342 ) ) ;
#3174 = CIRCLE ( 'NONE', #7450, 1.400000000000074740 ) ;
#3175 = AXIS2_PLACEMENT_3D ( 'NONE', #6797, #6744, #759 ) ;
#3176 = VERTEX_POINT ( 'NONE', #504 ) ;
#3177 = LINE ( 'NONE', #6881, #9448 ) ;
#3178 = ORIENTED_EDGE ( 'NONE', *, *, #4728, .F. ) ;
#3179 = CARTESIAN_POINT ( 'NONE',  ( 33.32232879672930892, 46.49732744885589142, 21.00000000000000000 ) ) ;
#3180 = AXIS2_PLACEMENT_3D ( 'NONE', #3244, #4866, #2173 ) ;
#3181 = CARTESIAN_POINT ( 'NONE',  ( 6.111798168501529460, -57.76849229264340124, 0.5402981571793860072 ) ) ;
#3182 = B_SPLINE_CURVE_WITH_KNOTS ( 'NONE', 3,
 ( #7726, #4712, #7634, #1925, #4621, #3879, #8373, #6931, #1695, #9169, #6193, #9223, #1597, #1743, #6239, #944, #6286, #8471, #2443, #2539, #6140, #855, #3973, #4764, #6982, #6888, #103, #206, #7780, #999, #4023, #5560, #3134, #3088, #2392, #8572, #4946, #7958, #484, #8793, #2763, #1172, #8053, #8108, #1321, #579 ),
 .UNSPECIFIED., .F., .F.,
 ( 4, 2, 2, 2, 2, 2, 2, 2, 2, 2, 2, 2, 2, 2, 2, 2, 2, 2, 2, 2, 2, 2, 4 ),
 ( 0.2159890173560937709, 0.2198923697403085409, 0.2218440459324159397, 0.2237957221245233108, 0.2316024268929528507, 0.2355057792771676484, 0.2394091316613824183, 0.2472158364298119582, 0.2511191888140267281, 0.2550225411982415258, 0.2628292459666710101, 0.2706359507351005500, 0.2745393031193152922, 0.2784426555035300344, 0.2862493602719595187, 0.2940560650403890031, 0.3018627698088185429, 0.3057661221930332296, 0.3096694745772479718, 0.3252828841141068850, 0.3330895888825363693, 0.3369929412667510560, 0.3408962936509657982 ),
 .UNSPECIFIED. ) ;
#3183 = FACE_OUTER_BOUND ( 'NONE', #7526, .T. ) ;
#3184 = DIRECTION ( 'NONE',  ( 0.000000000000000000, 0.02844266007110328107, 0.9995954257038591750 ) ) ;
#3185 = CARTESIAN_POINT ( 'NONE',  ( 17.00000000000000000, 6.781541068937159800, 61.00000000000040501 ) ) ;
#3186 = VERTEX_POINT ( 'NONE', #7324 ) ;
#3187 = CARTESIAN_POINT ( 'NONE',  ( 20.00000000000000000, -33.50332874893501867, 51.00000000000083844 ) ) ;
#3188 = EDGE_CURVE ( 'NONE', #3924, #4695, #1290, .T. ) ;
#3189 = ORIENTED_EDGE ( 'NONE', *, *, #4006, .F. ) ;
#3190 = FACE_OUTER_BOUND ( 'NONE', #8486, .T. ) ;
#3191 = VERTEX_POINT ( 'NONE', #2187 ) ;
#3192 = CARTESIAN_POINT ( 'NONE',  ( 17.00000000000000000, 2.380278620270778855, 43.62321017853558658 ) ) ;
#3193 = CARTESIAN_POINT ( 'NONE',  ( 20.00000000000000000, -53.21895107940603964, 16.00000000000104450 ) ) ;
#3194 = FACE_OUTER_BOUND ( 'NONE', #6078, .T. ) ;
#3195 = CARTESIAN_POINT ( 'NONE',  ( -3.000000000000000000, -34.50000000000021316, 26.04061919046181117 ) ) ;
#3196 = CARTESIAN_POINT ( 'NONE',  ( 24.83377701250381264, 64.61968688757120560, 82.11324630830428362 ) ) ;
#3197 = AXIS2_PLACEMENT_3D ( 'NONE', #2178, #5001, #9658 ) ;
#3198 = CARTESIAN_POINT ( 'NONE',  ( -65.31656639749216708, -32.62445452948821867, 1.000000000000000000 ) ) ;
#3199 = DIRECTION ( 'NONE',  ( -1.000000000000000000, -0.000000000000000000, -0.000000000000000000 ) ) ;
#3200 = VECTOR ( 'NONE', #6518, 1000.000000000000000 ) ;
#3201 = EDGE_CURVE ( 'NONE', #2990, #3784, #7575, .T. ) ;
#3202 = EDGE_CURVE ( 'NONE', #8122, #6615, #5187, .T. ) ;
#3203 = ORIENTED_EDGE ( 'NONE', *, *, #8201, .T. ) ;
#3204 = VERTEX_POINT ( 'NONE', #5996 ) ;
#3205 = EDGE_CURVE ( 'NONE', #5342, #2542, #9782, .T. ) ;
#3206 = ORIENTED_EDGE ( 'NONE', *, *, #7901, .T. ) ;
#3207 = DIRECTION ( 'NONE',  ( 0.000000000000000000, 0.000000000000000000, 1.000000000000000000 ) ) ;
#3208 = AXIS2_PLACEMENT_3D ( 'NONE', #6577, #3668, #695 ) ;
#3209 = CARTESIAN_POINT ( 'NONE',  ( 80.91259235492998414, -25.62750226889301430, 54.96648246131436366 ) ) ;
#3210 = CARTESIAN_POINT ( 'NONE',  ( -75.00000000000000000, 109.9999999999999858, 0.000000000000000000 ) ) ;
#3211 = CARTESIAN_POINT ( 'NONE',  ( 20.00000000000000000, -57.76248438756075387, 38.62321017853620475 ) ) ;
#3212 = CARTESIAN_POINT ( 'NONE',  ( -52.31563182452500627, 55.39150870946729555, 82.12431482730939081 ) ) ;
#3213 = DIRECTION ( 'NONE',  ( 0.000000000000000000, 0.8514537021307104769, -0.5244297790247111068 ) ) ;
#3214 = AXIS2_PLACEMENT_3D ( 'NONE', #9445, #6275, #245 ) ;
#3215 = EDGE_CURVE ( 'NONE', #2456, #3902, #2387, .T. ) ;
#3216 = ORIENTED_EDGE ( 'NONE', *, *, #9426, .F. ) ;
#3217 = ADVANCED_FACE ( 'NONE', ( #1442 ), #1490, .F. ) ;
#3218 = B_SPLINE_CURVE_WITH_KNOTS ( 'NONE', 3,
 ( #3405, #4887, #7108, #8650, #3310, #1070, #1167, #2711, #283, #383, #4197, #479, #5680, #9345, #1824, #427, #6460, #7061, #9488, #4100, #2615, #8743, #6314, #7157, #2570, #1264, #6511, #5591, #5635, #1214, #6411, #5728 ),
 .UNSPECIFIED., .F., .F.,
 ( 4, 2, 2, 2, 2, 2, 2, 2, 2, 2, 2, 2, 2, 2, 2, 4 ),
 ( 0.3439483674830546289, 0.3549255892770754595, 0.3659028110710963455, 0.3713914219681067608, 0.3768800328651171760, 0.3878572546591380621, 0.3933458655561484774, 0.3960901710046537127, 0.3988344764531588926, 0.4098116982471796677, 0.4125560036956848475, 0.4153003091441900274, 0.4207889200412003872, 0.4262775309382108024, 0.4290218363867159823, 0.4317661418352211622 ),
 .UNSPECIFIED. ) ;
#3219 = ORIENTED_EDGE ( 'NONE', *, *, #9367, .T. ) ;
#3220 = CARTESIAN_POINT ( 'NONE',  ( 20.00000000000000000, 6.496999349960439041, 6.000000000000419220 ) ) ;
#3221 = CARTESIAN_POINT ( 'NONE',  ( 17.00000000000000000, -28.95979544078028312, 73.37678982146567819 ) ) ;
#3223 = EDGE_LOOP ( 'NONE', ( #2582, #5007 ) ) ;
#3222 = CARTESIAN_POINT ( 'NONE',  ( 17.00000000000000000, 6.781541068937156247, 76.00000000000041211 ) ) ;
#3224 = CARTESIAN_POINT ( 'NONE',  ( -80.00000000000000000, 117.9999999999999716, 1.000000000000000000 ) ) ;
#3225 = LINE ( 'NONE', #6228, #1634 ) ;
#3226 = CARTESIAN_POINT ( 'NONE',  ( -77.21720989020732873, 12.25556645098595610, 1.000000000000000000 ) ) ;
#3227 = CARTESIAN_POINT ( 'NONE',  ( 20.00000000000000000, 50.89858989752226393, 68.37678982146483975 ) ) ;
#3228 = ORIENTED_EDGE ( 'NONE', *, *, #8091, .F. ) ;
#3229 = CARTESIAN_POINT ( 'NONE',  ( 16.99999999999999645, 62.35263463380132976, 42.17169472664252083 ) ) ;
#3230 = VERTEX_POINT ( 'NONE', #4564 ) ;
#3231 = LINE ( 'NONE', #9313, #6608 ) ;
#3232 = CARTESIAN_POINT ( 'NONE',  ( 19.14301208466299187, -59.34269630774807069, 27.73232036969867664 ) ) ;
#3233 = FACE_OUTER_BOUND ( 'NONE', #4954, .T. ) ;
#3234 = VECTOR ( 'NONE', #7627, 1000.000000000000000 ) ;
#3235 = CARTESIAN_POINT ( 'NONE',  ( 33.32232879672930892, -33.21878702995829968, 46.00000000000083134 ) ) ;
#3236 = CARTESIAN_POINT ( 'NONE',  ( 20.00000000000000000, 26.49716339940816567, 6.000000000000210498 ) ) ;
#3237 = ORIENTED_EDGE ( 'NONE', *, *, #5600, .T. ) ;
#3238 = DIRECTION ( 'NONE',  ( -0.000000000000000000, -0.000000000000000000, -1.000000000000000000 ) ) ;
#3239 = EDGE_LOOP ( 'NONE', ( #2963, #9554, #3384 ) ) ;
#3240 = CARTESIAN_POINT ( 'NONE',  ( -28.74372478581906165, -63.76169453074391669, 82.00000000000001421 ) ) ;
#3241 = ORIENTED_EDGE ( 'NONE', *, *, #8274, .T. ) ;
#3242 = LINE ( 'NONE', #7180, #5704 ) ;
#3243 = PLANE ( 'NONE',  #2815 ) ;
#3244 = CARTESIAN_POINT ( 'NONE',  ( 33.32232879672930892, -37.62004947862467930, 28.62321017853600225 ) ) ;
#3245 = DIRECTION ( 'NONE',  ( 0.000000000000000000, -0.8514537021307104769, 0.5244297790247111068 ) ) ;
#3246 = DIRECTION ( 'NONE',  ( 0.000000000000000000, 0.02844266007110327760, 0.9995954257038591750 ) ) ;
#3247 = CARTESIAN_POINT ( 'NONE',  ( -66.08430378762747637, -31.78117979712099483, 1.000000000000000222 ) ) ;
#3248 = FACE_OUTER_BOUND ( 'NONE', #6686, .T. ) ;
#3249 = EDGE_CURVE ( 'NONE', #7201, #3552, #7674, .T. ) ;
#3250 = ORIENTED_EDGE ( 'NONE', *, *, #3852, .T. ) ;
#3251 = ORIENTED_EDGE ( 'NONE', *, *, #1687, .F. ) ;
#3252 = ORIENTED_EDGE ( 'NONE', *, *, #8214, .T. ) ;
#3253 = CARTESIAN_POINT ( 'NONE',  ( 33.32232879672930892, 42.23833585967788196, 23.62321017853516381 ) ) ;
#3254 = ORIENTED_EDGE ( 'NONE', *, *, #8159, .F. ) ;
#3255 = EDGE_CURVE ( 'NONE', #1409, #7559, #4616, .T. ) ;
#3256 = CARTESIAN_POINT ( 'NONE',  ( 85.89400358553719173, -25.69674946166828988, 82.15755927810076287 ) ) ;
#3257 = CARTESIAN_POINT ( 'NONE',  ( -83.39238557552576481, 4.934954108476785173, 27.78956516681126843 ) ) ;
#3258 = DIRECTION ( 'NONE',  ( -1.000000000000000000, -0.000000000000000000, -0.000000000000000000 ) ) ;
#3259 = CARTESIAN_POINT ( 'NONE',  ( -42.63687197636845383, 59.57982348826718066, 82.11926915185263454 ) ) ;
#3260 = EDGE_CURVE ( 'NONE', #5314, #2979, #2980, .T. ) ;
#3261 = CARTESIAN_POINT ( 'NONE',  ( -8.000000000000000000, 42.49999999999986500, 6.438601137938797514 ) ) ;
#3262 = ORIENTED_EDGE ( 'NONE', *, *, #582, .F. ) ;
#3263 = ORIENTED_EDGE ( 'NONE', *, *, #356, .F. ) ;
#3264 = CARTESIAN_POINT ( 'NONE',  ( 33.32232879672930892, -28.95979544078028312, 43.37678982146566398 ) ) ;
#3265 = CIRCLE ( 'NONE', #9113, 1.399999999999998579 ) ;
#3266 = EDGE_CURVE ( 'NONE', #1159, #2456, #1183, .T. ) ;
#3267 = DIRECTION ( 'NONE',  ( 0.000000000000000000, -0.02844266007110470701, -0.9995954257038591750 ) ) ;
#3268 = EDGE_CURVE ( 'NONE', #9101, #4428, #6840, .T. ) ;
#3269 = DIRECTION ( 'NONE',  ( 0.000000000000000000, 0.02844266007110329841, 0.9995954257038591750 ) ) ;
#3270 = CARTESIAN_POINT ( 'NONE',  ( -43.45081677151988231, 76.42959639447046527, 80.99999999999998579 ) ) ;
#3271 = PLANE ( 'NONE',  #7632 ) ;
#3272 = CARTESIAN_POINT ( 'NONE',  ( -79.00000000000000000, -8.326997101474455528E-15, 1.000000000000000000 ) ) ;
#3273 = EDGE_CURVE ( 'NONE', #9129, #1976, #52, .T. ) ;
#3274 = DIRECTION ( 'NONE',  ( 0.000000000000000000, -0.8798963622018148856, -0.4751656466791477906 ) ) ;
#3275 = ORIENTED_EDGE ( 'NONE', *, *, #476, .F. ) ;
#3276 = CARTESIAN_POINT ( 'NONE',  ( 20.00000000000000000, 46.78186916783261040, 16.00000000000000000 ) ) ;
#3277 = EDGE_CURVE ( 'NONE', #5290, #5866, #9165, .T. ) ;
#3278 = ORIENTED_EDGE ( 'NONE', *, *, #2680, .F. ) ;
#3279 = FACE_OUTER_BOUND ( 'NONE', #8880, .T. ) ;
#3280 = CARTESIAN_POINT ( 'NONE',  ( 16.71993912903007384, -65.99880773216753482, 82.11161862245462828 ) ) ;
#3281 = CARTESIAN_POINT ( 'NONE',  ( 74.99999999999998579, -109.9999999999999858, 1.000000000000000000 ) ) ;
#3282 = LINE ( 'NONE', #7924, #3670 ) ;
#3283 = LINE ( 'NONE', #3831, #1744 ) ;
#3284 = VERTEX_POINT ( 'NONE', #5260 ) ;
#3285 = FACE_OUTER_BOUND ( 'NONE', #1036, .T. ) ;
#3286 = ORIENTED_EDGE ( 'NONE', *, *, #2029, .F. ) ;
#3287 = CARTESIAN_POINT ( 'NONE',  ( -94.00000000000000000, -46.86013636440969776, 81.00000000000001421 ) ) ;
#3288 = ORIENTED_EDGE ( 'NONE', *, *, #7485, .T. ) ;
#3289 = CARTESIAN_POINT ( 'NONE',  ( 75.00000000000000000, -6.735557395310442615E-15, 0.000000000000000000 ) ) ;
#3290 = DIRECTION ( 'NONE',  ( 0.000000000000000000, -0.02844266007110470007, -0.9995954257038591750 ) ) ;
#3291 = CARTESIAN_POINT ( 'NONE',  ( 17.00000000000000000, 31.04069670756290122, 28.37678982146504225 ) ) ;
#3292 = CARTESIAN_POINT ( 'NONE',  ( 86.61694303722084953, -26.41669077093290596, 82.00000000000000000 ) ) ;
#3293 = CARTESIAN_POINT ( 'NONE',  ( -59.62707947820237564, 38.22108882427306042, 0.9999999999999997780 ) ) ;
#3294 = CARTESIAN_POINT ( 'NONE',  ( -62.91486692476647136, -35.26573305971611916, 1.086298605844412180 ) ) ;
#3295 = CARTESIAN_POINT ( 'NONE',  ( -75.00000000000000000, 0.000000000000000000, 0.000000000000000000 ) ) ;
#3296 = VECTOR ( 'NONE', #4206, 1000.000000000000227 ) ;
#3297 = ORIENTED_EDGE ( 'NONE', *, *, #5797, .T. ) ;
#3298 = ORIENTED_EDGE ( 'NONE', *, *, #1499, .T. ) ;
#3299 = ORIENTED_EDGE ( 'NONE', *, *, #1809, .F. ) ;
#3300 = LINE ( 'NONE', #1158, #4399 ) ;
#3301 = EDGE_LOOP ( 'NONE', ( #1428, #5244, #6244, #448 ) ) ;
#3302 = CARTESIAN_POINT ( 'NONE',  ( 90.32060216104490280, 16.52056603013352643, 82.16500243898508415 ) ) ;
#3303 = AXIS2_PLACEMENT_3D ( 'NONE', #9230, #9180, #8384 ) ;
#3304 = CARTESIAN_POINT ( 'NONE',  ( -78.38639654079868535, 6.696086511481610160, 0.5987215491255486466 ) ) ;
#3305 = CARTESIAN_POINT ( 'NONE',  ( 20.00000000000000000, -13.50316469948729292, 66.00000000000062528 ) ) ;
#3306 = CARTESIAN_POINT ( 'NONE',  ( -40.62273633640598547, 53.27792703806768770, 27.74453829479635303 ) ) ;
#3307 = ORIENTED_EDGE ( 'NONE', *, *, #1012, .F. ) ;
#3308 = VECTOR ( 'NONE', #8272, 1000.000000000000227 ) ;
#3309 = ORIENTED_EDGE ( 'NONE', *, *, #9432, .F. ) ;
#3310 = CARTESIAN_POINT ( 'NONE',  ( 37.45882660726662294, -51.13871046975997103, 1.060274009138303386 ) ) ;
#3311 = EDGE_CURVE ( 'NONE', #333, #8234, #2288, .T. ) ;
#3312 = CARTESIAN_POINT ( 'NONE',  ( -8.000000000000000000, -34.50000000000007816, 14.64061919046182325 ) ) ;
#3313 = CARTESIAN_POINT ( 'NONE',  ( 33.32232879672930892, -17.76215628866530949, 8.623210178535790860 ) ) ;
#3314 = CARTESIAN_POINT ( 'NONE',  ( 20.00000000000000000, -53.21895107940602543, 46.00000000000103739 ) ) ;
#3315 = VECTOR ( 'NONE', #1318, 1000.000000000000000 ) ;
#3316 = FACE_OUTER_BOUND ( 'NONE', #7394, .T. ) ;
#3317 = EDGE_CURVE ( 'NONE', #561, #3186, #6090, .T. ) ;
#3318 = EDGE_CURVE ( 'NONE', #1400, #3770, #7527, .T. ) ;
#3319 = EDGE_LOOP ( 'NONE', ( #5157, #869, #7800, #6649 ) ) ;
#3320 = B_SPLINE_CURVE_WITH_KNOTS ( 'NONE', 3,
 ( #4658, #43, #7621, #3172, #845, #2281, #6180, #884, #3764, #6777, #5403, #5248, #3717, #3866, #6726, #5298, #6875, #89, #5987, #1482, #3122, #2177, #6128, #9009, #9807, #8212, #3025, #6040, #1533, #9158, #2381, #4556, #5198, #794, #1640, #7666, #3909, #6319, #8608, #4014, #4751, #8558, #6369, #1828, #3365, #2479, #5498, #6230, #4158, #7816, #931, #7021, #195, #244, #4698, #1077, #4803, #7859, #2576, #8459, #7910, #4847, #9258, #7765, #7711, #5640, #1683, #8504, #8654, #1729, #3226, #988, #7068, #4107, #1784, #290, #9405, #3272 ),
 .UNSPECIFIED., .F., .F.,
 ( 4, 2, 2, 2, 2, 2, 2, 2, 2, 2, 2, 2, 2, 2, 2, 2, 2, 2, 2, 2, 2, 2, 2, 2, 2, 2, 2, 2, 2, 2, 2, 2, 2, 2, 2, 2, 2, 2, 4 ),
 ( 0.000000000000000000, 0.006749656458933535851, 0.01349931291786707170, 0.01687414114733383139, 0.02024896937680059628, 0.02699862583573410871, 0.03037345406520088054, 0.03374828229466764890, 0.04049793875360122031, 0.04724759521253479866, 0.05062242344200158090, 0.05399725167146837007, 0.06749656458933554759, 0.07424622104826911206, 0.07762104927773591512, 0.08099587750720269042, 0.09449519042506987487, 0.1079945033429370455, 0.1113693315724038485, 0.1147441598018706377, 0.1214938162608042160, 0.1349931291786713727, 0.1417427856376049788, 0.1451176138670717541, 0.1484924420965385294, 0.1619917550144057139, 0.1687414114733393200, 0.1721162397028061231, 0.1754910679322729261, 0.1822407243912065045, 0.1889903808501401383, 0.1906777949648735260, 0.1923652090796069414, 0.1957400373090737722, 0.2024896937680074893, 0.2041771078827409047, 0.2058645219974743479, 0.2092393502269412342, 0.2159890066858750068 ),
 .UNSPECIFIED. ) ;
#3321 = VECTOR ( 'NONE', #1971, 1000.000000000000227 ) ;
#3322 = ADVANCED_FACE ( 'NONE', ( #3774 ), #9117, .F. ) ;
#3323 = ORIENTED_EDGE ( 'NONE', *, *, #1066, .F. ) ;
#3324 = CARTESIAN_POINT ( 'NONE',  ( 20.00000000000000000, 57.13093804605301784, 1.038283204560475736 ) ) ;
#3325 = VERTEX_POINT ( 'NONE', #851 ) ;
#3326 = CARTESIAN_POINT ( 'NONE',  ( 17.00000000000000000, -28.95979544078028312, 28.37678982146566753 ) ) ;
#3327 = CARTESIAN_POINT ( 'NONE',  ( 11.99999999999994138, 45.00000000000000000, 1.038601137938794494 ) ) ;
#3328 = CARTESIAN_POINT ( 'NONE',  ( 17.00000000000002842, -56.63959830834411235, 1.043340044816265966 ) ) ;
#3329 = CARTESIAN_POINT ( 'NONE',  ( 20.00000000000000000, -33.21878702995829968, 61.00000000000083134 ) ) ;
#3330 = VECTOR ( 'NONE', #5931, 1000.000000000000114 ) ;
#3331 = ORIENTED_EDGE ( 'NONE', *, *, #887, .F. ) ;
#3332 = DIRECTION ( 'NONE',  ( 0.000000000000000000, -0.02844266007110470701, -0.9995954257038591750 ) ) ;
#3333 = EDGE_CURVE ( 'NONE', #450, #9312, #8967, .T. ) ;
#3334 = ORIENTED_EDGE ( 'NONE', *, *, #1685, .T. ) ;
#3335 = CARTESIAN_POINT ( 'NONE',  ( -38.92986736487676325, -60.89080128891244215, 81.99999999999998579 ) ) ;
#3336 = VECTOR ( 'NONE', #5373, 1000.000000000000000 ) ;
#3337 = EDGE_LOOP ( 'NONE', ( #8957, #902, #1157, #3143 ) ) ;
#3338 = DIRECTION ( 'NONE',  ( -0.000000000000000000, 0.5244297790247101076, 0.8514537021307111431 ) ) ;
#3339 = LINE ( 'NONE', #1191, #2824 ) ;
#3340 = CARTESIAN_POINT ( 'NONE',  ( 17.00000000000000000, 22.23817181023015266, 68.62321017853537342 ) ) ;
#3341 = FACE_OUTER_BOUND ( 'NONE', #602, .T. ) ;
#3342 = CARTESIAN_POINT ( 'NONE',  ( -10.37530341867974393, 57.62314055499988541, 1.086298991543278802 ) ) ;
#3343 = CARTESIAN_POINT ( 'NONE',  ( 68.28545157281303091, -29.21935465160127521, 1.000000000000000000 ) ) ;
#3344 = CARTESIAN_POINT ( 'NONE',  ( 33.32232879672930892, 46.78186916783261040, 61.00000000000000000 ) ) ;
#3345 = VECTOR ( 'NONE', #1920, 1000.000000000000114 ) ;
#3346 = ORIENTED_EDGE ( 'NONE', *, *, #5850, .T. ) ;
#3347 = CARTESIAN_POINT ( 'NONE',  ( 33.32232879672930892, -33.21878702995829968, 31.00000000000083134 ) ) ;
#3348 = ORIENTED_EDGE ( 'NONE', *, *, #6086, .F. ) ;
#3349 = DIRECTION ( 'NONE',  ( -0.000000000000000000, -0.000000000000000000, -1.000000000000000000 ) ) ;
#3350 = ORIENTED_EDGE ( 'NONE', *, *, #4648, .T. ) ;
#3351 = VECTOR ( 'NONE', #8982, 1000.000000000000114 ) ;
#3352 = CARTESIAN_POINT ( 'NONE',  ( 76.61978991726869026, 14.31586159022478277, 0.5947870607236577234 ) ) ;
#3353 = CARTESIAN_POINT ( 'NONE',  ( -63.09641122887411768, -44.88523148989974487, 54.94441488544882901 ) ) ;
#3354 = DIRECTION ( 'NONE',  ( 0.000000000000000000, 0.000000000000000000, 1.000000000000000000 ) ) ;
#3355 = CARTESIAN_POINT ( 'NONE',  ( -16.30689816972865813, 66.00826556679434987, 82.11160811796948167 ) ) ;
#3356 = VECTOR ( 'NONE', #5510, 1000.000000000000000 ) ;
#3357 = ORIENTED_EDGE ( 'NONE', *, *, #8807, .F. ) ;
#3358 = ORIENTED_EDGE ( 'NONE', *, *, #1676, .F. ) ;
#3359 = PLANE ( 'NONE',  #2472 ) ;
#3360 = VECTOR ( 'NONE', #786, 1000.000000000000000 ) ;
#3361 = DIRECTION ( 'NONE',  ( 0.000000000000000000, 0.8514537021307105880, -0.5244297790247107738 ) ) ;
#3362 = CARTESIAN_POINT ( 'NONE',  ( 80.00000000000002842, 117.9999999999999574, 0.000000000000000000 ) ) ;
#3363 = PLANE ( 'NONE',  #980 ) ;
#3364 = VECTOR ( 'NONE', #2283, 1000.000000000000114 ) ;
#3365 = CARTESIAN_POINT ( 'NONE',  ( -31.00229450201210568, 53.37021177118852933, 1.000000000000000000 ) ) ;
#3366 = LINE ( 'NONE', #5686, #7944 ) ;
#3367 = EDGE_CURVE ( 'NONE', #2446, #1097, #146, .T. ) ;
#3368 = ORIENTED_EDGE ( 'NONE', *, *, #6637, .F. ) ;
#3369 = AXIS2_PLACEMENT_3D ( 'NONE', #3313, #2380, #5545 ) ;
#3370 = ORIENTED_EDGE ( 'NONE', *, *, #3626, .F. ) ;
#3371 = CARTESIAN_POINT ( 'NONE',  ( 17.00000000000000000, -64.10548517918941513, 57.57956438298243995 ) ) ;
#3372 = ORIENTED_EDGE ( 'NONE', *, *, #2113, .F. ) ;
#3373 = FACE_OUTER_BOUND ( 'NONE', #8069, .T. ) ;
#3374 = EDGE_CURVE ( 'NONE', #475, #7282, #8513, .T. ) ;
#3375 = EDGE_CURVE ( 'NONE', #7559, #2236, #6281, .T. ) ;
#3376 = CARTESIAN_POINT ( 'NONE',  ( 15.06658400584831625, -60.04252598088163495, 27.73139405825079251 ) ) ;
#3377 = CARTESIAN_POINT ( 'NONE',  ( 20.00000000000000000, 2.380278620270778855, 28.62321017853558658 ) ) ;
#3378 = DIRECTION ( 'NONE',  ( 0.000000000000000000, -0.9995954257038592861, 0.02844266007110328107 ) ) ;
#3379 = EDGE_CURVE ( 'NONE', #6819, #6656, #7655, .T. ) ;
#3380 = VERTEX_POINT ( 'NONE', #350 ) ;
#3381 = DIRECTION ( 'NONE',  ( 0.000000000000000000, -0.8798963622018147746, -0.4751656466791477906 ) ) ;
#3382 = VERTEX_POINT ( 'NONE', #4019 ) ;
#3383 = PLANE ( 'NONE',  #7613 ) ;
#3384 = ORIENTED_EDGE ( 'NONE', *, *, #6643, .F. ) ;
#3385 = DIRECTION ( 'NONE',  ( 0.000000000000000000, 0.02844266007110327760, 0.9995954257038591750 ) ) ;
#3386 = CARTESIAN_POINT ( 'NONE',  ( 33.32232879672930892, -57.76248438756075387, 38.62321017853620475 ) ) ;
#3387 = EDGE_CURVE ( 'NONE', #6004, #6232, #7920, .T. ) ;
#3388 = CARTESIAN_POINT ( 'NONE',  ( 11.67178763303254563, -131.6468887242600374, 1.000000000000000000 ) ) ;
#3389 = CARTESIAN_POINT ( 'NONE',  ( 10.37530343223121321, 57.62314055368305077, 1.000000000000000000 ) ) ;
#3390 = CARTESIAN_POINT ( 'NONE',  ( 78.77055303597255431, -4.558413331817400937, 1.000000000000000222 ) ) ;
#3391 = CARTESIAN_POINT ( 'NONE',  ( 20.00000000000000000, 10.89826179862681066, 23.37678982146525186 ) ) ;
#3392 = EDGE_CURVE ( 'NONE', #9612, #4040, #3231, .T. ) ;
#3393 = ORIENTED_EDGE ( 'NONE', *, *, #6043, .T. ) ;
#3394 = CARTESIAN_POINT ( 'NONE',  ( -79.00000000000000000, -8.326997101474455528E-15, 1.000000000000000000 ) ) ;
#3395 = ORIENTED_EDGE ( 'NONE', *, *, #2304, .T. ) ;
#3396 = CARTESIAN_POINT ( 'NONE',  ( 17.00000000000000000, -17.76215628866530949, 8.623210178535790860 ) ) ;
#3397 = ORIENTED_EDGE ( 'NONE', *, *, #6032, .T. ) ;
#3398 = EDGE_CURVE ( 'NONE', #8494, #8284, #1737, .T. ) ;
#3399 = CARTESIAN_POINT ( 'NONE',  ( 77.37181443902130695, 30.83225841906860865, 54.96108711024057669 ) ) ;
#3400 = CARTESIAN_POINT ( 'NONE',  ( -80.66819829118661289, -26.19836667451534495, 54.96601681278841767 ) ) ;
#3401 = CARTESIAN_POINT ( 'NONE',  ( 17.00000000000000000, -53.50349279838274441, 66.00000000000103739 ) ) ;
#3402 = CARTESIAN_POINT ( 'NONE',  ( -71.63028565316623997, 24.40180821566683278, 0.5914400060188029773 ) ) ;
#3403 = ORIENTED_EDGE ( 'NONE', *, *, #9253, .T. ) ;
#3404 = EDGE_LOOP ( 'NONE', ( #7420, #282, #5302, #9783 ) ) ;
#3405 = CARTESIAN_POINT ( 'NONE',  ( 19.99999999999994671, -56.10835606121674601, 1.056724680876208522 ) ) ;
#3406 = CARTESIAN_POINT ( 'NONE',  ( -8.000000000000000000, -37.00000000000000711, 1.040619190461828936 ) ) ;
#3407 = LINE ( 'NONE', #7159, #8838 ) ;
#3408 = DIRECTION ( 'NONE',  ( 0.000000000000000000, 0.8514537021307111431, -0.5244297790247101076 ) ) ;
#3409 = LINE ( 'NONE', #3314, #2679 ) ;
#3410 = CARTESIAN_POINT ( 'NONE',  ( 37.15159016818670068, 61.49503726275257520, 81.99999999999992895 ) ) ;
#3411 = ORIENTED_EDGE ( 'NONE', *, *, #5990, .F. ) ;
#3412 = VECTOR ( 'NONE', #878, 1000.000000000000227 ) ;
#3413 = EDGE_CURVE ( 'NONE', #372, #8985, #4166, .T. ) ;
#3414 = ORIENTED_EDGE ( 'NONE', *, *, #9379, .T. ) ;
#3415 = CARTESIAN_POINT ( 'NONE',  ( 19.99999999999998224, 60.21751651766351898, 27.68980585110049120 ) ) ;
#3416 = VERTEX_POINT ( 'NONE', #4903 ) ;
#3417 = DIRECTION ( 'NONE',  ( 0.000000000000000000, -0.02844266007110329494, -0.9995954257038591750 ) ) ;
#3418 = CARTESIAN_POINT ( 'NONE',  ( 21.25415140985040452, -65.23127905065111065, 82.11252716499264181 ) ) ;
#3419 = CARTESIAN_POINT ( 'NONE',  ( 12.00000000000577671, 45.00000000000583356, 1.038601137938794494 ) ) ;
#3420 = LINE ( 'NONE', #4958, #9211 ) ;
#3421 = CARTESIAN_POINT ( 'NONE',  ( -3.000000000000000000, 42.50000000000000000, 25.03860113793880160 ) ) ;
#3422 = ORIENTED_EDGE ( 'NONE', *, *, #9809, .F. ) ;
#3423 = CARTESIAN_POINT ( 'NONE',  ( 33.32232879672930892, 2.380278620270778855, 73.62321017853558658 ) ) ;
#3424 = ADVANCED_FACE ( 'NONE', ( #2486 ), #5553, .F. ) ;
#3425 = VERTEX_POINT ( 'NONE', #250 ) ;
#3426 = DIRECTION ( 'NONE',  ( 0.000000000000000000, 0.000000000000000000, 1.000000000000000000 ) ) ;
#3427 = DIRECTION ( 'NONE',  ( 0.000000000000000000, 0.8514537021307104769, -0.5244297790247111068 ) ) ;
#3428 = CARTESIAN_POINT ( 'NONE',  ( 20.00000000000000000, 50.89858989752226393, 8.376789821464836194 ) ) ;
#3429 = CARTESIAN_POINT ( 'NONE',  ( 10.37530343223121321, 57.62314055368305077, 1.086298991543278580 ) ) ;
#3430 = PLANE ( 'NONE',  #6983 ) ;
#3431 = DIRECTION ( 'NONE',  ( -1.000000000000000000, -0.000000000000000000, -0.000000000000000000 ) ) ;
#3432 = ADVANCED_FACE ( 'NONE', ( #3279 ), #9411, .F. ) ;
#3433 = EDGE_CURVE ( 'NONE', #9201, #135, #8566, .T. ) ;
#3434 = EDGE_LOOP ( 'NONE', ( #7701, #3850, #4913, #5915 ) ) ;
#3435 = DIRECTION ( 'NONE',  ( 0.000000000000000000, 0.000000000000000000, 1.000000000000000000 ) ) ;
#3436 = EDGE_LOOP ( 'NONE', ( #524, #5888, #7803, #3065 ) ) ;
#3437 = CARTESIAN_POINT ( 'NONE',  ( 20.00000000000000355, 56.10835606121675312, 1.038310004874170467 ) ) ;
#3438 = EDGE_CURVE ( 'NONE', #3728, #5436, #300, .T. ) ;
#3439 = ORIENTED_EDGE ( 'NONE', *, *, #5967, .F. ) ;
#3440 = CARTESIAN_POINT ( 'NONE',  ( 33.32232879672930892, 50.89858989752226393, 38.37678982146483264 ) ) ;
#3441 = CARTESIAN_POINT ( 'NONE',  ( 91.48861246560218774, 12.64989764031563269, 82.16727780620632871 ) ) ;
#3442 = CARTESIAN_POINT ( 'NONE',  ( -92.86139738404284572, -4.718215970973577811, 82.16999610627402717 ) ) ;
#3443 = LINE ( 'NONE', #3401, #1127 ) ;
#3444 = CARTESIAN_POINT ( 'NONE',  ( -60.39441402687277360, 37.38362789368454742, 0.5751944902689151151 ) ) ;
#3445 = VECTOR ( 'NONE', #3965, 1000.000000000000000 ) ;
#3446 = ORIENTED_EDGE ( 'NONE', *, *, #2419, .T. ) ;
#3447 = ORIENTED_EDGE ( 'NONE', *, *, #5556, .F. ) ;
#3448 = DIRECTION ( 'NONE',  ( -1.000000000000000000, -0.000000000000000000, -0.000000000000000000 ) ) ;
#3449 = AXIS2_PLACEMENT_3D ( 'NONE', #7375, #4267, #2886 ) ;
#3450 = CARTESIAN_POINT ( 'NONE',  ( 21.35991491536305631, -65.25379884980561940, 82.11250012365049145 ) ) ;
#3451 = DIRECTION ( 'NONE',  ( -1.000000000000000000, -0.000000000000000000, -0.000000000000000000 ) ) ;
#3452 = CARTESIAN_POINT ( 'NONE',  ( 17.00000000000000000, 35.00000000000002842, 1.038863222682045118 ) ) ;
#3453 = LINE ( 'NONE', #6520, #6946 ) ;
#3454 = CARTESIAN_POINT ( 'NONE',  ( 17.00000000000000000, -29.10206630026864616, 38.37678982146567108 ) ) ;
#3455 = CARTESIAN_POINT ( 'NONE',  ( 92.66548960175161653, 5.655997258135455397, 82.00000000000002842 ) ) ;
#3456 = VECTOR ( 'NONE', #96, 1000.000000000000114 ) ;
#3457 = ORIENTED_EDGE ( 'NONE', *, *, #3074, .F. ) ;
#3458 = EDGE_LOOP ( 'NONE', ( #2373, #835 ) ) ;
#3459 = CARTESIAN_POINT ( 'NONE',  ( 33.32232879672930892, 22.38044266971850504, 43.62321017853537342 ) ) ;
#3460 = VECTOR ( 'NONE', #6664, 1000.000000000000114 ) ;
#3461 = ORIENTED_EDGE ( 'NONE', *, *, #4713, .F. ) ;
#3462 = CARTESIAN_POINT ( 'NONE',  ( 11.99999999999994138, 45.00000000000000000, 1.038601137938794494 ) ) ;
#3463 = DIRECTION ( 'NONE',  ( 0.000000000000000000, -0.8514537021307106990, 0.5244297790247107738 ) ) ;
#3464 = CARTESIAN_POINT ( 'NONE',  ( 20.00000000000000000, -57.13128465042822057, 1.041277843090341326 ) ) ;
#3465 = DIRECTION ( 'NONE',  ( 0.000000000000000000, -0.02844266007110327760, -0.9995954257038591750 ) ) ;
#3466 = VECTOR ( 'NONE', #1559, 1000.000000000000114 ) ;
#3467 = DIRECTION ( 'NONE',  ( -1.000000000000000000, -0.000000000000000000, -0.000000000000000000 ) ) ;
#3468 = ORIENTED_EDGE ( 'NONE', *, *, #9308, .T. ) ;
#3469 = CARTESIAN_POINT ( 'NONE',  ( -69.35653011824344105, -44.61286973221069729, 81.99999999999997158 ) ) ;
#3470 = EDGE_LOOP ( 'NONE', ( #1247, #7191, #8901, #3906, #5517 ) ) ;
#3471 = PLANE ( 'NONE',  #8188 ) ;
#3472 = CARTESIAN_POINT ( 'NONE',  ( 33.32232879672930892, 31.04069670756290122, 73.37678982146505291 ) ) ;
#3473 = CARTESIAN_POINT ( 'NONE',  ( 17.00000000000000000, -57.62021352807240504, 43.62321017853621186 ) ) ;
#3474 = CARTESIAN_POINT ( 'NONE',  ( 79.00000000088036245, 3.772795405137847169, 1.000000000000000000 ) ) ;
#3475 = VECTOR ( 'NONE', #5015, 1000.000000000000114 ) ;
#3476 = FACE_OUTER_BOUND ( 'NONE', #868, .T. ) ;
#3477 = LINE ( 'NONE', #7279, #797 ) ;
#3478 = ADVANCED_FACE ( 'NONE', ( #3373 ), #7169, .F. ) ;
#3479 = AXIS2_PLACEMENT_3D ( 'NONE', #8818, #2040, #7276 ) ;
#3480 = ORIENTED_EDGE ( 'NONE', *, *, #7281, .T. ) ;
#3481 = DIRECTION ( 'NONE',  ( 0.000000000000000000, -0.8514537021307111431, 0.5244297790247101076 ) ) ;
#3482 = AXIS2_PLACEMENT_3D ( 'NONE', #9774, #4576, #2253 ) ;
#3483 = VERTEX_POINT ( 'NONE', #6376 ) ;
#3484 = PLANE ( 'NONE',  #1223 ) ;
#3485 = ORIENTED_EDGE ( 'NONE', *, *, #3671, .F. ) ;
#3486 = CARTESIAN_POINT ( 'NONE',  ( 20.00000000000000000, 51.04086075701062697, 43.37678982146483264 ) ) ;
#3487 = DIRECTION ( 'NONE',  ( -1.000000000000000000, -0.000000000000000000, -0.000000000000000000 ) ) ;
#3488 = CARTESIAN_POINT ( 'NONE',  ( 64.89969372876447551, 32.94808025160889287, 0.5748800036021206594 ) ) ;
#3489 = CARTESIAN_POINT ( 'NONE',  ( -81.23955104851565068, -14.41855969818606198, 27.78504090244606672 ) ) ;
#3490 = ADVANCED_FACE ( 'NONE', ( #6327 ), #6189, .F. ) ;
#3491 = AXIS2_PLACEMENT_3D ( 'NONE', #2550, #8800, #2024 ) ;
#3492 = ADVANCED_FACE ( 'NONE', ( #2439 ), #1088, .F. ) ;
#3493 = DIRECTION ( 'NONE',  ( -0.000000000000000000, -0.8514537021307111431, 0.5244297790247101076 ) ) ;
#3494 = CARTESIAN_POINT ( 'NONE',  ( -80.14069584737349317, 26.97779202060238291, 54.96726696778523547 ) ) ;
#3495 = EDGE_CURVE ( 'NONE', #3556, #9451, #2625, .T. ) ;
#3496 = ORIENTED_EDGE ( 'NONE', *, *, #6521, .F. ) ;
#3497 = VERTEX_POINT ( 'NONE', #3968 ) ;
#3498 = CYLINDRICAL_SURFACE ( 'NONE', #6560, 1.400000000000074740 ) ;
#3499 = VECTOR ( 'NONE', #3361, 1000.000000000000227 ) ;
#3500 = CARTESIAN_POINT ( 'NONE',  ( 29.83032669904653389, -56.98081602229422060, 27.73546410239731586 ) ) ;
#3501 = CARTESIAN_POINT ( 'NONE',  ( 17.00000000000000000, 42.23833585967788196, 23.62321017853516381 ) ) ;
#3502 = LINE ( 'NONE', #8701, #3200 ) ;
#3503 = EDGE_CURVE ( 'NONE', #6232, #9262, #6978, .T. ) ;
#3504 = DIRECTION ( 'NONE',  ( 0.000000000000000000, 0.02844266007110327760, 0.9995954257038591750 ) ) ;
#3505 = CARTESIAN_POINT ( 'NONE',  ( 17.00000000000000000, -13.21862298051057394, 16.00000000000062528 ) ) ;
#3506 = CARTESIAN_POINT ( 'NONE',  ( 66.73099579121898728, -46.64837566236380439, 82.00000000000000000 ) ) ;
#3507 = EDGE_CURVE ( 'NONE', #2223, #8008, #8117, .T. ) ;
#3508 = CIRCLE ( 'NONE', #9046, 1.400000000000074740 ) ;
#3509 = VERTEX_POINT ( 'NONE', #8009 ) ;
#3510 = VERTEX_POINT ( 'NONE', #6528 ) ;
#3511 = DIRECTION ( 'NONE',  ( 0.000000000000000000, -0.8798963622018151076, -0.4751656466791471800 ) ) ;
#3512 = VECTOR ( 'NONE', #5795, 1000.000000000000000 ) ;
#3514 = VERTEX_POINT ( 'NONE', #5049 ) ;
#3513 = DIRECTION ( 'NONE',  ( 0.000000000000000000, -0.4751656466791471800, 0.8798963622018151076 ) ) ;
#3515 = CARTESIAN_POINT ( 'NONE',  ( 33.32232879672930892, 11.04053265811517193, 28.37678982146524831 ) ) ;
#3516 = CARTESIAN_POINT ( 'NONE',  ( 20.00000000000000000, -13.21862298051057394, 16.00000000000062528 ) ) ;
#3517 = DIRECTION ( 'NONE',  ( 0.000000000000000000, -0.02844266007110327760, -0.9995954257038591750 ) ) ;
#3518 = CARTESIAN_POINT ( 'NONE',  ( 17.00000000000000000, 26.78170511838488466, 76.00000000000021316 ) ) ;
#3519 = VECTOR ( 'NONE', #8609, 1000.000000000000000 ) ;
#3520 = CARTESIAN_POINT ( 'NONE',  ( 20.00000000000000000, 11.04053265811516837, 58.37678982146525186 ) ) ;
#3521 = ORIENTED_EDGE ( 'NONE', *, *, #6171, .T. ) ;
#3522 = DIRECTION ( 'NONE',  ( -1.000000000000000000, 0.000000000000000000, 0.000000000000000000 ) ) ;
#3523 = VERTEX_POINT ( 'NONE', #9601 ) ;
#3524 = CARTESIAN_POINT ( 'NONE',  ( 20.00000000000000000, -48.95995949022800886, 43.37678982146586293 ) ) ;
#3525 = CARTESIAN_POINT ( 'NONE',  ( 17.00000000000000000, 10.89826179862681066, 8.376789821465251862 ) ) ;
#3526 = CARTESIAN_POINT ( 'NONE',  ( 20.00000000000000000, -17.61988542917695355, 28.62321017853579264 ) ) ;
#3527 = FACE_OUTER_BOUND ( 'NONE', #1929, .T. ) ;
#3528 = PLANE ( 'NONE',  #194 ) ;
#3529 = LINE ( 'NONE', #5618, #474 ) ;
#3530 = ORIENTED_EDGE ( 'NONE', *, *, #1180, .T. ) ;
#3531 = CARTESIAN_POINT ( 'NONE',  ( 17.00000000000000000, 0.000000000000000000, 0.000000000000000000 ) ) ;
#3532 = ORIENTED_EDGE ( 'NONE', *, *, #2554, .F. ) ;
#3533 = DIRECTION ( 'NONE',  ( 0.000000000000000000, 0.02844266007110328107, 0.9995954257038591750 ) ) ;
#3534 = EDGE_LOOP ( 'NONE', ( #5764, #330, #3998, #635 ) ) ;
#3535 = CARTESIAN_POINT ( 'NONE',  ( 17.00000000000000000, -57.99843505709356606, 1.041300569779510354 ) ) ;
#3536 = FACE_BOUND ( 'NONE', #6670, .T. ) ;
#3537 = CARTESIAN_POINT ( 'NONE',  ( 67.13331264021194045, 36.38626973259177078, 27.76269264330344200 ) ) ;
#3538 = EDGE_CURVE ( 'NONE', #7877, #9039, #9556, .T. ) ;
#3539 = CARTESIAN_POINT ( 'NONE',  ( -66.46236874948914419, -46.99850347388774452, 82.13440981546749242 ) ) ;
#3540 = DIRECTION ( 'NONE',  ( 0.000000000000000000, 0.8798963622018147746, 0.4751656466791477351 ) ) ;
#3541 = CARTESIAN_POINT ( 'NONE',  ( -68.02797417754041476, 45.81887414661593994, 82.13582573816385946 ) ) ;
#3542 = ORIENTED_EDGE ( 'NONE', *, *, #7797, .T. ) ;
#3543 = ORIENTED_EDGE ( 'NONE', *, *, #5127, .T. ) ;
#3544 = DIRECTION ( 'NONE',  ( -1.000000000000000000, -0.000000000000000000, -0.000000000000000000 ) ) ;
#3545 = CARTESIAN_POINT ( 'NONE',  ( 34.75037310787919864, -55.47744988744960182, 27.73746922006503013 ) ) ;
#3546 = ADVANCED_FACE ( 'NONE', ( #2079 ), #4998, .F. ) ;
#3547 = CARTESIAN_POINT ( 'NONE',  ( -72.86592957054435260, 22.39336796095164317, 1.079356336588691345 ) ) ;
#3548 = PLANE ( 'NONE',  #4144 ) ;
#3549 = CARTESIAN_POINT ( 'NONE',  ( 17.00000000000000000, -53.50349279838274441, 36.00000000000104450 ) ) ;
#3550 = LINE ( 'NONE', #2166, #7898 ) ;
#3551 = CARTESIAN_POINT ( 'NONE',  ( 62.08068835175915723, 49.87014239579262664, 82.00000000000000000 ) ) ;
#3552 = VERTEX_POINT ( 'NONE', #4357 ) ;
#3553 = ADVANCED_FACE ( 'NONE', ( #2774 ), #5103, .F. ) ;
#3554 = VERTEX_POINT ( 'NONE', #7966 ) ;
#3555 = EDGE_CURVE ( 'NONE', #7315, #5589, #7209, .T. ) ;
#3556 = VERTEX_POINT ( 'NONE', #5747 ) ;
#3557 = DIRECTION ( 'NONE',  ( 0.000000000000000000, -0.02844266007110470701, -0.9995954257038591750 ) ) ;
#3559 = EDGE_LOOP ( 'NONE', ( #7097, #1696, #5621, #4598 ) ) ;
#3558 = CARTESIAN_POINT ( 'NONE',  ( -74.99999999999998579, 109.9999999999999858, 0.000000000000000000 ) ) ;
#3560 = ADVANCED_FACE ( 'NONE', ( #4256 ), #9504, .F. ) ;
#3561 = PLANE ( 'NONE',  #8667 ) ;
#3562 = LINE ( 'NONE', #8759, #6304 ) ;
#3563 = CARTESIAN_POINT ( 'NONE',  ( 33.32232879672930892, 51.04086075701062697, 58.37678982146483264 ) ) ;
#3564 = LINE ( 'NONE', #2030, #2567 ) ;
#3565 = VECTOR ( 'NONE', #8694, 1000.000000000000000 ) ;
#3566 = DIRECTION ( 'NONE',  ( 1.000000000000000000, 0.000000000000000000, 0.000000000000000000 ) ) ;
#3567 = ORIENTED_EDGE ( 'NONE', *, *, #3087, .F. ) ;
#3568 = DIRECTION ( 'NONE',  ( 0.000000000000000000, 0.000000000000000000, 1.000000000000000000 ) ) ;
#3569 = VERTEX_POINT ( 'NONE', #544 ) ;
#3570 = DIRECTION ( 'NONE',  ( -1.000000000000000000, -0.000000000000000000, -0.000000000000000000 ) ) ;
#3571 = LINE ( 'NONE', #5061, #4084 ) ;
#3572 = VECTOR ( 'NONE', #8442, 1000.000000000000114 ) ;
#3573 = PLANE ( 'NONE',  #342 ) ;
#3574 = DIRECTION ( 'NONE',  ( -0.000000000000000000, 0.5244297790247111068, 0.8514537021307104769 ) ) ;
#3575 = CARTESIAN_POINT ( 'NONE',  ( -25.53456545772801078, -55.01515764451022505, 1.086298605844412402 ) ) ;
#3576 = DIRECTION ( 'NONE',  ( -1.000000000000000000, -0.000000000000000000, -0.000000000000000000 ) ) ;
#3577 = ORIENTED_EDGE ( 'NONE', *, *, #5010, .F. ) ;
#3578 = CARTESIAN_POINT ( 'NONE',  ( 20.00000000000000000, -37.76232033811303523, 8.623210178535998693 ) ) ;
#3579 = ORIENTED_EDGE ( 'NONE', *, *, #9541, .F. ) ;
#3580 = CARTESIAN_POINT ( 'NONE',  ( 33.32232879672930892, -13.50316469948729292, 6.000000000000627054 ) ) ;
#3581 = EDGE_LOOP ( 'NONE', ( #1330, #1136, #4691, #7610 ) ) ;
#3582 = FACE_OUTER_BOUND ( 'NONE', #7657, .T. ) ;
#3583 = DIRECTION ( 'NONE',  ( 0.000000000000000000, -0.8514537021307104769, 0.5244297790247111068 ) ) ;
#3584 = CARTESIAN_POINT ( 'NONE',  ( 52.98393179523100827, 51.17846787734290359, 54.93646344135534321 ) ) ;
#3585 = CARTESIAN_POINT ( 'NONE',  ( 10.22821702850426639, -57.53341917448011600, 0.5406275089258871791 ) ) ;
#3586 = LINE ( 'NONE', #4337, #4295 ) ;
#3587 = LINE ( 'NONE', #9634, #4587 ) ;
#3588 = ORIENTED_EDGE ( 'NONE', *, *, #3379, .T. ) ;
#3589 = ORIENTED_EDGE ( 'NONE', *, *, #104, .F. ) ;
#3590 = CARTESIAN_POINT ( 'NONE',  ( -3.000000000000000000, -34.50000000000014921, 6.040619190461827159 ) ) ;
#3591 = CARTESIAN_POINT ( 'NONE',  ( 59.54836161896995606, -51.58230587107823339, 82.12891743507880449 ) ) ;
#3592 = AXIS2_PLACEMENT_3D ( 'NONE', #4307, #7407, #2725 ) ;
#3593 = CARTESIAN_POINT ( 'NONE',  ( 20.00000000000000000, 2.380278620270778855, 43.62321017853558658 ) ) ;
#3594 = FACE_OUTER_BOUND ( 'NONE', #4196, .T. ) ;
#3595 = DIRECTION ( 'NONE',  ( 0.000000000000000000, -0.8514537021307104769, 0.5244297790247111068 ) ) ;
#3596 = CARTESIAN_POINT ( 'NONE',  ( 58.27802052428034330, 52.19816548188547500, 82.00000000000000000 ) ) ;
#3597 = EDGE_LOOP ( 'NONE', ( #2156, #2695, #4026, #1746 ) ) ;
#3598 = EDGE_CURVE ( 'NONE', #4611, #8731, #9452, .T. ) ;
#3599 = VECTOR ( 'NONE', #552, 1000.000000000000114 ) ;
#3600 = VERTEX_POINT ( 'NONE', #5150 ) ;
#3601 = ORIENTED_EDGE ( 'NONE', *, *, #5732, .F. ) ;
#3602 = CARTESIAN_POINT ( 'NONE',  ( 17.00000000000000000, 50.89858989752226393, 38.37678982146483264 ) ) ;
#3604 = EDGE_LOOP ( 'NONE', ( #7862, #938, #3331, #3773 ) ) ;
#3603 = PLANE ( 'NONE',  #2704 ) ;
#3605 = FACE_OUTER_BOUND ( 'NONE', #8741, .T. ) ;
#3606 = FACE_OUTER_BOUND ( 'NONE', #4995, .T. ) ;
#3607 = DIRECTION ( 'NONE',  ( 0.000000000000000000, 0.8514537021307104769, -0.5244297790247111068 ) ) ;
#3608 = DIRECTION ( 'NONE',  ( 0.000000000000000000, 0.8514537021307104769, -0.5244297790247111068 ) ) ;
#3609 = AXIS2_PLACEMENT_3D ( 'NONE', #3515, #8758, #8802 ) ;
#3610 = EDGE_CURVE ( 'NONE', #8523, #4528, #1979, .T. ) ;
#3611 = DIRECTION ( 'NONE',  ( 0.000000000000000000, -0.02844266007110470701, -0.9995954257038591750 ) ) ;
#3612 = EDGE_CURVE ( 'NONE', #1673, #2197, #8162, .T. ) ;
#3613 = ADVANCED_FACE ( 'NONE', ( #8062 ), #3561, .F. ) ;
#3614 = CIRCLE ( 'NONE', #9159, 1.399999999999998579 ) ;
#3615 = ORIENTED_EDGE ( 'NONE', *, *, #8935, .F. ) ;
#3616 = LINE ( 'NONE', #1338, #8917 ) ;
#3617 = AXIS2_PLACEMENT_3D ( 'NONE', #5470, #10, #8430 ) ;
#3618 = ORIENTED_EDGE ( 'NONE', *, *, #9606, .T. ) ;
#3619 = CARTESIAN_POINT ( 'NONE',  ( -81.44796423023765897, 24.73915850901108016, 55.02643731144701889 ) ) ;
#3620 = DIRECTION ( 'NONE',  ( 0.000000000000000000, 0.02844266007110327760, 0.9995954257038591750 ) ) ;
#3621 = CARTESIAN_POINT ( 'NONE',  ( 20.00000000000000000, 2.238007760782423361, 23.62321017853557947 ) ) ;
#3622 = CARTESIAN_POINT ( 'NONE',  ( 17.00000000000000000, -33.50332874893501867, 6.000000000000835776 ) ) ;
#3623 = CARTESIAN_POINT ( 'NONE',  ( -35.11047445097966602, -52.08988500393144250, 1.086298605844412402 ) ) ;
#3624 = CARTESIAN_POINT ( 'NONE',  ( -62.31730200285372945, 35.67889010993571475, 1.071203142640643424 ) ) ;
#3625 = B_SPLINE_CURVE_WITH_KNOTS ( 'NONE', 3,
 ( #3787, #4723, #1606, #2303 ),
 .UNSPECIFIED., .F., .F.,
 ( 4, 4 ),
 ( 0.000000000000000000, 0.001245556171433870015 ),
 .UNSPECIFIED. ) ;
#3626 = EDGE_CURVE ( 'NONE', #2917, #8394, #4311, .T. ) ;
#3627 = VERTEX_POINT ( 'NONE', #590 ) ;
#3628 = CARTESIAN_POINT ( 'NONE',  ( 33.32232879672930892, 22.38044266971850504, 28.62321017853537697 ) ) ;
#3629 = ORIENTED_EDGE ( 'NONE', *, *, #3022, .F. ) ;
#3630 = LINE ( 'NONE', #9771, #226 ) ;
#3631 = VECTOR ( 'NONE', #2003, 1000.000000000000114 ) ;
#3632 = ORIENTED_EDGE ( 'NONE', *, *, #9307, .F. ) ;
#3633 = CARTESIAN_POINT ( 'NONE',  ( 17.00000000000000000, 26.49716339940816567, 21.00000000000020961 ) ) ;
#3634 = CARTESIAN_POINT ( 'NONE',  ( 17.00000000000000000, -63.63878045533783023, 53.47455029917812652 ) ) ;
#3635 = CARTESIAN_POINT ( 'NONE',  ( 36.92628367566349112, 54.73782121263209177, 27.73846040933484147 ) ) ;
#3636 = AXIS2_PLACEMENT_3D ( 'NONE', #8680, #4922, #7941 ) ;
#3637 = CARTESIAN_POINT ( 'NONE',  ( 52.20625611440733138, 43.52443506940293361, 1.065732085241732907 ) ) ;
#3638 = DIRECTION ( 'NONE',  ( 0.000000000000000000, -0.8798963622018151076, -0.4751656466791471800 ) ) ;
#3639 =( GEOMETRIC_REPRESENTATION_CONTEXT ( 3 ) GLOBAL_UNCERTAINTY_ASSIGNED_CONTEXT ( ( #8549 ) ) GLOBAL_UNIT_ASSIGNED_CONTEXT ( ( #2335, #8226, #3876 ) ) REPRESENTATION_CONTEXT ( 'NONE', 'WORKASPACE' ) );
#3640 = CIRCLE ( 'NONE', #1903, 1.399999999999998579 ) ;
#3641 = ORIENTED_EDGE ( 'NONE', *, *, #5300, .F. ) ;
#3642 = ORIENTED_EDGE ( 'NONE', *, *, #8936, .F. ) ;
#3643 = VERTEX_POINT ( 'NONE', #4955 ) ;
#3644 = CARTESIAN_POINT ( 'NONE',  ( 20.00000000000001066, -66.44301703982488050, 81.00000000000000000 ) ) ;
#3645 = VECTOR ( 'NONE', #761, 1000.000000000000114 ) ;
#3646 = B_SPLINE_CURVE_WITH_KNOTS ( 'NONE', 3,
 ( #6737, #9764, #9024, #4423, #8924, #4, #6691, #9079, #3684, #5908, #5266, #2294, #8230, #2244, #7580, #8278, #9721, #1544, #8324, #5163, #2934, #5951, #3038, #8176, #2839, #3624, #1495, #4568, #4519, #4476, #7379, #8971, #6589, #7531 ),
 .UNSPECIFIED., .F., .F.,
 ( 4, 2, 2, 2, 2, 2, 2, 2, 2, 2, 2, 2, 2, 2, 2, 2, 4 ),
 ( 0.09088163536668251996, 0.1035956093397155803, 0.1067741028329738384, 0.1099525963262321104, 0.1163095833127486406, 0.1290235572857816870, 0.1417375312588147751, 0.1449160247520730194, 0.1480945182453312914, 0.1544515052318478077, 0.1671654792048808680, 0.1703439726981391122, 0.1735224661913973843, 0.1798794531779138728, 0.1862364401644303613, 0.1894149336576886611, 0.1925934271509469053 ),
 .UNSPECIFIED. ) ;
#3647 = CARTESIAN_POINT ( 'NONE',  ( 66.42169084360205034, -42.26184905094176258, 54.94769841180154657 ) ) ;
#3648 = DIRECTION ( 'NONE',  ( 0.000000000000000000, -0.8798963622018148856, -0.4751656466791477906 ) ) ;
#3649 = CARTESIAN_POINT ( 'NONE',  ( 0.3647298550524067373, 67.00560052003960720, 82.11043224010091990 ) ) ;
#3650 = CARTESIAN_POINT ( 'NONE',  ( 20.00000000000000000, -66.32864845798592057, 81.00000000000000000 ) ) ;
#3651 = CARTESIAN_POINT ( 'NONE',  ( 24.33949032506442833, -64.73482532794065492, 82.00000000000004263 ) ) ;
#3652 = PRODUCT_DEFINITION_SHAPE ( 'NONE', 'NONE',  #2709 ) ;
#3653 = VECTOR ( 'NONE', #9300, 1000.000000000000114 ) ;
#3654 = ORIENTED_EDGE ( 'NONE', *, *, #1496, .F. ) ;
#3655 = EDGE_LOOP ( 'NONE', ( #525, #1359 ) ) ;
#3656 = ORIENTED_EDGE ( 'NONE', *, *, #9006, .T. ) ;
#3657 = FACE_OUTER_BOUND ( 'NONE', #4626, .T. ) ;
#3658 = ADVANCED_FACE ( 'NONE', ( #3605 ), #2873, .F. ) ;
#3660 = ORIENTED_EDGE ( 'NONE', *, *, #5336, .T. ) ;
#3659 = CARTESIAN_POINT ( 'NONE',  ( -73.83827681705277257, 20.68968814259931221, 1.080257116625442881 ) ) ;
#3661 = CARTESIAN_POINT ( 'NONE',  ( 20.00000000000000000, 30.89842584807453818, 38.37678982146504580 ) ) ;
#3662 = CARTESIAN_POINT ( 'NONE',  ( -94.00000000000000000, 2.270200223097281350E-15, 82.00000000000000000 ) ) ;
#3663 = VECTOR ( 'NONE', #3493, 1000.000000000000114 ) ;
#3664 = CARTESIAN_POINT ( 'NONE',  ( 33.32232879672930892, 2.380278620270778855, 58.62321017853558658 ) ) ;
#3665 = VECTOR ( 'NONE', #2094, 1000.000000000000000 ) ;
#3666 = PLANE ( 'NONE',  #1279 ) ;
#3667 = ADVANCED_FACE ( 'NONE', ( #7213 ), #4208, .T. ) ;
#3668 = DIRECTION ( 'NONE',  ( 0.000000000000000000, 0.4751656466791477906, -0.8798963622018148856 ) ) ;
#3669 =( BOUNDED_SURFACE ( )  B_SPLINE_SURFACE ( 3, 1, ( 
 ( #4127, #1146 ),
 ( #1188, #3287 ),
 ( #8719, #4911 ),
 ( #4027, #4861 ) ),
 .UNSPECIFIED., .F., .F., .F. ) 
 B_SPLINE_SURFACE_WITH_KNOTS ( ( 4, 4 ),
 ( 2, 2 ),
 ( 0.000000000000000000, 1.000000000000000000 ),
 ( 0.000000000000000000, 1.000000000000000000 ),
 .UNSPECIFIED. ) 
 GEOMETRIC_REPRESENTATION_ITEM ( )  RATIONAL_B_SPLINE_SURFACE ( (
 ( 1.000000000000000000, 1.000000000000000000),
 ( 0.7523948044118698997, 0.7523948044118698997),
 ( 0.7523948044118698997, 0.7523948044118698997),
 ( 1.000000000000000000, 1.000000000000000000) ) ) 
 REPRESENTATION_ITEM ( '' )  SURFACE ( )  );
#3670 = VECTOR ( 'NONE', #9414, 1000.000000000000227 ) ;
#3671 = EDGE_CURVE ( 'NONE', #2829, #4548, #9108, .T. ) ;
#3672 = VERTEX_POINT ( 'NONE', #6827 ) ;
#3673 = CARTESIAN_POINT ( 'NONE',  ( -92.52939805886366287, -6.679635068446802215, 82.00000000000000000 ) ) ;
#3674 = EDGE_CURVE ( 'NONE', #5645, #1083, #2227, .T. ) ;
#3675 = VECTOR ( 'NONE', #1498, 1000.000000000000114 ) ;
#3676 = ORIENTED_EDGE ( 'NONE', *, *, #2331, .F. ) ;
#3677 = DIRECTION ( 'NONE',  ( 0.000000000000000000, -0.02844266007110327760, -0.9995954257038591750 ) ) ;
#3678 = CARTESIAN_POINT ( 'NONE',  ( 20.00000000000000000, -9.101902250820922191, 23.37678982146546147 ) ) ;
#3679 = SHAPE_DEFINITION_REPRESENTATION ( #3652, #7245 ) ;
#3680 = FACE_OUTER_BOUND ( 'NONE', #500, .T. ) ;
#3681 = ADVANCED_FACE ( 'NONE', ( #8310 ), #641, .F. ) ;
#3682 = AXIS2_PLACEMENT_3D ( 'NONE', #9148, #5975, #874 ) ;
#3683 = CARTESIAN_POINT ( 'NONE',  ( 39.70041928383811580, -50.28023016591934180, 1.086298605844411735 ) ) ;
#3684 = CARTESIAN_POINT ( 'NONE',  ( -6.268397917647815731, 57.83790004452713873, 1.055499227007486329 ) ) ;
#3685 = B_SPLINE_CURVE_WITH_KNOTS ( 'NONE', 3,
 ( #1945, #6579, #4960, #2780 ),
 .UNSPECIFIED., .F., .F.,
 ( 4, 4 ),
 ( 0.000000000000000000, 0.08147759600603721175 ),
 .UNSPECIFIED. ) ;
#3686 = ORIENTED_EDGE ( 'NONE', *, *, #358, .T. ) ;
#3687 = LINE ( 'NONE', #3628, #2090 ) ;
#3688 = ADVANCED_FACE ( 'NONE', ( #2923 ), #4456, .F. ) ;
#3689 = ORIENTED_EDGE ( 'NONE', *, *, #6876, .F. ) ;
#3690 = CARTESIAN_POINT ( 'NONE',  ( 33.32232879672930892, 50.89858989752226393, 23.37678982146483619 ) ) ;
#3691 = EDGE_CURVE ( 'NONE', #5132, #9390, #4505, .T. ) ;
#3692 = ORIENTED_EDGE ( 'NONE', *, *, #7713, .F. ) ;
#3693 = CARTESIAN_POINT ( 'NONE',  ( 33.32232879672930892, -28.95979544078028312, 13.37678982146566753 ) ) ;
#3694 = CARTESIAN_POINT ( 'NONE',  ( -3.000000000000000000, -34.50000000000004263, 22.44061919046182396 ) ) ;
#3695 = CARTESIAN_POINT ( 'NONE',  ( 44.99282934281778523, 47.64036101687065639, 0.5546603315711835513 ) ) ;
#3696 = EDGE_CURVE ( 'NONE', #2018, #1083, #5940, .T. ) ;
#3697 = CARTESIAN_POINT ( 'NONE',  ( 17.98830711876890831, -66.74328857565157591, 82.00000000000000000 ) ) ;
#3698 = FACE_OUTER_BOUND ( 'NONE', #8681, .T. ) ;
#3699 = ORIENTED_EDGE ( 'NONE', *, *, #7901, .F. ) ;
#3700 = ORIENTED_EDGE ( 'NONE', *, *, #458, .T. ) ;
#3701 = VERTEX_POINT ( 'NONE', #7516 ) ;
#3702 = DIRECTION ( 'NONE',  ( 0.000000000000000000, 0.8798963622018147746, 0.4751656466791477351 ) ) ;
#3703 = EDGE_CURVE ( 'NONE', #637, #2309, #1394, .T. ) ;
#3704 = CARTESIAN_POINT ( 'NONE',  ( 69.51055883485888387, -27.52736730001917209, 0.5816613722971945011 ) ) ;
#3705 = LINE ( 'NONE', #8946, #4885 ) ;
#3706 = CARTESIAN_POINT ( 'NONE',  ( 33.32232879672930892, 11.04053265811517193, 28.37678982146524831 ) ) ;
#3707 = FACE_OUTER_BOUND ( 'NONE', #5168, .T. ) ;
#3708 = DIRECTION ( 'NONE',  ( 0.000000000000000000, -0.02844266007110470701, -0.9995954257038591750 ) ) ;
#3709 = VERTEX_POINT ( 'NONE', #8210 ) ;
#3710 = VERTEX_POINT ( 'NONE', #3661 ) ;
#3711 = VERTEX_POINT ( 'NONE', #6724 ) ;
#3712 = CARTESIAN_POINT ( 'NONE',  ( -78.65603404547471200, 35.77816008757408639, 82.00000000000001421 ) ) ;
#3714 = ORIENTED_EDGE ( 'NONE', *, *, #7340, .T. ) ;
#3713 = LINE ( 'NONE', #8160, #2232 ) ;
#3715 = DIRECTION ( 'NONE',  ( 0.000000000000000000, -0.8798963622018155517, -0.4751656466791465694 ) ) ;
#3716 = CARTESIAN_POINT ( 'NONE',  ( 33.32232879672930892, -9.101902250820922191, 23.37678982146546147 ) ) ;
#3717 = CARTESIAN_POINT ( 'NONE',  ( 69.65144585985579795, 27.37255466534367443, 1.000000000000000000 ) ) ;
#3718 = CARTESIAN_POINT ( 'NONE',  ( 20.00000000000000000, 46.49732744885589142, 36.00000000000000711 ) ) ;
#3719 = DIRECTION ( 'NONE',  ( 0.000000000000000000, -0.02844266007110470701, -0.9995954257038591750 ) ) ;
#3720 = ORIENTED_EDGE ( 'NONE', *, *, #1376, .T. ) ;
#3721 = LINE ( 'NONE', #9072, #4421 ) ;
#3722 = EDGE_LOOP ( 'NONE', ( #7537, #5445, #64, #877 ) ) ;
#3723 = DIRECTION ( 'NONE',  ( 0.000000000000000000, -0.4751656466791471800, 0.8798963622018151076 ) ) ;
#3724 = CARTESIAN_POINT ( 'NONE',  ( 20.00000000000001066, -59.23523855121630532, 28.03532248102488467 ) ) ;
#3725 = DIRECTION ( 'NONE',  ( -1.000000000000000000, 0.000000000000000000, 0.000000000000000000 ) ) ;
#3726 = CARTESIAN_POINT ( 'NONE',  ( -39.70041928384459595, -50.28023016591659200, 1.000000000000000444 ) ) ;
#3727 = CARTESIAN_POINT ( 'NONE',  ( 33.32232879672930892, 6.496999349960439041, 21.00000000000041922 ) ) ;
#3728 = VERTEX_POINT ( 'NONE', #2379 ) ;
#3729 = DIRECTION ( 'NONE',  ( -1.000000000000000000, -0.000000000000000000, -0.000000000000000000 ) ) ;
#3730 = EDGE_CURVE ( 'NONE', #9797, #9337, #8263, .T. ) ;
#3731 = VECTOR ( 'NONE', #7696, 1000.000000000000000 ) ;
#3732 = ORIENTED_EDGE ( 'NONE', *, *, #8082, .T. ) ;
#3733 = DIRECTION ( 'NONE',  ( -0.7071067811865411334, -0.7071067811865539010, 1.635512977795614118E-16 ) ) ;
#3734 = ORIENTED_EDGE ( 'NONE', *, *, #4593, .T. ) ;
#3735 = CARTESIAN_POINT ( 'NONE',  ( 17.00000000000000000, -13.50316469948729292, 66.00000000000062528 ) ) ;
#3736 = FACE_BOUND ( 'NONE', #154, .T. ) ;
#3737 = CARTESIAN_POINT ( 'NONE',  ( -3.000000000000000000, -34.50000000000007816, 17.44061919046182751 ) ) ;
#3738 = CARTESIAN_POINT ( 'NONE',  ( 33.32232879672930892, -37.76232033811303523, 8.623210178535998693 ) ) ;
#3739 = CARTESIAN_POINT ( 'NONE',  ( 50.18640520087620871, 56.46060725741515540, 82.12301565174125528 ) ) ;
#3740 = CARTESIAN_POINT ( 'NONE',  ( 17.00000000000000000, 40.00000000000000000, 1.038601137938802266 ) ) ;
#3741 = CARTESIAN_POINT ( 'NONE',  ( 33.32232879672930892, -28.95979544078028312, 58.37678982146566398 ) ) ;
#3742 = EDGE_CURVE ( 'NONE', #1164, #7758, #7411, .T. ) ;
#3743 = EDGE_CURVE ( 'NONE', #9451, #1582, #5985, .T. ) ;
#3744 = ORIENTED_EDGE ( 'NONE', *, *, #4584, .T. ) ;
#3745 = ORIENTED_EDGE ( 'NONE', *, *, #4171, .F. ) ;
#3746 = ADVANCED_FACE ( 'NONE', ( #9007, #1479, #5245, #3762, #7566, #6873, #6037, #8412, #2325, #2279, #5296, #1531, #792, #1638, #3816, #5349, #8360, #1583, #7618, #843, #87, #3120, #6126, #9256, #6367, #7814, #288, #8457, #4105, #4656, #2522 ), #1032, .T. ) ;
#3747 = EDGE_LOOP ( 'NONE', ( #2518, #4785, #2205, #1226, #8427, #3567 ) ) ;
#3748 = DIRECTION ( 'NONE',  ( 0.000000000000000000, -1.000000000000000000, 8.673617379884027583E-16 ) ) ;
#3749 = CARTESIAN_POINT ( 'NONE',  ( 41.62304481400414602, -52.89791585027847276, 27.74092068542127620 ) ) ;
#3750 = LINE ( 'NONE', #8196, #3158 ) ;
#3751 = CARTESIAN_POINT ( 'NONE',  ( 9.580883051752788759, 60.56232919440795115, 27.73484442764736002 ) ) ;
#3752 = CARTESIAN_POINT ( 'NONE',  ( 17.00000000000000000, -28.95979544078028312, 58.37678982146566398 ) ) ;
#3753 = LINE ( 'NONE', #2215, #4157 ) ;
#3754 = EDGE_CURVE ( 'NONE', #6340, #2698, #6178, .T. ) ;
#3755 = ORIENTED_EDGE ( 'NONE', *, *, #2610, .F. ) ;
#3756 = ORIENTED_EDGE ( 'NONE', *, *, #5460, .F. ) ;
#3757 = DIRECTION ( 'NONE',  ( -1.000000000000000000, -0.000000000000000000, -0.000000000000000000 ) ) ;
#3758 = ORIENTED_EDGE ( 'NONE', *, *, #1363, .F. ) ;
#3759 = CARTESIAN_POINT ( 'NONE',  ( -21.57948637028036032, 65.16887676264924778, 81.99999999999998579 ) ) ;
#3761 = ORIENTED_EDGE ( 'NONE', *, *, #5367, .T. ) ;
#3760 = DIRECTION ( 'NONE',  ( 0.000000000000000000, -0.02844266007110466538, -0.9995954257038591750 ) ) ;
#3762 = FACE_BOUND ( 'NONE', #7323, .T. ) ;
#3763 = PLANE ( 'NONE',  #9369 ) ;
#3764 = CARTESIAN_POINT ( 'NONE',  ( 74.82304480170395777, 18.62780624898725534, 0.9999999999999997780 ) ) ;
#3765 = CARTESIAN_POINT ( 'NONE',  ( 33.32232879672930892, 22.38044266971850504, 28.62321017853537697 ) ) ;
#3766 = LINE ( 'NONE', #2435, #2262 ) ;
#3767 = VECTOR ( 'NONE', #3487, 1000.000000000000000 ) ;
#3768 = AXIS2_PLACEMENT_3D ( 'NONE', #9526, #1766, #463 ) ;
#3769 = ORIENTED_EDGE ( 'NONE', *, *, #8151, .T. ) ;
#3770 = VERTEX_POINT ( 'NONE', #4696 ) ;
#3771 = CARTESIAN_POINT ( 'NONE',  ( 17.00000000000000000, 26.78170511838488110, 61.00000000000019895 ) ) ;
#3772 = AXIS2_PLACEMENT_3D ( 'NONE', #9761, #3723, #3874 ) ;
#3773 = ORIENTED_EDGE ( 'NONE', *, *, #4959, .F. ) ;
#3774 = FACE_OUTER_BOUND ( 'NONE', #9398, .T. ) ;
#3775 = CARTESIAN_POINT ( 'NONE',  ( -37.72020307564667974, -54.50565701121654882, 27.73876158875245324 ) ) ;
#3776 = PLANE ( 'NONE',  #5712 ) ;
#3777 = DIRECTION ( 'NONE',  ( -0.7071067811865415775, 0.7071067811865534569, 0.000000000000000000 ) ) ;
#3778 = FACE_OUTER_BOUND ( 'NONE', #1854, .T. ) ;
#3779 = VECTOR ( 'NONE', #736, 1000.000000000000114 ) ;
#3780 = ORIENTED_EDGE ( 'NONE', *, *, #3375, .F. ) ;
#3781 = LINE ( 'NONE', #2297, #7624 ) ;
#3782 = VERTEX_POINT ( 'NONE', #7112 ) ;
#3783 = CARTESIAN_POINT ( 'NONE',  ( 17.00000000000000000, -13.21862298051057749, 46.00000000000062528 ) ) ;
#3784 = VERTEX_POINT ( 'NONE', #136 ) ;
#3785 = CARTESIAN_POINT ( 'NONE',  ( -75.00000000000000000, 0.000000000000000000, 1.000000000000000000 ) ) ;
#3786 = CARTESIAN_POINT ( 'NONE',  ( 17.00000000000000000, 22.38044266971850504, 13.62321017853537519 ) ) ;
#3787 = CARTESIAN_POINT ( 'NONE',  ( 18.27030128230813588, 66.70319209594900656, 82.00000000000000000 ) ) ;
#3788 = DIRECTION ( 'NONE',  ( 0.000000000000000000, 0.4751656466791482347, -0.8798963622018146635 ) ) ;
#3789 = CARTESIAN_POINT ( 'NONE',  ( 33.32232879672930892, 2.238007760782423361, 68.62321017853557237 ) ) ;
#3790 = VECTOR ( 'NONE', #3006, 1000.000000000000114 ) ;
#3791 = CARTESIAN_POINT ( 'NONE',  ( 17.00000000000000000, -8.959631391332559147, 43.37678982146545792 ) ) ;
#3792 = PLANE ( 'NONE',  #1887 ) ;
#3793 = ADVANCED_FACE ( 'NONE', ( #7066 ), #2918, .F. ) ;
#3794 = EDGE_LOOP ( 'NONE', ( #2025, #1000, #7840, #922 ) ) ;
#3795 = VERTEX_POINT ( 'NONE', #1075 ) ;
#3796 = VECTOR ( 'NONE', #9733, 1000.000000000000114 ) ;
#3797 = VERTEX_POINT ( 'NONE', #6317 ) ;
#3798 = LINE ( 'NONE', #6808, #253 ) ;
#3799 = EDGE_CURVE ( 'NONE', #9140, #8462, #1681, .T. ) ;
#3800 = EDGE_CURVE ( 'NONE', #2906, #8008, #2617, .T. ) ;
#3801 = CARTESIAN_POINT ( 'NONE',  ( 80.74234964034447160, -25.90575053603590661, 54.96620886879092183 ) ) ;
#3802 = PLANE ( 'NONE',  #8996 ) ;
#3803 = CARTESIAN_POINT ( 'NONE',  ( 0.2594022600897374908, 57.94311668742280830, 0.5462558497367374644 ) ) ;
#3804 = AXIS2_PLACEMENT_3D ( 'NONE', #6562, #2864, #5737 ) ;
#3805 = ADVANCED_FACE ( 'NONE', ( #1727 ), #2974, .F. ) ;
#3806 = DIRECTION ( 'NONE',  ( 0.000000000000000000, -0.02844266007110327760, -0.9995954257038591750 ) ) ;
#3807 = ORIENTED_EDGE ( 'NONE', *, *, #949, .T. ) ;
#3808 = ORIENTED_EDGE ( 'NONE', *, *, #6348, .T. ) ;
#3809 = CARTESIAN_POINT ( 'NONE',  ( 0.000000000000000000, -66.63527234539958499, 81.00000000000000000 ) ) ;
#3810 = VECTOR ( 'NONE', #491, 1000.000000000000000 ) ;
#3811 = ORIENTED_EDGE ( 'NONE', *, *, #469, .F. ) ;
#3812 = DIRECTION ( 'NONE',  ( 1.000000000000000000, 0.000000000000000000, 0.000000000000000000 ) ) ;
#3813 = EDGE_CURVE ( 'NONE', #2747, #6114, #4749, .T. ) ;
#3815 = ORIENTED_EDGE ( 'NONE', *, *, #8147, .F. ) ;
#3814 = DIRECTION ( 'NONE',  ( 0.000000000000000000, -0.02844266007110466538, -0.9995954257038591750 ) ) ;
#3816 = FACE_BOUND ( 'NONE', #363, .T. ) ;
#3817 = DIRECTION ( 'NONE',  ( 0.000000000000000000, -0.4751656466791471800, 0.8798963622018151076 ) ) ;
#3818 = LINE ( 'NONE', #4507, #5845 ) ;
#3819 = CARTESIAN_POINT ( 'NONE',  ( 17.00000000000000000, 22.23817181023015266, 53.62321017853537342 ) ) ;
#3820 = EDGE_CURVE ( 'NONE', #7, #4356, #9403, .T. ) ;
#3821 = DIRECTION ( 'NONE',  ( -1.000000000000000000, 0.000000000000000000, 0.000000000000000000 ) ) ;
#3822 = VECTOR ( 'NONE', #555, 1000.000000000000114 ) ;
#3823 = ORIENTED_EDGE ( 'NONE', *, *, #5748, .T. ) ;
#3824 = CARTESIAN_POINT ( 'NONE',  ( 20.00000000000000000, 46.49732744885589142, 6.000000000000002665 ) ) ;
#3825 = AXIS2_PLACEMENT_3D ( 'NONE', #5027, #7103, #3540 ) ;
#3826 = ORIENTED_EDGE ( 'NONE', *, *, #477, .T. ) ;
#3827 = DIRECTION ( 'NONE',  ( 0.000000000000000000, -0.02844266007110470007, -0.9995954257038591750 ) ) ;
#3828 = CARTESIAN_POINT ( 'NONE',  ( -6.474161402547450983, -57.74718096101866394, 0.5403296925139228213 ) ) ;
#3829 = CARTESIAN_POINT ( 'NONE',  ( 17.00000000000000000, -33.21878702995829968, 76.00000000000082423 ) ) ;
#3830 = CARTESIAN_POINT ( 'NONE',  ( 20.00000000000000000, 42.38060671916623789, 28.62321017853516736 ) ) ;
#3831 = CARTESIAN_POINT ( 'NONE',  ( 17.00000000000000000, 11.04053265811517193, 58.37678982146525186 ) ) ;
#3832 = VECTOR ( 'NONE', #2134, 1000.000000000000114 ) ;
#3833 = EDGE_LOOP ( 'NONE', ( #8591, #3496, #4416, #107, #6554, #5145 ) ) ;
#3835 = CARTESIAN_POINT ( 'NONE',  ( 33.32232879672930892, -9.101902250820922191, 23.37678982146546147 ) ) ;
#3834 = AXIS2_PLACEMENT_3D ( 'NONE', #5564, #9415, #9371 ) ;
#3836 = ORIENTED_EDGE ( 'NONE', *, *, #2371, .F. ) ;
#3837 = LINE ( 'NONE', #4671, #977 ) ;
#3838 = EDGE_LOOP ( 'NONE', ( #7446, #6770, #9682, #8450 ) ) ;
#3839 = DIRECTION ( 'NONE',  ( 0.000000000000000000, -0.02844266007110327760, -0.9995954257038591750 ) ) ;
#3840 = LINE ( 'NONE', #111, #7560 ) ;
#3841 = DIRECTION ( 'NONE',  ( -1.000000000000000000, -0.000000000000000000, -0.000000000000000000 ) ) ;
#3842 = VECTOR ( 'NONE', #30, 1000.000000000000114 ) ;
#3843 = LINE ( 'NONE', #3098, #5249 ) ;
#3844 = CARTESIAN_POINT ( 'NONE',  ( 28.15116884209460579, 63.85999483117679887, 82.11414880977443431 ) ) ;
#3845 = CARTESIAN_POINT ( 'NONE',  ( -43.53020831539483027, -48.42470129027997672, 1.000000000000000222 ) ) ;
#3846 = DIRECTION ( 'NONE',  ( -1.000000000000000000, -0.000000000000000000, -0.000000000000000000 ) ) ;
#3847 = VECTOR ( 'NONE', #883, 1000.000000000000000 ) ;
#3848 = ORIENTED_EDGE ( 'NONE', *, *, #8391, .T. ) ;
#3849 = ORIENTED_EDGE ( 'NONE', *, *, #6826, .F. ) ;
#3850 = ORIENTED_EDGE ( 'NONE', *, *, #2841, .T. ) ;
#3851 = CARTESIAN_POINT ( 'NONE',  ( 17.00000000000000000, -57.99843505709356606, 1.041300569779510354 ) ) ;
#3852 = EDGE_CURVE ( 'NONE', #1811, #6743, #6779, .T. ) ;
#3853 = CARTESIAN_POINT ( 'NONE',  ( 85.42292771776037341, -16.43698562238888528, 54.97434867704119199 ) ) ;
#3854 = CARTESIAN_POINT ( 'NONE',  ( 33.32232879672930892, -33.50332874893501867, 21.00000000000083489 ) ) ;
#3855 = CARTESIAN_POINT ( 'NONE',  ( -6.122669452058405959, 63.87227282705970310, 54.92251334381355576 ) ) ;
#3856 = FACE_BOUND ( 'NONE', #3063, .T. ) ;
#3857 = EDGE_LOOP ( 'NONE', ( #2743, #9547, #1156, #3941, #2941, #584 ) ) ;
#3858 = ORIENTED_EDGE ( 'NONE', *, *, #5620, .T. ) ;
#3859 = CARTESIAN_POINT ( 'NONE',  ( 17.00000000000000000, -53.50349279838274441, 36.00000000000104450 ) ) ;
#3860 = EDGE_CURVE ( 'NONE', #4638, #3165, #241, .T. ) ;
#3861 = CARTESIAN_POINT ( 'NONE',  ( -8.000000000000000000, 42.50000000000000000, 23.63860113793880302 ) ) ;
#3863 = EDGE_LOOP ( 'NONE', ( #6573, #9107, #1473, #992 ) ) ;
#3862 = FACE_BOUND ( 'NONE', #49, .T. ) ;
#3864 = CARTESIAN_POINT ( 'NONE',  ( -3.000000000000000000, -34.50000000000014921, 6.040619190461827159 ) ) ;
#3865 = CARTESIAN_POINT ( 'NONE',  ( 33.32232879672930892, 46.49732744885589142, 66.00000000000000000 ) ) ;
#3866 = CARTESIAN_POINT ( 'NONE',  ( 68.27155591153179159, 29.18511069775678024, 1.000000000000000000 ) ) ;
#3867 = DIRECTION ( 'NONE',  ( 0.000000000000000000, 0.4751656466791477906, -0.8798963622018148856 ) ) ;
#3868 = EDGE_CURVE ( 'NONE', #2727, #1935, #9301, .T. ) ;
#3869 = EDGE_CURVE ( 'NONE', #4076, #7282, #4845, .T. ) ;
#3870 = ADVANCED_FACE ( 'NONE', ( #4941 ), #5733, .T. ) ;
#3871 = EDGE_LOOP ( 'NONE', ( #2444, #7547, #6069, #8113 ) ) ;
#3872 = CARTESIAN_POINT ( 'NONE',  ( -73.73605988552721158, 22.88620039310741561, 1.000000000000000000 ) ) ;
#3873 = ORIENTED_EDGE ( 'NONE', *, *, #7668, .F. ) ;
#3874 = DIRECTION ( 'NONE',  ( 0.000000000000000000, -0.8798963622018151076, -0.4751656466791471800 ) ) ;
#3875 = CARTESIAN_POINT ( 'NONE',  ( -17.72972647304050753, -65.87956818771245082, 82.11175579360497068 ) ) ;
#3876 =( NAMED_UNIT ( * ) SI_UNIT ( $, .STERADIAN. ) SOLID_ANGLE_UNIT ( ) );
#3877 = DIRECTION ( 'NONE',  ( -0.000000000000000000, 0.5244297790247101076, 0.8514537021307111431 ) ) ;
#3878 = PLANE ( 'NONE',  #6346 ) ;
#3879 = CARTESIAN_POINT ( 'NONE',  ( -78.50152741127207889, -6.533111886810004876, 1.085200151992934403 ) ) ;
#3880 = VERTEX_POINT ( 'NONE', #3547 ) ;
#3881 = CARTESIAN_POINT ( 'NONE',  ( -8.000000000000000000, -34.50000000000021316, 24.64061919046173443 ) ) ;
#3882 = VERTEX_POINT ( 'NONE', #3501 ) ;
#3883 = DIRECTION ( 'NONE',  ( 0.000000000000000000, 0.02844266007110327760, 0.9995954257038591750 ) ) ;
#3884 = ORIENTED_EDGE ( 'NONE', *, *, #7680, .F. ) ;
#3885 = CARTESIAN_POINT ( 'NONE',  ( 20.00000000000000000, -53.21895107940602543, 31.00000000000104095 ) ) ;
#3886 = DIRECTION ( 'NONE',  ( 0.000000000000000000, 0.9995954257038592861, -0.02844266007110471048 ) ) ;
#3887 = CARTESIAN_POINT ( 'NONE',  ( 20.00000000000000000, 10.89826179862681066, 23.37678982146525186 ) ) ;
#3888 = DIRECTION ( 'NONE',  ( -1.000000000000000000, 0.000000000000000000, 0.000000000000000000 ) ) ;
#3889 = FACE_OUTER_BOUND ( 'NONE', #7929, .T. ) ;
#3890 = LINE ( 'NONE', #7042, #4464 ) ;
#3891 = PLANE ( 'NONE',  #5689 ) ;
#3892 = VECTOR ( 'NONE', #445, 1000.000000000000114 ) ;
#3893 = ORIENTED_EDGE ( 'NONE', *, *, #6939, .F. ) ;
#3894 = ORIENTED_EDGE ( 'NONE', *, *, #5367, .F. ) ;
#3895 = EDGE_LOOP ( 'NONE', ( #5490, #7119, #4858, #2922 ) ) ;
#3896 = PLANE ( 'NONE',  #9269 ) ;
#3897 = CARTESIAN_POINT ( 'NONE',  ( 83.81901178040227762, -20.18290103443526817, 54.97141957400097567 ) ) ;
#3898 = CARTESIAN_POINT ( 'NONE',  ( -87.69075247054925626, 22.41771177791094161, 82.16046125744614415 ) ) ;
#3899 = CARTESIAN_POINT ( 'NONE',  ( -44.43868129763805541, 47.87322120042041007, 0.5605069396050744723 ) ) ;
#3900 = DIRECTION ( 'NONE',  ( 0.000000000000000000, 0.8798963622018151076, 0.4751656466791471800 ) ) ;
#3901 = ORIENTED_EDGE ( 'NONE', *, *, #9494, .F. ) ;
#3902 = VERTEX_POINT ( 'NONE', #2716 ) ;
#3903 = CARTESIAN_POINT ( 'NONE',  ( 33.32232879672930892, -53.21895107940603964, 16.00000000000104095 ) ) ;
#3904 = CARTESIAN_POINT ( 'NONE',  ( -75.27880834548621181, 39.32301289417600998, 81.99999999999994316 ) ) ;
#3906 = ORIENTED_EDGE ( 'NONE', *, *, #4838, .F. ) ;
#3905 = CARTESIAN_POINT ( 'NONE',  ( 17.00000000000000000, 46.49732744885589142, 66.00000000000000000 ) ) ;
#3907 = DIRECTION ( 'NONE',  ( 1.000000000000000000, -0.000000000000000000, -0.000000000000000000 ) ) ;
#3908 = LINE ( 'NONE', #1124, #9378 ) ;
#3909 = CARTESIAN_POINT ( 'NONE',  ( -2.311327350048149487, 57.98108338041247123, 1.000000000000000000 ) ) ;
#3910 = CARTESIAN_POINT ( 'NONE',  ( 75.71144485486408371, -44.81687472161982555, 81.00000000000000000 ) ) ;
#3911 = ADVANCED_FACE ( 'NONE', ( #4199 ), #7252, .F. ) ;
#3912 = EDGE_LOOP ( 'NONE', ( #8787, #860, #2804, #6057 ) ) ;
#3913 = LINE ( 'NONE', #799, #2499 ) ;
#3914 = VERTEX_POINT ( 'NONE', #5036 ) ;
#3915 = CARTESIAN_POINT ( 'NONE',  ( 17.00000000000000000, 2.238007760782423361, 8.623210178535583026 ) ) ;
#3916 = ADVANCED_FACE ( 'NONE', ( #1123 ), #4155, .F. ) ;
#3917 = ADVANCED_FACE ( 'NONE', ( #2808 ), #5826, .F. ) ;
#3918 = CARTESIAN_POINT ( 'NONE',  ( 2.193106870615770809, -64.05283491782515171, 54.92022160046484203 ) ) ;
#3919 = CARTESIAN_POINT ( 'NONE',  ( -3.000000000000000000, -34.50000000000021316, 26.04061919046181117 ) ) ;
#3920 = VECTOR ( 'NONE', #1590, 1000.000000000000227 ) ;
#3921 = DIRECTION ( 'NONE',  ( 0.000000000000000000, -0.8514537021307106990, 0.5244297790247106628 ) ) ;
#3922 = CARTESIAN_POINT ( 'NONE',  ( 20.00000000000000000, -8.959631391332562700, 58.37678982146546502 ) ) ;
#3923 = EDGE_CURVE ( 'NONE', #6911, #22, #2760, .T. ) ;
#3924 = VERTEX_POINT ( 'NONE', #1922 ) ;
#3925 = CARTESIAN_POINT ( 'NONE',  ( 20.00000000000000000, 30.89842584807453818, 68.37678982146503870 ) ) ;
#3926 = VECTOR ( 'NONE', #6584, 1000.000000000000000 ) ;
#3927 = ORIENTED_EDGE ( 'NONE', *, *, #7194, .T. ) ;
#3928 = LINE ( 'NONE', #3044, #7768 ) ;
#3929 = VERTEX_POINT ( 'NONE', #1169 ) ;
#3930 = LINE ( 'NONE', #3192, #6479 ) ;
#3931 = CARTESIAN_POINT ( 'NONE',  ( 33.32232879672930892, -33.21878702995829968, 31.00000000000083134 ) ) ;
#3932 = FACE_OUTER_BOUND ( 'NONE', #1261, .T. ) ;
#3933 = EDGE_CURVE ( 'NONE', #2372, #5436, #3407, .T. ) ;
#3934 = LINE ( 'NONE', #7689, #6661 ) ;
#3935 = CARTESIAN_POINT ( 'NONE',  ( 17.15080653697579294, 62.76541560322300484, 54.92182797114838877 ) ) ;
#3936 = CARTESIAN_POINT ( 'NONE',  ( -22.34061572764084502, -55.65541956926338685, 0.9999999999999997780 ) ) ;
#3937 = CARTESIAN_POINT ( 'NONE',  ( 33.32232879672930892, -33.50332874893501867, 51.00000000000083844 ) ) ;
#3938 = EDGE_CURVE ( 'NONE', #6240, #1811, #8104, .T. ) ;
#3939 = ORIENTED_EDGE ( 'NONE', *, *, #837, .T. ) ;
#3940 = ORIENTED_EDGE ( 'NONE', *, *, #5143, .T. ) ;
#3941 = ORIENTED_EDGE ( 'NONE', *, *, #1573, .T. ) ;
#3942 = CARTESIAN_POINT ( 'NONE',  ( 20.00000000000000000, 26.78170511838488466, 46.00000000000020606 ) ) ;
#3943 = VECTOR ( 'NONE', #1836, 1000.000000000000000 ) ;
#3944 = CARTESIAN_POINT ( 'NONE',  ( 81.56218202596001277, -24.52393329547755485, 54.96754451821159648 ) ) ;
#3945 = CARTESIAN_POINT ( 'NONE',  ( -75.00000000000000000, 0.000000000000000000, 0.000000000000000000 ) ) ;
#3946 = CARTESIAN_POINT ( 'NONE',  ( -25.81228552708309110, 57.98325112841093443, 27.73825769610995806 ) ) ;
#3947 = LINE ( 'NONE', #4688, #515 ) ;
#3948 = VECTOR ( 'NONE', #9163, 1000.000000000000114 ) ;
#3949 = AXIS2_PLACEMENT_3D ( 'NONE', #2947, #7544, #5130 ) ;
#3950 = EDGE_LOOP ( 'NONE', ( #4588, #6546, #72, #4480, #8353, #8966 ) ) ;
#3951 = ORIENTED_EDGE ( 'NONE', *, *, #7549, .F. ) ;
#3952 = LINE ( 'NONE', #3220, #2778 ) ;
#3953 = DIRECTION ( 'NONE',  ( 0.000000000000000000, 0.8514537021307104769, -0.5244297790247111068 ) ) ;
#3954 = AXIS2_PLACEMENT_3D ( 'NONE', #1645, #6132, #8419 ) ;
#3955 = AXIS2_PLACEMENT_3D ( 'NONE', #4299, #2914, #5038 ) ;
#3957 = EDGE_LOOP ( 'NONE', ( #4455, #3395, #8596, #4352 ) ) ;
#3956 = LINE ( 'NONE', #6967, #2556 ) ;
#3958 = DIRECTION ( 'NONE',  ( 1.000000000000000000, -0.000000000000000000, 0.000000000000000000 ) ) ;
#3959 = DIRECTION ( 'NONE',  ( 0.000000000000000000, 0.02844266007110470007, 0.9995954257038591750 ) ) ;
#3960 = DIRECTION ( 'NONE',  ( 0.000000000000000000, -0.9995954257038592861, 0.02844266007110328107 ) ) ;
#3961 = LINE ( 'NONE', #6129, #7625 ) ;
#3962 = AXIS2_PLACEMENT_3D ( 'NONE', #367, #2551, #9380 ) ;
#3963 = AXIS2_PLACEMENT_3D ( 'NONE', #6851, #65, #3144 ) ;
#3964 = ORIENTED_EDGE ( 'NONE', *, *, #2042, .F. ) ;
#3965 = DIRECTION ( 'NONE',  ( -1.000000000000000000, -0.000000000000000000, -0.000000000000000000 ) ) ;
#3966 = EDGE_CURVE ( 'NONE', #5289, #9537, #481, .T. ) ;
#3967 = ORIENTED_EDGE ( 'NONE', *, *, #6636, .T. ) ;
#3968 = CARTESIAN_POINT ( 'NONE',  ( 17.00000000000000000, 51.04086075701062697, 43.37678982146483264 ) ) ;
#3969 = AXIS2_PLACEMENT_3D ( 'NONE', #6572, #4309, #6343 ) ;
#3970 = PLANE ( 'NONE',  #4108 ) ;
#3971 = LINE ( 'NONE', #6138, #6328 ) ;
#3972 = DIRECTION ( 'NONE',  ( 0.000000000000000000, 0.02844266007110470701, 0.9995954257038591750 ) ) ;
#3973 = CARTESIAN_POINT ( 'NONE',  ( -53.05835520698587970, -43.01156474592521306, 1.066098330282111650 ) ) ;
#3974 = AXIS2_PLACEMENT_3D ( 'NONE', #1885, #8713, #2535 ) ;
#3975 = EDGE_CURVE ( 'NONE', #9073, #6177, #7729, .T. ) ;
#3976 = VERTEX_POINT ( 'NONE', #9442 ) ;
#3977 = LINE ( 'NONE', #8524, #7296 ) ;
#3978 = ORIENTED_EDGE ( 'NONE', *, *, #5843, .F. ) ;
#3979 = CARTESIAN_POINT ( 'NONE',  ( 17.81792260453698162, 65.59389552196086015, 71.68298656563102611 ) ) ;
#3980 = ADVANCED_FACE ( 'NONE', ( #4245 ), #4346, .F. ) ;
#3981 = EDGE_LOOP ( 'NONE', ( #6385, #6647, #2629, #6103 ) ) ;
#3982 = LINE ( 'NONE', #6245, #8390 ) ;
#3983 = CARTESIAN_POINT ( 'NONE',  ( 75.00000000000000000, -6.735557395310442615E-15, 1.000000000000000000 ) ) ;
#3984 = DIRECTION ( 'NONE',  ( 0.000000000000000000, -0.8798963622018148856, -0.4751656466791477906 ) ) ;
#3985 = CARTESIAN_POINT ( 'NONE',  ( 33.32232879672930892, -49.10223034971637190, 53.37678982146587714 ) ) ;
#3986 = LINE ( 'NONE', #9183, #9036 ) ;
#3987 = AXIS2_PLACEMENT_3D ( 'NONE', #4461, #8491, #6217 ) ;
#3988 = CARTESIAN_POINT ( 'NONE',  ( -24.53897647349774402, -55.15378116121782881, 1.000000000000000222 ) ) ;
#3989 = DIRECTION ( 'NONE',  ( -0.000000000000000000, 0.5244297790247111068, 0.8514537021307104769 ) ) ;
#3990 = ADVANCED_FACE ( 'NONE', ( #8000 ), #9542, .F. ) ;
#3991 = EDGE_CURVE ( 'NONE', #9773, #7143, #8049, .T. ) ;
#3992 = VERTEX_POINT ( 'NONE', #531 ) ;
#3993 = CARTESIAN_POINT ( 'NONE',  ( -8.000000000000000000, 42.49999999999986500, 5.038601137938799823 ) ) ;
#3994 = VERTEX_POINT ( 'NONE', #6558 ) ;
#3995 = CARTESIAN_POINT ( 'NONE',  ( 17.00000000000000000, -13.21862298051057394, 31.00000000000062528 ) ) ;
#3996 = VECTOR ( 'NONE', #4666, 1000.000000000000114 ) ;
#3997 = EDGE_CURVE ( 'NONE', #2682, #9501, #5090, .T. ) ;
#3998 = ORIENTED_EDGE ( 'NONE', *, *, #8809, .F. ) ;
#3999 = VECTOR ( 'NONE', #3381, 1000.000000000000227 ) ;
#4000 = CARTESIAN_POINT ( 'NONE',  ( 87.03437815055353610, -23.62192275422584942, 82.15939431529619696 ) ) ;
#4001 = CARTESIAN_POINT ( 'NONE',  ( -92.38307640380241992, 7.788551012073857471, 82.16904628896327267 ) ) ;
#4002 = FACE_OUTER_BOUND ( 'NONE', #7719, .T. ) ;
#4003 = CARTESIAN_POINT ( 'NONE',  ( -33.99553332317678667, 52.31863263963921895, 0.5541932105057066904 ) ) ;
#4004 = LINE ( 'NONE', #9247, #7305 ) ;
#4005 = AXIS2_PLACEMENT_3D ( 'NONE', #6219, #2466, #921 ) ;
#4006 = EDGE_CURVE ( 'NONE', #2285, #7345, #9589, .T. ) ;
#4007 = ORIENTED_EDGE ( 'NONE', *, *, #655, .F. ) ;
#4008 = VERTEX_POINT ( 'NONE', #9642 ) ;
#4009 = CARTESIAN_POINT ( 'NONE',  ( 17.00000000000000000, -13.50316469948729292, 51.00000000000062528 ) ) ;
#4010 = CARTESIAN_POINT ( 'NONE',  ( 20.00000000000000000, 6.496999349960439041, 36.00000000000041922 ) ) ;
#4011 = DIRECTION ( 'NONE',  ( 0.000000000000000000, 0.8798963622018145525, 0.4751656466791481792 ) ) ;
#4012 = DIRECTION ( 'NONE',  ( -1.000000000000000000, 0.000000000000000000, 0.000000000000000000 ) ) ;
#4013 = DIRECTION ( 'NONE',  ( 0.000000000000000000, -0.8798963622018151076, -0.4751656466791471800 ) ) ;
#4014 = CARTESIAN_POINT ( 'NONE',  ( -9.062375461854248471, 57.64043908934978333, 1.000000000000000222 ) ) ;
#4015 = CARTESIAN_POINT ( 'NONE',  ( 20.00000000000000000, -33.50332874893501867, 21.00000000000083489 ) ) ;
#4016 = ORIENTED_EDGE ( 'NONE', *, *, #3433, .F. ) ;
#4017 = CARTESIAN_POINT ( 'NONE',  ( 19.99999999999998579, 63.27997337984031390, 54.34411577971605567 ) ) ;
#4018 = ORIENTED_EDGE ( 'NONE', *, *, #5016, .T. ) ;
#4019 = CARTESIAN_POINT ( 'NONE',  ( 20.00000000000000000, -9.101902250820922191, 53.37678982146545792 ) ) ;
#4020 = CARTESIAN_POINT ( 'NONE',  ( 33.32232879672930892, -53.21895107940602543, 61.00000000000103739 ) ) ;
#4021 = DIRECTION ( 'NONE',  ( 0.000000000000000000, 0.02844266007110470701, 0.9995954257038591750 ) ) ;
#4022 = CARTESIAN_POINT ( 'NONE',  ( -3.000000000000000000, 42.50000000000000000, 26.43860113793879663 ) ) ;
#4023 = CARTESIAN_POINT ( 'NONE',  ( -31.94148720407896747, -53.07891978769225005, 1.058888337595346618 ) ) ;
#4024 = ORIENTED_EDGE ( 'NONE', *, *, #3743, .F. ) ;
#4025 = LINE ( 'NONE', #6383, #2261 ) ;
#4026 = ORIENTED_EDGE ( 'NONE', *, *, #446, .F. ) ;
#4027 = CARTESIAN_POINT ( 'NONE',  ( 19.71590550251948315, -66.48743564587120147, 82.00000000000000000 ) ) ;
#4028 = ORIENTED_EDGE ( 'NONE', *, *, #3799, .T. ) ;
#4029 = DIRECTION ( 'NONE',  ( 0.000000000000000000, 0.02844266007110329841, 0.9995954257038591750 ) ) ;
#4030 = CARTESIAN_POINT ( 'NONE',  ( 17.00000000000000000, -32.00000000000000000, 1.040619190461824717 ) ) ;
#4031 = CARTESIAN_POINT ( 'NONE',  ( 17.00000000000000000, -32.00000000000000000, 31.04061919046181472 ) ) ;
#4032 = CARTESIAN_POINT ( 'NONE',  ( 17.00000000000000000, -49.10223034971637190, 8.376789821465877139 ) ) ;
#4033 = CARTESIAN_POINT ( 'NONE',  ( -52.32292121647603267, 43.60790554183272150, 1.000000000000000222 ) ) ;
#4034 = CARTESIAN_POINT ( 'NONE',  ( -17.88916181334056787, -56.49784637866643777, 0.9999999999999997780 ) ) ;
#4035 = CARTESIAN_POINT ( 'NONE',  ( -3.000000000000000000, 42.49999999999997158, 18.63860113793879947 ) ) ;
#4036 = EDGE_CURVE ( 'NONE', #5041, #6264, #3750, .T. ) ;
#4037 = EDGE_CURVE ( 'NONE', #1164, #6672, #3705, .T. ) ;
#4038 = ORIENTED_EDGE ( 'NONE', *, *, #1013, .T. ) ;
#4039 = VERTEX_POINT ( 'NONE', #6759 ) ;
#4040 = VERTEX_POINT ( 'NONE', #2912 ) ;
#4041 = CARTESIAN_POINT ( 'NONE',  ( 20.00000000000000000, -8.959631391332559147, 13.37678982146545970 ) ) ;
#4042 = ORIENTED_EDGE ( 'NONE', *, *, #6826, .T. ) ;
#4043 = CARTESIAN_POINT ( 'NONE',  ( 84.09139231596185482, 19.53656538583138769, 54.97191729998524323 ) ) ;
#4044 = CARTESIAN_POINT ( 'NONE',  ( 75.00000000000000000, -6.735557395310442615E-15, 0.000000000000000000 ) ) ;
#4045 = EDGE_CURVE ( 'NONE', #3710, #6036, #8298, .T. ) ;
#4046 = EDGE_CURVE ( 'NONE', #2197, #6753, #1364, .T. ) ;
#4047 = CARTESIAN_POINT ( 'NONE',  ( -8.000000000000000000, -32.00000000000000000, 1.040619190461824717 ) ) ;
#4048 = CARTESIAN_POINT ( 'NONE',  ( -33.52766089688971363, 55.84300410683238169, 27.74110804335582969 ) ) ;
#4049 = VECTOR ( 'NONE', #2426, 1000.000000000000000 ) ;
#4050 = LINE ( 'NONE', #4741, #8734 ) ;
#4051 = EDGE_CURVE ( 'NONE', #5726, #5056, #7452, .T. ) ;
#4052 = EDGE_LOOP ( 'NONE', ( #4426, #7247, #994, #9549 ) ) ;
#4053 = ORIENTED_EDGE ( 'NONE', *, *, #1496, .T. ) ;
#4054 = LINE ( 'NONE', #34, #8469 ) ;
#4055 = VECTOR ( 'NONE', #3748, 1000.000000000000000 ) ;
#4056 = PLANE ( 'NONE',  #1708 ) ;
#4057 = DIRECTION ( 'NONE',  ( 0.000000000000000000, -0.8514537021307104769, 0.5244297790247111068 ) ) ;
#4058 = CARTESIAN_POINT ( 'NONE',  ( 19.98403368927404600, 66.44553104254627840, 81.00000000000000000 ) ) ;
#4059 = DIRECTION ( 'NONE',  ( -1.000000000000000000, 0.000000000000000000, 0.000000000000000000 ) ) ;
#4060 = ADVANCED_FACE ( 'NONE', ( #7605 ), #7505, .F. ) ;
#4061 = FACE_OUTER_BOUND ( 'NONE', #6195, .T. ) ;
#4062 = LINE ( 'NONE', #4203, #8260 ) ;
#4063 = VERTEX_POINT ( 'NONE', #4543 ) ;
#4064 = EDGE_LOOP ( 'NONE', ( #4681, #572, #5874, #8929, #1262, #105, #810, #8890, #5835, #4414 ) ) ;
#4065 = CARTESIAN_POINT ( 'NONE',  ( 20.00000000000000000, -57.76248438756075387, 68.62321017853619765 ) ) ;
#4066 = EDGE_LOOP ( 'NONE', ( #9162, #3761, #7715, #1387 ) ) ;
#4067 = DIRECTION ( 'NONE',  ( 0.000000000000000000, -0.5244297790247101076, -0.8514537021307111431 ) ) ;
#4068 = PLANE ( 'NONE',  #7571 ) ;
#4069 = CARTESIAN_POINT ( 'NONE',  ( 33.32232879672930892, 51.04086075701062697, 28.37678982146483264 ) ) ;
#4070 = FACE_OUTER_BOUND ( 'NONE', #6444, .T. ) ;
#4071 = ORIENTED_EDGE ( 'NONE', *, *, #4849, .T. ) ;
#4072 = CARTESIAN_POINT ( 'NONE',  ( 33.32232879672930892, 2.380278620270778855, 28.62321017853558658 ) ) ;
#4073 = EDGE_LOOP ( 'NONE', ( #6030, #8551, #4340, #7014 ) ) ;
#4074 = CARTESIAN_POINT ( 'NONE',  ( 24.62906657918448872, 57.62906657918433240, 12.01141253646063234 ) ) ;
#4075 = VECTOR ( 'NONE', #3953, 1000.000000000000114 ) ;
#4076 = VERTEX_POINT ( 'NONE', #6023 ) ;
#4077 = CARTESIAN_POINT ( 'NONE',  ( 20.00000000000000000, -9.101902250820922191, 68.37678982146546502 ) ) ;
#4078 = FACE_OUTER_BOUND ( 'NONE', #3655, .T. ) ;
#4079 = LINE ( 'NONE', #542, #487 ) ;
#4080 = DIRECTION ( 'NONE',  ( 0.000000000000000000, 0.8798963622018147746, 0.4751656466791477351 ) ) ;
#4081 = CARTESIAN_POINT ( 'NONE',  ( -48.30676546732339460, 46.03917987178828497, 1.086298991543278580 ) ) ;
#4082 = CARTESIAN_POINT ( 'NONE',  ( 33.32232879672930892, -49.10223034971637190, 8.376789821465877139 ) ) ;
#4083 = DIRECTION ( 'NONE',  ( -1.000000000000000000, 0.000000000000000000, 0.000000000000000000 ) ) ;
#4084 = VECTOR ( 'NONE', #3620, 1000.000000000000114 ) ;
#4085 = EDGE_LOOP ( 'NONE', ( #4038, #8767, #8877, #9770 ) ) ;
#4086 = ORIENTED_EDGE ( 'NONE', *, *, #4728, .T. ) ;
#4087 = EDGE_LOOP ( 'NONE', ( #5503, #2126, #6372, #7769 ) ) ;
#4088 = CARTESIAN_POINT ( 'NONE',  ( 33.32232879672930892, -37.62004947862467930, 13.62321017853600047 ) ) ;
#4089 = ORIENTED_EDGE ( 'NONE', *, *, #4324, .F. ) ;
#4090 = CARTESIAN_POINT ( 'NONE',  ( 81.17403432497000892, 25.18869704077585325, 54.96690536880397104 ) ) ;
#4091 = EDGE_CURVE ( 'NONE', #3569, #5743, #4494, .T. ) ;
#4092 = AXIS2_PLACEMENT_3D ( 'NONE', #6774, #4605, #41 ) ;
#4093 = CARTESIAN_POINT ( 'NONE',  ( -83.63458540277670750, -1.913084355167073980, 27.79010532849628490 ) ) ;
#4094 = CARTESIAN_POINT ( 'NONE',  ( 17.00000000000000000, -8.959631391332559147, 13.37678982146545970 ) ) ;
#4095 = CARTESIAN_POINT ( 'NONE',  ( -31.05668608663744124, 56.63236495047956964, 27.74005447675546776 ) ) ;
#4096 = ORIENTED_EDGE ( 'NONE', *, *, #160, .F. ) ;
#4097 = AXIS2_PLACEMENT_3D ( 'NONE', #2333, #3128, #7629 ) ;
#4098 = EDGE_CURVE ( 'NONE', #7373, #2129, #2163, .T. ) ;
#4099 = ORIENTED_EDGE ( 'NONE', *, *, #3392, .T. ) ;
#4100 = CARTESIAN_POINT ( 'NONE',  ( 73.94085662189138475, -20.42687718850368483, 1.080369324741700776 ) ) ;
#4101 = EDGE_CURVE ( 'NONE', #8902, #1189, #5690, .T. ) ;
#4102 = VECTOR ( 'NONE', #2505, 1000.000000000000000 ) ;
#4103 = CARTESIAN_POINT ( 'NONE',  ( 37.17431965838637353, -51.10378448534391538, 0.5497289284488935390 ) ) ;
#4104 = EDGE_CURVE ( 'NONE', #6456, #9773, #2268, .T. ) ;
#4105 = FACE_BOUND ( 'NONE', #8258, .T. ) ;
#4106 = CARTESIAN_POINT ( 'NONE',  ( 20.00000000000000000, 11.04053265811517193, 43.37678982146525186 ) ) ;
#4107 = CARTESIAN_POINT ( 'NONE',  ( -78.06862740767459741, 8.943977691012774400, 1.000000000000000000 ) ) ;
#4108 = AXIS2_PLACEMENT_3D ( 'NONE', #203, #1740, #1228 ) ;
#4109 = DIRECTION ( 'NONE',  ( 0.000000000000000000, 0.8514537021307104769, -0.5244297790247111068 ) ) ;
#4110 = VERTEX_POINT ( 'NONE', #5338 ) ;
#4111 = EDGE_CURVE ( 'NONE', #293, #7143, #5971, .T. ) ;
#4112 = AXIS2_PLACEMENT_3D ( 'NONE', #8002, #4945, #2863 ) ;
#4113 = ORIENTED_EDGE ( 'NONE', *, *, #1449, .F. ) ;
#4114 = CARTESIAN_POINT ( 'NONE',  ( 17.63187709129220693, -65.79201001234370949, 73.19318864314688255 ) ) ;
#4115 = VERTEX_POINT ( 'NONE', #8992 ) ;
#4116 = ADVANCED_FACE ( 'NONE', ( #5285 ), #3802, .F. ) ;
#4117 = DIRECTION ( 'NONE',  ( 0.000000000000000000, -0.5244297790247105517, -0.8514537021307109210 ) ) ;
#4118 = DIRECTION ( 'NONE',  ( 0.000000000000000000, -0.4751656466791475131, 0.8798963622018149966 ) ) ;
#4119 = CARTESIAN_POINT ( 'NONE',  ( 17.00000000000000000, -57.62021352807240504, 58.62321017853621186 ) ) ;
#4120 = FACE_OUTER_BOUND ( 'NONE', #3912, .T. ) ;
#4121 = VECTOR ( 'NONE', #5287, 1000.000000000000114 ) ;
#4122 = EDGE_LOOP ( 'NONE', ( #1200, #3967, #9386, #7852, #1082, #7035 ) ) ;
#4123 = EDGE_CURVE ( 'NONE', #9141, #6544, #28, .T. ) ;
#4124 = ORIENTED_EDGE ( 'NONE', *, *, #2834, .F. ) ;
#4125 = LINE ( 'NONE', #5468, #674 ) ;
#4126 = EDGE_LOOP ( 'NONE', ( #2634, #2425, #5980, #9739 ) ) ;
#4127 = CARTESIAN_POINT ( 'NONE',  ( -94.00000000000000000, 2.270200223097281350E-15, 82.00000000000000000 ) ) ;
#4128 = VECTOR ( 'NONE', #1276, 1000.000000000000114 ) ;
#4129 = VERTEX_POINT ( 'NONE', #1519 ) ;
#4130 = LINE ( 'NONE', #5568, #4601 ) ;
#4131 = FACE_OUTER_BOUND ( 'NONE', #9723, .T. ) ;
#4132 = DIRECTION ( 'NONE',  ( 0.000000000000000000, 0.02844266007110328107, 0.9995954257038591750 ) ) ;
#4133 = LINE ( 'NONE', #1052, #8696 ) ;
#4134 = CARTESIAN_POINT ( 'NONE',  ( -75.00348950716359298, 18.58994251702144851, 1.000000000000000222 ) ) ;
#4135 = CARTESIAN_POINT ( 'NONE',  ( 78.99999999999995737, -1.141470178264581525, 0.9999999999999997780 ) ) ;
#4136 = CARTESIAN_POINT ( 'NONE',  ( 17.00000000000000000, -32.00000000000000000, 30.24932123590627597 ) ) ;
#4137 = VECTOR ( 'NONE', #166, 1000.000000000000000 ) ;
#4138 = VERTEX_POINT ( 'NONE', #7399 ) ;
#4139 = LINE ( 'NONE', #2558, #8912 ) ;
#4140 = ORIENTED_EDGE ( 'NONE', *, *, #5687, .F. ) ;
#4141 = CARTESIAN_POINT ( 'NONE',  ( 11.99999999828273189, 40.00000000171721126, 1.038732180310374842 ) ) ;
#4142 = ORIENTED_EDGE ( 'NONE', *, *, #117, .T. ) ;
#4143 = VECTOR ( 'NONE', #6980, 1000.000000000000114 ) ;
#4144 = AXIS2_PLACEMENT_3D ( 'NONE', #9590, #4893, #2809 ) ;
#4145 = CARTESIAN_POINT ( 'NONE',  ( 73.24836226112851989, 29.38456935668313719, 27.77109934354197662 ) ) ;
#4146 = CARTESIAN_POINT ( 'NONE',  ( -80.37082520655057749, -17.01677067485531225, 27.78328897734674996 ) ) ;
#4147 = DIRECTION ( 'NONE',  ( 0.000000000000000000, -0.8514537021307111431, 0.5244297790247101076 ) ) ;
#4148 = CARTESIAN_POINT ( 'NONE',  ( -63.97468838153280757, 39.34644653566513739, 27.76305112361668392 ) ) ;
#4149 = ORIENTED_EDGE ( 'NONE', *, *, #3555, .T. ) ;
#4150 = VECTOR ( 'NONE', #5751, 1000.000000000000000 ) ;
#4151 = ORIENTED_EDGE ( 'NONE', *, *, #7495, .T. ) ;
#4152 = EDGE_LOOP ( 'NONE', ( #8366, #6322, #2217, #295 ) ) ;
#4153 = DIRECTION ( 'NONE',  ( -1.000000000000000000, -0.000000000000000000, -0.000000000000000000 ) ) ;
#4154 = CARTESIAN_POINT ( 'NONE',  ( 23.18971189482906325, -61.77352914389332028, 54.92306792014205286 ) ) ;
#4155 = PLANE ( 'NONE',  #297 ) ;
#4156 = CARTESIAN_POINT ( 'NONE',  ( 20.00000000000000000, 26.78170511838488466, 31.00000000000020961 ) ) ;
#4157 = VECTOR ( 'NONE', #127, 1000.000000000000000 ) ;
#4158 = CARTESIAN_POINT ( 'NONE',  ( -38.44891652316955799, 50.66716839283043328, 0.9999999999999997780 ) ) ;
#4159 = CARTESIAN_POINT ( 'NONE',  ( 28.69129464838412602, 63.80482307247957152, 81.99999999999998579 ) ) ;
#4160 = EDGE_LOOP ( 'NONE', ( #349, #9123, #1549, #2831 ) ) ;
#4161 = ADVANCED_FACE ( 'NONE', ( #6072 ), #829, .F. ) ;
#4162 = VECTOR ( 'NONE', #5402, 1000.000000000000114 ) ;
#4163 = ORIENTED_EDGE ( 'NONE', *, *, #4285, .T. ) ;
#4164 = DIRECTION ( 'NONE',  ( 0.000000000000000000, -0.02844266007110466538, -0.9995954257038591750 ) ) ;
#4165 = VERTEX_POINT ( 'NONE', #8896 ) ;
#4166 = LINE ( 'NONE', #4758, #8194 ) ;
#4167 = CARTESIAN_POINT ( 'NONE',  ( 11.99287549527204000, -66.53861500317005095, 82.11098279014291279 ) ) ;
#4168 = CARTESIAN_POINT ( 'NONE',  ( 20.00000000000000000, 6.781541068937156247, 61.00000000000041211 ) ) ;
#4169 = EDGE_CURVE ( 'NONE', #3165, #8439, #5232, .T. ) ;
#4170 = CARTESIAN_POINT ( 'NONE',  ( 17.00000000000000000, 45.00000000000000000, 15.03774688497164291 ) ) ;
#4171 = EDGE_CURVE ( 'NONE', #1844, #3627, #8249, .T. ) ;
#4172 = EDGE_CURVE ( 'NONE', #6114, #3043, #8665, .T. ) ;
#4173 = DIRECTION ( 'NONE',  ( -1.000000000000000000, -0.000000000000000000, -0.000000000000000000 ) ) ;
#4174 = ORIENTED_EDGE ( 'NONE', *, *, #7787, .T. ) ;
#4175 = DIRECTION ( 'NONE',  ( 0.000000000000000000, 0.8798963622018151076, 0.4751656466791471800 ) ) ;
#4176 = ORIENTED_EDGE ( 'NONE', *, *, #6312, .F. ) ;
#4177 = PLANE ( 'NONE',  #6321 ) ;
#4178 = FACE_OUTER_BOUND ( 'NONE', #6364, .T. ) ;
#4179 = DIRECTION ( 'NONE',  ( 0.000000000000000000, 0.02844266007110328107, 0.9995954257038591750 ) ) ;
#4180 = CARTESIAN_POINT ( 'NONE',  ( 35.11047445888983276, 52.08988500107031427, 1.000000000000000000 ) ) ;
#4181 = CARTESIAN_POINT ( 'NONE',  ( 74.80642864789554380, -18.66431955353674965, 1.000000000000000000 ) ) ;
#4182 = ADVANCED_FACE ( 'NONE', ( #3160 ), #1354, .F. ) ;
#4183 = LINE ( 'NONE', #7983, #2376 ) ;
#4184 = EDGE_LOOP ( 'NONE', ( #5482, #6708, #3263, #7648 ) ) ;
#4185 = DIRECTION ( 'NONE',  ( -1.000000000000000000, 0.000000000000000000, 0.000000000000000000 ) ) ;
#4186 = ORIENTED_EDGE ( 'NONE', *, *, #8807, .T. ) ;
#4187 = CARTESIAN_POINT ( 'NONE',  ( 17.00000000000000000, -53.21895107940601122, 76.00000000000103739 ) ) ;
#4188 = ORIENTED_EDGE ( 'NONE', *, *, #5847, .T. ) ;
#4189 = CARTESIAN_POINT ( 'NONE',  ( 74.38954719015247008, 19.40951815573664518, 0.5903509133225857131 ) ) ;
#4190 = CARTESIAN_POINT ( 'NONE',  ( -66.55373367811571939, -31.25111581722550369, 0.5771078482647608032 ) ) ;
#4191 = CARTESIAN_POINT ( 'NONE',  ( 77.35822556974248698, 11.78861905973180946, 1.083905228572104251 ) ) ;
#4192 = CARTESIAN_POINT ( 'NONE',  ( -72.65575429746195368, 30.15669445781929525, 27.77433447336729699 ) ) ;
#4193 = ORIENTED_EDGE ( 'NONE', *, *, #1861, .T. ) ;
#4194 = B_SPLINE_CURVE_WITH_KNOTS ( 'NONE', 3,
 ( #5208, #3724, #6734, #747 ),
 .UNSPECIFIED., .F., .F.,
 ( 4, 4 ),
 ( 0.0005076104622577963044, 0.08198520762052727284 ),
 .UNSPECIFIED. ) ;
#4195 = EDGE_LOOP ( 'NONE', ( #8986, #8280, #2475, #823 ) ) ;
#4196 = EDGE_LOOP ( 'NONE', ( #6606, #3543, #2607, #5458 ) ) ;
#4197 = CARTESIAN_POINT ( 'NONE',  ( 56.69562205721783954, -40.49735727526502416, 1.067879785500158496 ) ) ;
#4198 = CARTESIAN_POINT ( 'NONE',  ( 20.00000000000000000, -17.76215628866530949, 23.62321017853578908 ) ) ;
#4199 = FACE_OUTER_BOUND ( 'NONE', #9487, .T. ) ;
#4200 = CARTESIAN_POINT ( 'NONE',  ( 17.00000000000000000, -37.62004947862467930, 43.62321017853599869 ) ) ;
#4201 = CARTESIAN_POINT ( 'NONE',  ( 20.00000000000000000, -53.21895107940602543, 61.00000000000103739 ) ) ;
#4202 = FACE_OUTER_BOUND ( 'NONE', #3239, .T. ) ;
#4203 = CARTESIAN_POINT ( 'NONE',  ( 20.00000000000000000, -37.62004947862467930, 28.62321017853600225 ) ) ;
#4204 = VERTEX_POINT ( 'NONE', #9412 ) ;
#4205 = EDGE_LOOP ( 'NONE', ( #1466, #4599, #8189, #9636 ) ) ;
#4206 = DIRECTION ( 'NONE',  ( 0.000000000000000000, -0.8798963622018147746, -0.4751656466791477906 ) ) ;
#4207 = ORIENTED_EDGE ( 'NONE', *, *, #3413, .F. ) ;
#4208 = PLANE ( 'NONE',  #4730 ) ;
#4209 = DIRECTION ( 'NONE',  ( -1.000000000000000000, -0.000000000000000000, -0.000000000000000000 ) ) ;
#4210 = DIRECTION ( 'NONE',  ( 0.000000000000000000, -0.02844266007110466538, -0.9995954257038591750 ) ) ;
#4211 = EDGE_CURVE ( 'NONE', #1384, #4720, #2534, .T. ) ;
#4212 = CARTESIAN_POINT ( 'NONE',  ( 20.00000000000000000, 11.04053265811517193, 28.37678982146524831 ) ) ;
#4213 = DIRECTION ( 'NONE',  ( 0.000000000000000000, 0.8514537021307104769, -0.5244297790247111068 ) ) ;
#4214 = ADVANCED_FACE ( 'NONE', ( #6236 ), #4760, .T. ) ;
#4215 = ORIENTED_EDGE ( 'NONE', *, *, #5850, .F. ) ;
#4216 = CARTESIAN_POINT ( 'NONE',  ( 2.930791320526829224, -67.00907968641575962, 81.99999999999998579 ) ) ;
#4217 = EDGE_CURVE ( 'NONE', #1946, #5176, #6282, .T. ) ;
#4218 = ORIENTED_EDGE ( 'NONE', *, *, #4512, .T. ) ;
#4219 = LINE ( 'NONE', #7223, #8507 ) ;
#4220 = CARTESIAN_POINT ( 'NONE',  ( 17.00000000000000000, -28.95979544078028312, 13.37678982146566753 ) ) ;
#4221 = VECTOR ( 'NONE', #743, 1000.000000000000000 ) ;
#4222 = DIRECTION ( 'NONE',  ( 0.000000000000000000, -0.8798963622018145525, -0.4751656466791481792 ) ) ;
#4223 = CARTESIAN_POINT ( 'NONE',  ( -44.70328208944844306, -75.58536144637618293, 82.00000000000000000 ) ) ;
#4224 = ADVANCED_FACE ( 'NONE', ( #4809 ), #4068, .F. ) ;
#4225 = CARTESIAN_POINT ( 'NONE',  ( 75.27298166287575043, -17.62595525287306941, 1.000000000000000000 ) ) ;
#4226 = CARTESIAN_POINT ( 'NONE',  ( -3.000000000000000000, -34.50000000000004263, 19.64061919046182680 ) ) ;
#4227 = ORIENTED_EDGE ( 'NONE', *, *, #5055, .T. ) ;
#4228 = DIRECTION ( 'NONE',  ( 0.000000000000000000, 0.8798963622018148856, 0.4751656466791474576 ) ) ;
#4229 = ORIENTED_EDGE ( 'NONE', *, *, #8864, .T. ) ;
#4230 = CARTESIAN_POINT ( 'NONE',  ( -3.000000000000000000, -34.50000000000011369, 11.04061919046182894 ) ) ;
#4231 = EDGE_CURVE ( 'NONE', #6471, #8205, #9267, .T. ) ;
#4232 = ORIENTED_EDGE ( 'NONE', *, *, #4768, .F. ) ;
#4233 = LINE ( 'NONE', #3221, #8974 ) ;
#4234 = CARTESIAN_POINT ( 'NONE',  ( 74.37720470064995482, 34.55250039015201935, 54.95693300540428083 ) ) ;
#4235 = CARTESIAN_POINT ( 'NONE',  ( -69.82102325040222013, -44.38968208892487155, 82.13752238234975778 ) ) ;
#4236 = EDGE_CURVE ( 'NONE', #1954, #6240, #2363, .T. ) ;
#4237 = DIRECTION ( 'NONE',  ( 0.000000000000000000, -0.5244297790247101076, -0.8514537021307111431 ) ) ;
#4238 = CARTESIAN_POINT ( 'NONE',  ( -81.43889252632277476, 24.73667616401306191, 54.96940410591735571 ) ) ;
#4239 = VECTOR ( 'NONE', #879, 1000.000000000000114 ) ;
#4240 = ORIENTED_EDGE ( 'NONE', *, *, #3374, .T. ) ;
#4241 = ORIENTED_EDGE ( 'NONE', *, *, #705, .T. ) ;
#4242 = DIRECTION ( 'NONE',  ( 0.000000000000000000, 0.8514537021307111431, -0.5244297790247101076 ) ) ;
#4243 = VECTOR ( 'NONE', #6391, 1000.000000000000114 ) ;
#4244 = CARTESIAN_POINT ( 'NONE',  ( 27.27113334192200611, -57.66174021986824272, 27.73455819385918275 ) ) ;
#4245 = FACE_OUTER_BOUND ( 'NONE', #9503, .T. ) ;
#4246 = DIRECTION ( 'NONE',  ( 0.000000000000000000, 0.02844266007110328107, 0.9995954257038591750 ) ) ;
#4247 = DIRECTION ( 'NONE',  ( 0.000000000000000000, 0.000000000000000000, 1.000000000000000000 ) ) ;
#4248 = CARTESIAN_POINT ( 'NONE',  ( 33.32232879672930892, -17.61988542917695355, 28.62321017853579264 ) ) ;
#4249 = CARTESIAN_POINT ( 'NONE',  ( 92.83804728439589837, -4.362675140368443394, 82.00000000000001421 ) ) ;
#4250 = VECTOR ( 'NONE', #1791, 1000.000000000000114 ) ;
#4251 = ORIENTED_EDGE ( 'NONE', *, *, #704, .F. ) ;
#4252 = ORIENTED_EDGE ( 'NONE', *, *, #6712, .T. ) ;
#4253 = DIRECTION ( 'NONE',  ( 0.000000000000000000, 0.8798963622018147746, 0.4751656466791477351 ) ) ;
#4254 = VECTOR ( 'NONE', #1280, 1000.000000000000000 ) ;
#4255 = ORIENTED_EDGE ( 'NONE', *, *, #2295, .F. ) ;
#4256 = FACE_OUTER_BOUND ( 'NONE', #8245, .T. ) ;
#4257 = PLANE ( 'NONE',  #7099 ) ;
#4258 = DIRECTION ( 'NONE',  ( 0.000000000000000000, 0.1073915512948620116, -0.9942168046811937776 ) ) ;
#4259 = CARTESIAN_POINT ( 'NONE',  ( 17.00000000000000000, 30.89842584807453818, 8.376789821465044028 ) ) ;
#4260 = VECTOR ( 'NONE', #3504, 1000.000000000000114 ) ;
#4261 = CARTESIAN_POINT ( 'NONE',  ( 80.00000000000000000, -8.888102484588013203E-15, 1.000000000000000000 ) ) ;
#4262 = EDGE_CURVE ( 'NONE', #4717, #9129, #301, .T. ) ;
#4263 = ORIENTED_EDGE ( 'NONE', *, *, #1621, .F. ) ;
#4264 = CARTESIAN_POINT ( 'NONE',  ( -77.87820551681535619, -36.72568468114821627, 82.00000000000001421 ) ) ;
#4265 = ORIENTED_EDGE ( 'NONE', *, *, #7133, .F. ) ;
#4266 = CARTESIAN_POINT ( 'NONE',  ( 20.00000000000000000, -29.10206630026864616, 38.37678982146567108 ) ) ;
#4267 = DIRECTION ( 'NONE',  ( 0.000000000000000000, 0.9995954257038592861, -0.02844266007110471048 ) ) ;
#4268 = PLANE ( 'NONE',  #3479 ) ;
#4269 = DIRECTION ( 'NONE',  ( 0.000000000000000000, -0.5244297790247101076, -0.8514537021307111431 ) ) ;
#4270 = VECTOR ( 'NONE', #658, 1000.000000000000114 ) ;
#4271 = CARTESIAN_POINT ( 'NONE',  ( -68.63811641685211384, -28.94871503358220366, 1.086298605844412180 ) ) ;
#4272 = CARTESIAN_POINT ( 'NONE',  ( 33.32232879672930892, -48.95995949022800886, 13.37678982146587714 ) ) ;
#4273 = EDGE_CURVE ( 'NONE', #1159, #1408, #4855, .T. ) ;
#4274 = AXIS2_PLACEMENT_3D ( 'NONE', #8335, #9776, #3048 ) ;
#4275 = ORIENTED_EDGE ( 'NONE', *, *, #8939, .F. ) ;
#4276 = LINE ( 'NONE', #8928, #4938 ) ;
#4277 = ADVANCED_FACE ( 'NONE', ( #2676 ), #7922, .T. ) ;
#4278 = ORIENTED_EDGE ( 'NONE', *, *, #6331, .T. ) ;
#4279 = LINE ( 'NONE', #7285, #5042 ) ;
#4280 = VERTEX_POINT ( 'NONE', #5696 ) ;
#4281 = LINE ( 'NONE', #8881, #636 ) ;
#4282 = DIRECTION ( 'NONE',  ( 0.000000000000000000, 0.02844266007110329494, 0.9995954257038591750 ) ) ;
#4283 = CARTESIAN_POINT ( 'NONE',  ( 53.06674671191485260, 55.07481425117622109, 82.12468844416002867 ) ) ;
#4284 = CARTESIAN_POINT ( 'NONE',  ( -56.36351529324512910, -40.65946091182825484, 0.5644859236691138760 ) ) ;
#4285 = EDGE_CURVE ( 'NONE', #8691, #2844, #6422, .T. ) ;
#4286 = AXIS2_PLACEMENT_3D ( 'NONE', #7923, #353, #7778 ) ;
#4287 = FACE_OUTER_BOUND ( 'NONE', #9391, .T. ) ;
#4288 = CARTESIAN_POINT ( 'NONE',  ( 33.32232879672930892, 51.04086075701062697, 43.37678982146483264 ) ) ;
#4289 = EDGE_CURVE ( 'NONE', #3186, #5213, #251, .T. ) ;
#4290 = ADVANCED_FACE ( 'NONE', ( #7723 ), #1884, .F. ) ;
#4291 = ORIENTED_EDGE ( 'NONE', *, *, #4592, .F. ) ;
#4292 = EDGE_CURVE ( 'NONE', #2979, #8302, #940, .T. ) ;
#4293 = ORIENTED_EDGE ( 'NONE', *, *, #8873, .T. ) ;
#4294 = LINE ( 'NONE', #2909, #1042 ) ;
#4295 = VECTOR ( 'NONE', #2202, 1000.000000000000114 ) ;
#4296 = CARTESIAN_POINT ( 'NONE',  ( 32.81731834146637539, -52.72148542242508285, 0.5474324689121854437 ) ) ;
#4297 = CARTESIAN_POINT ( 'NONE',  ( 17.00000000000000000, -57.62021352807240504, 43.62321017853621186 ) ) ;
#4298 = DIRECTION ( 'NONE',  ( -1.000000000000000000, -0.000000000000000000, -0.000000000000000000 ) ) ;
#4299 = CARTESIAN_POINT ( 'NONE',  ( 33.32232879672930892, 42.38060671916623789, 43.62321017853516736 ) ) ;
#4300 = CARTESIAN_POINT ( 'NONE',  ( 84.93676970651684144, -27.32815035444417973, 82.00000000000004263 ) ) ;
#4301 = AXIS2_PLACEMENT_3D ( 'NONE', #2454, #865, #8388 ) ;
#4302 = ADVANCED_FACE ( 'NONE', ( #1137 ), #3970, .F. ) ;
#4303 = VECTOR ( 'NONE', #6337, 1000.000000000000000 ) ;
#4304 = ORIENTED_EDGE ( 'NONE', *, *, #534, .T. ) ;
#4305 = ORIENTED_EDGE ( 'NONE', *, *, #472, .F. ) ;
#4306 = EDGE_LOOP ( 'NONE', ( #9359, #771, #4163, #3170, #5654 ) ) ;
#4307 = CARTESIAN_POINT ( 'NONE',  ( 33.32232879672930892, 46.78186916783261040, 16.00000000000000000 ) ) ;
#4308 = VECTOR ( 'NONE', #1231, 1000.000000000000114 ) ;
#4310 = ORIENTED_EDGE ( 'NONE', *, *, #7364, .T. ) ;
#4309 = DIRECTION ( 'NONE',  ( 0.000000000000000000, 0.4751656466791477906, -0.8798963622018148856 ) ) ;
#4311 = LINE ( 'NONE', #1331, #9150 ) ;
#4312 = LINE ( 'NONE', #6625, #9638 ) ;
#4313 = LINE ( 'NONE', #546, #498 ) ;
#4314 = CARTESIAN_POINT ( 'NONE',  ( 17.00000000000000000, -37.76232033811303523, 23.62321017853599869 ) ) ;
#4315 = VECTOR ( 'NONE', #6085, 1000.000000000000000 ) ;
#4316 = CARTESIAN_POINT ( 'NONE',  ( 33.32232879672930892, -13.50316469948729292, 66.00000000000062528 ) ) ;
#4317 = ORIENTED_EDGE ( 'NONE', *, *, #1642, .F. ) ;
#4318 = CARTESIAN_POINT ( 'NONE',  ( -80.00000000000000000, 1.662686369618629601E-15, 1.000000000000000000 ) ) ;
#4319 = EDGE_LOOP ( 'NONE', ( #5446, #4053, #73, #4683 ) ) ;
#4320 = LINE ( 'NONE', #8021, #6921 ) ;
#4321 = CARTESIAN_POINT ( 'NONE',  ( 17.00000000000000000, 42.38060671916623789, 13.62321017853516736 ) ) ;
#4322 = CARTESIAN_POINT ( 'NONE',  ( 20.00000000000000000, 6.781541068937156247, 46.00000000000041211 ) ) ;
#4323 = CARTESIAN_POINT ( 'NONE',  ( -76.49822795142799237, 14.95423146137772541, 1.000000000000000000 ) ) ;
#4324 = EDGE_CURVE ( 'NONE', #1721, #7818, #9557, .T. ) ;
#4325 = CARTESIAN_POINT ( 'NONE',  ( 71.07344828873998210, -25.58731213933356230, 1.086298605844412180 ) ) ;
#4326 = DIRECTION ( 'NONE',  ( 0.000000000000000000, 0.000000000000000000, 1.000000000000000000 ) ) ;
#4327 = ORIENTED_EDGE ( 'NONE', *, *, #3201, .T. ) ;
#4328 = PLANE ( 'NONE',  #6986 ) ;
#4329 = VERTEX_POINT ( 'NONE', #2822 ) ;
#4330 = DIRECTION ( 'NONE',  ( 0.000000000000000000, 0.000000000000000000, 1.000000000000000000 ) ) ;
#4331 = AXIS2_PLACEMENT_3D ( 'NONE', #9333, #5580, #222 ) ;
#4332 = ORIENTED_EDGE ( 'NONE', *, *, #9539, .T. ) ;
#4333 = LINE ( 'NONE', #1401, #159 ) ;
#4334 = FACE_BOUND ( 'NONE', #2568, .T. ) ;
#4335 = CARTESIAN_POINT ( 'NONE',  ( 41.10291951678928513, 60.15396719651374724, 82.11857244380394150 ) ) ;
#4336 = CARTESIAN_POINT ( 'NONE',  ( -82.71254959130820339, -9.269435386562768997, 27.78809230722847090 ) ) ;
#4337 = CARTESIAN_POINT ( 'NONE',  ( 17.00000000000000000, 42.23833585967788196, 23.62321017853516381 ) ) ;
#4338 = CARTESIAN_POINT ( 'NONE',  ( -57.82665729263651855, 48.46707598335565592, 54.94197576932186422 ) ) ;
#4339 = EDGE_CURVE ( 'NONE', #2309, #6542, #8010, .T. ) ;
#4340 = ORIENTED_EDGE ( 'NONE', *, *, #7727, .F. ) ;
#4341 = ORIENTED_EDGE ( 'NONE', *, *, #710, .F. ) ;
#4342 = LINE ( 'NONE', #4492, #4055 ) ;
#4343 = EDGE_CURVE ( 'NONE', #9286, #2157, #8118, .T. ) ;
#4344 = EDGE_CURVE ( 'NONE', #9001, #3380, #8063, .T. ) ;
#4345 = CARTESIAN_POINT ( 'NONE',  ( 53.56438705075431983, -46.91016469117329990, 27.74894897880609079 ) ) ;
#4346 = PLANE ( 'NONE',  #6932 ) ;
#4347 = LINE ( 'NONE', #2069, #4260 ) ;
#4348 = EDGE_CURVE ( 'NONE', #1644, #686, #1332, .T. ) ;
#4349 = DIRECTION ( 'NONE',  ( -0.000000000000000000, 0.5244297790247111068, 0.8514537021307104769 ) ) ;
#4350 = CARTESIAN_POINT ( 'NONE',  ( 92.98345037365024268, 1.184885089194083863, 82.00000000000000000 ) ) ;
#4351 = EDGE_LOOP ( 'NONE', ( #6951, #7107, #1375, #1003, #1800, #573 ) ) ;
#4352 = ORIENTED_EDGE ( 'NONE', *, *, #6208, .F. ) ;
#4353 = ORIENTED_EDGE ( 'NONE', *, *, #5672, .F. ) ;
#4354 = CARTESIAN_POINT ( 'NONE',  ( 33.32232879672930892, 31.04069670756290122, 13.37678982146504403 ) ) ;
#4356 = VERTEX_POINT ( 'NONE', #6679 ) ;
#4355 = CARTESIAN_POINT ( 'NONE',  ( -75.00000000000000000, 0.000000000000000000, 1.000000000000000000 ) ) ;
#4357 = CARTESIAN_POINT ( 'NONE',  ( 17.00000000000000000, 2.238007760782423361, 38.62321017853557947 ) ) ;
#4358 = CARTESIAN_POINT ( 'NONE',  ( 33.32232879672930892, -57.76248438756075387, 53.62321017853620475 ) ) ;
#4359 = CARTESIAN_POINT ( 'NONE',  ( 17.00000000000000000, 50.89858989752226393, 68.37678982146483975 ) ) ;
#4360 = EDGE_CURVE ( 'NONE', #8941, #7083, #2729, .T. ) ;
#4361 = LINE ( 'NONE', #4314, #8726 ) ;
#4362 =( BOUNDED_CURVE ( )  B_SPLINE_CURVE ( 3, ( #2382, #3910, #6920, #140 ),
 .UNSPECIFIED., .F., .F. ) 
 B_SPLINE_CURVE_WITH_KNOTS ( ( 4, 4 ),
 ( 0.2549831986222403368, 0.3347527491830454838 ),
 .UNSPECIFIED. ) 
 CURVE ( )  GEOMETRIC_REPRESENTATION_ITEM ( )  RATIONAL_B_SPLINE_CURVE ( ( 0.9999999999999998890, 0.7723009008643428874, 0.6223721213494703974, 0.5502136614553827521 ) ) 
 REPRESENTATION_ITEM ( '' )  );
#4363 = CARTESIAN_POINT ( 'NONE',  ( 77.88413248360578223, -15.61716758822369577, 1.000000000000000000 ) ) ;
#4364 = ORIENTED_EDGE ( 'NONE', *, *, #9259, .T. ) ;
#4365 = CARTESIAN_POINT ( 'NONE',  ( -81.24867161831902251, -32.60213597141042641, 81.99999999999998579 ) ) ;
#4366 = VERTEX_POINT ( 'NONE', #8164 ) ;
#4367 = CARTESIAN_POINT ( 'NONE',  ( -44.06814452406349147, 76.01521406699694694, 81.00000000000000000 ) ) ;
#4368 = CARTESIAN_POINT ( 'NONE',  ( 20.00000000000000000, 6.781541068937156247, 76.00000000000041211 ) ) ;
#4369 = AXIS2_PLACEMENT_3D ( 'NONE', #3590, #5966, #8988 ) ;
#4370 = CARTESIAN_POINT ( 'NONE',  ( 20.00000000000000000, -17.61988542917695355, 13.62321017853579264 ) ) ;
#4371 = DIRECTION ( 'NONE',  ( 0.000000000000000000, -0.8798963622018151076, -0.4751656466791471800 ) ) ;
#4372 = CARTESIAN_POINT ( 'NONE',  ( -20.54885927559172742, -56.13070157116973036, 1.086298605844412180 ) ) ;
#4373 = CARTESIAN_POINT ( 'NONE',  ( -86.61694303722084953, 26.41669077093291662, 82.00000000000000000 ) ) ;
#4374 = ORIENTED_EDGE ( 'NONE', *, *, #7982, .T. ) ;
#4375 = ORIENTED_EDGE ( 'NONE', *, *, #7231, .F. ) ;
#4376 = FACE_OUTER_BOUND ( 'NONE', #7639, .T. ) ;
#4377 = ORIENTED_EDGE ( 'NONE', *, *, #5317, .F. ) ;
#4378 = CARTESIAN_POINT ( 'NONE',  ( 20.00000000000000000, -29.10206630026864616, 68.37678982146566398 ) ) ;
#4379 = EDGE_LOOP ( 'NONE', ( #9410, #8269, #5305, #3309, #221, #5705 ) ) ;
#4380 = DIRECTION ( 'NONE',  ( 0.000000000000000000, 0.000000000000000000, 1.000000000000000000 ) ) ;
#4381 = DIRECTION ( 'NONE',  ( 1.000000000000000000, -0.000000000000000000, 0.000000000000000000 ) ) ;
#4382 = CARTESIAN_POINT ( 'NONE',  ( 57.18727377951027790, 44.46142235143140908, 27.75220169347769428 ) ) ;
#4383 = CARTESIAN_POINT ( 'NONE',  ( 18.24163110988797598, -66.70755955334304588, 81.66922542820509534 ) ) ;
#4384 = LINE ( 'NONE', #4436, #7408 ) ;
#4385 = EDGE_LOOP ( 'NONE', ( #2300, #6420, #4850, #6618, #812, #2491 ) ) ;
#4386 = EDGE_LOOP ( 'NONE', ( #5226, #8072, #3769, #8778 ) ) ;
#4387 = ORIENTED_EDGE ( 'NONE', *, *, #3089, .F. ) ;
#4388 = DIRECTION ( 'NONE',  ( 0.000000000000000000, -0.8514537021307108100, 0.5244297790247105517 ) ) ;
#4389 = EDGE_CURVE ( 'NONE', #8462, #5484, #4407, .T. ) ;
#4390 = CARTESIAN_POINT ( 'NONE',  ( 56.55652998795316933, -49.24613582235608789, 54.93892468850035726 ) ) ;
#4391 = VECTOR ( 'NONE', #518, 1000.000000000000114 ) ;
#4392 = LINE ( 'NONE', #632, #4595 ) ;
#4393 = CARTESIAN_POINT ( 'NONE',  ( 64.00646029569348627, -48.58979166799237959, 82.00000000000000000 ) ) ;
#4394 = EDGE_CURVE ( 'NONE', #9026, #417, #2925, .T. ) ;
#4395 = EDGE_CURVE ( 'NONE', #9140, #4366, #9711, .T. ) ;
#4396 = EDGE_LOOP ( 'NONE', ( #856, #9758, #8801, #2884, #5679, #2632 ) ) ;
#4397 = VECTOR ( 'NONE', #2139, 1000.000000000000114 ) ;
#4398 = ORIENTED_EDGE ( 'NONE', *, *, #582, .T. ) ;
#4399 = VECTOR ( 'NONE', #8541, 1000.000000000000114 ) ;
#4400 = EDGE_CURVE ( 'NONE', #3929, #3643, #545, .T. ) ;
#4401 = EDGE_LOOP ( 'NONE', ( #9512, #9151, #537, #5084, #7611 ) ) ;
#4402 = LINE ( 'NONE', #1933, #2653 ) ;
#4404 = ORIENTED_EDGE ( 'NONE', *, *, #5794, .F. ) ;
#4403 = DIRECTION ( 'NONE',  ( -1.000000000000000000, -0.000000000000000000, -0.000000000000000000 ) ) ;
#4405 = CARTESIAN_POINT ( 'NONE',  ( 20.00000000000000000, -66.32864845798592057, 81.00000000000000000 ) ) ;
#4406 = DIRECTION ( 'NONE',  ( -1.000000000000000000, 0.000000000000000000, 0.000000000000000000 ) ) ;
#4407 = LINE ( 'NONE', #2132, #9796 ) ;
#4408 = CARTESIAN_POINT ( 'NONE',  ( 17.00000000000000000, 51.04086075701062697, 13.37678982146483619 ) ) ;
#4409 = VECTOR ( 'NONE', #3715, 999.9999999999998863 ) ;
#4410 = CARTESIAN_POINT ( 'NONE',  ( 20.00000000000000000, 42.23833585967788196, 68.62321017853516025 ) ) ;
#4411 = EDGE_CURVE ( 'NONE', #7877, #2144, #592, .T. ) ;
#4412 = VECTOR ( 'NONE', #7303, 1000.000000000000114 ) ;
#4413 = EDGE_CURVE ( 'NONE', #7818, #8693, #4312, .T. ) ;
#4414 = ORIENTED_EDGE ( 'NONE', *, *, #1761, .T. ) ;
#4415 = CARTESIAN_POINT ( 'NONE',  ( -67.25667270559205235, -46.26980196758283626, 81.99999999999995737 ) ) ;
#4416 = ORIENTED_EDGE ( 'NONE', *, *, #6821, .F. ) ;
#4417 = DIRECTION ( 'NONE',  ( 0.000000000000000000, 0.8798963622018147746, 0.4751656466791477351 ) ) ;
#4418 = PLANE ( 'NONE',  #5824 ) ;
#4419 = CARTESIAN_POINT ( 'NONE',  ( 17.00000000000000000, 22.23817181023015266, 68.62321017853537342 ) ) ;
#4420 = CARTESIAN_POINT ( 'NONE',  ( 20.00000000000000000, 50.89858989752226393, 53.37678982146483264 ) ) ;
#4421 = VECTOR ( 'NONE', #6731, 1000.000000000000000 ) ;
#4422 = CARTESIAN_POINT ( 'NONE',  ( 79.00000000000000000, -8.701265101693564042E-15, 1.000000000000000000 ) ) ;
#4423 = CARTESIAN_POINT ( 'NONE',  ( 3.309135328810464571, 57.95428723368048196, 1.055417579299569919 ) ) ;
#4424 = AXIS2_PLACEMENT_3D ( 'NONE', #8242, #6803, #1511 ) ;
#4425 = EDGE_CURVE ( 'NONE', #2557, #5623, #3562, .T. ) ;
#4426 = ORIENTED_EDGE ( 'NONE', *, *, #3005, .T. ) ;
#4427 = LINE ( 'NONE', #8825, #7458 ) ;
#4428 = VERTEX_POINT ( 'NONE', #2876 ) ;
#4429 = DIRECTION ( 'NONE',  ( -0.000000000000000000, 0.5244297790247111068, 0.8514537021307104769 ) ) ;
#4430 = CIRCLE ( 'NONE', #9811, 1.400000000000000133 ) ;
#4431 = ORIENTED_EDGE ( 'NONE', *, *, #5195, .T. ) ;
#4432 = LINE ( 'NONE', #7439, #5700 ) ;
#4433 = FACE_OUTER_BOUND ( 'NONE', #6782, .T. ) ;
#4434 = CARTESIAN_POINT ( 'NONE',  ( 59.83923966305957265, 37.75956552977037006, 0.5684746334791190847 ) ) ;
#4435 = DIRECTION ( 'NONE',  ( 0.000000000000000000, 0.000000000000000000, 1.000000000000000000 ) ) ;
#4436 = CARTESIAN_POINT ( 'NONE',  ( 17.00000000000000000, -37.62004947862467930, 13.62321017853600047 ) ) ;
#4437 = AXIS2_PLACEMENT_3D ( 'NONE', #2140, #8770, #8023 ) ;
#4438 = VECTOR ( 'NONE', #5169, 1000.000000000000000 ) ;
#4439 = ORIENTED_EDGE ( 'NONE', *, *, #6760, .T. ) ;
#4440 = ORIENTED_EDGE ( 'NONE', *, *, #2348, .T. ) ;
#4441 = ORIENTED_EDGE ( 'NONE', *, *, #5752, .T. ) ;
#4442 = CARTESIAN_POINT ( 'NONE',  ( 17.00000000000000000, 22.38044266971850504, 13.62321017853537519 ) ) ;
#4443 = VECTOR ( 'NONE', #2819, 999.9999999999998863 ) ;
#4444 = CARTESIAN_POINT ( 'NONE',  ( 73.90908291493190063, -35.11180732023014883, 54.95631008673265683 ) ) ;
#4445 = DIRECTION ( 'NONE',  ( 0.000000000000000000, -0.8798963622018148856, -0.4751656466791477906 ) ) ;
#4446 = CARTESIAN_POINT ( 'NONE',  ( 33.32232879672930892, 46.78186916783261040, 46.00000000000000000 ) ) ;
#4447 = CARTESIAN_POINT ( 'NONE',  ( 33.32232879672930892, 51.04086075701062697, 13.37678982146483619 ) ) ;
#4448 = CARTESIAN_POINT ( 'NONE',  ( 88.01810620707664157, 21.61484748979866310, 82.00000000000004263 ) ) ;
#4449 = AXIS2_PLACEMENT_3D ( 'NONE', #4566, #2390, #7578 ) ;
#4450 = ORIENTED_EDGE ( 'NONE', *, *, #9494, .T. ) ;
#4451 = ORIENTED_EDGE ( 'NONE', *, *, #1745, .F. ) ;
#4452 = ORIENTED_EDGE ( 'NONE', *, *, #5238, .F. ) ;
#4453 = LINE ( 'NONE', #2375, #8179 ) ;
#4455 = ORIENTED_EDGE ( 'NONE', *, *, #1078, .T. ) ;
#4454 = CARTESIAN_POINT ( 'NONE',  ( -78.99999999999997158, 5.433687331901218049E-12, 1.085783689990845957 ) ) ;
#4456 = PLANE ( 'NONE',  #9787 ) ;
#4457 = CARTESIAN_POINT ( 'NONE',  ( 17.00000000000000000, 26.49716339940816567, 36.00000000000021316 ) ) ;
#4458 = VECTOR ( 'NONE', #3608, 1000.000000000000114 ) ;
#4459 = CARTESIAN_POINT ( 'NONE',  ( 19.82808662108281439, 52.82808662108273978, 19.26510592559695212 ) ) ;
#4460 = VECTOR ( 'NONE', #8435, 1000.000000000000000 ) ;
#4461 = CARTESIAN_POINT ( 'NONE',  ( 33.32232879672930892, -28.95979544078028312, 28.37678982146566753 ) ) ;
#4462 = PLANE ( 'NONE',  #3049 ) ;
#4463 = ADVANCED_FACE ( 'NONE', ( #1980 ), #5749, .F. ) ;
#4464 = VECTOR ( 'NONE', #8482, 1000.000000000000000 ) ;
#4465 = PRODUCT_RELATED_PRODUCT_CATEGORY ( 'part', '', ( #2152 ) ) ;
#4466 = ORIENTED_EDGE ( 'NONE', *, *, #358, .F. ) ;
#4467 = DIRECTION ( 'NONE',  ( -0.000000000000000000, -0.4751656466791469580, 0.8798963622018153297 ) ) ;
#4468 = VECTOR ( 'NONE', #7682, 1000.000000000000114 ) ;
#4469 = ORIENTED_EDGE ( 'NONE', *, *, #3012, .T. ) ;
#4470 = DIRECTION ( 'NONE',  ( 0.000000000000000000, 0.02844266007110329494, 0.9995954257038591750 ) ) ;
#4471 = ADVANCED_FACE ( 'NONE', ( #5942 ), #4257, .F. ) ;
#4472 = EDGE_CURVE ( 'NONE', #4165, #1155, #7265, .T. ) ;
#4473 = PLANE ( 'NONE',  #6653 ) ;
#4474 = VECTOR ( 'NONE', #8253, 1000.000000000000114 ) ;
#4475 = CARTESIAN_POINT ( 'NONE',  ( 10.37530342488378210, -57.62314055438322669, 1.000000000000000000 ) ) ;
#4476 = CARTESIAN_POINT ( 'NONE',  ( -69.98785085626563784, 26.90401801500323131, 1.076822276389222122 ) ) ;
#4477 = ADVANCED_FACE ( 'NONE', ( #4956 ), #7967, .F. ) ;
#4478 = ORIENTED_EDGE ( 'NONE', *, *, #3398, .T. ) ;
#4479 = CARTESIAN_POINT ( 'NONE',  ( 17.00000000000000000, 49.99999999999997158, 1.038470095567169293 ) ) ;
#4480 = ORIENTED_EDGE ( 'NONE', *, *, #6707, .F. ) ;
#4481 = PLANE ( 'NONE',  #141 ) ;
#4482 = EDGE_LOOP ( 'NONE', ( #6858, #2396, #696, #6313, #9462, #2919 ) ) ;
#4483 = DIRECTION ( 'NONE',  ( 0.000000000000000000, 0.8798963622018151076, 0.4751656466791471800 ) ) ;
#4484 = DIRECTION ( 'NONE',  ( -0.000000000000000000, 0.5244297790247111068, 0.8514537021307104769 ) ) ;
#4485 = DIRECTION ( 'NONE',  ( 0.000000000000000000, 0.8798963622018145525, 0.4751656466791481792 ) ) ;
#4486 = CARTESIAN_POINT ( 'NONE',  ( 34.06314319413994696, 55.66993962770656168, 27.73721568956625205 ) ) ;
#4487 = CARTESIAN_POINT ( 'NONE',  ( 56.74954347436755597, 40.36446870095446116, 1.067968048338142628 ) ) ;
#4488 = DIRECTION ( 'NONE',  ( 0.000000000000000000, 0.9995954257038592861, -0.02844266007110471048 ) ) ;
#4489 = VERTEX_POINT ( 'NONE', #3516 ) ;
#4490 = ORIENTED_EDGE ( 'NONE', *, *, #575, .T. ) ;
#4491 = ORIENTED_EDGE ( 'NONE', *, *, #7062, .F. ) ;
#4492 = CARTESIAN_POINT ( 'NONE',  ( -8.000000000000000000, -32.00000000000000000, 1.040619190461824717 ) ) ;
#4493 = CARTESIAN_POINT ( 'NONE',  ( 39.30325172884541018, -50.26824442214548583, 0.5509155572664755640 ) ) ;
#4494 = LINE ( 'NONE', #9048, #8046 ) ;
#4495 = CARTESIAN_POINT ( 'NONE',  ( 14.15092652304674026, 66.27273699541569840, 82.11129368667529604 ) ) ;
#4496 = CARTESIAN_POINT ( 'NONE',  ( 33.32232879672930892, -13.50316469948729292, 6.000000000000627054 ) ) ;
#4497 = DIRECTION ( 'NONE',  ( 0.000000000000000000, -0.8798963622018148856, -0.4751656466791477906 ) ) ;
#4498 = VECTOR ( 'NONE', #5914, 1000.000000000000114 ) ;
#4499 = ORIENTED_EDGE ( 'NONE', *, *, #1194, .T. ) ;
#4500 = ORIENTED_EDGE ( 'NONE', *, *, #8564, .T. ) ;
#4501 = ORIENTED_EDGE ( 'NONE', *, *, #7861, .F. ) ;
#4502 = CYLINDRICAL_SURFACE ( 'NONE', #5345, 1.400000000000074740 ) ;
#4504 = ORIENTED_EDGE ( 'NONE', *, *, #3860, .T. ) ;
#4503 = DIRECTION ( 'NONE',  ( 0.000000000000000000, -2.775557561562893323E-15, -1.000000000000000000 ) ) ;
#4505 = LINE ( 'NONE', #2967, #4878 ) ;
#4506 = CARTESIAN_POINT ( 'NONE',  ( 33.32232879672930892, -37.62004947862467930, 43.62321017853599869 ) ) ;
#4507 = CARTESIAN_POINT ( 'NONE',  ( 20.00000000000000000, 51.04086075701062697, 13.37678982146483619 ) ) ;
#4508 = FACE_OUTER_BOUND ( 'NONE', #9043, .T. ) ;
#4509 = CARTESIAN_POINT ( 'NONE',  ( 33.32232879672930892, -33.21878702995829968, 16.00000000000083134 ) ) ;
#4510 = ORIENTED_EDGE ( 'NONE', *, *, #4643, .T. ) ;
#4511 = PLANE ( 'NONE',  #9635 ) ;
#4512 = EDGE_CURVE ( 'NONE', #7842, #4008, #7317, .T. ) ;
#4513 = VERTEX_POINT ( 'NONE', #693 ) ;
#4514 = CARTESIAN_POINT ( 'NONE',  ( 17.00000000000000000, -53.21895107940602543, 61.00000000000103739 ) ) ;
#4515 = CARTESIAN_POINT ( 'NONE',  ( -37.26894969847125338, -61.38610197954888292, 82.11709811026297245 ) ) ;
#4516 = DIRECTION ( 'NONE',  ( 0.000000000000000000, 0.4751656466791477906, -0.8798963622018148856 ) ) ;
#4517 = VECTOR ( 'NONE', #5701, 1000.000000000000114 ) ;
#4518 = DIRECTION ( 'NONE',  ( 0.000000000000000000, -0.4751656466791471800, 0.8798963622018151076 ) ) ;
#4519 = CARTESIAN_POINT ( 'NONE',  ( -68.08193977641242611, 29.46880171989489128, 1.075271115049720283 ) ) ;
#4520 = EDGE_CURVE ( 'NONE', #6615, #8122, #3614, .T. ) ;
#4521 = EDGE_CURVE ( 'NONE', #3104, #4902, #3818, .T. ) ;
#4522 = ORIENTED_EDGE ( 'NONE', *, *, #3800, .T. ) ;
#4523 = CYLINDRICAL_SURFACE ( 'NONE', #8255, 1.399999999999998579 ) ;
#4524 = VECTOR ( 'NONE', #1713, 1000.000000000000000 ) ;
#4525 = VERTEX_POINT ( 'NONE', #1431 ) ;
#4526 = CARTESIAN_POINT ( 'NONE',  ( 17.00000000000000000, 6.496999349960439041, 51.00000000000041922 ) ) ;
#4527 = EDGE_CURVE ( 'NONE', #2482, #22, #9065, .T. ) ;
#4528 = VERTEX_POINT ( 'NONE', #8312 ) ;
#4529 = DIRECTION ( 'NONE',  ( 0.000000000000000000, 0.000000000000000000, 1.000000000000000000 ) ) ;
#4530 = FACE_BOUND ( 'NONE', #4385, .T. ) ;
#4531 = CARTESIAN_POINT ( 'NONE',  ( 17.00000000000000000, 26.49716339940816567, 51.00000000000021316 ) ) ;
#4532 = PLANE ( 'NONE',  #7425 ) ;
#4533 = CARTESIAN_POINT ( 'NONE',  ( 32.96755168156199289, 59.40301650246791354, 54.92604208493810347 ) ) ;
#4534 = LINE ( 'NONE', #9633, #3039 ) ;
#4535 = PLANE ( 'NONE',  #2529 ) ;
#4536 = EDGE_CURVE ( 'NONE', #6723, #8594, #6830, .T. ) ;
#4537 = ORIENTED_EDGE ( 'NONE', *, *, #4896, .T. ) ;
#4538 = ORIENTED_EDGE ( 'NONE', *, *, #7417, .F. ) ;
#4539 = EDGE_LOOP ( 'NONE', ( #2867, #2263, #729, #273, #3654, #7123 ) ) ;
#4540 = CARTESIAN_POINT ( 'NONE',  ( 17.00000000000000000, 42.38060671916623789, 43.62321017853516736 ) ) ;
#4541 = EDGE_CURVE ( 'NONE', #586, #9312, #9110, .T. ) ;
#4542 = CARTESIAN_POINT ( 'NONE',  ( 77.76629296207239861, -30.42914040089264915, 54.96157539123326075 ) ) ;
#4543 = CARTESIAN_POINT ( 'NONE',  ( 20.00000000000000000, -33.50332874893501867, 6.000000000000834888 ) ) ;
#4544 = CARTESIAN_POINT ( 'NONE',  ( 3.573411793769630140, 63.97599696848143935, 54.92238426617204539 ) ) ;
#4545 = CARTESIAN_POINT ( 'NONE',  ( -44.52772967137421034, 75.70453354450448558, 82.00000000000000000 ) ) ;
#4546 = CARTESIAN_POINT ( 'NONE',  ( 33.32232879672930892, -49.10223034971637190, 38.37678982146587714 ) ) ;
#4547 = EDGE_LOOP ( 'NONE', ( #8512, #833, #6988 ) ) ;
#4548 = VERTEX_POINT ( 'NONE', #8415 ) ;
#4549 = CARTESIAN_POINT ( 'NONE',  ( 17.00000000000000000, -57.76248438756075387, 68.62321017853619765 ) ) ;
#4550 = VERTEX_POINT ( 'NONE', #7468 ) ;
#4551 = DIRECTION ( 'NONE',  ( 0.000000000000000000, 0.000000000000000000, 1.000000000000000000 ) ) ;
#4553 = ORIENTED_EDGE ( 'NONE', *, *, #1499, .F. ) ;
#4552 = CARTESIAN_POINT ( 'NONE',  ( -8.000000000000000000, -34.50000000000014921, 4.640619190461828580 ) ) ;
#4554 = CARTESIAN_POINT ( 'NONE',  ( 17.00000000000000000, 35.00000000000002842, 1.038732180310421249 ) ) ;
#4555 = CARTESIAN_POINT ( 'NONE',  ( 20.00000000000000000, 42.23833585967788196, 23.62321017853516381 ) ) ;
#4556 = CARTESIAN_POINT ( 'NONE',  ( 22.30439242064141325, 55.74247535757857719, 1.000000000000000222 ) ) ;
#4557 = CARTESIAN_POINT ( 'NONE',  ( 33.32232879672930892, -33.50332874893501867, 36.00000000000083844 ) ) ;
#4558 = DIRECTION ( 'NONE',  ( 0.000000000000000000, -0.8514537021307111431, 0.5244297790247101076 ) ) ;
#4559 = VECTOR ( 'NONE', #9252, 1000.000000000000000 ) ;
#4560 = ORIENTED_EDGE ( 'NONE', *, *, #8147, .T. ) ;
#4561 = DIRECTION ( 'NONE',  ( 1.000000000000000000, -0.000000000000000000, -0.000000000000000000 ) ) ;
#4562 = AXIS2_PLACEMENT_3D ( 'NONE', #3386, #6293, #9376 ) ;
#4563 = ORIENTED_EDGE ( 'NONE', *, *, #7534, .T. ) ;
#4564 = CARTESIAN_POINT ( 'NONE',  ( 19.99999999999999645, -65.42414177866618274, 81.99999999999998579 ) ) ;
#4565 = CARTESIAN_POINT ( 'NONE',  ( -59.59672133311754294, -47.20503423950137289, 54.94148957704540948 ) ) ;
#4566 = CARTESIAN_POINT ( 'NONE',  ( 33.32232879672930892, -28.95979544078028312, 58.37678982146566398 ) ) ;
#4567 = CARTESIAN_POINT ( 'NONE',  ( 17.00000000000000000, -17.76215628866530949, 23.62321017853578908 ) ) ;
#4568 = CARTESIAN_POINT ( 'NONE',  ( -66.72144097769186999, 31.09573298716778567, 1.074235254058230282 ) ) ;
#4569 = EDGE_CURVE ( 'NONE', #5773, #4783, #8265, .T. ) ;
#4570 = VECTOR ( 'NONE', #5401, 1000.000000000000114 ) ;
#4571 = VERTEX_POINT ( 'NONE', #9755 ) ;
#4572 = LINE ( 'NONE', #707, #5578 ) ;
#4573 = EDGE_LOOP ( 'NONE', ( #5563, #9766, #6481, #543, #5910 ) ) ;
#4574 = DIRECTION ( 'NONE',  ( -1.000000000000000000, -0.000000000000000000, -0.000000000000000000 ) ) ;
#4575 = VERTEX_POINT ( 'NONE', #2229 ) ;
#4576 = DIRECTION ( 'NONE',  ( 0.000000000000000000, -2.620847431606588592E-05, -0.9999999996565579474 ) ) ;
#4577 = CARTESIAN_POINT ( 'NONE',  ( 20.00000000000000000, 22.38044266971850504, 73.62321017853537342 ) ) ;
#4578 = DIRECTION ( 'NONE',  ( 0.000000000000000000, 0.000000000000000000, 1.000000000000000000 ) ) ;
#4579 = DIRECTION ( 'NONE',  ( 0.000000000000000000, 0.000000000000000000, 1.000000000000000000 ) ) ;
#4580 = DIRECTION ( 'NONE',  ( -1.000000000000000000, -0.000000000000000000, -0.000000000000000000 ) ) ;
#4581 = VECTOR ( 'NONE', #9453, 1000.000000000000114 ) ;
#4582 = CARTESIAN_POINT ( 'NONE',  ( 20.00000000000000000, 30.89842584807453818, 53.37678982146504580 ) ) ;
#4583 = DIRECTION ( 'NONE',  ( 0.000000000000000000, 0.8798963622018148856, 0.4751656466791474576 ) ) ;
#4584 = EDGE_CURVE ( 'NONE', #5754, #9, #3320, .T. ) ;
#4585 = ORIENTED_EDGE ( 'NONE', *, *, #3438, .F. ) ;
#4586 = ORIENTED_EDGE ( 'NONE', *, *, #969, .F. ) ;
#4587 = VECTOR ( 'NONE', #2110, 1000.000000000000000 ) ;
#4588 = ORIENTED_EDGE ( 'NONE', *, *, #3966, .T. ) ;
#4589 = LINE ( 'NONE', #6212, #92 ) ;
#4590 = CARTESIAN_POINT ( 'NONE',  ( 78.25388503366961856, -21.46370498781277902, 27.77935416411388303 ) ) ;
#4591 = DIRECTION ( 'NONE',  ( 0.000000000000000000, -0.8514537021307104769, 0.5244297790247111068 ) ) ;
#4592 = EDGE_CURVE ( 'NONE', #3284, #5480, #6274, .T. ) ;
#4593 = EDGE_CURVE ( 'NONE', #3176, #424, #339, .T. ) ;
#4594 = CARTESIAN_POINT ( 'NONE',  ( 21.04960030591460551, 65.26572831207784020, 82.11248256809973611 ) ) ;
#4595 = VECTOR ( 'NONE', #6716, 1000.000000000000000 ) ;
#4596 = CARTESIAN_POINT ( 'NONE',  ( 33.32232879672930892, -37.76232033811303523, 38.62321017853599869 ) ) ;
#4597 = ADVANCED_FACE ( 'NONE', ( #2619 ), #7161, .F. ) ;
#4598 = ORIENTED_EDGE ( 'NONE', *, *, #9143, .F. ) ;
#4599 = ORIENTED_EDGE ( 'NONE', *, *, #7971, .T. ) ;
#4600 = FACE_OUTER_BOUND ( 'NONE', #4817, .T. ) ;
#4601 = VECTOR ( 'NONE', #1098, 1000.000000000000000 ) ;
#4602 = CARTESIAN_POINT ( 'NONE',  ( -16.76451984491028924, 65.91870611440134553, 82.00000000000002842 ) ) ;
#4604 = EDGE_LOOP ( 'NONE', ( #9400, #2817, #8440, #5044 ) ) ;
#4603 = PLANE ( 'NONE',  #4759 ) ;
#4605 = DIRECTION ( 'NONE',  ( 0.000000000000000000, 0.9995954257038592861, -0.02844266007110466885 ) ) ;
#4606 = CARTESIAN_POINT ( 'NONE',  ( -8.000000000000000000, 45.00000000000000000, 31.03860113793880160 ) ) ;
#4607 = CARTESIAN_POINT ( 'NONE',  ( 33.32232879672930892, 26.78170511838488466, 46.00000000000020606 ) ) ;
#4608 = CARTESIAN_POINT ( 'NONE',  ( 17.00000000000000000, -33.21878702995829968, 31.00000000000083134 ) ) ;
#4609 = AXIS2_PLACEMENT_3D ( 'NONE', #5308, #4516, #2336 ) ;
#4610 = VECTOR ( 'NONE', #4175, 1000.000000000000114 ) ;
#4611 = VERTEX_POINT ( 'NONE', #2524 ) ;
#4612 = CARTESIAN_POINT ( 'NONE',  ( -30.14779291085521962, 99.26975807087944759, 1.000000000000000000 ) ) ;
#4613 = AXIS2_PLACEMENT_3D ( 'NONE', #7469, #2565, #181 ) ;
#4614 = VECTOR ( 'NONE', #15, 1000.000000000000227 ) ;
#4615 = ORIENTED_EDGE ( 'NONE', *, *, #8216, .F. ) ;
#4616 = LINE ( 'NONE', #5357, #2985 ) ;
#4617 = CARTESIAN_POINT ( 'NONE',  ( -30.89470289780528134, -60.04219651557093584, 54.92523202282352202 ) ) ;
#4618 = PRODUCT_CONTEXT ( 'NONE', #6388, 'mechanical' ) ;
#4619 = CARTESIAN_POINT ( 'NONE',  ( 20.00000000000000000, -57.13128465042822057, 1.041277843090341326 ) ) ;
#4620 = LINE ( 'NONE', #2442, #1135 ) ;
#4621 = CARTESIAN_POINT ( 'NONE',  ( -78.68320943400676981, -5.226186094303398200, 1.085411466302663497 ) ) ;
#4622 = VECTOR ( 'NONE', #8120, 1000.000000000000114 ) ;
#4623 = ORIENTED_EDGE ( 'NONE', *, *, #1739, .F. ) ;
#4625 = DIRECTION ( 'NONE',  ( 0.000000000000000000, 0.000000000000000000, 1.000000000000000000 ) ) ;
#4624 = VECTOR ( 'NONE', #7269, 999.9999999999998863 ) ;
#4626 = EDGE_LOOP ( 'NONE', ( #719, #5280, #81, #8377, #3372 ) ) ;
#4627 = DIRECTION ( 'NONE',  ( -1.000000000000000000, -0.000000000000000000, -0.000000000000000000 ) ) ;
#4628 = ORIENTED_EDGE ( 'NONE', *, *, #5074, .F. ) ;
#4629 = CARTESIAN_POINT ( 'NONE',  ( 20.00000000000000000, -57.62021352807240504, 73.62321017853621186 ) ) ;
#4630 = CARTESIAN_POINT ( 'NONE',  ( 20.00000000000000000, -57.62021352807240504, 28.62321017853620475 ) ) ;
#4631 = DIRECTION ( 'NONE',  ( 0.000000000000000000, -0.8798963622018147746, -0.4751656466791477906 ) ) ;
#4632 = VECTOR ( 'NONE', #1684, 1000.000000000000114 ) ;
#4633 = CARTESIAN_POINT ( 'NONE',  ( 17.00000000000000000, 6.496999349960439041, 51.00000000000041922 ) ) ;
#4634 = CARTESIAN_POINT ( 'NONE',  ( 21.02787397066333952, 55.88750737807661295, 0.5429598167297690070 ) ) ;
#4635 = DIRECTION ( 'NONE',  ( 0.000000000000000000, -0.8798963622018148856, -0.4751656466791477906 ) ) ;
#4636 = LINE ( 'NONE', #3151, #4747 ) ;
#4637 = VECTOR ( 'NONE', #1076, 1000.000000000000114 ) ;
#4638 = VERTEX_POINT ( 'NONE', #387 ) ;
#4639 = ORIENTED_EDGE ( 'NONE', *, *, #9746, .F. ) ;
#4640 = EDGE_LOOP ( 'NONE', ( #3656, #2412, #800, #3189 ) ) ;
#4641 = CARTESIAN_POINT ( 'NONE',  ( 17.00000000000000000, -32.00000000000000000, 1.040619190461824717 ) ) ;
#4642 = CARTESIAN_POINT ( 'NONE',  ( 78.82358216010803176, -20.36086690460968640, 27.78038089861443183 ) ) ;
#4643 = EDGE_CURVE ( 'NONE', #293, #3040, #3409, .T. ) ;
#4644 = CARTESIAN_POINT ( 'NONE',  ( -88.54264680252327935, 20.51172860014739641, 82.16193310688058205 ) ) ;
#4645 = CARTESIAN_POINT ( 'NONE',  ( -6.430163733175206175, 66.88875873783662485, 82.11057014648211805 ) ) ;
#4646 = LINE ( 'NONE', #2271, #4944 ) ;
#4647 = ORIENTED_EDGE ( 'NONE', *, *, #2645, .F. ) ;
#4648 = EDGE_CURVE ( 'NONE', #3701, #4204, #5455, .T. ) ;
#4649 = EDGE_LOOP ( 'NONE', ( #8327, #5331, #7145, #2646 ) ) ;
#4650 = CARTESIAN_POINT ( 'NONE',  ( -8.000000000000000000, 45.00000000000000000, 31.03860113793880160 ) ) ;
#4651 = ADVANCED_FACE ( 'NONE', ( #4061 ), #9350, .F. ) ;
#4652 = LINE ( 'NONE', #5398, #4239 ) ;
#4654 = ORIENTED_EDGE ( 'NONE', *, *, #1199, .T. ) ;
#4653 = PLANE ( 'NONE',  #7268 ) ;
#4655 = ADVANCED_FACE ( 'NONE', ( #7206 ), #7957, .F. ) ;
#4656 = FACE_BOUND ( 'NONE', #237, .T. ) ;
#4657 = LINE ( 'NONE', #7665, #3847 ) ;
#4658 = CARTESIAN_POINT ( 'NONE',  ( 79.00000000000000000, -8.701265101693564042E-15, 1.000000000000000000 ) ) ;
#4659 = ORIENTED_EDGE ( 'NONE', *, *, #354, .T. ) ;
#4660 = LINE ( 'NONE', #9115, #3077 ) ;
#4661 = VERTEX_POINT ( 'NONE', #5685 ) ;
#4662 = EDGE_CURVE ( 'NONE', #8618, #4513, #8051, .T. ) ;
#4663 = CARTESIAN_POINT ( 'NONE',  ( 16.99999999999999645, -56.63959830834412656, 1.041264956741468906 ) ) ;
#4664 = CARTESIAN_POINT ( 'NONE',  ( -35.58693124645128592, -51.80934669395141867, 0.5487219068569977320 ) ) ;
#4665 = CARTESIAN_POINT ( 'NONE',  ( 20.00000000000000000, 66.32865214783412000, 81.00000000000000000 ) ) ;
#4666 = DIRECTION ( 'NONE',  ( 0.000000000000000000, 0.8798963622018151076, 0.4751656466791471800 ) ) ;
#4667 = DIRECTION ( 'NONE',  ( -1.000000000000000000, -0.000000000000000000, -0.000000000000000000 ) ) ;
#4668 = ORIENTED_EDGE ( 'NONE', *, *, #6220, .F. ) ;
#4669 = FACE_OUTER_BOUND ( 'NONE', #5512, .T. ) ;
#4670 = ORIENTED_EDGE ( 'NONE', *, *, #1861, .F. ) ;
#4671 = CARTESIAN_POINT ( 'NONE',  ( 20.00000000000000000, 6.781541068937156247, 16.00000000000041567 ) ) ;
#4672 = ORIENTED_EDGE ( 'NONE', *, *, #4701, .T. ) ;
#4673 = LINE ( 'NONE', #7686, #954 ) ;
#4674 = DIRECTION ( 'NONE',  ( -1.000000000000000000, -0.000000000000000000, -0.000000000000000000 ) ) ;
#4675 = DIRECTION ( 'NONE',  ( -1.000000000000000000, -0.000000000000000000, -0.000000000000000000 ) ) ;
#4676 = DIRECTION ( 'NONE',  ( 0.000000000000000000, -0.8798963622018151076, -0.4751656466791471800 ) ) ;
#4677 = CARTESIAN_POINT ( 'NONE',  ( 17.00000000000000000, 51.04086075701062697, 28.37678982146483264 ) ) ;
#4678 = CARTESIAN_POINT ( 'NONE',  ( 20.00000000000000000, 31.04069670756290478, 73.37678982146506712 ) ) ;
#4679 = LINE ( 'NONE', #866, #2052 ) ;
#4680 = ORIENTED_EDGE ( 'NONE', *, *, #8251, .F. ) ;
#4681 = ORIENTED_EDGE ( 'NONE', *, *, #723, .F. ) ;
#4682 =( BOUNDED_SURFACE ( )  B_SPLINE_SURFACE ( 3, 1, ( 
 ( #163, #13 ),
 ( #6201, #2450 ),
 ( #5473, #1554 ),
 ( #6992, #6798 ) ),
 .UNSPECIFIED., .F., .F., .F. ) 
 B_SPLINE_SURFACE_WITH_KNOTS ( ( 4, 4 ),
 ( 2, 2 ),
 ( 0.000000000000000000, 1.000000000000000000 ),
 ( 0.000000000000000000, 1.000000000000000000 ),
 .UNSPECIFIED. ) 
 GEOMETRIC_REPRESENTATION_ITEM ( )  RATIONAL_B_SPLINE_SURFACE ( (
 ( 1.000000000000000000, 1.000000000000000000),
 ( 0.4751773049645391378, 0.4751773049645391378),
 ( 0.4751773049645391378, 0.4751773049645391378),
 ( 1.000000000000000000, 1.000000000000000000) ) ) 
 REPRESENTATION_ITEM ( '' )  SURFACE ( )  );
#4683 = ORIENTED_EDGE ( 'NONE', *, *, #6998, .F. ) ;
#4684 = CARTESIAN_POINT ( 'NONE',  ( 33.32232879672930892, -29.10206630026864616, 8.376789821465669306 ) ) ;
#4685 = CARTESIAN_POINT ( 'NONE',  ( 76.92665056824014869, -23.87583516482016677, 27.77701914955719431 ) ) ;
#4686 = CARTESIAN_POINT ( 'NONE',  ( -81.06165691462447853, 15.07019239080724482, 27.78466748946955533 ) ) ;
#4687 = CARTESIAN_POINT ( 'NONE',  ( -20.37971849520461731, 59.16160932399517236, 27.73669424856623067 ) ) ;
#4688 = CARTESIAN_POINT ( 'NONE',  ( -3.000000000000000000, 42.49999999999990052, 8.638601137938801244 ) ) ;
#4689 = ORIENTED_EDGE ( 'NONE', *, *, #6818, .T. ) ;
#4690 = EDGE_CURVE ( 'NONE', #9537, #475, #8844, .T. ) ;
#4691 = ORIENTED_EDGE ( 'NONE', *, *, #8795, .T. ) ;
#4692 = CARTESIAN_POINT ( 'NONE',  ( 20.00000000000000000, 22.23817181023014911, 68.62321017853537342 ) ) ;
#4693 = FACE_OUTER_BOUND ( 'NONE', #1591, .T. ) ;
#4695 = VERTEX_POINT ( 'NONE', #578 ) ;
#4694 = FACE_OUTER_BOUND ( 'NONE', #62, .T. ) ;
#4696 = CARTESIAN_POINT ( 'NONE',  ( 17.00000000000000000, 2.380278620270778855, 13.62321017853558480 ) ) ;
#4697 = CARTESIAN_POINT ( 'NONE',  ( 20.00000000000000000, 22.38044266971850504, 28.62321017853537697 ) ) ;
#4698 = CARTESIAN_POINT ( 'NONE',  ( -58.78456696087317823, 38.74450414967652989, 1.000000000000000000 ) ) ;
#4699 = CARTESIAN_POINT ( 'NONE',  ( 20.00000000000000000, 6.496999349960439041, 21.00000000000041922 ) ) ;
#4700 = EDGE_CURVE ( 'NONE', #9014, #2990, #4347, .T. ) ;
#4701 = EDGE_CURVE ( 'NONE', #686, #611, #8150, .T. ) ;
#4702 = ORIENTED_EDGE ( 'NONE', *, *, #48, .F. ) ;
#4703 = DIRECTION ( 'NONE',  ( 0.000000000000000000, 0.02844266007110470701, 0.9995954257038591750 ) ) ;
#4704 = ORIENTED_EDGE ( 'NONE', *, *, #7430, .T. ) ;
#4705 = DIRECTION ( 'NONE',  ( 0.000000000000000000, -0.4751656466791469025, 0.8798963622018152186 ) ) ;
#4706 = CARTESIAN_POINT ( 'NONE',  ( 2.094270625294889054, -61.02820060795365720, 27.73009527706076938 ) ) ;
#4707 = PLANE ( 'NONE',  #4449 ) ;
#4708 = VECTOR ( 'NONE', #1275, 1000.000000000000000 ) ;
#4709 = ADVANCED_FACE ( 'NONE', ( #3594 ), #9495, .F. ) ;
#4710 = CARTESIAN_POINT ( 'NONE',  ( 20.00000000000000000, -17.61988542917695355, 43.62321017853579264 ) ) ;
#4711 = EDGE_CURVE ( 'NONE', #2204, #450, #3453, .T. ) ;
#4712 = CARTESIAN_POINT ( 'NONE',  ( -79.00000000000018474, -1.301297700065850327, 1.085783844013628485 ) ) ;
#4713 = EDGE_CURVE ( 'NONE', #8464, #1408, #6729, .T. ) ;
#4714 = ORIENTED_EDGE ( 'NONE', *, *, #6158, .T. ) ;
#4715 = FACE_OUTER_BOUND ( 'NONE', #6568, .T. ) ;
#4716 = VECTOR ( 'NONE', #6105, 1000.000000000000114 ) ;
#4717 = VERTEX_POINT ( 'NONE', #4201 ) ;
#4718 = CARTESIAN_POINT ( 'NONE',  ( -70.88851339610444313, 53.09429036858058026, 81.00000000000001421 ) ) ;
#4719 = VECTOR ( 'NONE', #6443, 999.9999999999998863 ) ;
#4720 = VERTEX_POINT ( 'NONE', #5883 ) ;
#4721 = DIRECTION ( 'NONE',  ( 0.000000000000000000, -0.8514537021307108100, 0.5244297790247105517 ) ) ;
#4722 = DIRECTION ( 'NONE',  ( 0.000000000000000000, 0.000000000000000000, 1.000000000000000000 ) ) ;
#4723 = CARTESIAN_POINT ( 'NONE',  ( 18.51853433240223268, 66.66761087773596728, 81.66907685922480198 ) ) ;
#4724 = CARTESIAN_POINT ( 'NONE',  ( -135.5618222253629312, -85.74421842161774521, 0.1899999999999999467 ) ) ;
#4725 = PLANE ( 'NONE',  #8863 ) ;
#4726 = MANIFOLD_SOLID_BREP ( '\X2\501289d2\X0\2', #8601 ) ;
#4727 = CARTESIAN_POINT ( 'NONE',  ( -78.77554906161110182, -4.509670019396637919, 1.000000000000000000 ) ) ;
#4728 = EDGE_CURVE ( 'NONE', #4744, #8718, #2665, .T. ) ;
#4729 = LINE ( 'NONE', #1807, #1416 ) ;
#4730 = AXIS2_PLACEMENT_3D ( 'NONE', #3462, #6474, #9063 ) ;
#4731 = ORIENTED_EDGE ( 'NONE', *, *, #3538, .F. ) ;
#4732 = ORIENTED_EDGE ( 'NONE', *, *, #777, .F. ) ;
#4733 = ORIENTED_EDGE ( 'NONE', *, *, #7743, .F. ) ;
#4734 = CARTESIAN_POINT ( 'NONE',  ( 20.00000000000000000, -8.959631391332559147, 43.37678982146545792 ) ) ;
#4735 = VECTOR ( 'NONE', #7126, 1000.000000000000114 ) ;
#4736 = ORIENTED_EDGE ( 'NONE', *, *, #8449, .T. ) ;
#4737 = CARTESIAN_POINT ( 'NONE',  ( 73.59473026122773831, -20.90930730330785181, 0.5888475606279182095 ) ) ;
#4738 = CARTESIAN_POINT ( 'NONE',  ( -77.06208375529685384, 12.47567128209506748, 0.5957981389400487382 ) ) ;
#4739 = LINE ( 'NONE', #6831, #1610 ) ;
#4740 = CARTESIAN_POINT ( 'NONE',  ( -24.42321755870281308, 61.52440029576758462, 54.92544287116137980 ) ) ;
#4741 = CARTESIAN_POINT ( 'NONE',  ( 20.00000000000000000, -53.21895107940602543, 61.00000000000103739 ) ) ;
#4742 = VECTOR ( 'NONE', #138, 1000.000000000000114 ) ;
#4743 = ORIENTED_EDGE ( 'NONE', *, *, #5265, .T. ) ;
#4744 = VERTEX_POINT ( 'NONE', #533 ) ;
#4745 = DIRECTION ( 'NONE',  ( 0.000000000000000000, 0.000000000000000000, 1.000000000000000000 ) ) ;
#4746 = LINE ( 'NONE', #983, #2337 ) ;
#4747 = VECTOR ( 'NONE', #268, 1000.000000000000000 ) ;
#4748 = LINE ( 'NONE', #3222, #6021 ) ;
#4749 = LINE ( 'NONE', #2573, #773 ) ;
#4750 = CARTESIAN_POINT ( 'NONE',  ( 17.00000000000000000, -53.21895107940602543, 61.00000000000103029 ) ) ;
#4751 = CARTESIAN_POINT ( 'NONE',  ( -11.29481895204808239, 57.42729390854100302, 1.000000000000000000 ) ) ;
#4752 = CARTESIAN_POINT ( 'NONE',  ( 33.32232879672930892, 2.380278620270778855, 58.62321017853558658 ) ) ;
#4753 = ORIENTED_EDGE ( 'NONE', *, *, #8633, .F. ) ;
#4754 = VECTOR ( 'NONE', #54, 1000.000000000000000 ) ;
#4755 = ORIENTED_EDGE ( 'NONE', *, *, #8204, .F. ) ;
#4756 = LINE ( 'NONE', #4806, #7553 ) ;
#4757 = VERTEX_POINT ( 'NONE', #6561 ) ;
#4758 = CARTESIAN_POINT ( 'NONE',  ( 20.00000000000000000, -17.76215628866530949, 38.62321017853578553 ) ) ;
#4759 = AXIS2_PLACEMENT_3D ( 'NONE', #6915, #840, #7762 ) ;
#4760 = PLANE ( 'NONE',  #1244 ) ;
#4761 = PLANE ( 'NONE',  #4286 ) ;
#4762 = EDGE_CURVE ( 'NONE', #7445, #8659, #9444, .T. ) ;
#4763 = CARTESIAN_POINT ( 'NONE',  ( 33.32232879672930892, -28.95979544078028312, 28.37678982146566753 ) ) ;
#4764 = CARTESIAN_POINT ( 'NONE',  ( -49.71888338785041128, -45.07366560385880661, 1.064627516089877046 ) ) ;
#4765 = AXIS2_PLACEMENT_3D ( 'NONE', #7869, #4905, #9454 ) ;
#4766 = ORIENTED_EDGE ( 'NONE', *, *, #828, .F. ) ;
#4767 = CARTESIAN_POINT ( 'NONE',  ( 11.99999999999994138, 40.00000000000000000, 1.038732180310419917 ) ) ;
#4768 = EDGE_CURVE ( 'NONE', #3994, #4063, #5736, .T. ) ;
#4769 = ORIENTED_EDGE ( 'NONE', *, *, #8675, .T. ) ;
#4770 = CARTESIAN_POINT ( 'NONE',  ( 20.00000000000000000, 0.000000000000000000, 0.000000000000000000 ) ) ;
#4771 = EDGE_CURVE ( 'NONE', #6806, #2869, #1924, .T. ) ;
#4772 = ORIENTED_EDGE ( 'NONE', *, *, #4289, .T. ) ;
#4773 = CARTESIAN_POINT ( 'NONE',  ( 17.00000000000000000, 51.04086075701062697, 58.37678982146483264 ) ) ;
#4774 = DIRECTION ( 'NONE',  ( -1.000000000000000000, -0.000000000000000000, -0.000000000000000000 ) ) ;
#4775 = CARTESIAN_POINT ( 'NONE',  ( -75.00000000000000000, 0.000000000000000000, 1.000000000000000000 ) ) ;
#4776 = LINE ( 'NONE', #5521, #5224 ) ;
#4777 = CARTESIAN_POINT ( 'NONE',  ( 25.53456546554581408, 55.01515764256673435, 1.086298991543278580 ) ) ;
#4778 = ADVANCED_FACE ( 'NONE', ( #7453 ), #9147, .F. ) ;
#4779 = AXIS2_PLACEMENT_3D ( 'NONE', #9244, #5988, #6308 ) ;
#4780 = DIRECTION ( 'NONE',  ( 0.000000000000000000, 0.000000000000000000, 1.000000000000000000 ) ) ;
#4781 = PLANE ( 'NONE',  #6310 ) ;
#4782 = VECTOR ( 'NONE', #155, 1000.000000000000000 ) ;
#4783 = VERTEX_POINT ( 'NONE', #6864 ) ;
#4784 = ORIENTED_EDGE ( 'NONE', *, *, #8506, .F. ) ;
#4785 = ORIENTED_EDGE ( 'NONE', *, *, #8514, .F. ) ;
#4786 = CARTESIAN_POINT ( 'NONE',  ( 33.32232879672930892, 45.00000000000000000, 30.03774688497164291 ) ) ;
#4787 = VECTOR ( 'NONE', #1596, 1000.000000000000000 ) ;
#4788 = ORIENTED_EDGE ( 'NONE', *, *, #4520, .T. ) ;
#4789 = VERTEX_POINT ( 'NONE', #5389 ) ;
#4790 = CARTESIAN_POINT ( 'NONE',  ( 89.96328524466890997, -17.22773262535781669, 82.16441039196529061 ) ) ;
#4791 = CARTESIAN_POINT ( 'NONE',  ( -88.29033970011654731, 2.860430860897804184, 54.98013641259898066 ) ) ;
#4792 = CARTESIAN_POINT ( 'NONE',  ( 33.32232879672930892, 6.496999349960439041, 36.00000000000041922 ) ) ;
#4793 = CARTESIAN_POINT ( 'NONE',  ( -18.50293383151708682, 62.56344324569032267, 54.92414424136913453 ) ) ;
#4794 = CARTESIAN_POINT ( 'NONE',  ( 20.00000000000000000, -33.21878702995829968, 76.00000000000082423 ) ) ;
#4795 = VECTOR ( 'NONE', #3010, 1000.000000000000114 ) ;
#4796 = EDGE_LOOP ( 'NONE', ( #6605, #191, #6510, #7663, #5893, #513 ) ) ;
#4797 = ORIENTED_EDGE ( 'NONE', *, *, #2554, .T. ) ;
#4798 = CARTESIAN_POINT ( 'NONE',  ( 73.73605988552721158, -22.88620039310740850, 1.000000000000000000 ) ) ;
#4799 = CARTESIAN_POINT ( 'NONE',  ( 17.00000000000000000, -33.50332874893501867, 21.00000000000083489 ) ) ;
#4800 = CARTESIAN_POINT ( 'NONE',  ( 17.00000000000000000, 0.000000000000000000, 0.000000000000000000 ) ) ;
#4801 = CARTESIAN_POINT ( 'NONE',  ( -94.00000000000000000, 2.270200223097281350E-15, 81.00000000000000000 ) ) ;
#4802 = CARTESIAN_POINT ( 'NONE',  ( 20.00000000000000000, -57.62021352807240504, 58.62321017853621186 ) ) ;
#4803 = CARTESIAN_POINT ( 'NONE',  ( -61.35944876948281745, 36.52981357375717408, 1.000000000000000000 ) ) ;
#4804 = LINE ( 'NONE', #4947, #3519 ) ;
#4805 = ORIENTED_EDGE ( 'NONE', *, *, #6760, .F. ) ;
#4806 = CARTESIAN_POINT ( 'NONE',  ( 33.32232879672930892, 11.04053265811517193, 13.37678982146525186 ) ) ;
#4807 = ORIENTED_EDGE ( 'NONE', *, *, #8041, .T. ) ;
#4808 = CARTESIAN_POINT ( 'NONE',  ( 18.73791927113154898, -66.63527234539958499, 81.00000000000000000 ) ) ;
#4809 = FACE_OUTER_BOUND ( 'NONE', #3470, .T. ) ;
#4810 = PLANE ( 'NONE',  #3974 ) ;
#4811 = DIRECTION ( 'NONE',  ( 0.000000000000000000, 0.000000000000000000, 1.000000000000000000 ) ) ;
#4812 = ORIENTED_EDGE ( 'NONE', *, *, #4768, .T. ) ;
#4813 = CARTESIAN_POINT ( 'NONE',  ( 17.00000000000000000, -32.00000000000000000, 1.040619190461824717 ) ) ;
#4814 = EDGE_CURVE ( 'NONE', #2049, #475, #5183, .T. ) ;
#4815 = ORIENTED_EDGE ( 'NONE', *, *, #4051, .F. ) ;
#4816 = DIRECTION ( 'NONE',  ( 0.000000000000000000, -0.8798963622018151076, -0.4751656466791471800 ) ) ;
#4817 = EDGE_LOOP ( 'NONE', ( #8730, #9407, #8379, #784 ) ) ;
#4818 = DIRECTION ( 'NONE',  ( 0.000000000000000000, 0.02844266007110328107, 0.9995954257038591750 ) ) ;
#4819 = CARTESIAN_POINT ( 'NONE',  ( 17.00000000000000000, -17.76215628866530949, 68.62321017853578553 ) ) ;
#4820 = FACE_OUTER_BOUND ( 'NONE', #4547, .T. ) ;
#4821 = CARTESIAN_POINT ( 'NONE',  ( -73.60725105401027690, 22.85089548932916514, 0.1899999999999999467 ) ) ;
#4822 = CARTESIAN_POINT ( 'NONE',  ( 52.32292122671491086, 43.60790553520858026, 1.086298991543278580 ) ) ;
#4823 = CARTESIAN_POINT ( 'NONE',  ( 7.870258302081444945, -57.71707631634113511, 1.000000000000000000 ) ) ;
#4824 = DIRECTION ( 'NONE',  ( 0.000000000000000000, 0.000000000000000000, 1.000000000000000000 ) ) ;
#4825 = EDGE_CURVE ( 'NONE', #6442, #1946, #8299, .T. ) ;
#4826 = EDGE_CURVE ( 'NONE', #8243, #6718, #8250, .T. ) ;
#4827 = VERTEX_POINT ( 'NONE', #779 ) ;
#4828 = PLANE ( 'NONE',  #4331 ) ;
#4829 = EDGE_CURVE ( 'NONE', #3627, #2917, #29, .T. ) ;
#4830 = ORIENTED_EDGE ( 'NONE', *, *, #396, .F. ) ;
#4831 = DIRECTION ( 'NONE',  ( 0.000000000000000000, 0.9995954257038592861, -0.02844266007110471048 ) ) ;
#4832 = ORIENTED_EDGE ( 'NONE', *, *, #1132, .T. ) ;
#4833 = ORIENTED_EDGE ( 'NONE', *, *, #8166, .F. ) ;
#4834 = CARTESIAN_POINT ( 'NONE',  ( 73.52292912535878600, 21.11937088328761902, 0.5886903869831052738 ) ) ;
#4835 = CARTESIAN_POINT ( 'NONE',  ( -82.37957847689017399, 23.11208344680403570, 54.96888628797134402 ) ) ;
#4836 = CARTESIAN_POINT ( 'NONE',  ( 20.00000000000000000, 46.78186916783261040, 76.00000000000000000 ) ) ;
#4837 = CARTESIAN_POINT ( 'NONE',  ( -34.50611695017573766, 62.25697269833409564, 82.11606263326358146 ) ) ;
#4838 = EDGE_CURVE ( 'NONE', #1882, #5834, #1470, .T. ) ;
#4839 = EDGE_LOOP ( 'NONE', ( #6903, #3135, #7637, #8931 ) ) ;
#4840 = ADVANCED_FACE ( 'NONE', ( #7654 ), #2782, .F. ) ;
#4841 = ORIENTED_EDGE ( 'NONE', *, *, #837, .F. ) ;
#4842 = DIRECTION ( 'NONE',  ( 0.000000000000000000, 0.8798963622018145525, 0.4751656466791481792 ) ) ;
#4843 = VECTOR ( 'NONE', #23, 1000.000000000000227 ) ;
#4844 = CARTESIAN_POINT ( 'NONE',  ( 28.17393872504079866, -54.15142300531955755, 0.5454067459641119830 ) ) ;
#4845 = LINE ( 'NONE', #7664, #8039 ) ;
#4846 = LINE ( 'NONE', #165, #1900 ) ;
#4847 = CARTESIAN_POINT ( 'NONE',  ( -71.26798825953478911, 25.01536235749078330, 1.000000000000000000 ) ) ;
#4848 = LINE ( 'NONE', #5547, #1786 ) ;
#4849 = EDGE_CURVE ( 'NONE', #4992, #7694, #1210, .T. ) ;
#4850 = ORIENTED_EDGE ( 'NONE', *, *, #7415, .F. ) ;
#4851 = EDGE_LOOP ( 'NONE', ( #7263, #1204, #3615, #4964 ) ) ;
#4852 = LINE ( 'NONE', #6278, #2973 ) ;
#4853 = EDGE_LOOP ( 'NONE', ( #8418, #1855, #4807, #798, #9648, #4560 ) ) ;
#4854 = DIRECTION ( 'NONE',  ( 1.000000000000000000, 0.000000000000000000, 0.000000000000000000 ) ) ;
#4855 = LINE ( 'NONE', #5507, #619 ) ;
#4856 = CARTESIAN_POINT ( 'NONE',  ( 20.00000000000000000, -13.21862298051057394, 16.00000000000062528 ) ) ;
#4857 = DIRECTION ( 'NONE',  ( 0.000000000000000000, -0.8798963622018145525, -0.4751656466791481792 ) ) ;
#4858 = ORIENTED_EDGE ( 'NONE', *, *, #7534, .F. ) ;
#4859 = DIRECTION ( 'NONE',  ( -1.000000000000000000, -0.000000000000000000, -0.000000000000000000 ) ) ;
#4860 = ORIENTED_EDGE ( 'NONE', *, *, #3754, .F. ) ;
#4861 = CARTESIAN_POINT ( 'NONE',  ( 19.71590550251948315, -66.48743564587120147, 81.00000000000000000 ) ) ;
#4862 = VECTOR ( 'NONE', #7812, 1000.000000000000114 ) ;
#4863 = EDGE_LOOP ( 'NONE', ( #9784, #1966, #4142, #6732, #2961, #2613 ) ) ;
#4864 = LINE ( 'NONE', #7878, #327 ) ;
#4865 = CARTESIAN_POINT ( 'NONE',  ( 17.00000000000000000, -49.10223034971637190, 23.37678982146587714 ) ) ;
#4866 = DIRECTION ( 'NONE',  ( 0.000000000000000000, -0.4751656466791471800, 0.8798963622018151076 ) ) ;
#4867 = CARTESIAN_POINT ( 'NONE',  ( -73.73605988552721158, 22.88620039310741561, 1.000000000000000000 ) ) ;
#4868 = CARTESIAN_POINT ( 'NONE',  ( -62.91486692305572603, 35.26573306138323005, 1.086298991543278580 ) ) ;
#4869 = CARTESIAN_POINT ( 'NONE',  ( 22.37508614611777347, -55.72409263793432643, 0.9999999999999997780 ) ) ;
#4870 = CARTESIAN_POINT ( 'NONE',  ( 17.00000000000000000, 31.04069670756290122, 13.37678982146504403 ) ) ;
#4871 = VECTOR ( 'NONE', #1006, 1000.000000000000114 ) ;
#4872 = ORIENTED_EDGE ( 'NONE', *, *, #3869, .T. ) ;
#4873 = DIRECTION ( 'NONE',  ( -1.000000000000000000, -0.000000000000000000, -0.000000000000000000 ) ) ;
#4874 = ORIENTED_EDGE ( 'NONE', *, *, #3868, .F. ) ;
#4875 = CARTESIAN_POINT ( 'NONE',  ( 20.00000000000000000, -9.101902250820922191, 53.37678982146545792 ) ) ;
#4876 = EDGE_LOOP ( 'NONE', ( #4784, #5395, #7945 ) ) ;
#4877 = CARTESIAN_POINT ( 'NONE',  ( 78.79172778997795490, 28.96324206016331715, 54.96312474144453830 ) ) ;
#4878 = VECTOR ( 'NONE', #3071, 1000.000000000000000 ) ;
#4879 = CARTESIAN_POINT ( 'NONE',  ( -85.80927828229417287, -15.12206862741690827, 54.97512096452681618 ) ) ;
#4880 = CARTESIAN_POINT ( 'NONE',  ( 68.51329887961456677, 28.87206838122530073, 1.075633277408149402 ) ) ;
#4881 = CARTESIAN_POINT ( 'NONE',  ( -29.33149673738205010, 53.82020967888295360, 0.5520648823067476618 ) ) ;
#4882 = EDGE_CURVE ( 'NONE', #9015, #6819, #5772, .T. ) ;
#4883 = ORIENTED_EDGE ( 'NONE', *, *, #7293, .T. ) ;
#4884 = ORIENTED_EDGE ( 'NONE', *, *, #718, .F. ) ;
#4885 = VECTOR ( 'NONE', #7554, 1000.000000000000000 ) ;
#4886 = VERTEX_POINT ( 'NONE', #7343 ) ;
#4887 = CARTESIAN_POINT ( 'NONE',  ( 23.58138243099335440, -55.41950677431255201, 1.057214069879817586 ) ) ;
#4888 = VECTOR ( 'NONE', #3883, 1000.000000000000114 ) ;
#4889 = ADVANCED_FACE ( 'NONE', ( #8043 ), #1259, .F. ) ;
#4890 = EDGE_CURVE ( 'NONE', #3556, #6392, #3587, .T. ) ;
#4891 = DIRECTION ( 'NONE',  ( -1.000000000000000000, 0.000000000000000000, 0.000000000000000000 ) ) ;
#4892 = DIRECTION ( 'NONE',  ( 0.000000000000000000, -0.9995954257038592861, 0.02844266007110328107 ) ) ;
#4893 = DIRECTION ( 'NONE',  ( 0.000000000000000000, -0.5244297790247101076, -0.8514537021307111431 ) ) ;
#4894 = CARTESIAN_POINT ( 'NONE',  ( -8.000000000000000000, 40.00000000000000000, 1.038732180310419917 ) ) ;
#4895 = VECTOR ( 'NONE', #2164, 1000.000000000000000 ) ;
#4896 = EDGE_CURVE ( 'NONE', #9399, #5740, #2652, .T. ) ;
#4897 = CYLINDRICAL_SURFACE ( 'NONE', #6834, 1.400000000000001910 ) ;
#4898 = ORIENTED_EDGE ( 'NONE', *, *, #3991, .T. ) ;
#4899 = VECTOR ( 'NONE', #7387, 1000.000000000000000 ) ;
#4900 = ORIENTED_EDGE ( 'NONE', *, *, #3612, .T. ) ;
#4901 = DIRECTION ( 'NONE',  ( 0.000000000000000000, 1.000000000000000000, -0.000000000000000000 ) ) ;
#4902 = VERTEX_POINT ( 'NONE', #5279 ) ;
#4903 = CARTESIAN_POINT ( 'NONE',  ( -75.00000000000000000, 0.000000000000000000, 1.000000000000000000 ) ) ;
#4904 = DIRECTION ( 'NONE',  ( 0.000000000000000000, 0.000000000000000000, 1.000000000000000000 ) ) ;
#4905 = DIRECTION ( 'NONE',  ( -1.000000000000000000, 0.000000000000000000, 0.000000000000000000 ) ) ;
#4906 = FACE_OUTER_BOUND ( 'NONE', #2621, .T. ) ;
#4907 = VECTOR ( 'NONE', #2452, 1000.000000000000000 ) ;
#4908 = AXIS2_PLACEMENT_3D ( 'NONE', #5814, #1351, #2149 ) ;
#4909 = CARTESIAN_POINT ( 'NONE',  ( -8.000000000000000000, -34.50000000000004263, 22.44061919046182396 ) ) ;
#4910 = ORIENTED_EDGE ( 'NONE', *, *, #8375, .F. ) ;
#4911 = CARTESIAN_POINT ( 'NONE',  ( -43.62046307084365537, -76.31605288412522725, 81.00000000000001421 ) ) ;
#4912 = VECTOR ( 'NONE', #6062, 1000.000000000000114 ) ;
#4913 = ORIENTED_EDGE ( 'NONE', *, *, #961, .F. ) ;
#4914 = CARTESIAN_POINT ( 'NONE',  ( 33.32232879672930892, -33.21878702995829968, 76.00000000000082423 ) ) ;
#4915 = LINE ( 'NONE', #8722, #3137 ) ;
#4916 = CARTESIAN_POINT ( 'NONE',  ( 17.00000000000000000, 66.70319209594900656, 82.00000000000000000 ) ) ;
#4917 = CARTESIAN_POINT ( 'NONE',  ( 79.00000000000000000, -9.920124036850238162E-09, 1.000000000000000000 ) ) ;
#4918 = CARTESIAN_POINT ( 'NONE',  ( 49.48132914149006467, -45.23934338555584844, 1.000000000000000000 ) ) ;
#4919 = DIRECTION ( 'NONE',  ( -1.000000000000000000, -0.000000000000000000, -0.000000000000000000 ) ) ;
#4920 = VECTOR ( 'NONE', #2404, 1000.000000000000227 ) ;
#4921 = EDGE_LOOP ( 'NONE', ( #8329, #1497, #8670, #4440, #8020, #9692, #6658 ) ) ;
#4922 = DIRECTION ( 'NONE',  ( 0.000000000000000000, 0.000000000000000000, 1.000000000000000000 ) ) ;
#4923 = ORIENTED_EDGE ( 'NONE', *, *, #172, .F. ) ;
#4924 = CARTESIAN_POINT ( 'NONE',  ( 17.00000000000000000, -17.61988542917695355, 73.62321017853578553 ) ) ;
#4925 = VERTEX_POINT ( 'NONE', #9780 ) ;
#4926 = ORIENTED_EDGE ( 'NONE', *, *, #5439, .F. ) ;
#4927 = AXIS2_PLACEMENT_3D ( 'NONE', #3765, #2230, #5250 ) ;
#4928 = VECTOR ( 'NONE', #6487, 999.9999999999998863 ) ;
#4929 = CARTESIAN_POINT ( 'NONE',  ( 74.59301377443740932, 27.60406792525570552, 27.77312934893593521 ) ) ;
#4930 = CARTESIAN_POINT ( 'NONE',  ( -80.75250877285240847, -33.23390442643070486, 82.15008626779749079 ) ) ;
#4931 = FACE_OUTER_BOUND ( 'NONE', #9276, .T. ) ;
#4932 = CARTESIAN_POINT ( 'NONE',  ( -54.73419107062412792, 41.72769465102491893, 0.5691747102506786726 ) ) ;
#4933 = EDGE_LOOP ( 'NONE', ( #5259, #7952, #2125, #1998 ) ) ;
#4934 = VECTOR ( 'NONE', #7416, 1000.000000000000000 ) ;
#4935 = EDGE_LOOP ( 'NONE', ( #8913, #5851 ) ) ;
#4936 = ORIENTED_EDGE ( 'NONE', *, *, #1921, .F. ) ;
#4937 = DIRECTION ( 'NONE',  ( 0.000000000000000000, 0.000000000000000000, 1.000000000000000000 ) ) ;
#4938 = VECTOR ( 'NONE', #2100, 1000.000000000000114 ) ;
#4939 = ADVANCED_FACE ( 'NONE', ( #6751, #6014, #9137, #2905, #5920, #8339 ), #4535, .T. ) ;
#4940 = CARTESIAN_POINT ( 'NONE',  ( 17.00000000000000000, 2.238007760782423361, 53.62321017853557947 ) ) ;
#4941 = FACE_OUTER_BOUND ( 'NONE', #9752, .T. ) ;
#4942 = DIRECTION ( 'NONE',  ( 0.000000000000000000, 0.8798963622018151076, 0.4751656466791471800 ) ) ;
#4943 =( BOUNDED_CURVE ( )  B_SPLINE_CURVE ( 3, ( #1663, #3052, #115, #167 ),
 .UNSPECIFIED., .F., .F. ) 
 B_SPLINE_CURVE_WITH_KNOTS ( ( 4, 4 ),
 ( 0.000000000000000000, 3.141592653589793116 ),
 .UNSPECIFIED. ) 
 CURVE ( )  GEOMETRIC_REPRESENTATION_ITEM ( )  RATIONAL_B_SPLINE_CURVE ( ( 1.000000000000000000, 0.3333333333333333703, 0.3333333333333333703, 1.000000000000000000 ) ) 
 REPRESENTATION_ITEM ( '' )  );
#4944 = VECTOR ( 'NONE', #8447, 1000.000000000000000 ) ;
#4945 = DIRECTION ( 'NONE',  ( -1.000000000000000000, -0.000000000000000000, -0.000000000000000000 ) ) ;
#4946 = CARTESIAN_POINT ( 'NONE',  ( -15.43625654763678412, -56.88888860336864184, 1.056172715319596112 ) ) ;
#4947 = CARTESIAN_POINT ( 'NONE',  ( -80.00000000000000000, 1.662686369618629601E-15, 1.000000000000000000 ) ) ;
#4948 = ADVANCED_FACE ( 'NONE', ( #3698 ), #2203, .F. ) ;
#4949 = ADVANCED_FACE ( 'NONE', ( #621 ), #2998, .F. ) ;
#4950 = ORIENTED_EDGE ( 'NONE', *, *, #8936, .T. ) ;
#4951 = ADVANCED_FACE ( 'NONE', ( #2260 ), #3792, .F. ) ;
#4952 = EDGE_LOOP ( 'NONE', ( #9737, #7962, #4478, #9116, #1514, #2361, #5381 ) ) ;
#4953 = CARTESIAN_POINT ( 'NONE',  ( 20.00000000000000000, -17.61988542917695355, 58.62321017853579264 ) ) ;
#4954 = EDGE_LOOP ( 'NONE', ( #4563, #1965, #875, #7799 ) ) ;
#4955 = CARTESIAN_POINT ( 'NONE',  ( 17.00000000000000000, -57.76248438756075387, 53.62321017853620475 ) ) ;
#4956 = FACE_OUTER_BOUND ( 'NONE', #8055, .T. ) ;
#4957 = LINE ( 'NONE', #9413, #5236 ) ;
#4958 = CARTESIAN_POINT ( 'NONE',  ( 33.32232879672930892, 31.04069670756290122, 28.37678982146504225 ) ) ;
#4959 = EDGE_CURVE ( 'NONE', #8861, #4638, #9092, .T. ) ;
#4960 = CARTESIAN_POINT ( 'NONE',  ( 19.99999999999995737, 59.23537684868165343, 28.03530852179766697 ) ) ;
#4961 = EDGE_CURVE ( 'NONE', #8394, #5813, #5961, .T. ) ;
#4962 = ORIENTED_EDGE ( 'NONE', *, *, #2690, .F. ) ;
#4963 = DIRECTION ( 'NONE',  ( 0.000000000000000000, 0.000000000000000000, -1.000000000000000000 ) ) ;
#4964 = ORIENTED_EDGE ( 'NONE', *, *, #4472, .F. ) ;
#4965 = DIRECTION ( 'NONE',  ( -1.000000000000000000, -0.000000000000000000, -0.000000000000000000 ) ) ;
#4966 = CARTESIAN_POINT ( 'NONE',  ( -8.000000000000000000, -34.50000000000021316, 27.44061919046188436 ) ) ;
#4967 = DIRECTION ( 'NONE',  ( -0.000000000000000000, 0.5244297790247101076, 0.8514537021307111431 ) ) ;
#4968 = CARTESIAN_POINT ( 'NONE',  ( -52.32292121647603267, 43.60790554183272150, 1.086298991543278802 ) ) ;
#4969 = CARTESIAN_POINT ( 'NONE',  ( 76.12602068244704867, -15.52900464837972372, 1.000000000000000000 ) ) ;
#4970 = LINE ( 'NONE', #4272, #9334 ) ;
#4971 = AXIS2_PLACEMENT_3D ( 'NONE', #3580, #5812, #7335 ) ;
#4972 = ORIENTED_EDGE ( 'NONE', *, *, #5556, .T. ) ;
#4973 = ORIENTED_EDGE ( 'NONE', *, *, #8864, .F. ) ;
#4974 = ORIENTED_EDGE ( 'NONE', *, *, #9188, .F. ) ;
#4975 = LINE ( 'NONE', #4041, #9457 ) ;
#4976 = VERTEX_POINT ( 'NONE', #3053 ) ;
#4977 = DIRECTION ( 'NONE',  ( 1.000000000000000000, -0.000000000000000000, -0.000000000000000000 ) ) ;
#4978 = CARTESIAN_POINT ( 'NONE',  ( 79.99988249395168793, 34.23774987633355948, 82.14904541896477497 ) ) ;
#4979 = CARTESIAN_POINT ( 'NONE',  ( -84.96617729596215440, -27.42684967699700849, 82.15604269948502747 ) ) ;
#4980 = CARTESIAN_POINT ( 'NONE',  ( 20.00000000000000000, 42.38060671916623789, 43.62321017853516736 ) ) ;
#4981 = CARTESIAN_POINT ( 'NONE',  ( -76.53650002502907057, 38.19249172968190464, 82.14469631906385416 ) ) ;
#4982 = ORIENTED_EDGE ( 'NONE', *, *, #3201, .F. ) ;
#4983 = ORIENTED_EDGE ( 'NONE', *, *, #5968, .F. ) ;
#4984 = CARTESIAN_POINT ( 'NONE',  ( 19.82808662108281439, 52.82808662108274689, 34.26510592559694857 ) ) ;
#4985 = CARTESIAN_POINT ( 'NONE',  ( 25.75859949934079296, -54.79915026599129391, 0.5444908930188973040 ) ) ;
#4986 = DIRECTION ( 'NONE',  ( 0.000000000000000000, 0.8514537021307111431, -0.5244297790247101076 ) ) ;
#4987 = CARTESIAN_POINT ( 'NONE',  ( 11.99999999999994138, 40.00000000000000711, 31.03860113793880160 ) ) ;
#4988 = CARTESIAN_POINT ( 'NONE',  ( 33.32232879672930892, -33.50332874893501867, 21.00000000000083489 ) ) ;
#4989 = CARTESIAN_POINT ( 'NONE',  ( 20.00000000000000000, -28.95979544078028312, 73.37678982146567819 ) ) ;
#4990 = CARTESIAN_POINT ( 'NONE',  ( 64.85412758158769009, 48.02825561168884860, 82.00000000000001421 ) ) ;
#4991 = ADVANCED_FACE ( 'NONE', ( #8983 ), #6655, .F. ) ;
#4992 = VERTEX_POINT ( 'NONE', #9689 ) ;
#4993 = VECTOR ( 'NONE', #9587, 1000.000000000000000 ) ;
#4994 =( BOUNDED_CURVE ( )  B_SPLINE_CURVE ( 3, ( #2885, #4367, #5802, #9565 ),
 .UNSPECIFIED., .F., .F. ) 
 B_SPLINE_CURVE_WITH_KNOTS ( ( 4, 4 ),
 ( 4.508804233431386699, 6.283185307179586232 ),
 .UNSPECIFIED. ) 
 CURVE ( )  GEOMETRIC_REPRESENTATION_ITEM ( )  RATIONAL_B_SPLINE_CURVE ( ( 1.000000000000000000, 0.7543951294156775456, 0.7543951294156775456, 1.000000000000000000 ) ) 
 REPRESENTATION_ITEM ( '' )  );
#4995 = EDGE_LOOP ( 'NONE', ( #9418, #8244, #7931, #3002 ) ) ;
#4996 = DIRECTION ( 'NONE',  ( -1.000000000000000000, -0.000000000000000000, -0.000000000000000000 ) ) ;
#4997 = ORIENTED_EDGE ( 'NONE', *, *, #7607, .T. ) ;
#4998 = CYLINDRICAL_SURFACE ( 'NONE', #7397, 1.399999999999998579 ) ;
#4999 = EDGE_CURVE ( 'NONE', #2359, #2018, #2154, .T. ) ;
#5000 = CARTESIAN_POINT ( 'NONE',  ( 17.00000000000000000, -13.21862298051057394, 46.00000000000062528 ) ) ;
#5001 = DIRECTION ( 'NONE',  ( -1.000000000000000000, 0.000000000000000000, 0.000000000000000000 ) ) ;
#5002 = CARTESIAN_POINT ( 'NONE',  ( 20.00000000000000000, -66.74328857565157591, 82.00000000000000000 ) ) ;
#5003 = EDGE_CURVE ( 'NONE', #6264, #599, #6066, .T. ) ;
#5004 = CARTESIAN_POINT ( 'NONE',  ( 33.32232879672930892, 26.49716339940816567, 51.00000000000021316 ) ) ;
#5005 = ORIENTED_EDGE ( 'NONE', *, *, #6097, .F. ) ;
#5006 = CARTESIAN_POINT ( 'NONE',  ( -85.73335737168132198, -25.93549185644130262, 82.00000000000000000 ) ) ;
#5007 = ORIENTED_EDGE ( 'NONE', *, *, #4101, .F. ) ;
#5008 = CARTESIAN_POINT ( 'NONE',  ( -85.73869326660394563, 25.91259622996210510, 82.00000000000000000 ) ) ;
#5009 = LINE ( 'NONE', #8125, #7229 ) ;
#5010 = EDGE_CURVE ( 'NONE', #5213, #7559, #4384, .T. ) ;
#5011 = EDGE_CURVE ( 'NONE', #6029, #5773, #71, .T. ) ;
#5012 = CARTESIAN_POINT ( 'NONE',  ( -8.000000000000000000, -37.00000000000000000, 31.04061919046182894 ) ) ;
#5013 = FACE_OUTER_BOUND ( 'NONE', #8061, .T. ) ;
#5014 = LINE ( 'NONE', #8772, #2085 ) ;
#5015 = DIRECTION ( 'NONE',  ( 0.000000000000000000, 0.8514537021307111431, -0.5244297790247101076 ) ) ;
#5016 = EDGE_CURVE ( 'NONE', #9001, #8303, #5330, .T. ) ;
#5017 = VERTEX_POINT ( 'NONE', #820 ) ;
#5018 = DIRECTION ( 'NONE',  ( 0.000000000000000000, -0.5244297790247106628, -0.8514537021307108100 ) ) ;
#5019 = EDGE_LOOP ( 'NONE', ( #9081, #3521, #7548, #3884 ) ) ;
#5020 = FACE_OUTER_BOUND ( 'NONE', #7300, .T. ) ;
#5021 = VERTEX_POINT ( 'NONE', #1461 ) ;
#5022 = FACE_OUTER_BOUND ( 'NONE', #5030, .T. ) ;
#5023 = FACE_OUTER_BOUND ( 'NONE', #201, .T. ) ;
#5024 = EDGE_CURVE ( 'NONE', #2359, #5645, #7497, .T. ) ;
#5025 = CARTESIAN_POINT ( 'NONE',  ( 75.79119094676968871, 25.80667234960843714, 27.77507799173122649 ) ) ;
#5026 = CARTESIAN_POINT ( 'NONE',  ( -72.58056461640381940, -30.25200986582179397, 27.77009426620848487 ) ) ;
#5027 = CARTESIAN_POINT ( 'NONE',  ( 33.32232879672930892, 30.89842584807453818, 38.37678982146504580 ) ) ;
#5028 = CARTESIAN_POINT ( 'NONE',  ( -56.84852694186437816, 53.16852570134414435, 82.12699737950329393 ) ) ;
#5029 = VECTOR ( 'NONE', #5541, 1000.000000000000114 ) ;
#5030 = EDGE_LOOP ( 'NONE', ( #3057, #5745, #4353, #9433 ) ) ;
#5031 = ORIENTED_EDGE ( 'NONE', *, *, #5460, .T. ) ;
#5032 = ORIENTED_EDGE ( 'NONE', *, *, #8764, .T. ) ;
#5033 = FACE_OUTER_BOUND ( 'NONE', #4195, .T. ) ;
#5034 = AXIS2_PLACEMENT_3D ( 'NONE', #1647, #6136, #1540 ) ;
#5035 = CARTESIAN_POINT ( 'NONE',  ( 32.29034990346286804, -56.22913295487191476, 27.73646666123117299 ) ) ;
#5036 = CARTESIAN_POINT ( 'NONE',  ( 20.00000000000000000, -9.101902250820922191, 8.376789821465461472 ) ) ;
#5037 = DIRECTION ( 'NONE',  ( 0.000000000000000000, 0.8798963622018151076, 0.4751656466791471800 ) ) ;
#5038 = DIRECTION ( 'NONE',  ( 0.000000000000000000, -0.8798963622018151076, -0.4751656466791471800 ) ) ;
#5039 = CARTESIAN_POINT ( 'NONE',  ( 49.60840212738175836, -56.75384737047673411, 82.00000000000000000 ) ) ;
#5040 = AXIS2_PLACEMENT_3D ( 'NONE', #7763, #3958, #2477 ) ;
#5041 = VERTEX_POINT ( 'NONE', #6857 ) ;
#5042 = VECTOR ( 'NONE', #2796, 1000.000000000000000 ) ;
#5043 = ORIENTED_EDGE ( 'NONE', *, *, #5925, .F. ) ;
#5044 = ORIENTED_EDGE ( 'NONE', *, *, #9789, .F. ) ;
#5045 = DIRECTION ( 'NONE',  ( 0.000000000000000000, 2.312964634635742957E-16, 1.000000000000000000 ) ) ;
#5046 = VECTOR ( 'NONE', #4209, 1000.000000000000000 ) ;
#5048 = ORIENTED_EDGE ( 'NONE', *, *, #1761, .F. ) ;
#5047 = DIRECTION ( 'NONE',  ( 0.000000000000000000, -0.8798963622018151076, -0.4751656466791471800 ) ) ;
#5049 = CARTESIAN_POINT ( 'NONE',  ( 20.00000000000000000, 42.23833585967788196, 8.623210178535167358 ) ) ;
#5050 = CARTESIAN_POINT ( 'NONE',  ( 33.32232879672930892, -53.50349279838274441, 36.00000000000104450 ) ) ;
#5051 = CARTESIAN_POINT ( 'NONE',  ( 20.00000000000000000, -9.101902250820922191, 23.37678982146546147 ) ) ;
#5052 = CARTESIAN_POINT ( 'NONE',  ( 20.00000000000000000, -48.95995949022800886, 43.37678982146587003 ) ) ;
#5053 = CIRCLE ( 'NONE', #789, 1.399999999999998579 ) ;
#5054 = CARTESIAN_POINT ( 'NONE',  ( 20.00000000000000000, -13.21862298051057394, 61.00000000000062528 ) ) ;
#5055 = EDGE_CURVE ( 'NONE', #3770, #7085, #3102, .T. ) ;
#5056 = VERTEX_POINT ( 'NONE', #1760 ) ;
#5057 = CARTESIAN_POINT ( 'NONE',  ( -83.83312306907399147, -28.97796147256206467, 81.99999999999995737 ) ) ;
#5058 = EDGE_CURVE ( 'NONE', #1653, #6029, #7043, .T. ) ;
#5059 = ORIENTED_EDGE ( 'NONE', *, *, #5055, .F. ) ;
#5060 = LINE ( 'NONE', #5158, #1386 ) ;
#5061 = CARTESIAN_POINT ( 'NONE',  ( 20.00000000000000000, 22.23817181023015266, 53.62321017853537342 ) ) ;
#5062 = DIRECTION ( 'NONE',  ( 0.000000000000000000, -0.8514537021307106990, 0.5244297790247107738 ) ) ;
#5063 = PLANE ( 'NONE',  #9346 ) ;
#5064 = VECTOR ( 'NONE', #9570, 1000.000000000000000 ) ;
#5065 = CARTESIAN_POINT ( 'NONE',  ( 52.32292121923430273, -43.60790554003013142, 1.000000000000000222 ) ) ;
#5066 = CARTESIAN_POINT ( 'NONE',  ( 17.00000000000000000, 46.78186916783261040, 46.00000000000000000 ) ) ;
#5067 = EDGE_CURVE ( 'NONE', #2670, #1452, #5053, .T. ) ;
#5068 = AXIS2_PLACEMENT_3D ( 'NONE', #9181, #6010, #4578 ) ;
#5069 = ADVANCED_FACE ( 'NONE', ( #1707 ), #4781, .F. ) ;
#5070 = EDGE_LOOP ( 'NONE', ( #11, #2872, #9586, #7702 ) ) ;
#5071 = DIRECTION ( 'NONE',  ( 0.000000000000000000, 0.8514537021307108100, -0.5244297790247106628 ) ) ;
#5072 = ORIENTED_EDGE ( 'NONE', *, *, #458, .F. ) ;
#5073 = CARTESIAN_POINT ( 'NONE',  ( 20.00000000000000000, 31.04069670756290122, 43.37678982146503870 ) ) ;
#5074 = EDGE_CURVE ( 'NONE', #2157, #8837, #4679, .T. ) ;
#5075 = ORIENTED_EDGE ( 'NONE', *, *, #1421, .F. ) ;
#5076 = LINE ( 'NONE', #2106, #6640 ) ;
#5077 = LINE ( 'NONE', #4577, #1222 ) ;
#5078 = CARTESIAN_POINT ( 'NONE',  ( 42.40484038256249022, 52.53365675500062792, 27.74141267342393746 ) ) ;
#5079 = CARTESIAN_POINT ( 'NONE',  ( -72.82208525427937218, -41.66843465779047762, 82.14067876594346274 ) ) ;
#5080 = VECTOR ( 'NONE', #1595, 1000.000000000000000 ) ;
#5081 = CARTESIAN_POINT ( 'NONE',  ( -3.000000000000000000, 42.49999999999986500, 5.038601137938799823 ) ) ;
#5082 = CARTESIAN_POINT ( 'NONE',  ( -78.83410776512337748, 35.65702504914934678, 82.14752966191878158 ) ) ;
#5083 = EDGE_CURVE ( 'NONE', #8382, #1844, #8589, .T. ) ;
#5084 = ORIENTED_EDGE ( 'NONE', *, *, #8444, .F. ) ;
#5085 = VERTEX_POINT ( 'NONE', #6901 ) ;
#5086 = CARTESIAN_POINT ( 'NONE',  ( 33.32232879672930892, 2.380278620270778855, 73.62321017853558658 ) ) ;
#5087 = VECTOR ( 'NONE', #422, 1000.000000000000000 ) ;
#5088 = EDGE_CURVE ( 'NONE', #4992, #2880, #6949, .T. ) ;
#5089 = CARTESIAN_POINT ( 'NONE',  ( 72.31833685980923576, -23.17879405893637923, 0.5865119264804794508 ) ) ;
#5090 = LINE ( 'NONE', #7350, #3315 ) ;
#5091 = FACE_OUTER_BOUND ( 'NONE', #93, .T. ) ;
#5092 = CARTESIAN_POINT ( 'NONE',  ( 33.32232879672930892, 6.781541068937156247, 61.00000000000041211 ) ) ;
#5093 = CARTESIAN_POINT ( 'NONE',  ( -8.000000000000000000, 42.49999999999990052, 11.43860113793879840 ) ) ;
#5094 = VECTOR ( 'NONE', #5950, 1000.000000000000000 ) ;
#5095 = VECTOR ( 'NONE', #9524, 1000.000000000000114 ) ;
#5096 = ORIENTED_EDGE ( 'NONE', *, *, #3215, .F. ) ;
#5097 = ORIENTED_EDGE ( 'NONE', *, *, #5128, .T. ) ;
#5098 = ORIENTED_EDGE ( 'NONE', *, *, #1144, .F. ) ;
#5099 = DIRECTION ( 'NONE',  ( 0.000000000000000000, 0.000000000000000000, 1.000000000000000000 ) ) ;
#5100 = VECTOR ( 'NONE', #6815, 1000.000000000000114 ) ;
#5102 = ORIENTED_EDGE ( 'NONE', *, *, #3742, .T. ) ;
#5101 = FACE_OUTER_BOUND ( 'NONE', #6700, .T. ) ;
#5103 = PLANE ( 'NONE',  #6924 ) ;
#5104 = DIRECTION ( 'NONE',  ( -1.000000000000000000, -0.000000000000000000, -0.000000000000000000 ) ) ;
#5105 = DIRECTION ( 'NONE',  ( 0.000000000000000000, -0.8514537021307104769, 0.5244297790247111068 ) ) ;
#5106 = CARTESIAN_POINT ( 'NONE',  ( 17.00000000000000000, 57.65688346337825720, 1.038269420333509219 ) ) ;
#5107 = AXIS2_PLACEMENT_3D ( 'NONE', #3865, #6918, #88 ) ;
#5108 = CARTESIAN_POINT ( 'NONE',  ( 17.00000000000002132, -62.97294618727141113, 56.54849461483110673 ) ) ;
#5109 = VERTEX_POINT ( 'NONE', #116 ) ;
#5110 = CARTESIAN_POINT ( 'NONE',  ( -47.23846455178907178, -57.71216051305457739, 82.00000000000005684 ) ) ;
#5111 = EDGE_LOOP ( 'NONE', ( #3334, #5227, #6860, #6594 ) ) ;
#5112 = DIRECTION ( 'NONE',  ( 0.000000000000000000, -0.8514537021307111431, 0.5244297790247101076 ) ) ;
#5113 = DIRECTION ( 'NONE',  ( -1.000000000000000000, -0.000000000000000000, -0.000000000000000000 ) ) ;
#5114 = CARTESIAN_POINT ( 'NONE',  ( 17.00000000000000000, -37.00000000000000711, 1.040619190461828936 ) ) ;
#5115 = CARTESIAN_POINT ( 'NONE',  ( -8.000000000000000000, -32.00000000000000000, 1.040619190461824717 ) ) ;
#5116 = CARTESIAN_POINT ( 'NONE',  ( 71.07344828873998210, -25.58731213933356230, 1.000000000000000000 ) ) ;
#5117 = CARTESIAN_POINT ( 'NONE',  ( 11.65267988265763321, -131.4460094002760400, 0.1899999999999999467 ) ) ;
#5118 = ADVANCED_FACE ( 'NONE', ( #7837 ), #3891, .F. ) ;
#5119 = ORIENTED_EDGE ( 'NONE', *, *, #1686, .F. ) ;
#5120 = DIRECTION ( 'NONE',  ( -1.000000000000000000, -0.000000000000000000, -0.000000000000000000 ) ) ;
#5121 = ORIENTED_EDGE ( 'NONE', *, *, #3820, .T. ) ;
#5122 = CYLINDRICAL_SURFACE ( 'NONE', #6229, 1.399999999999998579 ) ;
#5123 = ORIENTED_EDGE ( 'NONE', *, *, #6171, .F. ) ;
#5124 = CARTESIAN_POINT ( 'NONE',  ( 17.00000000000000000, 30.89842584807453818, 38.37678982146504580 ) ) ;
#5125 = CARTESIAN_POINT ( 'NONE',  ( 16.99999999999999289, -62.70451171977704519, 45.26461985555979339 ) ) ;
#5126 = CARTESIAN_POINT ( 'NONE',  ( 72.64576720690217826, 36.36724438347897603, 54.95479693281822620 ) ) ;
#5127 = EDGE_CURVE ( 'NONE', #1452, #3509, #1612, .T. ) ;
#5128 = EDGE_CURVE ( 'NONE', #7189, #1370, #4636, .T. ) ;
#5129 = CARTESIAN_POINT ( 'NONE',  ( 18.49141431835809612, -66.67154713935045152, 81.33582725361023336 ) ) ;
#5130 = DIRECTION ( 'NONE',  ( 0.000000000000000000, -0.8514537021307104769, 0.5244297790247111068 ) ) ;
#5131 = EDGE_CURVE ( 'NONE', #247, #9030, #8438, .T. ) ;
#5132 = VERTEX_POINT ( 'NONE', #6157 ) ;
#5133 = VERTEX_POINT ( 'NONE', #2407 ) ;
#5134 = ORIENTED_EDGE ( 'NONE', *, *, #9241, .T. ) ;
#5135 = DIRECTION ( 'NONE',  ( 0.000000000000000000, 0.02844266007110328107, 0.9995954257038591750 ) ) ;
#5136 = CARTESIAN_POINT ( 'NONE',  ( 45.81805005494207705, -50.98614829729886111, 27.74348356150506234 ) ) ;
#5137 = DIRECTION ( 'NONE',  ( -1.000000000000000000, -0.000000000000000000, -0.000000000000000000 ) ) ;
#5138 = EDGE_CURVE ( 'NONE', #6894, #1866, #1664, .T. ) ;
#5139 = DIRECTION ( 'NONE',  ( 0.000000000000000000, 0.02844266007110466538, 0.9995954257038591750 ) ) ;
#5140 = CARTESIAN_POINT ( 'NONE',  ( 17.00000000000000000, 11.04053265811517193, 58.37678982146525186 ) ) ;
#5141 = CARTESIAN_POINT ( 'NONE',  ( 91.73995889282126370, 11.13395419145042986, 81.99999999999998579 ) ) ;
#5142 = EDGE_CURVE ( 'NONE', #400, #4575, #4729, .T. ) ;
#5143 = EDGE_CURVE ( 'NONE', #3043, #6114, #8725, .T. ) ;
#5144 = ORIENTED_EDGE ( 'NONE', *, *, #8939, .T. ) ;
#5145 = ORIENTED_EDGE ( 'NONE', *, *, #2654, .F. ) ;
#5146 = EDGE_LOOP ( 'NONE', ( #2207, #6496, #539, #465 ) ) ;
#5147 = FACE_OUTER_BOUND ( 'NONE', #1486, .T. ) ;
#5149 = ORIENTED_EDGE ( 'NONE', *, *, #1016, .T. ) ;
#5148 = DIRECTION ( 'NONE',  ( -1.000000000000000000, -0.000000000000000000, -0.000000000000000000 ) ) ;
#5150 = CARTESIAN_POINT ( 'NONE',  ( -8.000000000000000000, -32.00000000000000000, 1.040619190461824717 ) ) ;
#5151 = DIRECTION ( 'NONE',  ( 0.000000000000000000, -0.5244297790247101076, -0.8514537021307111431 ) ) ;
#5152 = DIRECTION ( 'NONE',  ( 0.000000000000000000, -0.9995954257038592861, 0.02844266007110328107 ) ) ;
#5153 = CARTESIAN_POINT ( 'NONE',  ( 17.00000000000000000, -17.76215628866530949, 53.62321017853578553 ) ) ;
#5154 = LINE ( 'NONE', #2777, #987 ) ;
#5155 = ORIENTED_EDGE ( 'NONE', *, *, #1982, .T. ) ;
#5156 = CARTESIAN_POINT ( 'NONE',  ( -92.09442329432717145, 9.287099285653637182, 82.00000000000002842 ) ) ;
#5157 = ORIENTED_EDGE ( 'NONE', *, *, #5304, .T. ) ;
#5158 = CARTESIAN_POINT ( 'NONE',  ( -3.000000000000000000, 42.49999999999986500, 3.638601137938800356 ) ) ;
#5159 = CARTESIAN_POINT ( 'NONE',  ( 20.00000000000000000, 42.38060671916623789, 28.62321017853516736 ) ) ;
#5160 = DIRECTION ( 'NONE',  ( -0.000000000000000000, 0.5244297790247107738, 0.8514537021307106990 ) ) ;
#5161 = FACE_OUTER_BOUND ( 'NONE', #7499, .T. ) ;
#5162 = CARTESIAN_POINT ( 'NONE',  ( 79.00000000000000000, -8.701265101693564042E-15, 1.086298605844412180 ) ) ;
#5163 = CARTESIAN_POINT ( 'NONE',  ( -48.66449552592099081, 45.80129630204972813, 1.064102861883472251 ) ) ;
#5164 = ORIENTED_EDGE ( 'NONE', *, *, #2113, .T. ) ;
#5165 = LINE ( 'NONE', #512, #6350 ) ;
#5166 = ORIENTED_EDGE ( 'NONE', *, *, #8579, .F. ) ;
#5167 = LINE ( 'NONE', #514, #4498 ) ;
#5168 = EDGE_LOOP ( 'NONE', ( #5206, #8472, #3699, #7561 ) ) ;
#5169 = DIRECTION ( 'NONE',  ( 1.000000000000000000, 0.000000000000000000, 0.000000000000000000 ) ) ;
#5170 = FACE_BOUND ( 'NONE', #6535, .T. ) ;
#5171 = CARTESIAN_POINT ( 'NONE',  ( 45.09441616765864325, 51.37876375478790436, 27.74296048576546525 ) ) ;
#5172 = CARTESIAN_POINT ( 'NONE',  ( 20.00000000000000000, -37.62004947862467930, 43.62321017853599869 ) ) ;
#5173 = CARTESIAN_POINT ( 'NONE',  ( 33.32232879672930892, 42.38060671916623789, 58.62321017853516736 ) ) ;
#5174 = ORIENTED_EDGE ( 'NONE', *, *, #2631, .T. ) ;
#5175 = ORIENTED_EDGE ( 'NONE', *, *, #59, .F. ) ;
#5176 = VERTEX_POINT ( 'NONE', #218 ) ;
#5177 = CARTESIAN_POINT ( 'NONE',  ( 20.00000000000000000, 22.38044266971850504, 43.62321017853537342 ) ) ;
#5178 = CARTESIAN_POINT ( 'NONE',  ( 71.66540096545482186, -37.49746145508878925, 54.95349000816774776 ) ) ;
#5179 = ADVANCED_FACE ( 'NONE', ( #3248 ), #6251, .F. ) ;
#5180 = VECTOR ( 'NONE', #296, 1000.000000000000114 ) ;
#5181 = CARTESIAN_POINT ( 'NONE',  ( 80.00000000000002842, 117.9999999999999716, 0.000000000000000000 ) ) ;
#5182 = AXIS2_PLACEMENT_3D ( 'NONE', #6048, #5407, #5459 ) ;
#5183 = LINE ( 'NONE', #8197, #5383 ) ;
#5184 = LINE ( 'NONE', #9496, #8057 ) ;
#5185 = CARTESIAN_POINT ( 'NONE',  ( 49.44013305606784314, 56.82906037859206094, 82.00000000000001421 ) ) ;
#5186 = ORIENTED_EDGE ( 'NONE', *, *, #4289, .F. ) ;
#5187 = CIRCLE ( 'NONE', #5034, 1.399999999999998579 ) ;
#5188 = EDGE_CURVE ( 'NONE', #6240, #1954, #4430, .T. ) ;
#5189 = EDGE_LOOP ( 'NONE', ( #7031, #4229, #4151, #1537, #3346, #2436 ) ) ;
#5190 = EDGE_CURVE ( 'NONE', #8100, #6591, #7586, .T. ) ;
#5191 = EDGE_LOOP ( 'NONE', ( #6880, #3660, #1914, #9439 ) ) ;
#5192 = DIRECTION ( 'NONE',  ( 0.000000000000000000, 0.000000000000000000, 1.000000000000000000 ) ) ;
#5194 = ORIENTED_EDGE ( 'NONE', *, *, #5254, .T. ) ;
#5193 = LINE ( 'NONE', #6675, #3015 ) ;
#5195 = EDGE_CURVE ( 'NONE', #7694, #161, #318, .T. ) ;
#5196 = DIRECTION ( 'NONE',  ( -1.000000000000000000, 0.000000000000000000, 0.000000000000000000 ) ) ;
#5197 = DIRECTION ( 'NONE',  ( 0.000000000000000000, 0.8514537021307111431, -0.5244297790247101076 ) ) ;
#5198 = CARTESIAN_POINT ( 'NONE',  ( 17.88537371677111310, 56.58981093008805630, 1.000000000000000000 ) ) ;
#5199 = CARTESIAN_POINT ( 'NONE',  ( 20.00000000000000000, 26.78170511838488466, 76.00000000000021316 ) ) ;
#5200 = VECTOR ( 'NONE', #700, 1000.000000000000114 ) ;
#5201 = CARTESIAN_POINT ( 'NONE',  ( 17.00000000000000000, -17.61988542917695355, 43.62321017853579264 ) ) ;
#5202 = EDGE_LOOP ( 'NONE', ( #2287, #9355, #32, #3632 ) ) ;
#5203 = AXIS2_PLACEMENT_3D ( 'NONE', #6517, #6413, #6462 ) ;
#5204 = EDGE_LOOP ( 'NONE', ( #8892, #2768, #6160, #3286 ) ) ;
#5205 = CARTESIAN_POINT ( 'NONE',  ( -85.73869326660394563, 25.91259622996210510, 82.00000000000000000 ) ) ;
#5206 = ORIENTED_EDGE ( 'NONE', *, *, #9361, .T. ) ;
#5207 = DIRECTION ( 'NONE',  ( 0.000000000000000000, 0.000000000000000000, 1.000000000000000000 ) ) ;
#5208 = CARTESIAN_POINT ( 'NONE',  ( 19.99999999999994671, -56.10835606121674601, 1.056724680876208522 ) ) ;
#5209 = DIRECTION ( 'NONE',  ( 0.000000000000000000, 0.8798963622018151076, 0.4751656466791471800 ) ) ;
#5210 = FACE_OUTER_BOUND ( 'NONE', #6301, .T. ) ;
#5211 = CARTESIAN_POINT ( 'NONE',  ( 17.00000000000000000, -29.10206630026864616, 23.37678982146566753 ) ) ;
#5212 = VECTOR ( 'NONE', #5828, 1000.000000000000114 ) ;
#5213 = VERTEX_POINT ( 'NONE', #510 ) ;
#5214 = DIRECTION ( 'NONE',  ( -0.000000000000000000, -0.8514537021307111431, 0.5244297790247101076 ) ) ;
#5215 = ORIENTED_EDGE ( 'NONE', *, *, #4036, .T. ) ;
#5216 = LINE ( 'NONE', #8235, #2982 ) ;
#5217 = VECTOR ( 'NONE', #6436, 1000.000000000000000 ) ;
#5218 = ORIENTED_EDGE ( 'NONE', *, *, #7062, .T. ) ;
#5219 = LINE ( 'NONE', #7238, #4438 ) ;
#5220 = CARTESIAN_POINT ( 'NONE',  ( 16.99999999999998934, -61.02386554404070296, 30.50936357533193188 ) ) ;
#5221 = CARTESIAN_POINT ( 'NONE',  ( 74.69509997487124053, 39.97796254582068798, 82.14264650480836849 ) ) ;
#5222 = CARTESIAN_POINT ( 'NONE',  ( 37.62176831772671903, 51.07346459051569809, 1.060325315831316839 ) ) ;
#5223 = DIRECTION ( 'NONE',  ( 0.000000000000000000, -0.02844266007110466538, -0.9995954257038591750 ) ) ;
#5224 = VECTOR ( 'NONE', #265, 1000.000000000000000 ) ;
#5225 = VECTOR ( 'NONE', #1658, 1000.000000000000000 ) ;
#5226 = ORIENTED_EDGE ( 'NONE', *, *, #8889, .F. ) ;
#5227 = ORIENTED_EDGE ( 'NONE', *, *, #5687, .T. ) ;
#5228 = ORIENTED_EDGE ( 'NONE', *, *, #5493, .T. ) ;
#5229 = LINE ( 'NONE', #6019, #7839 ) ;
#5230 = VECTOR ( 'NONE', #5243, 1000.000000000000114 ) ;
#5231 = CARTESIAN_POINT ( 'NONE',  ( 79.38040792366055598, -28.13173667317898818, 54.96402012860333741 ) ) ;
#5232 = LINE ( 'NONE', #2120, #2201 ) ;
#5233 = CARTESIAN_POINT ( 'NONE',  ( 16.71005064315758659, 62.87496891886475225, 54.92375383064231187 ) ) ;
#5234 = DIRECTION ( 'NONE',  ( 0.000000000000000000, 0.000000000000000000, 1.000000000000000000 ) ) ;
#5235 = DIRECTION ( 'NONE',  ( -1.000000000000000000, -0.000000000000000000, -0.000000000000000000 ) ) ;
#5236 = VECTOR ( 'NONE', #8569, 1000.000000000000000 ) ;
#5237 = ORIENTED_EDGE ( 'NONE', *, *, #6616, .T. ) ;
#5238 = EDGE_CURVE ( 'NONE', #9126, #8902, #9383, .T. ) ;
#5239 = VERTEX_POINT ( 'NONE', #7186 ) ;
#5240 = ORIENTED_EDGE ( 'NONE', *, *, #2781, .T. ) ;
#5241 = CARTESIAN_POINT ( 'NONE',  ( -44.83007840641732145, 58.79831563655422855, 82.00000000000000000 ) ) ;
#5242 = VECTOR ( 'NONE', #4627, 1000.000000000000000 ) ;
#5244 = ORIENTED_EDGE ( 'NONE', *, *, #8095, .T. ) ;
#5243 = DIRECTION ( 'NONE',  ( 0.000000000000000000, 0.02844266007110328107, 0.9995954257038591750 ) ) ;
#5245 = FACE_BOUND ( 'NONE', #4396, .T. ) ;
#5246 = CARTESIAN_POINT ( 'NONE',  ( 20.00000000000000000, -17.61988542917695355, 43.62321017853579264 ) ) ;
#5247 = VECTOR ( 'NONE', #6802, 1000.000000000000000 ) ;
#5248 = CARTESIAN_POINT ( 'NONE',  ( 70.31264516848129631, 26.44682670564509408, 1.000000000000000000 ) ) ;
#5249 = VECTOR ( 'NONE', #7492, 1000.000000000000114 ) ;
#5250 = DIRECTION ( 'NONE',  ( 0.000000000000000000, -0.8798963622018151076, -0.4751656466791471800 ) ) ;
#5251 = EDGE_CURVE ( 'NONE', #9039, #3701, #1154, .T. ) ;
#5252 = CARTESIAN_POINT ( 'NONE',  ( 16.99999999999997868, 56.63959830834414788, 1.038296081825376138 ) ) ;
#5253 = EDGE_CURVE ( 'NONE', #7649, #1253, #4183, .T. ) ;
#5254 = EDGE_CURVE ( 'NONE', #8985, #6710, #5808, .T. ) ;
#5255 = VECTOR ( 'NONE', #3921, 1000.000000000000227 ) ;
#5256 = VERTEX_POINT ( 'NONE', #1243 ) ;
#5257 = CARTESIAN_POINT ( 'NONE',  ( 17.00000000000000000, -48.95995949022800886, 58.37678982146587003 ) ) ;
#5258 = VECTOR ( 'NONE', #4173, 1000.000000000000000 ) ;
#5259 = ORIENTED_EDGE ( 'NONE', *, *, #7187, .F. ) ;
#5260 = CARTESIAN_POINT ( 'NONE',  ( 20.00000000000000000, -8.959631391332562700, 73.37678982146546502 ) ) ;
#5261 = CARTESIAN_POINT ( 'NONE',  ( -52.28719637864453773, -51.67289654497545115, 54.93583142494158977 ) ) ;
#5262 = CARTESIAN_POINT ( 'NONE',  ( 33.32232879672930892, 26.78170511838488466, 76.00000000000021316 ) ) ;
#5263 = AXIS2_PLACEMENT_3D ( 'NONE', #42, #7366, #8163 ) ;
#5264 = CARTESIAN_POINT ( 'NONE',  ( 68.63811641684839060, -28.94871503358694298, 1.086298605844412624 ) ) ;
#5265 = EDGE_CURVE ( 'NONE', #7716, #4528, #5660, .T. ) ;
#5266 = CARTESIAN_POINT ( 'NONE',  ( -16.76861215545682171, 56.76393705107107479, 1.056258669937383488 ) ) ;
#5267 = ADVANCED_FACE ( 'NONE', ( #371 ), #2640, .F. ) ;
#5268 = VERTEX_POINT ( 'NONE', #3391 ) ;
#5269 = CARTESIAN_POINT ( 'NONE',  ( 20.00000000000000000, -17.76215628866530949, 38.62321017853578553 ) ) ;
#5270 = EDGE_LOOP ( 'NONE', ( #3940, #2424 ) ) ;
#5271 = CARTESIAN_POINT ( 'NONE',  ( -86.45791978843452341, 26.37310446997210889, 81.00000000000000000 ) ) ;
#5272 = ORIENTED_EDGE ( 'NONE', *, *, #783, .F. ) ;
#5273 = DIRECTION ( 'NONE',  ( 0.000000000000000000, -0.02844266007110466538, -0.9995954257038591750 ) ) ;
#5274 = FACE_BOUND ( 'NONE', #6016, .T. ) ;
#5275 = CARTESIAN_POINT ( 'NONE',  ( 17.00000000000000000, 10.89826179862681066, 38.37678982146525186 ) ) ;
#5276 = FACE_OUTER_BOUND ( 'NONE', #7489, .T. ) ;
#5277 = CARTESIAN_POINT ( 'NONE',  ( 63.63447939588325397, 48.85563559583800242, 82.13217967536051844 ) ) ;
#5278 = CARTESIAN_POINT ( 'NONE',  ( 21.79687027202273697, 55.76274292735244842, 1.056972962614225464 ) ) ;
#5279 = CARTESIAN_POINT ( 'NONE',  ( 20.00000000000000000, 50.89858989752226393, 8.376789821464836194 ) ) ;
#5280 = ORIENTED_EDGE ( 'NONE', *, *, #7059, .T. ) ;
#5281 = ORIENTED_EDGE ( 'NONE', *, *, #2945, .T. ) ;
#5282 = ORIENTED_EDGE ( 'NONE', *, *, #3433, .T. ) ;
#5283 = LINE ( 'NONE', #4684, #3731 ) ;
#5284 = CARTESIAN_POINT ( 'NONE',  ( 60.06171758552851969, -42.52091642516026582, 27.75477189983717707 ) ) ;
#5285 = FACE_OUTER_BOUND ( 'NONE', #5811, .T. ) ;
#5286 = CARTESIAN_POINT ( 'NONE',  ( 6.852485698658022706, 63.83710420888859005, 54.92255660795140670 ) ) ;
#5287 = DIRECTION ( 'NONE',  ( 0.000000000000000000, 0.02844266007110327760, 0.9995954257038591750 ) ) ;
#5288 = CARTESIAN_POINT ( 'NONE',  ( 17.00000000000000000, -37.62004947862467930, 73.62321017853599869 ) ) ;
#5289 = VERTEX_POINT ( 'NONE', #8677 ) ;
#5290 = VERTEX_POINT ( 'NONE', #7884 ) ;
#5291 = CARTESIAN_POINT ( 'NONE',  ( 17.00000000000000000, 42.23833585967788196, 53.62321017853516025 ) ) ;
#5292 = VERTEX_POINT ( 'NONE', #1898 ) ;
#5293 = CARTESIAN_POINT ( 'NONE',  ( -84.50985295990774659, 28.02121110174599750, 82.00000000000000000 ) ) ;
#5295 = ORIENTED_EDGE ( 'NONE', *, *, #1252, .T. ) ;
#5294 = DIRECTION ( 'NONE',  ( 0.000000000000000000, 1.000000000000000000, -2.775557561562893323E-15 ) ) ;
#5296 = FACE_BOUND ( 'NONE', #5189, .T. ) ;
#5297 = CARTESIAN_POINT ( 'NONE',  ( 33.32232879672930892, 2.380278620270778855, 43.62321017853558658 ) ) ;
#5298 = CARTESIAN_POINT ( 'NONE',  ( 65.34923561376798773, 32.63676458297400984, 1.000000000000000444 ) ) ;
#5299 = DIRECTION ( 'NONE',  ( 0.000000000000000000, 0.02844266007110327760, 0.9995954257038591750 ) ) ;
#5300 = EDGE_CURVE ( 'NONE', #3425, #3284, #8821, .T. ) ;
#5301 = DIRECTION ( 'NONE',  ( 0.000000000000000000, 0.9999999996565578364, -2.620847431606588253E-05 ) ) ;
#5302 = ORIENTED_EDGE ( 'NONE', *, *, #7847, .F. ) ;
#5303 = CARTESIAN_POINT ( 'NONE',  ( 20.00000000000000000, 2.238007760782423361, 53.62321017853557947 ) ) ;
#5304 = EDGE_CURVE ( 'NONE', #4489, #5527, #7330, .T. ) ;
#5305 = ORIENTED_EDGE ( 'NONE', *, *, #9622, .F. ) ;
#5306 = CARTESIAN_POINT ( 'NONE',  ( 17.00000000000000000, 11.04053265811517193, 13.37678982146525186 ) ) ;
#5307 = CARTESIAN_POINT ( 'NONE',  ( -35.37391037761960888, -58.62215166693848545, 54.92702352657317988 ) ) ;
#5308 = CARTESIAN_POINT ( 'NONE',  ( 33.32232879672930892, 50.89858989752226393, 68.37678982146483975 ) ) ;
#5309 = EDGE_CURVE ( 'NONE', #2976, #5176, #7142, .T. ) ;
#5310 = VECTOR ( 'NONE', #9152, 1000.000000000000000 ) ;
#5311 = DIRECTION ( 'NONE',  ( -1.000000000000000000, -0.000000000000000000, -0.000000000000000000 ) ) ;
#5312 = LINE ( 'NONE', #3727, #2855 ) ;
#5313 = B_SPLINE_CURVE_WITH_KNOTS ( 'NONE', 3,
 ( #5599, #4114, #347, #3371 ),
 .UNSPECIFIED., .F., .F.,
 ( 4, 4 ),
 ( 6.703129537951225485E-16, 0.02357572944189814321 ),
 .UNSPECIFIED. ) ;
#5314 = VERTEX_POINT ( 'NONE', #7938 ) ;
#5315 = CARTESIAN_POINT ( 'NONE',  ( -3.000000000000000000, 42.49999999999990052, 10.03860113793879982 ) ) ;
#5316 = CIRCLE ( 'NONE', #4369, 1.399999999999998579 ) ;
#5317 = EDGE_CURVE ( 'NONE', #6974, #6990, #2742, .T. ) ;
#5318 = ORIENTED_EDGE ( 'NONE', *, *, #5188, .F. ) ;
#5319 = PLANE ( 'NONE',  #9041 ) ;
#5320 = ADVANCED_FACE ( 'NONE', ( #1198 ), #456, .F. ) ;
#5321 = ORIENTED_EDGE ( 'NONE', *, *, #4389, .F. ) ;
#5322 = LINE ( 'NONE', #8333, #6959 ) ;
#5323 = DIRECTION ( 'NONE',  ( -0.000000000000000000, 0.5244297790247111068, 0.8514537021307104769 ) ) ;
#5324 = CARTESIAN_POINT ( 'NONE',  ( 20.00000000000000000, 42.23833585967788196, 53.62321017853516025 ) ) ;
#5325 = DIRECTION ( 'NONE',  ( 0.000000000000000000, -0.8798963622018151076, -0.4751656466791471800 ) ) ;
#5326 = CARTESIAN_POINT ( 'NONE',  ( 34.73491568368407201, 62.20403128075581378, 82.11611930165527440 ) ) ;
#5327 = EDGE_CURVE ( 'NONE', #9501, #2906, #4970, .T. ) ;
#5328 = B_SPLINE_SURFACE_WITH_KNOTS ( 'NONE', 3, 3, ( 
 ( #7955, #1074, #1168, #8745 ),
 ( #8789, #2759, #428, #3450 ),
 ( #1122, #2616, #4154, #384 ),
 ( #6461, #530, #2715, #1968 ),
 ( #4985, #4244, #7251, #480 ),
 ( #4844, #3500, #6516, #5776 ),
 ( #2012, #5035, #8048, #1266 ),
 ( #4296, #3545, #6557, #2572 ),
 ( #5592, #8605, #1825, #7855 ),
 ( #4103, #7111, #5928, #8103 ),
 ( #4493, #3749, #5825, #775 ),
 ( #1362, #9641, #627, #6663 ),
 ( #576, #5136, #1317, #8945 ),
 ( #6757, #2861, #5881, #6609 ),
 ( #8195, #4345, #4390, #3591 ),
 ( #1518, #2807, #6713, #1413 ),
 ( #7398, #5284, #1468, #2210 ),
 ( #9790, #3004, #3647, #7504 ),
 ( #8148, #2162, #8841, #9696 ),
 ( #6022, #9047, #5178, #2911 ),
 ( #8895, #2119, #4444, #7451 ),
 ( #2267, #8248, #7348, #680 ),
 ( #3704, #9741, #4542, #2953 ),
 ( #5969, #8990, #5231, #724 ),
 ( #8297, #7552, #3801, #9588 ),
 ( #5089, #2066, #3209, #2366 ),
 ( #8397, #2313, #9242, #2509 ),
 ( #2461, #4685, #1569, #1769 ),
 ( #9144, #228, #5485, #7804 ),
 ( #8489, #6213, #3944, #3256 ),
 ( #1624, #6258, #5387, #3059 ),
 ( #1715, #6955, #7604, #76 ),
 ( #4737, #6165, #7697, #972 ),
 ( #9289, #4590, #7750, #4000 ),
 ( #6116, #4642, #7652, #917 ),
 ( #6862, #871, #3897, #1669 ),
 ( #6906, #5337, #3159, #8543 ),
 ( #3108, #123, #3853, #4790 ),
 ( #8347, #9195, #827, #2416 ),
 ( #7006, #179, #5440, #8443 ),
 ( #5532, #1020, #6811, #9097 ),
 ( #27, #6071, #8737, #5769 ),
 ( #6404, #7195, #5668, #7893 ),
 ( #5627, #7240, #9531, #2608 ),
 ( #377, #6306, #419, #2563 ),
 ( #2702, #5585, #8685, #275 ),
 ( #8597, #8781, #1160, #3441 ),
 ( #3352, #7149, #1817, #3302 ),
 ( #1908, #2005, #4043, #9393 ),
 ( #4189, #6446, #8642, #9338 ),
 ( #4834, #9478, #2751, #7845 ),
 ( #7052, #1062, #4090, #7946 ),
 ( #7101, #5025, #325, #6358 ),
 ( #1858, #4929, #4877, #1112 ),
 ( #5720, #4145, #3399, #9434 ),
 ( #1960, #2649, #8038, #4978 ),
 ( #7991, #1207, #4234, #467 ),
 ( #3488, #6502, #5126, #2800 ),
 ( #6748, #3537, #6549, #5221 ),
 ( #8185, #519, #1353, #9579 ),
 ( #4434, #2903, #8138, #2151 ),
 ( #2108, #5918, #7339, #1306 ),
 ( #8089, #6652, #2944, #5816 ),
 ( #566, #4382, #1256, #5277 ),
 ( #8831, #6012, #671, #8239 ),
 ( #9035, #1459, #1403, #7389 ),
 ( #7493, #8934, #3584, #2995 ),
 ( #3695, #8884, #6704, #4283 ),
 ( #618, #5171, #5959, #3739 ),
 ( #2056, #5078, #7441, #9731 ),
 ( #9778, #5869, #6599, #8981 ),
 ( #9630, #3635, #9686, #4335 ),
 ( #2200, #4486, #715, #2258 ),
 ( #7290, #2851, #4533, #5326 ),
 ( #6249, #7690, #114, #9090 ),
 ( #8289, #908, #2306, #3844 ),
 ( #4634, #6801, #1508, #3196 ),
 ( #7542, #9281, #6899, #763 ),
 ( #5428, #8436, #3935, #3148 ) ),
 .UNSPECIFIED., .F., .F., .F.,
 ( 4, 3, 3, 3, 3, 3, 3, 3, 3, 3, 3, 3, 3, 3, 3, 3, 3, 3, 3, 3, 3, 3, 3, 3, 3, 3, 4 ),
 ( 4, 4 ),
 ( 0.3267500441837805081, 0.3407759534561219938, 0.3548018627284635351, 0.3688277720008050764, 0.3828536812731465622, 0.4109054998178295337, 0.4389573183625125607, 0.4670091369071955878, 0.4950609554518785593, 0.4985674327699639585, 0.5020739100880493577, 0.5090868647242200451, 0.5231127739965615309, 0.5511645925412446134, 0.5792164110859276960, 0.6072682296306106675, 0.6353200481752936390, 0.6493459574476351248, 0.6633718667199766106, 0.6773977759923180963, 0.6914236852646595821, 0.7054495945370011789, 0.7194755038093426647, 0.7335014130816841504, 0.7475273223540257472, 0.7615532316263672330, 0.7755791408987087188 ),
 ( -0.007041536376147957549, 1.000000000000000000 ),
 .UNSPECIFIED. ) ;
#5329 = CARTESIAN_POINT ( 'NONE',  ( -74.81786955897563018, -18.61585330875697153, 1.000000000000000000 ) ) ;
#5330 = LINE ( 'NONE', #7594, #3163 ) ;
#5331 = ORIENTED_EDGE ( 'NONE', *, *, #8452, .T. ) ;
#5332 = VECTOR ( 'NONE', #4467, 999.9999999999998863 ) ;
#5333 = EDGE_LOOP ( 'NONE', ( #9216, #1372 ) ) ;
#5334 = VERTEX_POINT ( 'NONE', #4136 ) ;
#5335 = DIRECTION ( 'NONE',  ( -0.000000000000000000, 0.5244297790247111068, 0.8514537021307104769 ) ) ;
#5336 = EDGE_CURVE ( 'NONE', #9749, #1370, #3529, .T. ) ;
#5337 = CARTESIAN_POINT ( 'NONE',  ( 79.87102199254874790, -18.02576348785086324, 27.78235780902659258 ) ) ;
#5338 = CARTESIAN_POINT ( 'NONE',  ( 79.00000000000000000, -9.920120606961564495E-09, 1.085783689991117518 ) ) ;
#5339 = B_SPLINE_CURVE_WITH_KNOTS ( 'NONE', 3,
 ( #7374, #9717, #3619, #5008 ),
 .UNSPECIFIED., .F., .F.,
 ( 4, 4 ),
 ( -0.0009674661808244076899, 0.9980573390076590279 ),
 .UNSPECIFIED. ) ;
#5340 = DIRECTION ( 'NONE',  ( 0.000000000000000000, 0.8798963622018151076, 0.4751656466791471800 ) ) ;
#5341 = CARTESIAN_POINT ( 'NONE',  ( 17.00000000000000000, -48.95995949022800886, 43.37678982146587003 ) ) ;
#5342 = VERTEX_POINT ( 'NONE', #4226 ) ;
#5343 = VERTEX_POINT ( 'NONE', #6397 ) ;
#5344 = DIRECTION ( 'NONE',  ( -1.000000000000000000, -0.000000000000000000, -0.000000000000000000 ) ) ;
#5345 = AXIS2_PLACEMENT_3D ( 'NONE', #7462, #8409, #5192 ) ;
#5346 = CARTESIAN_POINT ( 'NONE',  ( -20.37688370499384050, 65.36970112285089840, 82.00000000000001421 ) ) ;
#5348 = EDGE_LOOP ( 'NONE', ( #8574, #1039, #8044, #2656 ) ) ;
#5347 = CARTESIAN_POINT ( 'NONE',  ( 33.32232879672930892, -17.61988542917695355, 43.62321017853579264 ) ) ;
#5349 = FACE_BOUND ( 'NONE', #1465, .T. ) ;
#5350 = LINE ( 'NONE', #3024, #9698 ) ;
#5351 = DIRECTION ( 'NONE',  ( -1.000000000000000000, -0.000000000000000000, -0.000000000000000000 ) ) ;
#5352 = CARTESIAN_POINT ( 'NONE',  ( 20.00000000000000000, 11.04053265811517193, 43.37678982146525186 ) ) ;
#5353 = VECTOR ( 'NONE', #9668, 1000.000000000000114 ) ;
#5354 = ORIENTED_EDGE ( 'NONE', *, *, #6280, .T. ) ;
#5355 = AXIS2_PLACEMENT_3D ( 'NONE', #7821, #9219, #7720 ) ;
#5356 = ORIENTED_EDGE ( 'NONE', *, *, #9246, .T. ) ;
#5357 = CARTESIAN_POINT ( 'NONE',  ( 17.00000000000000000, -37.62004947862467930, 13.62321017853600047 ) ) ;
#5358 = CARTESIAN_POINT ( 'NONE',  ( -53.10219769545491175, -47.19212317658577405, 27.74856797346090787 ) ) ;
#5359 = DIRECTION ( 'NONE',  ( -1.000000000000000000, -0.000000000000000000, -0.000000000000000000 ) ) ;
#5360 = CARTESIAN_POINT ( 'NONE',  ( 20.00000000000000000, 22.23817181023014911, 38.62321017853537342 ) ) ;
#5361 = CARTESIAN_POINT ( 'NONE',  ( -86.61694303722084953, 26.41669077093291662, 82.00000000000000000 ) ) ;
#5362 = EDGE_CURVE ( 'NONE', #426, #3055, #3477, .T. ) ;
#5363 = AXIS2_PLACEMENT_3D ( 'NONE', #7214, #440, #3463 ) ;
#5364 = ORIENTED_EDGE ( 'NONE', *, *, #5083, .F. ) ;
#5365 = LINE ( 'NONE', #3835, #2415 ) ;
#5366 = VECTOR ( 'NONE', #6989, 1000.000000000000114 ) ;
#5367 = EDGE_CURVE ( 'NONE', #2869, #3497, #5761, .T. ) ;
#5368 = ORIENTED_EDGE ( 'NONE', *, *, #3413, .T. ) ;
#5369 = CARTESIAN_POINT ( 'NONE',  ( -33.19100395245222046, 73.96294435844379223, 81.00000000000001421 ) ) ;
#5370 = ORIENTED_EDGE ( 'NONE', *, *, #3820, .F. ) ;
#5371 = CARTESIAN_POINT ( 'NONE',  ( 20.00000000000000000, 42.38060671916623789, 43.62321017853516736 ) ) ;
#5372 = CARTESIAN_POINT ( 'NONE',  ( -3.000000000000000000, 42.49999999999997158, 21.43860113793879663 ) ) ;
#5373 = DIRECTION ( 'NONE',  ( -1.000000000000000000, -0.000000000000000000, -0.000000000000000000 ) ) ;
#5374 = DIRECTION ( 'NONE',  ( 0.000000000000000000, -0.9995954257038592861, 0.02844266007110329841 ) ) ;
#5375 = LINE ( 'NONE', #6154, #5871 ) ;
#5376 = VECTOR ( 'NONE', #8515, 1000.000000000000114 ) ;
#5377 = CARTESIAN_POINT ( 'NONE',  ( 20.00000000000000000, -13.50316469948729292, 66.00000000000062528 ) ) ;
#5378 = DIRECTION ( 'NONE',  ( -1.000000000000000000, 0.000000000000000000, 0.000000000000000000 ) ) ;
#5379 = EDGE_CURVE ( 'NONE', #5743, #8394, #1997, .T. ) ;
#5380 = EDGE_CURVE ( 'NONE', #8284, #7974, #7431, .T. ) ;
#5381 = ORIENTED_EDGE ( 'NONE', *, *, #9652, .F. ) ;
#5382 = ORIENTED_EDGE ( 'NONE', *, *, #1488, .F. ) ;
#5383 = VECTOR ( 'NONE', #1415, 1000.000000000000000 ) ;
#5384 = EDGE_CURVE ( 'NONE', #8488, #5481, #5312, .T. ) ;
#5385 = ORIENTED_EDGE ( 'NONE', *, *, #7669, .T. ) ;
#5386 = PLANE ( 'NONE',  #7521 ) ;
#5387 = CARTESIAN_POINT ( 'NONE',  ( 81.71966075730058776, -24.24561701487305498, 54.96780631808029227 ) ) ;
#5388 = CARTESIAN_POINT ( 'NONE',  ( -78.00355334177822897, 22.00622193931607384, 27.77887167916300726 ) ) ;
#5389 = CARTESIAN_POINT ( 'NONE',  ( 17.94783496526074629, -66.63527234539958499, 81.00000000000000000 ) ) ;
#5390 = AXIS2_PLACEMENT_3D ( 'NONE', #5916, #8136, #1254 ) ;
#5391 = FACE_BOUND ( 'NONE', #1464, .T. ) ;
#5392 = EDGE_CURVE ( 'NONE', #5041, #6188, #6000, .T. ) ;
#5393 = ORIENTED_EDGE ( 'NONE', *, *, #751, .F. ) ;
#5394 = EDGE_CURVE ( 'NONE', #6409, #3880, #3646, .T. ) ;
#5395 = ORIENTED_EDGE ( 'NONE', *, *, #7838, .F. ) ;
#5396 = CARTESIAN_POINT ( 'NONE',  ( 20.00000000000000000, 46.49732744885589142, 66.00000000000000000 ) ) ;
#5397 = VECTOR ( 'NONE', #4721, 1000.000000000000000 ) ;
#5398 = CARTESIAN_POINT ( 'NONE',  ( 17.00000000000000000, 10.89826179862681066, 23.37678982146525186 ) ) ;
#5400 = ORIENTED_EDGE ( 'NONE', *, *, #6216, .T. ) ;
#5399 = FACE_OUTER_BOUND ( 'NONE', #3581, .T. ) ;
#5401 = DIRECTION ( 'NONE',  ( -0.000000000000000000, -0.8514537021307111431, 0.5244297790247101076 ) ) ;
#5402 = DIRECTION ( 'NONE',  ( 0.000000000000000000, 0.9999999996565578364, -2.620847431606588592E-05 ) ) ;
#5403 = CARTESIAN_POINT ( 'NONE',  ( 72.19878275005508783, 23.62142339274820202, 1.000000000000000000 ) ) ;
#5404 = CARTESIAN_POINT ( 'NONE',  ( 17.00000000000000000, 46.49732744885589142, 51.00000000000000711 ) ) ;
#5405 = VECTOR ( 'NONE', #1705, 1000.000000000000114 ) ;
#5406 = ORIENTED_EDGE ( 'NONE', *, *, #8816, .F. ) ;
#5407 = DIRECTION ( 'NONE',  ( 0.000000000000000000, -0.5244297790247101076, -0.8514537021307111431 ) ) ;
#5408 = AXIS2_PLACEMENT_3D ( 'NONE', #2802, #5723, #6407 ) ;
#5409 = AXIS2_PLACEMENT_3D ( 'NONE', #113, #1661, #8843 ) ;
#5410 = VERTEX_POINT ( 'NONE', #806 ) ;
#5411 = CARTESIAN_POINT ( 'NONE',  ( 33.32232879672930892, 2.238007760782423361, 38.62321017853557947 ) ) ;
#5412 = CARTESIAN_POINT ( 'NONE',  ( -2.529597074060281781, -64.05210081705145342, 54.92022232893198463 ) ) ;
#5413 = DIRECTION ( 'NONE',  ( 0.000000000000000000, 0.02844266007110470007, 0.9995954257038591750 ) ) ;
#5414 = CARTESIAN_POINT ( 'NONE',  ( 20.00000000000000000, -33.21878702995829968, 31.00000000000083134 ) ) ;
#5415 = CARTESIAN_POINT ( 'NONE',  ( 73.60725105401027690, -22.85089548932915804, 0.1899999999999999467 ) ) ;
#5416 = VECTOR ( 'NONE', #1886, 1000.000000000000000 ) ;
#5417 = VERTEX_POINT ( 'NONE', #608 ) ;
#5419 = AXIS2_PLACEMENT_3D ( 'NONE', #6003, #8378, #9172 ) ;
#5418 = CARTESIAN_POINT ( 'NONE',  ( 17.00000000000000000, -64.10548517918941513, 57.57956438298243995 ) ) ;
#5420 = ORIENTED_EDGE ( 'NONE', *, *, #4262, .T. ) ;
#5421 = CARTESIAN_POINT ( 'NONE',  ( -8.000000000000000000, 42.49999999999997158, 20.03860113793879805 ) ) ;
#5422 = ORIENTED_EDGE ( 'NONE', *, *, #4569, .T. ) ;
#5423 = CARTESIAN_POINT ( 'NONE',  ( 17.00000000000000000, -37.00000000000000711, 1.040619190461828936 ) ) ;
#5424 = DIRECTION ( 'NONE',  ( 0.000000000000000000, 0.8798963622018148856, 0.4751656466791477351 ) ) ;
#5425 = LINE ( 'NONE', #6202, #6015 ) ;
#5426 = CIRCLE ( 'NONE', #7792, 1.399999999999998579 ) ;
#5427 = CARTESIAN_POINT ( 'NONE',  ( 17.00000000000000000, -13.50316469948729292, 21.00000000000062528 ) ) ;
#5428 = CARTESIAN_POINT ( 'NONE',  ( 15.29433110524837325, 56.84280111720307360, 0.5416140867748552301 ) ) ;
#5429 = CARTESIAN_POINT ( 'NONE',  ( -62.94221249657260131, -35.04856709082661581, 1.000000000000000000 ) ) ;
#5430 = CARTESIAN_POINT ( 'NONE',  ( 33.32232879672930892, 42.38060671916623789, 73.62321017853516025 ) ) ;
#5431 = EDGE_CURVE ( 'NONE', #6456, #293, #2191, .T. ) ;
#5432 = B_SPLINE_CURVE_WITH_KNOTS ( 'NONE', 1,
 ( #703, #6642 ),
 .UNSPECIFIED., .F., .F.,
 ( 2, 2 ),
 ( 0.000000000000000000, 0.9876543209876543772 ),
 .UNSPECIFIED. ) ;
#5433 = VECTOR ( 'NONE', #7709, 1000.000000000000114 ) ;
#5434 = EDGE_LOOP ( 'NONE', ( #1048, #3823, #9058, #4241, #1111, #2816 ) ) ;
#5435 = ORIENTED_EDGE ( 'NONE', *, *, #6259, .T. ) ;
#5436 = VERTEX_POINT ( 'NONE', #5211 ) ;
#5437 = CARTESIAN_POINT ( 'NONE',  ( 20.00000000000000355, -56.10835606121674601, 1.041251033692674799 ) ) ;
#5438 = EDGE_CURVE ( 'NONE', #6264, #5726, #9674, .T. ) ;
#5439 = EDGE_CURVE ( 'NONE', #4138, #8953, #5432, .T. ) ;
#5440 = CARTESIAN_POINT ( 'NONE',  ( 87.02712433039806683, -10.87869538311901607, 54.97752830912712341 ) ) ;
#5441 = CARTESIAN_POINT ( 'NONE',  ( -78.93340724503558192, -1.831379287315748616, 0.5999778978594256795 ) ) ;
#5442 = CARTESIAN_POINT ( 'NONE',  ( -22.62952117176525135, 65.03224437444826833, 82.11276239167155211 ) ) ;
#5443 = ADVANCED_FACE ( 'NONE', ( #3778 ), #2340, .T. ) ;
#5444 = LINE ( 'NONE', #2959, #198 ) ;
#5445 = ORIENTED_EDGE ( 'NONE', *, *, #7309, .T. ) ;
#5446 = ORIENTED_EDGE ( 'NONE', *, *, #3249, .T. ) ;
#5447 = CARTESIAN_POINT ( 'NONE',  ( 86.45791978843452341, -26.37310446997210178, 81.00000000000000000 ) ) ;
#5448 = LINE ( 'NONE', #7063, #2019 ) ;
#5449 = EDGE_CURVE ( 'NONE', #6892, #8732, #8426, .T. ) ;
#5451 = ORIENTED_EDGE ( 'NONE', *, *, #4569, .F. ) ;
#5450 = PLANE ( 'NONE',  #2238 ) ;
#5452 = DIRECTION ( 'NONE',  ( 0.000000000000000000, -0.8798963622018147746, -0.4751656466791477906 ) ) ;
#5453 = DIRECTION ( 'NONE',  ( 0.000000000000000000, -0.02844266007110470007, -0.9995954257038591750 ) ) ;
#5454 = VECTOR ( 'NONE', #8134, 1000.000000000000114 ) ;
#5455 = LINE ( 'NONE', #5546, #7105 ) ;
#5456 = EDGE_CURVE ( 'NONE', #5056, #6311, #1651, .T. ) ;
#5457 = CARTESIAN_POINT ( 'NONE',  ( 20.00000000000000000, 11.04053265811517193, 13.37678982146525186 ) ) ;
#5458 = ORIENTED_EDGE ( 'NONE', *, *, #2631, .F. ) ;
#5459 = DIRECTION ( 'NONE',  ( 0.000000000000000000, 0.8514537021307111431, -0.5244297790247101076 ) ) ;
#5460 = EDGE_CURVE ( 'NONE', #5552, #120, #3283, .T. ) ;
#5461 = VERTEX_POINT ( 'NONE', #3922 ) ;
#5462 = CARTESIAN_POINT ( 'NONE',  ( 20.00000000000000000, -49.10223034971637190, 68.37678982146587714 ) ) ;
#5463 = CARTESIAN_POINT ( 'NONE',  ( -27.65986142645604673, -64.07775500925002632, 82.11388861660972793 ) ) ;
#5464 = PLANE ( 'NONE',  #8711 ) ;
#5465 = FACE_OUTER_BOUND ( 'NONE', #1109, .T. ) ;
#5466 = CARTESIAN_POINT ( 'NONE',  ( -73.60725105401027690, 22.85089548932916514, 0.1899999999999999467 ) ) ;
#5467 = ORIENTED_EDGE ( 'NONE', *, *, #8095, .F. ) ;
#5468 = CARTESIAN_POINT ( 'NONE',  ( 20.00000000000000000, 31.04069670756290122, 58.37678982146503870 ) ) ;
#5469 = ORIENTED_EDGE ( 'NONE', *, *, #7357, .F. ) ;
#5470 = CARTESIAN_POINT ( 'NONE',  ( 33.32232879672930892, 26.49716339940816567, 21.00000000000020961 ) ) ;
#5471 = ORIENTED_EDGE ( 'NONE', *, *, #6637, .T. ) ;
#5472 = DIRECTION ( 'NONE',  ( 0.000000000000000000, -0.8798963622018151076, -0.4751656466791471800 ) ) ;
#5473 = CARTESIAN_POINT ( 'NONE',  ( 145.9104477611939785, 46.60928061002636014, 82.00000000000000000 ) ) ;
#5474 = CARTESIAN_POINT ( 'NONE',  ( 33.32232879672930892, -17.76215628866530949, 53.62321017853578553 ) ) ;
#5475 = DIRECTION ( 'NONE',  ( 0.000000000000000000, -0.8798963622018152186, -0.4751656466791470135 ) ) ;
#5476 = LINE ( 'NONE', #7592, #9665 ) ;
#5477 = LINE ( 'NONE', #4582, #348 ) ;
#5478 = CARTESIAN_POINT ( 'NONE',  ( 20.00000000000000000, -33.50332874893501867, 66.00000000000083844 ) ) ;
#5479 = VECTOR ( 'NONE', #7954, 1000.000000000000114 ) ;
#5480 = VERTEX_POINT ( 'NONE', #9122 ) ;
#5481 = VERTEX_POINT ( 'NONE', #8520 ) ;
#5482 = ORIENTED_EDGE ( 'NONE', *, *, #9236, .T. ) ;
#5483 = LINE ( 'NONE', #4734, #1357 ) ;
#5484 = VERTEX_POINT ( 'NONE', #3185 ) ;
#5485 = CARTESIAN_POINT ( 'NONE',  ( 81.40381600114746163, -24.79830180978234111, 54.96728337360712402 ) ) ;
#5486 = CARTESIAN_POINT ( 'NONE',  ( -90.16305165196428106, 16.59421363184808484, 82.16480013737557897 ) ) ;
#5487 = PLANE ( 'NONE',  #8560 ) ;
#5488 = CARTESIAN_POINT ( 'NONE',  ( -25.70321288990101749, 64.43325983606580110, 82.11347213929009570 ) ) ;
#5489 = CYLINDRICAL_SURFACE ( 'NONE', #4005, 1.399999999999998579 ) ;
#5490 = ORIENTED_EDGE ( 'NONE', *, *, #4111, .T. ) ;
#5491 = ORIENTED_EDGE ( 'NONE', *, *, #9725, .T. ) ;
#5492 = CARTESIAN_POINT ( 'NONE',  ( 33.32232879672930892, 42.23833585967788196, 38.62321017853516736 ) ) ;
#5493 = EDGE_CURVE ( 'NONE', #934, #2559, #3182, .T. ) ;
#5494 = DIRECTION ( 'NONE',  ( 0.000000000000000000, 0.02844266007110328107, 0.9995954257038591750 ) ) ;
#5495 = CARTESIAN_POINT ( 'NONE',  ( 17.00000000000000000, -29.10206630026864616, 23.37678982146566753 ) ) ;
#5496 = CARTESIAN_POINT ( 'NONE',  ( -94.00000000000000000, 46.96259812575245007, 82.00000000000000000 ) ) ;
#5497 = FACE_OUTER_BOUND ( 'NONE', #8849, .T. ) ;
#5498 = CARTESIAN_POINT ( 'NONE',  ( -35.28086935960658366, 51.89561219649809232, 1.000000000000000000 ) ) ;
#5499 = DIRECTION ( 'NONE',  ( 0.000000000000000000, 0.8798963622018151076, 0.4751656466791471800 ) ) ;
#5500 = ADVANCED_FACE ( 'NONE', ( #6466 ), #8003, .T. ) ;
#5501 = EDGE_CURVE ( 'NONE', #1601, #7730, #6612, .T. ) ;
#5502 = ADVANCED_FACE ( 'NONE', ( #4202 ), #1972, .F. ) ;
#5503 = ORIENTED_EDGE ( 'NONE', *, *, #2235, .T. ) ;
#5504 = CARTESIAN_POINT ( 'NONE',  ( 20.00000000000000000, 0.000000000000000000, 81.00000000000000000 ) ) ;
#5505 = ORIENTED_EDGE ( 'NONE', *, *, #3141, .F. ) ;
#5506 = DIRECTION ( 'NONE',  ( 0.000000000000000000, 0.9995954257038592861, -0.02844266007110470354 ) ) ;
#5507 = CARTESIAN_POINT ( 'NONE',  ( 20.00000000000000000, -57.99843505709356606, 1.041300569779510354 ) ) ;
#5508 = FACE_OUTER_BOUND ( 'NONE', #5799, .T. ) ;
#5509 = VECTOR ( 'NONE', #2055, 1000.000000000000000 ) ;
#5510 = DIRECTION ( 'NONE',  ( 1.000000000000000000, -0.000000000000000000, -0.000000000000000000 ) ) ;
#5511 = DIRECTION ( 'NONE',  ( -0.000000000000000000, -0.8514537021307108100, 0.5244297790247106628 ) ) ;
#5512 = EDGE_LOOP ( 'NONE', ( #6089, #7154, #7820 ) ) ;
#5513 = LINE ( 'NONE', #2589, #9522 ) ;
#5514 = ORIENTED_EDGE ( 'NONE', *, *, #8495, .T. ) ;
#5515 = LINE ( 'NONE', #6386, #4610 ) ;
#5516 = VECTOR ( 'NONE', #375, 999.9999999999998863 ) ;
#5517 = ORIENTED_EDGE ( 'NONE', *, *, #2657, .F. ) ;
#5518 = CARTESIAN_POINT ( 'NONE',  ( 33.32232879672930892, -37.62004947862467930, 28.62321017853600225 ) ) ;
#5519 = CARTESIAN_POINT ( 'NONE',  ( 33.32232879672930892, -17.76215628866530949, 38.62321017853578553 ) ) ;
#5520 = FACE_OUTER_BOUND ( 'NONE', #6144, .T. ) ;
#5521 = CARTESIAN_POINT ( 'NONE',  ( 33.32232879672930892, -48.95995949022800886, 58.37678982146587003 ) ) ;
#5522 = CARTESIAN_POINT ( 'NONE',  ( 39.70041929172788286, 50.28023016257465372, 1.086298991543279024 ) ) ;
#5523 = CARTESIAN_POINT ( 'NONE',  ( -4.483546446368782412, -58.00019630804089843, 1.000000000000000222 ) ) ;
#5524 = CARTESIAN_POINT ( 'NONE',  ( 33.32232879672930892, -53.21895107940602543, 31.00000000000104095 ) ) ;
#5525 = VECTOR ( 'NONE', #6272, 1000.000000000000227 ) ;
#5526 = VERTEX_POINT ( 'NONE', #6666 ) ;
#5527 = VERTEX_POINT ( 'NONE', #3505 ) ;
#5528 = VERTEX_POINT ( 'NONE', #4989 ) ;
#5529 = CARTESIAN_POINT ( 'NONE',  ( 20.00000000000000000, -33.21878702995829968, 16.00000000000083134 ) ) ;
#5530 = VECTOR ( 'NONE', #5104, 1000.000000000000000 ) ;
#5531 = ORIENTED_EDGE ( 'NONE', *, *, #6468, .F. ) ;
#5532 = CARTESIAN_POINT ( 'NONE',  ( 78.38245309401408178, -7.221043812449999599, 0.5987078062585614591 ) ) ;
#5533 = CARTESIAN_POINT ( 'NONE',  ( -78.89548499902888068, 2.564187241257613437, 0.5998889745700930476 ) ) ;
#5534 = PLANE ( 'NONE',  #4613 ) ;
#5535 = CARTESIAN_POINT ( 'NONE',  ( -31.66351503027942726, 53.06942115926108272, 0.5531290464062271761 ) ) ;
#5536 = CARTESIAN_POINT ( 'NONE',  ( 33.32232879672930892, -8.959631391332559147, 28.37678982146545792 ) ) ;
#5537 = AXIS2_PLACEMENT_3D ( 'NONE', #1125, #3960, #5595 ) ;
#5538 = ORIENTED_EDGE ( 'NONE', *, *, #4527, .T. ) ;
#5539 = ORIENTED_EDGE ( 'NONE', *, *, #7926, .T. ) ;
#5540 = CARTESIAN_POINT ( 'NONE',  ( 33.32232879672930892, 26.78170511838488466, 61.00000000000020606 ) ) ;
#5541 = DIRECTION ( 'NONE',  ( -0.000000000000000000, -0.8514537021307111431, 0.5244297790247101076 ) ) ;
#5542 = AXIS2_PLACEMENT_3D ( 'NONE', #7256, #8846, #5884 ) ;
#5543 = DIRECTION ( 'NONE',  ( -1.000000000000000000, 0.000000000000000000, 0.000000000000000000 ) ) ;
#5544 = DIRECTION ( 'NONE',  ( 0.000000000000000000, 0.8798963622018151076, 0.4751656466791471800 ) ) ;
#5545 = DIRECTION ( 'NONE',  ( 0.000000000000000000, -0.02844266007110329494, -0.9995954257038591750 ) ) ;
#5546 = CARTESIAN_POINT ( 'NONE',  ( 17.00000000000000000, 30.89842584807453818, 68.37678982146503870 ) ) ;
#5547 = CARTESIAN_POINT ( 'NONE',  ( 20.00000000000000000, 6.781541068937156247, 31.00000000000041567 ) ) ;
#5548 = EDGE_CURVE ( 'NONE', #3105, #9344, #5184, .T. ) ;
#5549 = AXIS2_PLACEMENT_3D ( 'NONE', #6722, #6080, #7409 ) ;
#5550 = ORIENTED_EDGE ( 'NONE', *, *, #7457, .F. ) ;
#5551 = CARTESIAN_POINT ( 'NONE',  ( 20.00000000000000000, 42.23833585967788196, 38.62321017853516736 ) ) ;
#5552 = VERTEX_POINT ( 'NONE', #5140 ) ;
#5553 = PLANE ( 'NONE',  #5355 ) ;
#5554 = EDGE_CURVE ( 'NONE', #9760, #6131, #7328, .T. ) ;
#5555 = VECTOR ( 'NONE', #8481, 1000.000000000000000 ) ;
#5556 = EDGE_CURVE ( 'NONE', #8542, #5334, #9700, .T. ) ;
#5557 = CARTESIAN_POINT ( 'NONE',  ( 17.00000000000000000, 26.78170511838488466, 61.00000000000020606 ) ) ;
#5558 = CARTESIAN_POINT ( 'NONE',  ( 20.00000000000000000, 2.238007760782423361, 38.62321017853557947 ) ) ;
#5559 = DIRECTION ( 'NONE',  ( -0.000000000000000000, 0.5244297790247111068, 0.8514537021307104769 ) ) ;
#5560 = CARTESIAN_POINT ( 'NONE',  ( -26.96193589478339447, -54.54924365143423870, 1.057837545172830129 ) ) ;
#5561 = EDGE_CURVE ( 'NONE', #227, #3325, #1269, .T. ) ;
#5562 = VECTOR ( 'NONE', #1460, 1000.000000000000000 ) ;
#5563 = ORIENTED_EDGE ( 'NONE', *, *, #2835, .F. ) ;
#5564 = CARTESIAN_POINT ( 'NONE',  ( 33.32232879672930892, 30.89842584807453818, 23.37678982146504225 ) ) ;
#5565 = ORIENTED_EDGE ( 'NONE', *, *, #5190, .T. ) ;
#5566 = FACE_OUTER_BOUND ( 'NONE', #9272, .T. ) ;
#5567 = ORIENTED_EDGE ( 'NONE', *, *, #4882, .T. ) ;
#5568 = CARTESIAN_POINT ( 'NONE',  ( 33.32232879672930892, 42.38060671916623789, 13.62321017853516736 ) ) ;
#5569 = CARTESIAN_POINT ( 'NONE',  ( -3.000000000000000000, -34.50000000000007816, 16.04061919046182538 ) ) ;
#5570 = PLANE ( 'NONE',  #3491 ) ;
#5571 = ADVANCED_FACE ( 'NONE', ( #5781 ), #8899, .F. ) ;
#5572 = CARTESIAN_POINT ( 'NONE',  ( -11.65267988265761190, 131.4460094002760400, 0.1899999999999999467 ) ) ;
#5573 = CARTESIAN_POINT ( 'NONE',  ( -68.63811641573450117, 28.94871503503686228, 0.9999999999999997780 ) ) ;
#5574 = VECTOR ( 'NONE', #7623, 1000.000000000000114 ) ;
#5575 = CARTESIAN_POINT ( 'NONE',  ( -59.62707948024776528, -38.22108882253243678, 1.086298605844411957 ) ) ;
#5576 = DIRECTION ( 'NONE',  ( 0.000000000000000000, 0.000000000000000000, 1.000000000000000000 ) ) ;
#5577 = ADVANCED_FACE ( 'NONE', ( #8949 ), #2122, .F. ) ;
#5578 = VECTOR ( 'NONE', #3729, 1000.000000000000000 ) ;
#5579 = ORIENTED_EDGE ( 'NONE', *, *, #2246, .F. ) ;
#5580 = DIRECTION ( 'NONE',  ( 0.000000000000000000, -0.5244297790247101076, -0.8514537021307111431 ) ) ;
#5581 = ORIENTED_EDGE ( 'NONE', *, *, #7615, .F. ) ;
#5582 = CARTESIAN_POINT ( 'NONE',  ( 20.00000000000000000, -37.76232033811303523, 53.62321017853599869 ) ) ;
#5583 = AXIS2_PLACEMENT_3D ( 'NONE', #6780, #3821, #2231 ) ;
#5584 = ORIENTED_EDGE ( 'NONE', *, *, #5933, .T. ) ;
#5585 = CARTESIAN_POINT ( 'NONE',  ( 82.86564591108788136, 8.139882401012247470, 27.78843497286567654 ) ) ;
#5586 = CARTESIAN_POINT ( 'NONE',  ( -82.71158379073888511, 9.185136466229126384, 27.78809002134415351 ) ) ;
#5587 = CARTESIAN_POINT ( 'NONE',  ( 33.32232879672930892, -48.95995949022800886, 43.37678982146587003 ) ) ;
#5588 = CARTESIAN_POINT ( 'NONE',  ( -15.50116921237996692, 63.02997460198316304, 54.92356173918746975 ) ) ;
#5589 = VERTEX_POINT ( 'NONE', #3650 ) ;
#5590 = EDGE_LOOP ( 'NONE', ( #6524, #8903, #8538, #6977 ) ) ;
#5591 = CARTESIAN_POINT ( 'NONE',  ( 78.75657399901622568, -4.639122670676417926, 1.085495999916739063 ) ) ;
#5592 = CARTESIAN_POINT ( 'NONE',  ( 35.04538758792732267, -51.93932454854234493, 0.5485422996313116251 ) ) ;
#5593 = DIRECTION ( 'NONE',  ( -0.000000000000000000, -0.000000000000000000, -1.000000000000000000 ) ) ;
#5594 = CARTESIAN_POINT ( 'NONE',  ( 33.32232879672930892, -48.95995949022800886, 13.37678982146587714 ) ) ;
#5595 = DIRECTION ( 'NONE',  ( 0.000000000000000000, -0.02844266007110327760, -0.9995954257038591750 ) ) ;
#5596 = DIRECTION ( 'NONE',  ( 0.000000000000000000, -0.4751656466791475131, 0.8798963622018149966 ) ) ;
#5597 = ORIENTED_EDGE ( 'NONE', *, *, #4838, .T. ) ;
#5598 = ORIENTED_EDGE ( 'NONE', *, *, #4285, .F. ) ;
#5599 = CARTESIAN_POINT ( 'NONE',  ( 17.94783496526074629, -66.63527234539958499, 81.00000000000000000 ) ) ;
#5600 = EDGE_CURVE ( 'NONE', #2144, #3701, #1219, .T. ) ;
#5601 = ORIENTED_EDGE ( 'NONE', *, *, #723, .T. ) ;
#5602 = CARTESIAN_POINT ( 'NONE',  ( 11.99999999999994138, 45.00000000000000000, 1.038601137938794494 ) ) ;
#5603 = CARTESIAN_POINT ( 'NONE',  ( 33.32232879672930892, 10.89826179862681066, 38.37678982146525186 ) ) ;
#5604 = CARTESIAN_POINT ( 'NONE',  ( 33.32232879672930892, -49.10223034971637190, 23.37678982146587714 ) ) ;
#5605 = DIRECTION ( 'NONE',  ( 0.000000000000000000, -0.8514537021307104769, 0.5244297790247111068 ) ) ;
#5606 = ORIENTED_EDGE ( 'NONE', *, *, #6441, .F. ) ;
#5607 = CARTESIAN_POINT ( 'NONE',  ( -3.000000000000000000, 42.49999999999990052, 8.638601137938801244 ) ) ;
#5608 = EDGE_LOOP ( 'NONE', ( #2724, #9178, #1751, #1165 ) ) ;
#5609 = CARTESIAN_POINT ( 'NONE',  ( -13.06933468193641268, -66.34053516217677782, 81.99999999999997158 ) ) ;
#5610 = EDGE_CURVE ( 'NONE', #8234, #3770, #3550, .T. ) ;
#5611 = VERTEX_POINT ( 'NONE', #9592 ) ;
#5612 = CARTESIAN_POINT ( 'NONE',  ( 17.00000000000000000, -53.50349279838276573, 21.00000000000104095 ) ) ;
#5613 = CARTESIAN_POINT ( 'NONE',  ( 20.00000000000000000, 22.38044266971850504, 43.62321017853537342 ) ) ;
#5614 = CARTESIAN_POINT ( 'NONE',  ( 17.00000000000000000, 22.38044266971850504, 58.62321017853537342 ) ) ;
#5615 = CARTESIAN_POINT ( 'NONE',  ( -11.67178763303252609, 131.6468887242600374, 1.000000000000000000 ) ) ;
#5616 = CARTESIAN_POINT ( 'NONE',  ( -5.187718487321403948, 58.00000000032920155, 1.000000000000000000 ) ) ;
#5617 = CARTESIAN_POINT ( 'NONE',  ( 12.37568203421379565, -57.28914321684036537, 0.9999999999999997780 ) ) ;
#5618 = CARTESIAN_POINT ( 'NONE',  ( 17.00000000000000000, -57.62021352807240504, 73.62321017853621186 ) ) ;
#5619 = ADVANCED_FACE ( 'NONE', ( #8749 ), #1366, .F. ) ;
#5620 = EDGE_CURVE ( 'NONE', #4976, #3230, #4392, .T. ) ;
#5621 = ORIENTED_EDGE ( 'NONE', *, *, #575, .F. ) ;
#5622 = EDGE_LOOP ( 'NONE', ( #1958, #5237, #8085, #2320 ) ) ;
#5623 = VERTEX_POINT ( 'NONE', #8252 ) ;
#5624 = CARTESIAN_POINT ( 'NONE',  ( 33.32232879672930892, -48.95995949022800886, 58.37678982146587003 ) ) ;
#5625 = EDGE_CURVE ( 'NONE', #1653, #5410, #8198, .T. ) ;
#5626 = ORIENTED_EDGE ( 'NONE', *, *, #4046, .T. ) ;
#5627 = CARTESIAN_POINT ( 'NONE',  ( 78.99357272260512275, 1.428684296301566903, 0.6001294440212265879 ) ) ;
#5628 = CARTESIAN_POINT ( 'NONE',  ( -76.66973770743274486, -13.71533060326364684, 0.5949680542620416901 ) ) ;
#5629 = CARTESIAN_POINT ( 'NONE',  ( 72.67834936114098809, 22.78559113608737263, 1.079174446659823428 ) ) ;
#5630 = CARTESIAN_POINT ( 'NONE',  ( -45.26992005069396896, 54.96573120560097436, 54.93372012778031888 ) ) ;
#5631 = EDGE_LOOP ( 'NONE', ( #4833, #3357 ) ) ;
#5632 = EDGE_CURVE ( 'NONE', #7785, #9015, #9368, .T. ) ;
#5633 = ORIENTED_EDGE ( 'NONE', *, *, #4348, .F. ) ;
#5634 = EDGE_LOOP ( 'NONE', ( #7509, #1599, #1411, #8964 ) ) ;
#5635 = CARTESIAN_POINT ( 'NONE',  ( 78.84787956256411690, -3.712484393140902394, 1.085603597775722573 ) ) ;
#5636 = VECTOR ( 'NONE', #2459, 1000.000000000000000 ) ;
#5637 = CARTESIAN_POINT ( 'NONE',  ( 17.00000000000000000, 11.04053265811517193, 28.37678982146524831 ) ) ;
#5638 = CARTESIAN_POINT ( 'NONE',  ( 19.98403368927404600, 66.44553104254627840, 82.00000000000000000 ) ) ;
#5639 = CARTESIAN_POINT ( 'NONE',  ( 20.00000000000000000, -57.62021352807240504, 58.62321017853621186 ) ) ;
#5640 = CARTESIAN_POINT ( 'NONE',  ( -73.31736612330226421, 21.61162100154886545, 1.000000000000000000 ) ) ;
#5641 = FACE_OUTER_BOUND ( 'NONE', #1857, .T. ) ;
#5642 = ORIENTED_EDGE ( 'NONE', *, *, #9188, .T. ) ;
#5643 = ORIENTED_EDGE ( 'NONE', *, *, #6738, .F. ) ;
#5644 = DIRECTION ( 'NONE',  ( 0.000000000000000000, -0.9995954257038592861, 0.02844266007110329841 ) ) ;
#5645 = VERTEX_POINT ( 'NONE', #3752 ) ;
#5646 = CARTESIAN_POINT ( 'NONE',  ( -44.23559930785835803, -75.90223183287531583, 81.00000000000000000 ) ) ;
#5647 = DIRECTION ( 'NONE',  ( 1.000000000000000000, -0.000000000000000000, 0.000000000000000000 ) ) ;
#5648 = LINE ( 'NONE', #4168, #978 ) ;
#5649 = CARTESIAN_POINT ( 'NONE',  ( 17.00000000000000000, 10.89826179862681066, 38.37678982146525186 ) ) ;
#5650 = CARTESIAN_POINT ( 'NONE',  ( -3.000000000000000000, -34.50000000000011369, 9.640619190461830357 ) ) ;
#5651 = ORIENTED_EDGE ( 'NONE', *, *, #1815, .F. ) ;
#5652 = CARTESIAN_POINT ( 'NONE',  ( 107.3293336071859869, 9.447717118472446884, 81.00000000000001421 ) ) ;
#5653 = VECTOR ( 'NONE', #4282, 1000.000000000000114 ) ;
#5654 = ORIENTED_EDGE ( 'NONE', *, *, #1142, .F. ) ;
#5655 = CYLINDRICAL_SURFACE ( 'NONE', #5860, 1.399999999999998579 ) ;
#5656 = LINE ( 'NONE', #4819, #8663 ) ;
#5657 = CARTESIAN_POINT ( 'NONE',  ( 20.00000000000000000, 46.49732744885589142, 36.00000000000000711 ) ) ;
#5658 = CARTESIAN_POINT ( 'NONE',  ( 76.49822795492116256, 14.95423145175782409, 0.9999999999999995559 ) ) ;
#5659 = CARTESIAN_POINT ( 'NONE',  ( -76.49822795170280187, -14.95423146056876540, 1.086298605844412402 ) ) ;
#5660 = LINE ( 'NONE', #2692, #7746 ) ;
#5661 = ADVANCED_FACE ( 'NONE', ( #9794 ), #1471, .F. ) ;
#5662 = AXIS2_PLACEMENT_3D ( 'NONE', #5569, #7137, #365 ) ;
#5663 = VERTEX_POINT ( 'NONE', #8994 ) ;
#5664 = ORIENTED_EDGE ( 'NONE', *, *, #3273, .F. ) ;
#5665 = ORIENTED_EDGE ( 'NONE', *, *, #4394, .T. ) ;
#5666 = LINE ( 'NONE', #4141, #4719 ) ;
#5667 = ORIENTED_EDGE ( 'NONE', *, *, #6887, .F. ) ;
#5668 = CARTESIAN_POINT ( 'NONE',  ( 88.28406454553402227, -1.693989759152115804, 54.98012721353226340 ) ) ;
#5669 = VECTOR ( 'NONE', #8958, 1000.000000000000000 ) ;
#5670 = CARTESIAN_POINT ( 'NONE',  ( -83.47554749985368971, -4.315870879461747300, 27.78974756679696867 ) ) ;
#5671 = EDGE_CURVE ( 'NONE', #6591, #8100, #2213, .T. ) ;
#5672 = EDGE_CURVE ( 'NONE', #5902, #5526, #6025, .T. ) ;
#5673 = CARTESIAN_POINT ( 'NONE',  ( 33.32232879672930892, -13.50316469948729292, 51.00000000000062528 ) ) ;
#5674 = DIRECTION ( 'NONE',  ( -1.000000000000000000, -0.000000000000000000, -0.000000000000000000 ) ) ;
#5675 = EDGE_CURVE ( 'NONE', #3929, #9149, #2270, .T. ) ;
#5676 = ORIENTED_EDGE ( 'NONE', *, *, #597, .F. ) ;
#5677 = VECTOR ( 'NONE', #5137, 1000.000000000000000 ) ;
#5678 = CIRCLE ( 'NONE', #9607, 1.399999999999998579 ) ;
#5679 = ORIENTED_EDGE ( 'NONE', *, *, #144, .T. ) ;
#5680 = CARTESIAN_POINT ( 'NONE',  ( 62.26679141232570913, -35.71624757386732085, 1.071177937346686315 ) ) ;
#5681 = LINE ( 'NONE', #1215, #1768 ) ;
#5682 = DIRECTION ( 'NONE',  ( 0.000000000000000000, -0.02844266007110327760, -0.9995954257038591750 ) ) ;
#5683 = DIRECTION ( 'NONE',  ( -1.000000000000000000, -0.000000000000000000, -0.000000000000000000 ) ) ;
#5684 = ADVANCED_FACE ( 'NONE', ( #3707 ), #780, .F. ) ;
#5685 = CARTESIAN_POINT ( 'NONE',  ( 20.00000000000000000, -28.95979544078028312, 13.37678982146566931 ) ) ;
#5686 = CARTESIAN_POINT ( 'NONE',  ( 20.00000000000000000, -8.959631391332559147, 28.37678982146545792 ) ) ;
#5687 = EDGE_CURVE ( 'NONE', #538, #2197, #2901, .T. ) ;
#5688 = EDGE_LOOP ( 'NONE', ( #6604, #2112, #1224, #8098, #3414, #5144 ) ) ;
#5689 = AXIS2_PLACEMENT_3D ( 'NONE', #5524, #3989, #6207 ) ;
#5690 =( BOUNDED_CURVE ( )  B_SPLINE_CURVE ( 3, ( #2954, #5181, #9742, #5929 ),
 .UNSPECIFIED., .F., .F. ) 
 B_SPLINE_CURVE_WITH_KNOTS ( ( 4, 4 ),
 ( 3.141592653589793116, 6.283185307179586232 ),
 .UNSPECIFIED. ) 
 CURVE ( )  GEOMETRIC_REPRESENTATION_ITEM ( )  RATIONAL_B_SPLINE_CURVE ( ( 1.000000000000000000, 0.3333333333333333703, 0.3333333333333333703, 1.000000000000000000 ) ) 
 REPRESENTATION_ITEM ( '' )  );
#5691 = ORIENTED_EDGE ( 'NONE', *, *, #1316, .F. ) ;
#5692 = LINE ( 'NONE', #1689, #3445 ) ;
#5693 = ORIENTED_EDGE ( 'NONE', *, *, #6699, .T. ) ;
#5694 = DIRECTION ( 'NONE',  ( -1.000000000000000000, -0.000000000000000000, -0.000000000000000000 ) ) ;
#5695 = AXIS2_PLACEMENT_3D ( 'NONE', #3993, #4185, #3435 ) ;
#5696 = CARTESIAN_POINT ( 'NONE',  ( 17.00000000000001776, 65.86347318203229406, 82.00000000000001421 ) ) ;
#5697 = DIRECTION ( 'NONE',  ( -1.000000000000000000, -0.000000000000000000, -0.000000000000000000 ) ) ;
#5698 = DIRECTION ( 'NONE',  ( -1.000000000000000000, 0.000000000000000000, 0.000000000000000000 ) ) ;
#5699 = VECTOR ( 'NONE', #8868, 1000.000000000000000 ) ;
#5700 = VECTOR ( 'NONE', #8829, 1000.000000000000000 ) ;
#5701 = DIRECTION ( 'NONE',  ( 0.000000000000000000, -0.02844266007110470007, -0.9995954257038591750 ) ) ;
#5702 = ORIENTED_EDGE ( 'NONE', *, *, #4104, .T. ) ;
#5703 = CARTESIAN_POINT ( 'NONE',  ( 9.989819480948410657, -66.65448435123443005, 82.00000000000001421 ) ) ;
#5704 = VECTOR ( 'NONE', #404, 1000.000000000000114 ) ;
#5705 = ORIENTED_EDGE ( 'NONE', *, *, #1185, .F. ) ;
#5706 = LINE ( 'NONE', #6292, #8545 ) ;
#5707 = CARTESIAN_POINT ( 'NONE',  ( 20.00000000000000000, -49.10223034971637190, 23.37678982146587714 ) ) ;
#5708 = LINE ( 'NONE', #7477, #4754 ) ;
#5709 = CARTESIAN_POINT ( 'NONE',  ( -39.70041927991210429, 50.28023016760729291, 1.086298991543278580 ) ) ;
#5710 = CARTESIAN_POINT ( 'NONE',  ( 72.15760308390579780, -23.68796381070533386, 1.000000000000000222 ) ) ;
#5711 = CARTESIAN_POINT ( 'NONE',  ( 33.32232879672930892, -17.61988542917695355, 43.62321017853579264 ) ) ;
#5712 = AXIS2_PLACEMENT_3D ( 'NONE', #3036, #7631, #5413 ) ;
#5713 = VERTEX_POINT ( 'NONE', #5124 ) ;
#5714 = LINE ( 'NONE', #1955, #4102 ) ;
#5715 = ORIENTED_EDGE ( 'NONE', *, *, #7858, .F. ) ;
#5716 = DIRECTION ( 'NONE',  ( -1.000000000000000000, -0.000000000000000000, -0.000000000000000000 ) ) ;
#5717 = ORIENTED_EDGE ( 'NONE', *, *, #9793, .T. ) ;
#5718 = DIRECTION ( 'NONE',  ( 0.000000000000000000, -0.02844266007110466538, -0.9995954257038591750 ) ) ;
#5719 = AXIS2_PLACEMENT_3D ( 'NONE', #5673, #4237, #1912 ) ;
#5720 = CARTESIAN_POINT ( 'NONE',  ( 69.12461078872996723, 27.93731133870584671, 0.5811339617543099800 ) ) ;
#5721 = ADVANCED_FACE ( 'NONE', ( #9577 ), #564, .F. ) ;
#5722 = CARTESIAN_POINT ( 'NONE',  ( -83.03813738012959789, -30.35372838746554436, 82.15313903912495164 ) ) ;
#5723 = DIRECTION ( 'NONE',  ( 0.000000000000000000, 0.9995954257038592861, -0.02844266007110470354 ) ) ;
#5724 = CARTESIAN_POINT ( 'NONE',  ( -61.18420293117080178, 41.66360399550431737, 27.76002498359739690 ) ) ;
#5725 = AXIS2_PLACEMENT_3D ( 'NONE', #3235, #5559, #5605 ) ;
#5726 = VERTEX_POINT ( 'NONE', #7287 ) ;
#5727 = ORIENTED_EDGE ( 'NONE', *, *, #4762, .F. ) ;
#5728 = CARTESIAN_POINT ( 'NONE',  ( 79.00000000000000000, -9.920120606961564495E-09, 1.085783689991117518 ) ) ;
#5729 = ADVANCED_FACE ( 'NONE', ( #5022 ), #8036, .F. ) ;
#5730 = VECTOR ( 'NONE', #4228, 1000.000000000000227 ) ;
#5731 = LINE ( 'NONE', #9441, #3345 ) ;
#5732 = EDGE_CURVE ( 'NONE', #4366, #5484, #5076, .T. ) ;
#5733 = PLANE ( 'NONE',  #2032 ) ;
#5734 = CARTESIAN_POINT ( 'NONE',  ( 33.32232879672930892, -28.95979544078028312, 73.37678982146567819 ) ) ;
#5735 = VECTOR ( 'NONE', #7808, 1000.000000000000114 ) ;
#5736 = LINE ( 'NONE', #2810, #9643 ) ;
#5737 = DIRECTION ( 'NONE',  ( 0.000000000000000000, 0.000000000000000000, 1.000000000000000000 ) ) ;
#5738 = B_SPLINE_CURVE_WITH_KNOTS ( 'NONE', 3,
 ( #6231, #8559, #8505, #340 ),
 .UNSPECIFIED., .F., .F.,
 ( 4, 4 ),
 ( 0.000000000000000000, 0.08146750932562546454 ),
 .UNSPECIFIED. ) ;
#5739 = CARTESIAN_POINT ( 'NONE',  ( 77.38516944842815803, 37.13911315087580078, 82.00000000000000000 ) ) ;
#5740 = VERTEX_POINT ( 'NONE', #3633 ) ;
#5741 = ADVANCED_FACE ( 'NONE', ( #3582 ), #6497, .T. ) ;
#5742 = ADVANCED_FACE ( 'NONE', ( #8086, #6597 ), #6650, .T. ) ;
#5743 = VERTEX_POINT ( 'NONE', #5957 ) ;
#5744 = CARTESIAN_POINT ( 'NONE',  ( 20.00000000000000000, 2.380278620270778855, 43.62321017853558658 ) ) ;
#5745 = ORIENTED_EDGE ( 'NONE', *, *, #219, .T. ) ;
#5746 = EDGE_CURVE ( 'NONE', #4661, #2844, #2798, .T. ) ;
#5747 = CARTESIAN_POINT ( 'NONE',  ( 20.00000000000000000, -49.10223034971637190, 68.37678982146587714 ) ) ;
#5748 = EDGE_CURVE ( 'NONE', #2917, #6892, #8978, .T. ) ;
#5749 = PLANE ( 'NONE',  #1574 ) ;
#5750 = LINE ( 'NONE', #5199, #8247 ) ;
#5751 = DIRECTION ( 'NONE',  ( -1.000000000000000000, -0.000000000000000000, -0.000000000000000000 ) ) ;
#5752 = EDGE_CURVE ( 'NONE', #8731, #8848, #3168, .T. ) ;
#5753 = DIRECTION ( 'NONE',  ( 0.000000000000000000, 0.8514537021307111431, -0.5244297790247101076 ) ) ;
#5754 = VERTEX_POINT ( 'NONE', #2198 ) ;
#5755 = ORIENTED_EDGE ( 'NONE', *, *, #9681, .F. ) ;
#5756 = DIRECTION ( 'NONE',  ( 0.000000000000000000, 0.8798963622018145525, 0.4751656466791481792 ) ) ;
#5757 = LINE ( 'NONE', #4030, #2185 ) ;
#5758 = FACE_OUTER_BOUND ( 'NONE', #8420, .T. ) ;
#5759 = DIRECTION ( 'NONE',  ( 0.000000000000000000, 0.000000000000000000, 1.000000000000000000 ) ) ;
#5760 = CARTESIAN_POINT ( 'NONE',  ( -71.07344828874326481, -25.58731213932864534, 1.086298605844411957 ) ) ;
#5761 = LINE ( 'NONE', #5066, #6952 ) ;
#5762 = ORIENTED_EDGE ( 'NONE', *, *, #6738, .T. ) ;
#5763 = PLANE ( 'NONE',  #1138 ) ;
#5764 = ORIENTED_EDGE ( 'NONE', *, *, #768, .T. ) ;
#5765 = CARTESIAN_POINT ( 'NONE',  ( 33.32232879672930892, -13.50316469948729292, 66.00000000000062528 ) ) ;
#5766 = VERTEX_POINT ( 'NONE', #9628 ) ;
#5767 = DIRECTION ( 'NONE',  ( 0.000000000000000000, -0.8514537021307111431, 0.5244297790247101076 ) ) ;
#5768 = CARTESIAN_POINT ( 'NONE',  ( 33.32232879672930892, -29.10206630026864616, 68.37678982146566398 ) ) ;
#5769 = CARTESIAN_POINT ( 'NONE',  ( 92.85543403184846056, -5.184577979173136342, 82.16999191219635179 ) ) ;
#5770 = CARTESIAN_POINT ( 'NONE',  ( -78.06118190100416143, -8.822163154756978543, 0.5979866928643553514 ) ) ;
#5771 = CARTESIAN_POINT ( 'NONE',  ( 79.00000000086737373, 3.717098973978559595, 1.085784129950880805 ) ) ;
#5772 = LINE ( 'NONE', #8784, #1092 ) ;
#5773 = VERTEX_POINT ( 'NONE', #8932 ) ;
#5774 = ORIENTED_EDGE ( 'NONE', *, *, #4360, .T. ) ;
#5775 = LINE ( 'NONE', #8788, #3103 ) ;
#5776 = CARTESIAN_POINT ( 'NONE',  ( 33.14218417047406717, -62.63987690856176727, 82.11560573767977189 ) ) ;
#5777 = CARTESIAN_POINT ( 'NONE',  ( 33.32232879672930892, -33.50332874893501867, 51.00000000000083844 ) ) ;
#5778 = CARTESIAN_POINT ( 'NONE',  ( 33.32232879672930892, -29.10206630026864616, 23.37678982146566753 ) ) ;
#5779 = VECTOR ( 'NONE', #9250, 1000.000000000000114 ) ;
#5780 = SURFACE_STYLE_FILL_AREA ( #6611 ) ;
#5781 = FACE_OUTER_BOUND ( 'NONE', #9562, .T. ) ;
#5782 = CARTESIAN_POINT ( 'NONE',  ( 76.61876948956738431, 37.95416434857565235, 82.00000000000002842 ) ) ;
#5783 = ORIENTED_EDGE ( 'NONE', *, *, #2960, .T. ) ;
#5784 = EDGE_CURVE ( 'NONE', #5935, #6990, #5219, .T. ) ;
#5785 = VECTOR ( 'NONE', #7396, 1000.000000000000000 ) ;
#5786 = ORIENTED_EDGE ( 'NONE', *, *, #3202, .F. ) ;
#5787 = ORIENTED_EDGE ( 'NONE', *, *, #5142, .F. ) ;
#5788 = DIRECTION ( 'NONE',  ( 0.000000000000000000, 0.8514537021307109210, -0.5244297790247105517 ) ) ;
#5790 = VERTEX_POINT ( 'NONE', #8183 ) ;
#5789 = CARTESIAN_POINT ( 'NONE',  ( -74.99999999999998579, 109.9999999999999858, 1.000000000000000000 ) ) ;
#5791 = CARTESIAN_POINT ( 'NONE',  ( 17.00000000000000000, -57.62021352807240504, 28.62321017853620475 ) ) ;
#5792 = DIRECTION ( 'NONE',  ( -1.000000000000000000, -0.000000000000000000, -0.000000000000000000 ) ) ;
#5793 = FACE_OUTER_BOUND ( 'NONE', #4921, .T. ) ;
#5794 = EDGE_CURVE ( 'NONE', #6753, #5645, #4281, .T. ) ;
#5795 = DIRECTION ( 'NONE',  ( -1.000000000000000000, -0.000000000000000000, -0.000000000000000000 ) ) ;
#5796 = EDGE_CURVE ( 'NONE', #4039, #7085, #4333, .T. ) ;
#5797 = EDGE_CURVE ( 'NONE', #1454, #120, #4432, .T. ) ;
#5798 = CARTESIAN_POINT ( 'NONE',  ( 20.00000000000000000, 26.78170511838488821, 46.00000000000020606 ) ) ;
#5799 = EDGE_LOOP ( 'NONE', ( #7788, #1775 ) ) ;
#5800 = CARTESIAN_POINT ( 'NONE',  ( -91.51877890162496954, -11.97523439747649832, 82.00000000000000000 ) ) ;
#5801 = VERTEX_POINT ( 'NONE', #668 ) ;
#5802 = CARTESIAN_POINT ( 'NONE',  ( -94.00000000000000000, 46.58957737478220906, 81.00000000000000000 ) ) ;
#5803 = CARTESIAN_POINT ( 'NONE',  ( 20.00000000000000000, 26.49716339940816212, 66.00000000000021316 ) ) ;
#5804 = FACE_OUTER_BOUND ( 'NONE', #8865, .T. ) ;
#5805 = DIRECTION ( 'NONE',  ( 0.000000000000000000, -0.4751656466791471800, 0.8798963622018151076 ) ) ;
#5806 = CARTESIAN_POINT ( 'NONE',  ( 35.11047445097293718, -52.08988500393387966, 1.000000000000000222 ) ) ;
#5807 = EDGE_CURVE ( 'NONE', #3554, #8271, #256, .T. ) ;
#5808 = LINE ( 'NONE', #5711, #1108 ) ;
#5809 = ORIENTED_EDGE ( 'NONE', *, *, #6500, .F. ) ;
#5810 = DIRECTION ( 'NONE',  ( -0.6482907665127506380, -0.6482907665127398689, 0.3992970875283644028 ) ) ;
#5811 = EDGE_LOOP ( 'NONE', ( #6817, #1822, #186, #5606 ) ) ;
#5812 = DIRECTION ( 'NONE',  ( 0.000000000000000000, -0.5244297790247106628, -0.8514537021307108100 ) ) ;
#5813 = VERTEX_POINT ( 'NONE', #7337 ) ;
#5814 = CARTESIAN_POINT ( 'NONE',  ( -8.000000000000000000, 42.49999999999990052, 10.03860113793879982 ) ) ;
#5815 = CARTESIAN_POINT ( 'NONE',  ( -3.000000000000000000, 42.49999999999997158, 21.43860113793879663 ) ) ;
#5816 = CARTESIAN_POINT ( 'NONE',  ( 66.09634237263361456, 47.19124812338746722, 82.13417527666702256 ) ) ;
#5817 = CARTESIAN_POINT ( 'NONE',  ( -92.43829940718063654, -7.441331334010559573, 82.16915348313558809 ) ) ;
#5818 = LINE ( 'NONE', #7342, #1447 ) ;
#5819 = CARTESIAN_POINT ( 'NONE',  ( -84.39556801614230608, 28.26635110806857298, 82.15520576849743861 ) ) ;
#5820 = AXIS2_PLACEMENT_3D ( 'NONE', #2943, #4484, #3583 ) ;
#5821 = EDGE_LOOP ( 'NONE', ( #3811, #3033, #412, #6459, #3000, #4341 ) ) ;
#5822 = ORIENTED_EDGE ( 'NONE', *, *, #3087, .T. ) ;
#5823 = LINE ( 'NONE', #1315, #6252 ) ;
#5824 = AXIS2_PLACEMENT_3D ( 'NONE', #553, #2039, #5853 ) ;
#5825 = CARTESIAN_POINT ( 'NONE',  ( 43.94239178215804742, -55.52779010284165651, 54.93094409975297765 ) ) ;
#5826 = PLANE ( 'NONE',  #139 ) ;
#5827 = CARTESIAN_POINT ( 'NONE',  ( 17.00000000000000000, -57.76248438756075387, 68.62321017853619765 ) ) ;
#5828 = DIRECTION ( 'NONE',  ( -0.6482907665127507491, -0.6482907665127397578, 0.3992970875283644583 ) ) ;
#5829 = DIRECTION ( 'NONE',  ( -1.000000000000000000, -0.000000000000000000, -0.000000000000000000 ) ) ;
#5830 = CARTESIAN_POINT ( 'NONE',  ( 34.01028762322934540, -62.35247996138360094, 81.99999999999998579 ) ) ;
#5831 = VECTOR ( 'NONE', #3827, 1000.000000000000227 ) ;
#5832 = VERTEX_POINT ( 'NONE', #3486 ) ;
#5833 = AXIS2_PLACEMENT_3D ( 'NONE', #1699, #9127, #7733 ) ;
#5834 = VERTEX_POINT ( 'NONE', #9229 ) ;
#5835 = ORIENTED_EDGE ( 'NONE', *, *, #2087, .F. ) ;
#5836 = FACE_OUTER_BOUND ( 'NONE', #3838, .T. ) ;
#5837 = VECTOR ( 'NONE', #8856, 1000.000000000000000 ) ;
#5839 = ORIENTED_EDGE ( 'NONE', *, *, #5554, .F. ) ;
#5838 = FACE_OUTER_BOUND ( 'NONE', #2591, .T. ) ;
#5840 = DIRECTION ( 'NONE',  ( 0.000000000000000000, 0.8798963622018147746, 0.4751656466791477351 ) ) ;
#5841 = CARTESIAN_POINT ( 'NONE',  ( -3.000000000000000000, -34.50000000000014921, 4.640619190461828580 ) ) ;
#5842 = LINE ( 'NONE', #8011, #9675 ) ;
#5843 = EDGE_CURVE ( 'NONE', #5790, #6392, #6941, .T. ) ;
#5844 = FACE_OUTER_BOUND ( 'NONE', #4085, .T. ) ;
#5845 = VECTOR ( 'NONE', #3073, 1000.000000000000114 ) ;
#5846 = CARTESIAN_POINT ( 'NONE',  ( 16.99999999999997868, -59.87963301825066509, 29.39926106681726381 ) ) ;
#5847 = EDGE_CURVE ( 'NONE', #5343, #847, #3640, .T. ) ;
#5848 = ORIENTED_EDGE ( 'NONE', *, *, #8400, .T. ) ;
#5849 = CARTESIAN_POINT ( 'NONE',  ( -92.24987569118115971, -8.449207656227036622, 82.00000000000000000 ) ) ;
#5850 = EDGE_CURVE ( 'NONE', #7693, #6806, #1504, .T. ) ;
#5851 = ORIENTED_EDGE ( 'NONE', *, *, #7419, .T. ) ;
#5852 = CARTESIAN_POINT ( 'NONE',  ( 17.00000000000000000, -13.50316469948729292, 36.00000000000062528 ) ) ;
#5853 = DIRECTION ( 'NONE',  ( 0.000000000000000000, 0.8798963622018154407, 0.4751656466791465139 ) ) ;
#5854 = CARTESIAN_POINT ( 'NONE',  ( -8.000000000000000000, -34.50000000000004263, 19.64061919046182680 ) ) ;
#5855 = CARTESIAN_POINT ( 'NONE',  ( -79.00000000000000000, 1.641902789998396647E-15, 1.000000000000000000 ) ) ;
#5856 = AXIS2_PLACEMENT_3D ( 'NONE', #1522, #7556, #5234 ) ;
#5857 = EDGE_CURVE ( 'NONE', #3416, #3043, #6008, .T. ) ;
#5858 = CARTESIAN_POINT ( 'NONE',  ( 35.11047445097293718, -52.08988500393387966, 1.086298605844412402 ) ) ;
#5859 = CARTESIAN_POINT ( 'NONE',  ( -135.5618222253629312, -85.74421842161774521, 0.1899999999999999467 ) ) ;
#5860 = AXIS2_PLACEMENT_3D ( 'NONE', #8671, #7932, #3426 ) ;
#5861 = ORIENTED_EDGE ( 'NONE', *, *, #5933, .F. ) ;
#5862 = FACE_OUTER_BOUND ( 'NONE', #3434, .T. ) ;
#5863 = ORIENTED_EDGE ( 'NONE', *, *, #3923, .T. ) ;
#5864 = CARTESIAN_POINT ( 'NONE',  ( 17.00000000000000000, -33.50332874893501867, 36.00000000000083844 ) ) ;
#5865 = EDGE_CURVE ( 'NONE', #5713, #9054, #712, .T. ) ;
#5866 = VERTEX_POINT ( 'NONE', #3735 ) ;
#5867 = CARTESIAN_POINT ( 'NONE',  ( 20.00000000000000000, -66.44301703982489471, 82.00000000000000000 ) ) ;
#5868 = FACE_BOUND ( 'NONE', #4379, .T. ) ;
#5869 = CARTESIAN_POINT ( 'NONE',  ( 39.71526459746631588, 53.68854975521336570, 27.73986486108241323 ) ) ;
#5870 = ADVANCED_FACE ( 'NONE', ( #6060 ), #905, .F. ) ;
#5871 = VECTOR ( 'NONE', #4580, 1000.000000000000000 ) ;
#5872 = CYLINDRICAL_SURFACE ( 'NONE', #7771, 1.399999999999998579 ) ;
#5873 = CARTESIAN_POINT ( 'NONE',  ( -61.21645005405504492, 46.10409401843963906, 54.94494574219039862 ) ) ;
#5874 = ORIENTED_EDGE ( 'NONE', *, *, #1944, .T. ) ;
#5875 = ORIENTED_EDGE ( 'NONE', *, *, #8346, .F. ) ;
#5876 = EDGE_LOOP ( 'NONE', ( #9705, #403, #8915, #4207 ) ) ;
#5877 = CARTESIAN_POINT ( 'NONE',  ( 33.32232879672930892, -9.101902250820922191, 38.37678982146545792 ) ) ;
#5878 = VECTOR ( 'NONE', #7806, 1000.000000000000000 ) ;
#5879 = ADVANCED_FACE ( 'NONE', ( #9086 ), #1604, .T. ) ;
#5880 = VECTOR ( 'NONE', #2887, 1000.000000000000000 ) ;
#5881 = CARTESIAN_POINT ( 'NONE',  ( 52.69201837689407597, -51.47230143600851449, 54.93609310757854303 ) ) ;
#5882 = DIRECTION ( 'NONE',  ( 0.000000000000000000, 2.312964634635743450E-16, 1.000000000000000000 ) ) ;
#5883 = CARTESIAN_POINT ( 'NONE',  ( 20.00000000000000000, 6.496999349960439041, 6.000000000000419220 ) ) ;
#5884 = DIRECTION ( 'NONE',  ( 0.000000000000000000, 0.000000000000000000, -1.000000000000000000 ) ) ;
#5885 = CARTESIAN_POINT ( 'NONE',  ( 92.98845607523887224, -2.152936958562909453, 82.00000000000001421 ) ) ;
#5886 = VECTOR ( 'NONE', #8617, 1000.000000000000000 ) ;
#5887 = ORIENTED_EDGE ( 'NONE', *, *, #4536, .F. ) ;
#5888 = ORIENTED_EDGE ( 'NONE', *, *, #6215, .T. ) ;
#5889 = VERTEX_POINT ( 'NONE', #12 ) ;
#5890 = PLANE ( 'NONE',  #6122 ) ;
#5891 = AXIS2_PLACEMENT_3D ( 'NONE', #4752, #1035, #2526 ) ;
#5893 = ORIENTED_EDGE ( 'NONE', *, *, #3255, .T. ) ;
#5892 = LINE ( 'NONE', #9707, #5230 ) ;
#5894 = CARTESIAN_POINT ( 'NONE',  ( 33.32232879672930892, -37.62004947862467930, 58.62321017853599869 ) ) ;
#5895 = FACE_OUTER_BOUND ( 'NONE', #3957, .T. ) ;
#5896 = DIRECTION ( 'NONE',  ( 0.000000000000000000, 0.4751656466791477906, -0.8798963622018148856 ) ) ;
#5897 = CARTESIAN_POINT ( 'NONE',  ( 33.32232879672930892, -17.76215628866530949, 23.62321017853578908 ) ) ;
#5898 = FACE_OUTER_BOUND ( 'NONE', #914, .T. ) ;
#5899 = VECTOR ( 'NONE', #5453, 1000.000000000000227 ) ;
#5900 = ORIENTED_EDGE ( 'NONE', *, *, #8648, .F. ) ;
#5901 = CARTESIAN_POINT ( 'NONE',  ( -91.30770434262747415, 12.78144191651015582, 81.99999999999997158 ) ) ;
#5902 = VERTEX_POINT ( 'NONE', #3046 ) ;
#5903 = FACE_OUTER_BOUND ( 'NONE', #6509, .T. ) ;
#5904 = LINE ( 'NONE', #3678, #8348 ) ;
#5905 = FACE_OUTER_BOUND ( 'NONE', #3319, .T. ) ;
#5906 = LINE ( 'NONE', #4420, #7442 ) ;
#5907 = CARTESIAN_POINT ( 'NONE',  ( 78.49641871222594602, -7.545613759722757052, 1.086298605844412402 ) ) ;
#5908 = CARTESIAN_POINT ( 'NONE',  ( -12.59521182973750264, 57.34195333555647522, 1.055849730015163468 ) ) ;
#5909 = EDGE_LOOP ( 'NONE', ( #7286, #4450, #5887, #3164 ) ) ;
#5910 = ORIENTED_EDGE ( 'NONE', *, *, #3387, .F. ) ;
#5911 = CARTESIAN_POINT ( 'NONE',  ( 17.00000000000000000, -53.21895107940603964, 16.00000000000104095 ) ) ;
#5912 = EDGE_CURVE ( 'NONE', #7234, #7189, #2301, .T. ) ;
#5913 = ORIENTED_EDGE ( 'NONE', *, *, #9788, .F. ) ;
#5914 = DIRECTION ( 'NONE',  ( 0.000000000000000000, 0.02844266007110328107, 0.9995954257038591750 ) ) ;
#5915 = ORIENTED_EDGE ( 'NONE', *, *, #1573, .F. ) ;
#5916 = CARTESIAN_POINT ( 'NONE',  ( 33.32232879672930892, -9.101902250820922191, 8.376789821465461472 ) ) ;
#5917 = CARTESIAN_POINT ( 'NONE',  ( 20.00000000000000000, 50.89858989752226393, 38.37678982146483264 ) ) ;
#5918 = CARTESIAN_POINT ( 'NONE',  ( 61.47912906727877669, 41.36092842014694071, 27.75629583488928631 ) ) ;
#5919 = FACE_OUTER_BOUND ( 'NONE', #3404, .T. ) ;
#5920 = FACE_BOUND ( 'NONE', #5631, .T. ) ;
#5921 = EDGE_CURVE ( 'NONE', #8837, #227, #5322, .T. ) ;
#5922 = ADVANCED_FACE ( 'NONE', ( #6150 ), #1553, .F. ) ;
#5923 = VERTEX_POINT ( 'NONE', #6104 ) ;
#5924 = ORIENTED_EDGE ( 'NONE', *, *, #117, .F. ) ;
#5925 = EDGE_CURVE ( 'NONE', #8926, #274, #8698, .T. ) ;
#5926 = ORIENTED_EDGE ( 'NONE', *, *, #876, .F. ) ;
#5927 = LINE ( 'NONE', #8145, #8634 ) ;
#5928 = CARTESIAN_POINT ( 'NONE',  ( 41.55955186185389039, -56.44937382028523842, 54.92977683873777295 ) ) ;
#5929 = CARTESIAN_POINT ( 'NONE',  ( -80.00000000000000000, 1.662686369618629601E-15, 0.000000000000000000 ) ) ;
#5930 = CARTESIAN_POINT ( 'NONE',  ( 0.2944873988398794551, 60.96394466476912299, 27.73431467403248263 ) ) ;
#5931 = DIRECTION ( 'NONE',  ( 0.000000000000000000, 0.8514537021307104769, -0.5244297790247111068 ) ) ;
#5932 = CARTESIAN_POINT ( 'NONE',  ( 71.98185975531083614, -42.55544173959420107, 81.99999999999997158 ) ) ;
#5933 = EDGE_CURVE ( 'NONE', #1954, #6743, #3095, .T. ) ;
#5934 = ORIENTED_EDGE ( 'NONE', *, *, #3503, .T. ) ;
#5935 = VERTEX_POINT ( 'NONE', #9130 ) ;
#5936 = ORIENTED_EDGE ( 'NONE', *, *, #7002, .F. ) ;
#5937 = CARTESIAN_POINT ( 'NONE',  ( -72.62906969125793921, 41.82875409093117725, 82.00000000000007105 ) ) ;
#5939 = EDGE_LOOP ( 'NONE', ( #2169, #6968, #7523, #2908 ) ) ;
#5938 = LINE ( 'NONE', #9106, #8705 ) ;
#5940 = LINE ( 'NONE', #9753, #5669 ) ;
#5941 = CARTESIAN_POINT ( 'NONE',  ( -8.000000000000000000, 42.49999999999997158, 20.03860113793879805 ) ) ;
#5942 = FACE_OUTER_BOUND ( 'NONE', #9486, .T. ) ;
#5943 = DIRECTION ( 'NONE',  ( 0.000000000000000000, 0.9995954257038592861, -0.02844266007110471048 ) ) ;
#5944 = LINE ( 'NONE', #9713, #6508 ) ;
#5945 = ORIENTED_EDGE ( 'NONE', *, *, #4091, .T. ) ;
#5946 = CARTESIAN_POINT ( 'NONE',  ( -80.00000000000000000, -117.9999999999999716, 1.000000000000000000 ) ) ;
#5947 = ORIENTED_EDGE ( 'NONE', *, *, #4896, .F. ) ;
#5948 = DIRECTION ( 'NONE',  ( -1.000000000000000000, -0.000000000000000000, -0.000000000000000000 ) ) ;
#5949 = LINE ( 'NONE', #5115, #1918 ) ;
#5950 = DIRECTION ( 'NONE',  ( -1.000000000000000000, -0.000000000000000000, -0.000000000000000000 ) ) ;
#5951 = CARTESIAN_POINT ( 'NONE',  ( -56.58455417790362674, 40.46978027274475664, 1.067887021372455170 ) ) ;
#5952 = ORIENTED_EDGE ( 'NONE', *, *, #2419, .F. ) ;
#5953 = DIRECTION ( 'NONE',  ( 0.000000000000000000, 0.02844266007110327760, 0.9995954257038591750 ) ) ;
#5954 = ORIENTED_EDGE ( 'NONE', *, *, #8695, .T. ) ;
#5955 = DIRECTION ( 'NONE',  ( -1.000000000000000000, -0.000000000000000000, -0.000000000000000000 ) ) ;
#5956 = ORIENTED_EDGE ( 'NONE', *, *, #9367, .F. ) ;
#5957 = CARTESIAN_POINT ( 'NONE',  ( 17.00000000000000000, 31.04069670756290122, 13.37678982146504403 ) ) ;
#5958 = CARTESIAN_POINT ( 'NONE',  ( 16.99999999999998934, -60.18192280133042971, 23.13192015650441391 ) ) ;
#5959 = CARTESIAN_POINT ( 'NONE',  ( 47.64053592268852100, 53.91962432798196403, 54.93298211491482874 ) ) ;
#5960 = DIRECTION ( 'NONE',  ( 0.000000000000000000, 0.9995954257038592861, -0.02844266007110471048 ) ) ;
#5961 = LINE ( 'NONE', #8291, #3466 ) ;
#5962 = EDGE_CURVE ( 'NONE', #7916, #2124, #8383, .T. ) ;
#5963 = VERTEX_POINT ( 'NONE', #3885 ) ;
#5964 = VERTEX_POINT ( 'NONE', #2399 ) ;
#5965 = ORIENTED_EDGE ( 'NONE', *, *, #2029, .T. ) ;
#5966 = DIRECTION ( 'NONE',  ( -1.000000000000000000, 0.000000000000000000, 0.000000000000000000 ) ) ;
#5967 = EDGE_CURVE ( 'NONE', #3902, #561, #6895, .T. ) ;
#5968 = EDGE_CURVE ( 'NONE', #8542, #1093, #4673, .T. ) ;
#5969 = CARTESIAN_POINT ( 'NONE',  ( 70.95111566363260636, -25.44666826060459996, 0.5840811624520131362 ) ) ;
#5970 = VECTOR ( 'NONE', #4996, 1000.000000000000000 ) ;
#5971 = LINE ( 'NONE', #3060, #5677 ) ;
#5972 = DIRECTION ( 'NONE',  ( 0.000000000000000000, -0.02844266007110470007, -0.9995954257038591750 ) ) ;
#5973 = EDGE_CURVE ( 'NONE', #1797, #7716, #3930, .T. ) ;
#5974 = CARTESIAN_POINT ( 'NONE',  ( -94.00000000000001421, 46.31155683149854241, 82.00000000000000000 ) ) ;
#5975 = DIRECTION ( 'NONE',  ( -1.000000000000000000, 0.000000000000000000, 0.000000000000000000 ) ) ;
#5976 = EDGE_LOOP ( 'NONE', ( #5356, #5134, #7155, #6336 ) ) ;
#5977 = VECTOR ( 'NONE', #7831, 1000.000000000000114 ) ;
#5978 = ORIENTED_EDGE ( 'NONE', *, *, #3141, .T. ) ;
#5979 = VECTOR ( 'NONE', #2196, 1000.000000000000000 ) ;
#5980 = ORIENTED_EDGE ( 'NONE', *, *, #1915, .F. ) ;
#5981 = CARTESIAN_POINT ( 'NONE',  ( -73.52429050796784793, 41.00957857577312637, 81.99999999999994316 ) ) ;
#5982 = EDGE_CURVE ( 'NONE', #7965, #2916, #2449, .T. ) ;
#5984 = VERTEX_POINT ( 'NONE', #4773 ) ;
#5983 = FACE_OUTER_BOUND ( 'NONE', #2580, .T. ) ;
#5985 = LINE ( 'NONE', #6082, #4570 ) ;
#5986 = CARTESIAN_POINT ( 'NONE',  ( 33.32232879672930892, -53.50349279838274441, 66.00000000000103739 ) ) ;
#5987 = CARTESIAN_POINT ( 'NONE',  ( 58.78843512354551137, 38.77580826405019820, 1.000000000000000222 ) ) ;
#5988 = DIRECTION ( 'NONE',  ( 0.000000000000000000, -0.9995954257038592861, 0.02844266007110328107 ) ) ;
#5989 = VECTOR ( 'NONE', #7466, 1000.000000000000114 ) ;
#5990 = EDGE_CURVE ( 'NONE', #7355, #280, #9375, .T. ) ;
#5991 = CARTESIAN_POINT ( 'NONE',  ( 20.00000000000000000, -57.62021352807240504, 28.62321017853620475 ) ) ;
#5992 = VECTOR ( 'NONE', #8700, 1000.000000000000000 ) ;
#5993 = ORIENTED_EDGE ( 'NONE', *, *, #7743, .T. ) ;
#5994 = DIRECTION ( 'NONE',  ( 0.000000000000000000, -0.02844266007110470701, -0.9995954257038591750 ) ) ;
#5995 = ORIENTED_EDGE ( 'NONE', *, *, #2945, .F. ) ;
#5996 = CARTESIAN_POINT ( 'NONE',  ( 20.00000000000000000, 22.23817181023014911, 23.62321017853537342 ) ) ;
#5997 = CARTESIAN_POINT ( 'NONE',  ( -27.57930260503069064, -54.37963985908722009, 0.5450771223487207440 ) ) ;
#5998 = FACE_OUTER_BOUND ( 'NONE', #6076, .T. ) ;
#5999 = LINE ( 'NONE', #2933, #5094 ) ;
#6000 = LINE ( 'NONE', #1446, #2689 ) ;
#6001 = VECTOR ( 'NONE', #7391, 1000.000000000000227 ) ;
#6002 = ORIENTED_EDGE ( 'NONE', *, *, #1975, .F. ) ;
#6003 = CARTESIAN_POINT ( 'NONE',  ( -8.000000000000000000, 42.49999999999993605, 15.03860113793879982 ) ) ;
#6004 = VERTEX_POINT ( 'NONE', #5612 ) ;
#6005 = LINE ( 'NONE', #7536, #659 ) ;
#6006 = VECTOR ( 'NONE', #5511, 1000.000000000000114 ) ;
#6007 = ORIENTED_EDGE ( 'NONE', *, *, #8703, .F. ) ;
#6008 = LINE ( 'NONE', #3785, #2697 ) ;
#6009 = DIRECTION ( 'NONE',  ( -1.000000000000000000, -0.000000000000000000, -0.000000000000000000 ) ) ;
#6010 = DIRECTION ( 'NONE',  ( -1.000000000000000000, 0.000000000000000000, 0.000000000000000000 ) ) ;
#6011 = PLANE ( 'NONE',  #8225 ) ;
#6012 = CARTESIAN_POINT ( 'NONE',  ( 54.97350590781839941, 45.97535381634542517, 27.75019495707610773 ) ) ;
#6013 = DIRECTION ( 'NONE',  ( -1.000000000000000000, -0.000000000000000000, -0.000000000000000000 ) ) ;
#6014 = FACE_BOUND ( 'NONE', #8342, .T. ) ;
#6015 = VECTOR ( 'NONE', #7590, 1000.000000000000000 ) ;
#6016 = EDGE_LOOP ( 'NONE', ( #7599, #1503, #7475, #6146, #6741, #1358 ) ) ;
#6017 = EDGE_LOOP ( 'NONE', ( #5539, #583, #1812, #5451 ) ) ;
#6018 = ORIENTED_EDGE ( 'NONE', *, *, #7969, .F. ) ;
#6019 = CARTESIAN_POINT ( 'NONE',  ( 33.32232879672930892, 10.89826179862681066, 23.37678982146525186 ) ) ;
#6020 = EDGE_CURVE ( 'NONE', #5740, #6695, #7036, .T. ) ;
#6021 = VECTOR ( 'NONE', #880, 1000.000000000000114 ) ;
#6022 = CARTESIAN_POINT ( 'NONE',  ( 64.06440306801134454, -33.92972127584339859, 0.5736203037459508547 ) ) ;
#6023 = CARTESIAN_POINT ( 'NONE',  ( -8.000000000000000000, 45.00000000000000000, 1.038601137938794494 ) ) ;
#6024 = CARTESIAN_POINT ( 'NONE',  ( 6.471028125826061128, 60.82416446733142124, 27.73449895196143444 ) ) ;
#6025 = LINE ( 'NONE', #4496, #630 ) ;
#6026 = CARTESIAN_POINT ( 'NONE',  ( 17.00000000000000000, 42.38060671916623789, 28.62321017853516736 ) ) ;
#6027 = AXIS2_PLACEMENT_3D ( 'NONE', #1443, #9568, #2189 ) ;
#6028 = EDGE_CURVE ( 'NONE', #677, #372, #3242, .T. ) ;
#6029 = VERTEX_POINT ( 'NONE', #7735 ) ;
#6030 = ORIENTED_EDGE ( 'NONE', *, *, #7847, .T. ) ;
#6031 = CARTESIAN_POINT ( 'NONE',  ( 17.00000000000004619, -56.63959830834410525, 1.056347550703075955 ) ) ;
#6032 = EDGE_CURVE ( 'NONE', #3795, #2880, #2685, .T. ) ;
#6033 = ORIENTED_EDGE ( 'NONE', *, *, #3696, .F. ) ;
#6034 = CARTESIAN_POINT ( 'NONE',  ( -2.305094193937147207, 67.06353522370234543, 81.99999999999998579 ) ) ;
#6036 = VERTEX_POINT ( 'NONE', #6431 ) ;
#6035 = CARTESIAN_POINT ( 'NONE',  ( 75.00000000000000000, 109.9999999999999858, 1.000000000000000000 ) ) ;
#6037 = FACE_BOUND ( 'NONE', #8316, .T. ) ;
#6038 = DIRECTION ( 'NONE',  ( -1.000000000000000000, -0.000000000000000000, -0.000000000000000000 ) ) ;
#6039 = VECTOR ( 'NONE', #2464, 1000.000000000000000 ) ;
#6040 = CARTESIAN_POINT ( 'NONE',  ( 32.10993197231377394, 52.99445117278913386, 1.000000000000000000 ) ) ;
#6041 = CARTESIAN_POINT ( 'NONE',  ( 33.32232879672930892, -17.61988542917695355, 13.62321017853579264 ) ) ;
#6042 = DIRECTION ( 'NONE',  ( 0.000000000000000000, 0.000000000000000000, 1.000000000000000000 ) ) ;
#6043 = EDGE_CURVE ( 'NONE', #687, #2727, #5706, .T. ) ;
#6044 = EDGE_CURVE ( 'NONE', #7234, #9749, #956, .T. ) ;
#6045 = VECTOR ( 'NONE', #2587, 1000.000000000000114 ) ;
#6046 = EDGE_CURVE ( 'NONE', #6525, #7889, #1049, .T. ) ;
#6047 = ORIENTED_EDGE ( 'NONE', *, *, #541, .T. ) ;
#6048 = CARTESIAN_POINT ( 'NONE',  ( 33.32232879672930892, 26.49716339940816567, 36.00000000000021316 ) ) ;
#6049 = ORIENTED_EDGE ( 'NONE', *, *, #4169, .F. ) ;
#6050 = CARTESIAN_POINT ( 'NONE',  ( 20.00000000000000000, 2.238007760782423361, 8.623210178535583026 ) ) ;
#6051 = CARTESIAN_POINT ( 'NONE',  ( -19.21230406242922584, -56.19729034471456686, 0.5425110989360002467 ) ) ;
#6052 = DIRECTION ( 'NONE',  ( -1.000000000000000000, -0.000000000000000000, -0.000000000000000000 ) ) ;
#6053 = VECTOR ( 'NONE', #6181, 1000.000000000000000 ) ;
#6054 = FACE_OUTER_BOUND ( 'NONE', #7482, .T. ) ;
#6055 = ORIENTED_EDGE ( 'NONE', *, *, #9659, .F. ) ;
#6056 = LINE ( 'NONE', #8281, #3675 ) ;
#6057 = ORIENTED_EDGE ( 'NONE', *, *, #6142, .F. ) ;
#6058 = CARTESIAN_POINT ( 'NONE',  ( 20.00000000000000000, 2.380278620270778855, 28.62321017853558658 ) ) ;
#6059 = ORIENTED_EDGE ( 'NONE', *, *, #8400, .F. ) ;
#6060 = FACE_OUTER_BOUND ( 'NONE', #1630, .T. ) ;
#6061 = DIRECTION ( 'NONE',  ( -0.7071067811865534569, -0.7071067811865416886, -0.000000000000000000 ) ) ;
#6062 = DIRECTION ( 'NONE',  ( 0.000000000000000000, -0.8514537021307111431, 0.5244297790247101076 ) ) ;
#6063 = FACE_OUTER_BOUND ( 'NONE', #5939, .T. ) ;
#6064 = LINE ( 'NONE', #8387, #6182 ) ;
#6065 = CARTESIAN_POINT ( 'NONE',  ( -76.14312693192162840, -15.48380415009068578, 1.000000000000000000 ) ) ;
#6066 = LINE ( 'NONE', #8140, #464 ) ;
#6067 = ORIENTED_EDGE ( 'NONE', *, *, #4045, .F. ) ;
#6068 = ORIENTED_EDGE ( 'NONE', *, *, #1421, .T. ) ;
#6069 = ORIENTED_EDGE ( 'NONE', *, *, #9186, .F. ) ;
#6070 = DIRECTION ( 'NONE',  ( 0.000000000000000000, 0.8514537021307106990, -0.5244297790247107738 ) ) ;
#6071 = CARTESIAN_POINT ( 'NONE',  ( 83.47509983619094953, -4.691408076710083641, 27.78975994771252900 ) ) ;
#6072 = FACE_OUTER_BOUND ( 'NONE', #7997, .T. ) ;
#6073 = CARTESIAN_POINT ( 'NONE',  ( -5.507465178163887032, 57.83931082908836885, 0.5464006227725261011 ) ) ;
#6074 = DIRECTION ( 'NONE',  ( 0.000000000000000000, -0.8798963622018147746, -0.4751656466791477906 ) ) ;
#6075 = ORIENTED_EDGE ( 'NONE', *, *, #3799, .F. ) ;
#6076 = EDGE_LOOP ( 'NONE', ( #4086, #7284, #8706, #8610 ) ) ;
#6077 = LINE ( 'NONE', #7659, #8305 ) ;
#6078 = EDGE_LOOP ( 'NONE', ( #8393, #7512, #3689, #2174 ) ) ;
#6079 = CARTESIAN_POINT ( 'NONE',  ( -85.73869326660394563, 25.91259622996210510, 82.00000000000000000 ) ) ;
#6081 = ORIENTED_EDGE ( 'NONE', *, *, #8752, .F. ) ;
#6080 = DIRECTION ( 'NONE',  ( 0.000000000000000000, -0.5244297790247106628, -0.8514537021307108100 ) ) ;
#6082 = CARTESIAN_POINT ( 'NONE',  ( 20.00000000000000000, -53.50349279838274441, 66.00000000000103739 ) ) ;
#6083 = CARTESIAN_POINT ( 'NONE',  ( 17.00000000000000000, -48.95995949022800886, 28.37678982146587359 ) ) ;
#6084 = DIRECTION ( 'NONE',  ( -1.000000000000000000, -0.000000000000000000, -0.000000000000000000 ) ) ;
#6085 = DIRECTION ( 'NONE',  ( 0.000000000000000000, -1.000000000000000000, 1.561251128379127174E-15 ) ) ;
#6086 = EDGE_CURVE ( 'NONE', #5239, #2916, #4130, .T. ) ;
#6087 = ORIENTED_EDGE ( 'NONE', *, *, #4231, .T. ) ;
#6088 = CARTESIAN_POINT ( 'NONE',  ( 20.00000000000000000, -37.62004947862467930, 13.62321017853600047 ) ) ;
#6089 = ORIENTED_EDGE ( 'NONE', *, *, #1132, .F. ) ;
#6090 = LINE ( 'NONE', #8421, #3308 ) ;
#6091 = EDGE_CURVE ( 'NONE', #5461, #3382, #8624, .T. ) ;
#6092 = EDGE_CURVE ( 'NONE', #6544, #6718, #364, .T. ) ;
#6093 = CARTESIAN_POINT ( 'NONE',  ( -49.49451961804137312, -49.23847156948720993, 27.74582204493433935 ) ) ;
#6094 = DIRECTION ( 'NONE',  ( 0.000000000000000000, 0.02844266007110466538, 0.9995954257038591750 ) ) ;
#6095 = LINE ( 'NONE', #6192, #508 ) ;
#6096 = CARTESIAN_POINT ( 'NONE',  ( 159.6513234039176723, 98.90143958079084996, 82.00000000000001421 ) ) ;
#6097 = EDGE_CURVE ( 'NONE', #8344, #4992, #3982, .T. ) ;
#6098 = ORIENTED_EDGE ( 'NONE', *, *, #9013, .F. ) ;
#6099 = LINE ( 'NONE', #3925, #8094 ) ;
#6100 = VECTOR ( 'NONE', #1618, 1000.000000000000114 ) ;
#6101 = EDGE_LOOP ( 'NONE', ( #6440, #2360, #1840, #5531 ) ) ;
#6102 = CARTESIAN_POINT ( 'NONE',  ( 33.32232879672930892, 42.38060671916623789, 58.62321017853516736 ) ) ;
#6103 = ORIENTED_EDGE ( 'NONE', *, *, #8675, .F. ) ;
#6104 = CARTESIAN_POINT ( 'NONE',  ( -3.000000000000000000, -34.50000000000021316, 24.64061919046173443 ) ) ;
#6105 = DIRECTION ( 'NONE',  ( 0.000000000000000000, 0.9999999996565578364, -2.620847431606588592E-05 ) ) ;
#6106 = CARTESIAN_POINT ( 'NONE',  ( 17.00000000000000000, 2.238007760782423361, 68.62321017853557237 ) ) ;
#6107 = DIRECTION ( 'NONE',  ( -1.000000000000000000, 0.000000000000000000, 0.000000000000000000 ) ) ;
#6108 = LINE ( 'NONE', #2501, #4920 ) ;
#6109 = DIRECTION ( 'NONE',  ( 0.000000000000000000, -0.8798963622018148856, -0.4751656466791477906 ) ) ;
#6110 = CARTESIAN_POINT ( 'NONE',  ( 17.00000000000000000, 2.380278620270778855, 13.62321017853558480 ) ) ;
#6111 = ADVANCED_FACE ( 'NONE', ( #7086 ), #1892, .F. ) ;
#6112 = EDGE_LOOP ( 'NONE', ( #967, #2785 ) ) ;
#6113 = ORIENTED_EDGE ( 'NONE', *, *, #2233, .F. ) ;
#6114 = VERTEX_POINT ( 'NONE', #3289 ) ;
#6115 = DIRECTION ( 'NONE',  ( 0.000000000000000000, -0.8514537021307104769, 0.5244297790247111068 ) ) ;
#6116 = CARTESIAN_POINT ( 'NONE',  ( 74.40057991451914177, -19.33702923452333167, 0.5903745834917075719 ) ) ;
#6117 = CARTESIAN_POINT ( 'NONE',  ( 18.89409489701210987, 59.38569043515609991, 27.73639957419054625 ) ) ;
#6118 = FACE_OUTER_BOUND ( 'NONE', #1131, .T. ) ;
#6119 = ORIENTED_EDGE ( 'NONE', *, *, #8217, .F. ) ;
#6120 = EDGE_LOOP ( 'NONE', ( #5155, #5295, #4680, #1776 ) ) ;
#6121 = LINE ( 'NONE', #7015, #1831 ) ;
#6122 = AXIS2_PLACEMENT_3D ( 'NONE', #7313, #8904, #3511 ) ;
#6123 = CARTESIAN_POINT ( 'NONE',  ( 7.343550765546603465, 66.87491890562462515, 82.00000000000000000 ) ) ;
#6125 = ORIENTED_EDGE ( 'NONE', *, *, #6694, .F. ) ;
#6124 = CARTESIAN_POINT ( 'NONE',  ( 17.00000000000000000, -37.76232033811303523, 38.62321017853599869 ) ) ;
#6126 = FACE_BOUND ( 'NONE', #3857, .T. ) ;
#6127 = PLANE ( 'NONE',  #8424 ) ;
#6128 = CARTESIAN_POINT ( 'NONE',  ( 52.37055006176824890, 43.42107646152122413, 1.000000000000000222 ) ) ;
#6129 = CARTESIAN_POINT ( 'NONE',  ( 17.00000000000000000, 31.04069670756290122, 58.37678982146503870 ) ) ;
#6130 = VECTOR ( 'NONE', #9131, 1000.000000000000114 ) ;
#6131 = VERTEX_POINT ( 'NONE', #7789 ) ;
#6132 = DIRECTION ( 'NONE',  ( 0.000000000000000000, 1.561251128379127371E-15, 1.000000000000000000 ) ) ;
#6133 = ADVANCED_FACE ( 'NONE', ( #1005 ), #1701, .T. ) ;
#6134 = VECTOR ( 'NONE', #6574, 1000.000000000000114 ) ;
#6135 = ORIENTED_EDGE ( 'NONE', *, *, #6812, .F. ) ;
#6136 = DIRECTION ( 'NONE',  ( -1.000000000000000000, 0.000000000000000000, 0.000000000000000000 ) ) ;
#6137 = CARTESIAN_POINT ( 'NONE',  ( -2.377630807581136985, -61.02818944484283747, 27.73009545451613889 ) ) ;
#6138 = CARTESIAN_POINT ( 'NONE',  ( 33.32232879672930892, 22.23817181023015266, 8.623210178535375192 ) ) ;
#6139 = DIRECTION ( 'NONE',  ( 0.000000000000000000, -0.02844266007110466538, -0.9995954257038591750 ) ) ;
#6140 = CARTESIAN_POINT ( 'NONE',  ( -59.31574819827945788, -38.35601728005571687, 1.069372689675313515 ) ) ;
#6141 = VECTOR ( 'NONE', #4445, 999.9999999999998863 ) ;
#6142 = EDGE_CURVE ( 'NONE', #2018, #247, #4864, .T. ) ;
#6143 = ADVANCED_FACE ( 'NONE', ( #2635 ), #5655, .F. ) ;
#6144 = EDGE_LOOP ( 'NONE', ( #9600, #1286, #5633, #8603 ) ) ;
#6145 = DIRECTION ( 'NONE',  ( -1.000000000000000000, -0.000000000000000000, -0.000000000000000000 ) ) ;
#6146 = ORIENTED_EDGE ( 'NONE', *, *, #1056, .F. ) ;
#6147 = CARTESIAN_POINT ( 'NONE',  ( 18.22645436741620983, 66.59567100168612797, 81.00000000000000000 ) ) ;
#6148 = ADVANCED_FACE ( 'NONE', ( #1148 ), #4177, .F. ) ;
#6149 = VERTEX_POINT ( 'NONE', #1752 ) ;
#6150 = FACE_OUTER_BOUND ( 'NONE', #4319, .T. ) ;
#6151 = DIRECTION ( 'NONE',  ( 0.000000000000000000, -0.8514537021307104769, 0.5244297790247111068 ) ) ;
#6152 = DIRECTION ( 'NONE',  ( 0.000000000000000000, -0.02844266007110327760, -0.9995954257038591750 ) ) ;
#6153 = CARTESIAN_POINT ( 'NONE',  ( 20.00000000000000000, -48.95995949022800886, 13.37678982146587714 ) ) ;
#6154 = CARTESIAN_POINT ( 'NONE',  ( 33.32232879672930892, -17.61988542917695355, 58.62321017853579264 ) ) ;
#6155 = VECTOR ( 'NONE', #2316, 1000.000000000000000 ) ;
#6156 = CARTESIAN_POINT ( 'NONE',  ( -76.52929407931311800, -14.42323075470239679, 1.000000000000000222 ) ) ;
#6157 = CARTESIAN_POINT ( 'NONE',  ( 17.00000000000000000, 45.00000000000000000, 30.03774688497164291 ) ) ;
#6158 = EDGE_CURVE ( 'NONE', #3992, #1368, #6897, .T. ) ;
#6159 = ORIENTED_EDGE ( 'NONE', *, *, #3379, .F. ) ;
#6160 = ORIENTED_EDGE ( 'NONE', *, *, #6044, .F. ) ;
#6161 = VECTOR ( 'NONE', #2848, 1000.000000000000114 ) ;
#6162 = EDGE_LOOP ( 'NONE', ( #1978, #3808, #9748, #6709, #7200, #4510 ) ) ;
#6163 = CARTESIAN_POINT ( 'NONE',  ( 20.00000000000005329, 66.44301703982486629, 81.00000000000000000 ) ) ;
#6164 = EDGE_CURVE ( 'NONE', #6177, #8100, #7737, .T. ) ;
#6165 = CARTESIAN_POINT ( 'NONE',  ( 77.96903647045041907, -22.01512402941432356, 27.77884079686360153 ) ) ;
#6166 = CARTESIAN_POINT ( 'NONE',  ( -78.91444612203223130, 0.3664039769709325767, 0.5999334362147593636 ) ) ;
#6167 = CARTESIAN_POINT ( 'NONE',  ( -17.53751946853367016, 59.60665446758332564, 27.73610564545858637 ) ) ;
#6168 = VECTOR ( 'NONE', #5273, 1000.000000000000114 ) ;
#6169 = CARTESIAN_POINT ( 'NONE',  ( 33.32232879672930892, 22.23817181023015266, 68.62321017853537342 ) ) ;
#6170 = UNCERTAINTY_MEASURE_WITH_UNIT (LENGTH_MEASURE( 1.000000000000000082E-05 ), #8107, 'distance_accuracy_value', 'NONE');
#6171 = EDGE_CURVE ( 'NONE', #4204, #9722, #8479, .T. ) ;
#6172 = ORIENTED_EDGE ( 'NONE', *, *, #6809, .T. ) ;
#6173 = VERTEX_POINT ( 'NONE', #4531 ) ;
#6174 = DIRECTION ( 'NONE',  ( -0.000000000000000000, -0.8514537021307111431, 0.5244297790247101076 ) ) ;
#6175 = PLANE ( 'NONE',  #435 ) ;
#6177 = VERTEX_POINT ( 'NONE', #3737 ) ;
#6176 = CARTESIAN_POINT ( 'NONE',  ( 18.73791927113154898, -66.63527234539958499, 81.00000000000000000 ) ) ;
#6178 = LINE ( 'NONE', #6969, #7241 ) ;
#6179 = CARTESIAN_POINT ( 'NONE',  ( 33.32232879672930892, 26.78170511838488466, 31.00000000000020961 ) ) ;
#6180 = CARTESIAN_POINT ( 'NONE',  ( 76.14058952261267166, 15.49077583345841802, 1.000000000000000000 ) ) ;
#6181 = DIRECTION ( 'NONE',  ( -1.000000000000000000, -0.000000000000000000, -0.000000000000000000 ) ) ;
#6182 = VECTOR ( 'NONE', #1609, 1000.000000000000114 ) ;
#6183 = ORIENTED_EDGE ( 'NONE', *, *, #7293, .F. ) ;
#6184 = ORIENTED_EDGE ( 'NONE', *, *, #8391, .F. ) ;
#6185 = PLANE ( 'NONE',  #5182 ) ;
#6186 = AXIS2_PLACEMENT_3D ( 'NONE', #1718, #9291, #9066 ) ;
#6187 = VECTOR ( 'NONE', #5037, 1000.000000000000114 ) ;
#6188 = VERTEX_POINT ( 'NONE', #8385 ) ;
#6189 = PLANE ( 'NONE',  #8989 ) ;
#6190 = CARTESIAN_POINT ( 'NONE',  ( -14.99793973426035265, -56.97489347086396094, 0.5414147313744722689 ) ) ;
#6191 = LINE ( 'NONE', #6787, #3032 ) ;
#6192 = CARTESIAN_POINT ( 'NONE',  ( 20.00000000000000000, -33.50332874893501867, 51.00000000000083844 ) ) ;
#6193 = CARTESIAN_POINT ( 'NONE',  ( -75.20192060874491347, -17.79965485109594425, 1.081618012507306048 ) ) ;
#6194 = AXIS2_PLACEMENT_3D ( 'NONE', #1444, #9023, #8277 ) ;
#6195 = EDGE_LOOP ( 'NONE', ( #8540, #821, #900, #8590 ) ) ;
#6196 = LINE ( 'NONE', #1546, #6833 ) ;
#6197 = ORIENTED_EDGE ( 'NONE', *, *, #6208, .T. ) ;
#6198 = CARTESIAN_POINT ( 'NONE',  ( 20.00000000000000000, -17.76215628866530949, 68.62321017853578553 ) ) ;
#6199 = ORIENTED_EDGE ( 'NONE', *, *, #660, .T. ) ;
#6200 = DIRECTION ( 'NONE',  ( 0.000000000000000000, 0.8798963622018151076, 0.4751656466791471800 ) ) ;
#6201 = CARTESIAN_POINT ( 'NONE',  ( 145.9104477611939501, -46.60928061002643830, 82.00000000000000000 ) ) ;
#6202 = CARTESIAN_POINT ( 'NONE',  ( 17.00000000000000000, 45.00000000000000000, 31.03860113793880160 ) ) ;
#6203 = AXIS2_PLACEMENT_3D ( 'NONE', #2577, #5596, #1829 ) ;
#6204 = PLANE ( 'NONE',  #1448 ) ;
#6205 = LINE ( 'NONE', #3789, #5555 ) ;
#6206 = CARTESIAN_POINT ( 'NONE',  ( -53.34138320412018430, -42.80904048802051420, 1.000000000000000222 ) ) ;
#6207 = DIRECTION ( 'NONE',  ( 0.000000000000000000, -0.8514537021307104769, 0.5244297790247111068 ) ) ;
#6208 = EDGE_CURVE ( 'NONE', #5268, #8488, #112, .T. ) ;
#6209 = ORIENTED_EDGE ( 'NONE', *, *, #3938, .T. ) ;
#6210 = EDGE_LOOP ( 'NONE', ( #1631, #2193, #1004, #40 ) ) ;
#6211 = ORIENTED_EDGE ( 'NONE', *, *, #2365, .T. ) ;
#6212 = CARTESIAN_POINT ( 'NONE',  ( -3.000000000000000000, -34.50000000000004263, 19.64061919046182680 ) ) ;
#6213 = CARTESIAN_POINT ( 'NONE',  ( 77.23019644302448228, -23.35142435628885238, 27.77754260614654669 ) ) ;
#6214 = CARTESIAN_POINT ( 'NONE',  ( -80.37213013074183721, 16.90012466353492826, 27.78329676683420146 ) ) ;
#6215 = EDGE_CURVE ( 'NONE', #9073, #6591, #6746, .T. ) ;
#6216 = EDGE_CURVE ( 'NONE', #7842, #8191, #1703, .T. ) ;
#6217 = DIRECTION ( 'NONE',  ( 0.000000000000000000, 0.02844266007110470701, 0.9995954257038591750 ) ) ;
#6218 = CARTESIAN_POINT ( 'NONE',  ( -23.14304732938655818, 58.61557907490470853, 27.73741762858660209 ) ) ;
#6219 = CARTESIAN_POINT ( 'NONE',  ( -3.000000000000000000, 42.49999999999997158, 20.03860113793879805 ) ) ;
#6220 = EDGE_CURVE ( 'NONE', #7785, #7916, #3625, .T. ) ;
#6221 = EDGE_LOOP ( 'NONE', ( #5702, #4898, #8124, #7048 ) ) ;
#6222 = ORIENTED_EDGE ( 'NONE', *, *, #4236, .F. ) ;
#6223 = DIRECTION ( 'NONE',  ( 0.000000000000000000, 0.9995954257038592861, -0.02844266007110471048 ) ) ;
#6224 = CARTESIAN_POINT ( 'NONE',  ( 20.00000000000000000, -29.10206630026864616, 23.37678982146566753 ) ) ;
#6226 = ORIENTED_EDGE ( 'NONE', *, *, #3991, .F. ) ;
#6225 = FACE_OUTER_BOUND ( 'NONE', #3895, .T. ) ;
#6227 = CARTESIAN_POINT ( 'NONE',  ( -80.00000000000000000, 1.662686369618629601E-15, 0.000000000000000000 ) ) ;
#6228 = CARTESIAN_POINT ( 'NONE',  ( -0.5000000000002060574, 52.49999999999992895, 31.03860113793880160 ) ) ;
#6229 = AXIS2_PLACEMENT_3D ( 'NONE', #8181, #8084, #4330 ) ;
#6230 = CARTESIAN_POINT ( 'NONE',  ( -37.39971931364107149, 51.08895261873015414, 1.000000000000000222 ) ) ;
#6231 = CARTESIAN_POINT ( 'NONE',  ( 17.00000000000001776, 65.86347318203229406, 82.00000000000001421 ) ) ;
#6232 = VERTEX_POINT ( 'NONE', #3146 ) ;
#6233 = CARTESIAN_POINT ( 'NONE',  ( 20.00000000000000000, 66.32865214783412000, 81.00000000000000000 ) ) ;
#6234 = ORIENTED_EDGE ( 'NONE', *, *, #5024, .F. ) ;
#6235 = CARTESIAN_POINT ( 'NONE',  ( 17.00000000000000000, -66.74328857565157591, 82.00000000000000000 ) ) ;
#6236 = FACE_OUTER_BOUND ( 'NONE', #8306, .T. ) ;
#6237 = CARTESIAN_POINT ( 'NONE',  ( 33.32232879672930892, -48.95995949022800886, 43.37678982146587003 ) ) ;
#6238 = CARTESIAN_POINT ( 'NONE',  ( 33.32232879672930892, 10.89826179862681066, 53.37678982146525186 ) ) ;
#6239 = CARTESIAN_POINT ( 'NONE',  ( -70.03843881918400882, -26.92046861594233320, 1.076837993850322306 ) ) ;
#6240 = VERTEX_POINT ( 'NONE', #6799 ) ;
#6241 = CARTESIAN_POINT ( 'NONE',  ( 17.00000000000000000, -48.95995949022800886, 43.37678982146587003 ) ) ;
#6242 = ORIENTED_EDGE ( 'NONE', *, *, #4037, .T. ) ;
#6243 = CARTESIAN_POINT ( 'NONE',  ( -32.16309985799307469, -62.90961998599522786, 81.99999999999998579 ) ) ;
#6244 = ORIENTED_EDGE ( 'NONE', *, *, #893, .F. ) ;
#6245 = CARTESIAN_POINT ( 'NONE',  ( 20.00000000000000000, 42.23833585967788196, 68.62321017853516025 ) ) ;
#6246 = DIRECTION ( 'NONE',  ( 0.000000000000000000, 0.02844266007110470701, 0.9995954257038591750 ) ) ;
#6247 = CARTESIAN_POINT ( 'NONE',  ( 74.99999999999998579, 109.9999999999999858, 1.000000000000000000 ) ) ;
#6248 = DIRECTION ( 'NONE',  ( 0.000000000000000000, -1.000000000000000000, 1.561251128379127174E-15 ) ) ;
#6249 = CARTESIAN_POINT ( 'NONE',  ( 26.65958444115370796, 54.57542117831744122, 0.5448136631672190200 ) ) ;
#6250 = CARTESIAN_POINT ( 'NONE',  ( -75.28244682285560430, -17.57863567069767541, 1.000000000000000000 ) ) ;
#6251 = PLANE ( 'NONE',  #8690 ) ;
#6252 = VECTOR ( 'NONE', #3544, 1000.000000000000000 ) ;
#6253 = ORIENTED_EDGE ( 'NONE', *, *, #9128, .T. ) ;
#6254 = ORIENTED_EDGE ( 'NONE', *, *, #8091, .T. ) ;
#6255 = ORIENTED_EDGE ( 'NONE', *, *, #1194, .F. ) ;
#6256 = DIRECTION ( 'NONE',  ( -1.000000000000000000, 0.000000000000000000, 0.000000000000000000 ) ) ;
#6257 = EDGE_LOOP ( 'NONE', ( #4997, #3114, #3358, #732 ) ) ;
#6258 = CARTESIAN_POINT ( 'NONE',  ( 77.37918859300100394, -23.08624745960293723, 27.77780269275411840 ) ) ;
#6259 = EDGE_CURVE ( 'NONE', #8205, #690, #14, .T. ) ;
#6260 = CARTESIAN_POINT ( 'NONE',  ( -88.07781106837245488, 5.193577043753585976, 54.97968269245568962 ) ) ;
#6261 = FACE_OUTER_BOUND ( 'NONE', #4604, .T. ) ;
#6262 = CARTESIAN_POINT ( 'NONE',  ( -28.67235773222805406, 63.73942342698545360, 82.11429720858986059 ) ) ;
#6263 = DIRECTION ( 'NONE',  ( -1.000000000000000000, -0.000000000000000000, -0.000000000000000000 ) ) ;
#6264 = VERTEX_POINT ( 'NONE', #5324 ) ;
#6265 = ADVANCED_FACE ( 'NONE', ( #3097 ), #164, .F. ) ;
#6266 = VERTEX_POINT ( 'NONE', #2401 ) ;
#6267 = LINE ( 'NONE', #5492, #5310 ) ;
#6268 = ADVANCED_FACE ( 'NONE', ( #3194 ), #2451, .F. ) ;
#6269 = DIRECTION ( 'NONE',  ( -1.000000000000000000, -0.000000000000000000, -0.000000000000000000 ) ) ;
#6270 = LINE ( 'NONE', #9347, #3653 ) ;
#6271 = ADVANCED_FACE ( 'NONE', ( #3932 ), #1555, .T. ) ;
#6272 = DIRECTION ( 'NONE',  ( 0.000000000000000000, -0.02844266007110470007, -0.9995954257038591750 ) ) ;
#6273 = LINE ( 'NONE', #9349, #2428 ) ;
#6274 = LINE ( 'NONE', #1874, #7891 ) ;
#6275 = DIRECTION ( 'NONE',  ( 0.000000000000000000, 0.4751656466791477906, -0.8798963622018148856 ) ) ;
#6276 = EDGE_CURVE ( 'NONE', #9797, #2410, #5425, .T. ) ;
#6277 = ORIENTED_EDGE ( 'NONE', *, *, #1002, .T. ) ;
#6278 = CARTESIAN_POINT ( 'NONE',  ( 17.00000000000000000, -49.10223034971637190, 38.37678982146587714 ) ) ;
#6279 = ORIENTED_EDGE ( 'NONE', *, *, #8795, .F. ) ;
#6280 = EDGE_CURVE ( 'NONE', #7809, #611, #815, .T. ) ;
#6281 = LINE ( 'NONE', #7124, #9621 ) ;
#6282 = LINE ( 'NONE', #5557, #6781 ) ;
#6283 = CARTESIAN_POINT ( 'NONE',  ( 20.00000000000000000, -57.62021352807240504, 73.62321017853621186 ) ) ;
#6284 = VECTOR ( 'NONE', #9750, 1000.000000000000114 ) ;
#6285 = CARTESIAN_POINT ( 'NONE',  ( 20.00000000000000000, -49.10223034971637190, 8.376789821465877139 ) ) ;
#6286 = CARTESIAN_POINT ( 'NONE',  ( -66.76038729587713760, -31.01603646801166647, 1.074285590893295561 ) ) ;
#6287 = EDGE_LOOP ( 'NONE', ( #1755, #4522, #1166, #1298 ) ) ;
#6288 = LINE ( 'NONE', #8575, #5258 ) ;
#6289 = ORIENTED_EDGE ( 'NONE', *, *, #7417, .T. ) ;
#6290 = DIRECTION ( 'NONE',  ( 0.000000000000000000, -0.4751656466791471800, 0.8798963622018151076 ) ) ;
#6291 = ORIENTED_EDGE ( 'NONE', *, *, #276, .T. ) ;
#6292 = CARTESIAN_POINT ( 'NONE',  ( 20.00000000000000000, 22.23817181023015266, 68.62321017853537342 ) ) ;
#6293 = DIRECTION ( 'NONE',  ( 0.000000000000000000, -0.9995954257038592861, 0.02844266007110328107 ) ) ;
#6294 = LINE ( 'NONE', #9279, #1114 ) ;
#6295 = CARTESIAN_POINT ( 'NONE',  ( 135.8003321380219006, 85.87448793804520619, 1.000000000000000000 ) ) ;
#6296 = CARTESIAN_POINT ( 'NONE',  ( 71.07344829387272966, 25.58731213168504226, 1.086298991543278580 ) ) ;
#6297 = CARTESIAN_POINT ( 'NONE',  ( 60.44251831941323871, -37.38340188771039863, 0.9999999999999997780 ) ) ;
#6298 = DIRECTION ( 'NONE',  ( 0.000000000000000000, 0.8798963622018145525, 0.4751656466791481792 ) ) ;
#6299 = VECTOR ( 'NONE', #1826, 1000.000000000000000 ) ;
#6300 = ORIENTED_EDGE ( 'NONE', *, *, #9652, .T. ) ;
#6301 = EDGE_LOOP ( 'NONE', ( #6222, #5584, #8753, #2868 ) ) ;
#6302 = ORIENTED_EDGE ( 'NONE', *, *, #9069, .F. ) ;
#6303 = DIRECTION ( 'NONE',  ( 0.000000000000000000, -0.02844266007110470007, -0.9995954257038591750 ) ) ;
#6304 = VECTOR ( 'NONE', #2775, 1000.000000000000000 ) ;
#6305 = ORIENTED_EDGE ( 'NONE', *, *, #4343, .F. ) ;
#6306 = CARTESIAN_POINT ( 'NONE',  ( 83.49311111030536381, 4.749728786596839392, 27.78978385435640419 ) ) ;
#6307 = CARTESIAN_POINT ( 'NONE',  ( -93.01235610600899406, 0.4660989830464287720, 82.17030996709488022 ) ) ;
#6308 = DIRECTION ( 'NONE',  ( 0.000000000000000000, -0.02844266007110327760, -0.9995954257038591750 ) ) ;
#6309 = CARTESIAN_POINT ( 'NONE',  ( -9.744073710091397444, 66.63698934844309463, 82.11086688986191007 ) ) ;
#6310 = AXIS2_PLACEMENT_3D ( 'NONE', #3344, #7795, #2455 ) ;
#6311 = VERTEX_POINT ( 'NONE', #6853 ) ;
#6312 = EDGE_CURVE ( 'NONE', #1314, #9708, #9231, .T. ) ;
#6313 = ORIENTED_EDGE ( 'NONE', *, *, #6578, .T. ) ;
#6314 = CARTESIAN_POINT ( 'NONE',  ( 75.50685216759715956, -17.06716315074017132, 1.081929032607532148 ) ) ;
#6315 = VECTOR ( 'NONE', #7481, 1000.000000000000114 ) ;
#6316 = CARTESIAN_POINT ( 'NONE',  ( 17.00000000000000000, 22.23817181023015266, 8.623210178535375192 ) ) ;
#6317 = CARTESIAN_POINT ( 'NONE',  ( -3.000000000000000000, 42.49999999999986500, 3.638601137938800356 ) ) ;
#6318 = CARTESIAN_POINT ( 'NONE',  ( 33.32232879672930892, 31.04069670756290122, 43.37678982146503870 ) ) ;
#6319 = CARTESIAN_POINT ( 'NONE',  ( -4.569085576309038110, 57.90874523235815019, 1.000000000000000222 ) ) ;
#6320 = CARTESIAN_POINT ( 'NONE',  ( -73.73605988552721158, 22.88620039310741561, 1.000000000000000000 ) ) ;
#6321 = AXIS2_PLACEMENT_3D ( 'NONE', #2496, #8528, #9463 ) ;
#6322 = ORIENTED_EDGE ( 'NONE', *, *, #8268, .T. ) ;
#6323 = EDGE_CURVE ( 'NONE', #5292, #5964, #6943, .T. ) ;
#6324 = ORIENTED_EDGE ( 'NONE', *, *, #243, .F. ) ;
#6325 = CARTESIAN_POINT ( 'NONE',  ( 33.32232879672930892, 11.04053265811517193, 58.37678982146525186 ) ) ;
#6326 = ORIENTED_EDGE ( 'NONE', *, *, #1056, .T. ) ;
#6327 = FACE_OUTER_BOUND ( 'NONE', #5146, .T. ) ;
#6328 = VECTOR ( 'NONE', #9167, 1000.000000000000000 ) ;
#6329 = DIRECTION ( 'NONE',  ( -1.000000000000000000, -0.000000000000000000, -0.000000000000000000 ) ) ;
#6330 = CARTESIAN_POINT ( 'NONE',  ( -75.00000000000000000, 0.000000000000000000, 1.000000000000000000 ) ) ;
#6331 = EDGE_CURVE ( 'NONE', #1384, #2979, #1660, .T. ) ;
#6332 = DIRECTION ( 'NONE',  ( 0.000000000000000000, 0.000000000000000000, 1.000000000000000000 ) ) ;
#6333 = EDGE_CURVE ( 'NONE', #7210, #5085, #906, .T. ) ;
#6334 = ADVANCED_FACE ( 'NONE', ( #6993 ), #313, .F. ) ;
#6335 = CIRCLE ( 'NONE', #2245, 1.399999999999998579 ) ;
#6336 = ORIENTED_EDGE ( 'NONE', *, *, #7495, .F. ) ;
#6337 = DIRECTION ( 'NONE',  ( -1.000000000000000000, -0.000000000000000000, -0.000000000000000000 ) ) ;
#6338 = EDGE_LOOP ( 'NONE', ( #7940, #8319, #236, #5072 ) ) ;
#6339 = CARTESIAN_POINT ( 'NONE',  ( -42.27730792677716920, -59.72426752292649610, 82.00000000000008527 ) ) ;
#6340 = VERTEX_POINT ( 'NONE', #2597 ) ;
#6341 = CARTESIAN_POINT ( 'NONE',  ( -3.000000000000000000, -34.50000000000014921, 6.040619190461827159 ) ) ;
#6342 = CARTESIAN_POINT ( 'NONE',  ( 17.00000000000000000, -53.21895107940602543, 46.00000000000103739 ) ) ;
#6343 = DIRECTION ( 'NONE',  ( 0.000000000000000000, 0.8798963622018147746, 0.4751656466791477351 ) ) ;
#6344 = CARTESIAN_POINT ( 'NONE',  ( -8.000000000000000000, 45.00000000000000000, 1.038601137938794494 ) ) ;
#6345 = CARTESIAN_POINT ( 'NONE',  ( -39.70041927991210429, 50.28023016760729291, 1.000000000000000000 ) ) ;
#6346 = AXIS2_PLACEMENT_3D ( 'NONE', #3037, #4518, #9222 ) ;
#6347 = CARTESIAN_POINT ( 'NONE',  ( -52.32292121923990180, -43.60790554002650055, 1.086298605844412402 ) ) ;
#6348 = EDGE_CURVE ( 'NONE', #665, #1644, #6294, .T. ) ;
#6349 = CARTESIAN_POINT ( 'NONE',  ( 33.32232879672930892, 46.78186916783261040, 76.00000000000000000 ) ) ;
#6350 = VECTOR ( 'NONE', #5214, 1000.000000000000114 ) ;
#6351 = ORIENTED_EDGE ( 'NONE', *, *, #8754, .F. ) ;
#6352 = EDGE_LOOP ( 'NONE', ( #209, #3237, #549, #4731 ) ) ;
#6353 = ORIENTED_EDGE ( 'NONE', *, *, #7297, .F. ) ;
#6354 = CARTESIAN_POINT ( 'NONE',  ( 20.00000000000000000, 6.496999349960439041, 36.00000000000041922 ) ) ;
#6355 = AXIS2_PLACEMENT_3D ( 'NONE', #6416, #989, #1173 ) ;
#6356 = EDGE_LOOP ( 'NONE', ( #7960, #7996, #4628, #6305, #7106, #2547 ) ) ;
#6357 = ORIENTED_EDGE ( 'NONE', *, *, #281, .F. ) ;
#6358 = CARTESIAN_POINT ( 'NONE',  ( 84.32251042324455170, 28.34655626508008197, 82.15510083108668482 ) ) ;
#6359 = CARTESIAN_POINT ( 'NONE',  ( -53.23522156954179252, -42.75957559748407277, 0.5615406790350292443 ) ) ;
#6360 = CARTESIAN_POINT ( 'NONE',  ( 79.00000000000000000, -9.920120606961564495E-09, 1.085783689991117518 ) ) ;
#6361 = CARTESIAN_POINT ( 'NONE',  ( -42.88560803980956138, 55.92617923753164888, 54.93250280968909038 ) ) ;
#6362 = VECTOR ( 'NONE', #338, 1000.000000000000000 ) ;
#6363 = ORIENTED_EDGE ( 'NONE', *, *, #1002, .F. ) ;
#6364 = EDGE_LOOP ( 'NONE', ( #5354, #7005, #359, #5550 ) ) ;
#6365 = CARTESIAN_POINT ( 'NONE',  ( 33.32232879672930892, -28.95979544078028312, 43.37678982146566398 ) ) ;
#6366 = LINE ( 'NONE', #2662, #3499 ) ;
#6367 = FACE_BOUND ( 'NONE', #9083, .T. ) ;
#6368 = DIRECTION ( 'NONE',  ( 0.000000000000000000, 0.02844266007110470701, 0.9995954257038591750 ) ) ;
#6369 = CARTESIAN_POINT ( 'NONE',  ( -22.34382900188492016, 55.73187950223475440, 0.9999999999999997780 ) ) ;
#6370 = CARTESIAN_POINT ( 'NONE',  ( -3.000000000000000000, -34.50000000000007816, 16.04061919046182538 ) ) ;
#6371 = AXIS2_PLACEMENT_3D ( 'NONE', #8827, #1399, #2897 ) ;
#6372 = ORIENTED_EDGE ( 'NONE', *, *, #473, .F. ) ;
#6373 = EDGE_LOOP ( 'NONE', ( #8202, #3756, #173, #3601, #2088, #3216 ) ) ;
#6374 = CARTESIAN_POINT ( 'NONE',  ( 33.32232879672930892, 2.238007760782423361, 8.623210178535583026 ) ) ;
#6375 = ORIENTED_EDGE ( 'NONE', *, *, #4172, .F. ) ;
#6376 = CARTESIAN_POINT ( 'NONE',  ( 17.00000000000000000, -13.50316469948729292, 36.00000000000062528 ) ) ;
#6377 = CARTESIAN_POINT ( 'NONE',  ( 20.00000000000000000, 10.89826179862681066, 8.376789821465251862 ) ) ;
#6378 = DIRECTION ( 'NONE',  ( -1.000000000000000000, -0.000000000000000000, -0.000000000000000000 ) ) ;
#6379 = EDGE_CURVE ( 'NONE', #8797, #3425, #958, .T. ) ;
#6380 = DIRECTION ( 'NONE',  ( -1.000000000000000000, -0.000000000000000000, -0.000000000000000000 ) ) ;
#6381 = ORIENTED_EDGE ( 'NONE', *, *, #5625, .T. ) ;
#6382 = EDGE_LOOP ( 'NONE', ( #8972, #1948, #5651, #6400, #2170 ) ) ;
#6383 = CARTESIAN_POINT ( 'NONE',  ( 17.00000000000000000, 45.00000000000584066, 1.038601137938794494 ) ) ;
#6384 = ADVANCED_FACE ( 'NONE', ( #5838 ), #946, .T. ) ;
#6385 = ORIENTED_EDGE ( 'NONE', *, *, #8935, .T. ) ;
#6386 = CARTESIAN_POINT ( 'NONE',  ( 17.00000000000000000, -37.62004947862467930, 28.62321017853600225 ) ) ;
#6387 = ADVANCED_FACE ( 'NONE', ( #5520 ), #8530, .F. ) ;
#6388 = APPLICATION_CONTEXT ( 'automotive_design' ) ;
#6389 = ORIENTED_EDGE ( 'NONE', *, *, #4593, .F. ) ;
#6390 = DIRECTION ( 'NONE',  ( 0.000000000000000000, -0.8514537021307111431, 0.5244297790247101076 ) ) ;
#6391 = DIRECTION ( 'NONE',  ( 0.000000000000000000, 0.8798963622018151076, 0.4751656466791471800 ) ) ;
#6392 = VERTEX_POINT ( 'NONE', #7791 ) ;
#6393 = CARTESIAN_POINT ( 'NONE',  ( 17.00000000000000000, -13.21862298051057394, 16.00000000000062528 ) ) ;
#6394 = CARTESIAN_POINT ( 'NONE',  ( -94.00000000000000000, 2.270200223097281350E-15, 82.00000000000000000 ) ) ;
#6395 = EDGE_CURVE ( 'NONE', #9722, #1935, #1007, .T. ) ;
#6396 = DIRECTION ( 'NONE',  ( 0.000000000000000000, 0.8798963622018152186, 0.4751656466791470135 ) ) ;
#6397 = CARTESIAN_POINT ( 'NONE',  ( -3.000000000000000000, -34.50000000000011369, 9.640619190461830357 ) ) ;
#6398 = ORIENTED_EDGE ( 'NONE', *, *, #4690, .F. ) ;
#6399 = CARTESIAN_POINT ( 'NONE',  ( 33.32232879672930892, -13.21862298051057394, 76.00000000000062528 ) ) ;
#6400 = ORIENTED_EDGE ( 'NONE', *, *, #596, .F. ) ;
#6401 = LINE ( 'NONE', #3396, #7045 ) ;
#6402 = EDGE_CURVE ( 'NONE', #4571, #5256, #7088, .T. ) ;
#6403 = ORIENTED_EDGE ( 'NONE', *, *, #5003, .T. ) ;
#6404 = CARTESIAN_POINT ( 'NONE',  ( 78.88924559771155032, -1.508180116478026411, 0.5998872187638044640 ) ) ;
#6405 = CARTESIAN_POINT ( 'NONE',  ( -84.89229558616710847, -17.84948766304529499, 54.97335358914140357 ) ) ;
#6406 = ADVANCED_FACE ( 'NONE', ( #4820 ), #2077, .F. ) ;
#6407 = DIRECTION ( 'NONE',  ( 0.000000000000000000, 0.02844266007110470007, 0.9995954257038591750 ) ) ;
#6408 = CARTESIAN_POINT ( 'NONE',  ( -71.13399295431838709, 43.27325071081343566, 82.13884380075297997 ) ) ;
#6409 = VERTEX_POINT ( 'NONE', #264 ) ;
#6410 = ORIENTED_EDGE ( 'NONE', *, *, #9306, .F. ) ;
#6411 = CARTESIAN_POINT ( 'NONE',  ( 78.99999999978322762, -0.9291195886985239571, 1.085783580019542782 ) ) ;
#6412 = CARTESIAN_POINT ( 'NONE',  ( -3.000000000000000000, 42.49999999999986500, 5.038601137938799823 ) ) ;
#6413 = DIRECTION ( 'NONE',  ( -1.000000000000000000, 0.000000000000000000, 0.000000000000000000 ) ) ;
#6414 = LINE ( 'NONE', #5827, #2104 ) ;
#6415 = CARTESIAN_POINT ( 'NONE',  ( 33.32232879672930892, 26.78170511838488466, 76.00000000000021316 ) ) ;
#6416 = CARTESIAN_POINT ( 'NONE',  ( 33.32232879672930892, 6.496999349960439041, 66.00000000000042633 ) ) ;
#6417 = EDGE_LOOP ( 'NONE', ( #1688, #1028, #9650, #5098 ) ) ;
#6418 = ORIENTED_EDGE ( 'NONE', *, *, #3317, .F. ) ;
#6419 = CARTESIAN_POINT ( 'NONE',  ( 17.00000000000000000, 63.59034856782201928, 53.04899694829649093 ) ) ;
#6420 = ORIENTED_EDGE ( 'NONE', *, *, #9392, .F. ) ;
#6421 = DIRECTION ( 'NONE',  ( 0.000000000000000000, 0.000000000000000000, 1.000000000000000000 ) ) ;
#6422 = LINE ( 'NONE', #394, #9318 ) ;
#6423 = PLANE ( 'NONE',  #341 ) ;
#6424 = DIRECTION ( 'NONE',  ( 0.000000000000000000, 0.8798963622018147746, 0.4751656466791477351 ) ) ;
#6425 = DIRECTION ( 'NONE',  ( -1.000000000000000000, 0.000000000000000000, 0.000000000000000000 ) ) ;
#6426 = EDGE_CURVE ( 'NONE', #1616, #1368, #7833, .T. ) ;
#6427 = ORIENTED_EDGE ( 'NONE', *, *, #2528, .T. ) ;
#6428 = DIRECTION ( 'NONE',  ( -0.6605840444103994180, -0.6605840444103884268, -0.3567316085530033987 ) ) ;
#6429 = AXIS2_PLACEMENT_3D ( 'NONE', #8007, #6526, #5788 ) ;
#6430 = ORIENTED_EDGE ( 'NONE', *, *, #8648, .T. ) ;
#6431 = CARTESIAN_POINT ( 'NONE',  ( 20.00000000000000000, 26.49716339940816212, 36.00000000000021316 ) ) ;
#6432 = CARTESIAN_POINT ( 'NONE',  ( 17.00000000000000000, -57.62021352807240504, 58.62321017853621186 ) ) ;
#6433 = LINE ( 'NONE', #8075, #4928 ) ;
#6434 = CARTESIAN_POINT ( 'NONE',  ( -25.53456545261073174, 55.01515764580624079, 1.000000000000000000 ) ) ;
#6435 = CARTESIAN_POINT ( 'NONE',  ( 78.63261162517765968, -5.695678960192608997, 1.000000000000000000 ) ) ;
#6436 = DIRECTION ( 'NONE',  ( -1.000000000000000000, -0.000000000000000000, -0.000000000000000000 ) ) ;
#6437 = ADVANCED_FACE ( 'NONE', ( #9599 ), #5570, .F. ) ;
#6438 = AXIS2_PLACEMENT_3D ( 'NONE', #8529, #3886, #6246 ) ;
#6439 = ORIENTED_EDGE ( 'NONE', *, *, #7364, .F. ) ;
#6440 = ORIENTED_EDGE ( 'NONE', *, *, #153, .T. ) ;
#6441 = EDGE_CURVE ( 'NONE', #4356, #2976, #9377, .T. ) ;
#6442 = VERTEX_POINT ( 'NONE', #5614 ) ;
#6443 = DIRECTION ( 'NONE',  ( -0.7071067810651288088, 0.7071067810651161523, -1.853218991662585363E-05 ) ) ;
#6444 = EDGE_LOOP ( 'NONE', ( #6087, #5435, #6676, #9238 ) ) ;
#6445 = DIRECTION ( 'NONE',  ( 0.000000000000000000, 0.4751656466791477906, -0.8798963622018148856 ) ) ;
#6446 = CARTESIAN_POINT ( 'NONE',  ( 78.82496698415602054, 20.41063723275638253, 27.78037557585302508 ) ) ;
#6447 = AXIS2_PLACEMENT_3D ( 'NONE', #8614, #5506, #2533 ) ;
#6448 = CARTESIAN_POINT ( 'NONE',  ( -92.01520143031842736, -10.16444669704753778, 82.16831085999713480 ) ) ;
#6449 = EDGE_CURVE ( 'NONE', #7853, #3672, #1847, .T. ) ;
#6450 = CARTESIAN_POINT ( 'NONE',  ( 20.00000000000000000, 26.49716339940816567, 66.00000000000021316 ) ) ;
#6451 = CARTESIAN_POINT ( 'NONE',  ( -80.79872323202360462, 33.17560297530315694, 82.15015714246496259 ) ) ;
#6452 = VECTOR ( 'NONE', #5955, 1000.000000000000000 ) ;
#6453 = EDGE_CURVE ( 'NONE', #424, #9265, #4079, .T. ) ;
#6454 = ADVANCED_FACE ( 'NONE', ( #5101 ), #8627, .F. ) ;
#6455 = ORIENTED_EDGE ( 'NONE', *, *, #5067, .F. ) ;
#6456 = VERTEX_POINT ( 'NONE', #8905 ) ;
#6457 = VECTOR ( 'NONE', #6863, 1000.000000000000000 ) ;
#6458 = EDGE_CURVE ( 'NONE', #74, #2148, #5938, .T. ) ;
#6459 = ORIENTED_EDGE ( 'NONE', *, *, #3367, .F. ) ;
#6460 = CARTESIAN_POINT ( 'NONE',  ( 66.73264567970041128, -31.03703038402679582, 1.074264640429293038 ) ) ;
#6461 = CARTESIAN_POINT ( 'NONE',  ( 23.25934584911995628, -55.36578657527763170, 0.5436911105506907482 ) ) ;
#6462 = DIRECTION ( 'NONE',  ( 0.000000000000000000, 0.000000000000000000, 1.000000000000000000 ) ) ;
#6463 = FACE_OUTER_BOUND ( 'NONE', #4184, .T. ) ;
#6464 = DIRECTION ( 'NONE',  ( -1.000000000000000000, -0.000000000000000000, -0.000000000000000000 ) ) ;
#6465 = PRESENTATION_LAYER_ASSIGNMENT (  '', '', ( #7255 ) ) ;
#6466 = FACE_OUTER_BOUND ( 'NONE', #2384, .T. ) ;
#6467 = CARTESIAN_POINT ( 'NONE',  ( 66.65118034221887910, 46.73518215086610184, 82.00000000000000000 ) ) ;
#6468 = EDGE_CURVE ( 'NONE', #7758, #8861, #8956, .T. ) ;
#6469 = ORIENTED_EDGE ( 'NONE', *, *, #5438, .F. ) ;
#6470 = AXIS2_PLACEMENT_3D ( 'NONE', #5092, #4349, #7353 ) ;
#6471 = VERTEX_POINT ( 'NONE', #3020 ) ;
#6472 = LINE ( 'NONE', #6673, #1864 ) ;
#6473 = ORIENTED_EDGE ( 'NONE', *, *, #3671, .T. ) ;
#6474 = DIRECTION ( 'NONE',  ( -0.7071067811865415775, 0.7071067811865534569, 0.000000000000000000 ) ) ;
#6475 = DIRECTION ( 'NONE',  ( -1.000000000000000000, -0.000000000000000000, -0.000000000000000000 ) ) ;
#6476 = LINE ( 'NONE', #1333, #4458 ) ;
#6477 = CARTESIAN_POINT ( 'NONE',  ( 17.00000000000000000, 0.000000000000000000, 0.000000000000000000 ) ) ;
#6478 = VECTOR ( 'NONE', #816, 1000.000000000000000 ) ;
#6479 = VECTOR ( 'NONE', #6200, 1000.000000000000114 ) ;
#6480 = CARTESIAN_POINT ( 'NONE',  ( 16.99999999999998224, -64.41937811726337770, 69.27411487266158474 ) ) ;
#6481 = ORIENTED_EDGE ( 'NONE', *, *, #534, .F. ) ;
#6482 = CARTESIAN_POINT ( 'NONE',  ( -89.64793839535708742, 17.85918613822756029, 82.00000000000002842 ) ) ;
#6483 = VECTOR ( 'NONE', #5148, 1000.000000000000000 ) ;
#6484 = ORIENTED_EDGE ( 'NONE', *, *, #6402, .F. ) ;
#6485 = PLANE ( 'NONE',  #9611 ) ;
#6486 = DIRECTION ( 'NONE',  ( 0.000000000000000000, 0.02844266007110466538, 0.9995954257038591750 ) ) ;
#6487 = DIRECTION ( 'NONE',  ( 0.000000000000000000, -0.8798963622018148856, -0.4751656466791477906 ) ) ;
#6488 = CARTESIAN_POINT ( 'NONE',  ( 79.00000000000000000, -9.920124036850238162E-09, 1.086298991543278580 ) ) ;
#6489 = CARTESIAN_POINT ( 'NONE',  ( 47.51558275266850728, -46.36057342468321707, 1.000000000000000222 ) ) ;
#6490 = CARTESIAN_POINT ( 'NONE',  ( 33.32232879672930892, -13.21862298051057394, 16.00000000000062528 ) ) ;
#6491 = AXIS2_PLACEMENT_3D ( 'NONE', #3406, #7203, #1870 ) ;
#6492 = ORIENTED_EDGE ( 'NONE', *, *, #7281, .F. ) ;
#6493 = LINE ( 'NONE', #2843, #5095 ) ;
#6494 = EDGE_LOOP ( 'NONE', ( #7003, #5031, #7033, #4623 ) ) ;
#6495 = CARTESIAN_POINT ( 'NONE',  ( 17.00000000000000000, 2.238007760782423361, 8.623210178535583026 ) ) ;
#6496 = ORIENTED_EDGE ( 'NONE', *, *, #3064, .T. ) ;
#6497 = PLANE ( 'NONE',  #2383 ) ;
#6498 = CARTESIAN_POINT ( 'NONE',  ( 17.00000000000000000, 49.99999999999997158, 31.03860113793880160 ) ) ;
#6499 = VECTOR ( 'NONE', #2007, 1000.000000000000227 ) ;
#6500 = EDGE_CURVE ( 'NONE', #2747, #3416, #1320, .T. ) ;
#6501 = VECTOR ( 'NONE', #2257, 1000.000000000000000 ) ;
#6502 = CARTESIAN_POINT ( 'NONE',  ( 68.77291421419529627, 34.65745182956290193, 27.76482556210458341 ) ) ;
#6503 = CARTESIAN_POINT ( 'NONE',  ( -65.44903025863720814, -37.92392101915979197, 27.76071635659337034 ) ) ;
#6504 = CARTESIAN_POINT ( 'NONE',  ( 77.09838049847211039, 12.67168621085009050, 1.083618961700911987 ) ) ;
#6505 = CARTESIAN_POINT ( 'NONE',  ( -70.24801530838551855, 26.50154187431989072, 0.5890569738362263497 ) ) ;
#6506 = AXIS2_PLACEMENT_3D ( 'NONE', #9624, #8132, #7435 ) ;
#6507 = ADVANCED_FACE ( 'NONE', ( #6824 ), #3603, .F. ) ;
#6508 = VECTOR ( 'NONE', #3719, 1000.000000000000114 ) ;
#6509 = EDGE_LOOP ( 'NONE', ( #6403, #1714, #4263, #6469 ) ) ;
#6510 = ORIENTED_EDGE ( 'NONE', *, *, #2899, .F. ) ;
#6511 = CARTESIAN_POINT ( 'NONE',  ( 78.39361932995275595, -7.401653977867807654, 1.085072456715546974 ) ) ;
#6512 = VECTOR ( 'NONE', #948, 1000.000000000000000 ) ;
#6513 = EDGE_CURVE ( 'NONE', #3380, #7393, #2323, .T. ) ;
#6514 = B_SPLINE_CURVE_WITH_KNOTS ( 'NONE', 3,
 ( #2683, #7034, #5703, #4216, #7828, #1890, #7786, #7084, #5609, #210, #309, #3240, #6243, #3335, #6339, #5110, #1385, #6582, #8916, #8862, #2035, #2136, #4415, #3469, #8222, #1235, #1287, #9610, #4264, #4365, #6632, #5057, #2784, #1439, #5006, #2929, #7421, #2830, #5800, #7371, #5849, #3673, #649, #2089, #8017, #8070, #2735, #5156, #8123, #5901, #600, #6482, #9563, #8169, #6684, #5205 ),
 .UNSPECIFIED., .F., .F.,
 ( 4, 2, 2, 2, 2, 2, 2, 2, 2, 2, 2, 2, 2, 2, 2, 2, 2, 2, 2, 2, 2, 2, 2, 2, 2, 2, 2, 4 ),
 ( 0.07339627176768521999, 0.08405719619199512882, 0.09471812061630502377, 0.1000485828284599921, 0.1053790450406149326, 0.1160399694649248276, 0.1267008938892347225, 0.1373618183135446313, 0.1426922805256995996, 0.1480227427378545402, 0.1586836671621644490, 0.1640141293743194173, 0.1666793604803968876, 0.1693445915864743578, 0.1800055160107842112, 0.1853359782229391794, 0.1880012093290166497, 0.1906664404350941200, 0.2013273648594039456, 0.2066578270715588861, 0.2093230581776363008, 0.2119882892837137711, 0.2226492137080236522, 0.2253144448141011225, 0.2279796759201785927, 0.2333101381323335333, 0.2386406003444884738, 0.2439710625566433588 ),
 .UNSPECIFIED. ) ;
#6515 = EDGE_CURVE ( 'NONE', #3880, #934, #9765, .T. ) ;
#6516 = CARTESIAN_POINT ( 'NONE',  ( 31.48636314686900661, -59.81031500415556934, 54.92553168301258637 ) ) ;
#6517 = CARTESIAN_POINT ( 'NONE',  ( -3.000000000000000000, -34.50000000000007816, 16.04061919046182538 ) ) ;
#6518 = DIRECTION ( 'NONE',  ( -1.000000000000000000, -0.000000000000000000, -0.000000000000000000 ) ) ;
#6519 = AXIS2_PLACEMENT_3D ( 'NONE', #5941, #4406, #8211 ) ;
#6520 = CARTESIAN_POINT ( 'NONE',  ( 17.00000000000000000, 22.23817181023015266, 38.62321017853537342 ) ) ;
#6521 = EDGE_CURVE ( 'NONE', #5480, #5290, #5193, .T. ) ;
#6522 = CARTESIAN_POINT ( 'NONE',  ( -80.00000000000001421, -82.87240494960536807, 1.000000000000000000 ) ) ;
#6523 = CARTESIAN_POINT ( 'NONE',  ( 70.13433248670934006, 44.00977592234745117, 81.99999999999997158 ) ) ;
#6524 = ORIENTED_EDGE ( 'NONE', *, *, #486, .T. ) ;
#6525 = VERTEX_POINT ( 'NONE', #8208 ) ;
#6526 = DIRECTION ( 'NONE',  ( 0.000000000000000000, -0.5244297790247105517, -0.8514537021307109210 ) ) ;
#6527 = EDGE_LOOP ( 'NONE', ( #4860, #7334, #5664, #2047, #511, #8083 ) ) ;
#6528 = CARTESIAN_POINT ( 'NONE',  ( 20.00000000000000000, 22.38044266971850504, 28.62321017853537697 ) ) ;
#6529 = CARTESIAN_POINT ( 'NONE',  ( 33.32232879672930892, 10.89826179862681066, 68.37678982146525186 ) ) ;
#6530 = CARTESIAN_POINT ( 'NONE',  ( 17.00000000000000000, -66.74328857565157591, 82.00000000000000000 ) ) ;
#6531 = CARTESIAN_POINT ( 'NONE',  ( 33.32232879672930892, -13.21862298051057394, 31.00000000000062528 ) ) ;
#6532 = CARTESIAN_POINT ( 'NONE',  ( 33.32232879672930892, 26.78170511838488466, 31.00000000000020961 ) ) ;
#6533 = ORIENTED_EDGE ( 'NONE', *, *, #5058, .T. ) ;
#6534 = FACE_OUTER_BOUND ( 'NONE', #1667, .T. ) ;
#6535 = EDGE_LOOP ( 'NONE', ( #6910, #2999, #822, #6098, #1398, #2767 ) ) ;
#6536 = LINE ( 'NONE', #2832, #7870 ) ;
#6537 = CARTESIAN_POINT ( 'NONE',  ( 33.32232879672930892, -37.76232033811303523, 68.62321017853599869 ) ) ;
#6538 = DIRECTION ( 'NONE',  ( 0.000000000000000000, 0.02844266007110327760, 0.9995954257038591750 ) ) ;
#6539 = LINE ( 'NONE', #7377, #1598 ) ;
#6540 = CARTESIAN_POINT ( 'NONE',  ( 33.32232879672930892, -8.959631391332559147, 43.37678982146545792 ) ) ;
#6541 = CARTESIAN_POINT ( 'NONE',  ( 33.32232879672930892, 31.04069670756290122, 58.37678982146503870 ) ) ;
#6542 = VERTEX_POINT ( 'NONE', #4552 ) ;
#6543 = CARTESIAN_POINT ( 'NONE',  ( 21.82939721361465146, 54.82939721361454133, 15.86808795990171994 ) ) ;
#6544 = VERTEX_POINT ( 'NONE', #7362 ) ;
#6545 = CARTESIAN_POINT ( 'NONE',  ( -3.000000000000000000, 42.49999999999997158, 18.63860113793879947 ) ) ;
#6546 = ORIENTED_EDGE ( 'NONE', *, *, #4690, .T. ) ;
#6547 = DIRECTION ( 'NONE',  ( 0.000000000000000000, 0.9999999996565578364, -2.620847431606588253E-05 ) ) ;
#6548 = FACE_BOUND ( 'NONE', #849, .T. ) ;
#6549 = CARTESIAN_POINT ( 'NONE',  ( 70.91432971315440170, 38.18198837680593272, 54.95266086023217866 ) ) ;
#6550 = CARTESIAN_POINT ( 'NONE',  ( -88.16847322421226352, -4.517024204634040530, 54.97987175458139575 ) ) ;
#6551 = CARTESIAN_POINT ( 'NONE',  ( 20.00000000000000000, 51.04086075701062697, 58.37678982146481843 ) ) ;
#6552 = CARTESIAN_POINT ( 'NONE',  ( -57.97556765046195437, 43.91570481177893726, 27.75704606349110293 ) ) ;
#6553 = ORIENTED_EDGE ( 'NONE', *, *, #7231, .T. ) ;
#6554 = ORIENTED_EDGE ( 'NONE', *, *, #2841, .F. ) ;
#6555 = CARTESIAN_POINT ( 'NONE',  ( 17.00000000000000000, 50.89858989752226393, 8.376789821464836194 ) ) ;
#6556 = EDGE_CURVE ( 'NONE', #611, #9773, #5892, .T. ) ;
#6557 = CARTESIAN_POINT ( 'NONE',  ( 36.68303304604602033, -58.23355696145686977, 54.92751941371397351 ) ) ;
#6558 = CARTESIAN_POINT ( 'NONE',  ( 20.00000000000000000, -29.10206630026864616, 8.376789821465669306 ) ) ;
#6559 = CARTESIAN_POINT ( 'NONE',  ( -114.5077452424338134, -21.76775469271713703, 80.99999999999998579 ) ) ;
#6560 = AXIS2_PLACEMENT_3D ( 'NONE', #7903, #4153, #4937 ) ;
#6561 = CARTESIAN_POINT ( 'NONE',  ( 17.00000000000000000, 10.89826179862681066, 23.37678982146525186 ) ) ;
#6562 = CARTESIAN_POINT ( 'NONE',  ( -3.000000000000000000, 42.49999999999993605, 15.03860113793879982 ) ) ;
#6563 = CARTESIAN_POINT ( 'NONE',  ( 41.41141953107510432, -59.99949868376953788, 82.00000000000001421 ) ) ;
#6564 = EDGE_CURVE ( 'NONE', #915, #1097, #3069, .T. ) ;
#6565 = EDGE_CURVE ( 'NONE', #2988, #4204, #3713, .T. ) ;
#6566 = VERTEX_POINT ( 'NONE', #689 ) ;
#6567 = VECTOR ( 'NONE', #2952, 1000.000000000000227 ) ;
#6568 = EDGE_LOOP ( 'NONE', ( #4714, #5240, #5947, #4466 ) ) ;
#6569 = ADVANCED_FACE ( 'NONE', ( #790 ), #9061, .F. ) ;
#6570 = ORIENTED_EDGE ( 'NONE', *, *, #3367, .T. ) ;
#6571 = DIRECTION ( 'NONE',  ( 0.000000000000000000, -0.8798963622018147746, -0.4751656466791477906 ) ) ;
#6573 = ORIENTED_EDGE ( 'NONE', *, *, #3205, .F. ) ;
#6572 = CARTESIAN_POINT ( 'NONE',  ( 33.32232879672930892, -49.10223034971637190, 38.37678982146587714 ) ) ;
#6574 = DIRECTION ( 'NONE',  ( 0.000000000000000000, -0.02844266007110466538, -0.9995954257038591750 ) ) ;
#6575 = CARTESIAN_POINT ( 'NONE',  ( 33.32232879672930892, 11.04053265811517193, 73.37678982146525186 ) ) ;
#6576 = DIRECTION ( 'NONE',  ( 0.000000000000000000, 0.02844266007110470701, 0.9995954257038591750 ) ) ;
#6577 = CARTESIAN_POINT ( 'NONE',  ( 33.32232879672930892, -9.101902250820922191, 38.37678982146545792 ) ) ;
#6578 = EDGE_CURVE ( 'NONE', #6990, #8655, #2965, .T. ) ;
#6579 = CARTESIAN_POINT ( 'NONE',  ( 19.99999999999998224, 62.33693920961849244, 55.01683362045536541 ) ) ;
#6580 = ADVANCED_FACE ( 'NONE', ( #5983 ), #9004, .F. ) ;
#6581 = ORIENTED_EDGE ( 'NONE', *, *, #1622, .F. ) ;
#6582 = CARTESIAN_POINT ( 'NONE',  ( -52.12027915018974511, -55.48711766157210690, 81.99999999999997158 ) ) ;
#6583 = ORIENTED_EDGE ( 'NONE', *, *, #5501, .T. ) ;
#6584 = DIRECTION ( 'NONE',  ( -1.000000000000000000, -0.000000000000000000, -0.000000000000000000 ) ) ;
#6585 = CARTESIAN_POINT ( 'NONE',  ( 33.32232879672930892, -53.21895107940602543, 31.00000000000104095 ) ) ;
#6586 = DIRECTION ( 'NONE',  ( 0.000000000000000000, -0.8514537021307104769, 0.5244297790247111068 ) ) ;
#6587 = CARTESIAN_POINT ( 'NONE',  ( 17.00000000000000000, -57.65722922115872251, 1.041291627295119815 ) ) ;
#6588 = CARTESIAN_POINT ( 'NONE',  ( 79.00000000000000000, -3.772795414851422890, 1.086298605844412402 ) ) ;
#6589 = CARTESIAN_POINT ( 'NONE',  ( -72.33752240165236458, 23.31920657750204029, 1.078866821519996577 ) ) ;
#6590 = ADVANCED_FACE ( 'NONE', ( #8308, #3169, #3862, #7662, #8555, #5399 ), #4603, .T. ) ;
#6591 = VERTEX_POINT ( 'NONE', #3312 ) ;
#6592 = CARTESIAN_POINT ( 'NONE',  ( 17.00000000000000000, 46.78186916783261040, 76.00000000000000000 ) ) ;
#6593 = VECTOR ( 'NONE', #8612, 1000.000000000000114 ) ;
#6594 = ORIENTED_EDGE ( 'NONE', *, *, #1641, .F. ) ;
#6595 = DIRECTION ( 'NONE',  ( 1.000000000000000000, -0.000000000000000000, -0.000000000000000000 ) ) ;
#6596 = ORIENTED_EDGE ( 'NONE', *, *, #8279, .F. ) ;
#6597 = FACE_OUTER_BOUND ( 'NONE', #6849, .T. ) ;
#6598 = CARTESIAN_POINT ( 'NONE',  ( 17.00000000000004619, -56.63959830834410525, 1.056347550703075955 ) ) ;
#6599 = CARTESIAN_POINT ( 'NONE',  ( 41.95996821639231200, 56.34433770103739647, 54.92990648507424822 ) ) ;
#6600 = CARTESIAN_POINT ( 'NONE',  ( -45.64889275568437910, -51.06698192072768450, 27.74337055701861132 ) ) ;
#6601 = CARTESIAN_POINT ( 'NONE',  ( 33.32232879672930892, -13.50316469948729292, 51.00000000000062528 ) ) ;
#6602 = CARTESIAN_POINT ( 'NONE',  ( -77.11389496278660260, 23.55421860746359997, 27.78146628941579976 ) ) ;
#6603 = VECTOR ( 'NONE', #6061, 1000.000000000000000 ) ;
#6604 = ORIENTED_EDGE ( 'NONE', *, *, #8399, .T. ) ;
#6605 = ORIENTED_EDGE ( 'NONE', *, *, #6999, .F. ) ;
#6606 = ORIENTED_EDGE ( 'NONE', *, *, #7419, .F. ) ;
#6607 = FACE_OUTER_BOUND ( 'NONE', #1552, .T. ) ;
#6608 = VECTOR ( 'NONE', #202, 1000.000000000000000 ) ;
#6609 = CARTESIAN_POINT ( 'NONE',  ( 55.47756694842545500, -53.91273152865740315, 82.12609854369843276 ) ) ;
#6610 = DIRECTION ( 'NONE',  ( 0.000000000000000000, 0.8798963622018151076, 0.4751656466791471800 ) ) ;
#6611 = FILL_AREA_STYLE ('',( #8898 ) ) ;
#6612 = LINE ( 'NONE', #4248, #2061 ) ;
#6613 = CARTESIAN_POINT ( 'NONE',  ( 83.74285603047076165, 29.39733017951174787, 82.00000000000000000 ) ) ;
#6614 = EDGE_CURVE ( 'NONE', #2936, #3380, #4748, .T. ) ;
#6615 = VERTEX_POINT ( 'NONE', #2429 ) ;
#6616 = EDGE_CURVE ( 'NONE', #7728, #3795, #9254, .T. ) ;
#6617 = ORIENTED_EDGE ( 'NONE', *, *, #8522, .F. ) ;
#6618 = ORIENTED_EDGE ( 'NONE', *, *, #3333, .F. ) ;
#6619 = CARTESIAN_POINT ( 'NONE',  ( 17.00000000000000000, -37.62004947862467930, 58.62321017853599869 ) ) ;
#6620 = VECTOR ( 'NONE', #6464, 1000.000000000000000 ) ;
#6622 = ORIENTED_EDGE ( 'NONE', *, *, #7522, .F. ) ;
#6621 = CARTESIAN_POINT ( 'NONE',  ( -77.66668533376690675, 10.64691227105881133, 1.084245505114772357 ) ) ;
#6623 = CARTESIAN_POINT ( 'NONE',  ( -3.000000000000000000, -34.50000000000011369, 11.04061919046182894 ) ) ;
#6624 = CARTESIAN_POINT ( 'NONE',  ( 20.00000000000000000, 11.04053265811517193, 73.37678982146526607 ) ) ;
#6625 = CARTESIAN_POINT ( 'NONE',  ( 17.00000000000000000, -8.959631391332559147, 43.37678982146545792 ) ) ;
#6626 = PLANE ( 'NONE',  #7130 ) ;
#6627 = LINE ( 'NONE', #7369, #24 ) ;
#6628 = ADVANCED_FACE ( 'NONE', ( #6225 ), #4653, .F. ) ;
#6629 = VECTOR ( 'NONE', #8748, 1000.000000000000000 ) ;
#6630 = ORIENTED_EDGE ( 'NONE', *, *, #8587, .F. ) ;
#6631 = ORIENTED_EDGE ( 'NONE', *, *, #2348, .F. ) ;
#6632 = CARTESIAN_POINT ( 'NONE',  ( -82.31785911319555282, -31.18212854555350688, 81.99999999999992895 ) ) ;
#6633 = VERTEX_POINT ( 'NONE', #6871 ) ;
#6634 = CARTESIAN_POINT ( 'NONE',  ( 33.32232879672930892, 50.89858989752226393, 53.37678982146483264 ) ) ;
#6635 = CARTESIAN_POINT ( 'NONE',  ( 17.00000000000000000, 2.380278620270778855, 73.62321017853558658 ) ) ;
#6636 = EDGE_CURVE ( 'NONE', #2372, #8618, #7616, .T. ) ;
#6637 = EDGE_CURVE ( 'NONE', #4513, #1842, #3118, .T. ) ;
#6638 = LINE ( 'NONE', #9670, #5880 ) ;
#6639 = CARTESIAN_POINT ( 'NONE',  ( -76.49822795142799237, 14.95423146137772541, 1.086298991543278580 ) ) ;
#6640 = VECTOR ( 'NONE', #517, 1000.000000000000114 ) ;
#6641 = CARTESIAN_POINT ( 'NONE',  ( -48.30676547047107761, -46.03917986998998657, 0.9999999999999997780 ) ) ;
#6642 = CARTESIAN_POINT ( 'NONE',  ( -86.45791978843452341, 26.37310446997210889, 81.00000000000000000 ) ) ;
#6643 = EDGE_CURVE ( 'NONE', #8343, #5935, #134, .T. ) ;
#6644 = VECTOR ( 'NONE', #7880, 1000.000000000000114 ) ;
#6645 = ORIENTED_EDGE ( 'NONE', *, *, #4829, .F. ) ;
#6646 = DIRECTION ( 'NONE',  ( 0.000000000000000000, -0.8798963622018147746, -0.4751656466791477906 ) ) ;
#6647 = ORIENTED_EDGE ( 'NONE', *, *, #7349, .T. ) ;
#6648 = LINE ( 'NONE', #9727, #7167 ) ;
#6649 = ORIENTED_EDGE ( 'NONE', *, *, #7246, .F. ) ;
#6650 = PLANE ( 'NONE',  #9170 ) ;
#6651 = FACE_BOUND ( 'NONE', #5821, .T. ) ;
#6652 = CARTESIAN_POINT ( 'NONE',  ( 59.40104165120217061, 42.94749088651739299, 27.75420842987928083 ) ) ;
#6653 = AXIS2_PLACEMENT_3D ( 'NONE', #6689, #5805, #8819 ) ;
#6654 = CARTESIAN_POINT ( 'NONE',  ( 51.43033845614823463, 44.01947942104086309, 1.065379515154926127 ) ) ;
#6655 = PLANE ( 'NONE',  #4424 ) ;
#6656 = VERTEX_POINT ( 'NONE', #6176 ) ;
#6657 = ORIENTED_EDGE ( 'NONE', *, *, #4236, .T. ) ;
#6658 = ORIENTED_EDGE ( 'NONE', *, *, #7797, .F. ) ;
#6659 = CARTESIAN_POINT ( 'NONE',  ( -78.99999999999997158, 5.433687331901218049E-12, 1.085783689990845957 ) ) ;
#6660 = VECTOR ( 'NONE', #1981, 1000.000000000000114 ) ;
#6661 = VECTOR ( 'NONE', #714, 1000.000000000000000 ) ;
#6662 = ADVANCED_FACE ( 'NONE', ( #9207 ), #5450, .F. ) ;
#6663 = CARTESIAN_POINT ( 'NONE',  ( 48.65459995993030873, -57.13145902247781294, 82.12221575066949697 ) ) ;
#6664 = DIRECTION ( 'NONE',  ( 0.000000000000000000, 0.8798963622018151076, 0.4751656466791471800 ) ) ;
#6665 = DIRECTION ( 'NONE',  ( 0.000000000000000000, 0.9995954257038592861, -0.02844266007110466885 ) ) ;
#6666 = CARTESIAN_POINT ( 'NONE',  ( 17.00000000000000000, -13.50316469948729292, 6.000000000000627054 ) ) ;
#6667 = CARTESIAN_POINT ( 'NONE',  ( 19.99999999999999645, -65.42414177866618274, 81.99999999999998579 ) ) ;
#6668 = VECTOR ( 'NONE', #6380, 1000.000000000000000 ) ;
#6669 = VECTOR ( 'NONE', #2395, 1000.000000000000227 ) ;
#6670 = EDGE_LOOP ( 'NONE', ( #613, #1383, #5643, #5059, #7628, #5467 ) ) ;
#6671 = VERTEX_POINT ( 'NONE', #1636 ) ;
#6672 = VERTEX_POINT ( 'NONE', #6124 ) ;
#6673 = CARTESIAN_POINT ( 'NONE',  ( 17.00000000000000000, 51.04086075701062697, 43.37678982146483264 ) ) ;
#6674 = AXIS2_PLACEMENT_3D ( 'NONE', #1628, #7656, #9745 ) ;
#6676 = ORIENTED_EDGE ( 'NONE', *, *, #7494, .F. ) ;
#6675 = CARTESIAN_POINT ( 'NONE',  ( 17.00000000000000000, -8.959631391332559147, 73.37678982146546502 ) ) ;
#6677 = CARTESIAN_POINT ( 'NONE',  ( 17.00000000000000000, -28.95979544078028312, 58.37678982146566398 ) ) ;
#6678 = DIRECTION ( 'NONE',  ( 0.000000000000000000, 0.4751656466791477906, -0.8798963622018148856 ) ) ;
#6679 = CARTESIAN_POINT ( 'NONE',  ( 20.00000000000000000, 26.78170511838488821, 61.00000000000020606 ) ) ;
#6680 = DIRECTION ( 'NONE',  ( 0.000000000000000000, -0.02844266007110470701, -0.9995954257038591750 ) ) ;
#6681 = DIRECTION ( 'NONE',  ( 0.000000000000000000, 0.8514537021307104769, -0.5244297790247111068 ) ) ;
#6682 = VECTOR ( 'NONE', #8361, 1000.000000000000114 ) ;
#6683 = ORIENTED_EDGE ( 'NONE', *, *, #3598, .T. ) ;
#6684 = CARTESIAN_POINT ( 'NONE',  ( -86.64067752985849324, 24.36484635453129854, 82.00000000000002842 ) ) ;
#6685 = ADVANCED_FACE ( 'NONE', ( #1679 ), #984, .F. ) ;
#6686 = EDGE_LOOP ( 'NONE', ( #3206, #5149, #769, #174, #4639 ) ) ;
#6687 = LINE ( 'NONE', #5852, #3599 ) ;
#6688 = CARTESIAN_POINT ( 'NONE',  ( -8.000000000000000000, -34.50000000000011369, 9.640619190461830357 ) ) ;
#6689 = CARTESIAN_POINT ( 'NONE',  ( 33.32232879672930892, 2.380278620270778855, 43.62321017853558658 ) ) ;
#6690 = CARTESIAN_POINT ( 'NONE',  ( 10.37530342488378210, -57.62314055438322669, 1.086298605844412180 ) ) ;
#6691 = CARTESIAN_POINT ( 'NONE',  ( -0.9510875199876064334, 58.00107911890203383, 1.055384231622481517 ) ) ;
#6692 = ADVANCED_FACE ( 'NONE', ( #4694 ), #7065, .F. ) ;
#6693 = B_SPLINE_CURVE_WITH_KNOTS ( 'NONE', 3,
 ( #568, #5129, #4383, #3697 ),
 .UNSPECIFIED., .F., .F.,
 ( 4, 4 ),
 ( 0.000000000000000000, 0.001254426516368177275 ),
 .UNSPECIFIED. ) ;
#6694 = EDGE_CURVE ( 'NONE', #9585, #9612, #3956, .T. ) ;
#6695 = VERTEX_POINT ( 'NONE', #7017 ) ;
#6696 = CARTESIAN_POINT ( 'NONE',  ( 17.00000000000000000, 26.49716339940816567, 36.00000000000021316 ) ) ;
#6697 = ORIENTED_EDGE ( 'NONE', *, *, #8517, .T. ) ;
#6698 = LINE ( 'NONE', #5765, #5979 ) ;
#6699 = EDGE_CURVE ( 'NONE', #720, #2673, #190, .T. ) ;
#6700 = EDGE_LOOP ( 'NONE', ( #7671, #2469, #4983, #8577, #8826 ) ) ;
#6701 = DIRECTION ( 'NONE',  ( 0.000000000000000000, -2.620847431606588592E-05, -0.9999999996565579474 ) ) ;
#6702 = DIRECTION ( 'NONE',  ( 0.000000000000000000, 1.000000000000000000, -0.000000000000000000 ) ) ;
#6703 =( BOUNDED_CURVE ( )  B_SPLINE_CURVE ( 3, ( #7909, #8653, #6559, #430 ),
 .UNSPECIFIED., .F., .F. ) 
 B_SPLINE_CURVE_WITH_KNOTS ( ( 4, 4 ),
 ( 0.3368276444140322345, 0.5097032046356335666 ),
 .UNSPECIFIED. ) 
 CURVE ( )  GEOMETRIC_REPRESENTATION_ITEM ( )  RATIONAL_B_SPLINE_CURVE ( ( 0.5464080124564795193, 0.4139169290601120155, 0.5651142582412855830, 1.000000000000000000 ) ) 
 REPRESENTATION_ITEM ( '' )  );
#6704 = CARTESIAN_POINT ( 'NONE',  ( 50.37575268732192768, 52.59649579583959422, 54.93466357824171808 ) ) ;
#6705 = DIRECTION ( 'NONE',  ( -1.000000000000000000, -0.000000000000000000, -0.000000000000000000 ) ) ;
#6706 = DIRECTION ( 'NONE',  ( 0.000000000000000000, -0.4751656466791471800, 0.8798963622018151076 ) ) ;
#6707 = EDGE_CURVE ( 'NONE', #7965, #2049, #6270, .T. ) ;
#6708 = ORIENTED_EDGE ( 'NONE', *, *, #9392, .T. ) ;
#6709 = ORIENTED_EDGE ( 'NONE', *, *, #7457, .T. ) ;
#6710 = VERTEX_POINT ( 'NONE', #2521 ) ;
#6711 = CARTESIAN_POINT ( 'NONE',  ( 145.9104477611939785, 46.60928061002636014, 81.00000000000000000 ) ) ;
#6712 = EDGE_CURVE ( 'NONE', #223, #1159, #286, .T. ) ;
#6713 = CARTESIAN_POINT ( 'NONE',  ( 59.98857720054814990, -46.94348827677153224, 54.94182630887387830 ) ) ;
#6714 = DIRECTION ( 'NONE',  ( 0.000000000000000000, 0.000000000000000000, 1.000000000000000000 ) ) ;
#6715 = CARTESIAN_POINT ( 'NONE',  ( 19.97190228967027892, 62.32569967696469604, 54.92443995350948427 ) ) ;
#6716 = DIRECTION ( 'NONE',  ( 0.000000000000000000, -1.000000000000000000, 0.000000000000000000 ) ) ;
#6717 = LINE ( 'NONE', #8301, #1141 ) ;
#6718 = VERTEX_POINT ( 'NONE', #5637 ) ;
#6719 = ORIENTED_EDGE ( 'NONE', *, *, #1915, .T. ) ;
#6720 = VERTEX_POINT ( 'NONE', #8651 ) ;
#6721 = CARTESIAN_POINT ( 'NONE',  ( -62.08131543315229806, 49.89975238036339533, 81.99999999999998579 ) ) ;
#6723 = VERTEX_POINT ( 'NONE', #4198 ) ;
#6722 = CARTESIAN_POINT ( 'NONE',  ( 33.32232879672930892, 46.49732744885589142, 6.000000000000002665 ) ) ;
#6724 = CARTESIAN_POINT ( 'NONE',  ( -8.000000000000000000, 45.00000000000000000, 31.03860113793880160 ) ) ;
#6725 = LINE ( 'NONE', #9754, #7147 ) ;
#6726 = CARTESIAN_POINT ( 'NONE',  ( 67.55766312565542364, 30.06583233661297783, 1.000000000000000000 ) ) ;
#6727 = LINE ( 'NONE', #3305, #2875 ) ;
#6728 = CARTESIAN_POINT ( 'NONE',  ( 33.32232879672930892, -13.21862298051057394, 46.00000000000062528 ) ) ;
#6729 = B_SPLINE_CURVE_WITH_KNOTS ( 'NONE', 3,
 ( #7352, #9544, #2121, #2762 ),
 .UNSPECIFIED., .F., .F.,
 ( 4, 4 ),
 ( 0.000000000000000000, 0.003046673321071191945 ),
 .UNSPECIFIED. ) ;
#6730 = ORIENTED_EDGE ( 'NONE', *, *, #2485, .F. ) ;
#6731 = DIRECTION ( 'NONE',  ( 0.000000000000000000, 0.000000000000000000, 1.000000000000000000 ) ) ;
#6732 = ORIENTED_EDGE ( 'NONE', *, *, #8015, .T. ) ;
#6733 = DIRECTION ( 'NONE',  ( 0.000000000000000000, 0.9999999996565578364, -2.620847431606588592E-05 ) ) ;
#6734 = CARTESIAN_POINT ( 'NONE',  ( 19.99999999999999645, -62.33683900869527150, 55.01684449710879932 ) ) ;
#6735 = CARTESIAN_POINT ( 'NONE',  ( 20.00000000000000000, 57.13093804605301784, 1.038283204560475736 ) ) ;
#6736 = CARTESIAN_POINT ( 'NONE',  ( -25.53456545772801078, -55.01515764451022505, 1.000000000000000222 ) ) ;
#6737 = CARTESIAN_POINT ( 'NONE',  ( 16.99999999999961275, 56.63959830834418341, 1.056349708212255489 ) ) ;
#6738 = EDGE_CURVE ( 'NONE', #7085, #5314, #6366, .T. ) ;
#6739 = ORIENTED_EDGE ( 'NONE', *, *, #6839, .F. ) ;
#6740 = DIRECTION ( 'NONE',  ( 0.000000000000000000, -0.8798963622018144415, -0.4751656466791482902 ) ) ;
#6741 = ORIENTED_EDGE ( 'NONE', *, *, #6699, .F. ) ;
#6742 = DIRECTION ( 'NONE',  ( 0.000000000000000000, -0.02844266007110470701, -0.9995954257038591750 ) ) ;
#6743 = VERTEX_POINT ( 'NONE', #9402 ) ;
#6744 = DIRECTION ( 'NONE',  ( 0.000000000000000000, 0.9995954257038592861, -0.02844266007110466885 ) ) ;
#6745 = FACE_BOUND ( 'NONE', #8045, .T. ) ;
#6746 = LINE ( 'NONE', #1506, #7596 ) ;
#6747 = PLANE ( 'NONE',  #9676 ) ;
#6748 = CARTESIAN_POINT ( 'NONE',  ( 63.35190837775544992, 34.59096345664124073, 0.5727510127682406971 ) ) ;
#6749 = ADVANCED_FACE ( 'NONE', ( #7302 ), #8699, .F. ) ;
#6750 = LINE ( 'NONE', #9779, #5247 ) ;
#6751 = FACE_BOUND ( 'NONE', #663, .T. ) ;
#6752 = EDGE_CURVE ( 'NONE', #756, #3797, #7272, .T. ) ;
#6753 = VERTEX_POINT ( 'NONE', #7158 ) ;
#6754 = ORIENTED_EDGE ( 'NONE', *, *, #3438, .T. ) ;
#6755 = ORIENTED_EDGE ( 'NONE', *, *, #1565, .F. ) ;
#6756 = LINE ( 'NONE', #5086, #570 ) ;
#6757 = CARTESIAN_POINT ( 'NONE',  ( 47.11982159235925138, -46.59207361109515233, 0.5561372828510222632 ) ) ;
#6758 = AXIS2_PLACEMENT_3D ( 'NONE', #7361, #9598, #4253 ) ;
#6759 = CARTESIAN_POINT ( 'NONE',  ( 20.00000000000000000, 6.781541068937156247, 16.00000000000041567 ) ) ;
#6760 = EDGE_CURVE ( 'NONE', #5963, #6720, #5681, .T. ) ;
#6761 = EDGE_CURVE ( 'NONE', #6934, #4366, #7906, .T. ) ;
#6762 = CARTESIAN_POINT ( 'NONE',  ( 10.13667607293124462, 63.56185798988210678, 54.92289897953005351 ) ) ;
#6763 = CARTESIAN_POINT ( 'NONE',  ( 33.32232879672930892, -33.50332874893501867, 66.00000000000083844 ) ) ;
#6764 = CARTESIAN_POINT ( 'NONE',  ( 20.00000000000000000, 22.23817181023015266, 38.62321017853537342 ) ) ;
#6765 = EDGE_CURVE ( 'NONE', #7730, #1237, #5731, .T. ) ;
#6766 = ORIENTED_EDGE ( 'NONE', *, *, #8576, .T. ) ;
#6767 = VECTOR ( 'NONE', #6733, 1000.000000000000114 ) ;
#6768 = ORIENTED_EDGE ( 'NONE', *, *, #705, .F. ) ;
#6769 = CARTESIAN_POINT ( 'NONE',  ( 17.00000000000000000, -37.76232033811303523, 53.62321017853599869 ) ) ;
#6770 = ORIENTED_EDGE ( 'NONE', *, *, #6812, .T. ) ;
#6771 = CARTESIAN_POINT ( 'NONE',  ( -14.35559641625154192, 66.21292471654631129, 82.00000000000004263 ) ) ;
#6773 = EDGE_LOOP ( 'NONE', ( #1956, #6473, #7134, #7395, #4439 ) ) ;
#6772 = CARTESIAN_POINT ( 'NONE',  ( 33.32232879672930892, -13.21862298051057394, 61.00000000000062528 ) ) ;
#6774 = CARTESIAN_POINT ( 'NONE',  ( 33.32232879672930892, 11.04053265811517193, 73.37678982146525186 ) ) ;
#6775 = LINE ( 'NONE', #9656, #2889 ) ;
#6776 = ADVANCED_FACE ( 'NONE', ( #9540 ), #5328, .F. ) ;
#6777 = CARTESIAN_POINT ( 'NONE',  ( 73.33039287602021261, 21.66886614738686134, 1.000000000000000444 ) ) ;
#6778 = PLANE ( 'NONE',  #6186 ) ;
#6779 = CIRCLE ( 'NONE', #7093, 1.400000000000000133 ) ;
#6780 = CARTESIAN_POINT ( 'NONE',  ( -3.000000000000000000, 42.49999999999997158, 20.03860113793879805 ) ) ;
#6781 = VECTOR ( 'NONE', #8567, 1000.000000000000114 ) ;
#6782 = EDGE_LOOP ( 'NONE', ( #8602, #4499, #8135, #6807, #9102, #2195, #2951, #1303, #5598, #9323, #3629, #4585, #2684, #2265, #6484, #5755, #4451, #8168, #6363, #3780, #3577, #5186, #6418, #3439, #5096, #7658, #9536, #7403, #374, #20, #7310, #4193, #9637, #5727, #9679, #1525, #6825, #6739 ) ) ;
#6783 = CARTESIAN_POINT ( 'NONE',  ( 20.00000000000000000, -53.50349279838276573, 21.00000000000104095 ) ) ;
#6784 = ORIENTED_EDGE ( 'NONE', *, *, #828, .T. ) ;
#6785 = CARTESIAN_POINT ( 'NONE',  ( 17.00000000000000000, 22.38044266971850504, 43.62321017853537342 ) ) ;
#6786 = CARTESIAN_POINT ( 'NONE',  ( -56.09703143736098241, -49.52483698910298671, 54.93856426864198284 ) ) ;
#6787 = CARTESIAN_POINT ( 'NONE',  ( 17.00000000000000000, -13.21862298051057394, 61.00000000000062528 ) ) ;
#6788 = CARTESIAN_POINT ( 'NONE',  ( -8.000000000000000000, -32.00000000000000000, 31.04061919046181472 ) ) ;
#6789 = CARTESIAN_POINT ( 'NONE',  ( -73.73605988552721158, 22.88620039310741561, 1.000000000000000000 ) ) ;
#6790 = AXIS2_PLACEMENT_3D ( 'NONE', #4288, #8835, #569 ) ;
#6791 = ORIENTED_EDGE ( 'NONE', *, *, #47, .F. ) ;
#6792 = DIRECTION ( 'NONE',  ( 0.000000000000000000, 0.000000000000000000, 1.000000000000000000 ) ) ;
#6793 = VERTEX_POINT ( 'NONE', #1662 ) ;
#6794 = CARTESIAN_POINT ( 'NONE',  ( 20.00000000000000000, 50.89858989752226393, 23.37678982146483619 ) ) ;
#6795 = VECTOR ( 'NONE', #4667, 1000.000000000000000 ) ;
#6796 = ORIENTED_EDGE ( 'NONE', *, *, #8564, .F. ) ;
#6797 = CARTESIAN_POINT ( 'NONE',  ( 33.32232879672930892, -28.95979544078028312, 73.37678982146567819 ) ) ;
#6798 = CARTESIAN_POINT ( 'NONE',  ( 20.00000000000005329, 66.44301703982486629, 81.00000000000000000 ) ) ;
#6799 = CARTESIAN_POINT ( 'NONE',  ( -3.000000000000000000, 42.49999999999993605, 16.43860113793880018 ) ) ;
#6800 = CARTESIAN_POINT ( 'NONE',  ( 33.32232879672930892, -29.10206630026864616, 8.376789821465669306 ) ) ;
#6801 = CARTESIAN_POINT ( 'NONE',  ( 22.29669564554061623, 58.79819439514874091, 27.73305098335814378 ) ) ;
#6802 = DIRECTION ( 'NONE',  ( -1.000000000000000000, -0.000000000000000000, -0.000000000000000000 ) ) ;
#6803 = DIRECTION ( 'NONE',  ( 0.000000000000000000, 0.4751656466791477906, -0.8798963622018148856 ) ) ;
#6804 = AXIS2_PLACEMENT_3D ( 'NONE', #8060, #3513, #5047 ) ;
#6805 = ORIENTED_EDGE ( 'NONE', *, *, #7861, .T. ) ;
#6806 = VERTEX_POINT ( 'NONE', #960 ) ;
#6807 = ORIENTED_EDGE ( 'NONE', *, *, #3730, .T. ) ;
#6808 = CARTESIAN_POINT ( 'NONE',  ( 20.00000000000000000, -33.21878702995829968, 31.00000000000083134 ) ) ;
#6809 = EDGE_CURVE ( 'NONE', #4280, #6566, #3099, .T. ) ;
#6810 = AXIS2_PLACEMENT_3D ( 'NONE', #4069, #204, #1837 ) ;
#6811 = CARTESIAN_POINT ( 'NONE',  ( 87.71276655053867444, -8.004088503243863784, 54.97891193615902949 ) ) ;
#6812 = EDGE_CURVE ( 'NONE', #6392, #2493, #6108, .T. ) ;
#6813 = CARTESIAN_POINT ( 'NONE',  ( 17.00000000000000000, -8.959631391332559147, 58.37678982146545792 ) ) ;
#6814 = CARTESIAN_POINT ( 'NONE',  ( 0.3296002054362384692, 63.98477260816232359, 54.92237346623318928 ) ) ;
#6815 = DIRECTION ( 'NONE',  ( -0.000000000000000000, -0.8514537021307111431, 0.5244297790247101076 ) ) ;
#6816 = VECTOR ( 'NONE', #8962, 1000.000000000000114 ) ;
#6817 = ORIENTED_EDGE ( 'NONE', *, *, #783, .T. ) ;
#6818 = EDGE_CURVE ( 'NONE', #4550, #5292, #6205, .T. ) ;
#6819 = VERTEX_POINT ( 'NONE', #8337 ) ;
#6820 = CARTESIAN_POINT ( 'NONE',  ( 20.00000000000000000, -13.50316469948729292, 36.00000000000062528 ) ) ;
#6821 = EDGE_CURVE ( 'NONE', #4827, #5480, #3986, .T. ) ;
#6822 = ORIENTED_EDGE ( 'NONE', *, *, #3064, .F. ) ;
#6823 = CARTESIAN_POINT ( 'NONE',  ( -58.97446590434135771, 51.79198821495591432, 81.99999999999998579 ) ) ;
#6825 = ORIENTED_EDGE ( 'NONE', *, *, #5548, .F. ) ;
#6824 = FACE_OUTER_BOUND ( 'NONE', #8776, .T. ) ;
#6826 = EDGE_CURVE ( 'NONE', #3204, #3510, #5476, .T. ) ;
#6827 = CARTESIAN_POINT ( 'NONE',  ( 20.00000000000000000, -53.50349279838274441, 51.00000000000104450 ) ) ;
#6828 = DIRECTION ( 'NONE',  ( 0.000000000000000000, 0.8798963622018151076, 0.4751656466791471800 ) ) ;
#6829 = VECTOR ( 'NONE', #7520, 1000.000000000000114 ) ;
#6830 = LINE ( 'NONE', #7518, #1580 ) ;
#6831 = CARTESIAN_POINT ( 'NONE',  ( 20.00000000000000000, -9.101902250820922191, 8.376789821465461472 ) ) ;
#6832 = DIRECTION ( 'NONE',  ( 0.000000000000000000, 0.8798963622018147746, 0.4751656466791477351 ) ) ;
#6833 = VECTOR ( 'NONE', #7483, 1000.000000000000000 ) ;
#6834 = AXIS2_PLACEMENT_3D ( 'NONE', #6370, #7766, #7022 ) ;
#6835 = EDGE_CURVE ( 'NONE', #1409, #8691, #9134, .T. ) ;
#6836 = EDGE_LOOP ( 'NONE', ( #7597, #1274, #7914, #6492 ) ) ;
#6837 = PLANE ( 'NONE',  #3954 ) ;
#6838 = ORIENTED_EDGE ( 'NONE', *, *, #6158, .F. ) ;
#6839 = EDGE_CURVE ( 'NONE', #22, #3105, #16, .T. ) ;
#6840 = LINE ( 'NONE', #892, #9311 ) ;
#6841 = CARTESIAN_POINT ( 'NONE',  ( -26.24897596988000004, -61.19169108948972990, 54.92379034945566474 ) ) ;
#6842 = APPLICATION_PROTOCOL_DEFINITION ( 'draft international standard', 'automotive_design', 1998, #6388 ) ;
#6843 = DIRECTION ( 'NONE',  ( 0.000000000000000000, 0.8514537021307111431, -0.5244297790247101076 ) ) ;
#6844 = VECTOR ( 'NONE', #3027, 1000.000000000000000 ) ;
#6845 = CARTESIAN_POINT ( 'NONE',  ( 33.32232879672930892, -33.21878702995829968, 46.00000000000083134 ) ) ;
#6846 = CARTESIAN_POINT ( 'NONE',  ( 135.5618222253629312, 85.74421842161774521, 0.1899999999999999467 ) ) ;
#6847 = ORIENTED_EDGE ( 'NONE', *, *, #3813, .F. ) ;
#6848 = LINE ( 'NONE', #901, #2571 ) ;
#6849 = EDGE_LOOP ( 'NONE', ( #7810, #3744 ) ) ;
#6850 = EDGE_LOOP ( 'NONE', ( #7825, #6351, #462, #6226, #9804, #6922 ) ) ;
#6851 = CARTESIAN_POINT ( 'NONE',  ( -8.000000000000000000, 42.49999999999986500, 5.038601137938799823 ) ) ;
#6852 = DIRECTION ( 'NONE',  ( 0.000000000000000000, -0.9995954257038592861, 0.02844266007110328107 ) ) ;
#6853 = CARTESIAN_POINT ( 'NONE',  ( 17.00000000000000000, 46.78186916783261040, 60.99999999999998579 ) ) ;
#6854 = CARTESIAN_POINT ( 'NONE',  ( 33.32232879672930892, -17.61988542917695355, 58.62321017853579264 ) ) ;
#6855 = FACE_OUTER_BOUND ( 'NONE', #841, .T. ) ;
#6856 = CARTESIAN_POINT ( 'NONE',  ( -31.05657513386147173, -53.43278114932706302, 1.000000000000000000 ) ) ;
#6857 = CARTESIAN_POINT ( 'NONE',  ( 20.00000000000000000, 46.49732744885589142, 51.00000000000000711 ) ) ;
#6858 = ORIENTED_EDGE ( 'NONE', *, *, #2036, .F. ) ;
#6859 = VERTEX_POINT ( 'NONE', #6996 ) ;
#6860 = ORIENTED_EDGE ( 'NONE', *, *, #3612, .F. ) ;
#6861 = FACE_OUTER_BOUND ( 'NONE', #1221, .T. ) ;
#6862 = CARTESIAN_POINT ( 'NONE',  ( 74.91138608647912633, -18.24834219030197247, 0.5913740870097226043 ) ) ;
#6863 = DIRECTION ( 'NONE',  ( -1.000000000000000000, -0.000000000000000000, -0.000000000000000000 ) ) ;
#6864 = CARTESIAN_POINT ( 'NONE',  ( 20.00000000000000000, -33.21878702995829968, 76.00000000000082423 ) ) ;
#6865 = LINE ( 'NONE', #5341, #4795 ) ;
#6866 = ORIENTED_EDGE ( 'NONE', *, *, #9781, .T. ) ;
#6867 = ADVANCED_FACE ( 'NONE', ( #6855 ), #4725, .F. ) ;
#6868 = VERTEX_POINT ( 'NONE', #216 ) ;
#6869 = DIRECTION ( 'NONE',  ( -1.000000000000000000, -0.000000000000000000, -0.000000000000000000 ) ) ;
#6870 = DIRECTION ( 'NONE',  ( 0.000000000000000000, 0.02844266007110329494, 0.9995954257038591750 ) ) ;
#6872 = ORIENTED_EDGE ( 'NONE', *, *, #1931, .T. ) ;
#6871 = CARTESIAN_POINT ( 'NONE',  ( 17.00000000000000000, -29.10206630026864616, 68.37678982146566398 ) ) ;
#6873 = FACE_BOUND ( 'NONE', #2857, .T. ) ;
#6874 = PLANE ( 'NONE',  #2898 ) ;
#6875 = CARTESIAN_POINT ( 'NONE',  ( 63.78821286609827013, 34.25602119305089843, 1.000000000000000222 ) ) ;
#6876 = EDGE_CURVE ( 'NONE', #2158, #2446, #5375, .T. ) ;
#6877 = LINE ( 'NONE', #5457, #6829 ) ;
#6878 = EDGE_CURVE ( 'NONE', #690, #3552, #6064, .T. ) ;
#6879 = EDGE_CURVE ( 'NONE', #9344, #5834, #817, .T. ) ;
#6880 = ORIENTED_EDGE ( 'NONE', *, *, #6044, .T. ) ;
#6881 = CARTESIAN_POINT ( 'NONE',  ( 20.00000000000000000, 11.04053265811517193, 28.37678982146524831 ) ) ;
#6882 = ORIENTED_EDGE ( 'NONE', *, *, #144, .F. ) ;
#6883 = CARTESIAN_POINT ( 'NONE',  ( 19.00261341277630223, -56.30019512130461834, 1.041256061501755648 ) ) ;
#6884 = CARTESIAN_POINT ( 'NONE',  ( -7.282866435876934830, -63.76680482758101220, 54.92057690658356961 ) ) ;
#6885 = CARTESIAN_POINT ( 'NONE',  ( 21.99435147774599031, 54.99435147774588017, 10.94174460425213802 ) ) ;
#6886 = LINE ( 'NONE', #749, #9685 ) ;
#6887 = EDGE_CURVE ( 'NONE', #9015, #8494, #9050, .T. ) ;
#6888 = CARTESIAN_POINT ( 'NONE',  ( -46.28374288167019301, -47.00472800563245812, 1.063245111285848976 ) ) ;
#6889 = ADVANCED_FACE ( 'NONE', ( #3889 ), #8154, .T. ) ;
#6890 = ORIENTED_EDGE ( 'NONE', *, *, #1815, .T. ) ;
#6891 = DIRECTION ( 'NONE',  ( 0.000000000000000000, -0.9995954257038592861, 0.02844266007110328107 ) ) ;
#6892 = VERTEX_POINT ( 'NONE', #1241 ) ;
#6893 = LINE ( 'NONE', #2989, #5242 ) ;
#6894 = VERTEX_POINT ( 'NONE', #8227 ) ;
#6895 = LINE ( 'NONE', #5423, #5225 ) ;
#6896 = DIRECTION ( 'NONE',  ( -1.000000000000000000, -0.000000000000000000, -0.000000000000000000 ) ) ;
#6897 = LINE ( 'NONE', #863, #7913 ) ;
#6898 = FACE_OUTER_BOUND ( 'NONE', #3223, .T. ) ;
#6899 = CARTESIAN_POINT ( 'NONE',  ( 20.36674243896081649, 62.30361908827442363, 54.92240400119487731 ) ) ;
#6900 = CARTESIAN_POINT ( 'NONE',  ( -77.56742851255387450, -11.20565725295817572, 1.000000000000000000 ) ) ;
#6901 = CARTESIAN_POINT ( 'NONE',  ( 17.00000000000000000, 6.496999349960439041, 66.00000000000042633 ) ) ;
#6902 = ORIENTED_EDGE ( 'NONE', *, *, #5362, .T. ) ;
#6903 = ORIENTED_EDGE ( 'NONE', *, *, #2433, .T. ) ;
#6904 = ORIENTED_EDGE ( 'NONE', *, *, #8204, .T. ) ;
#6905 = CARTESIAN_POINT ( 'NONE',  ( 33.32232879672930892, -53.21895107940602543, 61.00000000000103739 ) ) ;
#6906 = CARTESIAN_POINT ( 'NONE',  ( 75.38822867463042599, -17.11769392543776647, 0.5923324657428933326 ) ) ;
#6907 = CARTESIAN_POINT ( 'NONE',  ( -87.35727131123114475, 9.654875731570808028, 54.97818946602066603 ) ) ;
#6908 = CARTESIAN_POINT ( 'NONE',  ( -47.06474676552928571, 50.37909360267907033, 27.74842343871953076 ) ) ;
#6909 = CARTESIAN_POINT ( 'NONE',  ( 20.00000000000000000, 50.89858989752226393, 38.37678982146483264 ) ) ;
#6910 = ORIENTED_EDGE ( 'NONE', *, *, #8817, .F. ) ;
#6911 = VERTEX_POINT ( 'NONE', #7327 ) ;
#6912 = LINE ( 'NONE', #5540, #7199 ) ;
#6913 = AXIS2_PLACEMENT_3D ( 'NONE', #8158, #1373, #2771 ) ;
#6914 = CARTESIAN_POINT ( 'NONE',  ( -57.92452730559470098, 52.40351128914306145, 82.00000000000000000 ) ) ;
#6916 = ORIENTED_EDGE ( 'NONE', *, *, #5632, .F. ) ;
#6915 = CARTESIAN_POINT ( 'NONE',  ( -8.000000000000000000, 0.000000000000000000, 0.000000000000000000 ) ) ;
#6917 = CARTESIAN_POINT ( 'NONE',  ( -94.00000000000000000, 2.270200223097281350E-15, 82.00000000000000000 ) ) ;
#6918 = DIRECTION ( 'NONE',  ( 0.000000000000000000, -0.5244297790247101076, -0.8514537021307111431 ) ) ;
#6919 = DIRECTION ( 'NONE',  ( 0.6605840444103996401, 0.6605840444103885378, 0.3567316085530027325 ) ) ;
#6920 = CARTESIAN_POINT ( 'NONE',  ( 53.53839030438648194, -61.03431174192348152, 81.00000000000002842 ) ) ;
#6921 = VECTOR ( 'NONE', #1190, 1000.000000000000000 ) ;
#6922 = ORIENTED_EDGE ( 'NONE', *, *, #4701, .F. ) ;
#6923 = FACE_OUTER_BOUND ( 'NONE', #6257, .T. ) ;
#6924 = AXIS2_PLACEMENT_3D ( 'NONE', #8907, #2130, #3417 ) ;
#6925 = ORIENTED_EDGE ( 'NONE', *, *, #4273, .T. ) ;
#6926 = DIRECTION ( 'NONE',  ( 0.000000000000000000, 0.8514537021307104769, -0.5244297790247111068 ) ) ;
#6927 = CARTESIAN_POINT ( 'NONE',  ( -10.72265454706032628, -57.49008610857685397, 0.5406910482099474002 ) ) ;
#6928 = DIRECTION ( 'NONE',  ( -1.000000000000000000, 0.000000000000000000, 0.000000000000000000 ) ) ;
#6929 = EDGE_CURVE ( 'NONE', #8488, #400, #2837, .T. ) ;
#6930 = DIRECTION ( 'NONE',  ( 0.000000000000000000, 0.9995954257038592861, -0.02844266007110471048 ) ) ;
#6931 = CARTESIAN_POINT ( 'NONE',  ( -77.79695447638343353, -10.40637157577248750, 1.084390323956142987 ) ) ;
#6932 = AXIS2_PLACEMENT_3D ( 'NONE', #7204, #9492, #4986 ) ;
#6933 = AXIS2_PLACEMENT_3D ( 'NONE', #2483, #1880, #7166 ) ;
#6934 = VERTEX_POINT ( 'NONE', #8869 ) ;
#6935 = CARTESIAN_POINT ( 'NONE',  ( 20.00000000000000000, 2.238007760782423361, 8.623210178535583026 ) ) ;
#6936 = ADVANCED_FACE ( 'NONE', ( #5161 ), #2095, .F. ) ;
#6937 = EDGE_LOOP ( 'NONE', ( #7757, #4812, #9174, #2137, #9574, #2495 ) ) ;
#6938 = DIRECTION ( 'NONE',  ( 0.000000000000000000, 0.000000000000000000, 1.000000000000000000 ) ) ;
#6939 = EDGE_CURVE ( 'NONE', #8203, #3600, #5949, .T. ) ;
#6940 = ORIENTED_EDGE ( 'NONE', *, *, #4123, .T. ) ;
#6941 = LINE ( 'NONE', #2350, #6168 ) ;
#6942 = DIRECTION ( 'NONE',  ( 0.000000000000000000, -0.8798963622018144415, -0.4751656466791482902 ) ) ;
#6943 = LINE ( 'NONE', #6106, #964 ) ;
#6944 = CARTESIAN_POINT ( 'NONE',  ( 17.00000000000000000, -66.74328857565157591, 82.00000000000000000 ) ) ;
#6945 = CARTESIAN_POINT ( 'NONE',  ( 17.00000000000000000, 66.70319209594900656, 82.00000000000000000 ) ) ;
#6946 = VECTOR ( 'NONE', #1171, 1000.000000000000114 ) ;
#6947 = ADVANCED_FACE ( 'NONE', ( #1391 ), #4473, .F. ) ;
#6948 = CARTESIAN_POINT ( 'NONE',  ( -15.65905432928538588, -56.85401287678588034, 0.9999999999999997780 ) ) ;
#6949 = LINE ( 'NONE', #5430, #316 ) ;
#6950 = ORIENTED_EDGE ( 'NONE', *, *, #6765, .T. ) ;
#6951 = ORIENTED_EDGE ( 'NONE', *, *, #1517, .T. ) ;
#6952 = VECTOR ( 'NONE', #1851, 1000.000000000000114 ) ;
#6953 = ORIENTED_EDGE ( 'NONE', *, *, #528, .F. ) ;
#6954 = CARTESIAN_POINT ( 'NONE',  ( 20.00000000000000000, -37.76232033811303523, 38.62321017853599869 ) ) ;
#6955 = CARTESIAN_POINT ( 'NONE',  ( 77.67717289295403305, -22.55589366623111403, 27.77832286596926181 ) ) ;
#6956 = DIRECTION ( 'NONE',  ( 0.000000000000000000, 0.8514537021307106990, -0.5244297790247107738 ) ) ;
#6957 = AXIS2_PLACEMENT_3D ( 'NONE', #1993, #554, #9567 ) ;
#6958 = CARTESIAN_POINT ( 'NONE',  ( -42.88001333966123241, 52.36231971164315979, 27.74576459830458930 ) ) ;
#6959 = VECTOR ( 'NONE', #110, 1000.000000000000114 ) ;
#6960 = CARTESIAN_POINT ( 'NONE',  ( -3.000000000000000000, -34.50000000000021316, 24.64061919046173443 ) ) ;
#6961 = ORIENTED_EDGE ( 'NONE', *, *, #6636, .F. ) ;
#6962 = VERTEX_POINT ( 'NONE', #6587 ) ;
#6963 = LINE ( 'NONE', #238, #3412 ) ;
#6964 = VECTOR ( 'NONE', #9803, 1000.000000000000114 ) ;
#6965 = ADVANCED_FACE ( 'NONE', ( #656 ), #2041, .F. ) ;
#6966 = LINE ( 'NONE', #4010, #5029 ) ;
#6968 = ORIENTED_EDGE ( 'NONE', *, *, #1614, .T. ) ;
#6967 = CARTESIAN_POINT ( 'NONE',  ( 17.00000000000000000, -29.10206630026864616, 8.376789821465669306 ) ) ;
#6969 = CARTESIAN_POINT ( 'NONE',  ( 17.00000000000000000, -49.10223034971637190, 53.37678982146587714 ) ) ;
#6970 = LINE ( 'NONE', #8557, #2579 ) ;
#6971 = DIRECTION ( 'NONE',  ( 0.000000000000000000, 0.9995954257038592861, -0.02844266007110466885 ) ) ;
#6972 = LINE ( 'NONE', #196, #3364 ) ;
#6973 = VECTOR ( 'NONE', #6052, 1000.000000000000000 ) ;
#6974 = VERTEX_POINT ( 'NONE', #6735 ) ;
#6975 = CARTESIAN_POINT ( 'NONE',  ( 20.00000000000000000, -37.62004947862467930, 13.62321017853599869 ) ) ;
#6976 = VECTOR ( 'NONE', #4179, 1000.000000000000114 ) ;
#6977 = ORIENTED_EDGE ( 'NONE', *, *, #6449, .F. ) ;
#6978 = LINE ( 'NONE', #5791, #7874 ) ;
#6979 = DIRECTION ( 'NONE',  ( 0.000000000000000000, 0.000000000000000000, 1.000000000000000000 ) ) ;
#6980 = DIRECTION ( 'NONE',  ( 0.000000000000000000, 0.8514537021307106990, -0.5244297790247107738 ) ) ;
#6981 = LINE ( 'NONE', #2391, #7620 ) ;
#6982 = CARTESIAN_POINT ( 'NONE',  ( -48.58245118270884433, -45.73672232128971871, 1.064153259696885012 ) ) ;
#6983 = AXIS2_PLACEMENT_3D ( 'NONE', #4082, #8630, #6396 ) ;
#6984 = ORIENTED_EDGE ( 'NONE', *, *, #4711, .T. ) ;
#6986 = AXIS2_PLACEMENT_3D ( 'NONE', #8973, #9124, #7583 ) ;
#6985 = CARTESIAN_POINT ( 'NONE',  ( -3.000000000000000000, -34.50000000000021316, 26.04061919046181117 ) ) ;
#6987 = ADVANCED_FACE ( 'NONE', ( #3527 ), #5063, .F. ) ;
#6988 = ORIENTED_EDGE ( 'NONE', *, *, #9550, .F. ) ;
#6989 = DIRECTION ( 'NONE',  ( 0.000000000000000000, 0.02844266007110327760, 0.9995954257038591750 ) ) ;
#6990 = VERTEX_POINT ( 'NONE', #9616 ) ;
#6991 = DIRECTION ( 'NONE',  ( 0.000000000000000000, -0.8798963622018148856, -0.4751656466791477906 ) ) ;
#6992 = CARTESIAN_POINT ( 'NONE',  ( 20.00000000000005329, 66.44301703982486629, 82.00000000000000000 ) ) ;
#6993 = FACE_OUTER_BOUND ( 'NONE', #6221, .T. ) ;
#6994 = AXIS2_PLACEMENT_3D ( 'NONE', #4596, #2317, #3806 ) ;
#6995 = CARTESIAN_POINT ( 'NONE',  ( -159.6513234039177007, -98.90143958079084996, 82.00000000000001421 ) ) ;
#6996 = CARTESIAN_POINT ( 'NONE',  ( 17.00000000000000000, -9.101902250820922191, 23.37678982146546147 ) ) ;
#6997 = CARTESIAN_POINT ( 'NONE',  ( -75.00000000000000000, -109.9999999999999858, 0.000000000000000000 ) ) ;
#6998 = EDGE_CURVE ( 'NONE', #7201, #2285, #6539, .T. ) ;
#6999 = EDGE_CURVE ( 'NONE', #9585, #561, #507, .T. ) ;
#7000 = VERTEX_POINT ( 'NONE', #8922 ) ;
#7001 = EDGE_LOOP ( 'NONE', ( #9005, #1530, #4974, #9370 ) ) ;
#7002 = EDGE_CURVE ( 'NONE', #1253, #5041, #5906, .T. ) ;
#7003 = ORIENTED_EDGE ( 'NONE', *, *, #7220, .T. ) ;
#7004 = FACE_OUTER_BOUND ( 'NONE', #5111, .T. ) ;
#7005 = ORIENTED_EDGE ( 'NONE', *, *, #6556, .T. ) ;
#7006 = CARTESIAN_POINT ( 'NONE',  ( 77.77165165773844535, -9.823741916699276544, 0.5973571113654481124 ) ) ;
#7007 = CARTESIAN_POINT ( 'NONE',  ( -84.88338442661090255, 17.75280234265128243, 54.97334690431458881 ) ) ;
#7008 = PLANE ( 'NONE',  #4779 ) ;
#7009 = CARTESIAN_POINT ( 'NONE',  ( -35.99863570714197891, 55.05364326318520796, 27.74216160995619518 ) ) ;
#7010 = DIRECTION ( 'NONE',  ( 0.000000000000000000, -0.8798963622018147746, -0.4751656466791477906 ) ) ;
#7011 = ADVANCED_FACE ( 'NONE', ( #3680 ), #9719, .F. ) ;
#7012 = ORIENTED_EDGE ( 'NONE', *, *, #1561, .F. ) ;
#7013 = EDGE_CURVE ( 'NONE', #1673, #787, #2740, .T. ) ;
#7014 = ORIENTED_EDGE ( 'NONE', *, *, #1308, .F. ) ;
#7015 = CARTESIAN_POINT ( 'NONE',  ( 20.00000000000000000, 46.78186916783261040, 76.00000000000000000 ) ) ;
#7016 = CARTESIAN_POINT ( 'NONE',  ( 17.00000000000000000, -17.61988542917695355, 58.62321017853579264 ) ) ;
#7017 = CARTESIAN_POINT ( 'NONE',  ( 17.00000000000000000, 22.23817181023015266, 23.62321017853537342 ) ) ;
#7018 = DIRECTION ( 'NONE',  ( 0.000000000000000000, 0.000000000000000000, 1.000000000000000000 ) ) ;
#7019 = CARTESIAN_POINT ( 'NONE',  ( 33.32232879672930892, 2.380278620270778855, 28.62321017853558658 ) ) ;
#7020 =( BOUNDED_SURFACE ( )  B_SPLINE_SURFACE ( 3, 1, ( 
 ( #4318, #8811 ),
 ( #5946, #8965 ),
 ( #7322, #9664 ),
 ( #2881, #2184 ) ),
 .UNSPECIFIED., .F., .F., .F. ) 
 B_SPLINE_SURFACE_WITH_KNOTS ( ( 4, 4 ),
 ( 2, 2 ),
 ( 0.000000000000000000, 1.000000000000000000 ),
 ( 0.000000000000000000, 1.000000000000000000 ),
 .UNSPECIFIED. ) 
 GEOMETRIC_REPRESENTATION_ITEM ( )  RATIONAL_B_SPLINE_SURFACE ( (
 ( 1.000000000000000000, 1.000000000000000000),
 ( 0.3333333333333333703, 0.3333333333333333703),
 ( 0.3333333333333333703, 0.3333333333333333703),
 ( 1.000000000000000000, 1.000000000000000000) ) ) 
 REPRESENTATION_ITEM ( '' )  SURFACE ( )  );
#7021 = CARTESIAN_POINT ( 'NONE',  ( -53.33889907720634227, 42.81036317327834695, 1.000000000000000000 ) ) ;
#7022 = DIRECTION ( 'NONE',  ( 0.000000000000000000, 0.000000000000000000, 1.000000000000000000 ) ) ;
#7023 = ORIENTED_EDGE ( 'NONE', *, *, #5384, .T. ) ;
#7024 = LINE ( 'NONE', #5504, #1382 ) ;
#7025 = VERTEX_POINT ( 'NONE', #7478 ) ;
#7026 = DIRECTION ( 'NONE',  ( 0.000000000000000000, 0.02844266007110327760, 0.9995954257038591750 ) ) ;
#7027 = CARTESIAN_POINT ( 'NONE',  ( 33.32232879672930892, 50.89858989752226393, 23.37678982146483619 ) ) ;
#7028 = LINE ( 'NONE', #252, #8872 ) ;
#7029 = LINE ( 'NONE', #1942, #9053 ) ;
#7030 = CARTESIAN_POINT ( 'NONE',  ( 73.73605988552721158, -22.88620039310740850, 1.000000000000000000 ) ) ;
#7031 = ORIENTED_EDGE ( 'NONE', *, *, #1437, .T. ) ;
#7032 = CARTESIAN_POINT ( 'NONE',  ( 17.00000000000000000, -57.99843505709356606, 1.041300569779510354 ) ) ;
#7033 = ORIENTED_EDGE ( 'NONE', *, *, #5797, .F. ) ;
#7034 = CARTESIAN_POINT ( 'NONE',  ( 13.50313678277578688, -66.33248089817170978, 82.00000000000001421 ) ) ;
#7035 = ORIENTED_EDGE ( 'NONE', *, *, #1246, .T. ) ;
#7036 = LINE ( 'NONE', #212, #5397 ) ;
#7037 = LINE ( 'NONE', #4865, #7714 ) ;
#7038 = CIRCLE ( 'NONE', #9421, 1.399999999999998579 ) ;
#7039 = DIRECTION ( 'NONE',  ( -1.000000000000000000, -0.000000000000000000, -0.000000000000000000 ) ) ;
#7040 = CARTESIAN_POINT ( 'NONE',  ( 20.00000000000000000, 46.78186916783261040, 31.00000000000000000 ) ) ;
#7041 = CARTESIAN_POINT ( 'NONE',  ( 62.91486693132457475, 35.26573305343315923, 1.086298991543278802 ) ) ;
#7042 = CARTESIAN_POINT ( 'NONE',  ( 33.32232879672930892, 50.89858989752226393, 8.376789821464836194 ) ) ;
#7043 = LINE ( 'NONE', #5478, #1733 ) ;
#7044 = EDGE_CURVE ( 'NONE', #298, #2894, #335, .T. ) ;
#7045 = VECTOR ( 'NONE', #2699, 1000.000000000000114 ) ;
#7046 = EDGE_LOOP ( 'NONE', ( #6553, #1577, #8016, #3485 ) ) ;
#7047 = ORIENTED_EDGE ( 'NONE', *, *, #3202, .T. ) ;
#7048 = ORIENTED_EDGE ( 'NONE', *, *, #5431, .F. ) ;
#7049 = CARTESIAN_POINT ( 'NONE',  ( 17.00000000000000000, -33.21878702995829968, 16.00000000000083134 ) ) ;
#7050 = ORIENTED_EDGE ( 'NONE', *, *, #2892, .T. ) ;
#7051 = ADVANCED_FACE ( 'NONE', ( #5013 ), #5464, .F. ) ;
#7052 = CARTESIAN_POINT ( 'NONE',  ( 72.52406656076567515, 22.82832749657007554, 0.5868912549663346523 ) ) ;
#7053 = CARTESIAN_POINT ( 'NONE',  ( -78.70694531623861678, 4.676504390433199099, 0.5994487354329834927 ) ) ;
#7054 = DIRECTION ( 'NONE',  ( 0.000000000000000000, -0.000000000000000000, -1.000000000000000000 ) ) ;
#7055 = CARTESIAN_POINT ( 'NONE',  ( -40.00378146950008329, 60.52406100224524010, 82.11813608671751297 ) ) ;
#7056 = ADVANCED_FACE ( 'NONE', ( #5998 ), #748, .F. ) ;
#7057 = CARTESIAN_POINT ( 'NONE',  ( 11.99999999999994138, 45.00000000000000000, 31.03860113793880160 ) ) ;
#7058 = ORIENTED_EDGE ( 'NONE', *, *, #3507, .T. ) ;
#7059 = EDGE_CURVE ( 'NONE', #4008, #3070, #7724, .T. ) ;
#7060 = EDGE_LOOP ( 'NONE', ( #8649, #4398, #8918, #1057, #4028, #3480 ) ) ;
#7061 = CARTESIAN_POINT ( 'NONE',  ( 69.67898957658712789, -27.51424102077506717, 1.076495963498099506 ) ) ;
#7062 = EDGE_CURVE ( 'NONE', #6962, #7315, #1620, .T. ) ;
#7063 = CARTESIAN_POINT ( 'NONE',  ( 17.00000000000000000, -9.101902250820922191, 38.37678982146545792 ) ) ;
#7064 = ADVANCED_FACE ( 'NONE', ( #3183 ), #4707, .F. ) ;
#7065 = PLANE ( 'NONE',  #7767 ) ;
#7066 = FACE_OUTER_BOUND ( 'NONE', #1284, .T. ) ;
#7067 = LINE ( 'NONE', #6318, #1150 ) ;
#7068 = CARTESIAN_POINT ( 'NONE',  ( -77.66931273145287662, 10.60726859884469597, 1.000000000000000222 ) ) ;
#7069 = ADVANCED_FACE ( 'NONE', ( #9762 ), #3776, .F. ) ;
#7070 = CARTESIAN_POINT ( 'NONE',  ( 20.00000000000000000, 66.70319209594900656, 82.00000000000000000 ) ) ;
#7071 = ORIENTED_EDGE ( 'NONE', *, *, #9560, .F. ) ;
#7072 = ORIENTED_EDGE ( 'NONE', *, *, #6215, .F. ) ;
#7073 = CARTESIAN_POINT ( 'NONE',  ( 20.00000000000000000, -29.10206630026864616, 53.37678982146566398 ) ) ;
#7074 = ORIENTED_EDGE ( 'NONE', *, *, #7919, .T. ) ;
#7075 = DIRECTION ( 'NONE',  ( 0.000000000000000000, 0.8514537021307111431, -0.5244297790247101076 ) ) ;
#7076 = DIRECTION ( 'NONE',  ( -1.000000000000000000, 0.000000000000000000, 0.000000000000000000 ) ) ;
#7077 = CARTESIAN_POINT ( 'NONE',  ( 74.99999999999998579, -109.9999999999999858, 0.000000000000000000 ) ) ;
#7078 = VECTOR ( 'NONE', #7325, 1000.000000000000000 ) ;
#7079 = CARTESIAN_POINT ( 'NONE',  ( -8.000000000000000000, -34.50000000000007816, 17.44061919046182751 ) ) ;
#7080 = ORIENTED_EDGE ( 'NONE', *, *, #4826, .T. ) ;
#7081 = CARTESIAN_POINT ( 'NONE',  ( 20.00000000000000000, 26.49716339940816212, 51.00000000000021316 ) ) ;
#7082 = VECTOR ( 'NONE', #5113, 1000.000000000000000 ) ;
#7083 = VERTEX_POINT ( 'NONE', #1542 ) ;
#7084 = CARTESIAN_POINT ( 'NONE',  ( -11.30076479709885362, -66.50917028553701016, 82.00000000000001421 ) ) ;
#7085 = VERTEX_POINT ( 'NONE', #941 ) ;
#7086 = FACE_OUTER_BOUND ( 'NONE', #2398, .T. ) ;
#7087 = PLANE ( 'NONE',  #9305 ) ;
#7088 = LINE ( 'NONE', #4031, #3810 ) ;
#7089 = LINE ( 'NONE', #6393, #7928 ) ;
#7090 = CARTESIAN_POINT ( 'NONE',  ( 25.53456546554581408, 55.01515764256673435, 1.000000000000000000 ) ) ;
#7091 = CARTESIAN_POINT ( 'NONE',  ( 62.92517154370916188, -35.06520121113411648, 0.9999999999999997780 ) ) ;
#7092 = CARTESIAN_POINT ( 'NONE',  ( 33.32232879672930892, 50.89858989752226393, 8.376789821464836194 ) ) ;
#7093 = AXIS2_PLACEMENT_3D ( 'NONE', #7708, #4012, #7018 ) ;
#7094 = ORIENTED_EDGE ( 'NONE', *, *, #9606, .F. ) ;
#7095 = LINE ( 'NONE', #6399, #58 ) ;
#7096 = ADVANCED_FACE ( 'NONE', ( #9119 ), #8276, .T. ) ;
#7097 = ORIENTED_EDGE ( 'NONE', *, *, #220, .T. ) ;
#7098 = DIRECTION ( 'NONE',  ( 0.000000000000000000, 0.000000000000000000, 1.000000000000000000 ) ) ;
#7099 = AXIS2_PLACEMENT_3D ( 'NONE', #8909, #5152, #1181 ) ;
#7100 = ORIENTED_EDGE ( 'NONE', *, *, #660, .F. ) ;
#7101 = CARTESIAN_POINT ( 'NONE',  ( 71.52520399617257851, 24.53728410985253205, 0.5850921229495641418 ) ) ;
#7102 = CARTESIAN_POINT ( 'NONE',  ( -88.33576638567022599, -1.994787744958482545, 54.98023252244809100 ) ) ;
#7103 = DIRECTION ( 'NONE',  ( 0.000000000000000000, 0.4751656466791477906, -0.8798963622018148856 ) ) ;
#7104 = CARTESIAN_POINT ( 'NONE',  ( -38.00133311360075794, 57.78880661486346071, 54.93014430725252595 ) ) ;
#7105 = VECTOR ( 'NONE', #1034, 1000.000000000000227 ) ;
#7106 = ORIENTED_EDGE ( 'NONE', *, *, #35, .F. ) ;
#7107 = ORIENTED_EDGE ( 'NONE', *, *, #4045, .T. ) ;
#7108 = CARTESIAN_POINT ( 'NONE',  ( 27.10809735413106836, -54.54455514359467116, 1.057837136703637881 ) ) ;
#7109 = EDGE_CURVE ( 'NONE', #1097, #7373, #6191, .T. ) ;
#7110 = VECTOR ( 'NONE', #3431, 1000.000000000000000 ) ;
#7111 = CARTESIAN_POINT ( 'NONE',  ( 39.36715075217626492, -53.77648788900111754, 27.73974453946451035 ) ) ;
#7112 = CARTESIAN_POINT ( 'NONE',  ( -8.000000000000000000, -34.50000000000011369, 12.44061919046182751 ) ) ;
#7113 = DIRECTION ( 'NONE',  ( 0.000000000000000000, -0.8514537021307111431, 0.5244297790247101076 ) ) ;
#7114 = DIRECTION ( 'NONE',  ( -1.000000000000000000, -0.000000000000000000, -0.000000000000000000 ) ) ;
#7115 = LINE ( 'NONE', #3227, #2422 ) ;
#7116 = ADVANCED_FACE ( 'NONE', ( #9221 ), #2, .F. ) ;
#7117 = VECTOR ( 'NONE', #7136, 1000.000000000000114 ) ;
#7118 = EDGE_CURVE ( 'NONE', #5109, #7436, #804, .T. ) ;
#7119 = ORIENTED_EDGE ( 'NONE', *, *, #2813, .T. ) ;
#7120 = EDGE_CURVE ( 'NONE', #8732, #720, #3971, .T. ) ;
#7121 = ORIENTED_EDGE ( 'NONE', *, *, #7660, .T. ) ;
#7122 = DIRECTION ( 'NONE',  ( 0.000000000000000000, 0.9995954257038592861, -0.02844266007110471048 ) ) ;
#7123 = ORIENTED_EDGE ( 'NONE', *, *, #6878, .F. ) ;
#7124 = CARTESIAN_POINT ( 'NONE',  ( 17.00000000000000000, -37.00000000000000711, 1.040619190461828936 ) ) ;
#7125 = VECTOR ( 'NONE', #2677, 1000.000000000000000 ) ;
#7126 = DIRECTION ( 'NONE',  ( 0.000000000000000000, -0.8798963622018145525, -0.4751656466791481792 ) ) ;
#7127 = CARTESIAN_POINT ( 'NONE',  ( -3.000000000000000000, 42.49999999999990052, 10.03860113793879982 ) ) ;
#7128 = LINE ( 'NONE', #4763, #6668 ) ;
#7129 = EDGE_CURVE ( 'NONE', #5801, #7000, #7529, .T. ) ;
#7130 = AXIS2_PLACEMENT_3D ( 'NONE', #5897, #2133, #3517 ) ;
#7131 = EDGE_LOOP ( 'NONE', ( #1795, #2411, #6622, #6049 ) ) ;
#7132 = DIRECTION ( 'NONE',  ( -1.000000000000000000, 0.000000000000000000, 0.000000000000000000 ) ) ;
#7133 = EDGE_CURVE ( 'NONE', #8448, #6232, #55, .T. ) ;
#7134 = ORIENTED_EDGE ( 'NONE', *, *, #1975, .T. ) ;
#7135 = EDGE_LOOP ( 'NONE', ( #5926, #785, #6007, #6047, #2504 ) ) ;
#7136 = DIRECTION ( 'NONE',  ( 0.000000000000000000, -0.02844266007110470701, -0.9995954257038591750 ) ) ;
#7137 = DIRECTION ( 'NONE',  ( -1.000000000000000000, -0.000000000000000000, -0.000000000000000000 ) ) ;
#7138 = DIRECTION ( 'NONE',  ( -0.000000000000000000, -0.8514537021307109210, 0.5244297790247105517 ) ) ;
#7139 = CARTESIAN_POINT ( 'NONE',  ( 68.63811642251430101, 28.94871502637701965, 1.000000000000000000 ) ) ;
#7140 = AXIS2_PLACEMENT_3D ( 'NONE', #6238, #8470, #7579 ) ;
#7141 = CARTESIAN_POINT ( 'NONE',  ( 79.00000000000000000, -8.701265101693564042E-15, 1.000000000000000000 ) ) ;
#7142 = LINE ( 'NONE', #6541, #5064 ) ;
#7143 = VERTEX_POINT ( 'NONE', #3085 ) ;
#7144 = ORIENTED_EDGE ( 'NONE', *, *, #2766, .T. ) ;
#7145 = ORIENTED_EDGE ( 'NONE', *, *, #5003, .F. ) ;
#7146 = DIRECTION ( 'NONE',  ( 0.000000000000000000, 0.02844266007110470701, 0.9995954257038591750 ) ) ;
#7147 = VECTOR ( 'NONE', #642, 1000.000000000000000 ) ;
#7148 = ORIENTED_EDGE ( 'NONE', *, *, #969, .T. ) ;
#7149 = CARTESIAN_POINT ( 'NONE',  ( 81.18680797429770735, 15.05050072283246898, 27.78485198856454019 ) ) ;
#7150 = CARTESIAN_POINT ( 'NONE',  ( -79.23719692521554236, -19.66232639849812713, 27.78108544546630654 ) ) ;
#7151 = CARTESIAN_POINT ( 'NONE',  ( 69.63137508787447416, 27.39343182616916295, 1.076533997516919028 ) ) ;
#7152 = CARTESIAN_POINT ( 'NONE',  ( -70.11838789251481785, 38.88344508276758660, 54.95386341458526402 ) ) ;
#7153 = AXIS2_PLACEMENT_3D ( 'NONE', #7019, #2432, #4013 ) ;
#7154 = ORIENTED_EDGE ( 'NONE', *, *, #9308, .F. ) ;
#7155 = ORIENTED_EDGE ( 'NONE', *, *, #768, .F. ) ;
#7156 = EDGE_LOOP ( 'NONE', ( #770, #9319, #1665, #4755 ) ) ;
#7157 = CARTESIAN_POINT ( 'NONE',  ( 76.52605923816615530, -14.50023897218688340, 1.082989207134278598 ) ) ;
#7158 = CARTESIAN_POINT ( 'NONE',  ( 17.00000000000000000, -33.21878702995829968, 61.00000000000081712 ) ) ;
#7159 = CARTESIAN_POINT ( 'NONE',  ( 33.32232879672930892, -29.10206630026864616, 23.37678982146566753 ) ) ;
#7160 = CARTESIAN_POINT ( 'NONE',  ( 17.00000000000000000, -37.00000000000000711, 1.040619190461828936 ) ) ;
#7161 = PLANE ( 'NONE',  #5537 ) ;
#7162 = CARTESIAN_POINT ( 'NONE',  ( 17.00000000000000000, -32.00000000000000000, 15.24932123590627597 ) ) ;
#7163 = EDGE_CURVE ( 'NONE', #6177, #9073, #2712, .T. ) ;
#7164 = VERTEX_POINT ( 'NONE', #4665 ) ;
#7165 = ORIENTED_EDGE ( 'NONE', *, *, #6092, .F. ) ;
#7166 = DIRECTION ( 'NONE',  ( 0.000000000000000000, -0.8514537021307111431, 0.5244297790247101076 ) ) ;
#7167 = VECTOR ( 'NONE', #6595, 1000.000000000000000 ) ;
#7168 = ORIENTED_EDGE ( 'NONE', *, *, #9541, .T. ) ;
#7169 = PLANE ( 'NONE',  #2357 ) ;
#7170 = ADVANCED_FACE ( 'NONE', ( #7676 ), #895, .T. ) ;
#7171 = EDGE_CURVE ( 'NONE', #2559, #2456, #8468, .T. ) ;
#7172 = DIRECTION ( 'NONE',  ( 0.000000000000000000, 0.8798963622018144415, 0.4751656466791482902 ) ) ;
#7173 = DIRECTION ( 'NONE',  ( 0.000000000000000000, 0.8514537021307104769, -0.5244297790247111068 ) ) ;
#7174 = CARTESIAN_POINT ( 'NONE',  ( 20.00000000000000000, -13.50316469948729292, 21.00000000000062528 ) ) ;
#7175 = ADVANCED_FACE ( 'NONE', ( #1941 ), #4810, .F. ) ;
#7176 = LINE ( 'NONE', #7784, #990 ) ;
#7177 = ORIENTED_EDGE ( 'NONE', *, *, #523, .T. ) ;
#7178 = FACE_OUTER_BOUND ( 'NONE', #331, .T. ) ;
#7179 = VERTEX_POINT ( 'NONE', #3377 ) ;
#7180 = CARTESIAN_POINT ( 'NONE',  ( 20.00000000000000000, -13.50316469948729292, 36.00000000000062528 ) ) ;
#7181 = DIRECTION ( 'NONE',  ( 0.000000000000000000, 0.9995954257038592861, -0.02844266007110466885 ) ) ;
#7182 = ADVANCED_FACE ( 'NONE', ( #5508 ), #7823, .T. ) ;
#7183 = CARTESIAN_POINT ( 'NONE',  ( 17.00000000000000000, -33.50332874893501867, 6.000000000000834888 ) ) ;
#7184 = CARTESIAN_POINT ( 'NONE',  ( 20.54885928329042954, 56.13070156966302449, 1.086298991543278802 ) ) ;
#7185 = CARTESIAN_POINT ( 'NONE',  ( 43.48058631997135137, -48.44911221432644055, 0.9999999999999997780 ) ) ;
#7186 = CARTESIAN_POINT ( 'NONE',  ( 20.00000000000000000, 42.38060671916623789, 13.62321017853516558 ) ) ;
#7187 = EDGE_CURVE ( 'NONE', #478, #4611, #1271, .T. ) ;
#7188 = ADVANCED_FACE ( 'NONE', ( #1139 ), #8026, .T. ) ;
#7189 = VERTEX_POINT ( 'NONE', #1090 ) ;
#7190 = CARTESIAN_POINT ( 'NONE',  ( 17.00000000000000000, 51.04086075701062697, 28.37678982146483264 ) ) ;
#7191 = ORIENTED_EDGE ( 'NONE', *, *, #5548, .T. ) ;
#7192 = LINE ( 'NONE', #1814, #2021 ) ;
#7193 = ORIENTED_EDGE ( 'NONE', *, *, #284, .T. ) ;
#7194 = EDGE_CURVE ( 'NONE', #6525, #5290, #2488, .T. ) ;
#7195 = CARTESIAN_POINT ( 'NONE',  ( 83.58665639901853694, -1.601039949714409216, 27.79000714145468010 ) ) ;
#7196 = CARTESIAN_POINT ( 'NONE',  ( -64.30947293878921300, -33.69997725483057138, 0.5739266863561846010 ) ) ;
#7197 = CARTESIAN_POINT ( 'NONE',  ( 67.93834466113784742, 29.59440147258185405, 1.075183629208071867 ) ) ;
#7198 = CARTESIAN_POINT ( 'NONE',  ( -76.72735487785838870, 31.66599065216225384, 54.96223721742382651 ) ) ;
#7199 = VECTOR ( 'NONE', #1777, 1000.000000000000000 ) ;
#7200 = ORIENTED_EDGE ( 'NONE', *, *, #5431, .T. ) ;
#7201 = VERTEX_POINT ( 'NONE', #5558 ) ;
#7202 = DIRECTION ( 'NONE',  ( 0.6482907665127505270, 0.6482907665127397578, -0.3992970875283649579 ) ) ;
#7203 = DIRECTION ( 'NONE',  ( 0.000000000000000000, 1.000000000000000000, -2.312964634635743450E-16 ) ) ;
#7204 = CARTESIAN_POINT ( 'NONE',  ( 33.32232879672930892, 6.496999349960439041, 36.00000000000041922 ) ) ;
#7205 = DIRECTION ( 'NONE',  ( 0.000000000000000000, -0.5244297790247101076, -0.8514537021307111431 ) ) ;
#7206 = FACE_OUTER_BOUND ( 'NONE', #489, .T. ) ;
#7207 = PLANE ( 'NONE',  #6355 ) ;
#7208 = VERTEX_POINT ( 'NONE', #4119 ) ;
#7209 = B_SPLINE_CURVE_WITH_KNOTS ( 'NONE', 3,
 ( #493, #1227, #2821, #4405 ),
 .UNSPECIFIED., .F., .F.,
 ( 4, 4 ),
 ( 4.155371759575362503E-05, 0.08052751373167560400 ),
 .UNSPECIFIED. ) ;
#7210 = VERTEX_POINT ( 'NONE', #2627 ) ;
#7211 = CARTESIAN_POINT ( 'NONE',  ( 20.00000000000000000, -33.21878702995829968, 16.00000000000083134 ) ) ;
#7212 = ORIENTED_EDGE ( 'NONE', *, *, #3249, .F. ) ;
#7213 = FACE_OUTER_BOUND ( 'NONE', #109, .T. ) ;
#7214 = CARTESIAN_POINT ( 'NONE',  ( 33.32232879672930892, 26.78170511838488466, 16.00000000000020961 ) ) ;
#7215 = CARTESIAN_POINT ( 'NONE',  ( 17.00000000000000000, -28.95979544078028312, 73.37678982146567819 ) ) ;
#7216 = LINE ( 'NONE', #9316, #4150 ) ;
#7217 = CARTESIAN_POINT ( 'NONE',  ( 16.99999999999997868, -59.05608575245923930, 22.18746681277704269 ) ) ;
#7218 = ORIENTED_EDGE ( 'NONE', *, *, #3005, .F. ) ;
#7219 = CARTESIAN_POINT ( 'NONE',  ( 17.00000000000000000, -17.61988542917695355, 13.62321017853579264 ) ) ;
#7220 = EDGE_CURVE ( 'NONE', #685, #5552, #4957, .T. ) ;
#7221 = AXIS2_PLACEMENT_3D ( 'NONE', #6374, #5644, #7717 ) ;
#7222 = ORIENTED_EDGE ( 'NONE', *, *, #2165, .F. ) ;
#7223 = CARTESIAN_POINT ( 'NONE',  ( -79.00000000000000000, 1.641902789998396647E-15, 1.000000000000000000 ) ) ;
#7224 = LINE ( 'NONE', #6342, #1071 ) ;
#7225 = CARTESIAN_POINT ( 'NONE',  ( -8.000000000000000000, -34.50000000000011369, 11.04061919046182894 ) ) ;
#7226 = CARTESIAN_POINT ( 'NONE',  ( 17.98830711876890831, -66.74328857565157591, 82.00000000000000000 ) ) ;
#7227 = CARTESIAN_POINT ( 'NONE',  ( -71.07344828874326481, -25.58731213932864534, 0.9999999999999997780 ) ) ;
#7228 = CARTESIAN_POINT ( 'NONE',  ( 17.00000000000000000, 0.000000000000000000, 0.000000000000000000 ) ) ;
#7229 = VECTOR ( 'NONE', #1990, 1000.000000000000114 ) ;
#7230 = ADVANCED_FACE ( 'NONE', ( #2585 ), #4761, .F. ) ;
#7231 = EDGE_CURVE ( 'NONE', #2829, #2346, #1793, .T. ) ;
#7232 = EDGE_LOOP ( 'NONE', ( #651, #6754, #7887, #6302 ) ) ;
#7233 = PLANE ( 'NONE',  #826 ) ;
#7234 = VERTEX_POINT ( 'NONE', #6283 ) ;
#7235 = LINE ( 'NONE', #8593, #8351 ) ;
#7236 = ADVANCED_FACE ( 'NONE', ( #8616 ), #7968, .F. ) ;
#7237 = EDGE_LOOP ( 'NONE', ( #1489, #6697, #269, #5717 ) ) ;
#7238 = CARTESIAN_POINT ( 'NONE',  ( 17.00000000000000000, 57.99809726907902530, 1.038260477640243096 ) ) ;
#7239 = DIRECTION ( 'NONE',  ( 0.000000000000000000, -0.8514537021307108100, 0.5244297790247105517 ) ) ;
#7240 = CARTESIAN_POINT ( 'NONE',  ( 83.69821296184612436, 1.489328177281253662, 27.79025433519682409 ) ) ;
#7241 = VECTOR ( 'NONE', #5452, 1000.000000000000227 ) ;
#7242 = CARTESIAN_POINT ( 'NONE',  ( -59.73018037748193620, -42.77217232551302573, 27.75443713040403182 ) ) ;
#7243 = CARTESIAN_POINT ( 'NONE',  ( 33.32232879672930892, 22.38044266971850504, 13.62321017853537519 ) ) ;
#7244 = CARTESIAN_POINT ( 'NONE',  ( -74.86289612687814099, 34.03572911408853230, 54.95961766583477726 ) ) ;
#7245 = ADVANCED_BREP_SHAPE_REPRESENTATION ( '\X2\9c7c4f537b2c4e8c51738282\X0\-draft2', ( #4726, #9176 ), #3639 ) ;
#7246 = EDGE_CURVE ( 'NONE', #4489, #1680, #9315, .T. ) ;
#7247 = ORIENTED_EDGE ( 'NONE', *, *, #3074, .T. ) ;
#7248 = AXIS2_PLACEMENT_3D ( 'NONE', #3854, #77, #3109 ) ;
#7249 = ORIENTED_EDGE ( 'NONE', *, *, #7782, .F. ) ;
#7250 = LINE ( 'NONE', #2757, #3565 ) ;
#7251 = CARTESIAN_POINT ( 'NONE',  ( 28.78333993648556799, -60.52441911831360244, 54.92463414910729114 ) ) ;
#7252 = CYLINDRICAL_SURFACE ( 'NONE', #8678, 1.399999999999998579 ) ;
#7253 = LINE ( 'NONE', #7160, #366 ) ;
#7254 = CARTESIAN_POINT ( 'NONE',  ( 21.82939721361465502, 54.82939721361454133, 0.8680879599017197190 ) ) ;
#7255 = STYLED_ITEM ( 'NONE', ( #2015 ), #4726 ) ;
#7256 = CARTESIAN_POINT ( 'NONE',  ( 17.00000000000000000, 0.000000000000000000, 0.000000000000000000 ) ) ;
#7257 = CARTESIAN_POINT ( 'NONE',  ( 91.78827486284630766, -10.93163828134165705, 82.00000000000000000 ) ) ;
#7258 = ORIENTED_EDGE ( 'NONE', *, *, #5796, .F. ) ;
#7259 = VECTOR ( 'NONE', #2503, 1000.000000000000114 ) ;
#7260 = ORIENTED_EDGE ( 'NONE', *, *, #6999, .T. ) ;
#7261 = DIRECTION ( 'NONE',  ( -1.000000000000000000, -0.000000000000000000, -0.000000000000000000 ) ) ;
#7263 = ORIENTED_EDGE ( 'NONE', *, *, #8414, .T. ) ;
#7262 = CARTESIAN_POINT ( 'NONE',  ( 20.00000000000000000, -17.61988542917695355, 73.62321017853578553 ) ) ;
#7264 = DIRECTION ( 'NONE',  ( -1.000000000000000000, -0.000000000000000000, -0.000000000000000000 ) ) ;
#7265 = LINE ( 'NONE', #495, #8365 ) ;
#7266 = CARTESIAN_POINT ( 'NONE',  ( 20.00000000000000000, -37.62004947862467930, 28.62321017853600225 ) ) ;
#7267 = DIRECTION ( 'NONE',  ( 0.000000000000000000, -0.8514537021307104769, 0.5244297790247111068 ) ) ;
#7268 = AXIS2_PLACEMENT_3D ( 'NONE', #2474, #240, #4057 ) ;
#7269 = DIRECTION ( 'NONE',  ( 0.000000000000000000, -0.8798963622018148856, -0.4751656466791477906 ) ) ;
#7270 = ORIENTED_EDGE ( 'NONE', *, *, #5625, .F. ) ;
#7271 = LINE ( 'NONE', #501, #3234 ) ;
#7272 = CIRCLE ( 'NONE', #9194, 1.399999999999998579 ) ;
#7273 = ORIENTED_EDGE ( 'NONE', *, *, #1685, .F. ) ;
#7274 = CARTESIAN_POINT ( 'NONE',  ( 17.00000000000000000, 49.99999999999997158, 14.01787973090866402 ) ) ;
#7275 = DIRECTION ( 'NONE',  ( 0.000000000000000000, 0.000000000000000000, 1.000000000000000000 ) ) ;
#7276 = DIRECTION ( 'NONE',  ( 0.000000000000000000, -0.8514537021307111431, 0.5244297790247101076 ) ) ;
#7277 = DIRECTION ( 'NONE',  ( 0.000000000000000000, 0.02844266007110327760, 0.9995954257038591750 ) ) ;
#7278 = CARTESIAN_POINT ( 'NONE',  ( -5.187718493861407154, -57.99999999999981526, 1.000000000000000000 ) ) ;
#7279 = CARTESIAN_POINT ( 'NONE',  ( 20.00000000000000000, 26.49716339940816567, 51.00000000000021316 ) ) ;
#7280 = AXIS2_PLACEMENT_3D ( 'NONE', #5262, #3877, #853 ) ;
#7281 = EDGE_CURVE ( 'NONE', #8462, #685, #5648, .T. ) ;
#7282 = VERTEX_POINT ( 'NONE', #3419 ) ;
#7283 = DIRECTION ( 'NONE',  ( 0.000000000000000000, -0.02844266007110327760, -0.9995954257038591750 ) ) ;
#7284 = ORIENTED_EDGE ( 'NONE', *, *, #8325, .T. ) ;
#7285 = CARTESIAN_POINT ( 'NONE',  ( -3.000000000000000000, -34.50000000000014921, 7.440619190461825738 ) ) ;
#7286 = ORIENTED_EDGE ( 'NONE', *, *, #3268, .T. ) ;
#7287 = CARTESIAN_POINT ( 'NONE',  ( 20.00000000000000000, 42.38060671916623789, 58.62321017853516736 ) ) ;
#7288 = FACE_OUTER_BOUND ( 'NONE', #955, .T. ) ;
#7289 = VECTOR ( 'NONE', #1209, 1000.000000000000000 ) ;
#7290 = CARTESIAN_POINT ( 'NONE',  ( 29.43215214323644702, 53.80119386156552963, 0.5459095544355133667 ) ) ;
#7291 = CARTESIAN_POINT ( 'NONE',  ( -76.66663709326873288, -31.74282186843554854, 54.96008261391868643 ) ) ;
#7292 = ADVANCED_FACE ( 'NONE', ( #3233 ), #6423, .F. ) ;
#7293 = EDGE_CURVE ( 'NONE', #4063, #9585, #7028, .T. ) ;
#7294 = CARTESIAN_POINT ( 'NONE',  ( 18.00254920674959891, 57.49610903513364946, 1.038273633985984157 ) ) ;
#7295 = CARTESIAN_POINT ( 'NONE',  ( -53.99374466909557668, 50.76155916372294286, 54.93905905733580397 ) ) ;
#7296 = VECTOR ( 'NONE', #7731, 1000.000000000000000 ) ;
#7297 = EDGE_CURVE ( 'NONE', #7210, #4550, #5842, .T. ) ;
#7298 = VECTOR ( 'NONE', #9011, 1000.000000000000000 ) ;
#7299 = ORIENTED_EDGE ( 'NONE', *, *, #2155, .F. ) ;
#7300 = EDGE_LOOP ( 'NONE', ( #1420, #1723, #8954, #9171 ) ) ;
#7301 = CARTESIAN_POINT ( 'NONE',  ( 17.00000000000000000, -33.50332874893501867, 21.00000000000083489 ) ) ;
#7302 = FACE_OUTER_BOUND ( 'NONE', #8405, .T. ) ;
#7303 = DIRECTION ( 'NONE',  ( 0.000000000000000000, 0.8798963622018151076, 0.4751656466791471800 ) ) ;
#7304 = DIRECTION ( 'NONE',  ( 0.000000000000000000, 0.4751656466791483457, -0.8798963622018145525 ) ) ;
#7305 = VECTOR ( 'NONE', #7010, 1000.000000000000227 ) ;
#7306 = ADVANCED_FACE ( 'NONE', ( #9712 ), #8805, .F. ) ;
#7307 = CARTESIAN_POINT ( 'NONE',  ( 33.32232879672930892, -13.21862298051057394, 61.00000000000062528 ) ) ;
#7308 = CARTESIAN_POINT ( 'NONE',  ( 79.64967599462561054, -34.56641313391213544, 82.00000000000000000 ) ) ;
#7309 = EDGE_CURVE ( 'NONE', #1335, #4827, #7318, .T. ) ;
#7310 = ORIENTED_EDGE ( 'NONE', *, *, #1199, .F. ) ;
#7311 = VERTEX_POINT ( 'NONE', #5051 ) ;
#7312 = EDGE_LOOP ( 'NONE', ( #2105, #6766, #4375, #4910 ) ) ;
#7313 = CARTESIAN_POINT ( 'NONE',  ( 33.32232879672930892, -57.62021352807240504, 58.62321017853621186 ) ) ;
#7315 = VERTEX_POINT ( 'NONE', #3464 ) ;
#7314 = DIRECTION ( 'NONE',  ( 0.000000000000000000, 0.8514537021307104769, -0.5244297790247111068 ) ) ;
#7316 = CARTESIAN_POINT ( 'NONE',  ( 33.32232879672930892, -37.62004947862467930, 58.62321017853599869 ) ) ;
#7317 = LINE ( 'NONE', #4459, #7885 ) ;
#7318 = LINE ( 'NONE', #8165, #7609 ) ;
#7319 = LINE ( 'NONE', #5052, #4622 ) ;
#7320 = LINE ( 'NONE', #8304, #4517 ) ;
#7321 = ORIENTED_EDGE ( 'NONE', *, *, #3997, .F. ) ;
#7322 = CARTESIAN_POINT ( 'NONE',  ( 79.99999999999997158, -118.0000000000000000, 1.000000000000000000 ) ) ;
#7323 = EDGE_LOOP ( 'NONE', ( #667, #1823, #9500, #3393, #9294, #4704 ) ) ;
#7324 = CARTESIAN_POINT ( 'NONE',  ( 17.00000000000000000, -37.76232033811303523, 8.623210178535998693 ) ) ;
#7325 = DIRECTION ( 'NONE',  ( -1.000000000000000000, -0.000000000000000000, -0.000000000000000000 ) ) ;
#7326 = DIRECTION ( 'NONE',  ( 0.000000000000000000, 0.000000000000000000, 1.000000000000000000 ) ) ;
#7327 = CARTESIAN_POINT ( 'NONE',  ( 17.00000000000000000, 49.99999999999997158, 29.01787973090866402 ) ) ;
#7328 =( BOUNDED_CURVE ( )  B_SPLINE_CURVE ( 3, ( #8152, #6522, #432, #9545 ),
 .UNSPECIFIED., .F., .F. ) 
 B_SPLINE_CURVE_WITH_KNOTS ( ( 4, 4 ),
 ( 0.000000000000000000, 2.743238705114608322 ),
 .UNSPECIFIED. ) 
 CURVE ( )  GEOMETRIC_REPRESENTATION_ITEM ( )  RATIONAL_B_SPLINE_CURVE ( ( 1.000000000000000000, 0.4652417623714857897, 0.4652417623714857897, 1.000000000000000000 ) ) 
 REPRESENTATION_ITEM ( '' )  );
#7329 = CARTESIAN_POINT ( 'NONE',  ( 76.49822795170091183, -14.95423146057403940, 1.086298605844412180 ) ) ;
#7330 = LINE ( 'NONE', #6490, #7110 ) ;
#7331 = B_SPLINE_CURVE_WITH_KNOTS ( 'NONE', 3,
 ( #7585, #903, #3979, #6147 ),
 .UNSPECIFIED., .F., .F.,
 ( 4, 4 ),
 ( 2.472820173504661877E-15, 0.02813884725505505502 ),
 .UNSPECIFIED. ) ;
#7332 = VERTEX_POINT ( 'NONE', #644 ) ;
#7333 = DIRECTION ( 'NONE',  ( -1.000000000000000000, -0.000000000000000000, -0.000000000000000000 ) ) ;
#7334 = ORIENTED_EDGE ( 'NONE', *, *, #2538, .F. ) ;
#7335 = DIRECTION ( 'NONE',  ( 0.000000000000000000, 0.8514537021307108100, -0.5244297790247106628 ) ) ;
#7336 = ORIENTED_EDGE ( 'NONE', *, *, #6513, .F. ) ;
#7337 = CARTESIAN_POINT ( 'NONE',  ( 17.00000000000000000, 26.49716339940816567, 6.000000000000210498 ) ) ;
#7338 = FACE_BOUND ( 'NONE', #2986, .T. ) ;
#7339 = CARTESIAN_POINT ( 'NONE',  ( 64.94335834527784357, 43.40386281579047534, 54.94626670897430643 ) ) ;
#7340 = EDGE_CURVE ( 'NONE', #5334, #3728, #6476, .T. ) ;
#7341 = CARTESIAN_POINT ( 'NONE',  ( -62.75036284668285447, -40.39916164737270776, 27.75755994810901939 ) ) ;
#7342 = CARTESIAN_POINT ( 'NONE',  ( 17.00000000000000000, 57.99809726907902530, 1.038260477640243096 ) ) ;
#7343 = CARTESIAN_POINT ( 'NONE',  ( 20.00000000000000000, 31.04069670756290478, 28.37678982146503515 ) ) ;
#7344 = ADVANCED_FACE ( 'NONE', ( #5793 ), #3666, .T. ) ;
#7345 = VERTEX_POINT ( 'NONE', #8064 ) ;
#7346 = ORIENTED_EDGE ( 'NONE', *, *, #3317, .T. ) ;
#7347 = DIRECTION ( 'NONE',  ( -1.000000000000000000, -0.000000000000000000, -0.000000000000000000 ) ) ;
#7348 = CARTESIAN_POINT ( 'NONE',  ( 75.83768793850215673, -32.77047386056140255, 54.95894273898296234 ) ) ;
#7349 = EDGE_CURVE ( 'NONE', #6266, #6859, #1380, .T. ) ;
#7350 = CARTESIAN_POINT ( 'NONE',  ( 20.00000000000000000, -53.21895107940603964, 16.00000000000104095 ) ) ;
#7351 = VECTOR ( 'NONE', #5344, 1000.000000000000000 ) ;
#7352 = CARTESIAN_POINT ( 'NONE',  ( 16.99999999999997868, 56.63959830834414788, 1.038296081825376138 ) ) ;
#7353 = DIRECTION ( 'NONE',  ( 0.000000000000000000, -0.8514537021307104769, 0.5244297790247111068 ) ) ;
#7354 = CARTESIAN_POINT ( 'NONE',  ( 53.42364700331029326, 54.93696802399055201, 82.00000000000000000 ) ) ;
#7355 = VERTEX_POINT ( 'NONE', #7266 ) ;
#7356 = AXIS2_PLACEMENT_3D ( 'NONE', #8192, #2064, #1412 ) ;
#7357 = EDGE_CURVE ( 'NONE', #4329, #5766, #4313, .T. ) ;
#7358 = EDGE_LOOP ( 'NONE', ( #9224, #1563, #1438, #4255 ) ) ;
#7359 = EDGE_CURVE ( 'NONE', #3284, #6525, #496, .T. ) ;
#7360 = EDGE_LOOP ( 'NONE', ( #8262, #8429, #5215, #867, #9564, #3826 ) ) ;
#7361 = CARTESIAN_POINT ( 'NONE',  ( 33.32232879672930892, -49.10223034971637190, 68.37678982146587714 ) ) ;
#7363 = ORIENTED_EDGE ( 'NONE', *, *, #172, .T. ) ;
#7362 = CARTESIAN_POINT ( 'NONE',  ( 17.00000000000000000, 6.781541068937156247, 31.00000000000041567 ) ) ;
#7364 = EDGE_CURVE ( 'NONE', #417, #7728, #2082, .T. ) ;
#7365 = DIRECTION ( 'NONE',  ( -1.000000000000000000, -0.000000000000000000, -0.000000000000000000 ) ) ;
#7366 = DIRECTION ( 'NONE',  ( 0.000000000000000000, 0.4751656466791483457, -0.8798963622018145525 ) ) ;
#7367 = DIRECTION ( 'NONE',  ( 0.000000000000000000, -0.02844266007110470701, -0.9995954257038591750 ) ) ;
#7368 = CARTESIAN_POINT ( 'NONE',  ( 17.00000000000000000, -8.959631391332559147, 58.37678982146545792 ) ) ;
#7369 = CARTESIAN_POINT ( 'NONE',  ( 20.00000000000000000, -48.95995949022800886, 28.37678982146587359 ) ) ;
#7370 = ORIENTED_EDGE ( 'NONE', *, *, #1732, .F. ) ;
#7371 = CARTESIAN_POINT ( 'NONE',  ( -92.08473113287944045, -9.336350151240855766, 82.00000000000000000 ) ) ;
#7372 = EDGE_LOOP ( 'NONE', ( #7071, #7626, #6324, #4016 ) ) ;
#7373 = VERTEX_POINT ( 'NONE', #7368 ) ;
#7374 = CARTESIAN_POINT ( 'NONE',  ( -72.86592957054435260, 22.39336796095164317, 1.079356336588691345 ) ) ;
#7375 = CARTESIAN_POINT ( 'NONE',  ( 33.32232879672930892, -48.95995949022800886, 28.37678982146587359 ) ) ;
#7376 = DIRECTION ( 'NONE',  ( 0.000000000000000000, 0.8798963622018148856, 0.4751656466791474576 ) ) ;
#7377 = CARTESIAN_POINT ( 'NONE',  ( 20.00000000000000000, 2.238007760782423361, 38.62321017853557947 ) ) ;
#7378 = CARTESIAN_POINT ( 'NONE',  ( -5.187718493861407154, -57.99999999999981526, 1.086298605844412180 ) ) ;
#7379 = CARTESIAN_POINT ( 'NONE',  ( -70.60062061615242612, 26.02830263284665691, 1.077338742564821317 ) ) ;
#7380 = ORIENTED_EDGE ( 'NONE', *, *, #3691, .T. ) ;
#7381 = EDGE_LOOP ( 'NONE', ( #1475, #6197, #7574, #5491, #1046, #6430 ) ) ;
#7382 = CARTESIAN_POINT ( 'NONE',  ( 17.00000000000000000, -9.101902250820922191, 8.376789821465461472 ) ) ;
#7383 = VECTOR ( 'NONE', #617, 1000.000000000000227 ) ;
#7384 = ORIENTED_EDGE ( 'NONE', *, *, #7120, .F. ) ;
#7385 = DIRECTION ( 'NONE',  ( 0.000000000000000000, -0.8514537021307111431, 0.5244297790247101076 ) ) ;
#7386 = ORIENTED_EDGE ( 'NONE', *, *, #8399, .F. ) ;
#7387 = DIRECTION ( 'NONE',  ( -1.000000000000000000, -0.000000000000000000, -0.000000000000000000 ) ) ;
#7388 = CARTESIAN_POINT ( 'NONE',  ( 20.00000000000000000, -17.61988542917695355, 58.62321017853579264 ) ) ;
#7389 = CARTESIAN_POINT ( 'NONE',  ( 58.55988108836569239, 52.10447794581407521, 82.12827263008458090 ) ) ;
#7390 = LINE ( 'NONE', #3740, #9509 ) ;
#7391 = DIRECTION ( 'NONE',  ( 0.000000000000000000, 0.8798963622018148856, 0.4751656466791474576 ) ) ;
#7392 = VECTOR ( 'NONE', #2686, 1000.000000000000000 ) ;
#7393 = VERTEX_POINT ( 'NONE', #8760 ) ;
#7394 = EDGE_LOOP ( 'NONE', ( #8047, #4227, #7258, #6882 ) ) ;
#7395 = ORIENTED_EDGE ( 'NONE', *, *, #2690, .T. ) ;
#7396 = DIRECTION ( 'NONE',  ( -1.000000000000000000, -0.000000000000000000, -0.000000000000000000 ) ) ;
#7397 = AXIS2_PLACEMENT_3D ( 'NONE', #6623, #2728, #6421 ) ;
#7398 = CARTESIAN_POINT ( 'NONE',  ( 56.70231774499907829, -40.40139508154355497, 0.5648451524795121692 ) ) ;
#7399 = CARTESIAN_POINT ( 'NONE',  ( -73.73605988552721158, 22.88620039310741561, 1.000000000000000000 ) ) ;
#7400 = CARTESIAN_POINT ( 'NONE',  ( 17.00000000000000000, -33.21878702995829968, 31.00000000000083134 ) ) ;
#7401 = CARTESIAN_POINT ( 'NONE',  ( 61.22800969404193694, -50.43907817899192736, 82.00000000000001421 ) ) ;
#7402 = VECTOR ( 'NONE', #6610, 1000.000000000000114 ) ;
#7403 = ORIENTED_EDGE ( 'NONE', *, *, #6809, .F. ) ;
#7404 = ADVANCED_FACE ( 'NONE', ( #2730 ), #2926, .F. ) ;
#7405 = ORIENTED_EDGE ( 'NONE', *, *, #2960, .F. ) ;
#7406 = ORIENTED_EDGE ( 'NONE', *, *, #396, .T. ) ;
#7407 = DIRECTION ( 'NONE',  ( -0.000000000000000000, 0.5244297790247107738, 0.8514537021307106990 ) ) ;
#7408 = VECTOR ( 'NONE', #4583, 1000.000000000000227 ) ;
#7410 = ORIENTED_EDGE ( 'NONE', *, *, #5732, .T. ) ;
#7409 = DIRECTION ( 'NONE',  ( 0.000000000000000000, 0.8514537021307108100, -0.5244297790247106628 ) ) ;
#7411 = LINE ( 'NONE', #9805, #5989 ) ;
#7412 = LINE ( 'NONE', #5297, #8097 ) ;
#7413 = CARTESIAN_POINT ( 'NONE',  ( 33.32232879672930892, 31.04069670756290122, 73.37678982146505291 ) ) ;
#7414 = DIRECTION ( 'NONE',  ( 0.000000000000000000, -0.8798963622018147746, -0.4751656466791477906 ) ) ;
#7415 = EDGE_CURVE ( 'NONE', #9312, #1337, #2877, .T. ) ;
#7416 = DIRECTION ( 'NONE',  ( 0.000000000000000000, 2.312964634635742957E-16, 1.000000000000000000 ) ) ;
#7417 = EDGE_CURVE ( 'NONE', #1370, #5790, #8910, .T. ) ;
#7418 = VECTOR ( 'NONE', #2792, 1000.000000000000000 ) ;
#7419 = EDGE_CURVE ( 'NONE', #1452, #2670, #2722, .T. ) ;
#7420 = ORIENTED_EDGE ( 'NONE', *, *, #9186, .T. ) ;
#7421 = CARTESIAN_POINT ( 'NONE',  ( -89.38543910051799912, -18.77178554439775482, 82.00000000000000000 ) ) ;
#7422 = ORIENTED_EDGE ( 'NONE', *, *, #598, .T. ) ;
#7423 = CARTESIAN_POINT ( 'NONE',  ( 20.00000000000000000, 22.23817181023014911, 53.62321017853537342 ) ) ;
#7424 = LINE ( 'NONE', #6635, #8029 ) ;
#7425 = AXIS2_PLACEMENT_3D ( 'NONE', #6800, #3788, #4485 ) ;
#7426 = DIRECTION ( 'NONE',  ( -0.000000000000000000, 0.5244297790247111068, 0.8514537021307104769 ) ) ;
#7427 = DIRECTION ( 'NONE',  ( -0.000000000000000000, -0.000000000000000000, -1.000000000000000000 ) ) ;
#7428 = AXIS2_PLACEMENT_3D ( 'NONE', #7588, #813, #3839 ) ;
#7429 = CARTESIAN_POINT ( 'NONE',  ( 19.00504572120203761, 66.59567100168612797, 81.00000000000000000 ) ) ;
#7430 = EDGE_CURVE ( 'NONE', #4744, #7877, #5750, .T. ) ;
#7431 = LINE ( 'NONE', #2891, #4270 ) ;
#7432 = ADVANCED_FACE ( 'NONE', ( #2823 ), #6626, .F. ) ;
#7433 = VECTOR ( 'NONE', #7314, 1000.000000000000000 ) ;
#7434 = VERTEX_POINT ( 'NONE', #5153 ) ;
#7435 = DIRECTION ( 'NONE',  ( 0.000000000000000000, -0.8798963622018151076, -0.4751656466791471800 ) ) ;
#7436 = VERTEX_POINT ( 'NONE', #7215 ) ;
#7437 = DIRECTION ( 'NONE',  ( 0.000000000000000000, -0.8514537021307104769, 0.5244297790247111068 ) ) ;
#7438 = ORIENTED_EDGE ( 'NONE', *, *, #2657, .T. ) ;
#7439 = CARTESIAN_POINT ( 'NONE',  ( 33.32232879672930892, 10.89826179862681066, 53.37678982146525186 ) ) ;
#7440 = FACE_BOUND ( 'NONE', #2700, .T. ) ;
#7441 = CARTESIAN_POINT ( 'NONE',  ( 44.80025206954042716, 55.13198101450967670, 54.93144429999453848 ) ) ;
#7442 = VECTOR ( 'NONE', #8968, 999.9999999999998863 ) ;
#7443 = CARTESIAN_POINT ( 'NONE',  ( 53.74402761658353711, 42.50335511106192854, 1.066457286192018961 ) ) ;
#7444 = CARTESIAN_POINT ( 'NONE',  ( 20.00000000000000000, -37.76232033811303523, 68.62321017853599869 ) ) ;
#7445 = VERTEX_POINT ( 'NONE', #4408 ) ;
#7446 = ORIENTED_EDGE ( 'NONE', *, *, #4890, .T. ) ;
#7447 = ORIENTED_EDGE ( 'NONE', *, *, #421, .F. ) ;
#7448 = DIRECTION ( 'NONE',  ( -1.000000000000000000, -0.000000000000000000, -0.000000000000000000 ) ) ;
#7449 = VECTOR ( 'NONE', #7414, 1000.000000000000227 ) ;
#7450 = AXIS2_PLACEMENT_3D ( 'NONE', #3195, #6107, #4579 ) ;
#7451 = CARTESIAN_POINT ( 'NONE',  ( 77.82942675533476518, -36.78391119721584346, 82.14628252299200994 ) ) ;
#7452 = LINE ( 'NONE', #1469, #3460 ) ;
#7453 = FACE_OUTER_BOUND ( 'NONE', #1564, .T. ) ;
#7454 = DIRECTION ( 'NONE',  ( 0.000000000000000000, 0.9995954257038592861, -0.02844266007110470354 ) ) ;
#7455 = DIRECTION ( 'NONE',  ( -1.000000000000000000, 0.000000000000000000, 0.000000000000000000 ) ) ;
#7456 = VECTOR ( 'NONE', #8065, 1000.000000000000000 ) ;
#7457 = EDGE_CURVE ( 'NONE', #7809, #6456, #9756, .T. ) ;
#7458 = VECTOR ( 'NONE', #6646, 1000.000000000000227 ) ;
#7459 = ORIENTED_EDGE ( 'NONE', *, *, #8809, .T. ) ;
#7460 = ORIENTED_EDGE ( 'NONE', *, *, #9143, .T. ) ;
#7461 = ORIENTED_EDGE ( 'NONE', *, *, #1984, .F. ) ;
#7462 = CARTESIAN_POINT ( 'NONE',  ( -3.000000000000000000, -34.50000000000021316, 26.04061919046181117 ) ) ;
#7463 = VECTOR ( 'NONE', #9293, 1000.000000000000000 ) ;
#7465 = ORIENTED_EDGE ( 'NONE', *, *, #5456, .F. ) ;
#7464 = CARTESIAN_POINT ( 'NONE',  ( 17.00000000000000000, 11.04053265811517193, 73.37678982146525186 ) ) ;
#7466 = DIRECTION ( 'NONE',  ( 0.000000000000000000, 0.02844266007110327760, 0.9995954257038591750 ) ) ;
#7467 = DIRECTION ( 'NONE',  ( 0.000000000000000000, 0.8798963622018147746, 0.4751656466791477351 ) ) ;
#7468 = CARTESIAN_POINT ( 'NONE',  ( 20.00000000000000000, 2.238007760782423361, 68.62321017853557237 ) ) ;
#7469 = CARTESIAN_POINT ( 'NONE',  ( 33.32232879672930892, 42.23833585967788196, 23.62321017853516381 ) ) ;
#7470 = ADVANCED_FACE ( 'NONE', ( #4508 ), #7008, .F. ) ;
#7471 = DIRECTION ( 'NONE',  ( 0.000000000000000000, 0.02844266007110328107, 0.9995954257038591750 ) ) ;
#7472 = ORIENTED_EDGE ( 'NONE', *, *, #6500, .T. ) ;
#7473 = CARTESIAN_POINT ( 'NONE',  ( 20.00000000000000000, 31.04069670756290478, 43.37678982146503159 ) ) ;
#7474 = ADVANCED_FACE ( 'NONE', ( #4002 ), #5534, .F. ) ;
#7475 = ORIENTED_EDGE ( 'NONE', *, *, #4091, .F. ) ;
#7476 = CARTESIAN_POINT ( 'NONE',  ( 17.00000000000000000, -17.61988542917695355, 58.62321017853579264 ) ) ;
#7477 = CARTESIAN_POINT ( 'NONE',  ( 33.32232879672930892, -53.50349279838276573, 21.00000000000104095 ) ) ;
#7478 = CARTESIAN_POINT ( 'NONE',  ( 17.00000000000000000, -13.50316469948729292, 51.00000000000062528 ) ) ;
#7479 = EDGE_CURVE ( 'NONE', #7889, #1289, #6727, .T. ) ;
#7480 = CARTESIAN_POINT ( 'NONE',  ( 20.54885927558448699, -56.13070157117114434, 1.000000000000000222 ) ) ;
#7481 = DIRECTION ( 'NONE',  ( 0.000000000000000000, 0.02844266007110327760, 0.9995954257038591750 ) ) ;
#7482 = EDGE_LOOP ( 'NONE', ( #7844, #6357, #2010, #9716, #7405, #3589 ) ) ;
#7483 = DIRECTION ( 'NONE',  ( 0.000000000000000000, 2.312964634635742957E-16, 1.000000000000000000 ) ) ;
#7484 = AXIS2_PLACEMENT_3D ( 'NONE', #1988, #3522, #3568 ) ;
#7485 = EDGE_CURVE ( 'NONE', #4783, #5109, #974, .T. ) ;
#7486 = ORIENTED_EDGE ( 'NONE', *, *, #5327, .F. ) ;
#7487 = CARTESIAN_POINT ( 'NONE',  ( 11.99999999999994138, 40.00000000000000000, 1.038601137938802266 ) ) ;
#7488 = ADVANCED_FACE ( 'NONE', ( #9010 ), #9341, .F. ) ;
#7489 = EDGE_LOOP ( 'NONE', ( #2515, #3203, #6125, #6183, #4232 ) ) ;
#7490 = CARTESIAN_POINT ( 'NONE',  ( 17.00000000000000000, 30.89842584807453818, 38.37678982146504580 ) ) ;
#7491 = PLANE ( 'NONE',  #5820 ) ;
#7492 = DIRECTION ( 'NONE',  ( 0.000000000000000000, -0.8514537021307111431, 0.5244297790247101076 ) ) ;
#7493 = CARTESIAN_POINT ( 'NONE',  ( 47.32421298295020762, 46.35666781494558819, 0.5564791585927659767 ) ) ;
#7494 = EDGE_CURVE ( 'NONE', #1263, #690, #7569, .T. ) ;
#7495 = EDGE_CURVE ( 'NONE', #9625, #2115, #1022, .T. ) ;
#7496 = CARTESIAN_POINT ( 'NONE',  ( 44.28043089425298007, 48.10764888495495484, 1.062453995240636884 ) ) ;
#7497 = LINE ( 'NONE', #3741, #9329 ) ;
#7498 = ORIENTED_EDGE ( 'NONE', *, *, #698, .F. ) ;
#7499 = EDGE_LOOP ( 'NONE', ( #6940, #947, #2074, #5900 ) ) ;
#7500 = B_SPLINE_CURVE_WITH_KNOTS ( 'NONE', 3,
 ( #7948, #2651, #7294, #470 ),
 .UNSPECIFIED., .F., .F.,
 ( 4, 4 ),
 ( 1.040834085586084257E-17, 0.003045754189391418690 ),
 .UNSPECIFIED. ) ;
#7501 = ORIENTED_EDGE ( 'NONE', *, *, #8879, .F. ) ;
#7502 = LINE ( 'NONE', #1361, #8626 ) ;
#7503 = ADVANCED_FACE ( 'NONE', ( #3026 ), #232, .F. ) ;
#7504 = CARTESIAN_POINT ( 'NONE',  ( 69.94084610933580848, -44.27028632043418099, 82.13766855678349543 ) ) ;
#7505 = CYLINDRICAL_SURFACE ( 'NONE', #2045, 1.399999999999998579 ) ;
#7506 = CARTESIAN_POINT ( 'NONE',  ( 17.81610832272914990, 56.44571375102920996, 0.5483627715710458483 ) ) ;
#7507 = DIRECTION ( 'NONE',  ( 0.000000000000000000, 0.4751656466791469025, -0.8798963622018152186 ) ) ;
#7508 = DIRECTION ( 'NONE',  ( 0.000000000000000000, 0.000000000000000000, 1.000000000000000000 ) ) ;
#7509 = ORIENTED_EDGE ( 'NONE', *, *, #4339, .F. ) ;
#7510 = ORIENTED_EDGE ( 'NONE', *, *, #3076, .T. ) ;
#7511 = CARTESIAN_POINT ( 'NONE',  ( 80.00000000000000000, -7.886543236694399717, 1.000000000000000000 ) ) ;
#7512 = ORIENTED_EDGE ( 'NONE', *, *, #1072, .T. ) ;
#7513 = CARTESIAN_POINT ( 'NONE',  ( -23.97021653088955162, 64.73328715260414867, 81.99999999999997158 ) ) ;
#7515 = ORIENTED_EDGE ( 'NONE', *, *, #7982, .F. ) ;
#7514 = CARTESIAN_POINT ( 'NONE',  ( 33.32232879672930892, 22.38044266971850504, 58.62321017853537342 ) ) ;
#7516 = CARTESIAN_POINT ( 'NONE',  ( 17.00000000000000000, 30.89842584807453818, 68.37678982146503870 ) ) ;
#7517 = LINE ( 'NONE', #8959, #357 ) ;
#7518 = CARTESIAN_POINT ( 'NONE',  ( 33.32232879672930892, -17.76215628866530949, 23.62321017853578908 ) ) ;
#7519 = DIRECTION ( 'NONE',  ( 0.000000000000000000, -0.4751656466791475131, 0.8798963622018149966 ) ) ;
#7520 = DIRECTION ( 'NONE',  ( 0.000000000000000000, -0.02844266007110470007, -0.9995954257038591750 ) ) ;
#7521 = AXIS2_PLACEMENT_3D ( 'NONE', #3107, #2507, #9096 ) ;
#7522 = EDGE_CURVE ( 'NONE', #8439, #3325, #1483, .T. ) ;
#7523 = ORIENTED_EDGE ( 'NONE', *, *, #5195, .F. ) ;
#7524 = ORIENTED_EDGE ( 'NONE', *, *, #1547, .F. ) ;
#7525 = CARTESIAN_POINT ( 'NONE',  ( 17.00000000000000000, 11.04053265811517193, 28.37678982146524831 ) ) ;
#7526 = EDGE_LOOP ( 'NONE', ( #1117, #2659, #6033, #9332 ) ) ;
#7527 = LINE ( 'NONE', #3915, #1568 ) ;
#7528 = CARTESIAN_POINT ( 'NONE',  ( -46.70141681814828161, -46.80429072405446078, 0.5558342465007405364 ) ) ;
#7529 = LINE ( 'NONE', #9076, #6973 ) ;
#7530 = CARTESIAN_POINT ( 'NONE',  ( 20.00000000000000000, -57.99843505709356606, 1.041300569779510354 ) ) ;
#7531 = CARTESIAN_POINT ( 'NONE',  ( -72.86592957054435260, 22.39336796095164317, 1.079356336588691345 ) ) ;
#7532 = ORIENTED_EDGE ( 'NONE', *, *, #2160, .T. ) ;
#7533 = DIRECTION ( 'NONE',  ( 0.000000000000000000, 0.8798963622018148856, 0.4751656466791474576 ) ) ;
#7534 = EDGE_CURVE ( 'NONE', #3040, #425, #2971, .T. ) ;
#7535 = ORIENTED_EDGE ( 'NONE', *, *, #9080, .F. ) ;
#7536 = CARTESIAN_POINT ( 'NONE',  ( 33.32232879672930892, -37.76232033811303523, 53.62321017853599869 ) ) ;
#7537 = ORIENTED_EDGE ( 'NONE', *, *, #961, .T. ) ;
#7538 = DIRECTION ( 'NONE',  ( -0.000000000000000000, -0.000000000000000000, -1.000000000000000000 ) ) ;
#7539 = CARTESIAN_POINT ( 'NONE',  ( 17.00000000000000000, -53.50349279838274441, 51.00000000000104450 ) ) ;
#7540 = DIRECTION ( 'NONE',  ( -1.000000000000000000, -0.000000000000000000, -0.000000000000000000 ) ) ;
#7541 = PLANE ( 'NONE',  #2694 ) ;
#7542 = CARTESIAN_POINT ( 'NONE',  ( 18.16884813276482191, 56.42535541668871701, 0.5422017714995771565 ) ) ;
#7543 = DIRECTION ( 'NONE',  ( 0.000000000000000000, -0.02844266007110470701, -0.9995954257038591750 ) ) ;
#7544 = DIRECTION ( 'NONE',  ( -0.000000000000000000, 0.5244297790247111068, 0.8514537021307104769 ) ) ;
#7545 = ADVANCED_FACE ( 'NONE', ( #6261 ), #5487, .F. ) ;
#7546 = ADVANCED_FACE ( 'NONE', ( #1432 ), #8313, .F. ) ;
#7547 = ORIENTED_EDGE ( 'NONE', *, *, #7109, .T. ) ;
#7548 = ORIENTED_EDGE ( 'NONE', *, *, #8873, .F. ) ;
#7549 = EDGE_CURVE ( 'NONE', #4525, #1748, #8266, .T. ) ;
#7550 = EDGE_LOOP ( 'NONE', ( #5514, #7461, #130, #4872, #6953 ) ) ;
#7551 = DIRECTION ( 'NONE',  ( 0.000000000000000000, -1.000000000000000000, 0.000000000000000000 ) ) ;
#7552 = CARTESIAN_POINT ( 'NONE',  ( 76.45452259378011206, -24.66801837255674457, 27.77621516839309734 ) ) ;
#7553 = VECTOR ( 'NONE', #1735, 1000.000000000000000 ) ;
#7554 = DIRECTION ( 'NONE',  ( -1.000000000000000000, -0.000000000000000000, -0.000000000000000000 ) ) ;
#7555 = CARTESIAN_POINT ( 'NONE',  ( 3.780774113415597437, 66.99593932744174651, 82.11044328557740357 ) ) ;
#7556 = DIRECTION ( 'NONE',  ( -1.000000000000000000, 0.000000000000000000, 0.000000000000000000 ) ) ;
#7557 = CARTESIAN_POINT ( 'NONE',  ( 20.00000000000000000, -33.50332874893501867, 36.00000000000083844 ) ) ;
#7558 = ADVANCED_FACE ( 'NONE', ( #739 ), #6778, .F. ) ;
#7559 = VERTEX_POINT ( 'NONE', #795 ) ;
#7560 = VECTOR ( 'NONE', #760, 1000.000000000000114 ) ;
#7561 = ORIENTED_EDGE ( 'NONE', *, *, #4521, .F. ) ;
#7562 = CARTESIAN_POINT ( 'NONE',  ( -3.000000000000000000, -34.50000000000014921, 7.440619190461825738 ) ) ;
#7563 = ORIENTED_EDGE ( 'NONE', *, *, #1319, .F. ) ;
#7564 = CARTESIAN_POINT ( 'NONE',  ( -64.09537835155244068, 48.56153172334978763, 81.99999999999997158 ) ) ;
#7565 = ORIENTED_EDGE ( 'NONE', *, *, #598, .F. ) ;
#7566 = FACE_BOUND ( 'NONE', #7060, .T. ) ;
#7567 = LINE ( 'NONE', #2924, #8417 ) ;
#7568 = CARTESIAN_POINT ( 'NONE',  ( -3.000000000000000000, 42.50000000000000000, 25.03860113793880160 ) ) ;
#7569 = LINE ( 'NONE', #4792, #6039 ) ;
#7570 = CARTESIAN_POINT ( 'NONE',  ( 33.32232879672930892, -29.10206630026864616, 38.37678982146567108 ) ) ;
#7571 = AXIS2_PLACEMENT_3D ( 'NONE', #7027, #7822, #7172 ) ;
#7572 = VERTEX_POINT ( 'NONE', #3819 ) ;
#7573 = FACE_OUTER_BOUND ( 'NONE', #7550, .T. ) ;
#7574 = ORIENTED_EDGE ( 'NONE', *, *, #6929, .T. ) ;
#7575 = LINE ( 'NONE', #9815, #9455 ) ;
#7576 = CARTESIAN_POINT ( 'NONE',  ( -50.80302086478425139, -56.11783789451535398, 82.12343006411640545 ) ) ;
#7577 = DIRECTION ( 'NONE',  ( 1.000000000000000000, 0.000000000000000000, 0.000000000000000000 ) ) ;
#7578 = DIRECTION ( 'NONE',  ( 0.000000000000000000, 0.02844266007110470701, 0.9995954257038591750 ) ) ;
#7579 = DIRECTION ( 'NONE',  ( 0.000000000000000000, 0.8798963622018147746, 0.4751656466791477351 ) ) ;
#7580 = CARTESIAN_POINT ( 'NONE',  ( -35.15138918535744494, 51.94215175128331907, 1.059698464371727544 ) ) ;
#7581 = VECTOR ( 'NONE', #1011, 1000.000000000000227 ) ;
#7582 = ORIENTED_EDGE ( 'NONE', *, *, #8274, .F. ) ;
#7583 = DIRECTION ( 'NONE',  ( 0.000000000000000000, -0.8798963622018151076, -0.4751656466791471800 ) ) ;
#7584 = ORIENTED_EDGE ( 'NONE', *, *, #5843, .T. ) ;
#7585 = CARTESIAN_POINT ( 'NONE',  ( 17.00000000000000000, 63.59034856782201928, 53.04899694829649093 ) ) ;
#7586 = CIRCLE ( 'NONE', #945, 1.400000000000001910 ) ;
#7587 = ORIENTED_EDGE ( 'NONE', *, *, #3933, .T. ) ;
#7588 = CARTESIAN_POINT ( 'NONE',  ( 33.32232879672930892, 2.238007760782423361, 38.62321017853557947 ) ) ;
#7589 = LINE ( 'NONE', #213, #6603 ) ;
#7590 = DIRECTION ( 'NONE',  ( -0.000000000000000000, 1.000000000000000000, -0.000000000000000000 ) ) ;
#7591 = CARTESIAN_POINT ( 'NONE',  ( 17.00000000000000000, -17.61988542917695355, 13.62321017853579264 ) ) ;
#7592 = CARTESIAN_POINT ( 'NONE',  ( 20.00000000000000000, 22.23817181023015266, 23.62321017853537342 ) ) ;
#7593 = CARTESIAN_POINT ( 'NONE',  ( -78.63915767709292481, -5.646891094587727089, 1.000000000000000000 ) ) ;
#7594 = CARTESIAN_POINT ( 'NONE',  ( 20.00000000000000000, 11.04053265811517193, 73.37678982146525186 ) ) ;
#7595 = EDGE_CURVE ( 'NONE', #3914, #5902, #4739, .T. ) ;
#7596 = VECTOR ( 'NONE', #7688, 1000.000000000000000 ) ;
#7597 = ORIENTED_EDGE ( 'NONE', *, *, #4389, .T. ) ;
#7598 = ORIENTED_EDGE ( 'NONE', *, *, #7851, .T. ) ;
#7599 = ORIENTED_EDGE ( 'NONE', *, *, #4961, .F. ) ;
#7600 = DIRECTION ( 'NONE',  ( 0.000000000000000000, 0.9999999996565578364, -2.620847431606588253E-05 ) ) ;
#7601 = EDGE_CURVE ( 'NONE', #3030, #889, #8042, .T. ) ;
#7602 = VECTOR ( 'NONE', #5359, 1000.000000000000000 ) ;
#7603 = ADVANCED_FACE ( 'NONE', ( #4931 ), #7993, .F. ) ;
#7604 = CARTESIAN_POINT ( 'NONE',  ( 82.03461821998172354, -23.68898445366406591, 54.96832991781768385 ) ) ;
#7605 = FACE_OUTER_BOUND ( 'NONE', #3863, .T. ) ;
#7606 = CARTESIAN_POINT ( 'NONE',  ( -2.914211382897178293, 63.99354824784320073, 54.92236266629432606 ) ) ;
#7607 = EDGE_CURVE ( 'NONE', #6036, #9054, #1064, .T. ) ;
#7608 = CARTESIAN_POINT ( 'NONE',  ( 20.00000000000000000, -33.21878702995829968, 46.00000000000083134 ) ) ;
#7609 = VECTOR ( 'NONE', #2776, 1000.000000000000114 ) ;
#7610 = ORIENTED_EDGE ( 'NONE', *, *, #6939, .T. ) ;
#7611 = ORIENTED_EDGE ( 'NONE', *, *, #1985, .F. ) ;
#7612 = LINE ( 'NONE', #9103, #5779 ) ;
#7613 = AXIS2_PLACEMENT_3D ( 'NONE', #4770, #9322, #4963 ) ;
#7614 = CARTESIAN_POINT ( 'NONE',  ( 12.17042826092772856, 66.51122736277210379, 82.00000000000002842 ) ) ;
#7615 = EDGE_CURVE ( 'NONE', #2493, #615, #3443, .T. ) ;
#7617 = EDGE_LOOP ( 'NONE', ( #3297, #2569, #4766, #3262 ) ) ;
#7616 = LINE ( 'NONE', #2377, #1265 ) ;
#7618 = FACE_BOUND ( 'NONE', #1832, .T. ) ;
#7619 = DIRECTION ( 'NONE',  ( -1.000000000000000000, -0.000000000000000000, -0.000000000000000000 ) ) ;
#7620 = VECTOR ( 'NONE', #5311, 1000.000000000000000 ) ;
#7621 = CARTESIAN_POINT ( 'NONE',  ( 78.81647174587384086, 4.537728027038117951, 1.000000000000000000 ) ) ;
#7622 = ADVANCED_FACE ( 'NONE', ( #4287 ), #8599, .F. ) ;
#7623 = DIRECTION ( 'NONE',  ( -0.000000000000000000, -0.8514537021307111431, 0.5244297790247101076 ) ) ;
#7624 = VECTOR ( 'NONE', #6740, 1000.000000000000114 ) ;
#7625 = VECTOR ( 'NONE', #846, 1000.000000000000114 ) ;
#7626 = ORIENTED_EDGE ( 'NONE', *, *, #3800, .F. ) ;
#7627 = DIRECTION ( 'NONE',  ( 0.000000000000000000, 0.000000000000000000, 1.000000000000000000 ) ) ;
#7628 = ORIENTED_EDGE ( 'NONE', *, *, #3318, .F. ) ;
#7629 = DIRECTION ( 'NONE',  ( 0.000000000000000000, -0.02844266007110329494, -0.9995954257038591750 ) ) ;
#7630 = CARTESIAN_POINT ( 'NONE',  ( -12.03613579769358743, -63.48150883811057099, 54.92093148423515458 ) ) ;
#7631 = DIRECTION ( 'NONE',  ( 0.000000000000000000, 0.9995954257038592861, -0.02844266007110470354 ) ) ;
#7632 = AXIS2_PLACEMENT_3D ( 'NONE', #5594, #9302, #3959 ) ;
#7633 = PLANE ( 'NONE',  #1934 ) ;
#7634 = CARTESIAN_POINT ( 'NONE',  ( -78.94032369382036052, -2.606235501191866089, 1.085713054091046903 ) ) ;
#7635 = VERTEX_POINT ( 'NONE', #379 ) ;
#7636 = CARTESIAN_POINT ( 'NONE',  ( 17.00000000000000000, -33.50332874893501867, 51.00000000000083844 ) ) ;
#7637 = ORIENTED_EDGE ( 'NONE', *, *, #4344, .F. ) ;
#7638 = LINE ( 'NONE', #6102, #7886 ) ;
#7639 = EDGE_LOOP ( 'NONE', ( #2460, #3403, #3178, #36 ) ) ;
#7640 = DIRECTION ( 'NONE',  ( -1.000000000000000000, 0.000000000000000000, 0.000000000000000000 ) ) ;
#7641 = FACE_OUTER_BOUND ( 'NONE', #7237, .T. ) ;
#7642 = CARTESIAN_POINT ( 'NONE',  ( 33.32232879672930892, -57.76248438756075387, 38.62321017853620475 ) ) ;
#7643 = CARTESIAN_POINT ( 'NONE',  ( 33.32232879672930892, 42.23833585967788196, 8.623210178535167358 ) ) ;
#7644 = CARTESIAN_POINT ( 'NONE',  ( 24.62906657918448516, 57.62906657918433240, 27.01141253646063234 ) ) ;
#7645 = CARTESIAN_POINT ( 'NONE',  ( 20.00000000000000000, -49.10223034971637190, 53.37678982146587714 ) ) ;
#7646 = DIRECTION ( 'NONE',  ( -1.000000000000000000, -0.000000000000000000, -0.000000000000000000 ) ) ;
#7647 = ORIENTED_EDGE ( 'NONE', *, *, #5554, .T. ) ;
#7648 = ORIENTED_EDGE ( 'NONE', *, *, #1517, .F. ) ;
#7649 = VERTEX_POINT ( 'NONE', #6551 ) ;
#7650 = LINE ( 'NONE', #8345, #4843 ) ;
#7651 = VECTOR ( 'NONE', #7385, 1000.000000000000114 ) ;
#7652 = CARTESIAN_POINT ( 'NONE',  ( 83.24638283630771696, -21.38516349077653089, 54.97040270587677924 ) ) ;
#7653 = CARTESIAN_POINT ( 'NONE',  ( -78.84308766572874561, 20.36809378556944949, 27.78039884353605515 ) ) ;
#7654 = FACE_OUTER_BOUND ( 'NONE', #8757, .T. ) ;
#7655 =( BOUNDED_CURVE ( )  B_SPLINE_CURVE ( 3, ( #9266, #1835, #5646, #4808 ),
 .UNSPECIFIED., .F., .F. ) 
 B_SPLINE_CURVE_WITH_KNOTS ( ( 4, 4 ),
 ( 0.000000000000000000, 1.771480241999544125 ),
 .UNSPECIFIED. ) 
 CURVE ( )  GEOMETRIC_REPRESENTATION_ITEM ( )  RATIONAL_B_SPLINE_CURVE ( ( 1.000000000000000000, 0.7551443582368859708, 0.7551443582368859708, 1.000000000000000000 ) ) 
 REPRESENTATION_ITEM ( '' )  );
#7656 = DIRECTION ( 'NONE',  ( 0.000000000000000000, 0.000000000000000000, 1.000000000000000000 ) ) ;
#7657 = EDGE_LOOP ( 'NONE', ( #9647, #4832, #2272, #8133, #6389, #3115, #706, #7074, #4654, #2448, #1763, #9677 ) ) ;
#7658 = ORIENTED_EDGE ( 'NONE', *, *, #7171, .F. ) ;
#7659 = CARTESIAN_POINT ( 'NONE',  ( 33.32232879672930892, 26.78170511838488466, 16.00000000000020961 ) ) ;
#7660 = EDGE_CURVE ( 'NONE', #787, #6753, #9436, .T. ) ;
#7661 = CARTESIAN_POINT ( 'NONE',  ( -80.23060966971129915, 33.91914550293105890, 81.99999999999997158 ) ) ;
#7663 = ORIENTED_EDGE ( 'NONE', *, *, #6835, .F. ) ;
#7662 = FACE_BOUND ( 'NONE', #8058, .T. ) ;
#7664 = CARTESIAN_POINT ( 'NONE',  ( -8.000000000000000000, 45.00000000000000000, 1.038601137938794494 ) ) ;
#7665 = CARTESIAN_POINT ( 'NONE',  ( 33.32232879672930892, 46.49732744885589142, 36.00000000000000711 ) ) ;
#7666 = CARTESIAN_POINT ( 'NONE',  ( -1.177446290152379005, 57.99951249904182049, 1.000000000000000000 ) ) ;
#7667 = CARTESIAN_POINT ( 'NONE',  ( 17.98830711876890831, -66.74328857565157591, 82.00000000000000000 ) ) ;
#7668 = EDGE_CURVE ( 'NONE', #8382, #2673, #328, .T. ) ;
#7669 = EDGE_CURVE ( 'NONE', #6974, #8343, #7500, .T. ) ;
#7670 = ADVANCED_FACE ( 'NONE', ( #1258 ), #9581, .F. ) ;
#7671 = ORIENTED_EDGE ( 'NONE', *, *, #5990, .T. ) ;
#7672 = FACE_OUTER_BOUND ( 'NONE', #8112, .T. ) ;
#7673 = ORIENTED_EDGE ( 'NONE', *, *, #9013, .T. ) ;
#7674 = LINE ( 'NONE', #5411, #767 ) ;
#7675 = CARTESIAN_POINT ( 'NONE',  ( -46.52643340949453687, -58.12820664606268650, 82.12100554466807978 ) ) ;
#7676 = FACE_OUTER_BOUND ( 'NONE', #8565, .T. ) ;
#7677 = VECTOR ( 'NONE', #4213, 1000.000000000000000 ) ;
#7678 = LINE ( 'NONE', #896, #5255 ) ;
#7679 = CARTESIAN_POINT ( 'NONE',  ( 13.58256267052401611, -151.7348211226566832, 82.00000000000001421 ) ) ;
#7680 = EDGE_CURVE ( 'NONE', #2988, #687, #1819, .T. ) ;
#7681 = ORIENTED_EDGE ( 'NONE', *, *, #6876, .T. ) ;
#7682 = DIRECTION ( 'NONE',  ( 0.000000000000000000, -0.8514537021307111431, 0.5244297790247101076 ) ) ;
#7683 = ORIENTED_EDGE ( 'NONE', *, *, #5796, .T. ) ;
#7684 = CARTESIAN_POINT ( 'NONE',  ( -8.000000000000000000, 42.49999999999997158, 21.43860113793879663 ) ) ;
#7685 = ORIENTED_EDGE ( 'NONE', *, *, #44, .T. ) ;
#7686 = CARTESIAN_POINT ( 'NONE',  ( 17.00000000000000000, -37.62004947862467930, 28.62321017853600225 ) ) ;
#7687 = DIRECTION ( 'NONE',  ( 0.000000000000000000, 0.8798963622018151076, 0.4751656466791471800 ) ) ;
#7688 = DIRECTION ( 'NONE',  ( -1.000000000000000000, -0.000000000000000000, -0.000000000000000000 ) ) ;
#7689 = CARTESIAN_POINT ( 'NONE',  ( 17.00000000000000000, 45.00000000000000000, 1.038601137938794494 ) ) ;
#7690 = CARTESIAN_POINT ( 'NONE',  ( 28.26281535933123834, 57.41698234798997191, 27.73488588695284207 ) ) ;
#7691 = CARTESIAN_POINT ( 'NONE',  ( -49.50562972461109723, -45.19674920733141477, 0.9999999999999995559 ) ) ;
#7692 = DIRECTION ( 'NONE',  ( -1.000000000000000000, -0.000000000000000000, -0.000000000000000000 ) ) ;
#7693 = VERTEX_POINT ( 'NONE', #4980 ) ;
#7694 = VERTEX_POINT ( 'NONE', #4836 ) ;
#7695 = ORIENTED_EDGE ( 'NONE', *, *, #6323, .T. ) ;
#7696 = DIRECTION ( 'NONE',  ( -1.000000000000000000, -0.000000000000000000, -0.000000000000000000 ) ) ;
#7697 = CARTESIAN_POINT ( 'NONE',  ( 82.34311415936747380, -23.12141552763240426, 54.96885143348500691 ) ) ;
#7698 = CARTESIAN_POINT ( 'NONE',  ( -89.39454113449728823, 18.60574542238385476, 82.16340495631501994 ) ) ;
#7699 = CARTESIAN_POINT ( 'NONE',  ( -27.24241722726792858, 60.86131334813164528, 54.92627496255576602 ) ) ;
#7700 = DIRECTION ( 'NONE',  ( -1.000000000000000000, -0.000000000000000000, -0.000000000000000000 ) ) ;
#7701 = ORIENTED_EDGE ( 'NONE', *, *, #7802, .T. ) ;
#7702 = ORIENTED_EDGE ( 'NONE', *, *, #8764, .F. ) ;
#7703 = CARTESIAN_POINT ( 'NONE',  ( 17.00000000000000000, 46.49732744885589142, 36.00000000000000711 ) ) ;
#7704 = VECTOR ( 'NONE', #4164, 1000.000000000000114 ) ;
#7705 = LINE ( 'NONE', #9477, #4075 ) ;
#7707 = ORIENTED_EDGE ( 'NONE', *, *, #5011, .T. ) ;
#7706 = DIRECTION ( 'NONE',  ( 0.000000000000000000, -0.4751656466791471800, 0.8798963622018151076 ) ) ;
#7708 = CARTESIAN_POINT ( 'NONE',  ( -8.000000000000000000, 42.49999999999993605, 15.03860113793879982 ) ) ;
#7709 = DIRECTION ( 'NONE',  ( 0.000000000000000000, 0.8798963622018151076, 0.4751656466791471800 ) ) ;
#7710 =( BOUNDED_SURFACE ( )  B_SPLINE_SURFACE ( 3, 1, ( 
 ( #4821, #7739, #1008 ),
 ( #4724, #8480, #6995 ),
 ( #1101, #3388, #2598 ),
 ( #959, #215, #3292 ),
 ( #9422, #6295, #2637 ),
 ( #5572, #5615, #8585 ),
 ( #8628, #4867, #1804 ) ),
 .UNSPECIFIED., .T., .F., .F. ) 
 B_SPLINE_SURFACE_WITH_KNOTS ( ( 4, 3, 4 ),
 ( 2, 1, 2 ),
 ( 0.000000000000000000, 0.5000000000000000000, 1.000000000000000000 ),
 ( -0.01000000000000000021, 0.000000000000000000, 1.000000000000000000 ),
 .UNSPECIFIED. ) 
 GEOMETRIC_REPRESENTATION_ITEM ( )  RATIONAL_B_SPLINE_SURFACE ( (
 ( 1.000000000000000000, 1.000000000000000000, 1.000000000000000000),
 ( 0.3333333333333333703, 0.3333333333333333703, 0.3333333333333333703),
 ( 0.3333333333333333703, 0.3333333333333333703, 0.3333333333333333703),
 ( 1.000000000000000000, 1.000000000000000000, 1.000000000000000000),
 ( 0.3333333333333333703, 0.3333333333333333703, 0.3333333333333333703),
 ( 0.3333333333333333703, 0.3333333333333333703, 0.3333333333333333703),
 ( 1.000000000000000000, 1.000000000000000000, 1.000000000000000000) ) ) 
 REPRESENTATION_ITEM ( '' )  SURFACE ( )  );
#7711 = CARTESIAN_POINT ( 'NONE',  ( -72.46877602013377384, 23.08305535923394203, 0.9999999999999997780 ) ) ;
#7712 = CARTESIAN_POINT ( 'NONE',  ( 20.00000000000000000, 46.49732744885589142, 66.00000000000000000 ) ) ;
#7713 = EDGE_CURVE ( 'NONE', #9667, #9265, #7849, .T. ) ;
#7714 = VECTOR ( 'NONE', #7933, 999.9999999999998863 ) ;
#7715 = ORIENTED_EDGE ( 'NONE', *, *, #3149, .F. ) ;
#7716 = VERTEX_POINT ( 'NONE', #9482 ) ;
#7717 = DIRECTION ( 'NONE',  ( 0.000000000000000000, -0.02844266007110329494, -0.9995954257038591750 ) ) ;
#7718 = VECTOR ( 'NONE', #5544, 1000.000000000000114 ) ;
#7719 = EDGE_LOOP ( 'NONE', ( #2273, #4174, #4982, #8561 ) ) ;
#7720 = DIRECTION ( 'NONE',  ( 0.000000000000000000, -0.02844266007110327760, -0.9995954257038591750 ) ) ;
#7721 = EDGE_CURVE ( 'NONE', #3017, #3782, #6335, .T. ) ;
#7722 = EDGE_CURVE ( 'NONE', #4110, #3021, #3019, .T. ) ;
#7723 = FACE_OUTER_BOUND ( 'NONE', #361, .T. ) ;
#7724 = LINE ( 'NONE', #6885, #5080 ) ;
#7725 = PLANE ( 'NONE',  #7936 ) ;
#7726 = CARTESIAN_POINT ( 'NONE',  ( -78.99999999999997158, 5.433687331901218049E-12, 1.085783689990845957 ) ) ;
#7727 = EDGE_CURVE ( 'NONE', #5889, #7025, #2904, .T. ) ;
#7728 = VERTEX_POINT ( 'NONE', #2153 ) ;
#7729 = CIRCLE ( 'NONE', #5203, 1.400000000000001910 ) ;
#7730 = VERTEX_POINT ( 'NONE', #1510 ) ;
#7731 = DIRECTION ( 'NONE',  ( 0.000000000000000000, 0.8514537021307104769, -0.5244297790247111068 ) ) ;
#7732 = ORIENTED_EDGE ( 'NONE', *, *, #1027, .T. ) ;
#7733 = DIRECTION ( 'NONE',  ( 0.000000000000000000, -0.8798963622018151076, -0.4751656466791471800 ) ) ;
#7734 = ORIENTED_EDGE ( 'NONE', *, *, #409, .T. ) ;
#7735 = CARTESIAN_POINT ( 'NONE',  ( 20.00000000000000000, -37.76232033811303523, 68.62321017853599869 ) ) ;
#7736 = LINE ( 'NONE', #1702, #6130 ) ;
#7737 = LINE ( 'NONE', #8287, #2065 ) ;
#7738 = ADVANCED_FACE ( 'NONE', ( #5919 ), #765, .F. ) ;
#7739 = CARTESIAN_POINT ( 'NONE',  ( -73.73605988552721158, 22.88620039310741561, 1.000000000000000000 ) ) ;
#7740 = DIRECTION ( 'NONE',  ( 0.000000000000000000, 0.000000000000000000, 1.000000000000000000 ) ) ;
#7741 = VECTOR ( 'NONE', #1407, 1000.000000000000000 ) ;
#7742 = CARTESIAN_POINT ( 'NONE',  ( -41.49369188502908656, -49.37768817528985466, 1.000000000000000222 ) ) ;
#7743 = EDGE_CURVE ( 'NONE', #161, #7000, #1406, .T. ) ;
#7744 = EDGE_LOOP ( 'NONE', ( #2856, #7864, #4265, #6002 ) ) ;
#7745 = EDGE_LOOP ( 'NONE', ( #1249, #8144, #9471, #4024 ) ) ;
#7746 = VECTOR ( 'NONE', #1296, 1000.000000000000114 ) ;
#7747 = ORIENTED_EDGE ( 'NONE', *, *, #4037, .F. ) ;
#7748 = LINE ( 'NONE', #3851, #6100 ) ;
#7749 = ORIENTED_EDGE ( 'NONE', *, *, #9619, .T. ) ;
#7750 = CARTESIAN_POINT ( 'NONE',  ( 82.64420371834754064, -22.54266484868045239, 54.96936852428225961 ) ) ;
#7751 = CARTESIAN_POINT ( 'NONE',  ( -75.86072856597648695, 16.04786215667749261, 0.5932581191509922469 ) ) ;
#7752 = VECTOR ( 'NONE', #4298, 1000.000000000000000 ) ;
#7753 = DIRECTION ( 'NONE',  ( -0.000000000000000000, -0.8514537021307111431, 0.5244297790247101076 ) ) ;
#7754 = CARTESIAN_POINT ( 'NONE',  ( -11.77426632431130393, 60.39568466522887746, 27.73506326394537425 ) ) ;
#7755 = VECTOR ( 'NONE', #8432, 1000.000000000000000 ) ;
#7756 = PLANE ( 'NONE',  #9527 ) ;
#7757 = ORIENTED_EDGE ( 'NONE', *, *, #2779, .T. ) ;
#7758 = VERTEX_POINT ( 'NONE', #5172 ) ;
#7759 = CARTESIAN_POINT ( 'NONE',  ( -3.000000000000000000, 42.49999999999993605, 15.03860113793879982 ) ) ;
#7760 = VECTOR ( 'NONE', #2225, 1000.000000000000227 ) ;
#7761 = LINE ( 'NONE', #9206, #8812 ) ;
#7762 = DIRECTION ( 'NONE',  ( 0.000000000000000000, 0.000000000000000000, 1.000000000000000000 ) ) ;
#7763 = CARTESIAN_POINT ( 'NONE',  ( 20.00000000000000000, 0.000000000000000000, 0.000000000000000000 ) ) ;
#7764 = LINE ( 'NONE', #1682, #5899 ) ;
#7765 = CARTESIAN_POINT ( 'NONE',  ( -72.17727049161499053, 23.56970843359896151, 1.000000000000000000 ) ) ;
#7766 = DIRECTION ( 'NONE',  ( -1.000000000000000000, -0.000000000000000000, -0.000000000000000000 ) ) ;
#7767 = AXIS2_PLACEMENT_3D ( 'NONE', #5347, #7706, #927 ) ;
#7768 = VECTOR ( 'NONE', #157, 1000.000000000000227 ) ;
#7769 = ORIENTED_EDGE ( 'NONE', *, *, #3138, .F. ) ;
#7770 = CARTESIAN_POINT ( 'NONE',  ( 16.99999999999999645, 61.73295896127415716, 36.73313685846913756 ) ) ;
#7771 = AXIS2_PLACEMENT_3D ( 'NONE', #1355, #6705, #4435 ) ;
#7772 = AXIS2_PLACEMENT_3D ( 'NONE', #3985, #1848, #4080 ) ;
#7773 = EDGE_CURVE ( 'NONE', #5935, #5133, #5818, .T. ) ;
#7774 = ORIENTED_EDGE ( 'NONE', *, *, #5394, .F. ) ;
#7775 = DIRECTION ( 'NONE',  ( 0.000000000000000000, 0.000000000000000000, -1.000000000000000000 ) ) ;
#7776 = DIRECTION ( 'NONE',  ( 0.000000000000000000, -0.8798963622018149966, -0.4751656466791475131 ) ) ;
#7777 = AXIS2_PLACEMENT_3D ( 'NONE', #2344, #6891, #857 ) ;
#7778 = DIRECTION ( 'NONE',  ( 0.000000000000000000, -0.02844266007110327760, -0.9995954257038591750 ) ) ;
#7779 = PLANE ( 'NONE',  #1457 ) ;
#7780 = CARTESIAN_POINT ( 'NONE',  ( -39.23194886869939069, -50.37461901952679000, 1.060826724026772139 ) ) ;
#7781 = VECTOR ( 'NONE', #547, 1000.000000000000114 ) ;
#7782 = EDGE_CURVE ( 'NONE', #2482, #1617, #4534, .T. ) ;
#7783 = ORIENTED_EDGE ( 'NONE', *, *, #1493, .T. ) ;
#7784 = CARTESIAN_POINT ( 'NONE',  ( 33.32232879672930892, -49.10223034971637190, 53.37678982146587714 ) ) ;
#7785 = VERTEX_POINT ( 'NONE', #8186 ) ;
#7786 = CARTESIAN_POINT ( 'NONE',  ( -7.746848064488079721, -66.77310061961449605, 82.00000000000000000 ) ) ;
#7787 = EDGE_CURVE ( 'NONE', #3882, #3784, #3586, .T. ) ;
#7788 = ORIENTED_EDGE ( 'NONE', *, *, #2680, .T. ) ;
#7789 = CARTESIAN_POINT ( 'NONE',  ( 73.73605988552721158, -22.88620039310740850, 1.000000000000000000 ) ) ;
#7790 = PLANE ( 'NONE',  #8984 ) ;
#7791 = CARTESIAN_POINT ( 'NONE',  ( 17.00000000000000000, -49.10223034971637190, 68.37678982146587714 ) ) ;
#7792 = AXIS2_PLACEMENT_3D ( 'NONE', #8314, #1643, #2328 ) ;
#7793 = CARTESIAN_POINT ( 'NONE',  ( 76.49822795492116256, 14.95423145175782409, 1.086298991543278136 ) ) ;
#7794 = CARTESIAN_POINT ( 'NONE',  ( -74.57537930253603520, -19.13245188597707624, 1.000000000000000000 ) ) ;
#7795 = DIRECTION ( 'NONE',  ( -0.000000000000000000, 0.5244297790247111068, 0.8514537021307104769 ) ) ;
#7796 = ADVANCED_FACE ( 'NONE', ( #2853 ), #5872, .F. ) ;
#7797 = EDGE_CURVE ( 'NONE', #6656, #8494, #6693, .T. ) ;
#7798 = ORIENTED_EDGE ( 'NONE', *, *, #6821, .T. ) ;
#7799 = ORIENTED_EDGE ( 'NONE', *, *, #8273, .F. ) ;
#7800 = ORIENTED_EDGE ( 'NONE', *, *, #1919, .F. ) ;
#7801 = CARTESIAN_POINT ( 'NONE',  ( 20.00000000000000000, 2.380278620270778855, 73.62321017853558658 ) ) ;
#7802 = EDGE_CURVE ( 'NONE', #1289, #5611, #9732, .T. ) ;
#7803 = ORIENTED_EDGE ( 'NONE', *, *, #5671, .T. ) ;
#7804 = CARTESIAN_POINT ( 'NONE',  ( 85.72710225318510879, -25.98407098524930348, 82.15729665848537877 ) ) ;
#7805 = CARTESIAN_POINT ( 'NONE',  ( -81.43856373227889378, 24.73658624461079825, 54.96733714991982112 ) ) ;
#7806 = DIRECTION ( 'NONE',  ( -1.000000000000000000, -0.000000000000000000, -0.000000000000000000 ) ) ;
#7807 = CARTESIAN_POINT ( 'NONE',  ( -19.46820967074695474, 65.52025497062130910, 82.11218525482051689 ) ) ;
#7808 = DIRECTION ( 'NONE',  ( 0.000000000000000000, 0.8514537021307111431, -0.5244297790247101076 ) ) ;
#7809 = VERTEX_POINT ( 'NONE', #716 ) ;
#7810 = ORIENTED_EDGE ( 'NONE', *, *, #7904, .T. ) ;
#7811 = CARTESIAN_POINT ( 'NONE',  ( 20.00000000000000000, -33.21878702995829968, 61.00000000000083134 ) ) ;
#7812 = DIRECTION ( 'NONE',  ( 0.000000000000000000, -0.02844266007110466538, -0.9995954257038591750 ) ) ;
#7813 = DIRECTION ( 'NONE',  ( 0.000000000000000000, 0.000000000000000000, 1.000000000000000000 ) ) ;
#7814 = FACE_BOUND ( 'NONE', #6773, .T. ) ;
#7815 = FACE_OUTER_BOUND ( 'NONE', #2578, .T. ) ;
#7816 = CARTESIAN_POINT ( 'NONE',  ( -43.64296508837978905, 48.46453404592058689, 1.000000000000000222 ) ) ;
#7817 = PLANE ( 'NONE',  #3214 ) ;
#7818 = VERTEX_POINT ( 'NONE', #3791 ) ;
#7819 = CARTESIAN_POINT ( 'NONE',  ( 17.00000000000000000, 57.65688346337825720, 1.038269420333509219 ) ) ;
#7820 = ORIENTED_EDGE ( 'NONE', *, *, #8689, .F. ) ;
#7821 = CARTESIAN_POINT ( 'NONE',  ( 33.32232879672930892, 42.23833585967788196, 38.62321017853516736 ) ) ;
#7822 = DIRECTION ( 'NONE',  ( 0.000000000000000000, 0.4751656466791483457, -0.8798963622018145525 ) ) ;
#7823 = PLANE ( 'NONE',  #4765 ) ;
#7824 = CARTESIAN_POINT ( 'NONE',  ( 33.32232879672930892, -17.76215628866530949, 38.62321017853578553 ) ) ;
#7825 = ORIENTED_EDGE ( 'NONE', *, *, #2111, .F. ) ;
#7826 = LINE ( 'NONE', #1094, #1288 ) ;
#7827 = EDGE_LOOP ( 'NONE', ( #3422, #4252, #6925, #1350, #8997, #3858 ) ) ;
#7828 = CARTESIAN_POINT ( 'NONE',  ( -0.6149187204220553093, -67.04167887356805977, 81.99999999999992895 ) ) ;
#7829 = ORIENTED_EDGE ( 'NONE', *, *, #3869, .F. ) ;
#7830 = CARTESIAN_POINT ( 'NONE',  ( 17.00000000000000000, 6.781541068937156247, 31.00000000000041567 ) ) ;
#7831 = DIRECTION ( 'NONE',  ( 0.000000000000000000, 0.8798963622018151076, 0.4751656466791471800 ) ) ;
#7832 = VECTOR ( 'NONE', #3448, 1000.000000000000000 ) ;
#7833 = LINE ( 'NONE', #3291, #6644 ) ;
#7834 = CARTESIAN_POINT ( 'NONE',  ( 17.00000000000000000, -32.00000000000000000, 6.811834447607314047 ) ) ;
#7835 = CARTESIAN_POINT ( 'NONE',  ( -10.37530341867974393, 57.62314055499988541, 1.000000000000000222 ) ) ;
#7836 = CARTESIAN_POINT ( 'NONE',  ( 77.55481905338498905, -11.25245604216920192, 0.9999999999999997780 ) ) ;
#7837 = FACE_OUTER_BOUND ( 'NONE', #2278, .T. ) ;
#7838 = EDGE_CURVE ( 'NONE', #2183, #3176, #7390, .T. ) ;
#7839 = VECTOR ( 'NONE', #9044, 1000.000000000000000 ) ;
#7840 = ORIENTED_EDGE ( 'NONE', *, *, #7802, .F. ) ;
#7841 = FACE_OUTER_BOUND ( 'NONE', #8638, .T. ) ;
#7842 = VERTEX_POINT ( 'NONE', #1310 ) ;
#7843 = DIRECTION ( 'NONE',  ( 0.000000000000000000, 0.8514537021307104769, -0.5244297790247111068 ) ) ;
#7844 = ORIENTED_EDGE ( 'NONE', *, *, #6879, .F. ) ;
#7845 = CARTESIAN_POINT ( 'NONE',  ( 86.67501950837224456, 24.39212964277237816, 82.15876444672274204 ) ) ;
#7846 = CARTESIAN_POINT ( 'NONE',  ( -76.51079939595003054, 14.30869182387145599, 0.5946138407599587117 ) ) ;
#7847 = EDGE_CURVE ( 'NONE', #3382, #2129, #6750, .T. ) ;
#7848 = ADVANCED_FACE ( 'NONE', ( #18 ), #2059, .F. ) ;
#7849 = LINE ( 'NONE', #1962, #5087 ) ;
#7850 = CARTESIAN_POINT ( 'NONE',  ( -36.22919930643957542, 51.50061451152200931, 0.5553544619414740868 ) ) ;
#7851 = EDGE_CURVE ( 'NONE', #5417, #677, #3100, .T. ) ;
#7852 = ORIENTED_EDGE ( 'NONE', *, *, #1363, .T. ) ;
#7853 = VERTEX_POINT ( 'NONE', #7645 ) ;
#7854 = FACE_OUTER_BOUND ( 'NONE', #9343, .T. ) ;
#7855 = CARTESIAN_POINT ( 'NONE',  ( 41.24191250914341822, -60.08695191335452535, 82.11866035356338500 ) ) ;
#7856 = CARTESIAN_POINT ( 'NONE',  ( -94.00000000000000000, 46.96259812575245007, 80.99999999999998579 ) ) ;
#7857 = CARTESIAN_POINT ( 'NONE',  ( 17.00000000000000000, 22.38044266971850504, 73.62321017853537342 ) ) ;
#7858 = EDGE_CURVE ( 'NONE', #847, #5343, #8563, .T. ) ;
#7859 = CARTESIAN_POINT ( 'NONE',  ( -63.82773721545115109, 34.21679105289511114, 1.000000000000000222 ) ) ;
#7860 = CARTESIAN_POINT ( 'NONE',  ( 19.99999999999996803, 65.42414219945767684, 81.99999999999998579 ) ) ;
#7861 = EDGE_CURVE ( 'NONE', #3416, #2747, #4943, .T. ) ;
#7862 = ORIENTED_EDGE ( 'NONE', *, *, #8018, .T. ) ;
#7863 = VECTOR ( 'NONE', #7239, 1000.000000000000000 ) ;
#7864 = ORIENTED_EDGE ( 'NONE', *, *, #3387, .T. ) ;
#7865 = CARTESIAN_POINT ( 'NONE',  ( 20.00000000000000000, 2.238007760782423361, 68.62321017853557237 ) ) ;
#7866 = ORIENTED_EDGE ( 'NONE', *, *, #7722, .T. ) ;
#7867 = DIRECTION ( 'NONE',  ( 0.000000000000000000, 0.8514537021307111431, -0.5244297790247101076 ) ) ;
#7868 = CARTESIAN_POINT ( 'NONE',  ( 20.00000000000000000, 0.000000000000000000, 0.000000000000000000 ) ) ;
#7869 = CARTESIAN_POINT ( 'NONE',  ( -3.000000000000000000, -34.50000000000004263, 21.04061919046182538 ) ) ;
#7870 = VECTOR ( 'NONE', #3570, 1000.000000000000000 ) ;
#7871 = PLANE ( 'NONE',  #2879 ) ;
#7872 = ORIENTED_EDGE ( 'NONE', *, *, #7297, .T. ) ;
#7873 = LINE ( 'NONE', #5650, #6512 ) ;
#7874 = VECTOR ( 'NONE', #5840, 1000.000000000000227 ) ;
#7875 = EDGE_LOOP ( 'NONE', ( #390, #8613, #7165, #7565, #6055, #3836 ) ) ;
#7876 = CARTESIAN_POINT ( 'NONE',  ( -80.00000000000000000, 1.662686369618629601E-15, 0.000000000000000000 ) ) ;
#7877 = VERTEX_POINT ( 'NONE', #4678 ) ;
#7878 = CARTESIAN_POINT ( 'NONE',  ( 20.00000000000000000, -29.10206630026864616, 53.37678982146566398 ) ) ;
#7879 = CARTESIAN_POINT ( 'NONE',  ( 33.32232879672930892, -53.50349279838274441, 36.00000000000104450 ) ) ;
#7880 = DIRECTION ( 'NONE',  ( 0.000000000000000000, -0.02844266007110470701, -0.9995954257038591750 ) ) ;
#7881 = FACE_OUTER_BOUND ( 'NONE', #5590, .T. ) ;
#7882 = CARTESIAN_POINT ( 'NONE',  ( -71.07344828788421864, 25.58731214064444259, 1.000000000000000000 ) ) ;
#7883 = CARTESIAN_POINT ( 'NONE',  ( 17.97663691185445956, -56.57534817002645156, 0.9999999999999997780 ) ) ;
#7884 = CARTESIAN_POINT ( 'NONE',  ( 17.00000000000000000, -9.101902250820922191, 68.37678982146546502 ) ) ;
#7885 = VECTOR ( 'NONE', #6919, 1000.000000000000114 ) ;
#7886 = VECTOR ( 'NONE', #4574, 1000.000000000000000 ) ;
#7887 = ORIENTED_EDGE ( 'NONE', *, *, #3933, .F. ) ;
#7888 = LINE ( 'NONE', #2937, #2882 ) ;
#7889 = VERTEX_POINT ( 'NONE', #5377 ) ;
#7890 = FACE_OUTER_BOUND ( 'NONE', #8485, .T. ) ;
#7891 = VECTOR ( 'NONE', #7114, 1000.000000000000000 ) ;
#7892 = ORIENTED_EDGE ( 'NONE', *, *, #2956, .F. ) ;
#7893 = CARTESIAN_POINT ( 'NONE',  ( 92.98147083512668587, -1.786997787949025307, 82.17024740630768065 ) ) ;
#7894 = EDGE_CURVE ( 'NONE', #3924, #426, #5477, .T. ) ;
#7895 = CARTESIAN_POINT ( 'NONE',  ( -78.46688016557521905, -36.11408046539586536, 82.14703349647002995 ) ) ;
#7896 = CARTESIAN_POINT ( 'NONE',  ( -8.000000000000000000, -34.50000000000011369, 11.04061919046182894 ) ) ;
#7897 = CARTESIAN_POINT ( 'NONE',  ( -64.60624281547359260, 43.74111205352360088, 54.94791571505893302 ) ) ;
#7898 = VECTOR ( 'NONE', #5829, 1000.000000000000000 ) ;
#7899 = ORIENTED_EDGE ( 'NONE', *, *, #2235, .F. ) ;
#7900 = B_SPLINE_CURVE_WITH_KNOTS ( 'NONE', 3,
 ( #6079, #5293, #688, #7661, #3712, #9002, #3904, #5981, #5937, #2224, #733, #7564, #6721, #6823, #6914, #37, #9105, #2964, #5241, #8259, #1476, #2322, #7513, #3759, #5346, #4602, #6771, #9801, #6034, #6123, #7614, #9153 ),
 .UNSPECIFIED., .F., .F.,
 ( 4, 2, 2, 2, 2, 2, 2, 2, 2, 2, 2, 2, 2, 2, 2, 4 ),
 ( 0.2439710625566433588, 0.2512331480347012036, 0.2584952335127589929, 0.2621262762517879152, 0.2657573189908167821, 0.2730194044688746269, 0.2802814899469324716, 0.2839125326859613940, 0.2875435754249902609, 0.3020677463811058949, 0.3165919173372215289, 0.3202229600762504513, 0.3238540028152793737, 0.3311160882933372185, 0.3456402592494528525, 0.3601644302055684865 ),
 .UNSPECIFIED. ) ;
#7901 = EDGE_CURVE ( 'NONE', #4902, #8659, #3890, .T. ) ;
#7902 = EDGE_LOOP ( 'NONE', ( #7168, #4772, #8987, #2648 ) ) ;
#7903 = CARTESIAN_POINT ( 'NONE',  ( -3.000000000000000000, -34.50000000000021316, 26.04061919046181117 ) ) ;
#7904 = EDGE_CURVE ( 'NONE', #9, #5754, #9646, .T. ) ;
#7905 = VECTOR ( 'NONE', #7646, 1000.000000000000000 ) ;
#7906 = LINE ( 'NONE', #4940, #1120 ) ;
#7907 = EDGE_CURVE ( 'NONE', #8618, #4525, #5014, .T. ) ;
#7908 = CARTESIAN_POINT ( 'NONE',  ( 33.32232879672930892, 42.23833585967788196, 68.62321017853516025 ) ) ;
#7909 = CARTESIAN_POINT ( 'NONE',  ( 17.94783496526074629, -66.63527234539958499, 81.00000000000000000 ) ) ;
#7910 = CARTESIAN_POINT ( 'NONE',  ( -69.68848369970682199, 27.38328297604278561, 0.9999999999999997780 ) ) ;
#7911 = CARTESIAN_POINT ( 'NONE',  ( -80.00000000000000000, 1.662686369618629601E-15, 1.000000000000000000 ) ) ;
#7912 = ADVANCED_FACE ( 'NONE', ( #3476 ), #3430, .F. ) ;
#7913 = VECTOR ( 'NONE', #7540, 1000.000000000000000 ) ;
#7914 = ORIENTED_EDGE ( 'NONE', *, *, #7220, .F. ) ;
#7915 = ADVANCED_FACE ( 'NONE', ( #369 ), #2318, .T. ) ;
#7916 = VERTEX_POINT ( 'NONE', #7429 ) ;
#7917 = LINE ( 'NONE', #8510, #7704 ) ;
#7918 = ORIENTED_EDGE ( 'NONE', *, *, #9666, .F. ) ;
#7919 = EDGE_CURVE ( 'NONE', #7282, #270, #657, .T. ) ;
#7920 = LINE ( 'NONE', #1883, #610 ) ;
#7921 = VECTOR ( 'NONE', #3269, 1000.000000000000114 ) ;
#7922 = PLANE ( 'NONE',  #457 ) ;
#7923 = CARTESIAN_POINT ( 'NONE',  ( 33.32232879672930892, 22.23817181023015266, 23.62321017853537342 ) ) ;
#7924 = CARTESIAN_POINT ( 'NONE',  ( 17.00000000000000000, 42.38060671916623789, 13.62321017853516736 ) ) ;
#7925 = VECTOR ( 'NONE', #521, 1000.000000000000000 ) ;
#7926 = EDGE_CURVE ( 'NONE', #5773, #2734, #5999, .T. ) ;
#7927 = DIRECTION ( 'NONE',  ( -1.000000000000000000, -0.000000000000000000, -0.000000000000000000 ) ) ;
#7928 = VECTOR ( 'NONE', #314, 1000.000000000000227 ) ;
#7929 = EDGE_LOOP ( 'NONE', ( #6596, #7866, #2842, #3461, #225, #9189, #1500, #5978, #2755 ) ) ;
#7930 = CARTESIAN_POINT ( 'NONE',  ( -80.00000000000000000, -118.0000000000000000, 0.000000000000000000 ) ) ;
#7931 = ORIENTED_EDGE ( 'NONE', *, *, #3268, .F. ) ;
#7932 = DIRECTION ( 'NONE',  ( -1.000000000000000000, -0.000000000000000000, -0.000000000000000000 ) ) ;
#7933 = DIRECTION ( 'NONE',  ( 0.000000000000000000, -0.8798963622018155517, -0.4751656466791466249 ) ) ;
#7934 = LINE ( 'NONE', #1151, #6976 ) ;
#7935 = CARTESIAN_POINT ( 'NONE',  ( 75.00348951150874655, 18.58994250758203037, 1.000000000000000000 ) ) ;
#7936 = AXIS2_PLACEMENT_3D ( 'NONE', #943, #9077, #3972 ) ;
#7937 = CARTESIAN_POINT ( 'NONE',  ( 11.24834765755135813, -57.41442501599166803, 1.000000000000000000 ) ) ;
#7938 = CARTESIAN_POINT ( 'NONE',  ( 17.00000000000000000, 11.04053265811517193, 13.37678982146525186 ) ) ;
#7939 = CIRCLE ( 'NONE', #5419, 1.400000000000000133 ) ;
#7940 = ORIENTED_EDGE ( 'NONE', *, *, #5309, .T. ) ;
#7941 = DIRECTION ( 'NONE',  ( 1.000000000000000000, 0.000000000000000000, -0.000000000000000000 ) ) ;
#7942 = ORIENTED_EDGE ( 'NONE', *, *, #5675, .F. ) ;
#7943 = CARTESIAN_POINT ( 'NONE',  ( 17.00000000000000000, 30.89842584807453818, 23.37678982146504225 ) ) ;
#7944 = VECTOR ( 'NONE', #9260, 1000.000000000000114 ) ;
#7945 = ORIENTED_EDGE ( 'NONE', *, *, #8495, .F. ) ;
#7946 = CARTESIAN_POINT ( 'NONE',  ( 85.49876496580839103, 26.36934295392623184, 82.15693263890470632 ) ) ;
#7947 = CARTESIAN_POINT ( 'NONE',  ( -78.42190063632727970, -6.468470025180335981, 0.5988051620499714733 ) ) ;
#7948 = CARTESIAN_POINT ( 'NONE',  ( 20.00000000000000000, 57.13093804605301784, 1.038283204560475736 ) ) ;
#7949 = CARTESIAN_POINT ( 'NONE',  ( -68.82779878415465191, 34.72216913130623084, 27.76890114394613107 ) ) ;
#7950 = ORIENTED_EDGE ( 'NONE', *, *, #9362, .F. ) ;
#7951 = ADVANCED_FACE ( 'NONE', ( #5210 ), #8229, .F. ) ;
#7952 = ORIENTED_EDGE ( 'NONE', *, *, #8944, .T. ) ;
#7953 = ORIENTED_EDGE ( 'NONE', *, *, #6028, .T. ) ;
#7954 = DIRECTION ( 'NONE',  ( 0.6605840444103996401, 0.6605840444103886488, 0.3567316085530025660 ) ) ;
#7955 = CARTESIAN_POINT ( 'NONE',  ( 15.52406086190128320, -56.80918049466576747, 0.5416574421944533313 ) ) ;
#7956 = DIRECTION ( 'NONE',  ( 0.000000000000000000, 0.9999999996565578364, -2.620847431606588253E-05 ) ) ;
#7957 = CYLINDRICAL_SURFACE ( 'NONE', #1410, 1.399999999999998579 ) ;
#7958 = CARTESIAN_POINT ( 'NONE',  ( -8.974970281376496217, -57.75314606410302787, 1.055559671430069901 ) ) ;
#7959 = CARTESIAN_POINT ( 'NONE',  ( 17.00000000000000000, -17.76215628866530949, 23.62321017853578908 ) ) ;
#7960 = ORIENTED_EDGE ( 'NONE', *, *, #5561, .F. ) ;
#7961 = ADVANCED_FACE ( 'NONE', ( #1494 ), #3528, .F. ) ;
#7962 = ORIENTED_EDGE ( 'NONE', *, *, #6887, .T. ) ;
#7963 = CARTESIAN_POINT ( 'NONE',  ( -8.000000000000000000, -37.00000000000000711, 1.040619190461828936 ) ) ;
#7964 = VECTOR ( 'NONE', #1349, 1000.000000000000000 ) ;
#7965 = VERTEX_POINT ( 'NONE', #3 ) ;
#7966 = CARTESIAN_POINT ( 'NONE',  ( 20.00000000000000000, -66.44301703982489471, 82.00000000000000000 ) ) ;
#7967 = PLANE ( 'NONE',  #5363 ) ;
#7968 = PLANE ( 'NONE',  #6810 ) ;
#7969 = EDGE_CURVE ( 'NONE', #2990, #9596, #1694, .T. ) ;
#7970 = LINE ( 'NONE', #9366, #5886 ) ;
#7971 = EDGE_CURVE ( 'NONE', #8594, #7730, #9121, .T. ) ;
#7972 = ADVANCED_FACE ( 'NONE', ( #1543 ), #854, .F. ) ;
#7973 = CARTESIAN_POINT ( 'NONE',  ( 16.99999999999997868, -58.25171846647192808, 15.14363142872462475 ) ) ;
#7974 = VERTEX_POINT ( 'NONE', #7530 ) ;
#7975 = CARTESIAN_POINT ( 'NONE',  ( 80.00000000000000000, -8.888102484588013203E-15, 0.000000000000000000 ) ) ;
#7976 = ORIENTED_EDGE ( 'NONE', *, *, #7660, .F. ) ;
#7977 = DIRECTION ( 'NONE',  ( 0.000000000000000000, -0.9995954257038592861, 0.02844266007110328107 ) ) ;
#7978 = DIRECTION ( 'NONE',  ( 0.000000000000000000, 0.8514537021307111431, -0.5244297790247101076 ) ) ;
#7979 = DIRECTION ( 'NONE',  ( 0.000000000000000000, -0.8514537021307111431, 0.5244297790247101076 ) ) ;
#7980 = CARTESIAN_POINT ( 'NONE',  ( -20.54885927009166480, 56.13070157227041079, 1.086298991543278358 ) ) ;
#7981 = CARTESIAN_POINT ( 'NONE',  ( 78.08928291109870656, -9.060549294233437578, 1.000000000000000000 ) ) ;
#7982 = EDGE_CURVE ( 'NONE', #5528, #8035, #6886, .T. ) ;
#7983 = CARTESIAN_POINT ( 'NONE',  ( 20.00000000000000000, 51.04086075701062697, 58.37678982146483264 ) ) ;
#7984 = EDGE_LOOP ( 'NONE', ( #735, #5848, #950, #3849 ) ) ;
#7985 = FACE_OUTER_BOUND ( 'NONE', #8190, .T. ) ;
#7986 = AXIS2_PLACEMENT_3D ( 'NONE', #9440, #7998, #4242 ) ;
#7987 = VERTEX_POINT ( 'NONE', #5360 ) ;
#7988 = CARTESIAN_POINT ( 'NONE',  ( 20.00000000000000000, 50.89858989752226393, 53.37678982146483264 ) ) ;
#7989 = ORIENTED_EDGE ( 'NONE', *, *, #4520, .F. ) ;
#7990 = CARTESIAN_POINT ( 'NONE',  ( 17.00000000000000000, -53.50349279838274441, 66.00000000000103739 ) ) ;
#7991 = CARTESIAN_POINT ( 'NONE',  ( 66.44747907977350110, 31.30519704657654145, 0.5770089944360005108 ) ) ;
#7992 = CARTESIAN_POINT ( 'NONE',  ( -74.63604053009696315, -27.63229365066112919, 27.77312773566006143 ) ) ;
#7993 = PLANE ( 'NONE',  #5408 ) ;
#7994 = CARTESIAN_POINT ( 'NONE',  ( -82.76333869892384598, 30.69418090145697775, 82.15278462301112938 ) ) ;
#7995 = VECTOR ( 'NONE', #9287, 1000.000000000000000 ) ;
#7996 = ORIENTED_EDGE ( 'NONE', *, *, #5921, .F. ) ;
#7997 = EDGE_LOOP ( 'NONE', ( #9085, #9192, #6277, #3951, #306 ) ) ;
#7998 = DIRECTION ( 'NONE',  ( 0.000000000000000000, -0.5244297790247101076, -0.8514537021307111431 ) ) ;
#7999 = DIRECTION ( 'NONE',  ( 0.000000000000000000, 0.000000000000000000, 1.000000000000000000 ) ) ;
#8000 = FACE_OUTER_BOUND ( 'NONE', #2588, .T. ) ;
#8001 = DIRECTION ( 'NONE',  ( 0.000000000000000000, 0.9995954257038592861, -0.02844266007110471048 ) ) ;
#8002 = CARTESIAN_POINT ( 'NONE',  ( -3.000000000000000000, 42.49999999999997158, 20.03860113793879805 ) ) ;
#8003 = PLANE ( 'NONE',  #3804 ) ;
#8004 = CARTESIAN_POINT ( 'NONE',  ( 89.85136504523941881, -17.36628289912851386, 82.00000000000002842 ) ) ;
#8005 = ORIENTED_EDGE ( 'NONE', *, *, #8025, .T. ) ;
#8006 = ORIENTED_EDGE ( 'NONE', *, *, #9560, .T. ) ;
#8007 = CARTESIAN_POINT ( 'NONE',  ( 33.32232879672930892, -13.50316469948729292, 21.00000000000062528 ) ) ;
#8008 = VERTEX_POINT ( 'NONE', #8372 ) ;
#8009 = CARTESIAN_POINT ( 'NONE',  ( -8.000000000000000000, 42.49999999999997158, 18.63860113793879947 ) ) ;
#8010 = LINE ( 'NONE', #5841, #782 ) ;
#8011 = CARTESIAN_POINT ( 'NONE',  ( 20.00000000000000000, 6.496999349960439041, 66.00000000000042633 ) ) ;
#8012 = ADVANCED_FACE ( 'NONE', ( #805 ), #3878, .F. ) ;
#8013 = DIRECTION ( 'NONE',  ( -0.000000000000000000, 0.5244297790247111068, 0.8514537021307104769 ) ) ;
#8014 = CARTESIAN_POINT ( 'NONE',  ( 16.99999999999997868, -65.86347282602000064, 82.00000000000000000 ) ) ;
#8015 = EDGE_CURVE ( 'NONE', #271, #2158, #102, .T. ) ;
#8016 = ORIENTED_EDGE ( 'NONE', *, *, #9802, .F. ) ;
#8017 = CARTESIAN_POINT ( 'NONE',  ( -93.06775318706324640, 2.180546987336259512, 82.00000000000000000 ) ) ;
#8018 = EDGE_CURVE ( 'NONE', #8861, #2157, #3086, .T. ) ;
#8019 = VECTOR ( 'NONE', #5494, 1000.000000000000114 ) ;
#8020 = ORIENTED_EDGE ( 'NONE', *, *, #5380, .F. ) ;
#8021 = CARTESIAN_POINT ( 'NONE',  ( 20.00000000000000000, -13.21862298051057394, 46.00000000000062528 ) ) ;
#8022 = CARTESIAN_POINT ( 'NONE',  ( -3.000000000000000000, 42.49999999999986500, 5.038601137938799823 ) ) ;
#8023 = DIRECTION ( 'NONE',  ( 0.000000000000000000, -0.02844266007110327760, -0.9995954257038591750 ) ) ;
#8024 = CARTESIAN_POINT ( 'NONE',  ( 20.00000000000000000, -37.62004947862467930, 58.62321017853599869 ) ) ;
#8025 = EDGE_CURVE ( 'NONE', #6723, #1601, #4620, .T. ) ;
#8026 =( BOUNDED_SURFACE ( )  B_SPLINE_SURFACE ( 3, 1, ( 
 ( #6330, #9268 ),
 ( #8662, #1741 ),
 ( #3281, #7077 ),
 ( #1182, #395 ) ),
 .UNSPECIFIED., .F., .F., .F. ) 
 B_SPLINE_SURFACE_WITH_KNOTS ( ( 4, 4 ),
 ( 2, 2 ),
 ( 0.000000000000000000, 1.000000000000000000 ),
 ( 0.000000000000000000, 1.000000000000000000 ),
 .UNSPECIFIED. ) 
 GEOMETRIC_REPRESENTATION_ITEM ( )  RATIONAL_B_SPLINE_SURFACE ( (
 ( 1.000000000000000000, 1.000000000000000000),
 ( 0.3333333333333333703, 0.3333333333333333703),
 ( 0.3333333333333333703, 0.3333333333333333703),
 ( 1.000000000000000000, 1.000000000000000000) ) ) 
 REPRESENTATION_ITEM ( '' )  SURFACE ( )  );
#8027 = CARTESIAN_POINT ( 'NONE',  ( -79.00000000000001421, -3.772795414851356721, 0.9999999999999997780 ) ) ;
#8028 = DIRECTION ( 'NONE',  ( 0.000000000000000000, 0.8798963622018151076, 0.4751656466791471800 ) ) ;
#8029 = VECTOR ( 'NONE', #9669, 1000.000000000000114 ) ;
#8030 = ORIENTED_EDGE ( 'NONE', *, *, #4662, .F. ) ;
#8031 = PLANE ( 'NONE',  #26 ) ;
#8032 = ORIENTED_EDGE ( 'NONE', *, *, #5968, .T. ) ;
#8033 = DIRECTION ( 'NONE',  ( -1.000000000000000000, -0.000000000000000000, -0.000000000000000000 ) ) ;
#8034 = EDGE_CURVE ( 'NONE', #1582, #615, #6981, .T. ) ;
#8035 = VERTEX_POINT ( 'NONE', #56 ) ;
#8036 = PLANE ( 'NONE',  #5390 ) ;
#8037 = PLANE ( 'NONE',  #9138 ) ;
#8038 = CARTESIAN_POINT ( 'NONE',  ( 75.95190108806465901, 32.70127477797389304, 54.95904947903662219 ) ) ;
#8039 = VECTOR ( 'NONE', #3907, 1000.000000000000000 ) ;
#8040 = CARTESIAN_POINT ( 'NONE',  ( -75.82314725815652423, -38.94718722665608368, 82.14383514953715348 ) ) ;
#8041 = EDGE_CURVE ( 'NONE', #247, #1348, #6095, .T. ) ;
#8042 = LINE ( 'NONE', #4094, #6499 ) ;
#8043 = FACE_OUTER_BOUND ( 'NONE', #5608, .T. ) ;
#8044 = ORIENTED_EDGE ( 'NONE', *, *, #5610, .F. ) ;
#8045 = EDGE_LOOP ( 'NONE', ( #1698, #1765, #6184, #5469, #6059, #9062 ) ) ;
#8046 = VECTOR ( 'NONE', #725, 1000.000000000000227 ) ;
#8047 = ORIENTED_EDGE ( 'NONE', *, *, #5610, .T. ) ;
#8048 = CARTESIAN_POINT ( 'NONE',  ( 34.08469809645751525, -59.02193598280621245, 54.92652554836327994 ) ) ;
#8049 = LINE ( 'NONE', #4297, #4412 ) ;
#8050 = CARTESIAN_POINT ( 'NONE',  ( 17.00000000000000000, -53.21895107940602543, 31.00000000000104095 ) ) ;
#8051 = LINE ( 'NONE', #4988, #6620 ) ;
#8052 = VECTOR ( 'NONE', #19, 1000.000000000000114 ) ;
#8053 = CARTESIAN_POINT ( 'NONE',  ( 11.82796687835861071, -57.35361854087321376, 1.055841610018377175 ) ) ;
#8054 = CARTESIAN_POINT ( 'NONE',  ( 86.49938034610674720, 24.58859684002081281, 82.00000000000004263 ) ) ;
#8055 = EDGE_LOOP ( 'NONE', ( #8221, #5945, #9284, #3745 ) ) ;
#8056 = ORIENTED_EDGE ( 'NONE', *, *, #5967, .T. ) ;
#8057 = VECTOR ( 'NONE', #2016, 1000.000000000000114 ) ;
#8058 = EDGE_LOOP ( 'NONE', ( #434, #2457 ) ) ;
#8059 = CARTESIAN_POINT ( 'NONE',  ( 17.00000000000000000, 22.23817181023015266, 38.62321017853537342 ) ) ;
#8061 = EDGE_LOOP ( 'NONE', ( #6253, #7584, #8293, #8182 ) ) ;
#8060 = CARTESIAN_POINT ( 'NONE',  ( 33.32232879672930892, -57.62021352807240504, 43.62321017853621186 ) ) ;
#8062 = FACE_OUTER_BOUND ( 'NONE', #8755, .T. ) ;
#8063 = LINE ( 'NONE', #6575, #2840 ) ;
#8064 = CARTESIAN_POINT ( 'NONE',  ( 20.00000000000000000, 6.781541068937156247, 46.00000000000041211 ) ) ;
#8065 = DIRECTION ( 'NONE',  ( -0.000000000000000000, -0.000000000000000000, -1.000000000000000000 ) ) ;
#8066 = VECTOR ( 'NONE', #8410, 1000.000000000000114 ) ;
#8067 = LINE ( 'NONE', #3014, #4624 ) ;
#8068 = ADVANCED_FACE ( 'NONE', ( #6054 ), #7633, .T. ) ;
#8069 = EDGE_LOOP ( 'NONE', ( #6784, #9114, #5956, #21 ) ) ;
#8070 = CARTESIAN_POINT ( 'NONE',  ( -92.53739665992915775, 6.622100892158422347, 81.99999999999997158 ) ) ;
#8071 = VECTOR ( 'NONE', #2453, 1000.000000000000227 ) ;
#8072 = ORIENTED_EDGE ( 'NONE', *, *, #402, .F. ) ;
#8073 = FACE_OUTER_BOUND ( 'NONE', #2117, .T. ) ;
#8074 = FACE_OUTER_BOUND ( 'NONE', #8636, .T. ) ;
#8075 = CARTESIAN_POINT ( 'NONE',  ( 20.00000000000000000, 10.89826179862681066, 38.37678982146525186 ) ) ;
#8076 = CARTESIAN_POINT ( 'NONE',  ( -79.00000000000000000, 3.772795415057972779, 1.086298991543278580 ) ) ;
#8077 = CARTESIAN_POINT ( 'NONE',  ( 59.62707948024287674, -38.22108882253657214, 1.000000000000000444 ) ) ;
#8078 = DIRECTION ( 'NONE',  ( -1.000000000000000000, 0.000000000000000000, 0.000000000000000000 ) ) ;
#8079 = VECTOR ( 'NONE', #8546, 1000.000000000000000 ) ;
#8080 = VERTEX_POINT ( 'NONE', #5414 ) ;
#8081 = CARTESIAN_POINT ( 'NONE',  ( 17.00000000000000000, 10.89826179862681066, 53.37678982146525186 ) ) ;
#8082 = EDGE_CURVE ( 'NONE', #8203, #5256, #8425, .T. ) ;
#8083 = ORIENTED_EDGE ( 'NONE', *, *, #9251, .F. ) ;
#8084 = DIRECTION ( 'NONE',  ( -1.000000000000000000, -0.000000000000000000, -0.000000000000000000 ) ) ;
#8085 = ORIENTED_EDGE ( 'NONE', *, *, #2468, .F. ) ;
#8086 = FACE_BOUND ( 'NONE', #9693, .T. ) ;
#8087 = CARTESIAN_POINT ( 'NONE',  ( 17.00000000000002842, -58.50005107944852512, 8.404690663715248533 ) ) ;
#8088 = VECTOR ( 'NONE', #8664, 1000.000000000000000 ) ;
#8089 = CARTESIAN_POINT ( 'NONE',  ( 56.05282209240557734, 40.82606196835004653, 0.5642598499199216189 ) ) ;
#8090 = CARTESIAN_POINT ( 'NONE',  ( -70.52508870271066144, -32.87172608098246229, 27.76706079675691186 ) ) ;
#8091 = EDGE_CURVE ( 'NONE', #8985, #2332, #1650, .T. ) ;
#8092 = CARTESIAN_POINT ( 'NONE',  ( 47.51725797138470142, 46.42089722620627867, 1.063666168254040034 ) ) ;
#8093 = CARTESIAN_POINT ( 'NONE',  ( -68.58379436639761195, 28.64790383565425458, 0.5864574040650823994 ) ) ;
#8094 = VECTOR ( 'NONE', #754, 999.9999999999998863 ) ;
#8095 = EDGE_CURVE ( 'NONE', #8302, #1400, #7678, .T. ) ;
#8096 = ADVANCED_FACE ( 'NONE', ( #5465 ), #7725, .F. ) ;
#8097 = VECTOR ( 'NONE', #1481, 1000.000000000000000 ) ;
#8098 = ORIENTED_EDGE ( 'NONE', *, *, #5675, .T. ) ;
#8099 = ADVANCED_FACE ( 'NONE', ( #2293 ), #205, .F. ) ;
#8100 = VERTEX_POINT ( 'NONE', #7079 ) ;
#8101 = DIRECTION ( 'NONE',  ( 0.000000000000000000, 0.02844266007110328107, 0.9995954257038591750 ) ) ;
#8102 = B_SPLINE_CURVE_WITH_KNOTS ( 'NONE', 3,
 ( #7860, #1126, #4159, #3410, #8704, #5185, #7354, #3596, #1973, #9546, #3551, #4990, #6467, #6523, #2071, #2167, #433, #5782, #5739, #580, #6613, #8054, #9645, #4448, #2865, #1270, #1322, #5141, #2915, #3455, #1220, #8750, #4350, #5885, #4249, #8199, #7257, #485, #8004, #2017, #8109, #4300, #8900, #9497, #2123, #7308, #8153, #1367, #5932, #2721, #3506, #2764, #4393, #7401, #8794, #1418, #5039, #536, #6563, #9593, #633, #2812, #5830, #8847, #3651, #6667 ),
 .UNSPECIFIED., .F., .F.,
 ( 4, 2, 2, 2, 2, 2, 2, 2, 2, 2, 2, 2, 2, 2, 2, 2, 2, 2, 2, 2, 2, 2, 2, 2, 2, 2, 2, 2, 2, 2, 2, 2, 4 ),
 ( 0.3631792706878075871, 0.3764451925345221328, 0.3897111143812366785, 0.4029770362279512241, 0.4062935166896298744, 0.4096099971513085247, 0.4162429580746658253, 0.4228759189980231259, 0.4261923994597017207, 0.4295088799213803710, 0.4427748017680949721, 0.4460912822297736224, 0.4494077626914522172, 0.4560407236148095178, 0.4626736845381667629, 0.4659901649998454132, 0.4693066454615240080, 0.4759396063848813085, 0.4825725673082385536, 0.4892055282315958542, 0.4958384891549530993, 0.5024714500783103999, 0.5057879305399890502, 0.5091044110016677005, 0.5223703328483823016, 0.5256868133100609519, 0.5290032937717396022, 0.5356362546950969028, 0.5489021765418116150, 0.5555351374651689156, 0.5588516179268476769, 0.5621680983885263272, 0.5754340202352410394 ),
 .UNSPECIFIED. ) ;
#8103 = CARTESIAN_POINT ( 'NONE',  ( 43.75168791432237470, -59.12236882515681913, 82.11981976378146442 ) ) ;
#8104 = LINE ( 'NONE', #385, #5992 ) ;
#8105 = PLANE ( 'NONE',  #9511 ) ;
#8106 = VECTOR ( 'NONE', #1639, 1000.000000000000114 ) ;
#8107 =( LENGTH_UNIT ( ) NAMED_UNIT ( * ) SI_UNIT ( .MILLI., .METRE. ) );
#8108 = CARTESIAN_POINT ( 'NONE',  ( 14.42439441427137226, -57.03205007814634087, 1.056069306140382968 ) ) ;
#8109 = CARTESIAN_POINT ( 'NONE',  ( 87.14230746189423371, -23.45224586559371716, 82.00000000000002842 ) ) ;
#8110 = ADVANCED_FACE ( 'NONE', ( #1091 ), #7779, .F. ) ;
#8111 = EDGE_LOOP ( 'NONE', ( #2264, #343 ) ) ;
#8112 = EDGE_LOOP ( 'NONE', ( #3155, #6984, #6113, #8709 ) ) ;
#8113 = ORIENTED_EDGE ( 'NONE', *, *, #609, .F. ) ;
#8114 = LINE ( 'NONE', #4354, #9447 ) ;
#8116 = ORIENTED_EDGE ( 'NONE', *, *, #2538, .T. ) ;
#8115 = CARTESIAN_POINT ( 'NONE',  ( 75.00000000000000000, -6.735557395310442615E-15, 1.000000000000000000 ) ) ;
#8117 = LINE ( 'NONE', #8855, #1722 ) ;
#8118 = LINE ( 'NONE', #8804, #8521 ) ;
#8119 = DIRECTION ( 'NONE',  ( 0.000000000000000000, 0.8798963622018151076, 0.4751656466791471800 ) ) ;
#8120 = DIRECTION ( 'NONE',  ( 0.000000000000000000, -0.02844266007110470701, -0.9995954257038591750 ) ) ;
#8121 = LINE ( 'NONE', #9510, #9364 ) ;
#8122 = VERTEX_POINT ( 'NONE', #4022 ) ;
#8123 = CARTESIAN_POINT ( 'NONE',  ( -91.91485381712587355, 10.16652654351532625, 82.00000000000000000 ) ) ;
#8124 = ORIENTED_EDGE ( 'NONE', *, *, #4111, .F. ) ;
#8125 = CARTESIAN_POINT ( 'NONE',  ( 17.00000000000000000, -29.10206630026864616, 23.37678982146566753 ) ) ;
#8126 = LINE ( 'NONE', #505, #442 ) ;
#8127 = CARTESIAN_POINT ( 'NONE',  ( 33.32232879672930892, -13.21862298051057394, 16.00000000000062528 ) ) ;
#8128 = CARTESIAN_POINT ( 'NONE',  ( 33.32232879672930892, 6.781541068937156247, 31.00000000000041567 ) ) ;
#8129 = CARTESIAN_POINT ( 'NONE',  ( -35.11047445097966602, -52.08988500393144250, 1.000000000000000222 ) ) ;
#8130 = CARTESIAN_POINT ( 'NONE',  ( -73.60725105401027690, 22.85089548932916514, 0.1899999999999999467 ) ) ;
#8131 = EDGE_LOOP ( 'NONE', ( #8647, #7406, #1513, #6353 ) ) ;
#8132 = DIRECTION ( 'NONE',  ( 0.000000000000000000, -0.4751656466791471800, 0.8798963622018151076 ) ) ;
#8133 = ORIENTED_EDGE ( 'NONE', *, *, #1312, .T. ) ;
#8134 = DIRECTION ( 'NONE',  ( 0.000000000000000000, -0.02844266007110470701, -0.9995954257038591750 ) ) ;
#8135 = ORIENTED_EDGE ( 'NONE', *, *, #6276, .F. ) ;
#8136 = DIRECTION ( 'NONE',  ( 0.000000000000000000, 0.4751656466791482347, -0.8798963622018146635 ) ) ;
#8137 = FACE_BOUND ( 'NONE', #9627, .T. ) ;
#8138 = CARTESIAN_POINT ( 'NONE',  ( 66.98472760900061473, 41.68202328451506133, 54.94838614137668742 ) ) ;
#8139 = CARTESIAN_POINT ( 'NONE',  ( 20.00000000000000711, 56.10835606121674601, 1.056727205701971428 ) ) ;
#8140 = CARTESIAN_POINT ( 'NONE',  ( 33.32232879672930892, 42.23833585967788196, 53.62321017853516025 ) ) ;
#8141 = ADVANCED_FACE ( 'NONE', ( #4120 ), #8571, .F. ) ;
#8142 = ORIENTED_EDGE ( 'NONE', *, *, #5784, .T. ) ;
#8143 = ORIENTED_EDGE ( 'NONE', *, *, #6564, .F. ) ;
#8144 = ORIENTED_EDGE ( 'NONE', *, *, #7615, .T. ) ;
#8145 = CARTESIAN_POINT ( 'NONE',  ( 33.32232879672930892, 6.781541068937156247, 46.00000000000041211 ) ) ;
#8146 = EDGE_CURVE ( 'NONE', #3554, #8284, #7970, .T. ) ;
#8147 = EDGE_CURVE ( 'NONE', #787, #2359, #1140, .T. ) ;
#8148 = CARTESIAN_POINT ( 'NONE',  ( 61.72334859148286768, -36.08783215855657289, 0.5707236612185561109 ) ) ;
#8149 = DIRECTION ( 'NONE',  ( -1.000000000000000000, -0.000000000000000000, -0.000000000000000000 ) ) ;
#8150 = LINE ( 'NONE', #3549, #8374 ) ;
#8151 = EDGE_CURVE ( 'NONE', #4925, #2894, #1839, .T. ) ;
#8152 = CARTESIAN_POINT ( 'NONE',  ( -80.00000000000000000, 1.662686369618629601E-15, 1.000000000000000000 ) ) ;
#8153 = CARTESIAN_POINT ( 'NONE',  ( 78.92816033625157957, -35.41408453873268769, 82.00000000000005684 ) ) ;
#8154 = B_SPLINE_SURFACE_WITH_KNOTS ( 'NONE', 3, 1, ( 
 ( #6488, #4917 ),
 ( #454, #3474 ),
 ( #315, #8724 ),
 ( #7793, #5658 ),
 ( #8629, #7935 ),
 ( #6296, #8586 ),
 ( #1152, #7139 ),
 ( #7041, #266 ),
 ( #2638, #8674 ),
 ( #4822, #1849 ),
 ( #1758, #1805 ),
 ( #5522, #1053 ),
 ( #1895, #4180 ),
 ( #4777, #7090 ),
 ( #7184, #1196 ),
 ( #3429, #3389 ),
 ( #9518, #9423 ),
 ( #1951, #5616 ),
 ( #3342, #7835 ),
 ( #7980, #368 ),
 ( #8532, #6434 ),
 ( #9466, #2688 ),
 ( #5709, #6345 ),
 ( #4081, #1009 ),
 ( #4968, #4033 ),
 ( #9381, #3293 ),
 ( #4868, #9328 ),
 ( #2552, #5573 ),
 ( #2599, #7882 ),
 ( #1102, #4134 ),
 ( #6639, #4323 ),
 ( #9671, #2141 ),
 ( #8076, #2932 ),
 ( #1293, #5855 ) ),
 .UNSPECIFIED., .F., .F., .F.,
 ( 4, 2, 2, 2, 2, 2, 2, 2, 2, 2, 2, 2, 2, 2, 2, 2, 4 ),
 ( 2, 2 ),
 ( 0.000000000000000000, 0.06249999999999997224, 0.1249999999999999445, 0.1874999999999999722, 0.2499999999999999445, 0.3125000000000000000, 0.3750000000000001110, 0.4375000000000001110, 0.5000000000000002220, 0.5625000000000002220, 0.6250000000000001110, 0.6875000000000001110, 0.7500000000000001110, 0.8125000000000001110, 0.8750000000000000000, 0.9375000000000000000, 1.000000000000000000 ),
 ( 0.000000000000000000, 1.000000000000000000 ),
 .UNSPECIFIED. ) ;
#8155 = ORIENTED_EDGE ( 'NONE', *, *, #3997, .T. ) ;
#8156 = ORIENTED_EDGE ( 'NONE', *, *, #7919, .F. ) ;
#8157 = ORIENTED_EDGE ( 'NONE', *, *, #6216, .F. ) ;
#8158 = CARTESIAN_POINT ( 'NONE',  ( 17.00000000000000000, 57.99809726907902530, 1.038260477640243096 ) ) ;
#8159 = EDGE_CURVE ( 'NONE', #6793, #3728, #7128, .T. ) ;
#8161 = ORIENTED_EDGE ( 'NONE', *, *, #7782, .T. ) ;
#8160 = CARTESIAN_POINT ( 'NONE',  ( 33.32232879672930892, 26.49716339940816567, 66.00000000000021316 ) ) ;
#8162 = LINE ( 'NONE', #7316, #3152 ) ;
#8163 = DIRECTION ( 'NONE',  ( 0.000000000000000000, 0.8798963622018144415, 0.4751656466791482902 ) ) ;
#8164 = CARTESIAN_POINT ( 'NONE',  ( 17.00000000000000000, 2.380278620270778855, 58.62321017853558658 ) ) ;
#8165 = CARTESIAN_POINT ( 'NONE',  ( 17.00000000000000000, -17.61988542917695355, 73.62321017853578553 ) ) ;
#8166 = EDGE_CURVE ( 'NONE', #9228, #2298, #2726, .T. ) ;
#8167 = DIRECTION ( 'NONE',  ( 0.000000000000000000, -0.8798963622018147746, -0.4751656466791476796 ) ) ;
#8168 = ORIENTED_EDGE ( 'NONE', *, *, #8326, .F. ) ;
#8169 = CARTESIAN_POINT ( 'NONE',  ( -87.47816465149374210, 22.76280901439927362, 82.00000000000002842 ) ) ;
#8170 = ORIENTED_EDGE ( 'NONE', *, *, #5752, .F. ) ;
#8171 = CARTESIAN_POINT ( 'NONE',  ( 17.00000000000000000, -8.959631391332559147, 13.37678982146545970 ) ) ;
#8172 = DIRECTION ( 'NONE',  ( 0.000000000000000000, -0.8798963622018144415, -0.4751656466791482902 ) ) ;
#8173 = CARTESIAN_POINT ( 'NONE',  ( -8.000000000000000000, 40.00000000000000711, 31.03860113793880160 ) ) ;
#8174 = DIRECTION ( 'NONE',  ( 0.000000000000000000, -0.4751656466791471800, 0.8798963622018151076 ) ) ;
#8175 = CARTESIAN_POINT ( 'NONE',  ( 62.91486692476198783, -35.26573305972048900, 1.000000000000000000 ) ) ;
#8176 = CARTESIAN_POINT ( 'NONE',  ( -59.10491506106581738, 38.47944766893822077, 1.069276824828731431 ) ) ;
#8177 = ORIENTED_EDGE ( 'NONE', *, *, #3131, .F. ) ;
#8178 = CARTESIAN_POINT ( 'NONE',  ( 33.32232879672930892, -37.62004947862467930, 43.62321017853599869 ) ) ;
#8179 = VECTOR ( 'NONE', #788, 999.9999999999998863 ) ;
#8180 = EDGE_LOOP ( 'NONE', ( #4769, #2186, #3252, #8005, #2820, #2669 ) ) ;
#8181 = CARTESIAN_POINT ( 'NONE',  ( -3.000000000000000000, 42.50000000000000000, 25.03860113793880160 ) ) ;
#8182 = ORIENTED_EDGE ( 'NONE', *, *, #2046, .F. ) ;
#8183 = CARTESIAN_POINT ( 'NONE',  ( 17.00000000000000000, -48.95995949022800886, 73.37678982146587714 ) ) ;
#8184 = FACE_BOUND ( 'NONE', #3833, .T. ) ;
#8185 = CARTESIAN_POINT ( 'NONE',  ( 61.66400571484457060, 36.20077222863200461, 0.5705974818845716001 ) ) ;
#8186 = CARTESIAN_POINT ( 'NONE',  ( 18.27030128230813588, 66.70319209594900656, 82.00000000000000000 ) ) ;
#8187 = CARTESIAN_POINT ( 'NONE',  ( 20.00000000000000000, -28.95979544078028312, 58.37678982146566398 ) ) ;
#8188 = AXIS2_PLACEMENT_3D ( 'NONE', #9515, #2737, #5756 ) ;
#8189 = ORIENTED_EDGE ( 'NONE', *, *, #5501, .F. ) ;
#8190 = EDGE_LOOP ( 'NONE', ( #2034, #928, #6159, #1178, #436, #4317 ) ) ;
#8191 = VERTEX_POINT ( 'NONE', #4170 ) ;
#8192 = CARTESIAN_POINT ( 'NONE',  ( 33.32232879672930892, 2.238007760782423361, 23.62321017853557947 ) ) ;
#8193 = ADVANCED_FACE ( 'NONE', ( #4906 ), #7871, .F. ) ;
#8194 = VECTOR ( 'NONE', #7026, 1000.000000000000114 ) ;
#8195 = CARTESIAN_POINT ( 'NONE',  ( 50.57174567313054325, -44.57452232452688889, 0.5589996809301196468 ) ) ;
#8196 = CARTESIAN_POINT ( 'NONE',  ( 20.00000000000000000, 46.49732744885589142, 51.00000000000000711 ) ) ;
#8197 = CARTESIAN_POINT ( 'NONE',  ( 33.32232879672930892, 45.00000000000000000, 6.922238168870616271 ) ) ;
#8198 = LINE ( 'NONE', #6763, #8381 ) ;
#8199 = CARTESIAN_POINT ( 'NONE',  ( 92.23796551234424612, -8.752026691028753191, 82.00000000000001421 ) ) ;
#8200 = VECTOR ( 'NONE', #577, 1000.000000000000114 ) ;
#8201 = EDGE_CURVE ( 'NONE', #5021, #9612, #7029, .T. ) ;
#8202 = ORIENTED_EDGE ( 'NONE', *, *, #2284, .F. ) ;
#8203 = VERTEX_POINT ( 'NONE', #254 ) ;
#8204 = EDGE_CURVE ( 'NONE', #2916, #8191, #3282, .T. ) ;
#8205 = VERTEX_POINT ( 'NONE', #5649 ) ;
#8206 = CARTESIAN_POINT ( 'NONE',  ( 20.00000000000000711, 56.10835606121674601, 1.043340044816265966 ) ) ;
#8207 =( GEOMETRIC_REPRESENTATION_CONTEXT ( 3 ) GLOBAL_UNCERTAINTY_ASSIGNED_CONTEXT ( ( #6170 ) ) GLOBAL_UNIT_ASSIGNED_CONTEXT ( ( #8107, #629, #1365 ) ) REPRESENTATION_CONTEXT ( 'NONE', 'WORKASPACE' ) );
#8209 = ORIENTED_EDGE ( 'NONE', *, *, #8268, .F. ) ;
#8208 = CARTESIAN_POINT ( 'NONE',  ( 20.00000000000000000, -9.101902250820922191, 68.37678982146546502 ) ) ;
#8210 = CARTESIAN_POINT ( 'NONE',  ( 17.00000000000000000, 42.38060671916623789, 58.62321017853516736 ) ) ;
#8211 = DIRECTION ( 'NONE',  ( 0.000000000000000000, 0.000000000000000000, 1.000000000000000000 ) ) ;
#8212 = CARTESIAN_POINT ( 'NONE',  ( 37.40559473826054671, 51.10905982109893841, 1.000000000000000222 ) ) ;
#8213 = DIRECTION ( 'NONE',  ( 0.000000000000000000, 0.8514537021307111431, -0.5244297790247101076 ) ) ;
#8214 = EDGE_CURVE ( 'NONE', #9101, #6723, #443, .T. ) ;
#8215 = LINE ( 'NONE', #1983, #7456 ) ;
#8216 = EDGE_CURVE ( 'NONE', #2223, #3976, #9508, .T. ) ;
#8217 = EDGE_CURVE ( 'NONE', #4886, #1616, #3420, .T. ) ;
#8218 = VECTOR ( 'NONE', #50, 1000.000000000000114 ) ;
#8219 = VECTOR ( 'NONE', #2984, 1000.000000000000114 ) ;
#8220 = ADVANCED_FACE ( 'NONE', ( #4070 ), #355, .F. ) ;
#8221 = ORIENTED_EDGE ( 'NONE', *, *, #698, .T. ) ;
#8222 = CARTESIAN_POINT ( 'NONE',  ( -70.04874713250929119, -44.04812003390033226, 82.00000000000002842 ) ) ;
#8223 = ORIENTED_EDGE ( 'NONE', *, *, #446, .T. ) ;
#8224 = CARTESIAN_POINT ( 'NONE',  ( 17.00000000000000000, -57.99843505709356606, 1.041300569779510354 ) ) ;
#8225 = AXIS2_PLACEMENT_3D ( 'NONE', #6854, #2353, #4676 ) ;
#8226 =( NAMED_UNIT ( * ) PLANE_ANGLE_UNIT ( ) SI_UNIT ( $, .RADIAN. ) );
#8227 = CARTESIAN_POINT ( 'NONE',  ( 20.00000000000000000, 6.496999349960439041, 51.00000000000041922 ) ) ;
#8228 = VECTOR ( 'NONE', #162, 1000.000000000000114 ) ;
#8229 = CYLINDRICAL_SURFACE ( 'NONE', #6194, 1.400000000000000133 ) ;
#8230 = CARTESIAN_POINT ( 'NONE',  ( -29.10616620345712846, 54.01395764606660066, 1.058215464817733764 ) ) ;
#8231 = AXIS2_PLACEMENT_3D ( 'NONE', #4914, #3338, #6390 ) ;
#8232 = EDGE_LOOP ( 'NONE', ( #3013, #8765, #7384, #708 ) ) ;
#8233 = CARTESIAN_POINT ( 'NONE',  ( 17.00000000000000000, -37.62004947862467930, 28.62321017853600225 ) ) ;
#8234 = VERTEX_POINT ( 'NONE', #8714 ) ;
#8235 = CARTESIAN_POINT ( 'NONE',  ( 33.32232879672930892, -29.10206630026864616, 68.37678982146566398 ) ) ;
#8236 = ORIENTED_EDGE ( 'NONE', *, *, #7549, .T. ) ;
#8237 = DIRECTION ( 'NONE',  ( -1.000000000000000000, -0.000000000000000000, -0.000000000000000000 ) ) ;
#8238 = LINE ( 'NONE', #9629, #595 ) ;
#8239 = CARTESIAN_POINT ( 'NONE',  ( 61.17261641913290049, 50.52002306828853051, 82.13018407405401433 ) ) ;
#8240 = AXIS2_PLACEMENT_3D ( 'NONE', #8371, #8423, #1649 ) ;
#8241 = CARTESIAN_POINT ( 'NONE',  ( 33.32232879672930892, -17.76215628866530949, 68.62321017853578553 ) ) ;
#8242 = CARTESIAN_POINT ( 'NONE',  ( 33.32232879672930892, -9.101902250820922191, 53.37678982146545792 ) ) ;
#8243 = VERTEX_POINT ( 'NONE', #4212 ) ;
#8244 = ORIENTED_EDGE ( 'NONE', *, *, #2645, .T. ) ;
#8245 = EDGE_LOOP ( 'NONE', ( #7080, #2002, #634, #4936 ) ) ;
#8246 = CARTESIAN_POINT ( 'NONE',  ( 20.00000000000005329, 66.44301703982486629, 81.00000000000000000 ) ) ;
#8247 = VECTOR ( 'NONE', #8213, 1000.000000000000114 ) ;
#8248 = CARTESIAN_POINT ( 'NONE',  ( 71.81353734593433558, -31.20900595331525196, 27.76898115631926700 ) ) ;
#8249 = LINE ( 'NONE', #9697, #1881 ) ;
#8250 = LINE ( 'NONE', #3706, #6155 ) ;
#8251 = EDGE_CURVE ( 'NONE', #791, #1830, #7216, .T. ) ;
#8252 = CARTESIAN_POINT ( 'NONE',  ( 17.00000000000000000, 50.89858989752226393, 38.37678982146483264 ) ) ;
#8253 = DIRECTION ( 'NONE',  ( 0.000000000000000000, 0.02844266007110327760, 0.9995954257038591750 ) ) ;
#8254 = AXIS2_PLACEMENT_3D ( 'NONE', #304, #998, #6332 ) ;
#8255 = AXIS2_PLACEMENT_3D ( 'NONE', #5315, #1796, #398 ) ;
#8256 = EDGE_LOOP ( 'NONE', ( #753, #7673, #7465, #4815 ) ) ;
#8257 = ORIENTED_EDGE ( 'NONE', *, *, #2528, .F. ) ;
#8258 = EDGE_LOOP ( 'NONE', ( #2847, #9623, #8813, #5965, #2430, #8975 ) ) ;
#8259 = CARTESIAN_POINT ( 'NONE',  ( -35.72752617644336226, 61.95300028901073119, 81.99999999999998579 ) ) ;
#8260 = VECTOR ( 'NONE', #5499, 1000.000000000000114 ) ;
#8262 = ORIENTED_EDGE ( 'NONE', *, *, #5253, .T. ) ;
#8261 = CARTESIAN_POINT ( 'NONE',  ( -77.90095527858004232, 9.682474063557407362, 1.084509872110396289 ) ) ;
#8263 = LINE ( 'NONE', #4554, #8832 ) ;
#8264 = DIRECTION ( 'NONE',  ( 0.000000000000000000, -0.8798963622018151076, -0.4751656466791471800 ) ) ;
#8265 = LINE ( 'NONE', #8362, #4742 ) ;
#8266 = LINE ( 'NONE', #1534, #661 ) ;
#8267 = CARTESIAN_POINT ( 'NONE',  ( 20.00000000000000000, 6.781541068937156247, 61.00000000000041211 ) ) ;
#8268 = EDGE_CURVE ( 'NONE', #9387, #9667, #2537, .T. ) ;
#8269 = ORIENTED_EDGE ( 'NONE', *, *, #7601, .F. ) ;
#8270 = DIRECTION ( 'NONE',  ( -1.000000000000000000, -0.000000000000000000, -0.000000000000000000 ) ) ;
#8271 = VERTEX_POINT ( 'NONE', #8761 ) ;
#8272 = DIRECTION ( 'NONE',  ( 0.000000000000000000, -0.8514537021307106990, 0.5244297790247106628 ) ) ;
#8273 = EDGE_CURVE ( 'NONE', #3040, #665, #7319, .T. ) ;
#8274 = EDGE_CURVE ( 'NONE', #6710, #1721, #2825, .T. ) ;
#8275 = CARTESIAN_POINT ( 'NONE',  ( -33.47867404054297680, -55.85826733032450875, 27.73695595642666945 ) ) ;
#8276 = PLANE ( 'NONE',  #2072 ) ;
#8277 = DIRECTION ( 'NONE',  ( 0.000000000000000000, 0.000000000000000000, 1.000000000000000000 ) ) ;
#8278 = CARTESIAN_POINT ( 'NONE',  ( -37.14927432461432488, 51.18657436924441839, 1.060239971471088172 ) ) ;
#8279 = EDGE_CURVE ( 'NONE', #4110, #5754, #8215, .T. ) ;
#8280 = ORIENTED_EDGE ( 'NONE', *, *, #4961, .T. ) ;
#8281 = CARTESIAN_POINT ( 'NONE',  ( 17.00000000000000000, 6.496999349960439041, 66.00000000000042633 ) ) ;
#8282 = ORIENTED_EDGE ( 'NONE', *, *, #1376, .F. ) ;
#8283 = CARTESIAN_POINT ( 'NONE',  ( 20.00000000000000000, -53.50349279838274441, 36.00000000000104450 ) ) ;
#8284 = VERTEX_POINT ( 'NONE', #5002 ) ;
#8285 = CARTESIAN_POINT ( 'NONE',  ( -3.000000000000000000, -34.50000000000011369, 11.04061919046182894 ) ) ;
#8286 = CARTESIAN_POINT ( 'NONE',  ( 17.00000000000000000, 0.000000000000000000, 0.000000000000000000 ) ) ;
#8287 = CARTESIAN_POINT ( 'NONE',  ( -3.000000000000000000, -34.50000000000007816, 17.44061919046182751 ) ) ;
#8288 = LINE ( 'NONE', #3738, #4460 ) ;
#8289 = CARTESIAN_POINT ( 'NONE',  ( 23.84372920590852374, 55.23146427819703064, 0.5438867399484940135 ) ) ;
#8290 = CARTESIAN_POINT ( 'NONE',  ( 54.50552927530516456, 41.97744559059910330, 1.066829822205445755 ) ) ;
#8291 = CARTESIAN_POINT ( 'NONE',  ( 17.00000000000000000, 30.89842584807453818, 8.376789821465044028 ) ) ;
#8292 = ORIENTED_EDGE ( 'NONE', *, *, #6765, .F. ) ;
#8293 = ORIENTED_EDGE ( 'NONE', *, *, #4890, .F. ) ;
#8294 = ORIENTED_EDGE ( 'NONE', *, *, #9253, .F. ) ;
#8295 = LINE ( 'NONE', #6555, #1992 ) ;
#8296 = EDGE_CURVE ( 'NONE', #2146, #4008, #3564, .T. ) ;
#8297 = CARTESIAN_POINT ( 'NONE',  ( 72.16642339356738489, -23.43078008134396129, 0.5862418415884275147 ) ) ;
#8298 = LINE ( 'NONE', #9791, #6141 ) ;
#8299 = LINE ( 'NONE', #2957, #8683 ) ;
#8300 = CARTESIAN_POINT ( 'NONE',  ( -94.00000000000000000, 2.270200223097281350E-15, 82.00000000000000000 ) ) ;
#8301 = CARTESIAN_POINT ( 'NONE',  ( 17.00000000000000000, 50.89858989752226393, 53.37678982146483264 ) ) ;
#8302 = VERTEX_POINT ( 'NONE', #2927 ) ;
#8303 = VERTEX_POINT ( 'NONE', #2878 ) ;
#8304 = CARTESIAN_POINT ( 'NONE',  ( 20.00000000000000000, -48.95995949022800886, 13.37678982146587714 ) ) ;
#8305 = VECTOR ( 'NONE', #6869, 1000.000000000000000 ) ;
#8306 = EDGE_LOOP ( 'NONE', ( #3299, #4670, #8156, #9239, #6398 ) ) ;
#8307 = CARTESIAN_POINT ( 'NONE',  ( 20.00000000000000000, -13.21862298051057394, 46.00000000000062528 ) ) ;
#8309 = ORIENTED_EDGE ( 'NONE', *, *, #8752, .T. ) ;
#8308 = FACE_BOUND ( 'NONE', #6112, .T. ) ;
#8310 = FACE_OUTER_BOUND ( 'NONE', #3078, .T. ) ;
#8311 = CARTESIAN_POINT ( 'NONE',  ( 20.00000000000000000, 31.04069670756290122, 28.37678982146504225 ) ) ;
#8312 = CARTESIAN_POINT ( 'NONE',  ( 17.00000000000000000, 11.04053265811517193, 43.37678982146525186 ) ) ;
#8313 = PLANE ( 'NONE',  #4927 ) ;
#8314 = CARTESIAN_POINT ( 'NONE',  ( -8.000000000000000000, -34.50000000000014921, 6.040619190461827159 ) ) ;
#8315 = AXIS2_PLACEMENT_3D ( 'NONE', #5624, #4831, #7146 ) ;
#8316 = EDGE_LOOP ( 'NONE', ( #6068, #8692, #9104, #6211, #9800, #2805 ) ) ;
#8317 = LINE ( 'NONE', #1538, #2181 ) ;
#8318 = ADVANCED_FACE ( 'NONE', ( #5844 ), #2180, .F. ) ;
#8319 = ORIENTED_EDGE ( 'NONE', *, *, #8514, .T. ) ;
#8320 = CARTESIAN_POINT ( 'NONE',  ( -3.000000000000000000, -34.50000000000004263, 21.04061919046182538 ) ) ;
#8321 = CARTESIAN_POINT ( 'NONE',  ( -15.90866415369185027, -59.94310093897556158, 27.73152640868911689 ) ) ;
#8322 = CARTESIAN_POINT ( 'NONE',  ( 33.32232879672930892, -48.95995949022800886, 73.37678982146587714 ) ) ;
#8323 = DIRECTION ( 'NONE',  ( 0.000000000000000000, 0.02844266007110327760, 0.9995954257038591750 ) ) ;
#8324 = CARTESIAN_POINT ( 'NONE',  ( -43.00584022870194190, 48.67248509571942350, 1.062043801308681035 ) ) ;
#8325 = EDGE_CURVE ( 'NONE', #8718, #2144, #2972, .T. ) ;
#8326 = EDGE_CURVE ( 'NONE', #1748, #280, #4361, .T. ) ;
#8327 = ORIENTED_EDGE ( 'NONE', *, *, #5392, .T. ) ;
#8328 = LINE ( 'NONE', #2987, #6669 ) ;
#8329 = ORIENTED_EDGE ( 'NONE', *, *, #654, .F. ) ;
#8330 = CARTESIAN_POINT ( 'NONE',  ( 33.32232879672930892, -37.62004947862467930, 13.62321017853600047 ) ) ;
#8331 = EDGE_CURVE ( 'NONE', #6806, #5832, #9605, .T. ) ;
#8332 = ORIENTED_EDGE ( 'NONE', *, *, #4046, .F. ) ;
#8333 = CARTESIAN_POINT ( 'NONE',  ( 17.00000000000000000, -28.95979544078028312, 43.37678982146566398 ) ) ;
#8334 = PLANE ( 'NONE',  #1560 ) ;
#8335 = CARTESIAN_POINT ( 'NONE',  ( 33.32232879672930892, 11.04053265811517193, 43.37678982146525186 ) ) ;
#8336 = DIRECTION ( 'NONE',  ( 0.000000000000000000, -0.02844266007110329494, -0.9995954257038591750 ) ) ;
#8337 = CARTESIAN_POINT ( 'NONE',  ( -94.00000000000000000, 2.270200223097281350E-15, 81.00000000000000000 ) ) ;
#8338 = CARTESIAN_POINT ( 'NONE',  ( -78.95546378703554069, -2.250706179567584897, 1.000000000000000000 ) ) ;
#8339 = FACE_OUTER_BOUND ( 'NONE', #4152, .T. ) ;
#8340 = VECTOR ( 'NONE', #1205, 1000.000000000000000 ) ;
#8341 = ADVANCED_FACE ( 'NONE', ( #5898 ), #594, .F. ) ;
#8342 = EDGE_LOOP ( 'NONE', ( #8170, #7501 ) ) ;
#8343 = VERTEX_POINT ( 'NONE', #5106 ) ;
#8344 = VERTEX_POINT ( 'NONE', #4410 ) ;
#8345 = CARTESIAN_POINT ( 'NONE',  ( 17.00000000000000000, -13.50316469948729292, 6.000000000000627054 ) ) ;
#8346 = EDGE_CURVE ( 'NONE', #4063, #74, #645, .T. ) ;
#8347 = CARTESIAN_POINT ( 'NONE',  ( 77.16085022146280892, -12.42644002094855260, 0.5960064164723346547 ) ) ;
#8348 = VECTOR ( 'NONE', #8172, 1000.000000000000114 ) ;
#8349 = DIRECTION ( 'NONE',  ( -0.000000000000000000, 0.5244297790247111068, 0.8514537021307104769 ) ) ;
#8350 = CARTESIAN_POINT ( 'NONE',  ( 20.00000000000000000, 31.04069670756290122, 13.37678982146504403 ) ) ;
#8351 = VECTOR ( 'NONE', #9389, 1000.000000000000114 ) ;
#8352 = LINE ( 'NONE', #6909, #2096 ) ;
#8353 = ORIENTED_EDGE ( 'NONE', *, *, #1865, .F. ) ;
#8354 = VECTOR ( 'NONE', #7775, 1000.000000000000000 ) ;
#8355 = EDGE_LOOP ( 'NONE', ( #3011, #6866, #9237, #2949, #8999, #9040 ) ) ;
#8356 = LINE ( 'NONE', #9401, #1192 ) ;
#8357 = LINE ( 'NONE', #84, #6284 ) ;
#8359 = EDGE_LOOP ( 'NONE', ( #551, #2062, #721, #8294, #2797, #5123 ) ) ;
#8358 = CARTESIAN_POINT ( 'NONE',  ( 20.00000000000000711, -56.10835606121674601, 1.043340044816265966 ) ) ;
#8360 = FACE_BOUND ( 'NONE', #8952, .T. ) ;
#8361 = DIRECTION ( 'NONE',  ( 0.000000000000000000, -0.02844266007110470701, -0.9995954257038591750 ) ) ;
#8362 = CARTESIAN_POINT ( 'NONE',  ( 20.00000000000000000, -37.62004947862467930, 73.62321017853599869 ) ) ;
#8363 = VECTOR ( 'NONE', #4470, 1000.000000000000114 ) ;
#8364 = LINE ( 'NONE', #90, #8888 ) ;
#8365 = VECTOR ( 'NONE', #8961, 1000.000000000000000 ) ;
#8366 = ORIENTED_EDGE ( 'NONE', *, *, #9584, .T. ) ;
#8367 = CARTESIAN_POINT ( 'NONE',  ( -3.000000000000000000, 42.49999999999993605, 13.63860113793879947 ) ) ;
#8368 = ORIENTED_EDGE ( 'NONE', *, *, #3375, .T. ) ;
#8369 = DIRECTION ( 'NONE',  ( 0.000000000000000000, -0.8798963622018148856, -0.4751656466791474576 ) ) ;
#8370 = CARTESIAN_POINT ( 'NONE',  ( -43.07129659665279320, -48.54182564564987956, 0.5533659528618151136 ) ) ;
#8371 = CARTESIAN_POINT ( 'NONE',  ( -3.000000000000000000, -34.50000000000007816, 16.04061919046182538 ) ) ;
#8372 = CARTESIAN_POINT ( 'NONE',  ( 17.00000000000000000, -49.10223034971637190, 8.376789821465877139 ) ) ;
#8373 = CARTESIAN_POINT ( 'NONE',  ( -78.39600034736398015, -7.182200301818366661, 1.085077996813035739 ) ) ;
#8374 = VECTOR ( 'NONE', #483, 1000.000000000000114 ) ;
#8375 = EDGE_CURVE ( 'NONE', #6720, #2829, #6627, .T. ) ;
#8376 = B_SPLINE_CURVE_WITH_KNOTS ( 'NONE', 3,
 ( #9730, #8087, #8933, #5958, #5220, #2150, #5125, #8980, #3634, #2849 ),
 .UNSPECIFIED., .F., .F.,
 ( 4, 3, 3, 4 ),
 ( 4.156123552156889260E-05, 0.02227599278861564641, 0.04455198543499498676, 0.05694636259514053445 ),
 .UNSPECIFIED. ) ;
#8377 = ORIENTED_EDGE ( 'NONE', *, *, #9361, .F. ) ;
#8378 = DIRECTION ( 'NONE',  ( -1.000000000000000000, 0.000000000000000000, 0.000000000000000000 ) ) ;
#8379 = ORIENTED_EDGE ( 'NONE', *, *, #1938, .F. ) ;
#8380 = LINE ( 'NONE', #6058, #303 ) ;
#8381 = VECTOR ( 'NONE', #2214, 1000.000000000000000 ) ;
#8382 = VERTEX_POINT ( 'NONE', #9660 ) ;
#8383 = LINE ( 'NONE', #9179, #1424 ) ;
#8384 = DIRECTION ( 'NONE',  ( 0.000000000000000000, 0.000000000000000000, 1.000000000000000000 ) ) ;
#8385 = CARTESIAN_POINT ( 'NONE',  ( 17.00000000000000000, 46.49732744885589142, 51.00000000000000711 ) ) ;
#8386 = CARTESIAN_POINT ( 'NONE',  ( 20.00000000000000000, 26.49716339940816212, 21.00000000000020961 ) ) ;
#8387 = CARTESIAN_POINT ( 'NONE',  ( 17.00000000000000000, 6.496999349960439041, 36.00000000000041922 ) ) ;
#8388 = DIRECTION ( 'NONE',  ( 0.000000000000000000, 0.000000000000000000, 1.000000000000000000 ) ) ;
#8389 = DIRECTION ( 'NONE',  ( -0.000000000000000000, -0.8514537021307111431, 0.5244297790247101076 ) ) ;
#8390 = VECTOR ( 'NONE', #3385, 1000.000000000000114 ) ;
#8391 = EDGE_CURVE ( 'NONE', #5766, #1616, #5154, .T. ) ;
#8392 = ORIENTED_EDGE ( 'NONE', *, *, #7721, .F. ) ;
#8393 = ORIENTED_EDGE ( 'NONE', *, *, #2331, .T. ) ;
#8394 = VERTEX_POINT ( 'NONE', #4259 ) ;
#8395 = LINE ( 'NONE', #9240, #1520 ) ;
#8396 = AXIS2_PLACEMENT_3D ( 'NONE', #2790, #3725, #5759 ) ;
#8397 = CARTESIAN_POINT ( 'NONE',  ( 72.46672473031209449, -22.92780123161974970, 0.5867780230596859603 ) ) ;
#8398 = CARTESIAN_POINT ( 'NONE',  ( -86.23087109889205237, 13.80762834206000100, 54.97594144937967542 ) ) ;
#8399 = EDGE_CURVE ( 'NONE', #3523, #7853, #5944, .T. ) ;
#8400 = EDGE_CURVE ( 'NONE', #6695, #4329, #8963, .T. ) ;
#8401 = CARTESIAN_POINT ( 'NONE',  ( -2.639866416178332287, 57.95012285199020852, 0.5462456474656387506 ) ) ;
#8402 = PLANE ( 'NONE',  #6674 ) ;
#8403 = ADVANCED_FACE ( 'NONE', ( #1434 ), #4462, .F. ) ;
#8404 = VECTOR ( 'NONE', #3258, 1000.000000000000000 ) ;
#8405 = EDGE_LOOP ( 'NONE', ( #3468, #8056, #4659, #8368, #2975, #2000, #4553, #7222, #6427 ) ) ;
#8406 = VECTOR ( 'NONE', #864, 1000.000000000000114 ) ;
#8407 = ORIENTED_EDGE ( 'NONE', *, *, #4771, .F. ) ;
#8408 = DIRECTION ( 'NONE',  ( 0.000000000000000000, -0.8514537021307111431, 0.5244297790247101076 ) ) ;
#8409 = DIRECTION ( 'NONE',  ( -1.000000000000000000, -0.000000000000000000, -0.000000000000000000 ) ) ;
#8411 = ORIENTED_EDGE ( 'NONE', *, *, #9470, .F. ) ;
#8410 = DIRECTION ( 'NONE',  ( 0.000000000000000000, 0.9999999996565578364, -2.620847431606588592E-05 ) ) ;
#8412 = FACE_BOUND ( 'NONE', #8180, .T. ) ;
#8413 = CARTESIAN_POINT ( 'NONE',  ( -8.000000000000000000, 42.50000000000000000, 26.43860113793879663 ) ) ;
#8414 = EDGE_CURVE ( 'NONE', #4165, #1237, #497, .T. ) ;
#8415 = CARTESIAN_POINT ( 'NONE',  ( 20.00000000000000000, -53.50349279838276573, 21.00000000000104095 ) ) ;
#8416 = CARTESIAN_POINT ( 'NONE',  ( 17.00000000000000000, -32.00000000000000000, 1.040619190461824717 ) ) ;
#8417 = VECTOR ( 'NONE', #9806, 1000.000000000000000 ) ;
#8418 = ORIENTED_EDGE ( 'NONE', *, *, #4999, .T. ) ;
#8419 = DIRECTION ( 'NONE',  ( 0.000000000000000000, -1.000000000000000000, 1.561251128379127371E-15 ) ) ;
#8420 = EDGE_LOOP ( 'NONE', ( #3807, #4743, #3080, #7918 ) ) ;
#8421 = CARTESIAN_POINT ( 'NONE',  ( 17.00000000000000000, -33.50332874893501867, 6.000000000000835776 ) ) ;
#8422 = CARTESIAN_POINT ( 'NONE',  ( -22.69479394974827713, -64.97866159848123857, 82.11282220510734930 ) ) ;
#8423 = DIRECTION ( 'NONE',  ( -1.000000000000000000, 0.000000000000000000, 0.000000000000000000 ) ) ;
#8424 = AXIS2_PLACEMENT_3D ( 'NONE', #4606, #1033, #4059 ) ;
#8425 = LINE ( 'NONE', #6788, #3356 ) ;
#8426 = LINE ( 'NONE', #3236, #6006 ) ;
#8427 = ORIENTED_EDGE ( 'NONE', *, *, #8535, .F. ) ;
#8428 = LINE ( 'NONE', #1451, #8568 ) ;
#8429 = ORIENTED_EDGE ( 'NONE', *, *, #7002, .T. ) ;
#8430 = DIRECTION ( 'NONE',  ( 0.000000000000000000, 0.8514537021307109210, -0.5244297790247105517 ) ) ;
#8431 = EDGE_LOOP ( 'NONE', ( #33, #6455, #5174, #9155 ) ) ;
#8432 = DIRECTION ( 'NONE',  ( -1.000000000000000000, -0.000000000000000000, -0.000000000000000000 ) ) ;
#8433 = CARTESIAN_POINT ( 'NONE',  ( -3.000000000000000000, -34.50000000000014921, 6.040619190461827159 ) ) ;
#8434 = DIRECTION ( 'NONE',  ( 0.000000000000000000, 0.8798963622018151076, 0.4751656466791471800 ) ) ;
#8435 = DIRECTION ( 'NONE',  ( -1.000000000000000000, -0.000000000000000000, -0.000000000000000000 ) ) ;
#8436 = CARTESIAN_POINT ( 'NONE',  ( 16.22264413501494218, 59.80409671010473716, 27.73171972893347714 ) ) ;
#8437 = CARTESIAN_POINT ( 'NONE',  ( -58.75677049693550913, -38.80113656019184987, 1.000000000000000222 ) ) ;
#8438 = LINE ( 'NONE', #3937, #2540 ) ;
#8439 = VERTEX_POINT ( 'NONE', #8806 ) ;
#8440 = ORIENTED_EDGE ( 'NONE', *, *, #5304, .F. ) ;
#8441 = ORIENTED_EDGE ( 'NONE', *, *, #2364, .T. ) ;
#8442 = DIRECTION ( 'NONE',  ( 0.000000000000000000, 0.8514537021307104769, -0.5244297790247111068 ) ) ;
#8443 = CARTESIAN_POINT ( 'NONE',  ( 91.65478756433135743, -11.40650960263881686, 82.16761977965379060 ) ) ;
#8444 = EDGE_CURVE ( 'NONE', #2226, #1409, #1535, .T. ) ;
#8445 = CARTESIAN_POINT ( 'NONE',  ( -93.03694925488410661, -2.076490041193365776, 82.17035955319835239 ) ) ;
#8446 = CARTESIAN_POINT ( 'NONE',  ( -45.14820908117738441, 58.57454744947379055, 82.12047852625377686 ) ) ;
#8447 = DIRECTION ( 'NONE',  ( -1.000000000000000000, -0.000000000000000000, -0.000000000000000000 ) ) ;
#8448 = VERTEX_POINT ( 'NONE', #5991 ) ;
#8449 = EDGE_CURVE ( 'NONE', #758, #8344, #45, .T. ) ;
#8450 = ORIENTED_EDGE ( 'NONE', *, *, #3495, .F. ) ;
#8451 = CARTESIAN_POINT ( 'NONE',  ( 17.00000000000000000, 6.496999349960439041, 36.00000000000041922 ) ) ;
#8452 = EDGE_CURVE ( 'NONE', #6188, #599, #933, .T. ) ;
#8453 = CARTESIAN_POINT ( 'NONE',  ( 33.32232879672930892, 22.23817181023015266, 68.62321017853537342 ) ) ;
#8455 = EDGE_LOOP ( 'NONE', ( #2311, #5715, #7510, #9528 ) ) ;
#8454 = DIRECTION ( 'NONE',  ( -0.000000000000000000, 0.5244297790247095525, 0.8514537021307114761 ) ) ;
#8456 = ADVANCED_FACE ( 'NONE', ( #9810 ), #796, .T. ) ;
#8457 = FACE_BOUND ( 'NONE', #5688, .T. ) ;
#8458 = CARTESIAN_POINT ( 'NONE',  ( 20.00000000000000000, 2.380278620270778855, 58.62321017853558658 ) ) ;
#8459 = CARTESIAN_POINT ( 'NONE',  ( -68.31745985902334439, 29.17852477845240955, 1.000000000000000222 ) ) ;
#8460 = CARTESIAN_POINT ( 'NONE',  ( 17.00000000000000000, -48.95995949022800886, 28.37678982146587359 ) ) ;
#8461 = ADVANCED_FACE ( 'NONE', ( #9112 ), #741, .F. ) ;
#8462 = VERTEX_POINT ( 'NONE', #8267 ) ;
#8463 = LINE ( 'NONE', #6783, #5332 ) ;
#8464 = VERTEX_POINT ( 'NONE', #5252 ) ;
#8465 = EDGE_CURVE ( 'NONE', #2091, #1384, #6877, .T. ) ;
#8466 = DIRECTION ( 'NONE',  ( 0.000000000000000000, 0.8514537021307109210, -0.5244297790247105517 ) ) ;
#8467 = CARTESIAN_POINT ( 'NONE',  ( 6.798938268661088635, -63.79485391866629129, 54.92054247881025475 ) ) ;
#8468 = LINE ( 'NONE', #3328, #7125 ) ;
#8469 = VECTOR ( 'NONE', #131, 1000.000000000000000 ) ;
#8470 = DIRECTION ( 'NONE',  ( 0.000000000000000000, 0.4751656466791477906, -0.8798963622018148856 ) ) ;
#8471 = CARTESIAN_POINT ( 'NONE',  ( -64.99613877238228099, -32.97318399503866715, 1.073014954466667614 ) ) ;
#8472 = ORIENTED_EDGE ( 'NONE', *, *, #4762, .T. ) ;
#8473 = LINE ( 'NONE', #1045, #1940 ) ;
#8474 = EDGE_LOOP ( 'NONE', ( #1545, #6904, #8157, #4218, #742, #1327 ) ) ;
#8475 = DIRECTION ( 'NONE',  ( 0.000000000000000000, 0.8514537021307106990, -0.5244297790247107738 ) ) ;
#8476 = ORIENTED_EDGE ( 'NONE', *, *, #1309, .T. ) ;
#8477 = CARTESIAN_POINT ( 'NONE',  ( 17.00000000000000000, 42.23833585967788196, 8.623210178535167358 ) ) ;
#8478 = LINE ( 'NONE', #5519, #8823 ) ;
#8479 = LINE ( 'NONE', #9033, #4912 ) ;
#8480 = CARTESIAN_POINT ( 'NONE',  ( -135.8003321380219006, -85.87448793804520619, 1.000000000000000000 ) ) ;
#8481 = DIRECTION ( 'NONE',  ( -1.000000000000000000, -0.000000000000000000, -0.000000000000000000 ) ) ;
#8482 = DIRECTION ( 'NONE',  ( -1.000000000000000000, -0.000000000000000000, -0.000000000000000000 ) ) ;
#8483 = DIRECTION ( 'NONE',  ( 0.000000000000000000, 0.000000000000000000, 1.000000000000000000 ) ) ;
#8484 = ORIENTED_EDGE ( 'NONE', *, *, #5784, .F. ) ;
#8485 = EDGE_LOOP ( 'NONE', ( #3618, #8116, #373, #7386 ) ) ;
#8486 = EDGE_LOOP ( 'NONE', ( #4537, #676, #625, #392 ) ) ;
#8487 = PLANE ( 'NONE',  #8785 ) ;
#8488 = VERTEX_POINT ( 'NONE', #4699 ) ;
#8489 = CARTESIAN_POINT ( 'NONE',  ( 72.89796037337301016, -22.17940085679476070, 0.5875596119367511028 ) ) ;
#8490 = CARTESIAN_POINT ( 'NONE',  ( -77.61336811464369134, 10.64265074031867719, 0.5969824371201387647 ) ) ;
#8491 = DIRECTION ( 'NONE',  ( 0.000000000000000000, 0.9995954257038592861, -0.02844266007110471048 ) ) ;
#8492 = CARTESIAN_POINT ( 'NONE',  ( -12.41617503370018305, 63.39044709773042285, 54.92311290676018132 ) ) ;
#8493 = FACE_OUTER_BOUND ( 'NONE', #8232, .T. ) ;
#8494 = VERTEX_POINT ( 'NONE', #7667 ) ;
#8495 = EDGE_CURVE ( 'NONE', #1324, #2183, #3123, .T. ) ;
#8496 = ORIENTED_EDGE ( 'NONE', *, *, #6761, .T. ) ;
#8497 = DIRECTION ( 'NONE',  ( -1.000000000000000000, 0.000000000000000000, 0.000000000000000000 ) ) ;
#8498 = VECTOR ( 'NONE', #6571, 1000.000000000000227 ) ;
#8499 = DIRECTION ( 'NONE',  ( 0.000000000000000000, 0.4751656466791477906, -0.8798963622018148856 ) ) ;
#8500 = CIRCLE ( 'NONE', #3768, 1.400000000000074740 ) ;
#8501 = CARTESIAN_POINT ( 'NONE',  ( 17.00000000000000000, -57.99843505709356606, 1.041300569779510354 ) ) ;
#8502 = CARTESIAN_POINT ( 'NONE',  ( -80.00000000000000000, 1.662686369618629601E-15, 1.000000000000000000 ) ) ;
#8503 = CARTESIAN_POINT ( 'NONE',  ( 80.00000000000000000, -8.888102484588013203E-15, 1.000000000000000000 ) ) ;
#8504 = CARTESIAN_POINT ( 'NONE',  ( -75.33542870473665687, 17.57942723985219757, 1.000000000000000000 ) ) ;
#8505 = CARTESIAN_POINT ( 'NONE',  ( 17.00000000000001421, 59.72961160320488716, 28.03581020824976733 ) ) ;
#8506 = EDGE_CURVE ( 'NONE', #3176, #1324, #3766, .T. ) ;
#8507 = VECTOR ( 'NONE', #1238, 1000.000000000000000 ) ;
#8508 = EDGE_CURVE ( 'NONE', #5256, #5334, #1485, .T. ) ;
#8509 = ORIENTED_EDGE ( 'NONE', *, *, #2590, .T. ) ;
#8510 = CARTESIAN_POINT ( 'NONE',  ( 20.00000000000000000, -48.95995949022800886, 73.37678982146587714 ) ) ;
#8511 = VECTOR ( 'NONE', #939, 1000.000000000000227 ) ;
#8512 = ORIENTED_EDGE ( 'NONE', *, *, #2593, .F. ) ;
#8513 = LINE ( 'NONE', #5602, #8354 ) ;
#8514 = EDGE_CURVE ( 'NONE', #5176, #4695, #3961, .T. ) ;
#8515 = DIRECTION ( 'NONE',  ( 0.000000000000000000, -0.8798963622018145525, -0.4751656466791481792 ) ) ;
#8516 = DIRECTION ( 'NONE',  ( -1.000000000000000000, 0.000000000000000000, 0.000000000000000000 ) ) ;
#8517 = EDGE_CURVE ( 'NONE', #1087, #8271, #9068, .T. ) ;
#8518 = DIRECTION ( 'NONE',  ( 0.000000000000000000, 0.000000000000000000, 1.000000000000000000 ) ) ;
#8519 = EDGE_CURVE ( 'NONE', #5902, #5017, #6972, .T. ) ;
#8520 = CARTESIAN_POINT ( 'NONE',  ( 17.00000000000000000, 6.496999349960439041, 21.00000000000041922 ) ) ;
#8521 = VECTOR ( 'NONE', #2027, 1000.000000000000114 ) ;
#8522 = EDGE_CURVE ( 'NONE', #6542, #9274, #5426, .T. ) ;
#8523 = VERTEX_POINT ( 'NONE', #5352 ) ;
#8524 = CARTESIAN_POINT ( 'NONE',  ( 20.00000000000000000, 46.78186916783261040, 61.00000000000000000 ) ) ;
#8525 = ORIENTED_EDGE ( 'NONE', *, *, #8217, .T. ) ;
#8526 = DIRECTION ( 'NONE',  ( 0.000000000000000000, -0.8798963622018151076, -0.4751656466791471800 ) ) ;
#8527 = ORIENTED_EDGE ( 'NONE', *, *, #6331, .F. ) ;
#8528 = DIRECTION ( 'NONE',  ( 0.000000000000000000, -0.5244297790247101076, -0.8514537021307111431 ) ) ;
#8529 = CARTESIAN_POINT ( 'NONE',  ( 33.32232879672930892, 31.04069670756290122, 58.37678982146503870 ) ) ;
#8530 = PLANE ( 'NONE',  #3969 ) ;
#8531 = LINE ( 'NONE', #6344, #1128 ) ;
#8532 = CARTESIAN_POINT ( 'NONE',  ( -25.53456545261073174, 55.01515764580624079, 1.086298991543278580 ) ) ;
#8533 = MECHANICAL_DESIGN_GEOMETRIC_PRESENTATION_REPRESENTATION (  '', ( #7255 ), #8207 ) ;
#8534 = CARTESIAN_POINT ( 'NONE',  ( -35.29907541537365034, -51.99941503335013948, 1.000000000000000000 ) ) ;
#8535 = EDGE_CURVE ( 'NONE', #7572, #6442, #8364, .T. ) ;
#8536 = DIRECTION ( 'NONE',  ( 0.000000000000000000, 0.8514537021307104769, -0.5244297790247111068 ) ) ;
#8537 = ORIENTED_EDGE ( 'NONE', *, *, #2418, .F. ) ;
#8538 = ORIENTED_EDGE ( 'NONE', *, *, #9532, .F. ) ;
#8539 = VECTOR ( 'NONE', #4919, 1000.000000000000000 ) ;
#8540 = ORIENTED_EDGE ( 'NONE', *, *, #4592, .T. ) ;
#8541 = DIRECTION ( 'NONE',  ( 0.000000000000000000, -0.02844266007110470701, -0.9995954257038591750 ) ) ;
#8542 = VERTEX_POINT ( 'NONE', #4608 ) ;
#8543 = CARTESIAN_POINT ( 'NONE',  ( 88.83616986751229661, -19.84303572186730236, 82.16244285789707646 ) ) ;
#8544 = CARTESIAN_POINT ( 'NONE',  ( -92.98776295713388151, 3.008688007286223431, 82.17026038099142227 ) ) ;
#8545 = VECTOR ( 'NONE', #1801, 1000.000000000000114 ) ;
#8546 = DIRECTION ( 'NONE',  ( -1.000000000000000000, -0.000000000000000000, -0.000000000000000000 ) ) ;
#8547 = CARTESIAN_POINT ( 'NONE',  ( -21.86259089575578685, 55.70682260710155731, 0.5493987560828073047 ) ) ;
#8548 = CARTESIAN_POINT ( 'NONE',  ( 80.00000000000000000, -8.888102484588013203E-15, 0.000000000000000000 ) ) ;
#8549 = UNCERTAINTY_MEASURE_WITH_UNIT (LENGTH_MEASURE( 1.000000000000000082E-05 ), #2335, 'distance_accuracy_value', 'NONE');
#8550 = ORIENTED_EDGE ( 'NONE', *, *, #1436, .F. ) ;
#8551 = ORIENTED_EDGE ( 'NONE', *, *, #469, .T. ) ;
#8552 = CARTESIAN_POINT ( 'NONE',  ( -8.000000000000000000, -34.50000000000014921, 6.040619190461827159 ) ) ;
#8553 = VECTOR ( 'NONE', #6378, 1000.000000000000000 ) ;
#8554 = LINE ( 'NONE', #1030, #8019 ) ;
#8555 = FACE_BOUND ( 'NONE', #9416, .T. ) ;
#8556 = CARTESIAN_POINT ( 'NONE',  ( 33.32232879672930892, 22.38044266971850504, 73.62321017853537342 ) ) ;
#8557 = CARTESIAN_POINT ( 'NONE',  ( 33.32232879672930892, -8.959631391332559147, 58.37678982146545792 ) ) ;
#8558 = CARTESIAN_POINT ( 'NONE',  ( -17.95430915473230726, 56.57738112364575755, 1.000000000000000000 ) ) ;
#8559 = CARTESIAN_POINT ( 'NONE',  ( 17.00000000000000711, 62.80164735982805979, 55.01732621693238912 ) ) ;
#8560 = AXIS2_PLACEMENT_3D ( 'NONE', #6041, #7519, #2282 ) ;
#8561 = ORIENTED_EDGE ( 'NONE', *, *, #4700, .F. ) ;
#8562 = LINE ( 'NONE', #4065, #5180 ) ;
#8563 = CIRCLE ( 'NONE', #4301, 1.399999999999998579 ) ;
#8564 = EDGE_CURVE ( 'NONE', #8851, #5589, #4362, .T. ) ;
#8565 = EDGE_LOOP ( 'NONE', ( #2736, #1907 ) ) ;
#8566 = LINE ( 'NONE', #9360, #8511 ) ;
#8567 = DIRECTION ( 'NONE',  ( 0.000000000000000000, 0.8514537021307104769, -0.5244297790247111068 ) ) ;
#8568 = VECTOR ( 'NONE', #4625, 1000.000000000000000 ) ;
#8569 = DIRECTION ( 'NONE',  ( -1.000000000000000000, -0.000000000000000000, -0.000000000000000000 ) ) ;
#8570 = EDGE_CURVE ( 'NONE', #3204, #6695, #9160, .T. ) ;
#8571 = PLANE ( 'NONE',  #9358 ) ;
#8572 = CARTESIAN_POINT ( 'NONE',  ( -16.72755668585755373, -56.69171158128369115, 1.056312659312022451 ) ) ;
#8573 = VECTOR ( 'NONE', #397, 1000.000000000000000 ) ;
#8574 = ORIENTED_EDGE ( 'NONE', *, *, #893, .T. ) ;
#8575 = CARTESIAN_POINT ( 'NONE',  ( -3.000000000000000000, 42.50000000000000000, 26.43860113793879663 ) ) ;
#8576 = EDGE_CURVE ( 'NONE', #9042, #2346, #9213, .T. ) ;
#8577 = ORIENTED_EDGE ( 'NONE', *, *, #44, .F. ) ;
#8578 = CARTESIAN_POINT ( 'NONE',  ( -8.000000000000000000, 42.49999999999993605, 16.43860113793880018 ) ) ;
#8579 = EDGE_CURVE ( 'NONE', #9026, #758, #7115, .T. ) ;
#8580 = EDGE_LOOP ( 'NONE', ( #966, #7410, #5321, #6075 ) ) ;
#8581 = CARTESIAN_POINT ( 'NONE',  ( 20.00000000000000000, -8.959631391332559147, 58.37678982146545792 ) ) ;
#8582 = LINE ( 'NONE', #8625, #7392 ) ;
#8583 = CARTESIAN_POINT ( 'NONE',  ( 20.00000000000000000, 26.78170511838488466, 61.00000000000020606 ) ) ;
#8584 = VECTOR ( 'NONE', #6263, 1000.000000000000000 ) ;
#8585 = CARTESIAN_POINT ( 'NONE',  ( -13.58256267052398947, 151.7348211226566832, 82.00000000000001421 ) ) ;
#8586 = CARTESIAN_POINT ( 'NONE',  ( 71.07344829387272966, 25.58731213168504226, 1.000000000000000000 ) ) ;
#8587 = EDGE_CURVE ( 'NONE', #4280, #6409, #5738, .T. ) ;
#8588 = CARTESIAN_POINT ( 'NONE',  ( -59.62707948024776528, -38.22108882253243678, 0.9999999999999997780 ) ) ;
#8589 = LINE ( 'NONE', #2356, #7581 ) ;
#8590 = ORIENTED_EDGE ( 'NONE', *, *, #7359, .F. ) ;
#8591 = ORIENTED_EDGE ( 'NONE', *, *, #3277, .F. ) ;
#8592 = ORIENTED_EDGE ( 'NONE', *, *, #1073, .F. ) ;
#8593 = CARTESIAN_POINT ( 'NONE',  ( 20.00000000000000000, -37.76232033811303523, 23.62321017853599869 ) ) ;
#8594 = VERTEX_POINT ( 'NONE', #7959 ) ;
#8595 = ADVANCED_FACE ( 'NONE', ( #1926 ), #1785, .F. ) ;
#8596 = ORIENTED_EDGE ( 'NONE', *, *, #5384, .F. ) ;
#8597 = CARTESIAN_POINT ( 'NONE',  ( 77.61289878335024639, 10.97040552648597256, 0.5969959510536297920 ) ) ;
#8598 = CARTESIAN_POINT ( 'NONE',  ( -74.41898761835376774, 19.34389108495372511, 0.5903884183879395398 ) ) ;
#8599 = PLANE ( 'NONE',  #3825 ) ;
#8600 = CARTESIAN_POINT ( 'NONE',  ( -35.39142292155748493, 58.61672070020551928, 54.92909968893314243 ) ) ;
#8601 = CLOSED_SHELL ( 'NONE', ( #7848, #7796, #7951, #4709, #1484, #4060, #8632, #6143, #850, #7011, #7188, #3805, #5443, #7915, #4182, #1808, #2600, #46, #3793, #4840, #6889, #8874, #9608, #9480, #1852, #6384, #6867, #2707, #6776, #5742, #3746, #5741, #7344, #1810, #6406, #3870, #5879, #2234, #5502, #4277, #5684, #5179, #6569, #9481, #7558, #2216, #7051, #2172, #8998, #332, #1789, #9662, #1297, #9604, #9264, #4597, #2221, #1121, #7292, #6387, #2758, #2765, #6334, #6628, #2948, #2935, #5661, #8341, #5118, #9173, #7912, #6437, #6662, #7069, #9427, #9595, #3553, #1738, #4302, #4651, #953, #647, #177, #3217, #9738, #7738, #4991, #7670, #6268, #9548, #5577, #7961, #8318, #3490, #8110, #6692, #8403, #7488, #9384, #4161, #4471, #6454, #2667, #764, #8461, #888, #8803, #8991, #8099, #7064, #8141, #3990, #1174, #3658, #9555, #5870, #2476, #9385, #2713, #1627, #6111, #4778, #7116, #9111, #3917, #9417, #5721, #8096, #416, #1635, #7230, #7546, #9125, #9354, #7622, #1930, #1873, #6987, #2541, #2714, #9055, #5, #1502, #6507, #4116, #7404, #3029, #6148, #3101, #4951, #5069, #4889, #2527, #7175, #3424, #5571, #7306, #7236, #4224, #3492, #7474, #8012, #4948, #9695, #885, #8951, #3322, #4290, #4477, #4949, #8979, #2289, #7432, #231, #1509, #3432, #5729, #1480, #9191, #7545, #9735, #3681, #4463, #8637, #7470, #1799, #2033, #2058, #7972, #3478, #9687, #8595, #5619, #2883, #8646, #6965, #2516, #169, #7056, #7603, #3157, #97, #1996, #8697, #3613, #3560, #8960, #5320, #1025, #9120, #6936, #6265, #8220, #3980, #5922, #6947, #9734, #98, #6685, #1936, #3916, #9199, #1130, #4939, #1860, #5267, #287, #8193, #3688, #6749, #6580, #7503, #6590, #2693, #6133, #2358, #7170, #3546, #1323, #2850, #7096, #3911, #7182, #4655, #529, #8947, #8456, #778, #5500, #399, #6271, #2955, #2910, #3667, #4214, #8068, #1562 ) ) ;
#8602 = ORIENTED_EDGE ( 'NONE', *, *, #3923, .F. ) ;
#8603 = ORIENTED_EDGE ( 'NONE', *, *, #6348, .F. ) ;
#8604 = FACE_OUTER_BOUND ( 'NONE', #3337, .T. ) ;
#8605 = CARTESIAN_POINT ( 'NONE',  ( 37.11125669034836960, -54.65505992772376942, 27.73856839350774450 ) ) ;
#8606 = CARTESIAN_POINT ( 'NONE',  ( 20.00000000000000000, -28.95979544078028312, 43.37678982146566398 ) ) ;
#8607 = LINE ( 'NONE', #844, #8106 ) ;
#8608 = CARTESIAN_POINT ( 'NONE',  ( -5.694777812340213963, 57.85484993330122450, 1.000000000000000000 ) ) ;
#8609 = DIRECTION ( 'NONE',  ( -0.000000000000000000, -0.000000000000000000, -1.000000000000000000 ) ) ;
#8610 = ORIENTED_EDGE ( 'NONE', *, *, #7430, .F. ) ;
#8611 = VERTEX_POINT ( 'NONE', #1731 ) ;
#8612 = DIRECTION ( 'NONE',  ( 0.000000000000000000, 0.02844266007110327760, 0.9995954257038591750 ) ) ;
#8613 = ORIENTED_EDGE ( 'NONE', *, *, #1909, .F. ) ;
#8614 = CARTESIAN_POINT ( 'NONE',  ( 33.32232879672930892, -8.959631391332559147, 13.37678982146545970 ) ) ;
#8615 = CARTESIAN_POINT ( 'NONE',  ( 15.89332282655413131, -63.02065876416412493, 54.92150548465452431 ) ) ;
#8616 = FACE_OUTER_BOUND ( 'NONE', #86, .T. ) ;
#8617 = DIRECTION ( 'NONE',  ( 0.000000000000000000, -1.000000000000000000, 0.000000000000000000 ) ) ;
#8618 = VERTEX_POINT ( 'NONE', #4015 ) ;
#8619 = CARTESIAN_POINT ( 'NONE',  ( 33.32232879672930892, -53.50349279838275862, 6.000000000001043610 ) ) ;
#8620 = EDGE_CURVE ( 'NONE', #7355, #8080, #4062, .T. ) ;
#8621 = ORIENTED_EDGE ( 'NONE', *, *, #4882, .F. ) ;
#8622 = DIRECTION ( 'NONE',  ( 0.000000000000000000, -0.4751656466791471800, 0.8798963622018151076 ) ) ;
#8623 = EDGE_LOOP ( 'NONE', ( #558, #1889, #9663, #5505, #5228, #1575, #1422, #913 ) ) ;
#8624 = LINE ( 'NONE', #8581, #7117 ) ;
#8625 = CARTESIAN_POINT ( 'NONE',  ( -8.000000000000000000, -32.00000000000000000, 1.040619190461824717 ) ) ;
#8626 = VECTOR ( 'NONE', #9640, 1000.000000000000000 ) ;
#8627 = PLANE ( 'NONE',  #3180 ) ;
#8628 = CARTESIAN_POINT ( 'NONE',  ( -73.60725105401027690, 22.85089548932916514, 0.1899999999999999467 ) ) ;
#8629 = CARTESIAN_POINT ( 'NONE',  ( 75.00348951150874655, 18.58994250758203037, 1.086298991543278580 ) ) ;
#8630 = DIRECTION ( 'NONE',  ( 0.000000000000000000, 0.4751656466791470690, -0.8798963622018153297 ) ) ;
#8631 = DIRECTION ( 'NONE',  ( 0.000000000000000000, -0.5244297790247105517, -0.8514537021307109210 ) ) ;
#8632 = ADVANCED_FACE ( 'NONE', ( #1079 ), #4897, .F. ) ;
#8633 = EDGE_CURVE ( 'NONE', #9760, #1189, #4804, .T. ) ;
#8634 = VECTOR ( 'NONE', #7448, 1000.000000000000000 ) ;
#8635 = ORIENTED_EDGE ( 'NONE', *, *, #4395, .F. ) ;
#8636 = EDGE_LOOP ( 'NONE', ( #8177, #1989, #3446, #9028 ) ) ;
#8637 = ADVANCED_FACE ( 'NONE', ( #2480 ), #7207, .F. ) ;
#8638 = EDGE_LOOP ( 'NONE', ( #2603, #5822, #3125, #1666 ) ) ;
#8639 = LINE ( 'NONE', #4875, #5516 ) ;
#8640 = ORIENTED_EDGE ( 'NONE', *, *, #774, .F. ) ;
#8641 = ORIENTED_EDGE ( 'NONE', *, *, #842, .T. ) ;
#8642 = CARTESIAN_POINT ( 'NONE',  ( 83.26022091300579575, 21.41212922142847930, 54.97041364780473316 ) ) ;
#8643 = CARTESIAN_POINT ( 'NONE',  ( -71.98554346915467761, -37.19780348676534487, 54.95384527768744221 ) ) ;
#8644 = CARTESIAN_POINT ( 'NONE',  ( 71.72504863745911052, 24.35555241099555346, 1.078309596689531080 ) ) ;
#8645 = CARTESIAN_POINT ( 'NONE',  ( -19.25448100310392618, 56.22635738022056273, 0.5486667443188560922 ) ) ;
#8646 = ADVANCED_FACE ( 'NONE', ( #5641 ), #7817, .F. ) ;
#8647 = ORIENTED_EDGE ( 'NONE', *, *, #6333, .T. ) ;
#8648 = EDGE_CURVE ( 'NONE', #9141, #8243, #4848, .T. ) ;
#8649 = ORIENTED_EDGE ( 'NONE', *, *, #1739, .T. ) ;
#8650 = CARTESIAN_POINT ( 'NONE',  ( 34.04676645836644155, -52.40397662030652981, 1.059367095225252076 ) ) ;
#8651 = CARTESIAN_POINT ( 'NONE',  ( 20.00000000000000000, -48.95995949022800175, 28.37678982146586648 ) ) ;
#8652 = DIRECTION ( 'NONE',  ( 0.000000000000000000, -0.02844266007110470701, -0.9995954257038591750 ) ) ;
#8653 = CARTESIAN_POINT ( 'NONE',  ( -78.81220526479799560, -80.27935867738565889, 80.99999999999998579 ) ) ;
#8654 = CARTESIAN_POINT ( 'NONE',  ( -76.18494958872516065, 15.49273060087423382, 1.000000000000000222 ) ) ;
#8655 = VERTEX_POINT ( 'NONE', #7070 ) ;
#8656 = AXIS2_PLACEMENT_3D ( 'NONE', #8286, #4381, #1352 ) ;
#8657 = ORIENTED_EDGE ( 'NONE', *, *, #2769, .T. ) ;
#8658 = PLANE ( 'NONE',  #6933 ) ;
#8659 = VERTEX_POINT ( 'NONE', #2666 ) ;
#8660 = DIRECTION ( 'NONE',  ( 0.000000000000000000, -0.5244297790247101076, -0.8514537021307111431 ) ) ;
#8661 = CARTESIAN_POINT ( 'NONE',  ( 17.00000000000000000, 10.89826179862681066, 8.376789821465251862 ) ) ;
#8662 = CARTESIAN_POINT ( 'NONE',  ( -74.99999999999998579, -109.9999999999999858, 1.000000000000000000 ) ) ;
#8663 = VECTOR ( 'NONE', #1099, 1000.000000000000114 ) ;
#8664 = DIRECTION ( 'NONE',  ( 0.000000000000000000, 0.8514537021307104769, -0.5244297790247111068 ) ) ;
#8665 =( BOUNDED_CURVE ( )  B_SPLINE_CURVE ( 3, ( #4044, #1770, #3210, #3945 ),
 .UNSPECIFIED., .F., .F. ) 
 B_SPLINE_CURVE_WITH_KNOTS ( ( 4, 4 ),
 ( 3.141592653589793116, 6.283185307179586232 ),
 .UNSPECIFIED. ) 
 CURVE ( )  GEOMETRIC_REPRESENTATION_ITEM ( )  RATIONAL_B_SPLINE_CURVE ( ( 1.000000000000000000, 0.3333333333333333703, 0.3333333333333333703, 1.000000000000000000 ) ) 
 REPRESENTATION_ITEM ( '' )  );
#8666 = DIRECTION ( 'NONE',  ( -1.000000000000000000, -0.000000000000000000, -0.000000000000000000 ) ) ;
#8667 = AXIS2_PLACEMENT_3D ( 'NONE', #8710, #1377, #1278 ) ;
#8668 = ORIENTED_EDGE ( 'NONE', *, *, #910, .T. ) ;
#8669 = CARTESIAN_POINT ( 'NONE',  ( 33.32232879672930892, -57.62021352807240504, 73.62321017853621186 ) ) ;
#8670 = ORIENTED_EDGE ( 'NONE', *, *, #9550, .T. ) ;
#8671 = CARTESIAN_POINT ( 'NONE',  ( -3.000000000000000000, -34.50000000000011369, 11.04061919046182894 ) ) ;
#8672 = CYLINDRICAL_SURFACE ( 'NONE', #5662, 1.400000000000001910 ) ;
#8673 = LINE ( 'NONE', #4916, #4907 ) ;
#8674 = CARTESIAN_POINT ( 'NONE',  ( 59.62707948716892759, 38.22108881673316461, 0.9999999999999997780 ) ) ;
#8675 = EDGE_CURVE ( 'NONE', #1155, #7311, #3366, .T. ) ;
#8676 = CARTESIAN_POINT ( 'NONE',  ( -76.49822795170280187, -14.95423146056876540, 1.000000000000000222 ) ) ;
#8677 = CARTESIAN_POINT ( 'NONE',  ( 20.00000000000000000, 46.49732744885589142, 6.000000000000001776 ) ) ;
#8678 = AXIS2_PLACEMENT_3D ( 'NONE', #429, #2013, #1216 ) ;
#8679 = ORIENTED_EDGE ( 'NONE', *, *, #8082, .F. ) ;
#8680 = CARTESIAN_POINT ( 'NONE',  ( 0.000000000000000000, 0.000000000000000000, 81.00000000000000000 ) ) ;
#8681 = EDGE_LOOP ( 'NONE', ( #563, #3939, #5863, #9056, #8707 ) ) ;
#8682 = CARTESIAN_POINT ( 'NONE',  ( 20.00000000000000000, -17.76215628866530949, 68.62321017853578553 ) ) ;
#8683 = VECTOR ( 'NONE', #5340, 1000.000000000000114 ) ;
#8684 = EDGE_LOOP ( 'NONE', ( #6719, #259, #3154, #5936 ) ) ;
#8685 = CARTESIAN_POINT ( 'NONE',  ( 87.52528557193166137, 8.531170415039834865, 54.97854236075529144 ) ) ;
#8686 = CARTESIAN_POINT ( 'NONE',  ( -82.10827689048073807, -11.82034872151681526, 27.78679282754538704 ) ) ;
#8687 = CARTESIAN_POINT ( 'NONE',  ( 33.32232879672930892, 26.49716339940816567, 36.00000000000021316 ) ) ;
#8688 = CARTESIAN_POINT ( 'NONE',  ( -57.76167427278529232, 39.58651150398534924, 0.5721638280400315191 ) ) ;
#8689 = EDGE_CURVE ( 'NONE', #4040, #8611, #1875, .T. ) ;
#8690 = AXIS2_PLACEMENT_3D ( 'NONE', #7092, #9283, #6298 ) ;
#8691 = VERTEX_POINT ( 'NONE', #7162 ) ;
#8692 = ORIENTED_EDGE ( 'NONE', *, *, #7595, .T. ) ;
#8693 = VERTEX_POINT ( 'NONE', #291 ) ;
#8694 = DIRECTION ( 'NONE',  ( -1.000000000000000000, -0.000000000000000000, -0.000000000000000000 ) ) ;
#8695 = EDGE_CURVE ( 'NONE', #4138, #9760, #2222, .T. ) ;
#8696 = VECTOR ( 'NONE', #7138, 1000.000000000000114 ) ;
#8697 = ADVANCED_FACE ( 'NONE', ( #3316 ), #388, .F. ) ;
#8698 = CIRCLE ( 'NONE', #3963, 1.399999999999998579 ) ;
#8699 = PLANE ( 'NONE',  #6491 ) ;
#8700 = DIRECTION ( 'NONE',  ( -1.000000000000000000, -0.000000000000000000, -0.000000000000000000 ) ) ;
#8701 = CARTESIAN_POINT ( 'NONE',  ( 33.32232879672930892, 2.238007760782423361, 53.62321017853557947 ) ) ;
#8702 = DIRECTION ( 'NONE',  ( 0.000000000000000000, -0.8798963622018145525, -0.4751656466791481792 ) ) ;
#8703 = EDGE_CURVE ( 'NONE', #4976, #3230, #8102, .T. ) ;
#8704 = CARTESIAN_POINT ( 'NONE',  ( 41.30425584432769170, 60.10854695890780874, 82.00000000000002842 ) ) ;
#8705 = VECTOR ( 'NONE', #588, 1000.000000000000114 ) ;
#8706 = ORIENTED_EDGE ( 'NONE', *, *, #4411, .F. ) ;
#8707 = ORIENTED_EDGE ( 'NONE', *, *, #2892, .F. ) ;
#8708 = CARTESIAN_POINT ( 'NONE',  ( 17.00000000000000000, 10.89826179862681066, 53.37678982146525186 ) ) ;
#8709 = ORIENTED_EDGE ( 'NONE', *, *, #8762, .F. ) ;
#8710 = CARTESIAN_POINT ( 'NONE',  ( 33.32232879672930892, 6.781541068937156247, 16.00000000000041567 ) ) ;
#8711 = AXIS2_PLACEMENT_3D ( 'NONE', #8322, #2981, #6094 ) ;
#8712 = CARTESIAN_POINT ( 'NONE',  ( -3.000000000000000000, 42.49999999999993605, 15.03860113793879982 ) ) ;
#8713 = DIRECTION ( 'NONE',  ( 0.000000000000000000, -0.5244297790247101076, -0.8514537021307111431 ) ) ;
#8714 = CARTESIAN_POINT ( 'NONE',  ( 20.00000000000000000, 2.380278620270778855, 13.62321017853558303 ) ) ;
#8715 = VECTOR ( 'NONE', #694, 1000.000000000000114 ) ;
#8716 = CARTESIAN_POINT ( 'NONE',  ( 17.00000000000002132, -61.52351936288675205, 43.82321569125437577 ) ) ;
#8717 = AXIS2_PLACEMENT_3D ( 'NONE', #5778, #7304, #532 ) ;
#8718 = VERTEX_POINT ( 'NONE', #9701 ) ;
#8719 = CARTESIAN_POINT ( 'NONE',  ( -43.62046307084365537, -76.31605288412522725, 82.00000000000000000 ) ) ;
#8720 = ORIENTED_EDGE ( 'NONE', *, *, #472, .T. ) ;
#8721 = CARTESIAN_POINT ( 'NONE',  ( -75.00000000000000000, 0.000000000000000000, 0.000000000000000000 ) ) ;
#8722 = CARTESIAN_POINT ( 'NONE',  ( 17.00000000000000000, 46.49732744885589142, 21.00000000000000000 ) ) ;
#8723 = LINE ( 'NONE', #3621, #952 ) ;
#8724 = CARTESIAN_POINT ( 'NONE',  ( 78.49641871393146175, 7.545613750275665055, 1.000000000000000000 ) ) ;
#8725 =( BOUNDED_CURVE ( )  B_SPLINE_CURVE ( 3, ( #3295, #6997, #9235, #963 ),
 .UNSPECIFIED., .F., .F. ) 
 B_SPLINE_CURVE_WITH_KNOTS ( ( 4, 4 ),
 ( 0.000000000000000000, 3.141592653589793116 ),
 .UNSPECIFIED. ) 
 CURVE ( )  GEOMETRIC_REPRESENTATION_ITEM ( )  RATIONAL_B_SPLINE_CURVE ( ( 1.000000000000000000, 0.3333333333333333703, 0.3333333333333333703, 1.000000000000000000 ) ) 
 REPRESENTATION_ITEM ( '' )  );
#8726 = VECTOR ( 'NONE', #8911, 1000.000000000000114 ) ;
#8727 = CARTESIAN_POINT ( 'NONE',  ( 63.73726807032359432, -34.26632380155356117, 1.000000000000000000 ) ) ;
#8728 = CARTESIAN_POINT ( 'NONE',  ( 33.32232879672930892, 6.496999349960439041, 21.00000000000041922 ) ) ;
#8729 = VECTOR ( 'NONE', #5810, 1000.000000000000227 ) ;
#8730 = ORIENTED_EDGE ( 'NONE', *, *, #887, .T. ) ;
#8731 = VERTEX_POINT ( 'NONE', #5093 ) ;
#8732 = VERTEX_POINT ( 'NONE', #8950 ) ;
#8733 = LINE ( 'NONE', #323, #8914 ) ;
#8734 = VECTOR ( 'NONE', #3213, 1000.000000000000000 ) ;
#8735 = ORIENTED_EDGE ( 'NONE', *, *, #1316, .T. ) ;
#8736 = DIRECTION ( 'NONE',  ( 0.000000000000000000, -0.9995954257038592861, 0.02844266007110328107 ) ) ;
#8737 = CARTESIAN_POINT ( 'NONE',  ( 88.16527056387555206, -4.937938920256848441, 54.97987565396729792 ) ) ;
#8738 = CARTESIAN_POINT ( 'NONE',  ( -68.14769767059156891, -35.44868039094688328, 27.76387276507772128 ) ) ;
#8739 = CARTESIAN_POINT ( 'NONE',  ( 78.51725245048253043, 7.348352165472125108, 1.085198486163230669 ) ) ;
#8740 = CARTESIAN_POINT ( 'NONE',  ( -72.68228532359911753, 36.45717861787796465, 54.95678917108141803 ) ) ;
#8741 = EDGE_LOOP ( 'NONE', ( #4900, #5626, #7976, #2858 ) ) ;
#8742 = ORIENTED_EDGE ( 'NONE', *, *, #3131, .T. ) ;
#8743 = CARTESIAN_POINT ( 'NONE',  ( 75.14105487227558910, -17.91503644306923348, 1.081555721493870026 ) ) ;
#8744 = EDGE_CURVE ( 'NONE', #8439, #1164, #9198, .T. ) ;
#8745 = CARTESIAN_POINT ( 'NONE',  ( 18.23366088074564217, -65.70453103191566413, 82.11196738849184840 ) ) ;
#8746 = DIRECTION ( 'NONE',  ( 0.000000000000000000, -2.620847431606588592E-05, -0.9999999996565579474 ) ) ;
#8747 = FACE_OUTER_BOUND ( 'NONE', #8906, .T. ) ;
#8748 = DIRECTION ( 'NONE',  ( -1.000000000000000000, -0.000000000000000000, -0.000000000000000000 ) ) ;
#8749 = FACE_OUTER_BOUND ( 'NONE', #6836, .T. ) ;
#8750 = CARTESIAN_POINT ( 'NONE',  ( 92.94327480778041206, 2.301368666106374139, 82.00000000000000000 ) ) ;
#8751 = EDGE_CURVE ( 'NONE', #4528, #8205, #781, .T. ) ;
#8752 = EDGE_CURVE ( 'NONE', #1882, #9014, #5444, .T. ) ;
#8753 = ORIENTED_EDGE ( 'NONE', *, *, #344, .T. ) ;
#8754 = EDGE_CURVE ( 'NONE', #425, #1712, #6865, .T. ) ;
#8755 = EDGE_LOOP ( 'NONE', ( #7683, #5762, #3964, #3251 ) ) ;
#8756 = LINE ( 'NONE', #7963, #4708 ) ;
#8757 = EDGE_LOOP ( 'NONE', ( #4387, #7774, #6630, #9372 ) ) ;
#8758 = DIRECTION ( 'NONE',  ( 0.000000000000000000, 0.9995954257038592861, -0.02844266007110471048 ) ) ;
#8759 = CARTESIAN_POINT ( 'NONE',  ( 33.32232879672930892, 50.89858989752226393, 38.37678982146483264 ) ) ;
#8760 = CARTESIAN_POINT ( 'NONE',  ( 17.00000000000000000, 10.89826179862681066, 68.37678982146525186 ) ) ;
#8761 = CARTESIAN_POINT ( 'NONE',  ( 20.00000000000005329, 66.44301703982486629, 82.00000000000000000 ) ) ;
#8762 = EDGE_CURVE ( 'NONE', #7987, #1017, #8995, .T. ) ;
#8763 = LINE ( 'NONE', #3809, #246 ) ;
#8764 = EDGE_CURVE ( 'NONE', #3784, #5132, #9100, .T. ) ;
#8765 = ORIENTED_EDGE ( 'NONE', *, *, #235, .T. ) ;
#8766 = PLANE ( 'NONE',  #7484 ) ;
#8767 = ORIENTED_EDGE ( 'NONE', *, *, #2481, .T. ) ;
#8768 = CARTESIAN_POINT ( 'NONE',  ( -85.73869326660394563, 25.91259622996210510, 82.00000000000000000 ) ) ;
#8769 = CARTESIAN_POINT ( 'NONE',  ( -3.000000000000000000, -34.50000000000004263, 22.44061919046182396 ) ) ;
#8770 = DIRECTION ( 'NONE',  ( 0.000000000000000000, -0.9995954257038592861, 0.02844266007110328107 ) ) ;
#8771 = DIRECTION ( 'NONE',  ( 0.000000000000000000, 0.8514537021307111431, -0.5244297790247101076 ) ) ;
#8772 = CARTESIAN_POINT ( 'NONE',  ( 20.00000000000000000, -33.50332874893501867, 21.00000000000083489 ) ) ;
#8773 = DIRECTION ( 'NONE',  ( 0.000000000000000000, -0.02844266007110470007, -0.9995954257038591750 ) ) ;
#8774 = ORIENTED_EDGE ( 'NONE', *, *, #6276, .T. ) ;
#8775 = FACE_OUTER_BOUND ( 'NONE', #7156, .T. ) ;
#8776 = EDGE_LOOP ( 'NONE', ( #2966, #175, #5272, #5370 ) ) ;
#8777 = CARTESIAN_POINT ( 'NONE',  ( 20.00000000000000000, 10.89826179862681066, 53.37678982146525186 ) ) ;
#8778 = ORIENTED_EDGE ( 'NONE', *, *, #1371, .T. ) ;
#8779 = CARTESIAN_POINT ( 'NONE',  ( 20.00000000000005329, 66.44301703982486629, 82.00000000000000000 ) ) ;
#8780 = CARTESIAN_POINT ( 'NONE',  ( 16.99999999999999645, -56.63959830834412656, 1.041264956741468906 ) ) ;
#8781 = CARTESIAN_POINT ( 'NONE',  ( 82.23818071187041312, 11.53003601542765288, 27.78708609137495245 ) ) ;
#8782 = CARTESIAN_POINT ( 'NONE',  ( -74.77875873767005999, -18.69840955137254568, 0.5910514007876075393 ) ) ;
#8783 = CARTESIAN_POINT ( 'NONE',  ( 64.98872105387165732, 33.12618664112923739, 1.072948030879914638 ) ) ;
#8784 = CARTESIAN_POINT ( 'NONE',  ( -94.00000000000000000, 2.270200223097281350E-15, 82.00000000000000000 ) ) ;
#8785 = AXIS2_PLACEMENT_3D ( 'NONE', #6905, #5335, #6115 ) ;
#8786 = VERTEX_POINT ( 'NONE', #9052 ) ;
#8787 = ORIENTED_EDGE ( 'NONE', *, *, #3696, .T. ) ;
#8788 = CARTESIAN_POINT ( 'NONE',  ( 33.32232879672930892, -53.50349279838274441, 66.00000000000103739 ) ) ;
#8789 = CARTESIAN_POINT ( 'NONE',  ( 18.17691472366851357, -56.41790833951215944, 0.5422076588913075090 ) ) ;
#8790 = DIRECTION ( 'NONE',  ( 0.000000000000000000, 0.8514537021307111431, -0.5244297790247101076 ) ) ;
#8791 = LINE ( 'NONE', #7857, #8897 ) ;
#8792 = SURFACE_SIDE_STYLE ('',( #5780 ) ) ;
#8793 = CARTESIAN_POINT ( 'NONE',  ( 4.007603120880952829, -57.95671057856537800, 1.055415396669418193 ) ) ;
#8794 = CARTESIAN_POINT ( 'NONE',  ( 59.33998238352155141, -51.59548352940683458, 82.00000000000002842 ) ) ;
#8795 = EDGE_CURVE ( 'NONE', #9714, #8203, #3753, .T. ) ;
#8796 = ORIENTED_EDGE ( 'NONE', *, *, #4169, .T. ) ;
#8797 = VERTEX_POINT ( 'NONE', #3113 ) ;
#8798 = ORIENTED_EDGE ( 'NONE', *, *, #6616, .F. ) ;
#8799 = CARTESIAN_POINT ( 'NONE',  ( 20.00000000000000000, -8.959631391332562700, 43.37678982146545792 ) ) ;
#8801 = ORIENTED_EDGE ( 'NONE', *, *, #740, .T. ) ;
#8800 = DIRECTION ( 'NONE',  ( 0.000000000000000000, -0.9995954257038592861, 0.02844266007110400965 ) ) ;
#8802 = DIRECTION ( 'NONE',  ( 0.000000000000000000, 0.02844266007110470701, 0.9995954257038591750 ) ) ;
#8803 = ADVANCED_FACE ( 'NONE', ( #6118 ), #684, .F. ) ;
#8804 = CARTESIAN_POINT ( 'NONE',  ( 17.00000000000000000, -37.62004947862467930, 43.62321017853599869 ) ) ;
#8805 = PLANE ( 'NONE',  #185 ) ;
#8806 = CARTESIAN_POINT ( 'NONE',  ( 20.00000000000000000, -33.50332874893501867, 36.00000000000083844 ) ) ;
#8807 = EDGE_CURVE ( 'NONE', #2298, #9228, #1629, .T. ) ;
#8808 = CARTESIAN_POINT ( 'NONE',  ( 20.00000000000000000, -49.10223034971637190, 38.37678982146587714 ) ) ;
#8809 = EDGE_CURVE ( 'NONE', #7693, #1106, #4646, .T. ) ;
#8810 = ORIENTED_EDGE ( 'NONE', *, *, #7187, .T. ) ;
#8811 = CARTESIAN_POINT ( 'NONE',  ( -80.00000000000000000, 1.662686369618629601E-15, 0.000000000000000000 ) ) ;
#8812 = VECTOR ( 'NONE', #4977, 1000.000000000000000 ) ;
#8813 = ORIENTED_EDGE ( 'NONE', *, *, #3743, .T. ) ;
#8814 = CARTESIAN_POINT ( 'NONE',  ( 33.32232879672930892, 30.89842584807453818, 53.37678982146504580 ) ) ;
#8815 = CARTESIAN_POINT ( 'NONE',  ( -3.000000000000000000, 42.49999999999986500, 5.038601137938799823 ) ) ;
#8816 = EDGE_CURVE ( 'NONE', #2734, #5109, #1672, .T. ) ;
#8817 = EDGE_CURVE ( 'NONE', #6671, #6188, #6717, .T. ) ;
#8818 = CARTESIAN_POINT ( 'NONE',  ( 33.32232879672930892, -13.21862298051057394, 76.00000000000062528 ) ) ;
#8819 = DIRECTION ( 'NONE',  ( 0.000000000000000000, -0.8798963622018151076, -0.4751656466791471800 ) ) ;
#8820 = CARTESIAN_POINT ( 'NONE',  ( 48.30676547046515878, -46.03917986999336165, 1.000000000000000444 ) ) ;
#8821 = LINE ( 'NONE', #2602, #3475 ) ;
#8822 = EDGE_CURVE ( 'NONE', #665, #1712, #1523, .T. ) ;
#8823 = VECTOR ( 'NONE', #6896, 1000.000000000000000 ) ;
#8824 = ORIENTED_EDGE ( 'NONE', *, *, #2295, .T. ) ;
#8825 = CARTESIAN_POINT ( 'NONE',  ( 17.00000000000000000, -29.10206630026864616, 53.37678982146566398 ) ) ;
#8826 = ORIENTED_EDGE ( 'NONE', *, *, #8620, .F. ) ;
#8827 = CARTESIAN_POINT ( 'NONE',  ( 33.32232879672930892, 22.23817181023015266, 53.62321017853537342 ) ) ;
#8828 = ORIENTED_EDGE ( 'NONE', *, *, #8522, .T. ) ;
#8829 = DIRECTION ( 'NONE',  ( -1.000000000000000000, -0.000000000000000000, -0.000000000000000000 ) ) ;
#8830 = CARTESIAN_POINT ( 'NONE',  ( 17.00000000000000000, 30.89842584807453818, 53.37678982146504580 ) ) ;
#8831 = CARTESIAN_POINT ( 'NONE',  ( 51.87337757800152360, 43.70341026696129205, 0.5602329077237729882 ) ) ;
#8832 = VECTOR ( 'NONE', #1429, 1000.000000000000000 ) ;
#8833 = CARTESIAN_POINT ( 'NONE',  ( -76.37006683283475184, -24.97014814538474425, 27.77600320004312806 ) ) ;
#8834 = DIRECTION ( 'NONE',  ( 0.000000000000000000, 2.312964634635742957E-16, 1.000000000000000000 ) ) ;
#8835 = DIRECTION ( 'NONE',  ( 0.000000000000000000, 0.9995954257038592861, -0.02844266007110471048 ) ) ;
#8836 = ORIENTED_EDGE ( 'NONE', *, *, #7118, .T. ) ;
#8837 = VERTEX_POINT ( 'NONE', #1472 ) ;
#8838 = VECTOR ( 'NONE', #8842, 1000.000000000000000 ) ;
#8839 = ORIENTED_EDGE ( 'NONE', *, *, #4211, .F. ) ;
#8840 = LINE ( 'NONE', #5877, #4993 ) ;
#8841 = CARTESIAN_POINT ( 'NONE',  ( 69.04354590452842899, -39.87965525301527236, 54.95059420998464361 ) ) ;
#8842 = DIRECTION ( 'NONE',  ( -1.000000000000000000, -0.000000000000000000, -0.000000000000000000 ) ) ;
#8843 = DIRECTION ( 'NONE',  ( 1.000000000000000000, 0.000000000000000000, -0.000000000000000000 ) ) ;
#8844 = LINE ( 'NONE', #7254, #5212 ) ;
#8845 = VECTOR ( 'NONE', #5972, 1000.000000000000114 ) ;
#8846 = DIRECTION ( 'NONE',  ( 1.000000000000000000, -0.000000000000000000, 0.000000000000000000 ) ) ;
#8847 = CARTESIAN_POINT ( 'NONE',  ( 28.65328162865631612, -63.81590784174962039, 81.99999999999997158 ) ) ;
#8848 = VERTEX_POINT ( 'NONE', #3062 ) ;
#8849 = EDGE_LOOP ( 'NONE', ( #4490, #3848, #6119, #2900 ) ) ;
#8850 = VECTOR ( 'NONE', #557, 1000.000000000000114 ) ;
#8851 = VERTEX_POINT ( 'NONE', #79 ) ;
#8852 = PLANE ( 'NONE',  #3592 ) ;
#8854 = ORIENTED_EDGE ( 'NONE', *, *, #6312, .T. ) ;
#8853 = DIRECTION ( 'NONE',  ( 0.000000000000000000, 0.000000000000000000, -1.000000000000000000 ) ) ;
#8855 = CARTESIAN_POINT ( 'NONE',  ( 33.32232879672930892, -49.10223034971637190, 8.376789821465877139 ) ) ;
#8856 = DIRECTION ( 'NONE',  ( 0.000000000000000000, 0.000000000000000000, -1.000000000000000000 ) ) ;
#8857 = CARTESIAN_POINT ( 'NONE',  ( 20.00000000000000000, -8.959631391332559147, 73.37678982146546502 ) ) ;
#8858 = CARTESIAN_POINT ( 'NONE',  ( 20.00000000000000000, 46.78186916783261040, 46.00000000000000000 ) ) ;
#8859 = VECTOR ( 'NONE', #311, 1000.000000000000000 ) ;
#8860 = PLANE ( 'NONE',  #9573 ) ;
#8861 = VERTEX_POINT ( 'NONE', #7608 ) ;
#8862 = CARTESIAN_POINT ( 'NONE',  ( -58.41511770667089820, -52.18657397636593487, 82.00000000000001421 ) ) ;
#8863 = AXIS2_PLACEMENT_3D ( 'NONE', #2354, #7740, #3051 ) ;
#8864 = EDGE_CURVE ( 'NONE', #2557, #9625, #8352, .T. ) ;
#8865 = EDGE_LOOP ( 'NONE', ( #2319, #7798, #4291, #3641 ) ) ;
#8866 = CARTESIAN_POINT ( 'NONE',  ( 17.00000000000000000, 50.89858989752226393, 23.37678982146483619 ) ) ;
#8867 = CYLINDRICAL_SURFACE ( 'NONE', #292, 1.399999999999998579 ) ;
#8868 = DIRECTION ( 'NONE',  ( 0.000000000000000000, 0.8514537021307104769, -0.5244297790247111068 ) ) ;
#8869 = CARTESIAN_POINT ( 'NONE',  ( 17.00000000000000000, 2.238007760782423361, 53.62321017853557947 ) ) ;
#8870 = CARTESIAN_POINT ( 'NONE',  ( 39.70041928383811580, -50.28023016591934180, 0.9999999999999995559 ) ) ;
#8871 = CARTESIAN_POINT ( 'NONE',  ( -135.8003321380219006, -85.87448793804520619, 1.000000000000000000 ) ) ;
#8872 = VECTOR ( 'NONE', #441, 1000.000000000000000 ) ;
#8873 = EDGE_CURVE ( 'NONE', #687, #9722, #1572, .T. ) ;
#8874 = ADVANCED_FACE ( 'NONE', ( #831, #3856, #5391 ), #8402, .T. ) ;
#8875 = ORIENTED_EDGE ( 'NONE', *, *, #6402, .T. ) ;
#8876 = LINE ( 'NONE', #6543, #8729 ) ;
#8877 = ORIENTED_EDGE ( 'NONE', *, *, #9078, .F. ) ;
#8878 = PLANE ( 'NONE',  #2750 ) ;
#8879 = EDGE_CURVE ( 'NONE', #8848, #8731, #1943, .T. ) ;
#8880 = EDGE_LOOP ( 'NONE', ( #8891, #1313, #7447, #5075 ) ) ;
#8881 = CARTESIAN_POINT ( 'NONE',  ( 17.00000000000000000, -33.21878702995829968, 61.00000000000083134 ) ) ;
#8882 = FACE_BOUND ( 'NONE', #9095, .T. ) ;
#8883 = AXIS2_PLACEMENT_3D ( 'NONE', #9456, #1184, #2678 ) ;
#8884 = CARTESIAN_POINT ( 'NONE',  ( 47.68449966854088728, 50.11831468628739117, 27.74465173807828577 ) ) ;
#8885 = CARTESIAN_POINT ( 'NONE',  ( 17.00000000000000000, 46.78186916783261040, 76.00000000000000000 ) ) ;
#8886 = CARTESIAN_POINT ( 'NONE',  ( -73.83524648967372173, 40.73287122024767370, 82.14177005990840996 ) ) ;
#8887 = VECTOR ( 'NONE', #2681, 1000.000000000000000 ) ;
#8888 = VECTOR ( 'NONE', #1586, 1000.000000000000114 ) ;
#8889 = EDGE_CURVE ( 'NONE', #5923, #298, #728, .T. ) ;
#8890 = ORIENTED_EDGE ( 'NONE', *, *, #7669, .F. ) ;
#8891 = ORIENTED_EDGE ( 'NONE', *, *, #1919, .T. ) ;
#8892 = ORIENTED_EDGE ( 'NONE', *, *, #8034, .T. ) ;
#8893 = PLANE ( 'NONE',  #7356 ) ;
#8894 = EDGE_CURVE ( 'NONE', #7649, #5984, #1024, .T. ) ;
#8895 = CARTESIAN_POINT ( 'NONE',  ( 66.06746474438340044, -31.76871601469473561, 0.5764307698286642578 ) ) ;
#8896 = CARTESIAN_POINT ( 'NONE',  ( 20.00000000000000000, -13.21862298051057394, 31.00000000000062528 ) ) ;
#8897 = VECTOR ( 'NONE', #4942, 1000.000000000000114 ) ;
#8898 = FILL_AREA_STYLE_COLOUR ( '', #3001 ) ;
#8899 = PLANE ( 'NONE',  #3955 ) ;
#8900 = CARTESIAN_POINT ( 'NONE',  ( 83.71347527072687456, -29.21698822806895990, 82.00000000000001421 ) ) ;
#8901 = ORIENTED_EDGE ( 'NONE', *, *, #6879, .T. ) ;
#8902 = VERTEX_POINT ( 'NONE', #8548 ) ;
#8903 = ORIENTED_EDGE ( 'NONE', *, *, #3754, .T. ) ;
#8904 = DIRECTION ( 'NONE',  ( 0.000000000000000000, -0.4751656466791471800, 0.8798963622018151076 ) ) ;
#8906 = EDGE_LOOP ( 'NONE', ( #6381, #4332, #7218, #9460 ) ) ;
#8905 = CARTESIAN_POINT ( 'NONE',  ( 20.00000000000000000, -57.62021352807240504, 43.62321017853621186 ) ) ;
#8907 = CARTESIAN_POINT ( 'NONE',  ( 33.32232879672930892, -37.76232033811303523, 8.623210178535998693 ) ) ;
#8908 = PLANE ( 'NONE',  #991 ) ;
#8909 = CARTESIAN_POINT ( 'NONE',  ( 33.32232879672930892, -37.76232033811303523, 23.62321017853599869 ) ) ;
#8910 = LINE ( 'NONE', #9603, #6816 ) ;
#8911 = DIRECTION ( 'NONE',  ( 0.000000000000000000, 0.02844266007110328107, 0.9995954257038591750 ) ) ;
#8912 = VECTOR ( 'NONE', #320, 1000.000000000000114 ) ;
#8913 = ORIENTED_EDGE ( 'NONE', *, *, #5067, .T. ) ;
#8914 = VECTOR ( 'NONE', #3349, 1000.000000000000000 ) ;
#8915 = ORIENTED_EDGE ( 'NONE', *, *, #5254, .F. ) ;
#8916 = CARTESIAN_POINT ( 'NONE',  ( -53.71320252889920965, -54.69287827541872815, 82.00000000000001421 ) ) ;
#8917 = VECTOR ( 'NONE', #9715, 1000.000000000000114 ) ;
#8918 = ORIENTED_EDGE ( 'NONE', *, *, #5138, .T. ) ;
#8919 = PLANE ( 'NONE',  #124 ) ;
#8920 = DIRECTION ( 'NONE',  ( -1.000000000000000000, 0.000000000000000000, 0.000000000000000000 ) ) ;
#8921 = LINE ( 'NONE', #4322, #5699 ) ;
#8922 = CARTESIAN_POINT ( 'NONE',  ( 17.00000000000000000, 51.04086075701062697, 73.37678982146483975 ) ) ;
#8923 = CARTESIAN_POINT ( 'NONE',  ( 78.49641871222594602, -7.545613759722757052, 1.000000000000000222 ) ) ;
#8924 = CARTESIAN_POINT ( 'NONE',  ( 2.246518109501614902, 57.98179232939355643, 1.055398070033556346 ) ) ;
#8925 = EDGE_CURVE ( 'NONE', #6633, #5410, #4004, .T. ) ;
#8926 = VERTEX_POINT ( 'NONE', #3261 ) ;
#8927 = ORIENTED_EDGE ( 'NONE', *, *, #5131, .T. ) ;
#8928 = CARTESIAN_POINT ( 'NONE',  ( 20.00000000000000000, 26.49716339940816567, 36.00000000000021316 ) ) ;
#8929 = ORIENTED_EDGE ( 'NONE', *, *, #5439, .T. ) ;
#8930 = FACE_OUTER_BOUND ( 'NONE', #4851, .T. ) ;
#8931 = ORIENTED_EDGE ( 'NONE', *, *, #2969, .F. ) ;
#8932 = CARTESIAN_POINT ( 'NONE',  ( 20.00000000000000000, -37.62004947862467930, 73.62321017853599869 ) ) ;
#8933 = CARTESIAN_POINT ( 'NONE',  ( 16.99999999999998934, -59.34155090250673936, 15.76824110822756531 ) ) ;
#8934 = CARTESIAN_POINT ( 'NONE',  ( 50.15428504208109928, 48.76744202610443324, 27.74646034856134236 ) ) ;
#8935 = EDGE_CURVE ( 'NONE', #1155, #6266, #183, .T. ) ;
#8936 = EDGE_CURVE ( 'NONE', #4783, #5528, #1773, .T. ) ;
#8937 = DIRECTION ( 'NONE',  ( 0.000000000000000000, 0.02844266007110470701, 0.9995954257038591750 ) ) ;
#8938 = CARTESIAN_POINT ( 'NONE',  ( -8.000000000000000000, 0.000000000000000000, 0.000000000000000000 ) ) ;
#8939 = EDGE_CURVE ( 'NONE', #4717, #3523, #4050, .T. ) ;
#8940 = ORIENTED_EDGE ( 'NONE', *, *, #3277, .T. ) ;
#8941 = VERTEX_POINT ( 'NONE', #7057 ) ;
#8942 = ORIENTED_EDGE ( 'NONE', *, *, #7858, .T. ) ;
#8943 = LINE ( 'NONE', #626, #5785 ) ;
#8944 = EDGE_CURVE ( 'NONE', #478, #8848, #3947, .T. ) ;
#8945 = CARTESIAN_POINT ( 'NONE',  ( 50.92892228942869082, -56.05854985787100730, 82.12351001501247083 ) ) ;
#8946 = CARTESIAN_POINT ( 'NONE',  ( 33.32232879672930892, -37.76232033811303523, 38.62321017853599869 ) ) ;
#8947 = ADVANCED_FACE ( 'NONE', ( #1720 ), #5489, .F. ) ;
#8948 = CARTESIAN_POINT ( 'NONE',  ( -8.794691138373220696, 60.62573711238590590, 27.73476002685310959 ) ) ;
#8949 = FACE_OUTER_BOUND ( 'NONE', #3871, .T. ) ;
#8950 = CARTESIAN_POINT ( 'NONE',  ( 20.00000000000000000, 22.23817181023014911, 8.623210178535375192 ) ) ;
#8951 = ADVANCED_FACE ( 'NONE', ( #8493 ), #7756, .F. ) ;
#8952 = EDGE_LOOP ( 'NONE', ( #4374, #1213, #6533, #7707, #5422, #4950 ) ) ;
#8953 = VERTEX_POINT ( 'NONE', #9710 ) ;
#8954 = ORIENTED_EDGE ( 'NONE', *, *, #1982, .F. ) ;
#8955 = CARTESIAN_POINT ( 'NONE',  ( -3.000000000000000000, -34.50000000000014921, 4.640619190461828580 ) ) ;
#8957 = ORIENTED_EDGE ( 'NONE', *, *, #9498, .F. ) ;
#8956 = LINE ( 'NONE', #9653, #6964 ) ;
#8958 = DIRECTION ( 'NONE',  ( -1.000000000000000000, -0.000000000000000000, -0.000000000000000000 ) ) ;
#8959 = CARTESIAN_POINT ( 'NONE',  ( 17.00000000000000000, 42.38060671916623789, 58.62321017853516736 ) ) ;
#8960 = ADVANCED_FACE ( 'NONE', ( #5895 ), #2280, .F. ) ;
#8961 = DIRECTION ( 'NONE',  ( 0.000000000000000000, 0.8514537021307104769, -0.5244297790247111068 ) ) ;
#8962 = DIRECTION ( 'NONE',  ( 0.000000000000000000, 0.8514537021307111431, -0.5244297790247101076 ) ) ;
#8963 = LINE ( 'NONE', #9559, #2256 ) ;
#8964 = ORIENTED_EDGE ( 'NONE', *, *, #777, .T. ) ;
#8965 = CARTESIAN_POINT ( 'NONE',  ( -80.00000000000000000, -117.9999999999999716, 0.000000000000000000 ) ) ;
#8966 = ORIENTED_EDGE ( 'NONE', *, *, #1931, .F. ) ;
#8967 = LINE ( 'NONE', #6785, #3456 ) ;
#8968 = DIRECTION ( 'NONE',  ( 0.000000000000000000, -0.8798963622018148856, -0.4751656466791477906 ) ) ;
#8969 = CARTESIAN_POINT ( 'NONE',  ( 76.49822795170091183, -14.95423146057403940, 1.000000000000000000 ) ) ;
#8970 = VECTOR ( 'NONE', #2330, 1000.000000000000000 ) ;
#8971 = CARTESIAN_POINT ( 'NONE',  ( -71.77785589367478281, 24.23231135689443505, 1.078363097739234444 ) ) ;
#8972 = ORIENTED_EDGE ( 'NONE', *, *, #6515, .F. ) ;
#8973 = CARTESIAN_POINT ( 'NONE',  ( 33.32232879672930892, -17.61988542917695355, 28.62321017853579264 ) ) ;
#8974 = VECTOR ( 'NONE', #5718, 1000.000000000000114 ) ;
#8975 = ORIENTED_EDGE ( 'NONE', *, *, #1073, .T. ) ;
#8976 = FACE_OUTER_BOUND ( 'NONE', #1790, .T. ) ;
#8977 = ORIENTED_EDGE ( 'NONE', *, *, #2826, .F. ) ;
#8978 = LINE ( 'NONE', #9683, #6161 ) ;
#8979 = ADVANCED_FACE ( 'NONE', ( #3606 ), #8908, .F. ) ;
#8980 = CARTESIAN_POINT ( 'NONE',  ( 16.99999999999999289, -63.17179712221756915, 49.36956787961116788 ) ) ;
#8981 = CARTESIAN_POINT ( 'NONE',  ( 44.20444321071713034, 59.00021959603989075, 82.11995769849559679 ) ) ;
#8982 = DIRECTION ( 'NONE',  ( 0.000000000000000000, 0.8514537021307111431, -0.5244297790247101076 ) ) ;
#8983 = FACE_OUTER_BOUND ( 'NONE', #4073, .T. ) ;
#8984 = AXIS2_PLACEMENT_3D ( 'NONE', #7879, #2636, #7978 ) ;
#8985 = VERTEX_POINT ( 'NONE', #5246 ) ;
#8986 = ORIENTED_EDGE ( 'NONE', *, *, #3626, .T. ) ;
#8987 = ORIENTED_EDGE ( 'NONE', *, *, #1433, .F. ) ;
#8988 = DIRECTION ( 'NONE',  ( 0.000000000000000000, 0.000000000000000000, 1.000000000000000000 ) ) ;
#8989 = AXIS2_PLACEMENT_3D ( 'NONE', #2583, #8660, #7867 ) ;
#8990 = CARTESIAN_POINT ( 'NONE',  ( 75.16591529587132925, -26.78894957911874997, 27.77403930563306744 ) ) ;
#8991 = ADVANCED_FACE ( 'NONE', ( #1378 ), #2131, .F. ) ;
#8992 = CARTESIAN_POINT ( 'NONE',  ( 17.00000000000000000, 42.23833585967788196, 38.62321017853516736 ) ) ;
#8993 = CARTESIAN_POINT ( 'NONE',  ( 12.69073797767951284, 60.30049392148448106, 27.73518990333328205 ) ) ;
#8994 = CARTESIAN_POINT ( 'NONE',  ( 17.00000000000000000, 49.99999999999997158, 7.891529206581652467 ) ) ;
#8995 = LINE ( 'NONE', #6764, #4474 ) ;
#8996 = AXIS2_PLACEMENT_3D ( 'NONE', #2211, #8349, #4591 ) ;
#8997 = ORIENTED_EDGE ( 'NONE', *, *, #541, .F. ) ;
#8998 = ADVANCED_FACE ( 'NONE', ( #2176 ), #2326, .F. ) ;
#8999 = ORIENTED_EDGE ( 'NONE', *, *, #4006, .T. ) ;
#9000 = EDGE_CURVE ( 'NONE', #3509, #1709, #2575, .T. ) ;
#9001 = VERTEX_POINT ( 'NONE', #6624 ) ;
#9002 = CARTESIAN_POINT ( 'NONE',  ( -76.13901047283447099, 38.45466559651141836, 82.00000000000001421 ) ) ;
#9003 = AXIS2_PLACEMENT_3D ( 'NONE', #2434, #6971, #5139 ) ;
#9005 = ORIENTED_EDGE ( 'NONE', *, *, #1312, .F. ) ;
#9004 = PLANE ( 'NONE',  #9025 ) ;
#9006 = EDGE_CURVE ( 'NONE', #2285, #1797, #7412, .T. ) ;
#9007 = FACE_BOUND ( 'NONE', #8355, .T. ) ;
#9008 = DIRECTION ( 'NONE',  ( 0.000000000000000000, 0.8514537021307108100, -0.5244297790247106628 ) ) ;
#9009 = CARTESIAN_POINT ( 'NONE',  ( 47.58638631270565611, 46.43361672293875131, 1.000000000000000000 ) ) ;
#9010 = FACE_OUTER_BOUND ( 'NONE', #7232, .T. ) ;
#9011 = DIRECTION ( 'NONE',  ( -1.000000000000000000, -0.000000000000000000, -0.000000000000000000 ) ) ;
#9012 = AXIS2_PLACEMENT_3D ( 'NONE', #8728, #8631, #1953 ) ;
#9013 = EDGE_CURVE ( 'NONE', #3709, #6311, #7517, .T. ) ;
#9014 = VERTEX_POINT ( 'NONE', #4555 ) ;
#9015 = VERTEX_POINT ( 'NONE', #3662 ) ;
#9016 = CARTESIAN_POINT ( 'NONE',  ( 80.00000000000001421, 82.87240494960535386, 1.000000000000000000 ) ) ;
#9017 = ORIENTED_EDGE ( 'NONE', *, *, #8703, .T. ) ;
#9018 = CARTESIAN_POINT ( 'NONE',  ( 20.00000000000000355, -56.10835606121674601, 1.041251033692674799 ) ) ;
#9019 = VECTOR ( 'NONE', #7376, 1000.000000000000227 ) ;
#9020 = CARTESIAN_POINT ( 'NONE',  ( -16.81924045494501385, -62.91132856564947673, 54.92164038529947589 ) ) ;
#9021 = CARTESIAN_POINT ( 'NONE',  ( 0.000000000000000000, 0.000000000000000000, 0.000000000000000000 ) ) ;
#9022 = CARTESIAN_POINT ( 'NONE',  ( 18.00254919882787163, -57.49645505333253226, 1.041287413649470084 ) ) ;
#9023 = DIRECTION ( 'NONE',  ( -1.000000000000000000, -0.000000000000000000, -0.000000000000000000 ) ) ;
#9024 = CARTESIAN_POINT ( 'NONE',  ( 8.612131237439541565, 57.73834658757136395, 1.055570592508004779 ) ) ;
#9025 = AXIS2_PLACEMENT_3D ( 'NONE', #1477, #4503, #5294 ) ;
#9026 = VERTEX_POINT ( 'NONE', #1430 ) ;
#9027 = LINE ( 'NONE', #8, #1778 ) ;
#9028 = ORIENTED_EDGE ( 'NONE', *, *, #5925, .T. ) ;
#9029 = FACE_OUTER_BOUND ( 'NONE', #6017, .T. ) ;
#9030 = VERTEX_POINT ( 'NONE', #3072 ) ;
#9031 = DIRECTION ( 'NONE',  ( 0.000000000000000000, -0.8798963622018147746, -0.4751656466791477906 ) ) ;
#9032 = FACE_BOUND ( 'NONE', #4539, .T. ) ;
#9033 = CARTESIAN_POINT ( 'NONE',  ( 17.00000000000000000, 26.49716339940816567, 66.00000000000021316 ) ) ;
#9034 = FACE_OUTER_BOUND ( 'NONE', #2135, .T. ) ;
#9035 = CARTESIAN_POINT ( 'NONE',  ( 49.65559662308262290, 45.07297461302052000, 0.5582979856143484021 ) ) ;
#9036 = VECTOR ( 'NONE', #9233, 1000.000000000000114 ) ;
#9037 = DIRECTION ( 'NONE',  ( 0.000000000000000000, 0.1069049175950392699, 0.9942692485408556324 ) ) ;
#9038 = DIRECTION ( 'NONE',  ( 0.000000000000000000, 0.02844266007110470701, 0.9995954257038591750 ) ) ;
#9039 = VERTEX_POINT ( 'NONE', #591 ) ;
#9040 = ORIENTED_EDGE ( 'NONE', *, *, #9666, .T. ) ;
#9041 = AXIS2_PLACEMENT_3D ( 'NONE', #8330, #260, #1798 ) ;
#9042 = VERTEX_POINT ( 'NONE', #6083 ) ;
#9043 = EDGE_LOOP ( 'NONE', ( #4689, #7695, #2773, #438 ) ) ;
#9044 = DIRECTION ( 'NONE',  ( -1.000000000000000000, -0.000000000000000000, -0.000000000000000000 ) ) ;
#9045 = AXIS2_PLACEMENT_3D ( 'NONE', #5081, #9136, #4780 ) ;
#9046 = AXIS2_PLACEMENT_3D ( 'NONE', #6985, #208, #2543 ) ;
#9047 = CARTESIAN_POINT ( 'NONE',  ( 67.86512022043957870, -35.71335010829419332, 27.76354052230603386 ) ) ;
#9048 = CARTESIAN_POINT ( 'NONE',  ( 17.00000000000000000, 26.78170511838488466, 16.00000000000020961 ) ) ;
#9049 = CARTESIAN_POINT ( 'NONE',  ( 7.233917309728785661, 66.85004485388520834, 82.11061439037663945 ) ) ;
#9050 =( BOUNDED_CURVE ( )  B_SPLINE_CURVE ( 3, ( #6394, #408, #4223, #7226 ),
 .UNSPECIFIED., .F., .F. ) 
 B_SPLINE_CURVE_WITH_KNOTS ( ( 4, 4 ),
 ( 0.000000000000000000, 1.763348955692560116 ),
 .UNSPECIFIED. ) 
 CURVE ( )  GEOMETRIC_REPRESENTATION_ITEM ( )  RATIONAL_B_SPLINE_CURVE ( ( 1.000000000000000000, 0.7572397775849957213, 0.7572397775849957213, 1.000000000000000000 ) ) 
 REPRESENTATION_ITEM ( '' )  );
#9051 = DIRECTION ( 'NONE',  ( -1.000000000000000000, -0.000000000000000000, -0.000000000000000000 ) ) ;
#9052 = CARTESIAN_POINT ( 'NONE',  ( 17.00000000000000000, 2.380278620270778855, 28.62321017853558658 ) ) ;
#9053 = VECTOR ( 'NONE', #4857, 1000.000000000000114 ) ;
#9054 = VERTEX_POINT ( 'NONE', #4457 ) ;
#9055 = ADVANCED_FACE ( 'NONE', ( #737 ), #3763, .F. ) ;
#9056 = ORIENTED_EDGE ( 'NONE', *, *, #4527, .F. ) ;
#9057 = LINE ( 'NONE', #5004, #406 ) ;
#9058 = ORIENTED_EDGE ( 'NONE', *, *, #5449, .T. ) ;
#9059 = LINE ( 'NONE', #2276, #285 ) ;
#9060 = VECTOR ( 'NONE', #3708, 1000.000000000000114 ) ;
#9062 = ORIENTED_EDGE ( 'NONE', *, *, #6020, .F. ) ;
#9061 = PLANE ( 'NONE',  #5549 ) ;
#9063 = DIRECTION ( 'NONE',  ( 0.000000000000000000, 0.000000000000000000, 1.000000000000000000 ) ) ;
#9064 = LINE ( 'NONE', #8311, #6682 ) ;
#9065 = LINE ( 'NONE', #1585, #9475 ) ;
#9066 = DIRECTION ( 'NONE',  ( 0.000000000000000000, -0.8798963622018149966, -0.4751656466791475131 ) ) ;
#9067 = EDGE_CURVE ( 'NONE', #758, #7728, #6725, .T. ) ;
#9068 = LINE ( 'NONE', #3075, #1463 ) ;
#9069 = EDGE_CURVE ( 'NONE', #6793, #2372, #6775, .T. ) ;
#9070 = EDGE_CURVE ( 'NONE', #4720, #8302, #7567, .T. ) ;
#9071 = ORIENTED_EDGE ( 'NONE', *, *, #7727, .T. ) ;
#9072 = CARTESIAN_POINT ( 'NONE',  ( 17.00000000000010303, 56.63959830834410525, 1.043340044816265966 ) ) ;
#9073 = VERTEX_POINT ( 'NONE', #793 ) ;
#9074 = CARTESIAN_POINT ( 'NONE',  ( 18.00260252351205281, -56.47721437713409642, 1.041260700906377012 ) ) ;
#9075 = CARTESIAN_POINT ( 'NONE',  ( -20.37330352791243016, -59.12438090734352159, 27.73261114352058598 ) ) ;
#9076 = CARTESIAN_POINT ( 'NONE',  ( 33.32232879672930892, 51.04086075701062697, 73.37678982146483975 ) ) ;
#9077 = DIRECTION ( 'NONE',  ( 0.000000000000000000, 0.9995954257038592861, -0.02844266007110471048 ) ) ;
#9078 = EDGE_CURVE ( 'NONE', #677, #3483, #5350, .T. ) ;
#9079 = CARTESIAN_POINT ( 'NONE',  ( -4.148285862026424020, 57.94106239654469448, 1.055426449318396909 ) ) ;
#9080 = EDGE_CURVE ( 'NONE', #4886, #3992, #9064, .T. ) ;
#9081 = ORIENTED_EDGE ( 'NONE', *, *, #6565, .T. ) ;
#9082 = FACE_OUTER_BOUND ( 'NONE', #2063, .T. ) ;
#9083 = EDGE_LOOP ( 'NONE', ( #2708, #3124, #3720, #8155 ) ) ;
#9084 = LINE ( 'NONE', #9175, #2367 ) ;
#9085 = ORIENTED_EDGE ( 'NONE', *, *, #4662, .T. ) ;
#9086 = FACE_OUTER_BOUND ( 'NONE', #648, .T. ) ;
#9087 = CARTESIAN_POINT ( 'NONE',  ( 20.00000000000000000, 22.38044266971850504, 73.62321017853537342 ) ) ;
#9088 = DIRECTION ( 'NONE',  ( 1.000000000000000000, 0.000000000000000000, 0.000000000000000000 ) ) ;
#9089 = LINE ( 'NONE', #4633, #8406 ) ;
#9090 = CARTESIAN_POINT ( 'NONE',  ( 31.46856067168540250, 63.10030277478238503, 82.11505131124459922 ) ) ;
#9091 = CARTESIAN_POINT ( 'NONE',  ( -75.50498334987935323, -17.05712202501971930, 0.9999999999999997780 ) ) ;
#9092 = LINE ( 'NONE', #717, #7741 ) ;
#9093 = ORIENTED_EDGE ( 'NONE', *, *, #4123, .F. ) ;
#9094 = ORIENTED_EDGE ( 'NONE', *, *, #6839, .T. ) ;
#9095 = EDGE_LOOP ( 'NONE', ( #6439, #9249, #4733, #2467, #1069, #8798 ) ) ;
#9096 = DIRECTION ( 'NONE',  ( 0.000000000000000000, -0.02844266007110327760, -0.9995954257038591750 ) ) ;
#9097 = CARTESIAN_POINT ( 'NONE',  ( 92.37788446917684837, -8.395883146762058047, 82.16901709833116740 ) ) ;
#9098 = CARTESIAN_POINT ( 'NONE',  ( -3.000000000000000000, -34.50000000000004263, 21.04061919046182538 ) ) ;
#9099 = CARTESIAN_POINT ( 'NONE',  ( 14.90049989158540278, 56.94239579144867491, 0.5476628948451651713 ) ) ;
#9100 = LINE ( 'NONE', #6026, #832 ) ;
#9101 = VERTEX_POINT ( 'NONE', #1584 ) ;
#9102 = ORIENTED_EDGE ( 'NONE', *, *, #2642, .F. ) ;
#9103 = CARTESIAN_POINT ( 'NONE',  ( 17.00000000000000000, -17.76215628866530949, 38.62321017853578553 ) ) ;
#9104 = ORIENTED_EDGE ( 'NONE', *, *, #8519, .T. ) ;
#9105 = CARTESIAN_POINT ( 'NONE',  ( -54.71670886004891798, 54.16408321626920497, 82.00000000000000000 ) ) ;
#9107 = ORIENTED_EDGE ( 'NONE', *, *, #1193, .T. ) ;
#9106 = CARTESIAN_POINT ( 'NONE',  ( 20.00000000000000000, -37.76232033811303523, 8.623210178535998693 ) ) ;
#9108 = LINE ( 'NONE', #9156, #4409 ) ;
#9109 = DIRECTION ( 'NONE',  ( 0.000000000000000000, 0.4751656466791483457, -0.8798963622018145525 ) ) ;
#9110 = LINE ( 'NONE', #4607, #2846 ) ;
#9111 = ADVANCED_FACE ( 'NONE', ( #2874 ), #9157, .F. ) ;
#9112 = FACE_OUTER_BOUND ( 'NONE', #7131, .T. ) ;
#9113 = AXIS2_PLACEMENT_3D ( 'NONE', #176, #6256, #3207 ) ;
#9114 = ORIENTED_EDGE ( 'NONE', *, *, #9426, .T. ) ;
#9115 = CARTESIAN_POINT ( 'NONE',  ( 33.32232879672930892, 42.23833585967788196, 8.623210178535167358 ) ) ;
#9116 = ORIENTED_EDGE ( 'NONE', *, *, #8146, .F. ) ;
#9117 = PLANE ( 'NONE',  #4097 ) ;
#9118 = CARTESIAN_POINT ( 'NONE',  ( -31.58311692574099183, -53.09449327651931583, 0.5468995146028592380 ) ) ;
#9119 = FACE_OUTER_BOUND ( 'NONE', #8111, .T. ) ;
#9120 = ADVANCED_FACE ( 'NONE', ( #289 ), #9210, .F. ) ;
#9121 = LINE ( 'NONE', #4567, #825 ) ;
#9122 = CARTESIAN_POINT ( 'NONE',  ( 17.00000000000000000, -8.959631391332559147, 73.37678982146546502 ) ) ;
#9123 = ORIENTED_EDGE ( 'NONE', *, *, #4413, .T. ) ;
#9124 = DIRECTION ( 'NONE',  ( 0.000000000000000000, -0.4751656466791471800, 0.8798963622018151076 ) ) ;
#9125 = ADVANCED_FACE ( 'NONE', ( #5497 ), #6874, .F. ) ;
#9126 = VERTEX_POINT ( 'NONE', #8503 ) ;
#9127 = DIRECTION ( 'NONE',  ( 0.000000000000000000, -0.4751656466791471800, 0.8798963622018151076 ) ) ;
#9128 = EDGE_CURVE ( 'NONE', #2310, #5790, #6273, .T. ) ;
#9129 = VERTEX_POINT ( 'NONE', #4750 ) ;
#9130 = CARTESIAN_POINT ( 'NONE',  ( 17.00000000000000000, 57.99809726907902530, 1.038260477640243096 ) ) ;
#9131 = DIRECTION ( 'NONE',  ( 0.000000000000000000, -0.8798963622018144415, -0.4751656466791482902 ) ) ;
#9132 = DIRECTION ( 'NONE',  ( 0.000000000000000000, 0.02844266007110328107, 0.9995954257038591750 ) ) ;
#9133 = LINE ( 'NONE', #9182, #6501 ) ;
#9134 = LINE ( 'NONE', #1557, #8071 ) ;
#9135 = EDGE_CURVE ( 'NONE', #2844, #5021, #7764, .T. ) ;
#9136 = DIRECTION ( 'NONE',  ( -1.000000000000000000, -0.000000000000000000, -0.000000000000000000 ) ) ;
#9137 = FACE_BOUND ( 'NONE', #9190, .T. ) ;
#9138 = AXIS2_PLACEMENT_3D ( 'NONE', #8453, #8736, #1678 ) ;
#9139 = ORIENTED_EDGE ( 'NONE', *, *, #5865, .T. ) ;
#9140 = VERTEX_POINT ( 'NONE', #8458 ) ;
#9141 = VERTEX_POINT ( 'NONE', #137 ) ;
#9142 = CARTESIAN_POINT ( 'NONE',  ( 17.00000000000000000, -37.00000000000000000, 28.95805212599729472 ) ) ;
#9143 = EDGE_CURVE ( 'NONE', #3510, #7635, #1782, .T. ) ;
#9144 = CARTESIAN_POINT ( 'NONE',  ( 72.75665518311366498, -22.42786728583846667, 0.5873020936513948520 ) ) ;
#9145 = AXIS2_PLACEMENT_3D ( 'NONE', #8433, #4674, #4722 ) ;
#9146 = CARTESIAN_POINT ( 'NONE',  ( -85.61239423014284000, 15.83207923908463322, 54.97473055656048757 ) ) ;
#9147 = PLANE ( 'NONE',  #1251 ) ;
#9148 = CARTESIAN_POINT ( 'NONE',  ( -8.000000000000000000, 42.50000000000000000, 25.03860113793880160 ) ) ;
#9149 = VERTEX_POINT ( 'NONE', #4802 ) ;
#9150 = VECTOR ( 'NONE', #7365, 1000.000000000000000 ) ;
#9151 = ORIENTED_EDGE ( 'NONE', *, *, #5010, .T. ) ;
#9152 = DIRECTION ( 'NONE',  ( -1.000000000000000000, -0.000000000000000000, -0.000000000000000000 ) ) ;
#9153 = CARTESIAN_POINT ( 'NONE',  ( 17.00000000000001776, 65.86347318203229406, 82.00000000000001421 ) ) ;
#9155 = ORIENTED_EDGE ( 'NONE', *, *, #1686, .T. ) ;
#9154 = DIRECTION ( 'NONE',  ( 0.000000000000000000, -0.8514537021307111431, 0.5244297790247101076 ) ) ;
#9156 = CARTESIAN_POINT ( 'NONE',  ( 20.00000000000000000, -49.10223034971637190, 23.37678982146587714 ) ) ;
#9157 = PLANE ( 'NONE',  #5107 ) ;
#9158 = CARTESIAN_POINT ( 'NONE',  ( 28.87113626342579309, 53.99038808084353036, 1.000000000000000222 ) ) ;
#9159 = AXIS2_PLACEMENT_3D ( 'NONE', #7568, #738, #2327 ) ;
#9160 = LINE ( 'NONE', #3173, #6053 ) ;
#9161 = VECTOR ( 'NONE', #9535, 1000.000000000000114 ) ;
#9162 = ORIENTED_EDGE ( 'NONE', *, *, #4771, .T. ) ;
#9163 = DIRECTION ( 'NONE',  ( 0.000000000000000000, -0.02844266007110470701, -0.9995954257038591750 ) ) ;
#9164 = ORIENTED_EDGE ( 'NONE', *, *, #3188, .T. ) ;
#9165 = LINE ( 'NONE', #3083, #1080 ) ;
#9166 = CARTESIAN_POINT ( 'NONE',  ( -32.55208652548576964, -62.87356374699754014, 82.11531905688347877 ) ) ;
#9167 = DIRECTION ( 'NONE',  ( -1.000000000000000000, -0.000000000000000000, -0.000000000000000000 ) ) ;
#9168 = CARTESIAN_POINT ( 'NONE',  ( 11.99999999999994138, 45.00000000000000000, 1.038601137938794494 ) ) ;
#9169 = CARTESIAN_POINT ( 'NONE',  ( -75.71374336347156486, -16.59106686390322238, 1.082143831222809993 ) ) ;
#9170 = AXIS2_PLACEMENT_3D ( 'NONE', #1455, #4380, #1304 ) ;
#9171 = ORIENTED_EDGE ( 'NONE', *, *, #8519, .F. ) ;
#9172 = DIRECTION ( 'NONE',  ( 0.000000000000000000, 0.000000000000000000, 1.000000000000000000 ) ) ;
#9173 = ADVANCED_FACE ( 'NONE', ( #930 ), #3271, .F. ) ;
#9174 = ORIENTED_EDGE ( 'NONE', *, *, #8346, .T. ) ;
#9175 = CARTESIAN_POINT ( 'NONE',  ( 17.00000000000000000, 42.38060671916623789, 73.62321017853516025 ) ) ;
#9176 = AXIS2_PLACEMENT_3D ( 'NONE', #9021, #2188, #7577 ) ;
#9177 = VECTOR ( 'NONE', #9031, 1000.000000000000227 ) ;
#9178 = ORIENTED_EDGE ( 'NONE', *, *, #2246, .T. ) ;
#9179 = CARTESIAN_POINT ( 'NONE',  ( 0.000000000000000000, 66.59567100168612797, 81.00000000000000000 ) ) ;
#9180 = DIRECTION ( 'NONE',  ( -1.000000000000000000, 0.000000000000000000, 0.000000000000000000 ) ) ;
#9181 = CARTESIAN_POINT ( 'NONE',  ( -3.000000000000000000, 42.49999999999990052, 10.03860113793879982 ) ) ;
#9182 = CARTESIAN_POINT ( 'NONE',  ( 33.32232879672930892, -53.50349279838274441, 51.00000000000104450 ) ) ;
#9183 = CARTESIAN_POINT ( 'NONE',  ( 17.00000000000000000, -13.21862298051057394, 76.00000000000062528 ) ) ;
#9184 = CARTESIAN_POINT ( 'NONE',  ( -69.67694438752104702, -27.39763796326552026, 1.000000000000000222 ) ) ;
#9185 = DIRECTION ( 'NONE',  ( -1.000000000000000000, -0.000000000000000000, -0.000000000000000000 ) ) ;
#9186 = EDGE_CURVE ( 'NONE', #5461, #7373, #6970, .T. ) ;
#9187 = VECTOR ( 'NONE', #9277, 1000.000000000000114 ) ;
#9188 = EDGE_CURVE ( 'NONE', #9265, #9797, #3225, .T. ) ;
#9189 = ORIENTED_EDGE ( 'NONE', *, *, #5394, .T. ) ;
#9190 = EDGE_LOOP ( 'NONE', ( #970, #2020 ) ) ;
#9191 = ADVANCED_FACE ( 'NONE', ( #3171 ), #2523, .F. ) ;
#9192 = ORIENTED_EDGE ( 'NONE', *, *, #2462, .T. ) ;
#9193 = LINE ( 'NONE', #5529, #2788 ) ;
#9194 = AXIS2_PLACEMENT_3D ( 'NONE', #6412, #4891, #7999 ) ;
#9195 = CARTESIAN_POINT ( 'NONE',  ( 81.75121217253213501, -13.08969492605285723, 27.78607193241036555 ) ) ;
#9196 = CARTESIAN_POINT ( 'NONE',  ( -83.59291405491789817, 2.712250060077848079, 27.79001259852187289 ) ) ;
#9197 = CARTESIAN_POINT ( 'NONE',  ( -38.35942597892410078, 50.62986878854626838, 0.5565913561367417106 ) ) ;
#9198 = LINE ( 'NONE', #7557, #5100 ) ;
#9199 = ADVANCED_FACE ( 'NONE', ( #7815 ), #6127, .F. ) ;
#9200 = VECTOR ( 'NONE', #6013, 1000.000000000000000 ) ;
#9201 = VERTEX_POINT ( 'NONE', #2478 ) ;
#9202 = AXIS2_PLACEMENT_3D ( 'NONE', #8127, #5160, #5062 ) ;
#9203 = EDGE_CURVE ( 'NONE', #516, #6962, #2574, .T. ) ;
#9204 = ORIENTED_EDGE ( 'NONE', *, *, #8925, .F. ) ;
#9205 = CARTESIAN_POINT ( 'NONE',  ( -3.000000000000000000, 42.49999999999986500, 6.438601137938797514 ) ) ;
#9206 = CARTESIAN_POINT ( 'NONE',  ( -8.000000000000000000, -37.00000000000000711, 1.040619190461828936 ) ) ;
#9208 = EDGE_LOOP ( 'NONE', ( #5119, #1145 ) ) ;
#9207 = FACE_OUTER_BOUND ( 'NONE', #2458, .T. ) ;
#9209 = CARTESIAN_POINT ( 'NONE',  ( 20.00000000000000000, 2.380278620270778855, 58.62321017853558658 ) ) ;
#9210 = PLANE ( 'NONE',  #7153 ) ;
#9211 = VECTOR ( 'NONE', #2731, 1000.000000000000000 ) ;
#9212 = DIRECTION ( 'NONE',  ( 0.000000000000000000, 0.8514537021307104769, -0.5244297790247111068 ) ) ;
#9213 = LINE ( 'NONE', #8460, #4632 ) ;
#9214 = VECTOR ( 'NONE', #3238, 1000.000000000000000 ) ;
#9215 = VECTOR ( 'NONE', #9304, 1000.000000000000000 ) ;
#9216 = ORIENTED_EDGE ( 'NONE', *, *, #5190, .F. ) ;
#9217 = LINE ( 'NONE', #2237, #4221 ) ;
#9218 = EDGE_LOOP ( 'NONE', ( #9164, #8509, #5676, #261 ) ) ;
#9219 = DIRECTION ( 'NONE',  ( 0.000000000000000000, -0.9995954257038592861, 0.02844266007110328107 ) ) ;
#9220 = CARTESIAN_POINT ( 'NONE',  ( -24.83794290213301181, -58.30566087571148159, 27.73369587835205508 ) ) ;
#9221 = FACE_OUTER_BOUND ( 'NONE', #9288, .T. ) ;
#9222 = DIRECTION ( 'NONE',  ( 0.000000000000000000, -0.8798963622018151076, -0.4751656466791471800 ) ) ;
#9223 = CARTESIAN_POINT ( 'NONE',  ( -74.07411346633386984, -20.18580459355495194, 1.080499957999666805 ) ) ;
#9224 = ORIENTED_EDGE ( 'NONE', *, *, #2116, .T. ) ;
#9225 = LINE ( 'NONE', #7636, #4468 ) ;
#9226 = ORIENTED_EDGE ( 'NONE', *, *, #2658, .F. ) ;
#9227 = CARTESIAN_POINT ( 'NONE',  ( 20.00000000000000000, -17.61988542917695355, 28.62321017853579264 ) ) ;
#9228 = VERTEX_POINT ( 'NONE', #8413 ) ;
#9229 = CARTESIAN_POINT ( 'NONE',  ( 13.49732744885586300, 46.49732744885589142, 21.00000000000000000 ) ) ;
#9230 = CARTESIAN_POINT ( 'NONE',  ( -3.000000000000000000, -34.50000000000004263, 21.04061919046182538 ) ) ;
#9231 = LINE ( 'NONE', #67, #2860 ) ;
#9232 = CARTESIAN_POINT ( 'NONE',  ( 33.32232879672930892, -53.21895107940602543, 76.00000000000103739 ) ) ;
#9233 = DIRECTION ( 'NONE',  ( 0.000000000000000000, 0.8514537021307111431, -0.5244297790247101076 ) ) ;
#9234 = CARTESIAN_POINT ( 'NONE',  ( -50.47609282410399345, -44.61434845990780929, 0.9999999999999997780 ) ) ;
#9235 = CARTESIAN_POINT ( 'NONE',  ( 74.99999999999998579, -109.9999999999999858, 0.000000000000000000 ) ) ;
#9236 = EDGE_CURVE ( 'NONE', #1879, #1337, #7067, .T. ) ;
#9237 = ORIENTED_EDGE ( 'NONE', *, *, #2418, .T. ) ;
#9238 = ORIENTED_EDGE ( 'NONE', *, *, #9781, .F. ) ;
#9239 = ORIENTED_EDGE ( 'NONE', *, *, #3374, .F. ) ;
#9240 = CARTESIAN_POINT ( 'NONE',  ( 17.00000000000000000, 49.99999999999997158, 31.03860113793880160 ) ) ;
#9241 = EDGE_CURVE ( 'NONE', #711, #4115, #8607, .T. ) ;
#9242 = CARTESIAN_POINT ( 'NONE',  ( 81.07888811561764442, -25.35034839645128457, 54.96675211355601931 ) ) ;
#9243 = CARTESIAN_POINT ( 'NONE',  ( -75.13985809216512735, 17.69587662081561064, 0.5918232687694658933 ) ) ;
#9244 = CARTESIAN_POINT ( 'NONE',  ( 33.32232879672930892, 2.238007760782423361, 68.62321017853557237 ) ) ;
#9245 = CARTESIAN_POINT ( 'NONE',  ( -48.28307129078727655, 45.94828893392288194, 0.5632393268934616781 ) ) ;
#9246 = EDGE_CURVE ( 'NONE', #9625, #711, #4657, .T. ) ;
#9247 = CARTESIAN_POINT ( 'NONE',  ( 17.00000000000000000, -29.10206630026864616, 68.37678982146566398 ) ) ;
#9248 = ORIENTED_EDGE ( 'NONE', *, *, #1865, .T. ) ;
#9249 = ORIENTED_EDGE ( 'NONE', *, *, #2471, .F. ) ;
#9250 = DIRECTION ( 'NONE',  ( 0.000000000000000000, 0.02844266007110328107, 0.9995954257038591750 ) ) ;
#9251 = EDGE_CURVE ( 'NONE', #2698, #3643, #3908, .T. ) ;
#9252 = DIRECTION ( 'NONE',  ( 0.000000000000000000, -0.8514537021307108100, 0.5244297790247105517 ) ) ;
#9253 = EDGE_CURVE ( 'NONE', #1935, #8718, #8791, .T. ) ;
#9255 = ORIENTED_EDGE ( 'NONE', *, *, #8041, .F. ) ;
#9254 = LINE ( 'NONE', #3905, #1762 ) ;
#9256 = FACE_BOUND ( 'NONE', #6937, .T. ) ;
#9257 = DIRECTION ( 'NONE',  ( 0.7071067811865539010, -0.7071067811865411334, -0.000000000000000000 ) ) ;
#9258 = CARTESIAN_POINT ( 'NONE',  ( -71.57716073078968577, 24.53544664756840987, 0.9999999999999997780 ) ) ;
#9259 = EDGE_CURVE ( 'NONE', #4789, #8953, #6703, .T. ) ;
#9260 = DIRECTION ( 'NONE',  ( 0.000000000000000000, -0.02844266007110470701, -0.9995954257038591750 ) ) ;
#9261 = VECTOR ( 'NONE', #6174, 1000.000000000000114 ) ;
#9262 = VERTEX_POINT ( 'NONE', #8050 ) ;
#9263 = CARTESIAN_POINT ( 'NONE',  ( 16.99999999999999645, 60.37721559734988119, 24.83451139036849042 ) ) ;
#9264 = ADVANCED_FACE ( 'NONE', ( #2014 ), #386, .F. ) ;
#9265 = VERTEX_POINT ( 'NONE', #4987 ) ;
#9266 = CARTESIAN_POINT ( 'NONE',  ( -94.00000000000000000, 2.270200223097281350E-15, 81.00000000000000000 ) ) ;
#9267 = LINE ( 'NONE', #5603, #3943 ) ;
#9268 = CARTESIAN_POINT ( 'NONE',  ( -75.00000000000000000, 0.000000000000000000, 0.000000000000000000 ) ) ;
#9269 = AXIS2_PLACEMENT_3D ( 'NONE', #3156, #7551, #3058 ) ;
#9270 = DIRECTION ( 'NONE',  ( 0.000000000000000000, 0.8798963622018151076, 0.4751656466791471800 ) ) ;
#9271 = DIRECTION ( 'NONE',  ( 0.000000000000000000, -0.02844266007110470701, -0.9995954257038591750 ) ) ;
#9272 = EDGE_LOOP ( 'NONE', ( #9476, #4149, #3532, #526, #376, #308 ) ) ;
#9273 = PLANE ( 'NONE',  #3834 ) ;
#9274 = VERTEX_POINT ( 'NONE', #9443 ) ;
#9275 = LINE ( 'NONE', #1843, #9351 ) ;
#9276 = EDGE_LOOP ( 'NONE', ( #1272, #1901, #8527, #2324 ) ) ;
#9277 = DIRECTION ( 'NONE',  ( 0.000000000000000000, 0.8514537021307104769, -0.5244297790247111068 ) ) ;
#9278 = CARTESIAN_POINT ( 'NONE',  ( -8.000000000000000000, -37.00000000000000711, 1.040619190461828936 ) ) ;
#9279 = CARTESIAN_POINT ( 'NONE',  ( 20.00000000000000000, -49.10223034971637190, 38.37678982146587714 ) ) ;
#9280 = CARTESIAN_POINT ( 'NONE',  ( 33.32232879672930892, -33.21878702995829968, 61.00000000000083134 ) ) ;
#9281 = CARTESIAN_POINT ( 'NONE',  ( 19.26788705524400314, 59.36447076131758394, 27.73230107046009962 ) ) ;
#9282 = CARTESIAN_POINT ( 'NONE',  ( -14.54327397546785328, -57.01362856696646020, 0.9999999999999997780 ) ) ;
#9283 = DIRECTION ( 'NONE',  ( 0.000000000000000000, 0.4751656466791482347, -0.8798963622018146635 ) ) ;
#9284 = ORIENTED_EDGE ( 'NONE', *, *, #2160, .F. ) ;
#9285 = CARTESIAN_POINT ( 'NONE',  ( 20.00000000000000000, -53.50349279838274441, 51.00000000000104450 ) ) ;
#9286 = VERTEX_POINT ( 'NONE', #4200 ) ;
#9287 = DIRECTION ( 'NONE',  ( -1.000000000000000000, -0.000000000000000000, -0.000000000000000000 ) ) ;
#9288 = EDGE_LOOP ( 'NONE', ( #5665, #4310, #1787, #5166 ) ) ;
#9289 = CARTESIAN_POINT ( 'NONE',  ( 73.86334681232486332, -20.38521461371301413, 0.5893565682491812563 ) ) ;
#9290 = CARTESIAN_POINT ( 'NONE',  ( -73.62729986539774529, 20.90083642588475854, 0.5888744834225585478 ) ) ;
#9291 = DIRECTION ( 'NONE',  ( 0.000000000000000000, -0.4751656466791475131, 0.8798963622018149966 ) ) ;
#9292 = CARTESIAN_POINT ( 'NONE',  ( -45.02779270385599375, 51.39125347250313069, 27.74706678589773290 ) ) ;
#9293 = DIRECTION ( 'NONE',  ( -1.000000000000000000, -0.000000000000000000, -0.000000000000000000 ) ) ;
#9294 = ORIENTED_EDGE ( 'NONE', *, *, #2641, .T. ) ;
#9295 = EDGE_LOOP ( 'NONE', ( #5097, #6289, #1690, #8592 ) ) ;
#9296 = DIRECTION ( 'NONE',  ( 0.000000000000000000, 0.8514537021307111431, -0.5244297790247101076 ) ) ;
#9297 = EDGE_CURVE ( 'NONE', #7635, #4886, #9543, .T. ) ;
#9298 = AXIS2_PLACEMENT_3D ( 'NONE', #6325, #7122, #4703 ) ;
#9299 = CARTESIAN_POINT ( 'NONE',  ( 33.32232879672930892, 6.781541068937156247, 76.00000000000041211 ) ) ;
#9300 = DIRECTION ( 'NONE',  ( 0.000000000000000000, 0.8514537021307108100, -0.5244297790247106628 ) ) ;
#9301 = LINE ( 'NONE', #8556, #6299 ) ;
#9302 = DIRECTION ( 'NONE',  ( 0.000000000000000000, 0.9995954257038592861, -0.02844266007110470354 ) ) ;
#9303 = DIRECTION ( 'NONE',  ( -1.000000000000000000, 0.000000000000000000, 0.000000000000000000 ) ) ;
#9304 = DIRECTION ( 'NONE',  ( 0.000000000000000000, -1.000000000000000000, 8.673617379884027583E-16 ) ) ;
#9305 = AXIS2_PLACEMENT_3D ( 'NONE', #8815, #8920, #1389 ) ;
#9306 = EDGE_CURVE ( 'NONE', #615, #9749, #6414, .T. ) ;
#9307 = EDGE_CURVE ( 'NONE', #8523, #6471, #1268, .T. ) ;
#9308 = EDGE_CURVE ( 'NONE', #8611, #3902, #7253, .T. ) ;
#9309 = ORIENTED_EDGE ( 'NONE', *, *, #4425, .T. ) ;
#9310 = FACE_OUTER_BOUND ( 'NONE', #5348, .T. ) ;
#9311 = VECTOR ( 'NONE', #2240, 1000.000000000000000 ) ;
#9312 = VERTEX_POINT ( 'NONE', #2664 ) ;
#9313 = CARTESIAN_POINT ( 'NONE',  ( 17.00000000000000000, -32.00000000000000000, 1.040619190461824717 ) ) ;
#9314 = CARTESIAN_POINT ( 'NONE',  ( 18.08712368576455631, -56.39846426952490788, 0.5422229076883443577 ) ) ;
#9315 = LINE ( 'NONE', #4856, #4143 ) ;
#9316 = CARTESIAN_POINT ( 'NONE',  ( 33.32232879672930892, -17.61988542917695355, 13.62321017853579264 ) ) ;
#9317 = CARTESIAN_POINT ( 'NONE',  ( 86.61694303722084953, -26.41669077093290596, 82.00000000000000000 ) ) ;
#9318 = VECTOR ( 'NONE', #1939, 1000.000000000000227 ) ;
#9319 = ORIENTED_EDGE ( 'NONE', *, *, #6707, .T. ) ;
#9320 = LINE ( 'NONE', #2630, #3999 ) ;
#9321 = ORIENTED_EDGE ( 'NONE', *, *, #4413, .F. ) ;
#9322 = DIRECTION ( 'NONE',  ( 1.000000000000000000, -0.000000000000000000, 0.000000000000000000 ) ) ;
#9323 = ORIENTED_EDGE ( 'NONE', *, *, #1206, .F. ) ;
#9324 = CARTESIAN_POINT ( 'NONE',  ( 33.32232879672930892, -57.62021352807240504, 73.62321017853621186 ) ) ;
#9325 = FACE_OUTER_BOUND ( 'NONE', #6352, .T. ) ;
#9326 = CARTESIAN_POINT ( 'NONE',  ( 75.00000000000000000, -6.735557395310442615E-15, 1.000000000000000000 ) ) ;
#9327 = LINE ( 'NONE', #4032, #158 ) ;
#9328 = CARTESIAN_POINT ( 'NONE',  ( -62.91486692305572603, 35.26573306138323005, 1.000000000000000000 ) ) ;
#9329 = VECTOR ( 'NONE', #3846, 1000.000000000000000 ) ;
#9330 = CARTESIAN_POINT ( 'NONE',  ( -62.91486692476647136, -35.26573305971611916, 1.000000000000000000 ) ) ;
#9331 = CARTESIAN_POINT ( 'NONE',  ( -3.000000000000000000, 42.49999999999993605, 15.03860113793879982 ) ) ;
#9332 = ORIENTED_EDGE ( 'NONE', *, *, #4999, .F. ) ;
#9333 = CARTESIAN_POINT ( 'NONE',  ( 33.32232879672930892, 26.49716339940816567, 51.00000000000021316 ) ) ;
#9334 = VECTOR ( 'NONE', #3576, 1000.000000000000000 ) ;
#9335 = ORIENTED_EDGE ( 'NONE', *, *, #5857, .T. ) ;
#9336 = DIRECTION ( 'NONE',  ( -1.000000000000000000, 0.000000000000000000, 0.000000000000000000 ) ) ;
#9337 = VERTEX_POINT ( 'NONE', #3452 ) ;
#9338 = CARTESIAN_POINT ( 'NONE',  ( 87.69536612648728635, 22.41385884400778039, 82.16046075601546761 ) ) ;
#9339 = CARTESIAN_POINT ( 'NONE',  ( -91.46725513063219637, 12.35380039643470518, 82.16724396144788045 ) ) ;
#9340 = VECTOR ( 'NONE', #4818, 1000.000000000000114 ) ;
#9341 = PLANE ( 'NONE',  #3987 ) ;
#9342 = CARTESIAN_POINT ( 'NONE',  ( -11.13219339204435165, 57.40093996218319461, 0.5470153324473815415 ) ) ;
#9343 = EDGE_LOOP ( 'NONE', ( #1118, #7783, #7747, #3056 ) ) ;
#9344 = VERTEX_POINT ( 'NONE', #2717 ) ;
#9345 = CARTESIAN_POINT ( 'NONE',  ( 64.23485706043327070, -33.75680841456723869, 1.072488740333897850 ) ) ;
#9346 = AXIS2_PLACEMENT_3D ( 'NONE', #606, #8174, #4371 ) ;
#9347 = CARTESIAN_POINT ( 'NONE',  ( 17.00000000000000000, 46.49732744885589142, 6.000000000000002665 ) ) ;
#9348 = CARTESIAN_POINT ( 'NONE',  ( 80.00000000000000000, -8.888102484588013203E-15, 1.000000000000000000 ) ) ;
#9349 = CARTESIAN_POINT ( 'NONE',  ( 33.32232879672930892, -48.95995949022800886, 73.37678982146587714 ) ) ;
#9350 = PLANE ( 'NONE',  #9003 ) ;
#9351 = VECTOR ( 'NONE', #2494, 1000.000000000000114 ) ;
#9352 = CARTESIAN_POINT ( 'NONE',  ( -77.88413248360578223, 15.61716758822370110, 1.000000000000000000 ) ) ;
#9353 = VECTOR ( 'NONE', #1115, 1000.000000000000000 ) ;
#9354 = ADVANCED_FACE ( 'NONE', ( #6463 ), #3363, .F. ) ;
#9355 = ORIENTED_EDGE ( 'NONE', *, *, #8751, .T. ) ;
#9356 = ORIENTED_EDGE ( 'NONE', *, *, #461, .T. ) ;
#9357 = CARTESIAN_POINT ( 'NONE',  ( 17.00000000000000000, 31.04069670756290122, 73.37678982146505291 ) ) ;
#9358 = AXIS2_PLACEMENT_3D ( 'NONE', #1043, #2628, #6424 ) ;
#9359 = ORIENTED_EDGE ( 'NONE', *, *, #8444, .T. ) ;
#9360 = CARTESIAN_POINT ( 'NONE',  ( 17.00000000000000000, -53.50349279838275862, 6.000000000001043610 ) ) ;
#9361 = EDGE_CURVE ( 'NONE', #3104, #7445, #9404, .T. ) ;
#9362 = EDGE_CURVE ( 'NONE', #5528, #7436, #9493, .T. ) ;
#9363 = CARTESIAN_POINT ( 'NONE',  ( 17.00000000000000000, -37.76232033811303523, 8.623210178535998693 ) ) ;
#9364 = VECTOR ( 'NONE', #2031, 1000.000000000000114 ) ;
#9365 = CARTESIAN_POINT ( 'NONE',  ( 33.32232879672930892, -9.101902250820922191, 68.37678982146546502 ) ) ;
#9366 = CARTESIAN_POINT ( 'NONE',  ( 20.00000000000000000, 66.70319209594900656, 82.00000000000000000 ) ) ;
#9367 = EDGE_CURVE ( 'NONE', #1866, #6934, #3502, .T. ) ;
#9368 =( BOUNDED_CURVE ( )  B_SPLINE_CURVE ( 3, ( #1417, #4545, #5974, #8300 ),
 .UNSPECIFIED., .F., .F. ) 
 B_SPLINE_CURVE_WITH_KNOTS ( ( 4, 4 ),
 ( 4.516779011676317346, 6.283185307179586232 ),
 .UNSPECIFIED. ) 
 CURVE ( )  GEOMETRIC_REPRESENTATION_ITEM ( )  RATIONAL_B_SPLINE_CURVE ( ( 1.000000000000000000, 0.7564527261874078867, 0.7564527261874078867, 1.000000000000000000 ) ) 
 REPRESENTATION_ITEM ( '' )  );
#9369 = AXIS2_PLACEMENT_3D ( 'NONE', #692, #6678, #7467 ) ;
#9370 = ORIENTED_EDGE ( 'NONE', *, *, #6453, .F. ) ;
#9371 = DIRECTION ( 'NONE',  ( 0.000000000000000000, 0.8798963622018144415, 0.4751656466791482902 ) ) ;
#9372 = ORIENTED_EDGE ( 'NONE', *, *, #2364, .F. ) ;
#9373 = FACE_OUTER_BOUND ( 'NONE', #5191, .T. ) ;
#9374 = ORIENTED_EDGE ( 'NONE', *, *, #1536, .F. ) ;
#9375 = LINE ( 'NONE', #5518, #170 ) ;
#9376 = DIRECTION ( 'NONE',  ( 0.000000000000000000, -0.02844266007110327760, -0.9995954257038591750 ) ) ;
#9377 = LINE ( 'NONE', #8583, #7433 ) ;
#9378 = VECTOR ( 'NONE', #7113, 1000.000000000000114 ) ;
#9379 = EDGE_CURVE ( 'NONE', #9149, #4717, #1923, .T. ) ;
#9380 = DIRECTION ( 'NONE',  ( 0.000000000000000000, 0.8514537021307108100, -0.5244297790247106628 ) ) ;
#9381 = CARTESIAN_POINT ( 'NONE',  ( -59.62707947820237564, 38.22108882427306042, 1.086298991543278358 ) ) ;
#9382 = CARTESIAN_POINT ( 'NONE',  ( 78.95393955345218728, -2.283338157013660386, 1.000000000000000000 ) ) ;
#9383 = LINE ( 'NONE', #1105, #7418 ) ;
#9384 = ADVANCED_FACE ( 'NONE', ( #2761 ), #1872, .F. ) ;
#9385 = ADVANCED_FACE ( 'NONE', ( #8747 ), #3548, .F. ) ;
#9386 = ORIENTED_EDGE ( 'NONE', *, *, #7907, .T. ) ;
#9387 = VERTEX_POINT ( 'NONE', #1970 ) ;
#9388 = ORIENTED_EDGE ( 'NONE', *, *, #910, .F. ) ;
#9389 = DIRECTION ( 'NONE',  ( 0.000000000000000000, 0.02844266007110327760, 0.9995954257038591750 ) ) ;
#9390 = VERTEX_POINT ( 'NONE', #1827 ) ;
#9391 = EDGE_LOOP ( 'NONE', ( #9728, #9139, #1441, #6067 ) ) ;
#9392 = EDGE_CURVE ( 'NONE', #1337, #5713, #4846, .T. ) ;
#9393 = CARTESIAN_POINT ( 'NONE',  ( 88.57044480467315850, 20.44942790604969574, 82.16197465033866365 ) ) ;
#9394 = CARTESIAN_POINT ( 'NONE',  ( -88.15366174554360157, -21.59112545021423202, 82.16118733310541700 ) ) ;
#9395 = CARTESIAN_POINT ( 'NONE',  ( 76.52282129317320880, 14.42788546071369815, 1.082996884235822188 ) ) ;
#9396 = CARTESIAN_POINT ( 'NONE',  ( -47.65954618598632209, 57.56927141068040044, 82.12168790065490498 ) ) ;
#9397 = VECTOR ( 'NONE', #4873, 1000.000000000000000 ) ;
#9398 = EDGE_LOOP ( 'NONE', ( #2770, #5693, #3873, #6768 ) ) ;
#9399 = VERTEX_POINT ( 'NONE', #8386 ) ;
#9400 = ORIENTED_EDGE ( 'NONE', *, *, #8251, .T. ) ;
#9401 = CARTESIAN_POINT ( 'NONE',  ( 21.99435147774599031, 54.99435147774588017, 25.94174460425213269 ) ) ;
#9402 = CARTESIAN_POINT ( 'NONE',  ( -8.000000000000000000, 42.49999999999993605, 13.63860113793879947 ) ) ;
#9403 = LINE ( 'NONE', #2431, #1233 ) ;
#9404 = LINE ( 'NONE', #482, #662 ) ;
#9405 = CARTESIAN_POINT ( 'NONE',  ( -79.00000000000004263, 2.250197116933618346, 1.000000000000000444 ) ) ;
#9406 = CARTESIAN_POINT ( 'NONE',  ( 17.00000000000000000, -32.00000000000000000, 1.040619190461824717 ) ) ;
#9407 = ORIENTED_EDGE ( 'NONE', *, *, #5921, .T. ) ;
#9408 = ORIENTED_EDGE ( 'NONE', *, *, #3079, .T. ) ;
#9409 = CARTESIAN_POINT ( 'NONE',  ( 17.00000000000003553, 59.01878379332617897, 12.93619174274954453 ) ) ;
#9410 = ORIENTED_EDGE ( 'NONE', *, *, #219, .F. ) ;
#9411 = PLANE ( 'NONE',  #6447 ) ;
#9412 = CARTESIAN_POINT ( 'NONE',  ( 17.00000000000000000, 26.49716339940816567, 66.00000000000021316 ) ) ;
#9413 = CARTESIAN_POINT ( 'NONE',  ( 33.32232879672930892, 11.04053265811517193, 58.37678982146525186 ) ) ;
#9414 = DIRECTION ( 'NONE',  ( 0.000000000000000000, 0.8798963622018148856, 0.4751656466791474576 ) ) ;
#9415 = DIRECTION ( 'NONE',  ( 0.000000000000000000, 0.4751656466791483457, -0.8798963622018145525 ) ) ;
#9416 = EDGE_LOOP ( 'NONE', ( #4732, #6617 ) ) ;
#9417 = ADVANCED_FACE ( 'NONE', ( #6063 ), #7541, .F. ) ;
#9418 = ORIENTED_EDGE ( 'NONE', *, *, #299, .T. ) ;
#9419 = DIRECTION ( 'NONE',  ( 0.000000000000000000, 0.000000000000000000, 1.000000000000000000 ) ) ;
#9420 = LINE ( 'NONE', #452, #4871 ) ;
#9421 = AXIS2_PLACEMENT_3D ( 'NONE', #8552, #8497, #4745 ) ;
#9422 = CARTESIAN_POINT ( 'NONE',  ( 135.5618222253629312, 85.74421842161774521, 0.1899999999999999467 ) ) ;
#9423 = CARTESIAN_POINT ( 'NONE',  ( 5.187718500961984169, 57.99999999967078423, 1.000000000000000000 ) ) ;
#9424 = CARTESIAN_POINT ( 'NONE',  ( 73.29542341937855099, -21.73460615619858061, 1.000000000000000222 ) ) ;
#9425 = DIRECTION ( 'NONE',  ( -1.000000000000000000, -0.000000000000000000, -0.000000000000000000 ) ) ;
#9426 = EDGE_CURVE ( 'NONE', #1566, #6934, #9089, .T. ) ;
#9427 = ADVANCED_FACE ( 'NONE', ( #5276 ), #4532, .F. ) ;
#9428 = ORIENTED_EDGE ( 'NONE', *, *, #409, .F. ) ;
#9429 = ORIENTED_EDGE ( 'NONE', *, *, #4700, .T. ) ;
#9430 = ORIENTED_EDGE ( 'NONE', *, *, #8508, .T. ) ;
#9431 = CARTESIAN_POINT ( 'NONE',  ( -3.000000000000000000, 42.49999999999990052, 10.03860113793879982 ) ) ;
#9432 = EDGE_CURVE ( 'NONE', #1830, #5527, #762, .T. ) ;
#9433 = ORIENTED_EDGE ( 'NONE', *, *, #7595, .F. ) ;
#9434 = CARTESIAN_POINT ( 'NONE',  ( 81.49507334870438058, 32.28021807355360551, 82.15108974533869457 ) ) ;
#9435 = CARTESIAN_POINT ( 'NONE',  ( -83.09404854558094655, -6.792653133012260369, 27.78891993701271801 ) ) ;
#9436 = LINE ( 'NONE', #1862, #9353 ) ;
#9437 = CARTESIAN_POINT ( 'NONE',  ( -74.42007719059843396, 27.89864277797697056, 27.77694495245270190 ) ) ;
#9438 = EDGE_LOOP ( 'NONE', ( #8942, #4188 ) ) ;
#9439 = ORIENTED_EDGE ( 'NONE', *, *, #5912, .F. ) ;
#9440 = CARTESIAN_POINT ( 'NONE',  ( 33.32232879672930892, -33.50332874893501867, 36.00000000000083844 ) ) ;
#9441 = CARTESIAN_POINT ( 'NONE',  ( 17.00000000000000000, -17.61988542917695355, 28.62321017853579264 ) ) ;
#9442 = CARTESIAN_POINT ( 'NONE',  ( 20.00000000000000000, -53.50349279838275862, 6.000000000001042721 ) ) ;
#9443 = CARTESIAN_POINT ( 'NONE',  ( -8.000000000000000000, -34.50000000000014921, 7.440619190461825738 ) ) ;
#9444 = LINE ( 'NONE', #9591, #3321 ) ;
#9445 = CARTESIAN_POINT ( 'NONE',  ( 33.32232879672930892, 30.89842584807453818, 68.37678982146503870 ) ) ;
#9446 = ORIENTED_EDGE ( 'NONE', *, *, #9379, .F. ) ;
#9447 = VECTOR ( 'NONE', #1328, 1000.000000000000000 ) ;
#9448 = VECTOR ( 'NONE', #5994, 1000.000000000000114 ) ;
#9449 = ORIENTED_EDGE ( 'NONE', *, *, #9746, .T. ) ;
#9450 = LINE ( 'NONE', #7865, #6593 ) ;
#9451 = VERTEX_POINT ( 'NONE', #2305 ) ;
#9452 = LINE ( 'NONE', #2026, #9459 ) ;
#9453 = DIRECTION ( 'NONE',  ( 0.000000000000000000, 0.02844266007110329841, 0.9995954257038591750 ) ) ;
#9454 = DIRECTION ( 'NONE',  ( 0.000000000000000000, 0.000000000000000000, 1.000000000000000000 ) ) ;
#9455 = VECTOR ( 'NONE', #5948, 1000.000000000000000 ) ;
#9456 = CARTESIAN_POINT ( 'NONE',  ( 33.32232879672930892, 10.89826179862681066, 38.37678982146525186 ) ) ;
#9457 = VECTOR ( 'NONE', #6303, 1000.000000000000114 ) ;
#9458 = DIRECTION ( 'NONE',  ( 0.000000000000000000, 0.000000000000000000, 1.000000000000000000 ) ) ;
#9459 = VECTOR ( 'NONE', #2674, 1000.000000000000000 ) ;
#9460 = ORIENTED_EDGE ( 'NONE', *, *, #5058, .F. ) ;
#9461 = CARTESIAN_POINT ( 'NONE',  ( 86.45791978843452341, -26.37310446997210178, 81.00000000000000000 ) ) ;
#9462 = ORIENTED_EDGE ( 'NONE', *, *, #581, .T. ) ;
#9463 = DIRECTION ( 'NONE',  ( 0.000000000000000000, 0.8514537021307111431, -0.5244297790247101076 ) ) ;
#9464 = LINE ( 'NONE', #6432, #5977 ) ;
#9465 = CARTESIAN_POINT ( 'NONE',  ( 17.00000000000000000, 35.00000000000003553, 31.03860113793880160 ) ) ;
#9466 = CARTESIAN_POINT ( 'NONE',  ( -35.11047444664616535, 52.08988500552247558, 1.086298991543278802 ) ) ;
#9467 = CARTESIAN_POINT ( 'NONE',  ( 41.43669978513459284, -49.40354924434089412, 0.9999999999999997780 ) ) ;
#9468 = CARTESIAN_POINT ( 'NONE',  ( 20.00000000000000000, -57.99843505709356606, 1.041300569779510354 ) ) ;
#9469 = AXIS2_PLACEMENT_3D ( 'NONE', #8712, #7076, #4904 ) ;
#9470 = EDGE_CURVE ( 'NONE', #9390, #7332, #9777, .T. ) ;
#9471 = ORIENTED_EDGE ( 'NONE', *, *, #8034, .F. ) ;
#9472 = LINE ( 'NONE', #9285, #1419 ) ;
#9473 = ORIENTED_EDGE ( 'NONE', *, *, #152, .F. ) ;
#9474 = LINE ( 'NONE', #4088, #9617 ) ;
#9475 = VECTOR ( 'NONE', #2970, 1000.000000000000000 ) ;
#9476 = ORIENTED_EDGE ( 'NONE', *, *, #2342, .T. ) ;
#9477 = CARTESIAN_POINT ( 'NONE',  ( 17.00000000000000000, 46.78186916783261040, 61.00000000000000000 ) ) ;
#9478 = CARTESIAN_POINT ( 'NONE',  ( 77.90712983000490510, 22.20994537907523636, 27.77870135901285309 ) ) ;
#9479 = CARTESIAN_POINT ( 'NONE',  ( -90.37894871981370670, -15.82575721895531196, 82.16520591235752136 ) ) ;
#9480 = ADVANCED_FACE ( 'NONE', ( #6898, #2403 ), #68, .F. ) ;
#9481 = ADVANCED_FACE ( 'NONE', ( #9034 ), #6747, .F. ) ;
#9482 = CARTESIAN_POINT ( 'NONE',  ( 17.00000000000000000, 6.781541068937156247, 46.00000000000041211 ) ) ;
#9483 = CARTESIAN_POINT ( 'NONE',  ( -64.97288778168901047, 32.98764955894738193, 0.5810419789134043667 ) ) ;
#9484 = VECTOR ( 'NONE', #2070, 1000.000000000000114 ) ;
#9485 = EDGE_CURVE ( 'NONE', #8191, #2049, #3934, .T. ) ;
#9486 = EDGE_LOOP ( 'NONE', ( #8236, #2078, #3411, #3758 ) ) ;
#9487 = EDGE_LOOP ( 'NONE', ( #1655, #3278, #7144, #3530 ) ) ;
#9488 = CARTESIAN_POINT ( 'NONE',  ( 71.75699219491148995, -24.49603509426206216, 1.078296442351238449 ) ) ;
#9489 = VECTOR ( 'NONE', #3888, 1000.000000000000000 ) ;
#9490 = VECTOR ( 'NONE', #4483, 1000.000000000000114 ) ;
#9491 = DIRECTION ( 'NONE',  ( 0.000000000000000000, 0.8514537021307104769, -0.5244297790247111068 ) ) ;
#9492 = DIRECTION ( 'NONE',  ( 0.000000000000000000, -0.5244297790247101076, -0.8514537021307111431 ) ) ;
#9493 = LINE ( 'NONE', #5734, #7752 ) ;
#9494 = EDGE_CURVE ( 'NONE', #4428, #8594, #1556, .T. ) ;
#9495 = CYLINDRICAL_SURFACE ( 'NONE', #4112, 1.399999999999998579 ) ;
#9496 = CARTESIAN_POINT ( 'NONE',  ( 17.00000000000000000, 50.89858989752226393, 23.37678982146483619 ) ) ;
#9497 = CARTESIAN_POINT ( 'NONE',  ( 81.73831572203656037, -31.93751889756146767, 82.00000000000000000 ) ) ;
#9498 = EDGE_CURVE ( 'NONE', #5923, #4925, #3174, .T. ) ;
#9499 = VECTOR ( 'NONE', #3814, 1000.000000000000114 ) ;
#9500 = ORIENTED_EDGE ( 'NONE', *, *, #7680, .T. ) ;
#9501 = VERTEX_POINT ( 'NONE', #6153 ) ;
#9502 = LINE ( 'NONE', #3602, #3296 ) ;
#9503 = EDGE_LOOP ( 'NONE', ( #1339, #3139, #7212, #8537 ) ) ;
#9504 = PLANE ( 'NONE',  #3609 ) ;
#9505 = AXIS2_PLACEMENT_3D ( 'NONE', #8128, #3574, #2888 ) ;
#9506 = DIRECTION ( 'NONE',  ( -1.000000000000000000, -0.000000000000000000, -0.000000000000000000 ) ) ;
#9507 = DIRECTION ( 'NONE',  ( 0.000000000000000000, -0.9942168046811937776, -0.1073915512948620116 ) ) ;
#9508 = LINE ( 'NONE', #6285, #8573 ) ;
#9509 = VECTOR ( 'NONE', #8834, 1000.000000000000000 ) ;
#9510 = CARTESIAN_POINT ( 'NONE',  ( 17.00000000000000000, -53.21895107940602543, 31.00000000000104095 ) ) ;
#9511 = AXIS2_PLACEMENT_3D ( 'NONE', #9280, #2500, #3245 ) ;
#9512 = ORIENTED_EDGE ( 'NONE', *, *, #1433, .T. ) ;
#9513 = CARTESIAN_POINT ( 'NONE',  ( 17.00000000000000000, -32.00000000000000000, 21.81183444760731405 ) ) ;
#9514 = ORIENTED_EDGE ( 'NONE', *, *, #5379, .T. ) ;
#9515 = CARTESIAN_POINT ( 'NONE',  ( 33.32232879672930892, 10.89826179862681066, 8.376789821465251862 ) ) ;
#9516 = PLANE ( 'NONE',  #4562 ) ;
#9517 = FACE_OUTER_BOUND ( 'NONE', #2250, .T. ) ;
#9518 = CARTESIAN_POINT ( 'NONE',  ( 5.187718500961984169, 57.99999999967078423, 1.086298991543278580 ) ) ;
#9519 = AXIS2_PLACEMENT_3D ( 'NONE', #1381, #9757, #8167 ) ;
#9520 = CARTESIAN_POINT ( 'NONE',  ( 55.14387271554819847, -41.56152050411267140, 0.9999999999999997780 ) ) ;
#9521 = DIRECTION ( 'NONE',  ( -0.000000000000000000, -0.8514537021307111431, 0.5244297790247101076 ) ) ;
#9522 = VECTOR ( 'NONE', #4859, 1000.000000000000000 ) ;
#9523 = ORIENTED_EDGE ( 'NONE', *, *, #6164, .T. ) ;
#9524 = DIRECTION ( 'NONE',  ( 0.000000000000000000, -0.02844266007110466538, -0.9995954257038591750 ) ) ;
#9525 = ORIENTED_EDGE ( 'NONE', *, *, #5188, .T. ) ;
#9526 = CARTESIAN_POINT ( 'NONE',  ( -8.000000000000000000, -34.50000000000021316, 26.04061919046181117 ) ) ;
#9527 = AXIS2_PLACEMENT_3D ( 'NONE', #976, #2228, #9008 ) ;
#9528 = ORIENTED_EDGE ( 'NONE', *, *, #9672, .T. ) ;
#9529 = CARTESIAN_POINT ( 'NONE',  ( 145.9104477611939785, -46.60928061002644540, 82.00000000000000000 ) ) ;
#9530 = CARTESIAN_POINT ( 'NONE',  ( -3.000000000000000000, 42.49999999999986500, 6.438601137938797514 ) ) ;
#9531 = CARTESIAN_POINT ( 'NONE',  ( 88.40285852719247828, 1.549959401952603733, 54.98037877309724308 ) ) ;
#9532 = EDGE_CURVE ( 'NONE', #3672, #2698, #9133, .T. ) ;
#9533 = CARTESIAN_POINT ( 'NONE',  ( -77.80363187902514710, -22.31623727194143569, 27.77854432275471908 ) ) ;
#9534 = CARTESIAN_POINT ( 'NONE',  ( 75.18538456108545631, 17.88231249018274838, 1.081597990487127126 ) ) ;
#9535 = DIRECTION ( 'NONE',  ( 0.000000000000000000, 0.8798963622018151076, 0.4751656466791471800 ) ) ;
#9536 = ORIENTED_EDGE ( 'NONE', *, *, #596, .T. ) ;
#9537 = VERTEX_POINT ( 'NONE', #2994 ) ;
#9538 = DIRECTION ( 'NONE',  ( 0.000000000000000000, 0.4751656466791482347, -0.8798963622018146635 ) ) ;
#9539 = EDGE_CURVE ( 'NONE', #5410, #6868, #3843, .T. ) ;
#9540 = FACE_OUTER_BOUND ( 'NONE', #7135, .T. ) ;
#9541 = EDGE_CURVE ( 'NONE', #74, #3186, #8288, .T. ) ;
#9542 = PLANE ( 'NONE',  #1404 ) ;
#9543 = LINE ( 'NONE', #4156, #6362 ) ;
#9544 = CARTESIAN_POINT ( 'NONE',  ( 18.00260252351208479, 56.47721437713411063, 1.038300337660468031 ) ) ;
#9545 = CARTESIAN_POINT ( 'NONE',  ( 73.73605988552721158, -22.88620039310740850, 1.000000000000000000 ) ) ;
#9546 = CARTESIAN_POINT ( 'NONE',  ( 61.14320832460733612, 50.46778779890582456, 82.00000000000005684 ) ) ;
#9547 = ORIENTED_EDGE ( 'NONE', *, *, #6046, .T. ) ;
#9548 = ADVANCED_FACE ( 'NONE', ( #1507 ), #6011, .F. ) ;
#9549 = ORIENTED_EDGE ( 'NONE', *, *, #5011, .F. ) ;
#9550 = EDGE_CURVE ( 'NONE', #346, #516, #907, .T. ) ;
#9551 = ORIENTED_EDGE ( 'NONE', *, *, #5238, .T. ) ;
#9552 = PLANE ( 'NONE',  #6913 ) ;
#9554 = ORIENTED_EDGE ( 'NONE', *, *, #7773, .F. ) ;
#9553 = CARTESIAN_POINT ( 'NONE',  ( 74.99999999999998579, 109.9999999999999858, 0.000000000000000000 ) ) ;
#9555 = ADVANCED_FACE ( 'NONE', ( #5091 ), #8105, .F. ) ;
#9556 = LINE ( 'NONE', #439, #6134 ) ;
#9557 = LINE ( 'NONE', #5000, #2996 ) ;
#9558 = DIRECTION ( 'NONE',  ( -0.000000000000000000, 0.5244297790247111068, 0.8514537021307104769 ) ) ;
#9559 = CARTESIAN_POINT ( 'NONE',  ( 17.00000000000000000, 22.23817181023015266, 23.62321017853537342 ) ) ;
#9560 = EDGE_CURVE ( 'NONE', #8008, #9201, #9327, .T. ) ;
#9561 = LINE ( 'NONE', #6532, #3360 ) ;
#9562 = EDGE_LOOP ( 'NONE', ( #7459, #9356, #8407, #4215 ) ) ;
#9563 = CARTESIAN_POINT ( 'NONE',  ( -88.97993274485735071, 19.51259072734598021, 82.00000000000002842 ) ) ;
#9564 = ORIENTED_EDGE ( 'NONE', *, *, #4051, .T. ) ;
#9565 = CARTESIAN_POINT ( 'NONE',  ( -94.00000000000000000, 2.270200223097281350E-15, 81.00000000000000000 ) ) ;
#9566 = LINE ( 'NONE', #6585, #7082 ) ;
#9567 = DIRECTION ( 'NONE',  ( 0.000000000000000000, 0.02844266007110470007, 0.9995954257038591750 ) ) ;
#9568 = DIRECTION ( 'NONE',  ( -1.000000000000000000, -0.000000000000000000, -0.000000000000000000 ) ) ;
#9569 = CARTESIAN_POINT ( 'NONE',  ( 5.187718493853936685, -58.00000000000016342, 1.000000000000000444 ) ) ;
#9570 = DIRECTION ( 'NONE',  ( -1.000000000000000000, -0.000000000000000000, -0.000000000000000000 ) ) ;
#9571 = ORIENTED_EDGE ( 'NONE', *, *, #2471, .T. ) ;
#9572 = LINE ( 'NONE', #2145, #5730 ) ;
#9573 = AXIS2_PLACEMENT_3D ( 'NONE', #4316, #2733, #5753 ) ;
#9574 = ORIENTED_EDGE ( 'NONE', *, *, #1985, .T. ) ;
#9575 = LINE ( 'NONE', #5864, #7651 ) ;
#9576 = ORIENTED_EDGE ( 'NONE', *, *, #9470, .T. ) ;
#9577 = FACE_OUTER_BOUND ( 'NONE', #249, .T. ) ;
#9578 = FACE_BOUND ( 'NONE', #8359, .T. ) ;
#9579 = CARTESIAN_POINT ( 'NONE',  ( 72.70668460142645984, 41.84033525705331158, 82.14049070331410007 ) ) ;
#9580 = CARTESIAN_POINT ( 'NONE',  ( -91.34420852741995134, -12.96910020106445494, 82.16698706634286964 ) ) ;
#9581 = PLANE ( 'NONE',  #5719 ) ;
#9582 = CARTESIAN_POINT ( 'NONE',  ( -75.88563521266961232, 25.68954926140505535, 27.77934272264001336 ) ) ;
#9583 = AXIS2_PLACEMENT_3D ( 'NONE', #2806, #574, #3702 ) ;
#9584 = EDGE_CURVE ( 'NONE', #4076, #9387, #8531, .T. ) ;
#9585 = VERTEX_POINT ( 'NONE', #7183 ) ;
#9586 = ORIENTED_EDGE ( 'NONE', *, *, #3691, .F. ) ;
#9587 = DIRECTION ( 'NONE',  ( -1.000000000000000000, -0.000000000000000000, -0.000000000000000000 ) ) ;
#9588 = CARTESIAN_POINT ( 'NONE',  ( 85.02999891707125357, -27.14379456647289501, 82.15621636656032933 ) ) ;
#9589 = LINE ( 'NONE', #3593, #7402 ) ;
#9590 = CARTESIAN_POINT ( 'NONE',  ( 33.32232879672930892, -33.50332874893501867, 66.00000000000083844 ) ) ;
#9591 = CARTESIAN_POINT ( 'NONE',  ( 17.00000000000000000, 51.04086075701062697, 13.37678982146483619 ) ) ;
#9592 = CARTESIAN_POINT ( 'NONE',  ( 17.00000000000000000, -17.76215628866530949, 68.62321017853578553 ) ) ;
#9593 = CARTESIAN_POINT ( 'NONE',  ( 38.26365853648524507, -61.05849467921467522, 82.00000000000002842 ) ) ;
#9594 = EDGE_LOOP ( 'NONE', ( #8223, #7422, #9093, #6581 ) ) ;
#9595 = ADVANCED_FACE ( 'NONE', ( #3341 ), #1704, .F. ) ;
#9596 = VERTEX_POINT ( 'NONE', #7040 ) ;
#9597 = ORIENTED_EDGE ( 'NONE', *, *, #3333, .T. ) ;
#9598 = DIRECTION ( 'NONE',  ( 0.000000000000000000, 0.4751656466791477906, -0.8798963622018148856 ) ) ;
#9600 = ORIENTED_EDGE ( 'NONE', *, *, #8822, .T. ) ;
#9599 = FACE_OUTER_BOUND ( 'NONE', #1813, .T. ) ;
#9601 = CARTESIAN_POINT ( 'NONE',  ( 20.00000000000000000, -48.95995949022800886, 58.37678982146587003 ) ) ;
#9602 = DIRECTION ( 'NONE',  ( -1.000000000000000000, -0.000000000000000000, -0.000000000000000000 ) ) ;
#9603 = CARTESIAN_POINT ( 'NONE',  ( 17.00000000000000000, -53.21895107940602543, 76.00000000000103739 ) ) ;
#9604 = ADVANCED_FACE ( 'NONE', ( #7881 ), #1894, .F. ) ;
#9605 = LINE ( 'NONE', #8858, #1783 ) ;
#9606 = EDGE_CURVE ( 'NONE', #3523, #1976, #4776, .T. ) ;
#9607 = AXIS2_PLACEMENT_3D ( 'NONE', #2023, #2076, #5099 ) ;
#9608 = ADVANCED_FACE ( 'NONE', ( #1757 ), #7710, .T. ) ;
#9609 = ORIENTED_EDGE ( 'NONE', *, *, #2769, .F. ) ;
#9610 = CARTESIAN_POINT ( 'NONE',  ( -75.41495576901220943, -39.29353358479593084, 82.00000000000000000 ) ) ;
#9611 = AXIS2_PLACEMENT_3D ( 'NONE', #6634, #2038, #4417 ) ;
#9612 = VERTEX_POINT ( 'NONE', #7834 ) ;
#9613 = CARTESIAN_POINT ( 'NONE',  ( 33.32232879672930892, 51.04086075701062697, 43.37678982146483264 ) ) ;
#9614 = FACE_OUTER_BOUND ( 'NONE', #7046, .T. ) ;
#9615 = CARTESIAN_POINT ( 'NONE',  ( 17.00000000000000000, -57.62021352807240504, 73.62321017853621186 ) ) ;
#9616 = CARTESIAN_POINT ( 'NONE',  ( 20.00000000000000000, 57.99809726907902530, 1.038260477640243096 ) ) ;
#9617 = VECTOR ( 'NONE', #5716, 1000.000000000000000 ) ;
#9618 = CARTESIAN_POINT ( 'NONE',  ( -39.70041928384459595, -50.28023016591659200, 1.086298605844412624 ) ) ;
#9619 = EDGE_CURVE ( 'NONE', #9399, #3204, #4133, .T. ) ;
#9620 = CARTESIAN_POINT ( 'NONE',  ( 20.00000000000000000, -57.62021352807240504, 43.62321017853621186 ) ) ;
#9621 = VECTOR ( 'NONE', #995, 1000.000000000000000 ) ;
#9622 = EDGE_CURVE ( 'NONE', #5527, #3030, #7089, .T. ) ;
#9623 = ORIENTED_EDGE ( 'NONE', *, *, #3495, .T. ) ;
#9624 = CARTESIAN_POINT ( 'NONE',  ( 33.32232879672930892, 22.38044266971850504, 73.62321017853537342 ) ) ;
#9625 = VERTEX_POINT ( 'NONE', #5657 ) ;
#9626 = PLANE ( 'NONE',  #6371 ) ;
#9627 = EDGE_LOOP ( 'NONE', ( #6135, #3978, #4538, #310, #6410, #5581 ) ) ;
#9628 = CARTESIAN_POINT ( 'NONE',  ( 17.00000000000000000, 26.78170511838488110, 31.00000000000020606 ) ) ;
#9629 = CARTESIAN_POINT ( 'NONE',  ( 33.32232879672930892, 22.38044266971850504, 58.62321017853537342 ) ) ;
#9630 = CARTESIAN_POINT ( 'NONE',  ( 34.83750822602081598, 52.02992289403909609, 0.5484218727619343259 ) ) ;
#9631 = VECTOR ( 'NONE', #9506, 1000.000000000000000 ) ;
#9632 = CARTESIAN_POINT ( 'NONE',  ( -55.07960832007396590, -54.10746914296802146, 82.12585458356471690 ) ) ;
#9633 = CARTESIAN_POINT ( 'NONE',  ( 20.00000000000000000, 51.04086075701062697, 28.37678982146483264 ) ) ;
#9634 = CARTESIAN_POINT ( 'NONE',  ( 33.32232879672930892, -49.10223034971637190, 68.37678982146587714 ) ) ;
#9635 = AXIS2_PLACEMENT_3D ( 'NONE', #3031, #2977, #890 ) ;
#9636 = ORIENTED_EDGE ( 'NONE', *, *, #8025, .F. ) ;
#9637 = ORIENTED_EDGE ( 'NONE', *, *, #1016, .F. ) ;
#9638 = VECTOR ( 'NONE', #7367, 1000.000000000000114 ) ;
#9639 = EDGE_LOOP ( 'NONE', ( #5861, #5318, #6209, #3250 ) ) ;
#9640 = DIRECTION ( 'NONE',  ( 1.000000000000000000, -0.000000000000000000, -0.000000000000000000 ) ) ;
#9641 = CARTESIAN_POINT ( 'NONE',  ( 43.77399256624202906, -51.96320037517873658, 27.74217376914871735 ) ) ;
#9642 = CARTESIAN_POINT ( 'NONE',  ( 13.78186916783258376, 46.78186916783261040, 16.00000000000000000 ) ) ;
#9643 = VECTOR ( 'NONE', #8702, 1000.000000000000114 ) ;
#9644 = DIRECTION ( 'NONE',  ( -1.000000000000000000, -0.000000000000000000, -0.000000000000000000 ) ) ;
#9645 = CARTESIAN_POINT ( 'NONE',  ( 87.02424443877431770, 23.60953914817440946, 82.00000000000002842 ) ) ;
#9646 = B_SPLINE_CURVE_WITH_KNOTS ( 'NONE', 3,
 ( #962, #3150, #8338, #4727, #7593, #1611, #6900, #6156, #6065, #9091, #6250, #5329, #7794, #1706, #217, #9184, #1010, #3247, #3198, #2406, #5429, #2307, #8437, #1558, #6206, #9234, #7691, #819, #909, #3845, #7742, #8534, #6856, #3988, #3936, #70, #4034, #6948, #9282, #2502, #5523, #1759, #317, #4823, #1850, #7937, #5617, #7883, #4869, #2553, #1952, #9467, #7185, #6489, #4918, #1104, #9520, #2601, #6297, #7091, #8727, #410, #1054, #3343, #1153, #5710, #9424, #4181, #4225, #4969, #2741, #7836, #7981, #6435, #3390, #9382, #4135, #7141 ),
 .UNSPECIFIED., .F., .F.,
 ( 4, 2, 2, 2, 2, 2, 2, 2, 2, 2, 2, 2, 2, 2, 2, 2, 2, 2, 2, 2, 2, 2, 2, 2, 2, 2, 2, 2, 2, 2, 2, 2, 2, 2, 2, 2, 2, 2, 4 ),
 ( 0.2159890066858750068, 0.2193605241160788144, 0.2227320415462826220, 0.2294750764066902371, 0.2328465938368940447, 0.2345323525519959762, 0.2362181112670978800, 0.2429611461275055784, 0.2497041809879132490, 0.2530756984181171121, 0.2564472158483209752, 0.2631902507087286458, 0.2699332855691363720, 0.2733048029993402350, 0.2766763204295440426, 0.2834193552899517687, 0.2969054250107671100, 0.3036484598711747807, 0.3070199773013786437, 0.3103914947315824513, 0.3238775644523978481, 0.3306205993128055187, 0.3339921167430093818, 0.3373636341732131894, 0.3508497038940285861, 0.3643357736148439829, 0.3710788084752516536, 0.3778218433356593797, 0.3845648781960670504, 0.3913079130564747210, 0.3946794304866785841, 0.3980509479168824472, 0.4047939827772900623, 0.4115370176376976774, 0.4149085350679014850, 0.4182800524981053480, 0.4250230873585130187, 0.4283946047887168262, 0.4317661222189206338 ),
 .UNSPECIFIED. ) ;
#9647 = ORIENTED_EDGE ( 'NONE', *, *, #3215, .T. ) ;
#9648 = ORIENTED_EDGE ( 'NONE', *, *, #7013, .T. ) ;
#9649 = AXIS2_PLACEMENT_3D ( 'NONE', #2942, #2054, #5767 ) ;
#9650 = ORIENTED_EDGE ( 'NONE', *, *, #9236, .F. ) ;
#9651 = CARTESIAN_POINT ( 'NONE',  ( 17.00000000000000000, -37.00000000000000711, 1.040619190461828936 ) ) ;
#9652 = EDGE_CURVE ( 'NONE', #7785, #8655, #8673, .T. ) ;
#9654 = ORIENTED_EDGE ( 'NONE', *, *, #2481, .F. ) ;
#9653 = CARTESIAN_POINT ( 'NONE',  ( 20.00000000000000000, -37.62004947862467930, 43.62321017853599869 ) ) ;
#9655 = DIRECTION ( 'NONE',  ( -1.000000000000000000, -0.000000000000000000, -0.000000000000000000 ) ) ;
#9656 = CARTESIAN_POINT ( 'NONE',  ( 20.00000000000000000, -28.95979544078028312, 28.37678982146566753 ) ) ;
#9657 = CARTESIAN_POINT ( 'NONE',  ( 11.99999999999994138, 45.00000000000000000, 30.03774688497164291 ) ) ;
#9658 = DIRECTION ( 'NONE',  ( 0.000000000000000000, 0.000000000000000000, 1.000000000000000000 ) ) ;
#9659 = EDGE_CURVE ( 'NONE', #4575, #8786, #7934, .T. ) ;
#9660 = CARTESIAN_POINT ( 'NONE',  ( 20.00000000000000000, 22.38044266971850504, 13.62321017853537342 ) ) ;
#9661 = AXIS2_PLACEMENT_3D ( 'NONE', #2772, #1051, #8853 ) ;
#9662 = ADVANCED_FACE ( 'NONE', ( #407 ), #6204, .F. ) ;
#9663 = ORIENTED_EDGE ( 'NONE', *, *, #7904, .F. ) ;
#9664 = CARTESIAN_POINT ( 'NONE',  ( 79.99999999999997158, -118.0000000000000000, 0.000000000000000000 ) ) ;
#9665 = VECTOR ( 'NONE', #3246, 1000.000000000000114 ) ;
#9666 = EDGE_CURVE ( 'NONE', #7345, #8523, #8921, .T. ) ;
#9667 = VERTEX_POINT ( 'NONE', #8173 ) ;
#9668 = DIRECTION ( 'NONE',  ( 0.000000000000000000, 0.02844266007110328107, 0.9995954257038591750 ) ) ;
#9669 = DIRECTION ( 'NONE',  ( 0.000000000000000000, 0.8798963622018151076, 0.4751656466791471800 ) ) ;
#9670 = CARTESIAN_POINT ( 'NONE',  ( 20.00000000000000355, -66.44301703982488050, 82.00000000000000000 ) ) ;
#9671 = CARTESIAN_POINT ( 'NONE',  ( -78.49641871217065159, 7.545613760135839954, 1.086298991543278580 ) ) ;
#9672 = EDGE_CURVE ( 'NONE', #3782, #3017, #2219, .T. ) ;
#9673 = CARTESIAN_POINT ( 'NONE',  ( 75.00348950759885724, -18.58994251603369818, 1.086298605844412624 ) ) ;
#9674 = LINE ( 'NONE', #750, #6315 ) ;
#9675 = VECTOR ( 'NONE', #2028, 1000.000000000000114 ) ;
#9676 = AXIS2_PLACEMENT_3D ( 'NONE', #7643, #5374, #8336 ) ;
#9677 = ORIENTED_EDGE ( 'NONE', *, *, #3266, .T. ) ;
#9678 = PLANE ( 'NONE',  #6506 ) ;
#9679 = ORIENTED_EDGE ( 'NONE', *, *, #752, .F. ) ;
#9680 = FACE_OUTER_BOUND ( 'NONE', #3094, .T. ) ;
#9681 = EDGE_CURVE ( 'NONE', #1093, #4571, #1950, .T. ) ;
#9682 = ORIENTED_EDGE ( 'NONE', *, *, #897, .F. ) ;
#9683 = CARTESIAN_POINT ( 'NONE',  ( 20.00000000000000000, 30.89842584807453818, 8.376789821465044028 ) ) ;
#9684 = FACE_BOUND ( 'NONE', #6527, .T. ) ;
#9685 = VECTOR ( 'NONE', #6139, 1000.000000000000114 ) ;
#9686 = CARTESIAN_POINT ( 'NONE',  ( 39.01470924446795152, 57.44585393886729463, 54.92851223137424199 ) ) ;
#9687 = ADVANCED_FACE ( 'NONE', ( #9517 ), #1390, .F. ) ;
#9688 = CARTESIAN_POINT ( 'NONE',  ( 23.58750184255700688, 55.36864617524616250, 1.057253515537426747 ) ) ;
#9689 = CARTESIAN_POINT ( 'NONE',  ( 20.00000000000000000, 42.38060671916623789, 73.62321017853516025 ) ) ;
#9690 = AXIS2_PLACEMENT_3D ( 'NONE', #9768, #809, #6792 ) ;
#9691 = EDGE_LOOP ( 'NONE', ( #1916, #8257, #3307, #8657 ) ) ;
#9692 = ORIENTED_EDGE ( 'NONE', *, *, #3398, .F. ) ;
#9693 = EDGE_LOOP ( 'NONE', ( #4501, #5809 ) ) ;
#9694 = CARTESIAN_POINT ( 'NONE',  ( 20.00000000000000000, -13.21862298051057394, 61.00000000000062528 ) ) ;
#9695 = ADVANCED_FACE ( 'NONE', ( #1292 ), #453, .F. ) ;
#9696 = CARTESIAN_POINT ( 'NONE',  ( 72.70312446171448073, -41.77607878424614540, 82.14056369801303958 ) ) ;
#9697 = CARTESIAN_POINT ( 'NONE',  ( 20.00000000000000000, 26.78170511838488466, 16.00000000000020961 ) ) ;
#9698 = VECTOR ( 'NONE', #6038, 1000.000000000000000 ) ;
#9699 = CARTESIAN_POINT ( 'NONE',  ( -8.319829285104130889, 57.62012539563578173, 0.5467079776099538213 ) ) ;
#9700 = LINE ( 'NONE', #7400, #3330 ) ;
#9701 = CARTESIAN_POINT ( 'NONE',  ( 17.00000000000000000, 26.78170511838488110, 76.00000000000021316 ) ) ;
#9702 = B_SPLINE_CURVE_WITH_KNOTS ( 'NONE', 3,
 ( #6031, #1285, #7973, #7217, #5846, #2086, #8716, #5108, #6480, #8014 ),
 .UNSPECIFIED., .F., .F.,
 ( 4, 3, 3, 4 ),
 ( 0.0005071514279522622336, 0.02177599278868998928, 0.04355198543631115526, 0.08197466220029467343 ),
 .UNSPECIFIED. ) ;
#9703 = ORIENTED_EDGE ( 'NONE', *, *, #2209, .F. ) ;
#9704 = EDGE_LOOP ( 'NONE', ( #8161, #7438, #8309, #9429, #1878, #7050 ) ) ;
#9705 = ORIENTED_EDGE ( 'NONE', *, *, #2719, .T. ) ;
#9706 = LINE ( 'NONE', #8708, #8498 ) ;
#9708 = VERTEX_POINT ( 'NONE', #2789 ) ;
#9707 = CARTESIAN_POINT ( 'NONE',  ( 17.00000000000000000, -57.76248438756075387, 38.62321017853620475 ) ) ;
#9709 = DIRECTION ( 'NONE',  ( 0.000000000000000000, -1.000000000000000000, 8.673617379884027583E-16 ) ) ;
#9710 = CARTESIAN_POINT ( 'NONE',  ( -86.45791978843452341, 26.37310446997210889, 81.00000000000000000 ) ) ;
#9711 = LINE ( 'NONE', #3664, #2525 ) ;
#9712 = FACE_OUTER_BOUND ( 'NONE', #4066, .T. ) ;
#9713 = CARTESIAN_POINT ( 'NONE',  ( 20.00000000000000000, -48.95995949022800886, 58.37678982146587003 ) ) ;
#9714 = VERTEX_POINT ( 'NONE', #5012 ) ;
#9715 = DIRECTION ( 'NONE',  ( 0.000000000000000000, 0.02844266007110327760, 0.9995954257038591750 ) ) ;
#9716 = ORIENTED_EDGE ( 'NONE', *, *, #4512, .F. ) ;
#9717 = CARTESIAN_POINT ( 'NONE',  ( -77.15707149543834475, 23.56602430297252226, 28.05288742538952107 ) ) ;
#9718 = CARTESIAN_POINT ( 'NONE',  ( 20.00000000000000711, 56.10835606121674601, 1.056727205701971428 ) ) ;
#9719 = CYLINDRICAL_SURFACE ( 'NONE', #6027, 1.399999999999998579 ) ;
#9720 = CARTESIAN_POINT ( 'NONE',  ( 11.99999999999994138, 45.00000000000000000, 1.038601137938794716 ) ) ;
#9721 = CARTESIAN_POINT ( 'NONE',  ( -38.13915053768028685, 50.79242682004227305, 1.060522611023913653 ) ) ;
#9722 = VERTEX_POINT ( 'NONE', #4419 ) ;
#9723 = EDGE_LOOP ( 'NONE', ( #7072, #622, #9523, #5565 ) ) ;
#9724 = CARTESIAN_POINT ( 'NONE',  ( 19.99999999999994671, -56.10835606121674601, 1.056724680876208522 ) ) ;
#9725 = EDGE_CURVE ( 'NONE', #400, #7179, #8723, .T. ) ;
#9726 = ORIENTED_EDGE ( 'NONE', *, *, #6929, .F. ) ;
#9727 = CARTESIAN_POINT ( 'NONE',  ( -8.000000000000000000, -37.00000000000000000, 31.04061919046182894 ) ) ;
#9728 = ORIENTED_EDGE ( 'NONE', *, *, #356, .T. ) ;
#9729 = CARTESIAN_POINT ( 'NONE',  ( 17.00000000000000000, -37.76232033811303523, 53.62321017853599869 ) ) ;
#9730 = CARTESIAN_POINT ( 'NONE',  ( 17.00000000000000000, -57.65722922115872251, 1.041291627295119815 ) ) ;
#9731 = CARTESIAN_POINT ( 'NONE',  ( 47.19542420579667663, 57.73041342672751597, 82.12148667511843314 ) ) ;
#9732 = LINE ( 'NONE', #8241, #5562 ) ;
#9733 = DIRECTION ( 'NONE',  ( 0.000000000000000000, 0.02844266007110327760, 0.9995954257038591750 ) ) ;
#9734 = ADVANCED_FACE ( 'NONE', ( #5758 ), #3573, .F. ) ;
#9735 = ADVANCED_FACE ( 'NONE', ( #5905 ), #1240, .F. ) ;
#9736 = ORIENTED_EDGE ( 'NONE', *, *, #774, .T. ) ;
#9737 = ORIENTED_EDGE ( 'NONE', *, *, #5632, .T. ) ;
#9738 = ADVANCED_FACE ( 'NONE', ( #5804 ), #4268, .F. ) ;
#9739 = ORIENTED_EDGE ( 'NONE', *, *, #5253, .F. ) ;
#9740 = LINE ( 'NONE', #7301, #3110 ) ;
#9741 = CARTESIAN_POINT ( 'NONE',  ( 73.63859719410019977, -28.97799914222254003, 27.77160595813280253 ) ) ;
#9742 = CARTESIAN_POINT ( 'NONE',  ( -80.00000000000000000, 118.0000000000000000, 0.000000000000000000 ) ) ;
#9743 = CARTESIAN_POINT ( 'NONE',  ( 15.80534850699635818, 59.90867187649447345, 27.73570718044104311 ) ) ;
#9744 = DIRECTION ( 'NONE',  ( 0.000000000000000000, -0.8798963622018153297, -0.4751656466791469580 ) ) ;
#9745 = DIRECTION ( 'NONE',  ( 1.000000000000000000, 0.000000000000000000, -0.000000000000000000 ) ) ;
#9746 = EDGE_CURVE ( 'NONE', #4902, #5289, #2687, .T. ) ;
#9747 = ORIENTED_EDGE ( 'NONE', *, *, #5088, .F. ) ;
#9748 = ORIENTED_EDGE ( 'NONE', *, *, #834, .T. ) ;
#9749 = VERTEX_POINT ( 'NONE', #9615 ) ;
#9750 = DIRECTION ( 'NONE',  ( 0.000000000000000000, 0.9999999996565578364, -2.620847431606588592E-05 ) ) ;
#9752 = EDGE_LOOP ( 'NONE', ( #1277, #5218, #2624, #6631 ) ) ;
#9751 = DIRECTION ( 'NONE',  ( 0.000000000000000000, -0.4751656466791471800, 0.8798963622018151076 ) ) ;
#9753 = CARTESIAN_POINT ( 'NONE',  ( 33.32232879672930892, -29.10206630026864616, 53.37678982146566398 ) ) ;
#9754 = CARTESIAN_POINT ( 'NONE',  ( 33.32232879672930892, 46.49732744885589142, 66.00000000000000000 ) ) ;
#9755 = CARTESIAN_POINT ( 'NONE',  ( 17.00000000000000000, -37.00000000000000000, 31.04061919046182894 ) ) ;
#9756 = LINE ( 'NONE', #3211, #2405 ) ;
#9757 = DIRECTION ( 'NONE',  ( 0.000000000000000000, -0.4751656466791477351, 0.8798963622018148856 ) ) ;
#9758 = ORIENTED_EDGE ( 'NONE', *, *, #4211, .T. ) ;
#9759 = CARTESIAN_POINT ( 'NONE',  ( 80.00000000000000000, -8.888102484588013203E-15, 1.000000000000000000 ) ) ;
#9760 = VERTEX_POINT ( 'NONE', #605 ) ;
#9761 = CARTESIAN_POINT ( 'NONE',  ( 33.32232879672930892, -17.61988542917695355, 73.62321017853578553 ) ) ;
#9762 = FACE_OUTER_BOUND ( 'NONE', #6210, .T. ) ;
#9763 = DIRECTION ( 'NONE',  ( 0.7071067810651282537, 0.7071067810651164853, -1.853218991662586380E-05 ) ) ;
#9764 = CARTESIAN_POINT ( 'NONE',  ( 12.82243763861312758, 57.31620641894487989, 1.055869243658866807 ) ) ;
#9765 = B_SPLINE_CURVE_WITH_KNOTS ( 'NONE', 3,
 ( #39, #3659, #2921, #1529, #1374, #6621, #8261, #2871, #1427, #734, #1329, #4454 ),
 .UNSPECIFIED., .F., .F.,
 ( 4, 2, 2, 2, 2, 4 ),
 ( 0.1925934271509469053, 0.1984423247022336079, 0.2042912222535203381, 0.2072156710291636894, 0.2101401198048070407, 0.2159890173560937709 ),
 .UNSPECIFIED. ) ;
#9766 = ORIENTED_EDGE ( 'NONE', *, *, #8576, .F. ) ;
#9767 = ORIENTED_EDGE ( 'NONE', *, *, #8944, .F. ) ;
#9768 = CARTESIAN_POINT ( 'NONE',  ( 17.00000000000000000, 0.000000000000000000, 0.000000000000000000 ) ) ;
#9769 = VECTOR ( 'NONE', #6702, 1000.000000000000000 ) ;
#9770 = ORIENTED_EDGE ( 'NONE', *, *, #7851, .F. ) ;
#9771 = CARTESIAN_POINT ( 'NONE',  ( 17.00000000000000000, 2.238007760782423361, 38.62321017853557947 ) ) ;
#9772 = CIRCLE ( 'NONE', #1711, 1.399999999999998579 ) ;
#9773 = VERTEX_POINT ( 'NONE', #3473 ) ;
#9774 = CARTESIAN_POINT ( 'NONE',  ( 17.00000000000000000, -57.99843505709356606, 1.041300569779510354 ) ) ;
#9775 = LINE ( 'NONE', #2199, #9769 ) ;
#9776 = DIRECTION ( 'NONE',  ( 0.000000000000000000, 0.9995954257038592861, -0.02844266007110471048 ) ) ;
#9777 = LINE ( 'NONE', #3050, #9489 ) ;
#9778 = CARTESIAN_POINT ( 'NONE',  ( 37.47019014880523002, 51.03291835295763690, 0.5498383892692488839 ) ) ;
#9779 = CARTESIAN_POINT ( 'NONE',  ( 33.32232879672930892, -9.101902250820922191, 53.37678982146545792 ) ) ;
#9780 = CARTESIAN_POINT ( 'NONE',  ( -3.000000000000000000, -34.50000000000021316, 27.44061919046188436 ) ) ;
#9781 = EDGE_CURVE ( 'NONE', #6471, #1263, #6433, .T. ) ;
#9782 = CIRCLE ( 'NONE', #1230, 1.399999999999998579 ) ;
#9783 = ORIENTED_EDGE ( 'NONE', *, *, #6091, .F. ) ;
#9784 = ORIENTED_EDGE ( 'NONE', *, *, #6091, .T. ) ;
#9785 = VERTEX_POINT ( 'NONE', #5854 ) ;
#9786 = LINE ( 'NONE', #2118, #1838 ) ;
#9787 = AXIS2_PLACEMENT_3D ( 'NONE', #3023, #2175, #9709 ) ;
#9788 = EDGE_CURVE ( 'NONE', #1601, #4165, #506, .T. ) ;
#9789 = EDGE_CURVE ( 'NONE', #791, #4489, #1342, .T. ) ;
#9790 = CARTESIAN_POINT ( 'NONE',  ( 59.38229411495439791, -38.24594304126974009, 0.5678270186911613671 ) ) ;
#9791 = CARTESIAN_POINT ( 'NONE',  ( 20.00000000000000000, 30.89842584807453818, 38.37678982146504580 ) ) ;
#9792 = DIRECTION ( 'NONE',  ( 0.000000000000000000, 0.02844266007110466538, 0.9995954257038591750 ) ) ;
#9793 = EDGE_CURVE ( 'NONE', #3554, #3191, #6638, .T. ) ;
#9794 = FACE_OUTER_BOUND ( 'NONE', #7744, .T. ) ;
#9795 = DIRECTION ( 'NONE',  ( -0.000000000000000000, -0.8514537021307109210, 0.5244297790247105517 ) ) ;
#9796 = VECTOR ( 'NONE', #9602, 1000.000000000000000 ) ;
#9797 = VERTEX_POINT ( 'NONE', #9465 ) ;
#9798 = ORIENTED_EDGE ( 'NONE', *, *, #5857, .F. ) ;
#9799 = CARTESIAN_POINT ( 'NONE',  ( 20.00000000000000000, 66.70319209594900656, 82.00000000000000000 ) ) ;
#9800 = ORIENTED_EDGE ( 'NONE', *, *, #9789, .T. ) ;
#9801 = CARTESIAN_POINT ( 'NONE',  ( -7.126860627661312897, 66.88835136286581928, 82.00000000000001421 ) ) ;
#9802 = EDGE_CURVE ( 'NONE', #4548, #6004, #5708, .T. ) ;
#9804 = ORIENTED_EDGE ( 'NONE', *, *, #6556, .F. ) ;
#9803 = DIRECTION ( 'NONE',  ( 0.000000000000000000, 0.8798963622018151076, 0.4751656466791471800 ) ) ;
#9805 = CARTESIAN_POINT ( 'NONE',  ( 20.00000000000000000, -37.76232033811303523, 38.62321017853599869 ) ) ;
#9806 = DIRECTION ( 'NONE',  ( -1.000000000000000000, -0.000000000000000000, -0.000000000000000000 ) ) ;
#9807 = CARTESIAN_POINT ( 'NONE',  ( 43.59645808625549535, 48.48534660633278293, 1.000000000000000000 ) ) ;
#9808 = DIRECTION ( 'NONE',  ( -1.000000000000000000, -0.000000000000000000, -0.000000000000000000 ) ) ;
#9809 = EDGE_CURVE ( 'NONE', #223, #3230, #4194, .T. ) ;
#9810 = FACE_OUTER_BOUND ( 'NONE', #4935, .T. ) ;
#9811 = AXIS2_PLACEMENT_3D ( 'NONE', #9331, #2555, #5576 ) ;
#9812 = ORIENTED_EDGE ( 'NONE', *, *, #1576, .T. ) ;
#9813 = CARTESIAN_POINT ( 'NONE',  ( 33.32232879672930892, -17.76215628866530949, 8.623210178535790860 ) ) ;
#9814 = ORIENTED_EDGE ( 'NONE', *, *, #3742, .F. ) ;
#9815 = CARTESIAN_POINT ( 'NONE',  ( 33.32232879672930892, 42.38060671916623789, 28.62321017853516736 ) ) ;
#9816 = AXIS2_PLACEMENT_3D ( 'NONE', #5474, #2993, #6152 ) ;
ENDSEC;
END-ISO-10303-21;
