ISO-10303-21;
HEADER;
FILE_DESCRIPTION (( 'STEP AP214' ),
    '1' );
FILE_NAME ('”„Õ∑Gen1.3S.step',
    '2026-09-02T03:49:15',
    ( '' ),
    ( '' ),
    'SwSTEP 2.0',
    'SolidWorks 2025',
    '' );
FILE_SCHEMA (( 'AUTOMOTIVE_DESIGN' ));
ENDSEC;

DATA;
#1 = LINE ( 'NONE', #259, #1717 ) ;
#2 = ORIENTED_EDGE ( 'NONE', *, *, #583, .T. ) ;
#3 = CARTESIAN_POINT ( 'NONE',  ( 0.000000000000000000, 25.00000000000000000, 0.000000000000000000 ) ) ;
#4 = LINE ( 'NONE', #1128, #957 ) ;
#5 = FACE_OUTER_BOUND ( 'NONE', #193, .T. ) ;
#6 = EDGE_CURVE ( 'NONE', #360, #539, #365, .T. ) ;
#7 = VECTOR ( 'NONE', #1605, 1000.000000000000114 ) ;
#8 = VECTOR ( 'NONE', #389, 1000.000000000000114 ) ;
#9 = LINE ( 'NONE', #31, #128 ) ;
#10 = ORIENTED_EDGE ( 'NONE', *, *, #617, .F. ) ;
#11 = EDGE_LOOP ( 'NONE', ( #424, #1682, #1117 ) ) ;
#12 = MECHANICAL_DESIGN_GEOMETRIC_PRESENTATION_REPRESENTATION (  '', ( #1454 ), #1039 ) ;
#13 = DIRECTION ( 'NONE',  ( 9.854394224524439644E-17, -1.000000000000000000, 0.000000000000000000 ) ) ;
#14 = EDGE_LOOP ( 'NONE', ( #232, #859, #1487, #397 ) ) ;
#15 = DIRECTION ( 'NONE',  ( -0.7071067811865474617, 0.7071067811865475727, 0.000000000000000000 ) ) ;
#16 = CARTESIAN_POINT ( 'NONE',  ( -13.00000000000000000, 19.61522368914979708, 60.00000000000000000 ) ) ;
#17 = EDGE_LOOP ( 'NONE', ( #1061, #1164, #445, #677 ) ) ;
#18 = CARTESIAN_POINT ( 'NONE',  ( 0.000000000000000000, 75.00000000000000000, 0.000000000000000000 ) ) ;
#19 = ORIENTED_EDGE ( 'NONE', *, *, #1344, .T. ) ;
#20 = EDGE_CURVE ( 'NONE', #537, #1372, #1200, .T. ) ;
#21 = CARTESIAN_POINT ( 'NONE',  ( 19.61522368914979708, -13.00000000000000000, 60.00000000000000000 ) ) ;
#22 = CARTESIAN_POINT ( 'NONE',  ( -40.80116977430276393, 70.04100849708275689, 163.9006751310215861 ) ) ;
#23 = CARTESIAN_POINT ( 'NONE',  ( 4.091920925699260358, 13.45439347997719892, 19.73076218727290154 ) ) ;
#24 = VERTEX_POINT ( 'NONE', #1643 ) ;
#25 = DIRECTION ( 'NONE',  ( -0.1143900656407112748, -0.4992390216731257824, 0.8588802664641760343 ) ) ;
#26 = ORIENTED_EDGE ( 'NONE', *, *, #1612, .F. ) ;
#27 = DIRECTION ( 'NONE',  ( 0.8933381174767176525, 0.1218883589525987521, -0.4325392881750703689 ) ) ;
#28 = PRODUCT_DEFINITION ( 'Êú', '', #880, #1725 ) ;
#29 = DIRECTION ( 'NONE',  ( -0.09948125742400598659, -0.9950394037321845797, -0.0002538535745413250081 ) ) ;
#30 = VECTOR ( 'NONE', #1444, 1000.000000000000114 ) ;
#31 = CARTESIAN_POINT ( 'NONE',  ( 85.81371466439308904, 85.75752652077569849, 300.0000000000000000 ) ) ;
#32 = VERTEX_POINT ( 'NONE', #1634 ) ;
#33 = CARTESIAN_POINT ( 'NONE',  ( 53.33333333333330017, 78.33333333333330017, 0.000000000000000000 ) ) ;
#34 = VECTOR ( 'NONE', #1617, 1000.000000000000114 ) ;
#35 = B_SPLINE_CURVE_WITH_KNOTS ( 'NONE', 3,
 ( #1589, #293, #597, #1689, #562, #161 ),
 .UNSPECIFIED., .F., .F.,
 ( 4, 2, 4 ),
 ( 0.000000000000000000, 0.3363382268827050381, 1.000000000000000000 ),
 .UNSPECIFIED. ) ;
#36 = EDGE_CURVE ( 'NONE', #658, #965, #1661, .T. ) ;
#37 = CARTESIAN_POINT ( 'NONE',  ( 131.8467734799894231, 131.8304920793014503, 154.3276173734077190 ) ) ;
#38 = ORIENTED_EDGE ( 'NONE', *, *, #246, .F. ) ;
#39 = DIRECTION ( 'NONE',  ( 0.08285476006827850737, 0.08313375893700966635, -0.9930880458745997563 ) ) ;
#40 = EDGE_CURVE ( 'NONE', #24, #1047, #514, .T. ) ;
#41 = CARTESIAN_POINT ( 'NONE',  ( 0.000000000000000000, 25.00000000000000000, 0.000000000000000000 ) ) ;
#42 = CARTESIAN_POINT ( 'NONE',  ( 61.81565349204235105, -29.01884823795997193, 149.3621644045536812 ) ) ;
#43 = ORIENTED_EDGE ( 'NONE', *, *, #1645, .T. ) ;
#44 = CARTESIAN_POINT ( 'NONE',  ( 90.98404853840079909, -16.77118266062210239, 100.0000000000000000 ) ) ;
#45 = CARTESIAN_POINT ( 'NONE',  ( 88.46992676465271188, -14.25706088687399919, 73.33333333333328596 ) ) ;
#46 = FACE_OUTER_BOUND ( 'NONE', #1299, .T. ) ;
#47 = CARTESIAN_POINT ( 'NONE',  ( -29.56565023313533658, 101.7603442077801645, 200.4380880032038306 ) ) ;
#48 = CARTESIAN_POINT ( 'NONE',  ( 67.21495731041892441, -6.692965717545529714, 5.047556239591719063 ) ) ;
#49 = ADVANCED_FACE ( 'NONE', ( #1458 ), #385, .T. ) ;
#50 = ADVANCED_FACE ( 'NONE', ( #644 ), #355, .T. ) ;
#51 = EDGE_CURVE ( 'NONE', #1336, #921, #953, .T. ) ;
#52 = ORIENTED_EDGE ( 'NONE', *, *, #594, .T. ) ;
#53 = CARTESIAN_POINT ( 'NONE',  ( 78.75003836800630097, -15.07646860956529977, 86.67320658150956092 ) ) ;
#54 = ORIENTED_EDGE ( 'NONE', *, *, #324, .T. ) ;
#55 = CARTESIAN_POINT ( 'NONE',  ( -15.45208762431930083, 67.12297801547249776, 100.0000000000000000 ) ) ;
#56 = CARTESIAN_POINT ( 'NONE',  ( 102.5000015273689939, 102.5000015273689939, 100.0000000000000000 ) ) ;
#57 = ORIENTED_EDGE ( 'NONE', *, *, #1807, .F. ) ;
#58 = DIRECTION ( 'NONE',  ( 0.6522914779139880048, -0.6036752785395986809, 0.4583579233753062310 ) ) ;
#59 = VERTEX_POINT ( 'NONE', #1068 ) ;
#60 = CARTESIAN_POINT ( 'NONE',  ( -13.54996967074590053, 20.13690908864820273, 100.0000000000000000 ) ) ;
#61 = CARTESIAN_POINT ( 'NONE',  ( 131.4192972657769758, 129.6360706662577797, 151.5674571826941133 ) ) ;
#62 = EDGE_CURVE ( 'NONE', #126, #758, #88, .T. ) ;
#63 = CARTESIAN_POINT ( 'NONE',  ( -8.963374119032936349, 55.24412039322938028, 180.0387952371366111 ) ) ;
#64 = ORIENTED_EDGE ( 'NONE', *, *, #1550, .T. ) ;
#65 = VECTOR ( 'NONE', #1609, 1000.000000000000000 ) ;
#66 = PLANE ( 'NONE',  #349 ) ;
#67 = VECTOR ( 'NONE', #1653, 1000.000000000000227 ) ;
#68 = CARTESIAN_POINT ( 'NONE',  ( 42.14777108535940187, -13.00000000000000000, 60.00000000000000000 ) ) ;
#69 = ORIENTED_EDGE ( 'NONE', *, *, #1677, .F. ) ;
#70 = VECTOR ( 'NONE', #1180, 1000.000000000000114 ) ;
#71 = DIRECTION ( 'NONE',  ( 0.8932040112383866637, 0.2644043430599209987, -0.3636989657377479590 ) ) ;
#72 = CARTESIAN_POINT ( 'NONE',  ( 59.23643361139561847, -0.08996125997604151325, 299.8639679786829788 ) ) ;
#73 = DIRECTION ( 'NONE',  ( 0.03329376522159509244, 0.6244642460333179601, 0.7803434696487240307 ) ) ;
#74 = ORIENTED_EDGE ( 'NONE', *, *, #324, .F. ) ;
#75 = EDGE_CURVE ( 'NONE', #1570, #319, #1525, .T. ) ;
#76 = EDGE_CURVE ( 'NONE', #961, #776, #522, .T. ) ;
#77 = CARTESIAN_POINT ( 'NONE',  ( 89.72698765152669864, -15.51412177374810142, 86.66666666666669983 ) ) ;
#78 = ORIENTED_EDGE ( 'NONE', *, *, #494, .F. ) ;
#79 = DIRECTION ( 'NONE',  ( 0.08285476006827932616, 0.08313375893700987451, -0.9930880458745996453 ) ) ;
#80 = CARTESIAN_POINT ( 'NONE',  ( -14.27660766901380285, 58.50462746455901453, 111.0121370426187752 ) ) ;
#81 = ORIENTED_EDGE ( 'NONE', *, *, #1065, .T. ) ;
#82 = FACE_OUTER_BOUND ( 'NONE', #1538, .T. ) ;
#83 = ORIENTED_EDGE ( 'NONE', *, *, #141, .T. ) ;
#84 = CARTESIAN_POINT ( 'NONE',  ( 19.60621198855309899, -13.00984448023490003, 86.66666666666669983 ) ) ;
#85 = EDGE_LOOP ( 'NONE', ( #900, #946, #483, #811 ) ) ;
#86 = CARTESIAN_POINT ( 'NONE',  ( -1.772687989449910129, 24.26572859291399809, 6.636209569111689355 ) ) ;
#87 = ORIENTED_EDGE ( 'NONE', *, *, #1378, .F. ) ;
#88 = LINE ( 'NONE', #886, #1397 ) ;
#89 = LINE ( 'NONE', #344, #95 ) ;
#90 = LINE ( 'NONE', #775, #265 ) ;
#91 = ORIENTED_EDGE ( 'NONE', *, *, #877, .F. ) ;
#92 = CARTESIAN_POINT ( 'NONE',  ( 58.98027390793964031, -14.86695203850545255, 103.8653681696780211 ) ) ;
#93 = DIRECTION ( 'NONE',  ( 1.000000000000000000, 0.000000000000000000, 0.000000000000000000 ) ) ;
#94 = VECTOR ( 'NONE', #1567, 1000.000000000000000 ) ;
#95 = VECTOR ( 'NONE', #907, 1000.000000000000114 ) ;
#96 = CARTESIAN_POINT ( 'NONE',  ( 8.743482459433169041, -2.128258770283410151, 60.00000000000000000 ) ) ;
#97 = VECTOR ( 'NONE', #244, 1000.000000000000114 ) ;
#98 = EDGE_CURVE ( 'NONE', #1508, #1112, #599, .T. ) ;
#99 = ORIENTED_EDGE ( 'NONE', *, *, #1344, .F. ) ;
#100 = DIRECTION ( 'NONE',  ( 0.9630742261347235988, 0.002411541615458458621, 0.2692252206277117033 ) ) ;
#101 = CARTESIAN_POINT ( 'NONE',  ( 55.99979813874311674, -37.53976598539039600, 146.9338644854348956 ) ) ;
#102 = DIRECTION ( 'NONE',  ( -0.9943695445421165680, 0.1059679616068162772, 0.000000000000000000 ) ) ;
#103 = ORIENTED_EDGE ( 'NONE', *, *, #108, .F. ) ;
#104 = CARTESIAN_POINT ( 'NONE',  ( 51.51501507668832858, -35.21444897382652783, 192.9976828219701588 ) ) ;
#105 = CARTESIAN_POINT ( 'NONE',  ( 60.90657278791780271, -5.270551628578689751, 19.73076218727290154 ) ) ;
#106 = EDGE_LOOP ( 'NONE', ( #74, #932, #83, #598, #1375, #1470, #871, #119, #1411, #839, #1519, #984 ) ) ;
#107 = CARTESIAN_POINT ( 'NONE',  ( -16.40314660110600187, 90.61601247888459909, 100.0000000000000000 ) ) ;
#108 = EDGE_CURVE ( 'NONE', #612, #773, #1514, .T. ) ;
#109 = CARTESIAN_POINT ( 'NONE',  ( 103.5476534728976645, -27.83127660758775335, 200.2138808453574654 ) ) ;
#110 = DIRECTION ( 'NONE',  ( 0.01412980342121314924, 0.09148082850124075738, 0.9957065866368487450 ) ) ;
#111 = ORIENTED_EDGE ( 'NONE', *, *, #629, .F. ) ;
#112 = ORIENTED_EDGE ( 'NONE', *, *, #1523, .T. ) ;
#113 = CARTESIAN_POINT ( 'NONE',  ( 102.5855316864112012, -24.41014441478889552, 256.8246051564004233 ) ) ;
#114 = DIRECTION ( 'NONE',  ( 0.5267064882711131046, -0.09119067469983829777, -0.8451417254288774439 ) ) ;
#115 = EDGE_LOOP ( 'NONE', ( #808, #605, #1731, #694 ) ) ;
#116 = FACE_OUTER_BOUND ( 'NONE', #623, .T. ) ;
#117 = DIRECTION ( 'NONE',  ( 0.08446944016291649260, -0.08446944016291627055, -0.9928392756922577167 ) ) ;
#118 = EDGE_CURVE ( 'NONE', #967, #1390, #1077, .T. ) ;
#119 = ORIENTED_EDGE ( 'NONE', *, *, #1111, .F. ) ;
#120 = LINE ( 'NONE', #1804, #1331 ) ;
#121 = ORIENTED_EDGE ( 'NONE', *, *, #914, .T. ) ;
#122 = EDGE_CURVE ( 'NONE', #666, #537, #188, .T. ) ;
#123 = DIRECTION ( 'NONE',  ( 0.6788805199509614363, -0.6677827231425409460, 0.3052662351185352341 ) ) ;
#124 = AXIS2_PLACEMENT_3D ( 'NONE', #1295, #879, #1172 ) ;
#125 = CARTESIAN_POINT ( 'NONE',  ( 90.98404853840079909, -16.77118266062210239, 100.0000000000000000 ) ) ;
#126 = VERTEX_POINT ( 'NONE', #608 ) ;
#127 = CARTESIAN_POINT ( 'NONE',  ( 84.02238145734200714, -9.603884961912068974, 39.73076218727289444 ) ) ;
#128 = VECTOR ( 'NONE', #453, 1000.000000000000000 ) ;
#129 = CARTESIAN_POINT ( 'NONE',  ( 0.000000000000000000, 25.00000000000000000, 0.000000000000000000 ) ) ;
#130 = PLANE ( 'NONE',  #854 ) ;
#131 = ORIENTED_EDGE ( 'NONE', *, *, #1708, .T. ) ;
#132 = CARTESIAN_POINT ( 'NONE',  ( -24.11964647488130709, 102.8813802638509287, 255.6673427635730604 ) ) ;
#133 = ADVANCED_FACE ( 'NONE', ( #805 ), #1416, .F. ) ;
#134 = CARTESIAN_POINT ( 'NONE',  ( 25.00000000000000000, 0.000000000000000000, 0.000000000000000000 ) ) ;
#135 = DIRECTION ( 'NONE',  ( -0.09917277348990925778, 0.9922556246453495543, 0.07478994824163458233 ) ) ;
#136 = DIRECTION ( 'NONE',  ( -0.07728867366718999987, 0.06442733706180632514, -0.9949249113183823434 ) ) ;
#137 = EDGE_LOOP ( 'NONE', ( #392, #697, #1638, #1555 ) ) ;
#138 = DIRECTION ( 'NONE',  ( 0.06739081685967036883, -0.07824860182470597114, -0.9946535246584434775 ) ) ;
#139 = EDGE_CURVE ( 'NONE', #222, #1167, #1696, .T. ) ;
#140 = CARTESIAN_POINT ( 'NONE',  ( 19.60170613825469843, -13.01476672035239979, 100.0000000000000000 ) ) ;
#141 = EDGE_CURVE ( 'NONE', #1390, #247, #543, .T. ) ;
#142 = LINE ( 'NONE', #1037, #1242 ) ;
#143 = ORIENTED_EDGE ( 'NONE', *, *, #632, .F. ) ;
#144 = DIRECTION ( 'NONE',  ( -0.3828012842980266783, 0.8238574340788296091, 0.4179977333106342785 ) ) ;
#145 = ORIENTED_EDGE ( 'NONE', *, *, #1209, .F. ) ;
#146 = CARTESIAN_POINT ( 'NONE',  ( -36.26254353020271992, 52.78489154198779687, 191.1704209360983668 ) ) ;
#147 = ORIENTED_EDGE ( 'NONE', *, *, #62, .F. ) ;
#148 = DIRECTION ( 'NONE',  ( 0.8933381174767177635, 0.1218883589525987243, -0.4325392881750703133 ) ) ;
#149 = CARTESIAN_POINT ( 'NONE',  ( 102.5855316864112012, -24.41014441478889552, 256.8246051564004233 ) ) ;
#150 = ADVANCED_FACE ( 'NONE', ( #5 ), #1104, .F. ) ;
#151 = VECTOR ( 'NONE', #1646, 1000.000000000000114 ) ;
#152 = ORIENTED_EDGE ( 'NONE', *, *, #118, .T. ) ;
#153 = CARTESIAN_POINT ( 'NONE',  ( 58.98027390793964031, -14.86695203850545255, 103.8653681696780211 ) ) ;
#154 = ORIENTED_EDGE ( 'NONE', *, *, #1347, .T. ) ;
#155 = AXIS2_PLACEMENT_3D ( 'NONE', #1575, #1318, #868 ) ;
#156 = LINE ( 'NONE', #1134, #1215 ) ;
#157 = VECTOR ( 'NONE', #282, 1000.000000000000227 ) ;
#158 = LINE ( 'NONE', #22, #1276 ) ;
#159 = LINE ( 'NONE', #1049, #470 ) ;
#160 = ORIENTED_EDGE ( 'NONE', *, *, #226, .F. ) ;
#161 = CARTESIAN_POINT ( 'NONE',  ( 19.61522368914979708, -13.00000000000000000, 60.00000000000000000 ) ) ;
#162 = ORIENTED_EDGE ( 'NONE', *, *, #1065, .F. ) ;
#163 = DIRECTION ( 'NONE',  ( -0.06517644223580516816, 0.09392288401375668838, 0.9934437695390823109 ) ) ;
#164 = DIRECTION ( 'NONE',  ( -0.3131759103274763256, 0.1126902830258646737, 0.9429855509508653366 ) ) ;
#165 = FACE_OUTER_BOUND ( 'NONE', #760, .T. ) ;
#166 = VECTOR ( 'NONE', #79, 1000.000000000000114 ) ;
#167 = DIRECTION ( 'NONE',  ( 1.000000000000000000, -9.854394224524439644E-17, 0.000000000000000000 ) ) ;
#168 = ORIENTED_EDGE ( 'NONE', *, *, #1111, .T. ) ;
#169 = DIRECTION ( 'NONE',  ( -0.5487465468063323915, -0.8039787624481966599, -0.2291186960952587559 ) ) ;
#170 = ORIENTED_EDGE ( 'NONE', *, *, #1774, .T. ) ;
#171 = EDGE_CURVE ( 'NONE', #1130, #1390, #1678, .T. ) ;
#172 = CARTESIAN_POINT ( 'NONE',  ( 90.98404853840079909, -16.77118266062210239, 100.0000000000000000 ) ) ;
#173 = EDGE_CURVE ( 'NONE', #1297, #513, #643, .T. ) ;
#174 = DIRECTION ( 'NONE',  ( 0.04044946249477212458, -0.9991815855908695587, 0.000000000000000000 ) ) ;
#175 = CARTESIAN_POINT ( 'NONE',  ( 85.81371466439308904, 85.75752652077569849, 300.0000000000000000 ) ) ;
#176 = DIRECTION ( 'NONE',  ( -0.03257715387297448195, -0.07314827196083409366, -0.9967888740122856639 ) ) ;
#177 = VECTOR ( 'NONE', #548, 999.9999999999998863 ) ;
#178 = LINE ( 'NONE', #1268, #649 ) ;
#179 = ORIENTED_EDGE ( 'NONE', *, *, #641, .T. ) ;
#180 = PLANE ( 'NONE',  #978 ) ;
#181 = AXIS2_PLACEMENT_3D ( 'NONE', #991, #865, #571 ) ;
#182 = LINE ( 'NONE', #742, #1749 ) ;
#183 = LINE ( 'NONE', #466, #1150 ) ;
#184 = CARTESIAN_POINT ( 'NONE',  ( 13.45439347997719892, 4.091920925699250589, 19.73076218727290154 ) ) ;
#185 = VERTEX_POINT ( 'NONE', #1260 ) ;
#186 = DIRECTION ( 'NONE',  ( 0.008040264347241074527, 0.07446968930840339174, 0.9971908641396270978 ) ) ;
#187 = AXIS2_PLACEMENT_3D ( 'NONE', #557, #1396, #819 ) ;
#188 = LINE ( 'NONE', #44, #654 ) ;
#189 = CARTESIAN_POINT ( 'NONE',  ( 80.00000000000000000, 80.00000000000000000, 0.000000000000000000 ) ) ;
#190 = EDGE_LOOP ( 'NONE', ( #329, #973, #1107, #1436 ) ) ;
#191 = ORIENTED_EDGE ( 'NONE', *, *, #1378, .T. ) ;
#192 =( NAMED_UNIT ( * ) PLANE_ANGLE_UNIT ( ) SI_UNIT ( $, .RADIAN. ) );
#193 = EDGE_LOOP ( 'NONE', ( #292, #1438, #1158 ) ) ;
#194 = CARTESIAN_POINT ( 'NONE',  ( -21.19663105626115751, 102.8898120482800351, 256.5637305496188105 ) ) ;
#195 = ADVANCED_FACE ( 'NONE', ( #1387 ), #1561, .T. ) ;
#196 = PLANE ( 'NONE',  #1036 ) ;
#197 = DIRECTION ( 'NONE',  ( -0.9980525784828885305, -0.06237828615518063724, 0.000000000000000000 ) ) ;
#198 = DIRECTION ( 'NONE',  ( 0.05847849756571832369, -0.1629430163549493438, -0.9849009283900623801 ) ) ;
#199 = ORIENTED_EDGE ( 'NONE', *, *, #1645, .F. ) ;
#200 = CARTESIAN_POINT ( 'NONE',  ( -1.289962036515718724, 87.55789286369537194, 299.6948856252752194 ) ) ;
#201 = ORIENTED_EDGE ( 'NONE', *, *, #122, .T. ) ;
#202 = DIRECTION ( 'NONE',  ( 0.06237828615518053316, 0.9980525784828885305, 0.000000000000000000 ) ) ;
#203 = ADVANCED_FACE ( 'NONE', ( #393 ), #1137, .T. ) ;
#204 = CARTESIAN_POINT ( 'NONE',  ( 53.33576109474837779, -39.50161798519688006, 146.2463270571496139 ) ) ;
#205 = VECTOR ( 'NONE', #1114, 1000.000000000000114 ) ;
#206 = DIRECTION ( 'NONE',  ( 0.4383055656291319213, -0.02391659071669019823, 0.8985077783898239856 ) ) ;
#207 = ORIENTED_EDGE ( 'NONE', *, *, #692, .F. ) ;
#208 = VECTOR ( 'NONE', #309, 1000.000000000000114 ) ;
#209 = VECTOR ( 'NONE', #163, 1000.000000000000000 ) ;
#210 = PLANE ( 'NONE',  #856 ) ;
#211 = AXIS2_PLACEMENT_3D ( 'NONE', #224, #1500, #1648 ) ;
#212 = CARTESIAN_POINT ( 'NONE',  ( -13.54996967074590053, 20.13690908864820273, 100.0000000000000000 ) ) ;
#213 = CARTESIAN_POINT ( 'NONE',  ( 60.22061615529289469, -14.99098174013175111, 103.9584688815182716 ) ) ;
#214 = EDGE_CURVE ( 'NONE', #635, #658, #962, .T. ) ;
#215 = CARTESIAN_POINT ( 'NONE',  ( -8.988841412163385058, 54.81621663920664389, 180.3295915214888510 ) ) ;
#216 = EDGE_LOOP ( 'NONE', ( #145, #1317, #26, #54, #817, #1688, #260, #1737, #111, #533, #555, #131 ) ) ;
#217 = CARTESIAN_POINT ( 'NONE',  ( -5.270551628578680869, 79.95142616474920771, 19.73076218727290154 ) ) ;
#218 = FACE_OUTER_BOUND ( 'NONE', #489, .T. ) ;
#219 = DIRECTION ( 'NONE',  ( 0.09610575432375352556, 0.9953711287684922082, 0.000000000000000000 ) ) ;
#220 = DIRECTION ( 'NONE',  ( 0.6785629642518056226, -0.5470151869764706687, -0.4902312604913107164 ) ) ;
#221 = PLANE ( 'NONE',  #1183 ) ;
#222 = VERTEX_POINT ( 'NONE', #846 ) ;
#223 = EDGE_CURVE ( 'NONE', #996, #610, #1703, .T. ) ;
#224 = CARTESIAN_POINT ( 'NONE',  ( 1.200696320885230151, 26.59944653261349856, 300.0000000000000000 ) ) ;
#225 = VERTEX_POINT ( 'NONE', #149 ) ;
#226 = EDGE_CURVE ( 'NONE', #990, #1590, #1398, .T. ) ;
#227 = CARTESIAN_POINT ( 'NONE',  ( 21.02194059730500086, -9.603884961912019236, 39.73076218727289444 ) ) ;
#228 = EDGE_LOOP ( 'NONE', ( #1198, #1718, #781 ) ) ;
#229 = DIRECTION ( 'NONE',  ( -0.5767781274876292441, -0.5765967625757207893, -0.5786736256639505305 ) ) ;
#230 = LINE ( 'NONE', #645, #1271 ) ;
#231 = LINE ( 'NONE', #698, #1423 ) ;
#232 = ORIENTED_EDGE ( 'NONE', *, *, #223, .F. ) ;
#233 = LINE ( 'NONE', #350, #532 ) ;
#234 = ADVANCED_FACE ( 'NONE', ( #116 ), #1135, .T. ) ;
#235 = VECTOR ( 'NONE', #1258, 1000.000000000000227 ) ;
#236 = CARTESIAN_POINT ( 'NONE',  ( 132.9601476349478162, 132.9476153263995286, 140.9828371463724181 ) ) ;
#237 = PRESENTATION_LAYER_ASSIGNMENT (  '', '', ( #1454 ) ) ;
#238 = ORIENTED_EDGE ( 'NONE', *, *, #1600, .T. ) ;
#239 = DIRECTION ( 'NONE',  ( -0.7310402943628174777, -0.5759043659123709302, 0.3659429591357035161 ) ) ;
#240 = LINE ( 'NONE', #1802, #288 ) ;
#241 = AXIS2_PLACEMENT_3D ( 'NONE', #981, #1279, #1532 ) ;
#242 = PLANE ( 'NONE',  #1573 ) ;
#243 = VERTEX_POINT ( 'NONE', #1407 ) ;
#244 = DIRECTION ( 'NONE',  ( -0.6035256957222993046, 0.6521796515077639134, 0.4587138942326973168 ) ) ;
#245 = LINE ( 'NONE', #1797, #663 ) ;
#246 = EDGE_CURVE ( 'NONE', #1582, #360, #142, .T. ) ;
#247 = VERTEX_POINT ( 'NONE', #1027 ) ;
#248 = CARTESIAN_POINT ( 'NONE',  ( -14.50102864753259979, 43.62994355206029695, 100.0000000000000000 ) ) ;
#249 = LINE ( 'NONE', #1663, #438 ) ;
#250 = DIRECTION ( 'NONE',  ( 0.3019876054409297850, 0.7616328527150919570, 0.5733401118229252136 ) ) ;
#251 = ORIENTED_EDGE ( 'NONE', *, *, #1177, .F. ) ;
#252 = VECTOR ( 'NONE', #1764, 1000.000000000000114 ) ;
#253 = DIRECTION ( 'NONE',  ( -0.09345255995397368232, 0.09345255995397387661, -0.9912281463296418460 ) ) ;
#254 = PRESENTATION_STYLE_ASSIGNMENT (( #1530 ) ) ;
#255 = ORIENTED_EDGE ( 'NONE', *, *, #98, .F. ) ;
#256 = CARTESIAN_POINT ( 'NONE',  ( 97.87601497760924474, 97.87451469389952763, 105.7834055442567944 ) ) ;
#257 = PLANE ( 'NONE',  #1327 ) ;
#258 = EDGE_CURVE ( 'NONE', #360, #666, #720, .T. ) ;
#259 = CARTESIAN_POINT ( 'NONE',  ( 80.00000000000000000, 80.00000000000000000, 0.000000000000000000 ) ) ;
#260 = ORIENTED_EDGE ( 'NONE', *, *, #541, .T. ) ;
#261 = CARTESIAN_POINT ( 'NONE',  ( -5.270551628578680869, 22.81686603425509929, 19.73076218727290154 ) ) ;
#262 =( LENGTH_UNIT ( ) NAMED_UNIT ( * ) SI_UNIT ( .MILLI., .METRE. ) );
#263 = AXIS2_PLACEMENT_3D ( 'NONE', #1739, #1616, #881 ) ;
#264 = CARTESIAN_POINT ( 'NONE',  ( 31.74242355600747345, -7.715019769352153389, 179.0724374862445245 ) ) ;
#265 = VECTOR ( 'NONE', #1051, 1000.000000000000000 ) ;
#266 = LINE ( 'NONE', #1389, #976 ) ;
#267 = AXIS2_PLACEMENT_3D ( 'NONE', #383, #1265, #1385 ) ;
#268 = FACE_OUTER_BOUND ( 'NONE', #1139, .T. ) ;
#269 = ORIENTED_EDGE ( 'NONE', *, *, #1196, .T. ) ;
#270 = EDGE_LOOP ( 'NONE', ( #1280, #43, #147, #1535 ) ) ;
#271 = EDGE_CURVE ( 'NONE', #1015, #1072, #1711, .T. ) ;
#272 = ADVANCED_FACE ( 'NONE', ( #1750 ), #1595, .T. ) ;
#273 = CARTESIAN_POINT ( 'NONE',  ( -6.968869645871876628, 69.72579126508144043, 5.255488797744350293 ) ) ;
#274 = PLANE ( 'NONE',  #267 ) ;
#275 = CARTESIAN_POINT ( 'NONE',  ( 78.03767304452928499, -56.74557209519703349, 220.5957271807236850 ) ) ;
#276 = ORIENTED_EDGE ( 'NONE', *, *, #680, .F. ) ;
#277 = PLANE ( 'NONE',  #442 ) ;
#278 = ORIENTED_EDGE ( 'NONE', *, *, #1291, .F. ) ;
#279 = LINE ( 'NONE', #104, #1126 ) ;
#280 = EDGE_CURVE ( 'NONE', #967, #1513, #1313, .T. ) ;
#281 = DIRECTION ( 'NONE',  ( 0.1624797592457765394, -0.05800414833886290145, 0.9850055058784786821 ) ) ;
#282 = DIRECTION ( 'NONE',  ( 0.06463837269306145494, -0.07811824549388916850, -0.9948464306095434750 ) ) ;
#283 = VERTEX_POINT ( 'NONE', #328 ) ;
#284 = LINE ( 'NONE', #1146, #1008 ) ;
#285 = ORIENTED_EDGE ( 'NONE', *, *, #1058, .T. ) ;
#286 = DIRECTION ( 'NONE',  ( 0.000000000000000000, -0.5073176997118737930, 0.8617591029742899256 ) ) ;
#287 = LINE ( 'NONE', #1160, #1606 ) ;
#288 = VECTOR ( 'NONE', #934, 1000.000000000000114 ) ;
#289 = DIRECTION ( 'NONE',  ( 1.000000000000000000, 0.000000000000000000, 0.000000000000000000 ) ) ;
#290 = VECTOR ( 'NONE', #810, 1000.000000000000227 ) ;
#291 = AXIS2_PLACEMENT_3D ( 'NONE', #1795, #123, #682 ) ;
#292 = ORIENTED_EDGE ( 'NONE', *, *, #1021, .F. ) ;
#293 = CARTESIAN_POINT ( 'NONE',  ( 24.26572859291399809, -1.772687989449910129, 6.636209569111689355 ) ) ;
#294 = ORIENTED_EDGE ( 'NONE', *, *, #1155, .T. ) ;
#295 = VECTOR ( 'NONE', #164, 1000.000000000000000 ) ;
#296 = CARTESIAN_POINT ( 'NONE',  ( 99.63124221923399659, 99.63124221923399659, 86.66666666666669983 ) ) ;
#297 = DIRECTION ( 'NONE',  ( 0.1203480259826817250, 0.6177987837767409118, 0.7770720786426773552 ) ) ;
#298 = CARTESIAN_POINT ( 'NONE',  ( -16.53711031480590066, 60.64960028681715443, 112.9837701163796879 ) ) ;
#299 = LINE ( 'NONE', #1321, #208 ) ;
#300 = ADVANCED_FACE ( 'NONE', ( #450 ), #196, .T. ) ;
#301 = ORIENTED_EDGE ( 'NONE', *, *, #1188, .F. ) ;
#302 = EDGE_CURVE ( 'NONE', #1768, #612, #1426, .T. ) ;
#303 = CARTESIAN_POINT ( 'NONE',  ( 80.00000000000000000, 80.00000000000000000, 0.000000000000000000 ) ) ;
#304 = ORIENTED_EDGE ( 'NONE', *, *, #1223, .F. ) ;
#305 = CARTESIAN_POINT ( 'NONE',  ( 55.33174369112109048, 83.73906962223038875, 19.73076218727290154 ) ) ;
#306 = ORIENTED_EDGE ( 'NONE', *, *, #657, .F. ) ;
#307 = PLANE ( 'NONE',  #155 ) ;
#308 = DIRECTION ( 'NONE',  ( -0.9950424301400090377, -0.09945130577858343757, 0.000000000000000000 ) ) ;
#309 = DIRECTION ( 'NONE',  ( 0.09610575432375352556, 0.9953711287684922082, 0.000000000000000000 ) ) ;
#310 = ORIENTED_EDGE ( 'NONE', *, *, #402, .F. ) ;
#311 = FACE_OUTER_BOUND ( 'NONE', #1536, .T. ) ;
#312 = VERTEX_POINT ( 'NONE', #1173 ) ;
#313 = ADVANCED_FACE ( 'NONE', ( #895 ), #754, .F. ) ;
#314 = EDGE_CURVE ( 'NONE', #539, #1611, #299, .T. ) ;
#315 = FACE_OUTER_BOUND ( 'NONE', #1627, .T. ) ;
#316 = LINE ( 'NONE', #1294, #295 ) ;
#317 = LINE ( 'NONE', #551, #30 ) ;
#318 = LINE ( 'NONE', #604, #795 ) ;
#319 = VERTEX_POINT ( 'NONE', #440 ) ;
#320 = DIRECTION ( 'NONE',  ( -0.07566615775816973311, 0.2322932742531484962, -0.9696981320528916815 ) ) ;
#321 = VECTOR ( 'NONE', #1401, 1000.000000000000114 ) ;
#322 = DIRECTION ( 'NONE',  ( -0.5911818335341315622, -0.8065383064053576190, 0.000000000000000000 ) ) ;
#323 = CARTESIAN_POINT ( 'NONE',  ( 22.63124120098800063, 89.43981845284039878, 60.00000000000000000 ) ) ;
#324 = EDGE_CURVE ( 'NONE', #1130, #1372, #318, .T. ) ;
#325 = DIRECTION ( 'NONE',  ( -0.08240792132037547124, 0.06671240417280532853, -0.9943633086720060632 ) ) ;
#326 = ORIENTED_EDGE ( 'NONE', *, *, #1754, .T. ) ;
#327 = CARTESIAN_POINT ( 'NONE',  ( 81.96128011650516498, -6.294695707338862078, 233.1713849336956059 ) ) ;
#328 = CARTESIAN_POINT ( 'NONE',  ( -24.41894728816686566, 102.5368530290513149, 256.2826640873636279 ) ) ;
#329 = ORIENTED_EDGE ( 'NONE', *, *, #617, .T. ) ;
#330 = LINE ( 'NONE', #772, #34 ) ;
#331 = DIRECTION ( 'NONE',  ( 0.9218531674006611443, 0.000000000000000000, -0.3875393370399559667 ) ) ;
#332 = ORIENTED_EDGE ( 'NONE', *, *, #606, .T. ) ;
#333 = CARTESIAN_POINT ( 'NONE',  ( -13.00000000000000000, 87.21286587777859722, 60.00000000000000000 ) ) ;
#334 = VERTEX_POINT ( 'NONE', #745 ) ;
#335 = LINE ( 'NONE', #696, #708 ) ;
#336 = ADVANCED_FACE ( 'NONE', ( #737 ), #1445, .F. ) ;
#337 = LINE ( 'NONE', #352, #1053 ) ;
#338 = CARTESIAN_POINT ( 'NONE',  ( 101.3872087861613949, 99.61636307221237985, 111.0734335729523394 ) ) ;
#339 = CARTESIAN_POINT ( 'NONE',  ( 25.00000000000000000, 0.000000000000000000, 0.000000000000000000 ) ) ;
#340 = VERTEX_POINT ( 'NONE', #61 ) ;
#341 = DIRECTION ( 'NONE',  ( 0.7071174106049326058, 0.7070961516083758003, 0.000000000000000000 ) ) ;
#342 = FACE_OUTER_BOUND ( 'NONE', #1466, .T. ) ;
#343 = EDGE_CURVE ( 'NONE', #1590, #59, #855, .T. ) ;
#344 = CARTESIAN_POINT ( 'NONE',  ( -0.1660892059757627104, 60.60805398614451889, 300.1328394906589097 ) ) ;
#345 = ORIENTED_EDGE ( 'NONE', *, *, #369, .F. ) ;
#346 = VECTOR ( 'NONE', #197, 1000.000000000000114 ) ;
#347 = CARTESIAN_POINT ( 'NONE',  ( 0.000000000000000000, 75.00000000000000000, 0.000000000000000000 ) ) ;
#348 = EDGE_LOOP ( 'NONE', ( #1275, #888, #1004, #723, #740 ) ) ;
#349 = AXIS2_PLACEMENT_3D ( 'NONE', #1342, #206, #767 ) ;
#350 = CARTESIAN_POINT ( 'NONE',  ( -16.40314660110600187, 90.61601247888459909, 100.0000000000000000 ) ) ;
#351 = ORIENTED_EDGE ( 'NONE', *, *, #985, .T. ) ;
#352 = CARTESIAN_POINT ( 'NONE',  ( 104.3483476719528795, -22.64732842924721368, 256.6376302857963765 ) ) ;
#353 = VERTEX_POINT ( 'NONE', #479 ) ;
#354 = EDGE_CURVE ( 'NONE', #433, #24, #159, .T. ) ;
#355 = PLANE ( 'NONE',  #563 ) ;
#356 = DIRECTION ( 'NONE',  ( 0.3800545783319521642, -0.7185422643358683192, 0.5824564634820401654 ) ) ;
#357 = EDGE_LOOP ( 'NONE', ( #980, #570, #836, #701, #909 ) ) ;
#358 = ADVANCED_FACE ( 'NONE', ( #1306 ), #569, .T. ) ;
#359 = CARTESIAN_POINT ( 'NONE',  ( -15.26876440073730201, 89.48163027851599338, 86.66666666666669983 ) ) ;
#360 = VERTEX_POINT ( 'NONE', #790 ) ;
#361 = CARTESIAN_POINT ( 'NONE',  ( 88.46992676465271188, -14.25706088687399919, 73.33333333333328596 ) ) ;
#362 = ORIENTED_EDGE ( 'NONE', *, *, #354, .F. ) ;
#363 = DIRECTION ( 'NONE',  ( -0.8113052297783936995, -0.5846228050069787185, 0.000000000000000000 ) ) ;
#364 = ORIENTED_EDGE ( 'NONE', *, *, #62, .T. ) ;
#365 = LINE ( 'NONE', #1765, #1806 ) ;
#366 = CARTESIAN_POINT ( 'NONE',  ( 130.4493934179212999, 132.2043872273481213, 142.0051777320222186 ) ) ;
#367 = CARTESIAN_POINT ( 'NONE',  ( 62.70569956519922528, 102.1302421023003859, 210.9328364686768964 ) ) ;
#368 = EDGE_LOOP ( 'NONE', ( #326, #620, #786, #64, #1675 ) ) ;
#369 = EDGE_CURVE ( 'NONE', #921, #1513, #512, .T. ) ;
#370 = EDGE_CURVE ( 'NONE', #1402, #1015, #633, .T. ) ;
#371 = LINE ( 'NONE', #92, #1692 ) ;
#372 = CARTESIAN_POINT ( 'NONE',  ( 22.81686603425509929, -5.270551628578680869, 19.73076218727290154 ) ) ;
#373 = EDGE_LOOP ( 'NONE', ( #1596, #841, #306, #1724 ) ) ;
#374 = CARTESIAN_POINT ( 'NONE',  ( -14.86716179417371464, 58.98270390250714001, 103.8863007827644509 ) ) ;
#375 = CARTESIAN_POINT ( 'NONE',  ( -16.40314660110600187, 90.61601247888459909, 100.0000000000000000 ) ) ;
#376 = ORIENTED_EDGE ( 'NONE', *, *, #733, .T. ) ;
#377 = CARTESIAN_POINT ( 'NONE',  ( 54.57610334210163217, -39.62564768682317151, 146.3394277689898786 ) ) ;
#378 = ORIENTED_EDGE ( 'NONE', *, *, #271, .F. ) ;
#379 = VECTOR ( 'NONE', #861, 1000.000000000000000 ) ;
#380 = EDGE_CURVE ( 'NONE', #1747, #225, #337, .T. ) ;
#381 = CARTESIAN_POINT ( 'NONE',  ( -9.603884961912010354, 63.02223450399639404, 39.73076218727289444 ) ) ;
#382 = VECTOR ( 'NONE', #387, 1000.000000000000114 ) ;
#383 = CARTESIAN_POINT ( 'NONE',  ( 60.22061615529289469, -14.99098174013175111, 103.9584688815182716 ) ) ;
#384 = VECTOR ( 'NONE', #1054, 1000.000000000000000 ) ;
#385 = PLANE ( 'NONE',  #1250 ) ;
#386 = LINE ( 'NONE', #1377, #1093 ) ;
#387 = DIRECTION ( 'NONE',  ( -0.9980525784828885305, -0.06237828615518053316, 0.000000000000000000 ) ) ;
#388 = ORIENTED_EDGE ( 'NONE', *, *, #1414, .F. ) ;
#389 = DIRECTION ( 'NONE',  ( -0.09917277348990914676, 0.9922556246453494433, 0.07478994824163455457 ) ) ;
#390 = SURFACE_STYLE_FILL_AREA ( #1522 ) ;
#391 = ADVANCED_FACE ( 'NONE', ( #1781 ), #653, .T. ) ;
#392 = ORIENTED_EDGE ( 'NONE', *, *, #122, .F. ) ;
#393 = FACE_OUTER_BOUND ( 'NONE', #1269, .T. ) ;
#394 = CARTESIAN_POINT ( 'NONE',  ( 85.81371466439308904, 85.75752652077569849, 300.0000000000000000 ) ) ;
#395 = ORIENTED_EDGE ( 'NONE', *, *, #370, .T. ) ;
#396 = LINE ( 'NONE', #377, #530 ) ;
#397 = ORIENTED_EDGE ( 'NONE', *, *, #1730, .F. ) ;
#398 = VECTOR ( 'NONE', #1064, 1000.000000000000227 ) ;
#399 = CARTESIAN_POINT ( 'NONE',  ( -5.270551628578670211, 60.90657278791780271, 19.73076218727290154 ) ) ;
#400 = CARTESIAN_POINT ( 'NONE',  ( 45.71435418133859940, 0.7361041475919513077, 301.3882734904593690 ) ) ;
#401 = CARTESIAN_POINT ( 'NONE',  ( 91.66677102790208664, 58.26248240197590178, 60.00000000000000000 ) ) ;
#402 = EDGE_CURVE ( 'NONE', #1072, #513, #1199, .T. ) ;
#403 = DIRECTION ( 'NONE',  ( -0.5767781274876292441, -0.5765967625757206783, -0.5786736256639506415 ) ) ;
#404 = ADVANCED_FACE ( 'NONE', ( #218 ), #923, .T. ) ;
#405 = ORIENTED_EDGE ( 'NONE', *, *, #1347, .F. ) ;
#406 = CARTESIAN_POINT ( 'NONE',  ( -8.936108475456025602, 55.07485832391167691, 180.3107521605589056 ) ) ;
#407 = ORIENTED_EDGE ( 'NONE', *, *, #549, .T. ) ;
#408 = CARTESIAN_POINT ( 'NONE',  ( 54.57610334210163217, -39.62564768682317151, 146.3394277689898786 ) ) ;
#409 = VECTOR ( 'NONE', #607, 1000.000000000000000 ) ;
#410 = DIRECTION ( 'NONE',  ( 0.07351539049025011818, 0.03220844157277546332, 0.9967738477972418742 ) ) ;
#411 = VECTOR ( 'NONE', #253, 1000.000000000000114 ) ;
#412 = CARTESIAN_POINT ( 'NONE',  ( 93.89372360296391662, 93.89372360296391662, 60.00000000000000000 ) ) ;
#413 = AXIS2_PLACEMENT_3D ( 'NONE', #636, #887, #1178 ) ;
#414 = ORIENTED_EDGE ( 'NONE', *, *, #40, .F. ) ;
#415 = ORIENTED_EDGE ( 'NONE', *, *, #1379, .F. ) ;
#416 = DIRECTION ( 'NONE',  ( 0.7070854650582404366, -0.7071279830496404184, -0.0004008634672147729471 ) ) ;
#417 = VECTOR ( 'NONE', #229, 1000.000000000000114 ) ;
#418 = ORIENTED_EDGE ( 'NONE', *, *, #1379, .T. ) ;
#419 = EDGE_CURVE ( 'NONE', #1097, #1286, #1757, .T. ) ;
#420 = CARTESIAN_POINT ( 'NONE',  ( 90.98404853840079909, -16.77118266062210239, 100.0000000000000000 ) ) ;
#421 = DIRECTION ( 'NONE',  ( -0.03161944380975442032, -0.4419561207981356765, -0.8964792234414724614 ) ) ;
#422 = DIRECTION ( 'NONE',  ( -0.08285476006827892370, -0.08313375893701009656, 0.9930880458745996453 ) ) ;
#423 = ORIENTED_EDGE ( 'NONE', *, *, #777, .F. ) ;
#424 = ORIENTED_EDGE ( 'NONE', *, *, #343, .F. ) ;
#425 = CARTESIAN_POINT ( 'NONE',  ( 50.27467282933507420, -35.09041927220022927, 192.9045821101298941 ) ) ;
#426 = ORIENTED_EDGE ( 'NONE', *, *, #76, .T. ) ;
#427 = DIRECTION ( 'NONE',  ( -0.03177105942365100744, -0.6394765375006978836, -0.7681538633432870578 ) ) ;
#428 = EDGE_CURVE ( 'NONE', #1570, #1513, #931, .T. ) ;
#429 = PLANE ( 'NONE',  #1664 ) ;
#430 = CARTESIAN_POINT ( 'NONE',  ( -13.36664644716389816, 19.96301395548200119, 86.66666666666669983 ) ) ;
#431 = ORIENTED_EDGE ( 'NONE', *, *, #1523, .F. ) ;
#432 = CARTESIAN_POINT ( 'NONE',  ( -0.8435517563479780767, 77.09641013045990121, 300.0000000000000000 ) ) ;
#433 = VERTEX_POINT ( 'NONE', #1631 ) ;
#434 = CARTESIAN_POINT ( 'NONE',  ( 93.99829752895020363, 59.75596831177460189, 73.33333333333339965 ) ) ;
#435 = EDGE_CURVE ( 'NONE', #1590, #1402, #467, .T. ) ;
#436 = CARTESIAN_POINT ( 'NONE',  ( 41.52507309948460090, 41.52507309948460090, -30.00000000000000000 ) ) ;
#437 = CARTESIAN_POINT ( 'NONE',  ( -39.48998382671348395, 53.32691776207722256, 146.2726392152418669 ) ) ;
#438 = VECTOR ( 'NONE', #523, 1000.000000000000000 ) ;
#439 = ADVANCED_FACE ( 'NONE', ( #1789 ), #734, .T. ) ;
#440 = CARTESIAN_POINT ( 'NONE',  ( 99.61256002430319256, 101.3772503171877304, 111.0670035304304690 ) ) ;
#441 = AXIS2_PLACEMENT_3D ( 'NONE', #48, #1587, #1577 ) ;
#442 = AXIS2_PLACEMENT_3D ( 'NONE', #153, #858, #1289 ) ;
#443 = VERTEX_POINT ( 'NONE', #1057 ) ;
#444 = LINE ( 'NONE', #1556, #765 ) ;
#445 = ORIENTED_EDGE ( 'NONE', *, *, #1774, .F. ) ;
#446 = CARTESIAN_POINT ( 'NONE',  ( 93.89372360296391662, 93.89372360296391662, 60.00000000000000000 ) ) ;
#447 = VECTOR ( 'NONE', #1315, 1000.000000000000227 ) ;
#448 = DIRECTION ( 'NONE',  ( -0.2058390427827530567, -0.2058390427827530567, -0.9566925195341290378 ) ) ;
#449 = DIRECTION ( 'NONE',  ( -0.07351539049025018757, -0.03220844157277538700, -0.9967738477972419853 ) ) ;
#450 = FACE_OUTER_BOUND ( 'NONE', #1501, .T. ) ;
#451 = ADVANCED_FACE ( 'NONE', ( #342 ), #912, .F. ) ;
#452 = ORIENTED_EDGE ( 'NONE', *, *, #258, .F. ) ;
#453 = DIRECTION ( 'NONE',  ( -0.9950424301400090377, -0.09945130577858300736, 0.000000000000000000 ) ) ;
#454 = EDGE_LOOP ( 'NONE', ( #38, #1614, #1691, #452 ) ) ;
#455 = B_SPLINE_SURFACE_WITH_KNOTS ( 'NONE', 3, 3, ( 
 ( #56, #1767, #627, #908 ),
 ( #1080, #1759, #498, #488 ),
 ( #1459, #1325, #1637, #757 ),
 ( #1071, #359, #749, #928 ) ),
 .UNSPECIFIED., .F., .F., .F.,
 ( 4, 4 ),
 ( 4, 4 ),
 ( 0.000000000000000000, 1.000000000000000000 ),
 ( 0.000000000000000000, 1.000000000000000000 ),
 .UNSPECIFIED. ) ;
#456 = CARTESIAN_POINT ( 'NONE',  ( 96.76248291109889976, 96.76248291109889976, 73.33333333333328596 ) ) ;
#457 = DIRECTION ( 'NONE',  ( 0.8239643574485655542, -0.3829444893340727685, 0.4176556664802222874 ) ) ;
#458 = CARTESIAN_POINT ( 'NONE',  ( 132.9601476349478162, 132.9476153263995286, 140.9828371463724181 ) ) ;
#459 = CARTESIAN_POINT ( 'NONE',  ( 16.66666666666669627, 8.333333333333330373, 0.000000000000000000 ) ) ;
#460 = ADVANCED_FACE ( 'NONE', ( #1659 ), #1102, .F. ) ;
#461 = CARTESIAN_POINT ( 'NONE',  ( 132.9601476349478162, 132.9476153263995286, 140.9828371463724181 ) ) ;
#462 = CARTESIAN_POINT ( 'NONE',  ( -13.00000000000000000, 42.14777108535940187, 60.00000000000000000 ) ) ;
#463 = CARTESIAN_POINT ( 'NONE',  ( 91.66677102790208664, 58.26248240197590178, 60.00000000000000000 ) ) ;
#464 = LINE ( 'NONE', #37, #560 ) ;
#465 = ORIENTED_EDGE ( 'NONE', *, *, #1565, .T. ) ;
#466 = CARTESIAN_POINT ( 'NONE',  ( 1.200696320885230151, 26.59944653261349856, 300.0000000000000000 ) ) ;
#467 = B_SPLINE_CURVE_WITH_KNOTS ( 'NONE', 3,
 ( #1649, #86, #1493, #1642, #1348, #780 ),
 .UNSPECIFIED., .F., .F.,
 ( 4, 2, 4 ),
 ( 0.000000000000000000, 0.3363382268827050381, 1.000000000000000000 ),
 .UNSPECIFIED. ) ;
#468 = DIRECTION ( 'NONE',  ( 0.7071067811865474617, -0.7071067811865474617, 0.000000000000000000 ) ) ;
#469 = PLANE ( 'NONE',  #826 ) ;
#470 = VECTOR ( 'NONE', #176, 1000.000000000000227 ) ;
#471 = AXIS2_PLACEMENT_3D ( 'NONE', #1518, #250, #966 ) ;
#472 = CARTESIAN_POINT ( 'NONE',  ( 104.3483476719528795, -22.64732842924721368, 256.6376302857963765 ) ) ;
#473 = ORIENTED_EDGE ( 'NONE', *, *, #428, .T. ) ;
#474 = VECTOR ( 'NONE', #1755, 1000.000000000000114 ) ;
#475 = EDGE_CURVE ( 'NONE', #1303, #1420, #245, .T. ) ;
#476 = DIRECTION ( 'NONE',  ( 0.000000000000000000, 0.07516047214410401245, -0.9971714513698611837 ) ) ;
#477 = ORIENTED_EDGE ( 'NONE', *, *, #1007, .T. ) ;
#478 = CARTESIAN_POINT ( 'NONE',  ( 102.5000015273689939, 102.5000015273689939, 100.0000000000000000 ) ) ;
#479 = CARTESIAN_POINT ( 'NONE',  ( 101.7848374873559862, -29.59409259312943519, 200.4008557159615691 ) ) ;
#480 = DIRECTION ( 'NONE',  ( 0.4099398604069351415, 0.9117071036647987903, 0.02719316047624054447 ) ) ;
#481 = ORIENTED_EDGE ( 'NONE', *, *, #1656, .T. ) ;
#482 = FACE_OUTER_BOUND ( 'NONE', #1557, .T. ) ;
#483 = ORIENTED_EDGE ( 'NONE', *, *, #656, .T. ) ;
#484 = FACE_OUTER_BOUND ( 'NONE', #137, .T. ) ;
#485 = VERTEX_POINT ( 'NONE', #837 ) ;
#486 = CARTESIAN_POINT ( 'NONE',  ( 87.21286587777859722, -13.00000000000000000, 60.00000000000000000 ) ) ;
#487 = LINE ( 'NONE', #616, #1632 ) ;
#488 = CARTESIAN_POINT ( 'NONE',  ( 58.26248240197590178, 91.66677102790208664, 60.00000000000000000 ) ) ;
#489 = EDGE_LOOP ( 'NONE', ( #1799, #1408, #834, #892 ) ) ;
#490 = DIRECTION ( 'NONE',  ( 0.09917277348990917452, -0.9922556246453496653, -0.07478994824163436028 ) ) ;
#491 = ORIENTED_EDGE ( 'NONE', *, *, #1680, .F. ) ;
#492 = EDGE_CURVE ( 'NONE', #222, #635, #1236, .T. ) ;
#493 = CARTESIAN_POINT ( 'NONE',  ( 66.83904422988503313, -19.40118607397067763, 163.6257249166888812 ) ) ;
#494 = EDGE_CURVE ( 'NONE', #1167, #1175, #1277, .T. ) ;
#495 = CARTESIAN_POINT ( 'NONE',  ( 131.8467734799894231, 131.8304920793014503, 154.3276173734077190 ) ) ;
#496 = DIRECTION ( 'NONE',  ( 0.1714056706607446356, 0.7656407250010914822, -0.6200115936699437391 ) ) ;
#497 = VECTOR ( 'NONE', #507, 1000.000000000000000 ) ;
#498 = CARTESIAN_POINT ( 'NONE',  ( 59.79686120727640741, 93.95740463344840521, 73.33333333333328596 ) ) ;
#499 = VECTOR ( 'NONE', #421, 999.9999999999998863 ) ;
#500 = ORIENTED_EDGE ( 'NONE', *, *, #1612, .T. ) ;
#501 = AXIS2_PLACEMENT_3D ( 'NONE', #1793, #1527, #102 ) ;
#502 = CARTESIAN_POINT ( 'NONE',  ( -0.8435517563479780767, 77.09641013045990121, 300.0000000000000000 ) ) ;
#503 = ORIENTED_EDGE ( 'NONE', *, *, #549, .F. ) ;
#504 = CARTESIAN_POINT ( 'NONE',  ( 10.81333207756600068, 0.6047235578270140355, 39.73076218727289444 ) ) ;
#505 = ORIENTED_EDGE ( 'NONE', *, *, #1247, .F. ) ;
#506 = DIRECTION ( 'NONE',  ( 0.07222535570988977693, 0.9597757154168471416, 0.2713191369746323911 ) ) ;
#507 = DIRECTION ( 'NONE',  ( 0.9922737978826059457, -0.09922376130103842395, 0.07448056947220500768 ) ) ;
#508 = CARTESIAN_POINT ( 'NONE',  ( 87.21286587777869670, -13.00000000000000000, 60.00000000000000000 ) ) ;
#509 = EDGE_LOOP ( 'NONE', ( #255, #714, #1084, #889 ) ) ;
#510 = CARTESIAN_POINT ( 'NONE',  ( -16.40314660110600187, 90.61601247888459909, 100.0000000000000000 ) ) ;
#511 = CARTESIAN_POINT ( 'NONE',  ( 0.000000000000000000, 0.000000000000000000, 0.000000000000000000 ) ) ;
#512 = LINE ( 'NONE', #236, #166 ) ;
#513 = VERTEX_POINT ( 'NONE', #702 ) ;
#514 = LINE ( 'NONE', #782, #1520 ) ;
#515 = DIRECTION ( 'NONE',  ( 0.4989989963313313237, 0.1146185276330034530, -0.8589892867687969336 ) ) ;
#516 = ADVANCED_FACE ( 'NONE', ( #542 ), #830, .T. ) ;
#517 = CARTESIAN_POINT ( 'NONE',  ( 53.85908050684474091, -8.795611161346448270, 180.1812092547737905 ) ) ;
#518 = ORIENTED_EDGE ( 'NONE', *, *, #843, .F. ) ;
#519 = LINE ( 'NONE', #1264, #8 ) ;
#520 = PRODUCT_CONTEXT ( 'NONE', #1422, 'mechanical' ) ;
#521 = CARTESIAN_POINT ( 'NONE',  ( 64.68031848156900310, -13.00000000000000000, 60.00000000000000000 ) ) ;
#522 = LINE ( 'NONE', #1369, #1186 ) ;
#523 = DIRECTION ( 'NONE',  ( -0.5226101083960209559, -0.4628242209860077838, -0.7160114629466446390 ) ) ;
#524 = DIRECTION ( 'NONE',  ( 0.06237828615518053316, 0.9980525784828885305, 0.000000000000000000 ) ) ;
#525 = ORIENTED_EDGE ( 'NONE', *, *, #370, .F. ) ;
#526 = VECTOR ( 'NONE', #117, 1000.000000000000114 ) ;
#527 = CARTESIAN_POINT ( 'NONE',  ( -35.18961817720298768, 51.49279107334967875, 193.0222599047551171 ) ) ;
#528 = ADVANCED_FACE ( 'NONE', ( #1816 ), #274, .T. ) ;
#529 = EDGE_CURVE ( 'NONE', #666, #1015, #1406, .T. ) ;
#530 = VECTOR ( 'NONE', #945, 1000.000000000000114 ) ;
#531 = DIRECTION ( 'NONE',  ( 0.6815106586612724726, 0.6814145266044614457, 0.2668660058222028231 ) ) ;
#532 = VECTOR ( 'NONE', #801, 1000.000000000000114 ) ;
#533 = ORIENTED_EDGE ( 'NONE', *, *, #712, .F. ) ;
#534 = CARTESIAN_POINT ( 'NONE',  ( 76.66666666666669983, 26.66666666666669983, 0.000000000000000000 ) ) ;
#535 = FACE_OUTER_BOUND ( 'NONE', #373, .T. ) ;
#536 = CLOSED_SHELL ( 'NONE', ( #763, #1259, #640, #939, #234, #439, #358, #803, #1030, #1099, #1133, #150, #336, #755, #451, #133, #1089, #964, #1079, #744, #391, #49, #1020, #1763, #1382, #1509, #1819, #404, #875, #938, #1312, #1206, #313, #528, #300, #950, #1163, #195, #1690, #272, #573, #669, #460, #1484, #1559, #1143, #1499, #1232, #1101, #1301, #1248, #1732, #690, #203, #1720, #1635, #50, #516, #1817, #863 ) ) ;
#537 = VERTEX_POINT ( 'NONE', #125 ) ;
#538 = DIRECTION ( 'NONE',  ( 0.8889220189274925632, -0.007690188194018432108, -0.4579940013487198702 ) ) ;
#539 = VERTEX_POINT ( 'NONE', #969 ) ;
#540 = FACE_OUTER_BOUND ( 'NONE', #671, .T. ) ;
#541 = EDGE_CURVE ( 'NONE', #485, #596, #4, .T. ) ;
#542 = FACE_OUTER_BOUND ( 'NONE', #1338, .T. ) ;
#543 = LINE ( 'NONE', #559, #1667 ) ;
#544 = LINE ( 'NONE', #1679, #647 ) ;
#545 = CARTESIAN_POINT ( 'NONE',  ( -13.00000000000000000, 87.21286587777859722, 60.00000000000000000 ) ) ;
#546 = VERTEX_POINT ( 'NONE', #1684 ) ;
#547 = CARTESIAN_POINT ( 'NONE',  ( -5.270551628578689751, 41.86171941108649719, 19.73076218727290154 ) ) ;
#548 = DIRECTION ( 'NONE',  ( 0.0003379387300515780852, 0.0003691679625742041526, -0.9999998747562073298 ) ) ;
#549 = EDGE_CURVE ( 'NONE', #773, #1023, #684, .T. ) ;
#550 = CARTESIAN_POINT ( 'NONE',  ( 80.00000000000000000, 80.00000000000000000, 0.000000000000000000 ) ) ;
#551 = CARTESIAN_POINT ( 'NONE',  ( 61.56496312575877994, -13.25140223627110458, 105.1486765830339465 ) ) ;
#552 = EDGE_CURVE ( 'NONE', #247, #956, #1249, .T. ) ;
#553 = EDGE_LOOP ( 'NONE', ( #364, #2, #10, #332, #1428 ) ) ;
#554 = DIRECTION ( 'NONE',  ( 0.000000000000000000, 0.8988901153541221101, -0.4381741212333895019 ) ) ;
#555 = ORIENTED_EDGE ( 'NONE', *, *, #1367, .F. ) ;
#556 = CARTESIAN_POINT ( 'NONE',  ( -9.603884961912010354, 21.02194059730500086, 39.73076218727289444 ) ) ;
#557 = CARTESIAN_POINT ( 'NONE',  ( -27.80283424759365118, 103.5231601933218428, 200.2511131325997553 ) ) ;
#558 = VECTOR ( 'NONE', #1235, 1000.000000000000114 ) ;
#559 = CARTESIAN_POINT ( 'NONE',  ( 84.98419347028458048, 83.15811347995679625, 307.6781719497365089 ) ) ;
#560 = VECTOR ( 'NONE', #297, 1000.000000000000227 ) ;
#561 = EDGE_CURVE ( 'NONE', #956, #921, #979, .T. ) ;
#562 = CARTESIAN_POINT ( 'NONE',  ( 20.54880792669019840, -10.74612827211220001, 46.54808169346939906 ) ) ;
#563 = AXIS2_PLACEMENT_3D ( 'NONE', #495, #1651, #322 ) ;
#564 = ORIENTED_EDGE ( 'NONE', *, *, #173, .F. ) ;
#565 = EDGE_CURVE ( 'NONE', #873, #1234, #844, .T. ) ;
#566 = CARTESIAN_POINT ( 'NONE',  ( 56.24139195162319993, -11.08933806657368315, 178.9527353503457050 ) ) ;
#567 = LINE ( 'NONE', #1593, #713 ) ;
#568 = CARTESIAN_POINT ( 'NONE',  ( 80.00000000000000000, 80.00000000000000000, 0.000000000000000000 ) ) ;
#569 = B_SPLINE_SURFACE_WITH_KNOTS ( 'NONE', 3, 3, ( 
 ( #41, #1285, #1145, #595 ),
 ( #1162, #23, #1729, #1455 ),
 ( #459, #184, #504, #96 ),
 ( #1339, #665, #227, #1512 ) ),
 .UNSPECIFIED., .F., .F., .F.,
 ( 4, 4 ),
 ( 4, 4 ),
 ( 0.000000000000000000, 1.000000000000000000 ),
 ( 0.000000000000000000, 1.000000000000000000 ),
 .UNSPECIFIED. ) ;
#570 = ORIENTED_EDGE ( 'NONE', *, *, #6, .T. ) ;
#571 = DIRECTION ( 'NONE',  ( -0.8189693438167148232, 0.000000000000000000, -0.5738372712611298221 ) ) ;
#572 = ORIENTED_EDGE ( 'NONE', *, *, #1427, .T. ) ;
#573 = ADVANCED_FACE ( 'NONE', ( #1810 ), #1541, .T. ) ;
#574 = LINE ( 'NONE', #146, #1801 ) ;
#575 = LINE ( 'NONE', #1136, #650 ) ;
#576 = B_SPLINE_CURVE_WITH_KNOTS ( 'NONE', 3,
 ( #1170, #1425, #735, #995, #1310, #1461 ),
 .UNSPECIFIED., .F., .F.,
 ( 4, 2, 4 ),
 ( 0.000000000000000000, 0.3363382268827050381, 1.000000000000000000 ),
 .UNSPECIFIED. ) ;
#577 = DIRECTION ( 'NONE',  ( 0.7071067811865480168, -0.7071067811865470176, 0.000000000000000000 ) ) ;
#578 = ORIENTED_EDGE ( 'NONE', *, *, #6, .F. ) ;
#579 = CARTESIAN_POINT ( 'NONE',  ( -11.06834698929663219, 56.22242455599837285, 178.9718148039354730 ) ) ;
#580 = EDGE_LOOP ( 'NONE', ( #1760, #1431, #1524, #1654 ) ) ;
#581 = MANIFOLD_SOLID_BREP ( '\X2\51f853f0\X0\-\X2\62c94f38\X0\4', #536 ) ;
#582 = CARTESIAN_POINT ( 'NONE',  ( 96.32982402999819271, 61.24945422157329489, 86.66666666666669983 ) ) ;
#583 = EDGE_CURVE ( 'NONE', #758, #1768, #316, .T. ) ;
#584 = CARTESIAN_POINT ( 'NONE',  ( -0.8435517563479780767, 77.09641013045990121, 300.0000000000000000 ) ) ;
#585 = FACE_OUTER_BOUND ( 'NONE', #1326, .T. ) ;
#586 = AXIS2_PLACEMENT_3D ( 'NONE', #743, #135, #308 ) ;
#587 = DIRECTION ( 'NONE',  ( -0.03257715387297439175, -0.07314827196083419081, -0.9967888740122856639 ) ) ;
#588 = VECTOR ( 'NONE', #186, 1000.000000000000227 ) ;
#589 = CARTESIAN_POINT ( 'NONE',  ( -10.74612827211220001, 85.09546333020858810, 46.54808169346939906 ) ) ;
#590 = ORIENTED_EDGE ( 'NONE', *, *, #657, .T. ) ;
#591 = UNCERTAINTY_MEASURE_WITH_UNIT (LENGTH_MEASURE( 1.000000000000000082E-05 ), #1771, 'distance_accuracy_value', 'NONE');
#592 = CARTESIAN_POINT ( 'NONE',  ( 58.98027390793964031, -14.86695203850545255, 103.8653681696780211 ) ) ;
#593 = DIRECTION ( 'NONE',  ( 0.09176348221286334539, 0.01384481563648564534, 0.9956845807845782215 ) ) ;
#594 = EDGE_CURVE ( 'NONE', #185, #1303, #567, .T. ) ;
#595 = CARTESIAN_POINT ( 'NONE',  ( -13.00000000000000000, 19.61522368914979708, 60.00000000000000000 ) ) ;
#596 = VERTEX_POINT ( 'NONE', #878 ) ;
#597 = CARTESIAN_POINT ( 'NONE',  ( 23.57537265562550033, -3.439354656116569764, 13.30287623577840073 ) ) ;
#598 = ORIENTED_EDGE ( 'NONE', *, *, #552, .T. ) ;
#599 = LINE ( 'NONE', #1212, #687 ) ;
#600 = CARTESIAN_POINT ( 'NONE',  ( 56.04500843721007186, -37.60491654398910555, 146.2447521652424882 ) ) ;
#601 = CARTESIAN_POINT ( 'NONE',  ( 102.5000015273689939, 102.5000015273689939, 100.0000000000000000 ) ) ;
#602 = VERTEX_POINT ( 'NONE', #436 ) ;
#603 = PLANE ( 'NONE',  #124 ) ;
#604 = CARTESIAN_POINT ( 'NONE',  ( 85.81371466439308904, 85.75752652077569849, 300.0000000000000000 ) ) ;
#605 = ORIENTED_EDGE ( 'NONE', *, *, #1657, .T. ) ;
#606 = EDGE_CURVE ( 'NONE', #1380, #1418, #158, .T. ) ;
#607 = DIRECTION ( 'NONE',  ( 0.9922737978826059457, -0.09922376130103842395, 0.07448056947220500768 ) ) ;
#608 = CARTESIAN_POINT ( 'NONE',  ( -13.08741896302664820, 58.68189742594356773, 126.9506161288698820 ) ) ;
#609 = DIRECTION ( 'NONE',  ( -0.9980525784828885305, -0.06237828615518063724, 0.000000000000000000 ) ) ;
#610 = VERTEX_POINT ( 'NONE', #1452 ) ;
#611 = FACE_OUTER_BOUND ( 'NONE', #1563, .T. ) ;
#612 = VERTEX_POINT ( 'NONE', #891 ) ;
#613 = PLANE ( 'NONE',  #1511 ) ;
#614 = DIRECTION ( 'NONE',  ( 0.8475099597556745579, 0.1330954906077523592, 0.5138214266599016034 ) ) ;
#615 = VECTOR ( 'NONE', #963, 1000.000000000000114 ) ;
#616 = CARTESIAN_POINT ( 'NONE',  ( -35.50395777596978775, 50.27638813325967249, 192.0302646910631381 ) ) ;
#617 = EDGE_CURVE ( 'NONE', #1380, #1768, #182, .T. ) ;
#618 = VECTOR ( 'NONE', #1610, 1000.000000000000227 ) ;
#619 = CARTESIAN_POINT ( 'NONE',  ( 53.18809876083761878, -33.48795055187638781, 189.7908406102014283 ) ) ;
#620 = ORIENTED_EDGE ( 'NONE', *, *, #494, .T. ) ;
#621 = VECTOR ( 'NONE', #1471, 1000.000000000000114 ) ;
#622 = LINE ( 'NONE', #1337, #384 ) ;
#623 = EDGE_LOOP ( 'NONE', ( #269, #1498, #310, #143 ) ) ;
#624 = CARTESIAN_POINT ( 'NONE',  ( 42.14777108535940187, -13.00000000000000000, 60.00000000000000000 ) ) ;
#625 = LINE ( 'NONE', #213, #829 ) ;
#626 = ORIENTED_EDGE ( 'NONE', *, *, #214, .F. ) ;
#627 = CARTESIAN_POINT ( 'NONE',  ( 96.76248291109889976, 96.76248291109889976, 73.33333333333328596 ) ) ;
#628 = ORIENTED_EDGE ( 'NONE', *, *, #1045, .F. ) ;
#629 = EDGE_CURVE ( 'NONE', #1420, #312, #575, .T. ) ;
#630 = CARTESIAN_POINT ( 'NONE',  ( 19.60170613825469843, -13.01476672035239979, 100.0000000000000000 ) ) ;
#631 = ORIENTED_EDGE ( 'NONE', *, *, #475, .T. ) ;
#632 = EDGE_CURVE ( 'NONE', #443, #1072, #576, .T. ) ;
#633 = LINE ( 'NONE', #802, #252 ) ;
#634 = FACE_OUTER_BOUND ( 'NONE', #1034, .T. ) ;
#635 = VERTEX_POINT ( 'NONE', #1727 ) ;
#636 = CARTESIAN_POINT ( 'NONE',  ( 77.43343715685220729, -1.037341702972889967, 300.0000000000000000 ) ) ;
#637 = ORIENTED_EDGE ( 'NONE', *, *, #343, .T. ) ;
#638 = CARTESIAN_POINT ( 'NONE',  ( 42.56378748078519436, -13.42230178903629856, 73.33333333333328596 ) ) ;
#639 = ORIENTED_EDGE ( 'NONE', *, *, #36, .F. ) ;
#640 = ADVANCED_FACE ( 'NONE', ( #46, #1566 ), #1152, .F. ) ;
#641 = EDGE_CURVE ( 'NONE', #1372, #513, #751, .T. ) ;
#642 = CARTESIAN_POINT ( 'NONE',  ( 25.00000000000000000, 0.000000000000000000, 0.000000000000000000 ) ) ;
#643 = B_SPLINE_CURVE_WITH_KNOTS ( 'NONE', 3,
 ( #568, #1542, #711, #989, #1415, #1671 ),
 .UNSPECIFIED., .F., .F.,
 ( 4, 2, 4 ),
 ( 0.000000000000000000, 0.3363382268827050381, 1.000000000000000000 ),
 .UNSPECIFIED. ) ;
#644 = FACE_OUTER_BOUND ( 'NONE', #1308, .T. ) ;
#645 = CARTESIAN_POINT ( 'NONE',  ( 58.98027390793964031, -14.86695203850545255, 103.8653681696780211 ) ) ;
#646 = ORIENTED_EDGE ( 'NONE', *, *, #787, .T. ) ;
#647 = VECTOR ( 'NONE', #1254, 1000.000000000000114 ) ;
#648 = LINE ( 'NONE', #1478, #151 ) ;
#649 = VECTOR ( 'NONE', #144, 1000.000000000000114 ) ;
#650 = VECTOR ( 'NONE', #1302, 1000.000000000000114 ) ;
#651 = FACE_OUTER_BOUND ( 'NONE', #216, .T. ) ;
#652 = APPLICATION_PROTOCOL_DEFINITION ( 'draft international standard', 'automotive_design', 1998, #1422 ) ;
#653 = PLANE ( 'NONE',  #1287 ) ;
#654 = VECTOR ( 'NONE', #792, 1000.000000000000227 ) ;
#655 = EDGE_CURVE ( 'NONE', #1346, #1582, #1736, .T. ) ;
#656 = EDGE_CURVE ( 'NONE', #340, #921, #464, .T. ) ;
#657 = EDGE_CURVE ( 'NONE', #340, #967, #1144, .T. ) ;
#658 = VERTEX_POINT ( 'NONE', #1709 ) ;
#659 = CARTESIAN_POINT ( 'NONE',  ( -4.311141763520694781, -2.513773197793089498, 6.801771476759896906 ) ) ;
#660 = CARTESIAN_POINT ( 'NONE',  ( -9.798397231170739019, 83.83019127610553767, 184.3314817019220868 ) ) ;
#661 = FACE_OUTER_BOUND ( 'NONE', #580, .T. ) ;
#662 = ORIENTED_EDGE ( 'NONE', *, *, #905, .F. ) ;
#663 = VECTOR ( 'NONE', #410, 1000.000000000000114 ) ;
#664 = DIRECTION ( 'NONE',  ( 0.3070000397153049843, 0.7714458516446919267, -0.5573349743152650193 ) ) ;
#665 = CARTESIAN_POINT ( 'NONE',  ( 22.81686603425509929, -5.270551628578689751, 19.73076218727290154 ) ) ;
#666 = VERTEX_POINT ( 'NONE', #1585 ) ;
#667 = CARTESIAN_POINT ( 'NONE',  ( -14.13438220036869986, 88.34724807814730241, 73.33333333333328596 ) ) ;
#668 = LINE ( 'NONE', #1240, #497 ) ;
#669 = ADVANCED_FACE ( 'NONE', ( #1003 ), #307, .F. ) ;
#670 = PLANE ( 'NONE',  #1775 ) ;
#671 = EDGE_LOOP ( 'NONE', ( #199, #1147, #503, #103, #1229, #1255 ) ) ;
#672 = EDGE_LOOP ( 'NONE', ( #1052, #285, #1591, #1548, #407 ) ) ;
#673 = DIRECTION ( 'NONE',  ( -0.9950424301400090377, -0.09945130577858343757, 0.000000000000000000 ) ) ;
#674 = DIRECTION ( 'NONE',  ( -0.008519298041529550433, 0.5588725758703834146, 0.8292097837705980634 ) ) ;
#675 = CARTESIAN_POINT ( 'NONE',  ( 79.95142616474920771, -5.270551628578729719, 19.73076218727290154 ) ) ;
#676 = CARTESIAN_POINT ( 'NONE',  ( -0.8435517563479780767, 77.09641013045990121, 300.0000000000000000 ) ) ;
#677 = ORIENTED_EDGE ( 'NONE', *, *, #51, .T. ) ;
#678 = PLANE ( 'NONE',  #471 ) ;
#679 = ORIENTED_EDGE ( 'NONE', *, *, #656, .F. ) ;
#680 = EDGE_CURVE ( 'NONE', #750, #596, #287, .T. ) ;
#681 = VECTOR ( 'NONE', #1094, 1000.000000000000000 ) ;
#682 = DIRECTION ( 'NONE',  ( -0.4989989963313312682, -0.1146185276330034808, 0.8589892867687969336 ) ) ;
#683 = VECTOR ( 'NONE', #1626, 1000.000000000000000 ) ;
#684 = LINE ( 'NONE', #1695, #499 ) ;
#685 = DIRECTION ( 'NONE',  ( 0.8169005275381867603, -0.4077348836577509572, -0.4079531747105697437 ) ) ;
#686 = DIRECTION ( 'NONE',  ( -0.07738805134105163075, 0.06724183316398972543, -0.9947309311479064498 ) ) ;
#687 = VECTOR ( 'NONE', #506, 999.9999999999998863 ) ;
#688 = CARTESIAN_POINT ( 'NONE',  ( 79.77101853732555981, 3.911331895611962928, 275.3177998909877147 ) ) ;
#689 = ORIENTED_EDGE ( 'NONE', *, *, #733, .F. ) ;
#690 = ADVANCED_FACE ( 'NONE', ( #1701 ), #429, .F. ) ;
#691 = CARTESIAN_POINT ( 'NONE',  ( 77.43343715685220729, -1.037341702972889967, 300.0000000000000000 ) ) ;
#692 = EDGE_CURVE ( 'NONE', #1590, #602, #920, .T. ) ;
#693 = DIRECTION ( 'NONE',  ( -0.4078259082835518079, 0.8170283738254017214, -0.4076060167575003002 ) ) ;
#694 = ORIENTED_EDGE ( 'NONE', *, *, #1578, .F. ) ;
#695 = DIRECTION ( 'NONE',  ( -0.1214058669953168024, -0.8130035866288264357, 0.5694609587915397952 ) ) ;
#696 = CARTESIAN_POINT ( 'NONE',  ( -13.54996967074590053, 20.13690908864820273, 100.0000000000000000 ) ) ;
#697 = ORIENTED_EDGE ( 'NONE', *, *, #529, .T. ) ;
#698 = CARTESIAN_POINT ( 'NONE',  ( 101.7848374873559862, -29.59409259312943519, 200.4008557159615691 ) ) ;
#699 = ORIENTED_EDGE ( 'NONE', *, *, #655, .F. ) ;
#700 = LINE ( 'NONE', #1529, #235 ) ;
#701 = ORIENTED_EDGE ( 'NONE', *, *, #1367, .T. ) ;
#702 = CARTESIAN_POINT ( 'NONE',  ( 93.89372360296391662, 93.89372360296391662, 60.00000000000000000 ) ) ;
#703 = EDGE_CURVE ( 'NONE', #247, #340, #1345, .T. ) ;
#704 = CARTESIAN_POINT ( 'NONE',  ( -13.18332322358189934, 19.78911882231589914, 73.33333333333328596 ) ) ;
#705 = PLANE ( 'NONE',  #1245 ) ;
#706 = ORIENTED_EDGE ( 'NONE', *, *, #258, .T. ) ;
#707 = CARTESIAN_POINT ( 'NONE',  ( 56.97479338066859356, 88.18354885375329388, 39.73076218727289444 ) ) ;
#708 = VECTOR ( 'NONE', #1261, 1000.000000000000114 ) ;
#709 = CARTESIAN_POINT ( 'NONE',  ( 27.08787467510047264, 27.08787467510046909, -2.873102980604233636 ) ) ;
#710 = AXIS2_PLACEMENT_3D ( 'NONE', #347, #1353, #1335 ) ;
#711 = CARTESIAN_POINT ( 'NONE',  ( 83.67580330497311536, 83.67580330497311536, 13.30287623577840073 ) ) ;
#712 = EDGE_CURVE ( 'NONE', #1346, #1420, #770, .T. ) ;
#713 = VECTOR ( 'NONE', #1603, 1000.000000000000227 ) ;
#714 = ORIENTED_EDGE ( 'NONE', *, *, #823, .F. ) ;
#715 = CARTESIAN_POINT ( 'NONE',  ( -33.46397843358569446, 53.16673185572270910, 189.8154027955745846 ) ) ;
#716 = AXIS2_PLACEMENT_3D ( 'NONE', #256, #685, #1238 ) ;
#717 = VERTEX_POINT ( 'NONE', #929 ) ;
#718 = DIRECTION ( 'NONE',  ( -0.8003389485804386361, -0.1242011473339749705, 0.5865421062345670400 ) ) ;
#719 =( NAMED_UNIT ( * ) SI_UNIT ( $, .STERADIAN. ) SOLID_ANGLE_UNIT ( ) );
#720 = LINE ( 'NONE', #1465, #1210 ) ;
#721 = ORIENTED_EDGE ( 'NONE', *, *, #680, .T. ) ;
#722 = CARTESIAN_POINT ( 'NONE',  ( 60.22061615529289469, -14.99098174013175111, 103.9584688815182716 ) ) ;
#723 = ORIENTED_EDGE ( 'NONE', *, *, #994, .F. ) ;
#724 = EDGE_CURVE ( 'NONE', #283, #825, #622, .T. ) ;
#725 = DIRECTION ( 'NONE',  ( -0.6522914779139878938, 0.6036752785395984588, -0.4583579233753067306 ) ) ;
#726 = DIRECTION ( 'NONE',  ( 0.000000000000000000, -0.8801532349456687720, -0.4746896702211608754 ) ) ;
#727 = DIRECTION ( 'NONE',  ( 0.1059651055139485820, -0.9943698489060384116, 0.000000000000000000 ) ) ;
#728 = DIRECTION ( 'NONE',  ( 0.08285476006827886819, 0.08313375893701056840, -0.9930880458745996453 ) ) ;
#729 = ORIENTED_EDGE ( 'NONE', *, *, #1177, .T. ) ;
#730 = DIRECTION ( 'NONE',  ( 0.09420250872368764183, -0.06546085870787768379, 0.9933985923723622768 ) ) ;
#731 = ORIENTED_EDGE ( 'NONE', *, *, #1440, .T. ) ;
#732 = CARTESIAN_POINT ( 'NONE',  ( 89.72698765152669864, -15.51412177374810142, 86.66666666666669983 ) ) ;
#733 = EDGE_CURVE ( 'NONE', #1552, #485, #778, .T. ) ;
#734 = B_SPLINE_SURFACE_WITH_KNOTS ( 'NONE', 3, 3, ( 
 ( #642, #372, #1207, #1773 ),
 ( #1356, #940, #906, #624 ),
 ( #1366, #105, #1482, #521 ),
 ( #1474, #761, #1330, #486 ) ),
 .UNSPECIFIED., .F., .F., .F.,
 ( 4, 4 ),
 ( 4, 4 ),
 ( 0.000000000000000000, 1.000000000000000000 ),
 ( 0.000000000000000000, 1.000000000000000000 ),
 .UNSPECIFIED. ) ;
#735 = CARTESIAN_POINT ( 'NONE',  ( 78.23110593240500066, -3.439354656116599962, 13.30287623577840073 ) ) ;
#736 = LINE ( 'NONE', #1586, #1002 ) ;
#737 = FACE_OUTER_BOUND ( 'NONE', #11, .T. ) ;
#738 = VECTOR ( 'NONE', #796, 1000.000000000000114 ) ;
#739 = CARTESIAN_POINT ( 'NONE',  ( 27.05644818197269075, 27.11930211307245031, -2.873094072527533793 ) ) ;
#740 = ORIENTED_EDGE ( 'NONE', *, *, #813, .T. ) ;
#741 = CARTESIAN_POINT ( 'NONE',  ( -5.270551628578680869, 79.95142616474920771, 19.73076218727290154 ) ) ;
#742 = CARTESIAN_POINT ( 'NONE',  ( -17.26208329416693843, 61.23649399361834611, 104.2359881203666276 ) ) ;
#743 = CARTESIAN_POINT ( 'NONE',  ( -6.720937712147104115, 67.24515220346805222, 5.068513927140264386 ) ) ;
#744 = ADVANCED_FACE ( 'NONE', ( #759 ), #1082, .F. ) ;
#745 = CARTESIAN_POINT ( 'NONE',  ( 58.98027390793964031, -14.86695203850545255, 103.8653681696780211 ) ) ;
#746 = ORIENTED_EDGE ( 'NONE', *, *, #354, .T. ) ;
#747 = LINE ( 'NONE', #1201, #1417 ) ;
#748 = CARTESIAN_POINT ( 'NONE',  ( 90.98404853840079909, -16.77118266062210239, 100.0000000000000000 ) ) ;
#749 = CARTESIAN_POINT ( 'NONE',  ( -14.13438220036859860, 88.34724807814730241, 73.33333333333328596 ) ) ;
#750 = VERTEX_POINT ( 'NONE', #902 ) ;
#751 = LINE ( 'NONE', #601, #769 ) ;
#752 = ORIENTED_EDGE ( 'NONE', *, *, #1174, .T. ) ;
#753 = CARTESIAN_POINT ( 'NONE',  ( -14.75899578895869979, 58.89513933174690408, 105.1914702993366717 ) ) ;
#754 = PLANE ( 'NONE',  #441 ) ;
#755 = ADVANCED_FACE ( 'NONE', ( #484 ), #1284, .F. ) ;
#756 = FACE_OUTER_BOUND ( 'NONE', #348, .T. ) ;
#757 = CARTESIAN_POINT ( 'NONE',  ( 22.63124120098800063, 89.43981845284039878, 60.00000000000000000 ) ) ;
#758 = VERTEX_POINT ( 'NONE', #1355 ) ;
#759 = FACE_OUTER_BOUND ( 'NONE', #454, .T. ) ;
#760 = EDGE_LOOP ( 'NONE', ( #345, #679, #590, #1650 ) ) ;
#761 = CARTESIAN_POINT ( 'NONE',  ( 79.95142616474909403, -5.270551628578700409, 19.73076218727290154 ) ) ;
#762 = VECTOR ( 'NONE', #403, 1000.000000000000114 ) ;
#763 = ADVANCED_FACE ( 'NONE', ( #651 ), #210, .F. ) ;
#764 = FACE_OUTER_BOUND ( 'NONE', #1456, .T. ) ;
#765 = VECTOR ( 'NONE', #1697, 1000.000000000000000 ) ;
#766 = EDGE_CURVE ( 'NONE', #1175, #334, #371, .T. ) ;
#767 = DIRECTION ( 'NONE',  ( 0.8987648633975175994, 0.000000000000000000, -0.4384309755503613681 ) ) ;
#768 = VERTEX_POINT ( 'NONE', #510 ) ;
#769 = VECTOR ( 'NONE', #448, 1000.000000000000114 ) ;
#770 = LINE ( 'NONE', #502, #1517 ) ;
#771 = DIRECTION ( 'NONE',  ( 0.7071066927982164740, 0.7071066927982164740, 0.0004999999374999949476 ) ) ;
#772 = CARTESIAN_POINT ( 'NONE',  ( -39.48998382671348395, 53.32691776207722256, 146.2726392152418669 ) ) ;
#773 = VERTEX_POINT ( 'NONE', #937 ) ;
#774 = AXIS2_PLACEMENT_3D ( 'NONE', #212, #771, #1413 ) ;
#775 = CARTESIAN_POINT ( 'NONE',  ( 80.00000000000000000, 80.00000000000000000, 0.000000000000000000 ) ) ;
#776 = VERTEX_POINT ( 'NONE', #1062 ) ;
#777 = EDGE_CURVE ( 'NONE', #1234, #717, #1510, .T. ) ;
#778 = LINE ( 'NONE', #200, #621 ) ;
#779 = EDGE_LOOP ( 'NONE', ( #304, #278, #1580, #1203 ) ) ;
#780 = CARTESIAN_POINT ( 'NONE',  ( -13.00000000000000000, 19.61522368914979708, 60.00000000000000000 ) ) ;
#781 = ORIENTED_EDGE ( 'NONE', *, *, #1440, .F. ) ;
#782 = CARTESIAN_POINT ( 'NONE',  ( 83.26262955224123630, -10.31355575130959146, 180.5724585030203571 ) ) ;
#783 = PLANE ( 'NONE',  #1568 ) ;
#784 = EDGE_LOOP ( 'NONE', ( #637, #191, #525, #1779 ) ) ;
#785 = PLANE ( 'NONE',  #710 ) ;
#786 = ORIENTED_EDGE ( 'NONE', *, *, #766, .T. ) ;
#787 = EDGE_CURVE ( 'NONE', #768, #1753, #233, .T. ) ;
#788 = CARTESIAN_POINT ( 'NONE',  ( 43.39582027163669409, -14.26690536710899870, 100.0000000000000000 ) ) ;
#789 =( NAMED_UNIT ( * ) PLANE_ANGLE_UNIT ( ) SI_UNIT ( $, .RADIAN. ) );
#790 = CARTESIAN_POINT ( 'NONE',  ( 26.13812618111580122, 1.662016672382889970, 300.0000000000000000 ) ) ;
#791 = ORIENTED_EDGE ( 'NONE', *, *, #36, .T. ) ;
#792 = DIRECTION ( 'NONE',  ( 0.9986182327452504115, -0.05255116772016382026, 0.000000000000000000 ) ) ;
#793 = CARTESIAN_POINT ( 'NONE',  ( 1.200696320885230151, 26.59944653261349856, 300.0000000000000000 ) ) ;
#794 = VECTOR ( 'NONE', #1534, 1000.000000000000114 ) ;
#795 = VECTOR ( 'NONE', #728, 1000.000000000000114 ) ;
#796 = DIRECTION ( 'NONE',  ( -0.5372941107776917358, 0.6001457339553155634, 0.5925707860997241339 ) ) ;
#797 = ORIENTED_EDGE ( 'NONE', *, *, #1429, .F. ) ;
#798 = EDGE_LOOP ( 'NONE', ( #930, #1349, #797, #465, #911 ) ) ;
#799 = VECTOR ( 'NONE', #730, 1000.000000000000114 ) ;
#800 = AXIS2_PLACEMENT_3D ( 'NONE', #709, #1669, #15 ) ;
#801 = DIRECTION ( 'NONE',  ( 0.04044946249477197192, -0.9991815855908694477, 0.000000000000000000 ) ) ;
#802 = CARTESIAN_POINT ( 'NONE',  ( -13.00000000000000000, 19.61522368914979708, 60.00000000000000000 ) ) ;
#803 = ADVANCED_FACE ( 'NONE', ( #611 ), #1000, .T. ) ;
#804 = ORIENTED_EDGE ( 'NONE', *, *, #561, .T. ) ;
#805 = FACE_OUTER_BOUND ( 'NONE', #115, .T. ) ;
#806 = CARTESIAN_POINT ( 'NONE',  ( -44.59044288159505243, 99.36027062345618788, 2.727921810053145268 ) ) ;
#807 = DIRECTION ( 'NONE',  ( 0.3774118202992132187, -0.4625061462223116204, -0.8022769986762802175 ) ) ;
#808 = ORIENTED_EDGE ( 'NONE', *, *, #787, .F. ) ;
#809 = LINE ( 'NONE', #691, #1549 ) ;
#810 = DIRECTION ( 'NONE',  ( 0.06684016393735524308, -0.07822256861577837894, -0.9946927275515676792 ) ) ;
#811 = ORIENTED_EDGE ( 'NONE', *, *, #561, .F. ) ;
#812 = CARTESIAN_POINT ( 'NONE',  ( -13.00000000000000000, 64.68031848156900310, 60.00000000000000000 ) ) ;
#813 = EDGE_CURVE ( 'NONE', #1354, #873, #968, .T. ) ;
#814 = DIRECTION ( 'NONE',  ( -0.1143900656407112748, -0.4992390216731257824, 0.8588802664641760343 ) ) ;
#815 = PLANE ( 'NONE',  #1098 ) ;
#816 = ORIENTED_EDGE ( 'NONE', *, *, #1588, .F. ) ;
#817 = ORIENTED_EDGE ( 'NONE', *, *, #1785, .T. ) ;
#818 = DIRECTION ( 'NONE',  ( -0.9651509839400621571, -0.2616936724483989174, 0.000000000000000000 ) ) ;
#819 = DIRECTION ( 'NONE',  ( 0.7100189339875645489, 0.7041825852569505440, 0.000000000000000000 ) ) ;
#820 = ORIENTED_EDGE ( 'NONE', *, *, #632, .T. ) ;
#821 = CARTESIAN_POINT ( 'NONE',  ( 47.32597179178581115, 0.6563518160675522184, 301.4556102235683852 ) ) ;
#822 = CARTESIAN_POINT ( 'NONE',  ( 60.22061615529289469, -14.99098174013175111, 103.9584688815182716 ) ) ;
#823 = EDGE_CURVE ( 'NONE', #225, #1508, #1395, .T. ) ;
#824 = CARTESIAN_POINT ( 'NONE',  ( 50.27467282933507420, -35.09041927220022927, 192.9045821101298941 ) ) ;
#825 = VERTEX_POINT ( 'NONE', #132 ) ;
#826 = AXIS2_PLACEMENT_3D ( 'NONE', #53, #496, #1314 ) ;
#827 = EDGE_CURVE ( 'NONE', #433, #537, #809, .T. ) ;
#828 = CARTESIAN_POINT ( 'NONE',  ( -9.603884961912010354, 42.02208755065069568, 39.73076218727289444 ) ) ;
#829 = VECTOR ( 'NONE', #320, 1000.000000000000114 ) ;
#830 = PLANE ( 'NONE',  #885 ) ;
#831 = CARTESIAN_POINT ( 'NONE',  ( 81.84524789348981244, 25.03059603127119814, 19.73076218727290154 ) ) ;
#832 = DIRECTION ( 'NONE',  ( 0.7070961374053307269, -0.7071173964014605406, -0.0002004317376556975306 ) ) ;
#833 = LINE ( 'NONE', #935, #321 ) ;
#834 = ORIENTED_EDGE ( 'NONE', *, *, #1488, .T. ) ;
#835 = CARTESIAN_POINT ( 'NONE',  ( 104.3483476719528795, -22.64732842924721368, 256.6376302857963765 ) ) ;
#836 = ORIENTED_EDGE ( 'NONE', *, *, #314, .T. ) ;
#837 = CARTESIAN_POINT ( 'NONE',  ( -8.997324953807245507, 84.18115574040302818, 195.1929882646495287 ) ) ;
#838 = CARTESIAN_POINT ( 'NONE',  ( 78.33333333333330017, 53.33333333333330017, 0.000000000000000000 ) ) ;
#839 = ORIENTED_EDGE ( 'NONE', *, *, #1579, .T. ) ;
#840 = FACE_BOUND ( 'NONE', #1794, .T. ) ;
#841 = ORIENTED_EDGE ( 'NONE', *, *, #118, .F. ) ;
#842 = DIRECTION ( 'NONE',  ( 0.1217926450498185431, 0.8934570280586255908, -0.4323205877869072400 ) ) ;
#843 = EDGE_CURVE ( 'NONE', #1234, #1418, #700, .T. ) ;
#844 = LINE ( 'NONE', #1110, #1127 ) ;
#845 = EDGE_CURVE ( 'NONE', #32, #873, #519, .T. ) ;
#846 = CARTESIAN_POINT ( 'NONE',  ( 55.10801183527355818, -8.856632338538474869, 180.2438217825564664 ) ) ;
#847 = APPLICATION_CONTEXT ( 'automotive_design' ) ;
#848 = ORIENTED_EDGE ( 'NONE', *, *, #1730, .T. ) ;
#849 = CARTESIAN_POINT ( 'NONE',  ( -13.00000000000000000, 87.21286587777859722, 60.00000000000000000 ) ) ;
#850 = ORIENTED_EDGE ( 'NONE', *, *, #226, .T. ) ;
#851 = CARTESIAN_POINT ( 'NONE',  ( 93.02840584076251673, 22.86766622391260029, 86.66666666666669983 ) ) ;
#852 =( GEOMETRIC_REPRESENTATION_CONTEXT ( 3 ) GLOBAL_UNCERTAINTY_ASSIGNED_CONTEXT ( ( #591 ) ) GLOBAL_UNIT_ASSIGNED_CONTEXT ( ( #1771, #789, #1473 ) ) REPRESENTATION_CONTEXT ( 'NONE', 'WORKASPACE' ) );
#853 = CARTESIAN_POINT ( 'NONE',  ( -0.8995834183205337897, 0.8996104644878036849, 0.0002549937104198053022 ) ) ;
#854 = AXIS2_PLACEMENT_3D ( 'NONE', #1225, #1262, #1537 ) ;
#855 = LINE ( 'NONE', #1182, #1272 ) ;
#856 = AXIS2_PLACEMENT_3D ( 'NONE', #1491, #490, #476 ) ;
#857 = EDGE_CURVE ( 'NONE', #59, #602, #1815, .T. ) ;
#858 = DIRECTION ( 'NONE',  ( -0.1047855984748097408, -0.9916701199265096633, 0.07490228032054779828 ) ) ;
#859 = ORIENTED_EDGE ( 'NONE', *, *, #1267, .F. ) ;
#860 = CARTESIAN_POINT ( 'NONE',  ( 60.22061615529289469, -14.99098174013175111, 103.9584688815182716 ) ) ;
#861 = DIRECTION ( 'NONE',  ( 0.9922737978826059457, -0.09922376130103842395, 0.07448056947220500768 ) ) ;
#862 = CARTESIAN_POINT ( 'NONE',  ( 69.69564180512543317, -6.941025120798125947, 5.233757663272231575 ) ) ;
#863 = ADVANCED_FACE ( 'NONE', ( #1118 ), #987, .T. ) ;
#864 = ORIENTED_EDGE ( 'NONE', *, *, #1699, .F. ) ;
#865 = DIRECTION ( 'NONE',  ( 0.05240398818437989881, 0.9958214125355937529, -0.07478994824163416599 ) ) ;
#866 = VERTEX_POINT ( 'NONE', #408 ) ;
#867 = CARTESIAN_POINT ( 'NONE',  ( 43.68532624637123263, 85.87781531401815016, 242.5411241111173410 ) ) ;
#868 = DIRECTION ( 'NONE',  ( -0.7071067811865474617, 0.7071067811865475727, 0.000000000000000000 ) ) ;
#869 = FACE_OUTER_BOUND ( 'NONE', #85, .T. ) ;
#870 = DIRECTION ( 'NONE',  ( 0.5184338188965235128, 0.000000000000000000, -0.8551177552971092055 ) ) ;
#871 = ORIENTED_EDGE ( 'NONE', *, *, #1464, .T. ) ;
#872 = DIRECTION ( 'NONE',  ( 0.7070854650582404366, -0.7071279830496404184, -0.0004008634672147729471 ) ) ;
#873 = VERTEX_POINT ( 'NONE', #977 ) ;
#874 = ORIENTED_EDGE ( 'NONE', *, *, #402, .T. ) ;
#875 = ADVANCED_FACE ( 'NONE', ( #1373 ), #1551, .T. ) ;
#876 = CARTESIAN_POINT ( 'NONE',  ( 91.23411214680139381, 22.74945371245030046, 73.33333333333328596 ) ) ;
#877 = EDGE_CURVE ( 'NONE', #1747, #1112, #1100, .T. ) ;
#878 = CARTESIAN_POINT ( 'NONE',  ( 3.652425986296217175, 79.66528229631738611, 271.8799207283142323 ) ) ;
#879 = DIRECTION ( 'NONE',  ( 0.7089408415617419745, -0.7031557623995696726, 0.05454224940364332114 ) ) ;
#880 = PRODUCT_DEFINITION_FORMATION_WITH_SPECIFIED_SOURCE ( '‰ª', '', #1476, .NOT_KNOWN. ) ;
#881 = DIRECTION ( 'NONE',  ( 0.7071067811865475727, -0.7071067811865475727, 0.000000000000000000 ) ) ;
#882 = VECTOR ( 'NONE', #220, 1000.000000000000114 ) ;
#883 = ORIENTED_EDGE ( 'NONE', *, *, #1007, .F. ) ;
#884 = CARTESIAN_POINT ( 'NONE',  ( 53.33576109474837779, -39.50161798519688006, 146.2463270571496139 ) ) ;
#885 = AXIS2_PLACEMENT_3D ( 'NONE', #1119, #693, #1374 ) ;
#886 = CARTESIAN_POINT ( 'NONE',  ( -14.99112776103610223, 60.22302343331382701, 103.9797882180665027 ) ) ;
#887 = DIRECTION ( 'NONE',  ( -0.9925834026908343377, 0.09583659188795654038, -0.07478994824163427702 ) ) ;
#888 = ORIENTED_EDGE ( 'NONE', *, *, #843, .T. ) ;
#889 = ORIENTED_EDGE ( 'NONE', *, *, #877, .T. ) ;
#890 = EDGE_CURVE ( 'NONE', #443, #602, #1655, .T. ) ;
#891 = CARTESIAN_POINT ( 'NONE',  ( -37.35198439753341404, 55.86848802453022955, 148.8150122109678364 ) ) ;
#892 = ORIENTED_EDGE ( 'NONE', *, *, #813, .F. ) ;
#893 = B_SPLINE_CURVE_WITH_KNOTS ( 'NONE', 3,
 ( #18, #1157, #1569, #1298, #589, #849 ),
 .UNSPECIFIED., .F., .F.,
 ( 4, 2, 4 ),
 ( 0.000000000000000000, 0.3363382268827050381, 1.000000000000000000 ),
 .UNSPECIFIED. ) ;
#894 = CARTESIAN_POINT ( 'NONE',  ( 50.27467282933507420, -35.09041927220022927, 192.9045821101298941 ) ) ;
#895 = FACE_OUTER_BOUND ( 'NONE', #368, .T. ) ;
#896 = EDGE_LOOP ( 'NONE', ( #916, #351, #864, #52, #631 ) ) ;
#897 = LINE ( 'NONE', #1467, #346 ) ;
#898 = LINE ( 'NONE', #1469, #1662 ) ;
#899 = ORIENTED_EDGE ( 'NONE', *, *, #845, .F. ) ;
#900 = ORIENTED_EDGE ( 'NONE', *, *, #552, .F. ) ;
#901 = AXIS2_PLACEMENT_3D ( 'NONE', #1220, #1091, #363 ) ;
#902 = CARTESIAN_POINT ( 'NONE',  ( -21.40800204216703406, 102.8579214501880728, 254.2702383409914262 ) ) ;
#903 = ORIENTED_EDGE ( 'NONE', *, *, #565, .F. ) ;
#904 = DIRECTION ( 'NONE',  ( 0.5257746355013848127, 0.8506239078837285472, 0.000000000000000000 ) ) ;
#905 = EDGE_CURVE ( 'NONE', #1479, #1288, #958, .T. ) ;
#906 = CARTESIAN_POINT ( 'NONE',  ( 42.02208755065069568, -9.603884961912019236, 39.73076218727289444 ) ) ;
#907 = DIRECTION ( 'NONE',  ( 0.07439979154635702197, 0.01109062683621026696, 0.9971668210556539069 ) ) ;
#908 = CARTESIAN_POINT ( 'NONE',  ( 93.89372360296391662, 93.89372360296391662, 60.00000000000000000 ) ) ;
#909 = ORIENTED_EDGE ( 'NONE', *, *, #655, .T. ) ;
#910 = CARTESIAN_POINT ( 'NONE',  ( 133.1389075519086873, 131.3554383887969550, 152.2408223352394998 ) ) ;
#911 = ORIENTED_EDGE ( 'NONE', *, *, #1293, .F. ) ;
#912 = PLANE ( 'NONE',  #774 ) ;
#913 = AXIS2_PLACEMENT_3D ( 'NONE', #1453, #1026, #1122 ) ;
#914 = EDGE_CURVE ( 'NONE', #537, #1072, #1693, .T. ) ;
#915 = LINE ( 'NONE', #1185, #882 ) ;
#916 = ORIENTED_EDGE ( 'NONE', *, *, #629, .T. ) ;
#917 = VECTOR ( 'NONE', #13, 1000.000000000000000 ) ;
#918 = FACE_OUTER_BOUND ( 'NONE', #106, .T. ) ;
#919 = ORIENTED_EDGE ( 'NONE', *, *, #1809, .F. ) ;
#920 = LINE ( 'NONE', #1770, #1184 ) ;
#921 = VERTEX_POINT ( 'NONE', #1558 ) ;
#922 = VECTOR ( 'NONE', #239, 1000.000000000000114 ) ;
#923 = PLANE ( 'NONE',  #901 ) ;
#924 = DIRECTION ( 'NONE',  ( 0.6180226420633134765, 0.1201092050026699581, 0.7769310090160568283 ) ) ;
#925 = DIRECTION ( 'NONE',  ( -0.8933381174767176525, -0.1218883589525987382, 0.4325392881750703689 ) ) ;
#926 = ORIENTED_EDGE ( 'NONE', *, *, #1677, .T. ) ;
#927 = EDGE_CURVE ( 'NONE', #1286, #222, #279, .T. ) ;
#928 = CARTESIAN_POINT ( 'NONE',  ( -13.00000000000000000, 87.21286587777859722, 60.00000000000000000 ) ) ;
#929 = CARTESIAN_POINT ( 'NONE',  ( -8.926820508099511997, 54.82467886204166518, 180.2995620430965857 ) ) ;
#930 = ORIENTED_EDGE ( 'NONE', *, *, #1533, .T. ) ;
#931 = LINE ( 'NONE', #1083, #1138 ) ;
#932 = ORIENTED_EDGE ( 'NONE', *, *, #171, .T. ) ;
#933 = CARTESIAN_POINT ( 'NONE',  ( 97.87421261857100774, 96.10447154817572368, 107.5488924498378651 ) ) ;
#934 = DIRECTION ( 'NONE',  ( -0.8147406566626400615, -0.1241212115277924161, 0.5663846636604872309 ) ) ;
#935 = CARTESIAN_POINT ( 'NONE',  ( 83.86444471115484589, 85.57610598852602379, 299.8221824683000705 ) ) ;
#936 = EDGE_LOOP ( 'NONE', ( #1528, #992, #1263, #276, #975 ) ) ;
#937 = CARTESIAN_POINT ( 'NONE',  ( -39.28974201156505330, 54.34194690414856410, 149.7850117593300183 ) ) ;
#938 = ADVANCED_FACE ( 'NONE', ( #540 ), #1676, .F. ) ;
#939 = ADVANCED_FACE ( 'NONE', ( #993 ), #1433, .T. ) ;
#940 = CARTESIAN_POINT ( 'NONE',  ( 41.86171941108649719, -5.270551628578680869, 19.73076218727290154 ) ) ;
#941 = EDGE_LOOP ( 'NONE', ( #415, #1392, #848, #1383 ) ) ;
#942 = CARTESIAN_POINT ( 'NONE',  ( 125.9473108243310833, 130.6839648790221418, 146.9112621110650707 ) ) ;
#943 = LINE ( 'NONE', #1516, #681 ) ;
#944 = VECTOR ( 'NONE', #1009, 1000.000000000000227 ) ;
#945 = DIRECTION ( 'NONE',  ( -0.06517644223580533469, 0.09392288401375646634, 0.9934437695390823109 ) ) ;
#946 = ORIENTED_EDGE ( 'NONE', *, *, #703, .T. ) ;
#947 = AXIS2_PLACEMENT_3D ( 'NONE', #273, #1090, #673 ) ;
#948 = COLOUR_RGB ( '',0.7921568627450980005, 0.8196078431372548767, 0.9333333333333333481 ) ;
#949 = DIRECTION ( 'NONE',  ( -0.06517644223580533469, 0.09392288401375646634, 0.9934437695390823109 ) ) ;
#950 = ADVANCED_FACE ( 'NONE', ( #315 ), #180, .F. ) ;
#951 = FILL_AREA_STYLE_COLOUR ( '', #948 ) ;
#952 = ORIENTED_EDGE ( 'NONE', *, *, #724, .T. ) ;
#953 = LINE ( 'NONE', #942, #1278 ) ;
#954 = PLANE ( 'NONE',  #1543 ) ;
#955 = CARTESIAN_POINT ( 'NONE',  ( 0.2009044056605173434, 47.60483725607621608, 298.0091079085544266 ) ) ;
#956 = VERTEX_POINT ( 'NONE', #1024 ) ;
#957 = VECTOR ( 'NONE', #281, 1000.000000000000114 ) ;
#958 = LINE ( 'NONE', #1246, #1274 ) ;
#959 = SURFACE_SIDE_STYLE ('',( #390 ) ) ;
#960 = EDGE_CURVE ( 'NONE', #596, #312, #1300, .T. ) ;
#961 = VERTEX_POINT ( 'NONE', #1735 ) ;
#962 = LINE ( 'NONE', #821, #157 ) ;
#963 = DIRECTION ( 'NONE',  ( 0.02234947447035596710, 0.4343540825113219039, 0.9004648977037620350 ) ) ;
#964 = ADVANCED_FACE ( 'NONE', ( #1159 ), #1148, .F. ) ;
#965 = VERTEX_POINT ( 'NONE', #860 ) ;
#966 = DIRECTION ( 'NONE',  ( -0.6522914779139880048, 0.6036752785395986809, -0.4583579233753062865 ) ) ;
#967 = VERTEX_POINT ( 'NONE', #1564 ) ;
#968 = LINE ( 'NONE', #527, #1574 ) ;
#969 = CARTESIAN_POINT ( 'NONE',  ( 77.43343715685220729, -1.037341702972889967, 300.0000000000000000 ) ) ;
#970 = CARTESIAN_POINT ( 'NONE',  ( 86.10296515554770735, 23.68545420937829959, 39.73076218727289444 ) ) ;
#971 = DIRECTION ( 'NONE',  ( -0.09176348221286333151, -0.01384481563648564881, -0.9956845807845782215 ) ) ;
#972 = EDGE_CURVE ( 'NONE', #1618, #1097, #1016, .T. ) ;
#973 = ORIENTED_EDGE ( 'NONE', *, *, #302, .T. ) ;
#974 = LINE ( 'NONE', #1123, #738 ) ;
#975 = ORIENTED_EDGE ( 'NONE', *, *, #1155, .F. ) ;
#976 = VECTOR ( 'NONE', #515, 1000.000000000000114 ) ;
#977 = CARTESIAN_POINT ( 'NONE',  ( -35.18961817720298768, 51.49279107334967875, 193.0222599047551171 ) ) ;
#978 = AXIS2_PLACEMENT_3D ( 'NONE', #592, #1142, #286 ) ;
#979 = LINE ( 'NONE', #1560, #1010 ) ;
#980 = ORIENTED_EDGE ( 'NONE', *, *, #246, .T. ) ;
#981 = CARTESIAN_POINT ( 'NONE',  ( 54.57610334210163217, -39.62564768682317151, 146.3394277689898786 ) ) ;
#982 = ORIENTED_EDGE ( 'NONE', *, *, #1475, .F. ) ;
#983 = LINE ( 'NONE', #42, #1360 ) ;
#984 = ORIENTED_EDGE ( 'NONE', *, *, #20, .T. ) ;
#985 = EDGE_CURVE ( 'NONE', #312, #283, #1169, .T. ) ;
#986 = EDGE_CURVE ( 'NONE', #1226, #1402, #1599, .T. ) ;
#987 = PLANE ( 'NONE',  #1515 ) ;
#988 = CARTESIAN_POINT ( 'NONE',  ( 98.39423325800902376, 141.3376611054990519, 204.2571435554673656 ) ) ;
#989 = CARTESIAN_POINT ( 'NONE',  ( 88.63490818513990632, 88.63490818513990632, 33.21474836013609888 ) ) ;
#990 = VERTEX_POINT ( 'NONE', #1412 ) ;
#991 = CARTESIAN_POINT ( 'NONE',  ( 26.13812618111580122, 1.662016672382889970, 300.0000000000000000 ) ) ;
#992 = ORIENTED_EDGE ( 'NONE', *, *, #985, .F. ) ;
#993 = FACE_OUTER_BOUND ( 'NONE', #1462, .T. ) ;
#994 = EDGE_CURVE ( 'NONE', #1354, #1380, #574, .T. ) ;
#995 = CARTESIAN_POINT ( 'NONE',  ( 82.59026007322829344, -8.079461605445601435, 33.21474836013609888 ) ) ;
#996 = VERTEX_POINT ( 'NONE', #566 ) ;
#997 = DIRECTION ( 'NONE',  ( 0.06642806927726672972, -0.08212806121062710130, -0.9944054973570278788 ) ) ;
#998 = FACE_OUTER_BOUND ( 'NONE', #1540, .T. ) ;
#999 = ORIENTED_EDGE ( 'NONE', *, *, #1324, .T. ) ;
#1000 = B_SPLINE_SURFACE_WITH_KNOTS ( 'NONE', 3, 3, ( 
 ( #1746, #217, #1613, #333 ),
 ( #1521, #399, #381, #1788 ),
 ( #1668, #547, #828, #1227 ),
 ( #3, #261, #556, #1808 ) ),
 .UNSPECIFIED., .F., .F., .F.,
 ( 4, 4 ),
 ( 4, 4 ),
 ( 0.000000000000000000, 1.000000000000000000 ),
 ( 0.000000000000000000, 1.000000000000000000 ),
 .UNSPECIFIED. ) ;
#1001 = CARTESIAN_POINT ( 'NONE',  ( 102.5000015273689939, 102.5000015273689939, 100.0000000000000000 ) ) ;
#1002 = VECTOR ( 'NONE', #39, 1000.000000000000114 ) ;
#1003 = FACE_OUTER_BOUND ( 'NONE', #896, .T. ) ;
#1004 = ORIENTED_EDGE ( 'NONE', *, *, #606, .F. ) ;
#1005 = VECTOR ( 'NONE', #1721, 1000.000000000000114 ) ;
#1006 = DIRECTION ( 'NONE',  ( -0.9906011550308645441, -0.1055634943382156160, 0.08698103422369025950 ) ) ;
#1007 = EDGE_CURVE ( 'NONE', #717, #546, #156, .T. ) ;
#1008 = VECTOR ( 'NONE', #1562, 1000.000000000000114 ) ;
#1009 = DIRECTION ( 'NONE',  ( 0.2643281320517838484, 0.8932991295339137716, -0.3635207061227276881 ) ) ;
#1010 = VECTOR ( 'NONE', #531, 1000.000000000000114 ) ;
#1011 = EDGE_LOOP ( 'NONE', ( #491, #294, #57, #1290 ) ) ;
#1012 = CARTESIAN_POINT ( 'NONE',  ( -10.00369091706634173, 79.97966352939569390, 179.5197823917810069 ) ) ;
#1013 = VECTOR ( 'NONE', #219, 1000.000000000000114 ) ;
#1014 = EDGE_LOOP ( 'NONE', ( #168, #1334, #926, #729, #1141 ) ) ;
#1015 = VERTEX_POINT ( 'NONE', #21 ) ;
#1016 = LINE ( 'NONE', #600, #209 ) ;
#1017 = CARTESIAN_POINT ( 'NONE',  ( 132.3236095434812967, 130.5434280569073735, 140.7284696340520895 ) ) ;
#1018 = CARTESIAN_POINT ( 'NONE',  ( 104.3483476719528795, -22.64732842924721368, 256.6376302857963765 ) ) ;
#1019 = CARTESIAN_POINT ( 'NONE',  ( 32.54057952622995487, 71.92259400136491365, 28.50021383118912865 ) ) ;
#1020 = ADVANCED_FACE ( 'NONE', ( #82 ), #66, .T. ) ;
#1021 = EDGE_CURVE ( 'NONE', #59, #443, #1060, .T. ) ;
#1022 = CARTESIAN_POINT ( 'NONE',  ( 102.5000015273689939, 102.5000015273689939, 100.0000000000000000 ) ) ;
#1023 = VERTEX_POINT ( 'NONE', #1778 ) ;
#1024 = CARTESIAN_POINT ( 'NONE',  ( 99.03919692160950206, 99.02754326925305861, 141.4808235550406152 ) ) ;
#1025 = DIRECTION ( 'NONE',  ( 0.9963831876044686453, 0.04033617608514559333, -0.07478994824163416599 ) ) ;
#1026 = DIRECTION ( 'NONE',  ( 0.5180787088471587865, -0.7067998878851833311, 0.4816932321766138614 ) ) ;
#1027 = CARTESIAN_POINT ( 'NONE',  ( 99.06572828211913873, 97.28706538984657470, 138.8984436918086942 ) ) ;
#1028 = ORIENTED_EDGE ( 'NONE', *, *, #1151, .T. ) ;
#1029 = LINE ( 'NONE', #884, #409 ) ;
#1030 = ADVANCED_FACE ( 'NONE', ( #482 ), #785, .F. ) ;
#1031 = CARTESIAN_POINT ( 'NONE',  ( -13.54996967074590053, 20.13690908864820273, 100.0000000000000000 ) ) ;
#1032 = CARTESIAN_POINT ( 'NONE',  ( -50.27705681965948514, 126.4677213639425162, 238.1124598327113233 ) ) ;
#1033 = DIRECTION ( 'NONE',  ( 0.08285476006827956208, 0.08313375893701073494, -0.9930880458745995343 ) ) ;
#1034 = EDGE_LOOP ( 'NONE', ( #1040, #388, #883, #628 ) ) ;
#1035 = LINE ( 'NONE', #478, #7 ) ;
#1036 = AXIS2_PLACEMENT_3D ( 'NONE', #1435, #614, #870 ) ;
#1037 = CARTESIAN_POINT ( 'NONE',  ( 1.200696320885230151, 26.59944653261349856, 300.0000000000000000 ) ) ;
#1038 = VECTOR ( 'NONE', #718, 1000.000000000000000 ) ;
#1039 =( GEOMETRIC_REPRESENTATION_CONTEXT ( 3 ) GLOBAL_UNCERTAINTY_ASSIGNED_CONTEXT ( ( #1583 ) ) GLOBAL_UNIT_ASSIGNED_CONTEXT ( ( #262, #192, #719 ) ) REPRESENTATION_CONTEXT ( 'NONE', 'WORKASPACE' ) );
#1040 = ORIENTED_EDGE ( 'NONE', *, *, #1058, .F. ) ;
#1041 = CARTESIAN_POINT ( 'NONE',  ( 0.2554355615163033111, 45.87785615418125928, 297.8041888347119084 ) ) ;
#1042 = VECTOR ( 'NONE', #695, 1000.000000000000114 ) ;
#1043 = DIRECTION ( 'NONE',  ( 0.3722277565979027480, -0.2783136186718231375, 0.8854309836909297626 ) ) ;
#1044 = ORIENTED_EDGE ( 'NONE', *, *, #1121, .F. ) ;
#1045 = EDGE_CURVE ( 'NONE', #32, #717, #1194, .T. ) ;
#1046 = CARTESIAN_POINT ( 'NONE',  ( 67.18993440501868974, -15.51904401386560117, 100.0000000000000000 ) ) ;
#1047 = VERTEX_POINT ( 'NONE', #1216 ) ;
#1048 = DIRECTION ( 'NONE',  ( 0.08285476006827886819, 0.08313375893701056840, -0.9930880458745996453 ) ) ;
#1049 = CARTESIAN_POINT ( 'NONE',  ( 87.82999339359727742, -1.717250045448053264, 298.2317640415733990 ) ) ;
#1050 = CARTESIAN_POINT ( 'NONE',  ( -13.00000000000000000, 19.61522368914979708, 60.00000000000000000 ) ) ;
#1051 = DIRECTION ( 'NONE',  ( -0.6192245273669327865, -0.6192245273669327865, -0.4828270595300117596 ) ) ;
#1052 = ORIENTED_EDGE ( 'NONE', *, *, #1429, .T. ) ;
#1053 = VECTOR ( 'NONE', #1623, 1000.000000000000000 ) ;
#1054 = DIRECTION ( 'NONE',  ( 0.3906840870681045352, 0.4497191528489712375, -0.8031927711779814905 ) ) ;
#1055 = APPLICATION_PROTOCOL_DEFINITION ( 'draft international standard', 'automotive_design', 1998, #847 ) ;
#1056 = EDGE_CURVE ( 'NONE', #1297, #602, #90, .T. ) ;
#1057 = CARTESIAN_POINT ( 'NONE',  ( 75.00000000000000000, 8.881784197001249168E-15, 0.000000000000000000 ) ) ;
#1058 = EDGE_CURVE ( 'NONE', #1706, #32, #648, .T. ) ;
#1059 = PLANE ( 'NONE',  #1394 ) ;
#1060 = LINE ( 'NONE', #339, #683 ) ;
#1061 = ORIENTED_EDGE ( 'NONE', *, *, #369, .T. ) ;
#1062 = CARTESIAN_POINT ( 'NONE',  ( -26.18778014027036249, 102.1367724162178234, 202.4069999689608892 ) ) ;
#1063 = ORIENTED_EDGE ( 'NONE', *, *, #1699, .T. ) ;
#1064 = DIRECTION ( 'NONE',  ( -0.4174389231656659982, -0.4307660453174206872, 0.8001158413804084768 ) ) ;
#1065 = EDGE_CURVE ( 'NONE', #1303, #1552, #1202, .T. ) ;
#1066 = AXIS2_PLACEMENT_3D ( 'NONE', #437, #1006, #727 ) ;
#1067 = ORIENTED_EDGE ( 'NONE', *, *, #1624, .T. ) ;
#1068 = CARTESIAN_POINT ( 'NONE',  ( 25.00000000000000000, 0.000000000000000000, 0.000000000000000000 ) ) ;
#1069 = DIRECTION ( 'NONE',  ( -0.9120443798336632657, 0.4100915132184873579, 0.000000000000000000 ) ) ;
#1070 = AXIS2_PLACEMENT_3D ( 'NONE', #472, #1043, #331 ) ;
#1071 = CARTESIAN_POINT ( 'NONE',  ( -16.40314660110600187, 90.61601247888459909, 100.0000000000000000 ) ) ;
#1072 = VERTEX_POINT ( 'NONE', #508 ) ;
#1073 = CARTESIAN_POINT ( 'NONE',  ( 19.61522368914979708, -13.00000000000000000, 60.00000000000000000 ) ) ;
#1074 = ORIENTED_EDGE ( 'NONE', *, *, #541, .F. ) ;
#1075 = CARTESIAN_POINT ( 'NONE',  ( 93.89372360296391662, 93.89372360296391662, 60.00000000000000000 ) ) ;
#1076 = ORIENTED_EDGE ( 'NONE', *, *, #1449, .T. ) ;
#1077 = LINE ( 'NONE', #933, #417 ) ;
#1078 = PLANE ( 'NONE',  #1686 ) ;
#1079 = ADVANCED_FACE ( 'NONE', ( #918 ), #1619, .F. ) ;
#1080 = CARTESIAN_POINT ( 'NONE',  ( 62.86561881787729078, 98.53867184454090022, 100.0000000000000000 ) ) ;
#1081 = ORIENTED_EDGE ( 'NONE', *, *, #1785, .F. ) ;
#1082 = PLANE ( 'NONE',  #211 ) ;
#1083 = CARTESIAN_POINT ( 'NONE',  ( 108.1212415765403989, 125.5948554237713068, 151.0968585007713614 ) ) ;
#1084 = ORIENTED_EDGE ( 'NONE', *, *, #380, .F. ) ;
#1085 = DIRECTION ( 'NONE',  ( -0.1050742049714656762, 0.9944643842036851034, 0.000000000000000000 ) ) ;
#1086 = LINE ( 'NONE', #676, #1480 ) ;
#1087 = LINE ( 'NONE', #1256, #67 ) ;
#1088 = ORIENTED_EDGE ( 'NONE', *, *, #1680, .T. ) ;
#1089 = ADVANCED_FACE ( 'NONE', ( #1752 ), #455, .F. ) ;
#1090 = DIRECTION ( 'NONE',  ( -0.09917277348990925778, 0.9922556246453495543, 0.07478994824163458233 ) ) ;
#1091 = DIRECTION ( 'NONE',  ( -0.5811867187214516672, 0.8065368308217628623, 0.1082605122368239525 ) ) ;
#1092 = CARTESIAN_POINT ( 'NONE',  ( -9.001137638917818151, 78.20292916478287282, 134.6231915454688988 ) ) ;
#1093 = VECTOR ( 'NONE', #1672, 1000.000000000000000 ) ;
#1094 = DIRECTION ( 'NONE',  ( 0.6002974979769842845, -0.5374800767336209706, 0.5922483271711230790 ) ) ;
#1095 = ORIENTED_EDGE ( 'NONE', *, *, #435, .T. ) ;
#1096 = PLANE ( 'NONE',  #501 ) ;
#1097 = VERTEX_POINT ( 'NONE', #619 ) ;
#1098 = AXIS2_PLACEMENT_3D ( 'NONE', #824, #1391, #554 ) ;
#1099 = ADVANCED_FACE ( 'NONE', ( #1497 ), #221, .F. ) ;
#1100 = LINE ( 'NONE', #835, #1687 ) ;
#1101 = ADVANCED_FACE ( 'NONE', ( #1316 ), #1742, .T. ) ;
#1102 = PLANE ( 'NONE',  #187 ) ;
#1103 = ORIENTED_EDGE ( 'NONE', *, *, #1550, .F. ) ;
#1104 = PLANE ( 'NONE',  #1694 ) ;
#1105 = CARTESIAN_POINT ( 'NONE',  ( 0.8681569251927936381, -0.8681830265158473336, -0.0002460856337201767032 ) ) ;
#1106 = CARTESIAN_POINT ( 'NONE',  ( 101.6975959076165026, 101.6948939474636404, 109.6175455491288346 ) ) ;
#1107 = ORIENTED_EDGE ( 'NONE', *, *, #1322, .T. ) ;
#1108 = DIRECTION ( 'NONE',  ( -0.6035256957222993046, 0.6521796515077639134, 0.4587138942326973168 ) ) ;
#1109 = ADVANCED_BREP_SHAPE_REPRESENTATION ( '\X2\9c7c5934\X0\Gen1.3S', ( #581, #1450 ), #852 ) ;
#1110 = CARTESIAN_POINT ( 'NONE',  ( -35.18961817720298768, 51.49279107334967875, 193.0222599047551171 ) ) ;
#1111 = EDGE_CURVE ( 'NONE', #1508, #1722, #898, .T. ) ;
#1112 = VERTEX_POINT ( 'NONE', #688 ) ;
#1113 = CARTESIAN_POINT ( 'NONE',  ( 0.000000000000000000, 75.00000000000000000, 0.000000000000000000 ) ) ;
#1114 = DIRECTION ( 'NONE',  ( 0.05847849756571832369, -0.1629430163549493438, -0.9849009283900623801 ) ) ;
#1115 = ORIENTED_EDGE ( 'NONE', *, *, #1622, .F. ) ;
#1116 = FACE_OUTER_BOUND ( 'NONE', #1195, .T. ) ;
#1117 = ORIENTED_EDGE ( 'NONE', *, *, #857, .F. ) ;
#1118 = FACE_OUTER_BOUND ( 'NONE', #17, .T. ) ;
#1119 = CARTESIAN_POINT ( 'NONE',  ( 97.87601497760924474, 97.87451469389952763, 105.7834055442567944 ) ) ;
#1120 = CARTESIAN_POINT ( 'NONE',  ( 85.63289135097100768, 85.63289135097100768, 19.73076218727290154 ) ) ;
#1121 = EDGE_CURVE ( 'NONE', #1418, #126, #1547, .T. ) ;
#1122 = DIRECTION ( 'NONE',  ( 0.8065362348577385099, 0.5911846596973764356, 0.000000000000000000 ) ) ;
#1123 = CARTESIAN_POINT ( 'NONE',  ( -26.41466773729178996, 102.3902008843666636, 202.6572297016647610 ) ) ;
#1124 = ORIENTED_EDGE ( 'NONE', *, *, #492, .F. ) ;
#1125 = DIRECTION ( 'NONE',  ( -0.2612399698908591250, 0.9634776860504771223, 0.05885938000218139676 ) ) ;
#1126 = VECTOR ( 'NONE', #842, 1000.000000000000114 ) ;
#1127 = VECTOR ( 'NONE', #148, 1000.000000000000227 ) ;
#1128 = CARTESIAN_POINT ( 'NONE',  ( 10.26447542640733523, 77.30482645659672869, 311.9643296041198255 ) ) ;
#1129 = DIRECTION ( 'NONE',  ( -0.000000000000000000, 0.5856145949191269295, 0.8105896287380607301 ) ) ;
#1130 = VERTEX_POINT ( 'NONE', #1106 ) ;
#1131 = LINE ( 'NONE', #722, #1154 ) ;
#1132 = ORIENTED_EDGE ( 'NONE', *, *, #1223, .T. ) ;
#1133 = ADVANCED_FACE ( 'NONE', ( #1813 ), #130, .F. ) ;
#1134 = CARTESIAN_POINT ( 'NONE',  ( -5.544873282229427325, 122.8953048103709875, 262.0675570140581385 ) ) ;
#1135 = B_SPLINE_SURFACE_WITH_KNOTS ( 'NONE', 3, 3, ( 
 ( #1554, #675, #127, #1800 ),
 ( #534, #831, #970, #1820 ),
 ( #838, #1252, #1811, #401 ),
 ( #550, #1120, #1685, #412 ) ),
 .UNSPECIFIED., .F., .F., .F.,
 ( 4, 4 ),
 ( 4, 4 ),
 ( 0.000000000000000000, 1.000000000000000000 ),
 ( 0.000000000000000000, 1.000000000000000000 ),
 .UNSPECIFIED. ) ;
#1136 = CARTESIAN_POINT ( 'NONE',  ( 7.123228758367073254, 76.95337333568700444, 312.4617920654675913 ) ) ;
#1137 = PLANE ( 'NONE',  #716 ) ;
#1138 = VECTOR ( 'NONE', #71, 1000.000000000000114 ) ;
#1139 = EDGE_LOOP ( 'NONE', ( #1132, #919, #662, #112 ) ) ;
#1140 = CARTESIAN_POINT ( 'NONE',  ( -37.59320134725090412, 56.03610849321346876, 146.2712946226330644 ) ) ;
#1141 = ORIENTED_EDGE ( 'NONE', *, *, #823, .T. ) ;
#1142 = DIRECTION ( 'NONE',  ( 0.04803772390885277521, 0.8607642211617155814, 0.5067320126551332349 ) ) ;
#1143 = ADVANCED_FACE ( 'NONE', ( #1665 ), #678, .T. ) ;
#1144 = LINE ( 'NONE', #1017, #1332 ) ;
#1145 = CARTESIAN_POINT ( 'NONE',  ( -9.603884961912010354, 21.02194059730500086, 39.73076218727289444 ) ) ;
#1146 = CARTESIAN_POINT ( 'NONE',  ( -14.86716179417371464, 58.98270390250714001, 103.8863007827644509 ) ) ;
#1147 = ORIENTED_EDGE ( 'NONE', *, *, #1565, .F. ) ;
#1148 = B_SPLINE_SURFACE_WITH_KNOTS ( 'NONE', 3, 3, ( 
 ( #172, #732, #45, #1421 ),
 ( #1432, #851, #876, #1149 ),
 ( #1441, #582, #434, #463 ),
 ( #1001, #296, #456, #1592 ) ),
 .UNSPECIFIED., .F., .F., .F.,
 ( 4, 4 ),
 ( 4, 4 ),
 ( 0.000000000000000000, 1.000000000000000000 ),
 ( 0.000000000000000000, 1.000000000000000000 ),
 .UNSPECIFIED. ) ;
#1149 = CARTESIAN_POINT ( 'NONE',  ( 89.43981845284039878, 22.63124120098800063, 60.00000000000000000 ) ) ;
#1150 = VECTOR ( 'NONE', #449, 999.9999999999998863 ) ;
#1151 = EDGE_CURVE ( 'NONE', #1297, #990, #1381, .T. ) ;
#1152 = PLANE ( 'NONE',  #1424 ) ;
#1153 = FACE_OUTER_BOUND ( 'NONE', #798, .T. ) ;
#1154 = VECTOR ( 'NONE', #25, 1000.000000000000227 ) ;
#1155 = EDGE_CURVE ( 'NONE', #825, #750, #1786, .T. ) ;
#1156 = CARTESIAN_POINT ( 'NONE',  ( 132.9601476349478162, 132.9476153263995286, 140.9828371463724181 ) ) ;
#1157 = CARTESIAN_POINT ( 'NONE',  ( -1.772687989449910129, 76.66535389679239643, 6.636209569111689355 ) ) ;
#1158 = ORIENTED_EDGE ( 'NONE', *, *, #890, .F. ) ;
#1159 = FACE_OUTER_BOUND ( 'NONE', #1604, .T. ) ;
#1160 = CARTESIAN_POINT ( 'NONE',  ( 5.091657777853527911, 78.33331847022252248, 272.8912528054150926 ) ) ;
#1161 = PLANE ( 'NONE',  #913 ) ;
#1162 = CARTESIAN_POINT ( 'NONE',  ( 8.333333333333330373, 16.66666666666669627, 0.000000000000000000 ) ) ;
#1163 = ADVANCED_FACE ( 'NONE', ( #268 ), #1096, .F. ) ;
#1164 = ORIENTED_EDGE ( 'NONE', *, *, #428, .F. ) ;
#1165 = DIRECTION ( 'NONE',  ( 0.6815106586612725836, 0.6814145266044614457, 0.2668660058222029341 ) ) ;
#1166 = ORIENTED_EDGE ( 'NONE', *, *, #1464, .F. ) ;
#1167 = VERTEX_POINT ( 'NONE', #517 ) ;
#1168 = CARTESIAN_POINT ( 'NONE',  ( -14.00068576502170004, 43.13588606315999385, 86.66666666666669983 ) ) ;
#1169 = LINE ( 'NONE', #1032, #1602 ) ;
#1170 = CARTESIAN_POINT ( 'NONE',  ( 75.00000000000000000, 8.881784197001249168E-15, 0.000000000000000000 ) ) ;
#1171 = ORIENTED_EDGE ( 'NONE', *, *, #223, .T. ) ;
#1172 = DIRECTION ( 'NONE',  ( 0.7042039956486013663, 0.7099976989487674084, 0.000000000000000000 ) ) ;
#1173 = CARTESIAN_POINT ( 'NONE',  ( 0.7767572848807126062, 79.21901968133194316, 273.9874037890259615 ) ) ;
#1174 = EDGE_CURVE ( 'NONE', #319, #243, #833, .T. ) ;
#1175 = VERTEX_POINT ( 'NONE', #1507 ) ;
#1176 = CARTESIAN_POINT ( 'NONE',  ( -35.16482498383052047, 51.24472716718841525, 193.0035624176946953 ) ) ;
#1177 = EDGE_CURVE ( 'NONE', #353, #225, #231, .T. ) ;
#1178 = DIRECTION ( 'NONE',  ( -0.07513579225296812547, 0.000000000000000000, 0.9971733112766902885 ) ) ;
#1179 = ORIENTED_EDGE ( 'NONE', *, *, #492, .T. ) ;
#1180 = DIRECTION ( 'NONE',  ( 0.03706265632755201961, -0.9983148152428936717, -0.04465298615426285811 ) ) ;
#1181 = DIRECTION ( 'NONE',  ( 0.9634864659308792767, -0.2612855714326758894, 0.05851222204911318142 ) ) ;
#1182 = CARTESIAN_POINT ( 'NONE',  ( 0.000000000000000000, 25.00000000000000000, 0.000000000000000000 ) ) ;
#1183 = AXIS2_PLACEMENT_3D ( 'NONE', #189, #1187, #609 ) ;
#1184 = VECTOR ( 'NONE', #1328, 1000.000000000000000 ) ;
#1185 = CARTESIAN_POINT ( 'NONE',  ( 0.000000000000000000, 75.00000000000000000, 0.000000000000000000 ) ) ;
#1186 = VECTOR ( 'NONE', #100, 1000.000000000000227 ) ;
#1187 = DIRECTION ( 'NONE',  ( 0.03993360567435343816, -0.6389376907896539004, 0.7682212795973760722 ) ) ;
#1188 = EDGE_CURVE ( 'NONE', #1722, #1047, #1087, .T. ) ;
#1189 = CARTESIAN_POINT ( 'NONE',  ( 19.61071783885139652, -13.00492224011749975, 73.33333333333328596 ) ) ;
#1190 = PRODUCT_DEFINITION_SHAPE ( 'NONE', 'NONE',  #28 ) ;
#1191 = CARTESIAN_POINT ( 'NONE',  ( 44.84886732804289977, 44.69233339290379803, 300.0000000000000000 ) ) ;
#1192 = LINE ( 'NONE', #1333, #1628 ) ;
#1193 = EDGE_LOOP ( 'NONE', ( #1081, #179, #1531, #1620 ) ) ;
#1194 = LINE ( 'NONE', #215, #618 ) ;
#1195 = EDGE_LOOP ( 'NONE', ( #414, #19, #1241, #69 ) ) ;
#1196 = EDGE_CURVE ( 'NONE', #443, #1297, #1, .T. ) ;
#1197 = DIRECTION ( 'NONE',  ( 0.7070961374053307269, -0.7071173964014605406, -0.0002004317376556975306 ) ) ;
#1198 = ORIENTED_EDGE ( 'NONE', *, *, #1151, .F. ) ;
#1199 = LINE ( 'NONE', #1075, #1702 ) ;
#1200 = LINE ( 'NONE', #748, #1013 ) ;
#1201 = CARTESIAN_POINT ( 'NONE',  ( -19.15476572890844764, -17.38146827507672043, 93.29836487810592871 ) ) ;
#1202 = LINE ( 'NONE', #1489, #1305 ) ;
#1203 = ORIENTED_EDGE ( 'NONE', *, *, #419, .T. ) ;
#1204 = CARTESIAN_POINT ( 'NONE',  ( 65.51685712271890338, -13.83968133795520217, 73.33333333333339965 ) ) ;
#1205 = ORIENTED_EDGE ( 'NONE', *, *, #1601, .T. ) ;
#1206 = ADVANCED_FACE ( 'NONE', ( #661 ), #815, .F. ) ;
#1207 = CARTESIAN_POINT ( 'NONE',  ( 21.02194059730500086, -9.603884961912010354, 39.73076218727289444 ) ) ;
#1208 = VECTOR ( 'NONE', #1625, 1000.000000000000114 ) ;
#1209 = EDGE_CURVE ( 'NONE', #243, #956, #120, .T. ) ;
#1210 = VECTOR ( 'NONE', #587, 1000.000000000000114 ) ;
#1211 = ORIENTED_EDGE ( 'NONE', *, *, #419, .F. ) ;
#1212 = CARTESIAN_POINT ( 'NONE',  ( 79.89945716487864047, 5.618104737854253905, 275.8002877546942386 ) ) ;
#1213 = VECTOR ( 'NONE', #664, 1000.000000000000000 ) ;
#1214 = DIRECTION ( 'NONE',  ( -0.7051263942166731136, -0.7051263942166727805, 0.07478994824163420763 ) ) ;
#1215 = VECTOR ( 'NONE', #427, 1000.000000000000227 ) ;
#1216 = CARTESIAN_POINT ( 'NONE',  ( 80.19410133809695651, -10.26269347628014117, 179.0996218945905412 ) ) ;
#1217 = ORIENTED_EDGE ( 'NONE', *, *, #1021, .T. ) ;
#1218 = VECTOR ( 'NONE', #1495, 1000.000000000000227 ) ;
#1219 = CARTESIAN_POINT ( 'NONE',  ( 66.35339576386880367, -14.67936267591040078, 86.66666666666669983 ) ) ;
#1220 = CARTESIAN_POINT ( 'NONE',  ( -39.61394979357586976, 54.56723729288390956, 146.3661266505439187 ) ) ;
#1221 = EDGE_LOOP ( 'NONE', ( #1217, #820, #378, #87 ) ) ;
#1222 = DIRECTION ( 'NONE',  ( -0.9014289434294835424, 0.01494160184966793203, -0.4326691674729908899 ) ) ;
#1223 = EDGE_CURVE ( 'NONE', #866, #1286, #396, .T. ) ;
#1224 = DIRECTION ( 'NONE',  ( 0.7071174106049326058, 0.7070961516083758003, 0.000000000000000000 ) ) ;
#1225 = CARTESIAN_POINT ( 'NONE',  ( 75.00000000000000000, 8.881784197001249168E-15, 0.000000000000000000 ) ) ;
#1226 = VERTEX_POINT ( 'NONE', #545 ) ;
#1227 = CARTESIAN_POINT ( 'NONE',  ( -13.00000000000000000, 42.14777108535940187, 60.00000000000000000 ) ) ;
#1228 = DIRECTION ( 'NONE',  ( 0.000000000000000000, 0.000000000000000000, 1.000000000000000000 ) ) ;
#1229 = ORIENTED_EDGE ( 'NONE', *, *, #302, .F. ) ;
#1230 = CARTESIAN_POINT ( 'NONE',  ( -14.63472508287950014, 66.30875817083800428, 86.66666666666669983 ) ) ;
#1231 = LINE ( 'NONE', #1544, #794 ) ;
#1232 = ADVANCED_FACE ( 'NONE', ( #1116 ), #242, .T. ) ;
#1233 = CARTESIAN_POINT ( 'NONE',  ( 25.29363219643100535, 25.35648612753076847, -2.686119201923448330 ) ) ;
#1234 = VERTEX_POINT ( 'NONE', #406 ) ;
#1235 = DIRECTION ( 'NONE',  ( -0.5470151869764706687, 0.6785629642518056226, -0.4902312604913107164 ) ) ;
#1236 = LINE ( 'NONE', #1553, #1798 ) ;
#1237 = ORIENTED_EDGE ( 'NONE', *, *, #1196, .F. ) ;
#1238 = DIRECTION ( 'NONE',  ( -0.4467780249167322415, 0.000000000000000000, -0.8946448437517001695 ) ) ;
#1239 = VECTOR ( 'NONE', #1214, 1000.000000000000000 ) ;
#1240 = CARTESIAN_POINT ( 'NONE',  ( 58.98027390793964031, -14.86695203850545255, 103.8653681696780211 ) ) ;
#1241 = ORIENTED_EDGE ( 'NONE', *, *, #1588, .T. ) ;
#1242 = VECTOR ( 'NONE', #577, 1000.000000000000000 ) ;
#1243 = CARTESIAN_POINT ( 'NONE',  ( 0.000000000000000000, 75.00000000000000000, 0.000000000000000000 ) ) ;
#1244 = ORIENTED_EDGE ( 'NONE', *, *, #777, .T. ) ;
#1245 = AXIS2_PLACEMENT_3D ( 'NONE', #739, #1307, #872 ) ;
#1246 = CARTESIAN_POINT ( 'NONE',  ( 53.33576109474837779, -39.50161798519688006, 146.2463270571496139 ) ) ;
#1247 = EDGE_CURVE ( 'NONE', #1552, #776, #974, .T. ) ;
#1248 = ADVANCED_FACE ( 'NONE', ( #1371 ), #670, .F. ) ;
#1249 = LINE ( 'NONE', #988, #1803 ) ;
#1250 = AXIS2_PLACEMENT_3D ( 'NONE', #374, #1359, #1085 ) ;
#1251 = ORIENTED_EDGE ( 'NONE', *, *, #890, .T. ) ;
#1252 = CARTESIAN_POINT ( 'NONE',  ( 83.73906962223038875, 55.33174369112109048, 19.73076218727290154 ) ) ;
#1253 = EDGE_LOOP ( 'NONE', ( #1490, #752, #1805, #170 ) ) ;
#1254 = DIRECTION ( 'NONE',  ( 0.01412980342121314924, 0.09148082850124075738, 0.9957065866368487450 ) ) ;
#1255 = ORIENTED_EDGE ( 'NONE', *, *, #583, .F. ) ;
#1256 = CARTESIAN_POINT ( 'NONE',  ( 84.09109235041658792, -1.512446001943147600, 298.3389298572356552 ) ) ;
#1257 = ORIENTED_EDGE ( 'NONE', *, *, #1656, .F. ) ;
#1258 = DIRECTION ( 'NONE',  ( -0.08481113641208555542, 0.5264980600881543626, -0.8459354962784696452 ) ) ;
#1259 = ADVANCED_FACE ( 'NONE', ( #1705, #840 ), #1281, .F. ) ;
#1260 = CARTESIAN_POINT ( 'NONE',  ( -29.51075530356047594, 101.7686264804338663, 201.0337283780334019 ) ) ;
#1261 = DIRECTION ( 'NONE',  ( 0.7071067811865474617, -0.7071067811865474617, 0.000000000000000000 ) ) ;
#1262 = DIRECTION ( 'NONE',  ( -0.6389376907896539004, 0.03993360567435343816, 0.7682212795973760722 ) ) ;
#1263 = ORIENTED_EDGE ( 'NONE', *, *, #960, .F. ) ;
#1264 = CARTESIAN_POINT ( 'NONE',  ( -35.06565221034060187, 50.25247154254299176, 192.9287724694530652 ) ) ;
#1265 = DIRECTION ( 'NONE',  ( 0.9117271157134079207, 0.4099047620175105267, 0.02705092509098756468 ) ) ;
#1266 = DIRECTION ( 'NONE',  ( -0.9975587290178763444, 0.04873943552959458803, -0.05001049474356060454 ) ) ;
#1267 = EDGE_CURVE ( 'NONE', #1097, #996, #444, .T. ) ;
#1268 = CARTESIAN_POINT ( 'NONE',  ( 60.90989578272935034, -21.13680066674588431, 173.8549885574297207 ) ) ;
#1269 = EDGE_LOOP ( 'NONE', ( #1282, #1647, #1633, #152 ) ) ;
#1270 = ORIENTED_EDGE ( 'NONE', *, *, #1624, .F. ) ;
#1271 = VECTOR ( 'NONE', #814, 1000.000000000000227 ) ;
#1272 = VECTOR ( 'NONE', #468, 1000.000000000000114 ) ;
#1273 = CARTESIAN_POINT ( 'NONE',  ( 90.26413255195900831, 90.26413255195900831, 39.73076218727289444 ) ) ;
#1274 = VECTOR ( 'NONE', #949, 1000.000000000000114 ) ;
#1275 = ORIENTED_EDGE ( 'NONE', *, *, #565, .T. ) ;
#1276 = VECTOR ( 'NONE', #457, 1000.000000000000114 ) ;
#1277 = LINE ( 'NONE', #400, #290 ) ;
#1278 = VECTOR ( 'NONE', #924, 1000.000000000000000 ) ;
#1279 = DIRECTION ( 'NONE',  ( 0.8065499878047203142, -0.5812415983043672796, 0.1078671477920418731 ) ) ;
#1280 = ORIENTED_EDGE ( 'NONE', *, *, #1293, .T. ) ;
#1281 = PLANE ( 'NONE',  #181 ) ;
#1282 = ORIENTED_EDGE ( 'NONE', *, *, #171, .F. ) ;
#1283 = CARTESIAN_POINT ( 'NONE',  ( -13.00000000000000000, 87.21286587777859722, 60.00000000000000000 ) ) ;
#1284 = B_SPLINE_SURFACE_WITH_KNOTS ( 'NONE', 3, 3, ( 
 ( #630, #84, #1189, #1073 ),
 ( #788, #1621, #638, #68 ),
 ( #1046, #1219, #1204, #1639 ),
 ( #1761, #77, #361, #1481 ) ),
 .UNSPECIFIED., .F., .F., .F.,
 ( 4, 4 ),
 ( 4, 4 ),
 ( 0.000000000000000000, 1.000000000000000000 ),
 ( 0.000000000000000000, 1.000000000000000000 ),
 .UNSPECIFIED. ) ;
#1285 = CARTESIAN_POINT ( 'NONE',  ( -5.270551628578680869, 22.81686603425509929, 19.73076218727290154 ) ) ;
#1286 = VERTEX_POINT ( 'NONE', #1437 ) ;
#1287 = AXIS2_PLACEMENT_3D ( 'NONE', #1191, #1228, #1503 ) ;
#1288 = VERTEX_POINT ( 'NONE', #425 ) ;
#1289 = DIRECTION ( 'NONE',  ( 0.9944636891373715981, -0.1050807831493894839, 0.000000000000000000 ) ) ;
#1290 = ORIENTED_EDGE ( 'NONE', *, *, #76, .F. ) ;
#1291 = EDGE_CURVE ( 'NONE', #1618, #866, #983, .T. ) ;
#1292 = CARTESIAN_POINT ( 'NONE',  ( 23.68545420937829959, 86.10296515554770735, 39.73076218727289444 ) ) ;
#1293 = EDGE_CURVE ( 'NONE', #1494, #1762, #284, .T. ) ;
#1294 = CARTESIAN_POINT ( 'NONE',  ( -14.21021120570105012, 59.81231072995606723, 105.9773811635643597 ) ) ;
#1295 = CARTESIAN_POINT ( 'NONE',  ( 103.5476534728976645, -27.83127660758775335, 200.2138808453574654 ) ) ;
#1296 = CARTESIAN_POINT ( 'NONE',  ( 19.61522368914979708, -13.00000000000000000, 60.00000000000000000 ) ) ;
#1297 = VERTEX_POINT ( 'NONE', #303 ) ;
#1298 = CARTESIAN_POINT ( 'NONE',  ( -8.079461605445551697, 82.59026007322829344, 33.21474836013609888 ) ) ;
#1299 = EDGE_LOOP ( 'NONE', ( #1704, #81, #376, #1205, #646, #1666, #699, #1630 ) ) ;
#1300 = LINE ( 'NONE', #867, #1038 ) ;
#1301 = ADVANCED_FACE ( 'NONE', ( #998 ), #705, .T. ) ;
#1302 = DIRECTION ( 'NONE',  ( 0.1624797592457765394, -0.05800414833886290145, 0.9850055058784786821 ) ) ;
#1303 = VERTEX_POINT ( 'NONE', #1012 ) ;
#1304 = DIRECTION ( 'NONE',  ( 0.1217926450498185431, 0.8934570280586255908, -0.4323205877869072400 ) ) ;
#1305 = VECTOR ( 'NONE', #73, 1000.000000000000114 ) ;
#1306 = FACE_OUTER_BOUND ( 'NONE', #784, .T. ) ;
#1307 = DIRECTION ( 'NONE',  ( 0.7051263942166731136, 0.7051263942166728915, -0.07478994824163423538 ) ) ;
#1308 = EDGE_LOOP ( 'NONE', ( #982, #1352, #804, #1814 ) ) ;
#1309 = CARTESIAN_POINT ( 'NONE',  ( 25.03059603127119814, 81.84524789348981244, 19.73076218727290154 ) ) ;
#1310 = CARTESIAN_POINT ( 'NONE',  ( 85.09546333020858810, -10.74612827211229948, 46.54808169346939906 ) ) ;
#1311 = DIRECTION ( 'NONE',  ( 0.09176348221286334539, 0.01384481563648564013, 0.9956845807845782215 ) ) ;
#1312 = ADVANCED_FACE ( 'NONE', ( #311 ), #277, .F. ) ;
#1313 = LINE ( 'NONE', #1156, #944 ) ;
#1314 = DIRECTION ( 'NONE',  ( 0.5372941107776917358, -0.6001457339553155634, -0.5925707860997241339 ) ) ;
#1315 = DIRECTION ( 'NONE',  ( -0.5767781274876291331, -0.5765967625757206783, -0.5786736256639505305 ) ) ;
#1316 = FACE_OUTER_BOUND ( 'NONE', #509, .T. ) ;
#1317 = ORIENTED_EDGE ( 'NONE', *, *, #1174, .F. ) ;
#1318 = DIRECTION ( 'NONE',  ( 0.7051263942166730025, 0.7051263942166728915, -0.07478994824163422150 ) ) ;
#1319 = EDGE_LOOP ( 'NONE', ( #1343, #721, #1074, #689, #1713 ) ) ;
#1320 = CARTESIAN_POINT ( 'NONE',  ( 50.27467282933507420, -35.09041927220022927, 192.9045821101298941 ) ) ;
#1321 = CARTESIAN_POINT ( 'NONE',  ( 77.43343715685220729, -1.037341702972889967, 300.0000000000000000 ) ) ;
#1322 = EDGE_CURVE ( 'NONE', #612, #1354, #1446, .T. ) ;
#1323 = DIRECTION ( 'NONE',  ( -0.8933381174767177635, -0.1218883589525987521, 0.4325392881750703689 ) ) ;
#1324 = EDGE_CURVE ( 'NONE', #990, #1226, #893, .T. ) ;
#1325 = CARTESIAN_POINT ( 'NONE',  ( 23.03123780591979752, 92.86483425875530884, 86.66666666666669983 ) ) ;
#1326 = EDGE_LOOP ( 'NONE', ( #1782, #251, #816, #1640 ) ) ;
#1327 = AXIS2_PLACEMENT_3D ( 'NONE', #822, #1594, #904 ) ;
#1328 = DIRECTION ( 'NONE',  ( 0.7714458516446919267, 0.3070000397153049843, -0.5573349743152650193 ) ) ;
#1329 = ORIENTED_EDGE ( 'NONE', *, *, #594, .F. ) ;
#1330 = CARTESIAN_POINT ( 'NONE',  ( 84.02238145734200714, -9.603884961912038776, 39.73076218727289444 ) ) ;
#1331 = VECTOR ( 'NONE', #1673, 1000.000000000000227 ) ;
#1332 = VECTOR ( 'NONE', #1033, 1000.000000000000114 ) ;
#1333 = CARTESIAN_POINT ( 'NONE',  ( 77.43343715685220729, -1.037341702972889967, 300.0000000000000000 ) ) ;
#1334 = ORIENTED_EDGE ( 'NONE', *, *, #1188, .T. ) ;
#1335 = DIRECTION ( 'NONE',  ( 0.000000000000000000, -1.000000000000000000, 0.000000000000000000 ) ) ;
#1336 = VERTEX_POINT ( 'NONE', #1419 ) ;
#1337 = CARTESIAN_POINT ( 'NONE',  ( -17.18453249607422251, 110.8644378971056454, 241.4097018730132902 ) ) ;
#1338 = EDGE_LOOP ( 'NONE', ( #238, #500, #1660, #473 ) ) ;
#1339 = CARTESIAN_POINT ( 'NONE',  ( 25.00000000000000000, 0.000000000000000000, 0.000000000000000000 ) ) ;
#1340 = CARTESIAN_POINT ( 'NONE',  ( 103.5476534728976645, -27.83127660758775335, 200.2138808453574654 ) ) ;
#1341 = ORIENTED_EDGE ( 'NONE', *, *, #986, .F. ) ;
#1342 = CARTESIAN_POINT ( 'NONE',  ( -35.06565221034060187, 50.25247154254299176, 192.9287724694530652 ) ) ;
#1343 = ORIENTED_EDGE ( 'NONE', *, *, #1807, .T. ) ;
#1344 = EDGE_CURVE ( 'NONE', #24, #1486, #1409, .T. ) ;
#1345 = LINE ( 'NONE', #910, #474 ) ;
#1346 = VERTEX_POINT ( 'NONE', #432 ) ;
#1347 = EDGE_CURVE ( 'NONE', #996, #635, #178, .T. ) ;
#1348 = CARTESIAN_POINT ( 'NONE',  ( -10.74612827211220001, 20.54880792669019840, 46.54808169346939906 ) ) ;
#1349 = ORIENTED_EDGE ( 'NONE', *, *, #1414, .T. ) ;
#1350 = DIRECTION ( 'NONE',  ( -0.08240792132037545736, 0.06671240417280532853, -0.9943633086720060632 ) ) ;
#1351 = CARTESIAN_POINT ( 'NONE',  ( -35.18961817720298768, 51.49279107334967875, 193.0222599047551171 ) ) ;
#1352 = ORIENTED_EDGE ( 'NONE', *, *, #1209, .T. ) ;
#1353 = DIRECTION ( 'NONE',  ( 0.5856145949191269295, 0.000000000000000000, 0.8105896287380607301 ) ) ;
#1354 = VERTEX_POINT ( 'NONE', #715 ) ;
#1355 = CARTESIAN_POINT ( 'NONE',  ( -14.70268508046273936, 59.98951791128654776, 107.4602402622589494 ) ) ;
#1356 = CARTESIAN_POINT ( 'NONE',  ( 41.66666666666669983, 0.000000000000000000, 0.000000000000000000 ) ) ;
#1357 = AXIS2_PLACEMENT_3D ( 'NONE', #862, #1607, #29 ) ;
#1358 = EDGE_LOOP ( 'NONE', ( #1744, #1076, #1044, #518, #1244, #477 ) ) ;
#1359 = DIRECTION ( 'NONE',  ( 0.9916520032259169559, 0.1047770513478570309, -0.07515366929747709090 ) ) ;
#1360 = VECTOR ( 'NONE', #169, 1000.000000000000114 ) ;
#1361 = DIRECTION ( 'NONE',  ( 0.001419490662114701856, 0.9999005073567216462, -0.01403425929755343360 ) ) ;
#1362 = VECTOR ( 'NONE', #174, 999.9999999999998863 ) ;
#1363 = DIRECTION ( 'NONE',  ( 0.000000000000000000, 0.8663472533134654041, -0.4994421254522030673 ) ) ;
#1364 = ORIENTED_EDGE ( 'NONE', *, *, #641, .F. ) ;
#1365 = DIRECTION ( 'NONE',  ( -0.07738805134105163075, 0.06724183316398972543, -0.9947309311479064498 ) ) ;
#1366 = CARTESIAN_POINT ( 'NONE',  ( 58.33333333333330017, 0.000000000000000000, 0.000000000000000000 ) ) ;
#1367 = EDGE_CURVE ( 'NONE', #1611, #1346, #9, .T. ) ;
#1368 = EDGE_LOOP ( 'NONE', ( #1237, #1251, #1460 ) ) ;
#1369 = CARTESIAN_POINT ( 'NONE',  ( 40.86316915627811852, 102.3046682545620456, 221.1509411188671095 ) ) ;
#1370 = CARTESIAN_POINT ( 'NONE',  ( 78.38859455964598055, 7.763283333854293033, 298.6007280735249765 ) ) ;
#1371 = FACE_OUTER_BOUND ( 'NONE', #1014, .T. ) ;
#1372 = VERTEX_POINT ( 'NONE', #1022 ) ;
#1373 = FACE_OUTER_BOUND ( 'NONE', #190, .T. ) ;
#1374 = DIRECTION ( 'NONE',  ( -0.8947284815543783409, -0.4466105062528157865, 0.000000000000000000 ) ) ;
#1375 = ORIENTED_EDGE ( 'NONE', *, *, #1708, .F. ) ;
#1376 = CARTESIAN_POINT ( 'NONE',  ( 61.23409092707129986, -17.26204023183385772, 104.2137377872559654 ) ) ;
#1377 = CARTESIAN_POINT ( 'NONE',  ( -28.88371745857783779, 102.1626010408108982, 203.9745352780599319 ) ) ;
#1378 = EDGE_CURVE ( 'NONE', #59, #1015, #35, .T. ) ;
#1379 = EDGE_CURVE ( 'NONE', #965, #866, #1131, .T. ) ;
#1380 = VERTEX_POINT ( 'NONE', #579 ) ;
#1381 = LINE ( 'NONE', #1243, #382 ) ;
#1382 = ADVANCED_FACE ( 'NONE', ( #1714 ), #1059, .T. ) ;
#1383 = ORIENTED_EDGE ( 'NONE', *, *, #1291, .T. ) ;
#1384 = CARTESIAN_POINT ( 'NONE',  ( 25.00000000000000000, 0.000000000000000000, 0.000000000000000000 ) ) ;
#1385 = DIRECTION ( 'NONE',  ( -0.4100548188029393692, 0.9120608782183832197, 0.000000000000000000 ) ) ;
#1386 = ORIENTED_EDGE ( 'NONE', *, *, #927, .F. ) ;
#1387 = FACE_OUTER_BOUND ( 'NONE', #779, .T. ) ;
#1388 = VECTOR ( 'NONE', #1304, 1000.000000000000114 ) ;
#1389 = CARTESIAN_POINT ( 'NONE',  ( -14.22147984538194443, 59.01860508315118636, 104.2661769813251027 ) ) ;
#1390 = VERTEX_POINT ( 'NONE', #338 ) ;
#1391 = DIRECTION ( 'NONE',  ( 0.02364871344065756775, -0.4380515771069916076, -0.8986387228172838526 ) ) ;
#1392 = ORIENTED_EDGE ( 'NONE', *, *, #1427, .F. ) ;
#1393 = PRODUCT_RELATED_PRODUCT_CATEGORY ( 'part', '', ( #1476 ) ) ;
#1394 = AXIS2_PLACEMENT_3D ( 'NONE', #1751, #480, #1069 ) ;
#1395 = LINE ( 'NONE', #113, #97 ) ;
#1396 = DIRECTION ( 'NONE',  ( 0.7031189312706368488, -0.7089464643109415487, -0.05494250840517238971 ) ) ;
#1397 = VECTOR ( 'NONE', #1350, 1000.000000000000114 ) ;
#1398 = LINE ( 'NONE', #1113, #94 ) ;
#1399 = LINE ( 'NONE', #109, #1239 ) ;
#1400 = ORIENTED_EDGE ( 'NONE', *, *, #40, .T. ) ;
#1401 = DIRECTION ( 'NONE',  ( -0.08285476006827943718, -0.08313375893701061004, 0.9930880458745996453 ) ) ;
#1402 = VERTEX_POINT ( 'NONE', #1050 ) ;
#1403 = ORIENTED_EDGE ( 'NONE', *, *, #1405, .F. ) ;
#1404 = CARTESIAN_POINT ( 'NONE',  ( 75.00000000000000000, 8.881784197001249168E-15, 0.000000000000000000 ) ) ;
#1405 = EDGE_CURVE ( 'NONE', #1175, #658, #1485, .T. ) ;
#1406 = LINE ( 'NONE', #140, #177 ) ;
#1407 = CARTESIAN_POINT ( 'NONE',  ( 97.29073809970192599, 99.04761006458907957, 138.8961058785743035 ) ) ;
#1408 = ORIENTED_EDGE ( 'NONE', *, *, #108, .T. ) ;
#1409 = LINE ( 'NONE', #1430, #1483 ) ;
#1410 = ORIENTED_EDGE ( 'NONE', *, *, #1324, .F. ) ;
#1411 = ORIENTED_EDGE ( 'NONE', *, *, #98, .T. ) ;
#1412 = CARTESIAN_POINT ( 'NONE',  ( 0.000000000000000000, 75.00000000000000000, 0.000000000000000000 ) ) ;
#1413 = DIRECTION ( 'NONE',  ( 0.000000000000000000, 0.0007071066044098947350, -0.9999997500000937789 ) ) ;
#1414 = EDGE_CURVE ( 'NONE', #546, #1706, #487, .T. ) ;
#1415 = CARTESIAN_POINT ( 'NONE',  ( 91.48490277036329132, 91.48490277036329132, 46.54808169346939906 ) ) ;
#1416 = B_SPLINE_SURFACE_WITH_KNOTS ( 'NONE', 3, 3, ( 
 ( #107, #1505, #667, #1598 ),
 ( #55, #1230, #1791, #812 ),
 ( #248, #1168, #1734, #462 ),
 ( #1031, #430, #704, #16 ) ),
 .UNSPECIFIED., .F., .F., .F.,
 ( 4, 4 ),
 ( 4, 4 ),
 ( 0.000000000000000000, 1.000000000000000000 ),
 ( 0.000000000000000000, 1.000000000000000000 ),
 .UNSPECIFIED. ) ;
#1417 = VECTOR ( 'NONE', #1165, 1000.000000000000227 ) ;
#1418 = VERTEX_POINT ( 'NONE', #63 ) ;
#1419 = CARTESIAN_POINT ( 'NONE',  ( 129.6515569222636941, 131.4038641572614665, 151.5679582620383030 ) ) ;
#1420 = VERTEX_POINT ( 'NONE', #1457 ) ;
#1421 = CARTESIAN_POINT ( 'NONE',  ( 87.21286587777869670, -13.00000000000000000, 60.00000000000000000 ) ) ;
#1422 = APPLICATION_CONTEXT ( 'automotive_design' ) ;
#1423 = VECTOR ( 'NONE', #110, 1000.000000000000114 ) ;
#1424 = AXIS2_PLACEMENT_3D ( 'NONE', #584, #1025, #726 ) ;
#1425 = CARTESIAN_POINT ( 'NONE',  ( 76.66535389679239643, -1.772687989449919899, 6.636209569111689355 ) ) ;
#1426 = LINE ( 'NONE', #1019, #1005 ) ;
#1427 = EDGE_CURVE ( 'NONE', #610, #965, #625, .T. ) ;
#1428 = ORIENTED_EDGE ( 'NONE', *, *, #1121, .T. ) ;
#1429 = EDGE_CURVE ( 'NONE', #1023, #1706, #330, .T. ) ;
#1430 = CARTESIAN_POINT ( 'NONE',  ( 78.25325320222459879, -5.183778918144547276, 175.2586439876531585 ) ) ;
#1431 = ORIENTED_EDGE ( 'NONE', *, *, #139, .T. ) ;
#1432 = CARTESIAN_POINT ( 'NONE',  ( 94.82269953472349755, 22.98587873537490012, 100.0000000000000000 ) ) ;
#1433 = B_SPLINE_SURFACE_WITH_KNOTS ( 'NONE', 3, 3, ( 
 ( #1716, #1700, #1273, #446 ),
 ( #33, #305, #707, #1707 ),
 ( #1584, #1309, #1292, #323 ),
 ( #1572, #741, #1726, #1448 ) ),
 .UNSPECIFIED., .F., .F., .F.,
 ( 4, 4 ),
 ( 4, 4 ),
 ( 0.000000000000000000, 1.000000000000000000 ),
 ( 0.000000000000000000, 1.000000000000000000 ),
 .UNSPECIFIED. ) ;
#1434 = LINE ( 'NONE', #894, #1388 ) ;
#1435 = CARTESIAN_POINT ( 'NONE',  ( 51.51501507668832858, -35.21444897382652783, 192.9976828219701588 ) ) ;
#1436 = ORIENTED_EDGE ( 'NONE', *, *, #994, .T. ) ;
#1437 = CARTESIAN_POINT ( 'NONE',  ( 51.51501507668832858, -35.21444897382652783, 192.9976828219701588 ) ) ;
#1438 = ORIENTED_EDGE ( 'NONE', *, *, #857, .T. ) ;
#1439 = ORIENTED_EDGE ( 'NONE', *, *, #1267, .T. ) ;
#1440 = EDGE_CURVE ( 'NONE', #990, #602, #915, .T. ) ;
#1441 = CARTESIAN_POINT ( 'NONE',  ( 98.66135053104629549, 62.74294013137200920, 100.0000000000000000 ) ) ;
#1442 = ORIENTED_EDGE ( 'NONE', *, *, #529, .F. ) ;
#1443 = CARTESIAN_POINT ( 'NONE',  ( -0.8435517563479780767, 77.09641013045990121, 300.0000000000000000 ) ) ;
#1444 = DIRECTION ( 'NONE',  ( -0.1143900656407116634, -0.4992390216731263930, 0.8588802664641757012 ) ) ;
#1445 = PLANE ( 'NONE',  #263 ) ;
#1446 = LINE ( 'NONE', #1140, #799 ) ;
#1447 = ORIENTED_EDGE ( 'NONE', *, *, #1545, .F. ) ;
#1448 = CARTESIAN_POINT ( 'NONE',  ( -13.00000000000000000, 87.21286587777859722, 60.00000000000000000 ) ) ;
#1449 = EDGE_CURVE ( 'NONE', #1494, #126, #89, .T. ) ;
#1450 = AXIS2_PLACEMENT_3D ( 'NONE', #511, #1502, #93 ) ;
#1451 = VECTOR ( 'NONE', #538, 1000.000000000000000 ) ;
#1452 = CARTESIAN_POINT ( 'NONE',  ( 60.77582807308623813, -16.69546889938174772, 111.0737761143554678 ) ) ;
#1453 = CARTESIAN_POINT ( 'NONE',  ( 131.8467734799894231, 131.8304920793014503, 154.3276173734077190 ) ) ;
#1454 = STYLED_ITEM ( 'NONE', ( #254 ), #581 ) ;
#1455 = CARTESIAN_POINT ( 'NONE',  ( -2.128258770283410151, 8.743482459433169041, 60.00000000000000000 ) ) ;
#1456 = EDGE_LOOP ( 'NONE', ( #1257, #426, #505, #162, #1329 ) ) ;
#1457 = CARTESIAN_POINT ( 'NONE',  ( -6.120082424118386655, 81.68114367392728070, 232.1765030463107564 ) ) ;
#1458 = FACE_OUTER_BOUND ( 'NONE', #270, .T. ) ;
#1459 = CARTESIAN_POINT ( 'NONE',  ( 23.23123610838569775, 94.57734216171280650, 100.0000000000000000 ) ) ;
#1460 = ORIENTED_EDGE ( 'NONE', *, *, #1056, .F. ) ;
#1461 = CARTESIAN_POINT ( 'NONE',  ( 87.21286587777869670, -13.00000000000000000, 60.00000000000000000 ) ) ;
#1462 = EDGE_LOOP ( 'NONE', ( #1028, #999, #1447, #564 ) ) ;
#1463 = LINE ( 'NONE', #194, #1769 ) ;
#1464 = EDGE_CURVE ( 'NONE', #539, #1722, #1192, .T. ) ;
#1465 = CARTESIAN_POINT ( 'NONE',  ( 26.13812618111580122, 1.662016672382889970, 300.0000000000000000 ) ) ;
#1466 = EDGE_LOOP ( 'NONE', ( #1670, #1492, #395, #1442 ) ) ;
#1467 = CARTESIAN_POINT ( 'NONE',  ( -13.00000000000000000, 87.21286587777859722, 60.00000000000000000 ) ) ;
#1468 = ORIENTED_EDGE ( 'NONE', *, *, #1405, .T. ) ;
#1469 = CARTESIAN_POINT ( 'NONE',  ( 78.04667126856574555, 4.612872032687176826, 299.1016336424051474 ) ) ;
#1470 = ORIENTED_EDGE ( 'NONE', *, *, #314, .F. ) ;
#1471 = DIRECTION ( 'NONE',  ( 0.07351539049025011818, 0.03220844157277546332, 0.9967738477972418742 ) ) ;
#1472 = EDGE_LOOP ( 'NONE', ( #1063, #952, #1088, #481 ) ) ;
#1473 =( NAMED_UNIT ( * ) SI_UNIT ( $, .STERADIAN. ) SOLID_ANGLE_UNIT ( ) );
#1474 = CARTESIAN_POINT ( 'NONE',  ( 75.00000000000000000, 0.000000000000000000, 0.000000000000000000 ) ) ;
#1475 = EDGE_CURVE ( 'NONE', #243, #1336, #747, .T. ) ;
#1476 = PRODUCT ( '\X2\9c7c5934\X0\Gen1.3S', '\X2\9c7c5934\X0\Gen1.3S', '', ( #520 ) ) ;
#1477 = DIRECTION ( 'NONE',  ( 0.06739081685967036883, -0.07824860182470597114, -0.9946535246584434775 ) ) ;
#1478 = CARTESIAN_POINT ( 'NONE',  ( -35.20143850195334068, 29.20458346030688190, 165.8378245088954941 ) ) ;
#1479 = VERTEX_POINT ( 'NONE', #204 ) ;
#1480 = VECTOR ( 'NONE', #686, 1000.000000000000000 ) ;
#1481 = CARTESIAN_POINT ( 'NONE',  ( 87.21286587777869670, -13.00000000000000000, 60.00000000000000000 ) ) ;
#1482 = CARTESIAN_POINT ( 'NONE',  ( 63.02223450399630167, -9.603884961912029894, 39.73076218727289444 ) ) ;
#1483 = VECTOR ( 'NONE', #1723, 1000.000000000000000 ) ;
#1484 = ADVANCED_FACE ( 'NONE', ( #764 ), #469, .T. ) ;
#1485 = LINE ( 'NONE', #72, #588 ) ;
#1486 = VERTEX_POINT ( 'NONE', #1340 ) ;
#1487 = ORIENTED_EDGE ( 'NONE', *, *, #972, .F. ) ;
#1488 = EDGE_CURVE ( 'NONE', #773, #873, #1758, .T. ) ;
#1489 = CARTESIAN_POINT ( 'NONE',  ( -6.923337179585868917, 137.7553690222664216, 251.7175019123059769 ) ) ;
#1490 = ORIENTED_EDGE ( 'NONE', *, *, #75, .T. ) ;
#1491 = CARTESIAN_POINT ( 'NONE',  ( 85.81371466439308904, 85.75752652077569849, 300.0000000000000000 ) ) ;
#1492 = ORIENTED_EDGE ( 'NONE', *, *, #1578, .T. ) ;
#1493 = CARTESIAN_POINT ( 'NONE',  ( -3.439354656116569764, 23.57537265562550033, 13.30287623577840073 ) ) ;
#1494 = VERTEX_POINT ( 'NONE', #80 ) ;
#1495 = DIRECTION ( 'NONE',  ( 0.06642806927726674360, -0.08212806121062715681, -0.9944054973570278788 ) ) ;
#1496 = CARTESIAN_POINT ( 'NONE',  ( 79.51576891796246116, 0.5194152532333289329, 274.3589384806419957 ) ) ;
#1497 = FACE_OUTER_BOUND ( 'NONE', #228, .T. ) ;
#1498 = ORIENTED_EDGE ( 'NONE', *, *, #173, .T. ) ;
#1499 = ADVANCED_FACE ( 'NONE', ( #634 ), #1636, .T. ) ;
#1500 = DIRECTION ( 'NONE',  ( 0.7051263942166730025, 0.7051263942166730025, -0.07478994824163413824 ) ) ;
#1501 = EDGE_LOOP ( 'NONE', ( #1124, #1386, #1211, #1439, #154 ) ) ;
#1502 = DIRECTION ( 'NONE',  ( 0.000000000000000000, 0.000000000000000000, 1.000000000000000000 ) ) ;
#1503 = DIRECTION ( 'NONE',  ( 1.000000000000000000, 0.000000000000000000, 0.000000000000000000 ) ) ;
#1504 = ORIENTED_EDGE ( 'NONE', *, *, #827, .F. ) ;
#1505 = CARTESIAN_POINT ( 'NONE',  ( -15.26876440073730201, 89.48163027851599338, 86.66666666666669983 ) ) ;
#1506 = FACE_OUTER_BOUND ( 'NONE', #1011, .T. ) ;
#1507 = CARTESIAN_POINT ( 'NONE',  ( 57.79872551594435492, -13.40614970423605357, 121.5527438404886311 ) ) ;
#1508 = VERTEX_POINT ( 'NONE', #1496 ) ;
#1509 = ADVANCED_FACE ( 'NONE', ( #756 ), #783, .T. ) ;
#1510 = LINE ( 'NONE', #1629, #70 ) ;
#1511 = AXIS2_PLACEMENT_3D ( 'NONE', #458, #1181, #1748 ) ;
#1512 = CARTESIAN_POINT ( 'NONE',  ( 19.61522368914979708, -13.00000000000000000, 60.00000000000000000 ) ) ;
#1513 = VERTEX_POINT ( 'NONE', #461 ) ;
#1514 = LINE ( 'NONE', #1092, #922 ) ;
#1515 = AXIS2_PLACEMENT_3D ( 'NONE', #1683, #1125, #818 ) ;
#1516 = CARTESIAN_POINT ( 'NONE',  ( 76.49043721668292051, -6.946594903686229117, 175.4456188582572338 ) ) ;
#1517 = VECTOR ( 'NONE', #1365, 1000.000000000000000 ) ;
#1518 = CARTESIAN_POINT ( 'NONE',  ( -47.81911226678392524, 127.3005745603794026, 235.7114466865218674 ) ) ;
#1519 = ORIENTED_EDGE ( 'NONE', *, *, #827, .T. ) ;
#1520 = VECTOR ( 'NONE', #1222, 1000.000000000000000 ) ;
#1521 = CARTESIAN_POINT ( 'NONE',  ( 0.000000000000000000, 58.33333333333330017, 0.000000000000000000 ) ) ;
#1522 = FILL_AREA_STYLE ('',( #951 ) ) ;
#1523 = EDGE_CURVE ( 'NONE', #1479, #866, #1029, .T. ) ;
#1524 = ORIENTED_EDGE ( 'NONE', *, *, #1754, .F. ) ;
#1525 = LINE ( 'NONE', #659, #447 ) ;
#1526 = FACE_OUTER_BOUND ( 'NONE', #941, .T. ) ;
#1527 = DIRECTION ( 'NONE',  ( 0.1055686573425661801, 0.9906226007172524994, -0.08673016508156115856 ) ) ;
#1528 = ORIENTED_EDGE ( 'NONE', *, *, #724, .F. ) ;
#1529 = CARTESIAN_POINT ( 'NONE',  ( -1.274150158633874375, 7.510277056158268572, 256.7337643427454168 ) ) ;
#1530 = SURFACE_STYLE_USAGE ( .BOTH. , #959 ) ;
#1531 = ORIENTED_EDGE ( 'NONE', *, *, #1545, .T. ) ;
#1532 = DIRECTION ( 'NONE',  ( 0.5846528621550056704, 0.8112835698903065884, 0.000000000000000000 ) ) ;
#1533 = EDGE_CURVE ( 'NONE', #1494, #546, #1740, .T. ) ;
#1534 = DIRECTION ( 'NONE',  ( 0.01374677348945040761, -0.01303979364886080280, -0.9998204788861972947 ) ) ;
#1535 = ORIENTED_EDGE ( 'NONE', *, *, #1449, .F. ) ;
#1536 = EDGE_LOOP ( 'NONE', ( #1787, #1468, #791, #1270 ) ) ;
#1537 = DIRECTION ( 'NONE',  ( 0.06237828615518063724, 0.9980525784828885305, 0.000000000000000000 ) ) ;
#1538 = EDGE_LOOP ( 'NONE', ( #899, #1698, #423, #903 ) ) ;
#1539 = DIRECTION ( 'NONE',  ( -0.4305518027412650883, -0.4176527715003014452, 0.8001195583251066168 ) ) ;
#1540 = EDGE_LOOP ( 'NONE', ( #362, #1743, #91, #1115, #99 ) ) ;
#1541 = PLANE ( 'NONE',  #800 ) ;
#1542 = CARTESIAN_POINT ( 'NONE',  ( 81.89455668920849973, 81.89455668920849973, 6.636209569111689355 ) ) ;
#1543 = AXIS2_PLACEMENT_3D ( 'NONE', #806, #1361, #971 ) ;
#1544 = CARTESIAN_POINT ( 'NONE',  ( -13.54996967074590053, 20.13690908864820273, 100.0000000000000000 ) ) ;
#1545 = EDGE_CURVE ( 'NONE', #513, #1226, #897, .T. ) ;
#1546 = ORIENTED_EDGE ( 'NONE', *, *, #20, .F. ) ;
#1547 = LINE ( 'NONE', #955, #1745 ) ;
#1548 = ORIENTED_EDGE ( 'NONE', *, *, #1488, .F. ) ;
#1549 = VECTOR ( 'NONE', #138, 1000.000000000000114 ) ;
#1550 = EDGE_CURVE ( 'NONE', #334, #1479, #230, .T. ) ;
#1551 = PLANE ( 'NONE',  #947 ) ;
#1552 = VERTEX_POINT ( 'NONE', #660 ) ;
#1553 = CARTESIAN_POINT ( 'NONE',  ( -6.742484565048438405, 1.851776657483030109, 279.4877772120448753 ) ) ;
#1554 = CARTESIAN_POINT ( 'NONE',  ( 75.00000000000000000, 8.881784197001249168E-15, 0.000000000000000000 ) ) ;
#1555 = ORIENTED_EDGE ( 'NONE', *, *, #914, .F. ) ;
#1556 = CARTESIAN_POINT ( 'NONE',  ( 52.80655829055765338, -36.28688816030906139, 191.1451736268499815 ) ) ;
#1557 = EDGE_LOOP ( 'NONE', ( #160, #731, #207 ) ) ;
#1558 = CARTESIAN_POINT ( 'NONE',  ( 131.8467734799894231, 131.8304920793014503, 154.3276173734077190 ) ) ;
#1559 = ADVANCED_FACE ( 'NONE', ( #1506 ), #954, .T. ) ;
#1560 = CARTESIAN_POINT ( 'NONE',  ( 131.8467734799894231, 131.8304920793014503, 154.3276173734077190 ) ) ;
#1561 = PLANE ( 'NONE',  #241 ) ;
#1562 = DIRECTION ( 'NONE',  ( -0.08240792132037545736, 0.06671240417280532853, -0.9943633086720060632 ) ) ;
#1563 = EDGE_LOOP ( 'NONE', ( #850, #1095, #1341, #1410 ) ) ;
#1564 = CARTESIAN_POINT ( 'NONE',  ( 132.2171337614346385, 130.4365937363444345, 142.0046766526781425 ) ) ;
#1565 = EDGE_CURVE ( 'NONE', #1023, #1762, #266, .T. ) ;
#1566 = FACE_BOUND ( 'NONE', #1358, .T. ) ;
#1567 = DIRECTION ( 'NONE',  ( 0.000000000000000000, -1.000000000000000000, 0.000000000000000000 ) ) ;
#1568 = AXIS2_PLACEMENT_3D ( 'NONE', #1351, #1597, #1733 ) ;
#1569 = CARTESIAN_POINT ( 'NONE',  ( -3.439354656116569764, 78.23110593240500066, 13.30287623577840073 ) ) ;
#1570 = VERTEX_POINT ( 'NONE', #366 ) ;
#1571 = VECTOR ( 'NONE', #167, 1000.000000000000000 ) ;
#1572 = CARTESIAN_POINT ( 'NONE',  ( 0.000000000000000000, 75.00000000000000000, 0.000000000000000000 ) ) ;
#1573 = AXIS2_PLACEMENT_3D ( 'NONE', #1681, #807, #1363 ) ;
#1574 = VECTOR ( 'NONE', #1539, 1000.000000000000114 ) ;
#1575 = CARTESIAN_POINT ( 'NONE',  ( 25.32505868955879080, 25.32505868955878725, -2.686128110000147728 ) ) ;
#1576 = LINE ( 'NONE', #1320, #379 ) ;
#1577 = DIRECTION ( 'NONE',  ( -0.09948125742400598659, -0.9950394037321845797, -0.0002538535745413250081 ) ) ;
#1578 = EDGE_CURVE ( 'NONE', #1753, #1402, #1231, .T. ) ;
#1579 = EDGE_CURVE ( 'NONE', #1112, #433, #1777, .T. ) ;
#1580 = ORIENTED_EDGE ( 'NONE', *, *, #972, .T. ) ;
#1581 = DIRECTION ( 'NONE',  ( 0.7051263942166731136, 0.7051263942166728915, -0.07478994824163423538 ) ) ;
#1582 = VERTEX_POINT ( 'NONE', #793 ) ;
#1583 = UNCERTAINTY_MEASURE_WITH_UNIT (LENGTH_MEASURE( 1.000000000000000082E-05 ), #262, 'distance_accuracy_value', 'NONE');
#1584 = CARTESIAN_POINT ( 'NONE',  ( 26.66666666666669983, 76.66666666666669983, 0.000000000000000000 ) ) ;
#1585 = CARTESIAN_POINT ( 'NONE',  ( 19.60170613825469843, -13.01476672035239979, 100.0000000000000000 ) ) ;
#1586 = CARTESIAN_POINT ( 'NONE',  ( 140.3277226582136734, 142.1159800083317464, 23.60460939215030152 ) ) ;
#1587 = DIRECTION ( 'NONE',  ( 0.9922737978826059457, -0.09922376130103853498, 0.07448056947220500768 ) ) ;
#1588 = EDGE_CURVE ( 'NONE', #1486, #353, #1399, .T. ) ;
#1589 = CARTESIAN_POINT ( 'NONE',  ( 25.00000000000000000, 0.000000000000000000, 0.000000000000000000 ) ) ;
#1590 = VERTEX_POINT ( 'NONE', #129 ) ;
#1591 = ORIENTED_EDGE ( 'NONE', *, *, #845, .T. ) ;
#1592 = CARTESIAN_POINT ( 'NONE',  ( 93.89372360296391662, 93.89372360296391662, 60.00000000000000000 ) ) ;
#1593 = CARTESIAN_POINT ( 'NONE',  ( 75.83041695721313147, -15.89515183764438078, 84.85508431122624984 ) ) ;
#1594 = DIRECTION ( 'NONE',  ( 0.8353154545215769611, -0.5163124085265988761, -0.1888639410763044701 ) ) ;
#1595 = PLANE ( 'NONE',  #1357 ) ;
#1596 = ORIENTED_EDGE ( 'NONE', *, *, #141, .F. ) ;
#1597 = DIRECTION ( 'NONE',  ( 0.1332666416085436234, 0.8473602826325252746, 0.5140238843198892127 ) ) ;
#1598 = CARTESIAN_POINT ( 'NONE',  ( -13.00000000000000000, 87.21286587777859722, 60.00000000000000000 ) ) ;
#1599 = LINE ( 'NONE', #1283, #917 ) ;
#1600 = EDGE_CURVE ( 'NONE', #1513, #1130, #1812, .T. ) ;
#1601 = EDGE_CURVE ( 'NONE', #485, #768, #1086, .T. ) ;
#1602 = VECTOR ( 'NONE', #725, 1000.000000000000000 ) ;
#1603 = DIRECTION ( 'NONE',  ( 0.5372941107776915137, -0.6001457339553153414, -0.5925707860997244669 ) ) ;
#1604 = EDGE_LOOP ( 'NONE', ( #1546, #121, #874, #1364 ) ) ;
#1605 = DIRECTION ( 'NONE',  ( -0.9950424301400089266, -0.09945130577858339593, 0.000000000000000000 ) ) ;
#1606 = VECTOR ( 'NONE', #58, 1000.000000000000227 ) ;
#1607 = DIRECTION ( 'NONE',  ( 0.9922737978826059457, -0.09922376130103853498, 0.07448056947220500768 ) ) ;
#1608 = VECTOR ( 'NONE', #1266, 1000.000000000000114 ) ;
#1609 = DIRECTION ( 'NONE',  ( 0.07738805134105149197, -0.06724183316399004462, 0.9947309311479064498 ) ) ;
#1610 = DIRECTION ( 'NONE',  ( 0.8933381174767177635, 0.1218883589525987243, -0.4325392881750703133 ) ) ;
#1611 = VERTEX_POINT ( 'NONE', #394 ) ;
#1612 = EDGE_CURVE ( 'NONE', #1130, #319, #240, .T. ) ;
#1613 = CARTESIAN_POINT ( 'NONE',  ( -9.603884961912010354, 84.02238145734200714, 39.73076218727289444 ) ) ;
#1614 = ORIENTED_EDGE ( 'NONE', *, *, #1741, .T. ) ;
#1615 = CARTESIAN_POINT ( 'NONE',  ( -35.16635708727589105, 50.32245086485160357, 191.8668041169330252 ) ) ;
#1616 = DIRECTION ( 'NONE',  ( 0.4172377220473960646, 0.4172377220473960646, 0.8073570254858750683 ) ) ;
#1617 = DIRECTION ( 'NONE',  ( 0.09420250872368751693, -0.06546085870787778094, 0.9933985923723622768 ) ) ;
#1618 = VERTEX_POINT ( 'NONE', #101 ) ;
#1619 = PLANE ( 'NONE',  #413 ) ;
#1620 = ORIENTED_EDGE ( 'NONE', *, *, #1657, .F. ) ;
#1621 = CARTESIAN_POINT ( 'NONE',  ( 42.97980387621090159, -13.84460357807270192, 86.66666666666669983 ) ) ;
#1622 = EDGE_CURVE ( 'NONE', #1486, #1747, #544, .T. ) ;
#1623 = DIRECTION ( 'NONE',  ( -0.7051263942166731136, -0.7051263942166727805, 0.07478994824163420763 ) ) ;
#1624 = EDGE_CURVE ( 'NONE', #334, #965, #668, .T. ) ;
#1625 = DIRECTION ( 'NONE',  ( 0.09420250872368751693, -0.06546085870787778094, 0.9933985923723622768 ) ) ;
#1626 = DIRECTION ( 'NONE',  ( 1.000000000000000000, 0.000000000000000000, 0.000000000000000000 ) ) ;
#1627 = EDGE_LOOP ( 'NONE', ( #418, #431, #1103, #1067 ) ) ;
#1628 = VECTOR ( 'NONE', #1477, 1000.000000000000114 ) ;
#1629 = CARTESIAN_POINT ( 'NONE',  ( -9.937874720583408816, 82.05830157963593763, 181.5176773706180882 ) ) ;
#1630 = ORIENTED_EDGE ( 'NONE', *, *, #712, .T. ) ;
#1631 = CARTESIAN_POINT ( 'NONE',  ( 84.48588684774667001, -9.226058704292096735, 195.9094982164778571 ) ) ;
#1632 = VECTOR ( 'NONE', #1323, 999.9999999999998863 ) ;
#1633 = ORIENTED_EDGE ( 'NONE', *, *, #280, .F. ) ;
#1634 = CARTESIAN_POINT ( 'NONE',  ( -35.16482498383051336, 51.24472716718840815, 193.0035624176946953 ) ) ;
#1635 = ADVANCED_FACE ( 'NONE', ( #535 ), #1078, .T. ) ;
#1636 = PLANE ( 'NONE',  #1796 ) ;
#1637 = CARTESIAN_POINT ( 'NONE',  ( 22.83123950345390085, 91.15232635579779696, 73.33333333333339965 ) ) ;
#1638 = ORIENTED_EDGE ( 'NONE', *, *, #271, .T. ) ;
#1639 = CARTESIAN_POINT ( 'NONE',  ( 64.68031848156900310, -13.00000000000000000, 60.00000000000000000 ) ) ;
#1640 = ORIENTED_EDGE ( 'NONE', *, *, #1622, .T. ) ;
#1641 = SHAPE_DEFINITION_REPRESENTATION ( #1190, #1109 ) ;
#1642 = CARTESIAN_POINT ( 'NONE',  ( -8.079461605445551697, 21.65337742635169960, 33.21474836013609888 ) ) ;
#1643 = CARTESIAN_POINT ( 'NONE',  ( 83.99614671715738723, -10.32571413773368185, 180.9245331322906338 ) ) ;
#1644 = LINE ( 'NONE', #1784, #615 ) ;
#1645 = EDGE_CURVE ( 'NONE', #1762, #758, #1644, .T. ) ;
#1646 = DIRECTION ( 'NONE',  ( 0.001046636109039491723, 0.6300408000852431023, 0.7765613271215622282 ) ) ;
#1647 = ORIENTED_EDGE ( 'NONE', *, *, #1600, .F. ) ;
#1648 = DIRECTION ( 'NONE',  ( 0.000000000000000000, -0.1054743830901943569, -0.9944220203272566838 ) ) ;
#1649 = CARTESIAN_POINT ( 'NONE',  ( 0.000000000000000000, 25.00000000000000000, 0.000000000000000000 ) ) ;
#1650 = ORIENTED_EDGE ( 'NONE', *, *, #280, .T. ) ;
#1651 = DIRECTION ( 'NONE',  ( -0.7066477269745797818, 0.5179633695979692920, 0.4820403901296833604 ) ) ;
#1652 = LINE ( 'NONE', #375, #526 ) ;
#1653 = DIRECTION ( 'NONE',  ( -0.03257715387297448195, -0.07314827196083409366, -0.9967888740122856639 ) ) ;
#1654 = ORIENTED_EDGE ( 'NONE', *, *, #1809, .T. ) ;
#1655 = LINE ( 'NONE', #1404, #558 ) ;
#1656 = EDGE_CURVE ( 'NONE', #961, #185, #249, .T. ) ;
#1657 = EDGE_CURVE ( 'NONE', #768, #1226, #1652, .T. ) ;
#1658 = VECTOR ( 'NONE', #1048, 1000.000000000000114 ) ;
#1659 = FACE_OUTER_BOUND ( 'NONE', #1472, .T. ) ;
#1660 = ORIENTED_EDGE ( 'NONE', *, *, #75, .F. ) ;
#1661 = LINE ( 'NONE', #1783, #1218 ) ;
#1662 = VECTOR ( 'NONE', #198, 1000.000000000000114 ) ;
#1663 = CARTESIAN_POINT ( 'NONE',  ( -70.99763589249515405, 65.02778874837248679, 144.1938747541802854 ) ) ;
#1664 = AXIS2_PLACEMENT_3D ( 'NONE', #853, #1197, #341 ) ;
#1665 = FACE_OUTER_BOUND ( 'NONE', #936, .T. ) ;
#1666 = ORIENTED_EDGE ( 'NONE', *, *, #1741, .F. ) ;
#1667 = VECTOR ( 'NONE', #422, 1000.000000000000227 ) ;
#1668 = CARTESIAN_POINT ( 'NONE',  ( 0.000000000000000000, 41.66666666666669983, 0.000000000000000000 ) ) ;
#1669 = DIRECTION ( 'NONE',  ( 0.7051263942166730025, 0.7051263942166728915, -0.07478994824163422150 ) ) ;
#1670 = ORIENTED_EDGE ( 'NONE', *, *, #1818, .F. ) ;
#1671 = CARTESIAN_POINT ( 'NONE',  ( 93.89372360296391662, 93.89372360296391662, 60.00000000000000000 ) ) ;
#1672 = DIRECTION ( 'NONE',  ( -0.09176348221286334539, -0.01384481563648564707, -0.9956845807845782215 ) ) ;
#1673 = DIRECTION ( 'NONE',  ( 0.5602919210202665923, -0.006430384957660126473, 0.8282702538354952404 ) ) ;
#1674 = ORIENTED_EDGE ( 'NONE', *, *, #139, .F. ) ;
#1675 = ORIENTED_EDGE ( 'NONE', *, *, #905, .T. ) ;
#1676 = PLANE ( 'NONE',  #291 ) ;
#1677 = EDGE_CURVE ( 'NONE', #1047, #353, #943, .T. ) ;
#1678 = LINE ( 'NONE', #275, #1042 ) ;
#1679 = CARTESIAN_POINT ( 'NONE',  ( 103.5476534728976645, -27.83127660758775335, 200.2138808453574654 ) ) ;
#1680 = EDGE_CURVE ( 'NONE', #825, #961, #386, .T. ) ;
#1681 = CARTESIAN_POINT ( 'NONE',  ( 78.25325320222459879, -5.183778918144547276, 175.2586439876531585 ) ) ;
#1682 = ORIENTED_EDGE ( 'NONE', *, *, #692, .T. ) ;
#1683 = CARTESIAN_POINT ( 'NONE',  ( 132.9601476349478162, 132.9476153263995286, 140.9828371463724181 ) ) ;
#1684 = CARTESIAN_POINT ( 'NONE',  ( -8.972944162268809976, 53.89631842332406109, 179.1843942210477110 ) ) ;
#1685 = CARTESIAN_POINT ( 'NONE',  ( 90.26413255195900831, 90.26413255195900831, 39.73076218727289444 ) ) ;
#1686 = AXIS2_PLACEMENT_3D ( 'NONE', #1105, #832, #1224 ) ;
#1687 = VECTOR ( 'NONE', #1108, 1000.000000000000114 ) ;
#1688 = ORIENTED_EDGE ( 'NONE', *, *, #1601, .F. ) ;
#1689 = CARTESIAN_POINT ( 'NONE',  ( 21.65337742635169960, -8.079461605445551697, 33.21474836013609888 ) ) ;
#1690 = ADVANCED_FACE ( 'NONE', ( #1526 ), #257, .T. ) ;
#1691 = ORIENTED_EDGE ( 'NONE', *, *, #1818, .T. ) ;
#1692 = VECTOR ( 'NONE', #1780, 1000.000000000000227 ) ;
#1693 = LINE ( 'NONE', #420, #411 ) ;
#1694 = AXIS2_PLACEMENT_3D ( 'NONE', #134, #1129, #289 ) ;
#1695 = CARTESIAN_POINT ( 'NONE',  ( -39.40368896605229310, 52.74927012321141717, 146.5543705789582702 ) ) ;
#1696 = LINE ( 'NONE', #264, #1608 ) ;
#1697 = DIRECTION ( 'NONE',  ( 0.1217926450498190566, 0.8934570280586252577, -0.4323205877869080727 ) ) ;
#1698 = ORIENTED_EDGE ( 'NONE', *, *, #1045, .T. ) ;
#1699 = EDGE_CURVE ( 'NONE', #185, #283, #1719, .T. ) ;
#1700 = CARTESIAN_POINT ( 'NONE',  ( 85.63289135097100768, 85.63289135097100768, 19.73076218727290154 ) ) ;
#1701 = FACE_OUTER_BOUND ( 'NONE', #1253, .T. ) ;
#1702 = VECTOR ( 'NONE', #202, 1000.000000000000114 ) ;
#1703 = LINE ( 'NONE', #1376, #1772 ) ;
#1704 = ORIENTED_EDGE ( 'NONE', *, *, #475, .F. ) ;
#1705 = FACE_OUTER_BOUND ( 'NONE', #1756, .T. ) ;
#1706 = VERTEX_POINT ( 'NONE', #1615 ) ;
#1707 = CARTESIAN_POINT ( 'NONE',  ( 58.26248240197590178, 91.66677102790208664, 60.00000000000000000 ) ) ;
#1708 = EDGE_CURVE ( 'NONE', #1611, #956, #1738, .T. ) ;
#1709 = CARTESIAN_POINT ( 'NONE',  ( 57.93297994911623761, -12.16267243636139206, 138.2036011595909599 ) ) ;
#1710 = PLANE ( 'NONE',  #1066 ) ;
#1711 = LINE ( 'NONE', #1296, #1571 ) ;
#1712 = VECTOR ( 'NONE', #1311, 1000.000000000000114 ) ;
#1713 = ORIENTED_EDGE ( 'NONE', *, *, #1247, .T. ) ;
#1714 = FACE_OUTER_BOUND ( 'NONE', #553, .T. ) ;
#1715 = EDGE_LOOP ( 'NONE', ( #626, #405, #1171, #572, #639 ) ) ;
#1716 = CARTESIAN_POINT ( 'NONE',  ( 80.00000000000000000, 80.00000000000000000, 0.000000000000000000 ) ) ;
#1717 = VECTOR ( 'NONE', #524, 1000.000000000000114 ) ;
#1718 = ORIENTED_EDGE ( 'NONE', *, *, #1056, .T. ) ;
#1719 = LINE ( 'NONE', #47, #1712 ) ;
#1720 = ADVANCED_FACE ( 'NONE', ( #869 ), #1161, .T. ) ;
#1721 = DIRECTION ( 'NONE',  ( -0.4989989963313313237, -0.1146185276330034530, 0.8589892867687969336 ) ) ;
#1722 = VERTEX_POINT ( 'NONE', #327 ) ;
#1723 = DIRECTION ( 'NONE',  ( 0.6002974979769842845, -0.5374800767336209706, 0.5922483271711230790 ) ) ;
#1724 = ORIENTED_EDGE ( 'NONE', *, *, #703, .F. ) ;
#1725 = PRODUCT_DEFINITION_CONTEXT ( 'detailed design', #847, 'design' ) ;
#1726 = CARTESIAN_POINT ( 'NONE',  ( -9.603884961912010354, 84.02238145734200714, 39.73076218727289444 ) ) ;
#1727 = CARTESIAN_POINT ( 'NONE',  ( 55.21237156822090952, -8.874700531490107736, 180.0763684347575122 ) ) ;
#1728 = PLANE ( 'NONE',  #586 ) ;
#1729 = CARTESIAN_POINT ( 'NONE',  ( 0.6047235578270100387, 10.81333207756600068, 39.73076218727289444 ) ) ;
#1730 = EDGE_CURVE ( 'NONE', #610, #1618, #317, .T. ) ;
#1731 = ORIENTED_EDGE ( 'NONE', *, *, #986, .T. ) ;
#1732 = ADVANCED_FACE ( 'NONE', ( #585 ), #603, .T. ) ;
#1733 = DIRECTION ( 'NONE',  ( 0.000000000000000000, -0.5186501294344413315, 0.8549865748873705096 ) ) ;
#1734 = CARTESIAN_POINT ( 'NONE',  ( -13.50034288251089976, 42.64182857425970496, 73.33333333333339965 ) ) ;
#1735 = CARTESIAN_POINT ( 'NONE',  ( -29.10329717687721285, 102.1294719501960060, 201.5919737787422150 ) ) ;
#1736 = LINE ( 'NONE', #1443, #1362 ) ;
#1737 = ORIENTED_EDGE ( 'NONE', *, *, #960, .T. ) ;
#1738 = LINE ( 'NONE', #175, #1658 ) ;
#1739 = CARTESIAN_POINT ( 'NONE',  ( 0.000000000000000000, 25.00000000000000000, 0.000000000000000000 ) ) ;
#1740 = LINE ( 'NONE', #1041, #65 ) ;
#1741 = EDGE_CURVE ( 'NONE', #1582, #1753, #183, .T. ) ;
#1742 = PLANE ( 'NONE',  #1070 ) ;
#1743 = ORIENTED_EDGE ( 'NONE', *, *, #1579, .F. ) ;
#1744 = ORIENTED_EDGE ( 'NONE', *, *, #1533, .F. ) ;
#1745 = VECTOR ( 'NONE', #136, 1000.000000000000227 ) ;
#1746 = CARTESIAN_POINT ( 'NONE',  ( 0.000000000000000000, 75.00000000000000000, 0.000000000000000000 ) ) ;
#1747 = VERTEX_POINT ( 'NONE', #1018 ) ;
#1748 = DIRECTION ( 'NONE',  ( 0.2617340023342051292, 0.9651400478801602789, 0.000000000000000000 ) ) ;
#1749 = VECTOR ( 'NONE', #325, 999.9999999999998863 ) ;
#1750 = FACE_OUTER_BOUND ( 'NONE', #14, .T. ) ;
#1751 = CARTESIAN_POINT ( 'NONE',  ( -14.99112776103610223, 60.22302343331382701, 103.9797882180665027 ) ) ;
#1752 = FACE_OUTER_BOUND ( 'NONE', #1193, .T. ) ;
#1753 = VERTEX_POINT ( 'NONE', #60 ) ;
#1754 = EDGE_CURVE ( 'NONE', #1288, #1167, #1434, .T. ) ;
#1755 = DIRECTION ( 'NONE',  ( 0.6815106586612725836, 0.6814145266044614457, 0.2668660058222027121 ) ) ;
#1756 = EDGE_LOOP ( 'NONE', ( #1504, #746, #1400, #301, #1166, #578, #706, #201 ) ) ;
#1757 = LINE ( 'NONE', #493, #398 ) ;
#1758 = LINE ( 'NONE', #1766, #1208 ) ;
#1759 = CARTESIAN_POINT ( 'NONE',  ( 61.33124001257689883, 96.24803823899459587, 86.66666666666669983 ) ) ;
#1760 = ORIENTED_EDGE ( 'NONE', *, *, #927, .T. ) ;
#1761 = CARTESIAN_POINT ( 'NONE',  ( 90.98404853840079909, -16.77118266062210239, 100.0000000000000000 ) ) ;
#1762 = VERTEX_POINT ( 'NONE', #753 ) ;
#1763 = ADVANCED_FACE ( 'NONE', ( #1153 ), #1728, .F. ) ;
#1764 = DIRECTION ( 'NONE',  ( 0.7071067811865474617, -0.7071067811865474617, 0.000000000000000000 ) ) ;
#1765 = CARTESIAN_POINT ( 'NONE',  ( 26.13812618111580122, 1.662016672382889970, 300.0000000000000000 ) ) ;
#1766 = CARTESIAN_POINT ( 'NONE',  ( -39.61394979357586976, 54.56723729288390956, 146.3661266505439187 ) ) ;
#1767 = CARTESIAN_POINT ( 'NONE',  ( 99.63124221923399659, 99.63124221923399659, 86.66666666666669983 ) ) ;
#1768 = VERTEX_POINT ( 'NONE', #298 ) ;
#1769 = VECTOR ( 'NONE', #593, 1000.000000000000114 ) ;
#1770 = CARTESIAN_POINT ( 'NONE',  ( 0.000000000000000000, 25.00000000000000000, 0.000000000000000000 ) ) ;
#1771 =( LENGTH_UNIT ( ) NAMED_UNIT ( * ) SI_UNIT ( .MILLI., .METRE. ) );
#1772 = VECTOR ( 'NONE', #997, 1000.000000000000227 ) ;
#1773 = CARTESIAN_POINT ( 'NONE',  ( 19.61522368914979708, -13.00000000000000000, 60.00000000000000000 ) ) ;
#1774 = EDGE_CURVE ( 'NONE', #1336, #1570, #736, .T. ) ;
#1775 = AXIS2_PLACEMENT_3D ( 'NONE', #1233, #1581, #416 ) ;
#1776 = DIRECTION ( 'NONE',  ( 0.9986182327452504115, -0.05255116772016382026, 0.000000000000000000 ) ) ;
#1777 = LINE ( 'NONE', #1370, #205 ) ;
#1778 = CARTESIAN_POINT ( 'NONE',  ( -39.36840590845942245, 53.24243386630146802, 147.5547211310366436 ) ) ;
#1779 = ORIENTED_EDGE ( 'NONE', *, *, #435, .F. ) ;
#1780 = DIRECTION ( 'NONE',  ( 0.06642806927726674360, -0.08212806121062715681, -0.9944054973570278788 ) ) ;
#1781 = FACE_OUTER_BOUND ( 'NONE', #357, .T. ) ;
#1782 = ORIENTED_EDGE ( 'NONE', *, *, #380, .T. ) ;
#1783 = CARTESIAN_POINT ( 'NONE',  ( 60.22061615529289469, -14.99098174013175111, 103.9584688815182716 ) ) ;
#1784 = CARTESIAN_POINT ( 'NONE',  ( -14.78446620572429460, 58.40013084642099273, 104.1652619982097292 ) ) ;
#1785 = EDGE_CURVE ( 'NONE', #1372, #768, #1035, .T. ) ;
#1786 = LINE ( 'NONE', #367, #1451 ) ;
#1787 = ORIENTED_EDGE ( 'NONE', *, *, #766, .F. ) ;
#1788 = CARTESIAN_POINT ( 'NONE',  ( -13.00000000000000000, 64.68031848156900310, 60.00000000000000000 ) ) ;
#1789 = FACE_OUTER_BOUND ( 'NONE', #1221, .T. ) ;
#1790 = ORIENTED_EDGE ( 'NONE', *, *, #214, .T. ) ;
#1791 = CARTESIAN_POINT ( 'NONE',  ( -13.81736254143979892, 65.49453832620349658, 73.33333333333328596 ) ) ;
#1792 = CARTESIAN_POINT ( 'NONE',  ( 97.87601497760924474, 97.87451469389952763, 105.7834055442567944 ) ) ;
#1793 = CARTESIAN_POINT ( 'NONE',  ( 53.33576109474837779, -39.50161798519688006, 146.2463270571496139 ) ) ;
#1794 = EDGE_LOOP ( 'NONE', ( #78, #1674, #1179, #1790, #1403 ) ) ;
#1795 = CARTESIAN_POINT ( 'NONE',  ( -11.18820643398786707, 63.16043116175345773, 106.5809094527915448 ) ) ;
#1796 = AXIS2_PLACEMENT_3D ( 'NONE', #1176, #356, #925 ) ;
#1797 = CARTESIAN_POINT ( 'NONE',  ( -1.132436114137947314, 83.86632304506838409, 299.8025521048446080 ) ) ;
#1798 = VECTOR ( 'NONE', #114, 1000.000000000000000 ) ;
#1799 = ORIENTED_EDGE ( 'NONE', *, *, #1322, .F. ) ;
#1800 = CARTESIAN_POINT ( 'NONE',  ( 87.21286587777869670, -13.00000000000000000, 60.00000000000000000 ) ) ;
#1801 = VECTOR ( 'NONE', #27, 1000.000000000000114 ) ;
#1802 = CARTESIAN_POINT ( 'NONE',  ( 1.688904102369104265, 86.45912549934901392, 179.1407598480990941 ) ) ;
#1803 = VECTOR ( 'NONE', #674, 1000.000000000000227 ) ;
#1804 = CARTESIAN_POINT ( 'NONE',  ( 168.4996615525530785, 98.23035610635146497, 244.1630763468347425 ) ) ;
#1805 = ORIENTED_EDGE ( 'NONE', *, *, #1475, .T. ) ;
#1806 = VECTOR ( 'NONE', #1776, 1000.000000000000227 ) ;
#1807 = EDGE_CURVE ( 'NONE', #776, #750, #1463, .T. ) ;
#1808 = CARTESIAN_POINT ( 'NONE',  ( -13.00000000000000000, 19.61522368914979708, 60.00000000000000000 ) ) ;
#1809 = EDGE_CURVE ( 'NONE', #1288, #1286, #1576, .T. ) ;
#1810 = FACE_OUTER_BOUND ( 'NONE', #1319, .T. ) ;
#1811 = CARTESIAN_POINT ( 'NONE',  ( 88.18354885375329388, 56.97479338066859356, 39.73076218727289444 ) ) ;
#1812 = LINE ( 'NONE', #1792, #762 ) ;
#1813 = FACE_OUTER_BOUND ( 'NONE', #1368, .T. ) ;
#1814 = ORIENTED_EDGE ( 'NONE', *, *, #51, .F. ) ;
#1815 = LINE ( 'NONE', #1384, #1213 ) ;
#1816 = FACE_OUTER_BOUND ( 'NONE', #1715, .T. ) ;
#1817 = ADVANCED_FACE ( 'NONE', ( #165 ), #613, .T. ) ;
#1818 = EDGE_CURVE ( 'NONE', #1753, #666, #335, .T. ) ;
#1819 = ADVANCED_FACE ( 'NONE', ( #1821 ), #1710, .T. ) ;
#1820 = CARTESIAN_POINT ( 'NONE',  ( 89.43981845284039878, 22.63124120098800063, 60.00000000000000000 ) ) ;
#1821 = FACE_OUTER_BOUND ( 'NONE', #672, .T. ) ;
ENDSEC;
END-ISO-10303-21;
