ISO-10303-21;
HEADER;
FILE_DESCRIPTION (( 'STEP AP214' ),
    '1' );
FILE_NAME ('”„Õ∑Gen1.step',
    '2026-09-02T16:07:39',
    ( '' ),
    ( '' ),
    'SwSTEP 2.0',
    'SolidWorks 2025',
    '' );
FILE_SCHEMA (( 'AUTOMOTIVE_DESIGN' ));
ENDSEC;

DATA;
#1 = DIRECTION ( 'NONE',  ( 0.06739081685967036883, -0.07824860182470597114, -0.9946535246584434775 ) ) ;
#2 = EDGE_LOOP ( 'NONE', ( #179, #674, #1670, #1603 ) ) ;
#3 = CARTESIAN_POINT ( 'NONE',  ( 91.48490277036329132, 91.48490277036329132, 46.54808169346939906 ) ) ;
#4 = ORIENTED_EDGE ( 'NONE', *, *, #442, .T. ) ;
#5 = CARTESIAN_POINT ( 'NONE',  ( 25.00000000000000000, 0.000000000000000000, 0.000000000000000000 ) ) ;
#6 = CARTESIAN_POINT ( 'NONE',  ( 90.98404853840079909, -16.77118266062210239, 100.0000000000000000 ) ) ;
#7 = VECTOR ( 'NONE', #701, 1000.000000000000000 ) ;
#8 = CARTESIAN_POINT ( 'NONE',  ( -39.28974201156505330, 54.34194690414856410, 149.7850117593300183 ) ) ;
#9 = VECTOR ( 'NONE', #606, 1000.000000000000114 ) ;
#10 = LINE ( 'NONE', #170, #1483 ) ;
#11 = AXIS2_PLACEMENT_3D ( 'NONE', #34, #892, #1169 ) ;
#12 = ORIENTED_EDGE ( 'NONE', *, *, #1083, .T. ) ;
#13 = VECTOR ( 'NONE', #1176, 1000.000000000000114 ) ;
#14 = CARTESIAN_POINT ( 'NONE',  ( 25.00000000000000000, 0.000000000000000000, 0.000000000000000000 ) ) ;
#15 = ORIENTED_EDGE ( 'NONE', *, *, #354, .T. ) ;
#16 = CARTESIAN_POINT ( 'NONE',  ( -1.772687989449910129, 76.66535389679239643, 6.636209569111689355 ) ) ;
#17 = DIRECTION ( 'NONE',  ( 0.3070000397153049843, 0.7714458516446919267, -0.5573349743152650193 ) ) ;
#18 = LINE ( 'NONE', #1409, #279 ) ;
#19 = ADVANCED_FACE ( 'NONE', ( #476 ), #1036, .T. ) ;
#20 = CARTESIAN_POINT ( 'NONE',  ( 78.25325320222459879, -5.183778918144547276, 175.2586439876531585 ) ) ;
#21 = ORIENTED_EDGE ( 'NONE', *, *, #1766, .F. ) ;
#22 = ADVANCED_FACE ( 'NONE', ( #1192 ), #1593, .F. ) ;
#23 = CARTESIAN_POINT ( 'NONE',  ( 86.10296515554770735, 23.68545420937829959, 39.73076218727289444 ) ) ;
#24 = EDGE_LOOP ( 'NONE', ( #124, #739, #378, #612 ) ) ;
#25 = CARTESIAN_POINT ( 'NONE',  ( -9.603884961912010354, 84.02238145734200714, 39.73076218727289444 ) ) ;
#26 = DIRECTION ( 'NONE',  ( 0.09917277348990917452, -0.9922556246453496653, -0.07478994824163436028 ) ) ;
#27 = CARTESIAN_POINT ( 'NONE',  ( -16.40314660110600187, 90.61601247888459909, 100.0000000000000000 ) ) ;
#28 = CARTESIAN_POINT ( 'NONE',  ( -13.00000000000000000, 19.61522368914979708, 60.00000000000000000 ) ) ;
#29 = ORIENTED_EDGE ( 'NONE', *, *, #1551, .F. ) ;
#30 = CARTESIAN_POINT ( 'NONE',  ( 88.18354885375329388, 56.97479338066859356, 39.73076218727289444 ) ) ;
#31 = EDGE_CURVE ( 'NONE', #1663, #585, #917, .T. ) ;
#32 = EDGE_LOOP ( 'NONE', ( #29, #1637, #929, #1434 ) ) ;
#33 = DIRECTION ( 'NONE',  ( -0.5767781274876292441, -0.5765967625757207893, -0.5786736256639505305 ) ) ;
#34 = CARTESIAN_POINT ( 'NONE',  ( 50.27467282933507420, -35.09041927220022927, 192.9045821101298941 ) ) ;
#35 = ORIENTED_EDGE ( 'NONE', *, *, #1017, .T. ) ;
#36 = LINE ( 'NONE', #1430, #1596 ) ;
#37 = VECTOR ( 'NONE', #503, 1000.000000000000227 ) ;
#38 = VECTOR ( 'NONE', #1333, 1000.000000000000000 ) ;
#39 = ORIENTED_EDGE ( 'NONE', *, *, #1461, .F. ) ;
#40 = VECTOR ( 'NONE', #447, 1000.000000000000000 ) ;
#41 = LINE ( 'NONE', #1753, #955 ) ;
#42 = VERTEX_POINT ( 'NONE', #1065 ) ;
#43 = EDGE_CURVE ( 'NONE', #292, #330, #830, .T. ) ;
#44 = CARTESIAN_POINT ( 'NONE',  ( 0.000000000000000000, 75.00000000000000000, 0.000000000000000000 ) ) ;
#45 = CARTESIAN_POINT ( 'NONE',  ( 84.48588684774667001, -9.226058704292096735, 195.9094982164778571 ) ) ;
#46 = EDGE_CURVE ( 'NONE', #1688, #516, #121, .T. ) ;
#47 = VERTEX_POINT ( 'NONE', #403 ) ;
#48 =( LENGTH_UNIT ( ) NAMED_UNIT ( * ) SI_UNIT ( .MILLI., .METRE. ) );
#49 = ORIENTED_EDGE ( 'NONE', *, *, #1213, .F. ) ;
#50 = FACE_OUTER_BOUND ( 'NONE', #502, .T. ) ;
#51 = ORIENTED_EDGE ( 'NONE', *, *, #1519, .F. ) ;
#52 = CARTESIAN_POINT ( 'NONE',  ( -11.18820643398786707, 63.16043116175345773, 106.5809094527915448 ) ) ;
#53 = LINE ( 'NONE', #647, #1426 ) ;
#54 = EDGE_CURVE ( 'NONE', #1316, #1570, #1806, .T. ) ;
#55 = ORIENTED_EDGE ( 'NONE', *, *, #387, .T. ) ;
#56 = EDGE_CURVE ( 'NONE', #1759, #459, #392, .T. ) ;
#57 = ORIENTED_EDGE ( 'NONE', *, *, #698, .F. ) ;
#58 = CARTESIAN_POINT ( 'NONE',  ( -35.06565221034060187, 50.25247154254299176, 192.9287724694530652 ) ) ;
#59 = ORIENTED_EDGE ( 'NONE', *, *, #43, .T. ) ;
#60 = FACE_OUTER_BOUND ( 'NONE', #1739, .T. ) ;
#61 = DIRECTION ( 'NONE',  ( 0.6815106586612725836, 0.6814145266044614457, 0.2668660058222029341 ) ) ;
#62 = DIRECTION ( 'NONE',  ( -0.4305518027412650883, -0.4176527715003014452, 0.8001195583251066168 ) ) ;
#63 = ORIENTED_EDGE ( 'NONE', *, *, #439, .T. ) ;
#64 = CARTESIAN_POINT ( 'NONE',  ( 80.00000000000000000, 80.00000000000000000, 0.000000000000000000 ) ) ;
#65 = EDGE_CURVE ( 'NONE', #356, #1570, #253, .T. ) ;
#66 = CARTESIAN_POINT ( 'NONE',  ( 51.51501507668832858, -35.21444897382652783, 192.9976828219701588 ) ) ;
#67 = LINE ( 'NONE', #635, #1421 ) ;
#68 = VECTOR ( 'NONE', #1222, 1000.000000000000227 ) ;
#69 = ORIENTED_EDGE ( 'NONE', *, *, #756, .T. ) ;
#70 = VECTOR ( 'NONE', #520, 1000.000000000000114 ) ;
#71 = FACE_OUTER_BOUND ( 'NONE', #478, .T. ) ;
#72 = FACE_OUTER_BOUND ( 'NONE', #1586, .T. ) ;
#73 = PLANE ( 'NONE',  #1423 ) ;
#74 = ORIENTED_EDGE ( 'NONE', *, *, #595, .T. ) ;
#75 = FILL_AREA_STYLE_COLOUR ( '', #628 ) ;
#76 = ORIENTED_EDGE ( 'NONE', *, *, #429, .T. ) ;
#77 = ADVANCED_FACE ( 'NONE', ( #1779 ), #1118, .F. ) ;
#78 = LINE ( 'NONE', #1315, #1074 ) ;
#79 = ORIENTED_EDGE ( 'NONE', *, *, #439, .F. ) ;
#80 = EDGE_CURVE ( 'NONE', #588, #1372, #1370, .T. ) ;
#81 = DIRECTION ( 'NONE',  ( 0.04044946249477197192, -0.9991815855908694477, 0.000000000000000000 ) ) ;
#82 = CARTESIAN_POINT ( 'NONE',  ( -14.00068576502170004, 43.13588606315999385, 86.66666666666669983 ) ) ;
#83 = DIRECTION ( 'NONE',  ( 0.000000000000000000, -0.5073176997118737930, 0.8617591029742899256 ) ) ;
#84 = ORIENTED_EDGE ( 'NONE', *, *, #1417, .F. ) ;
#85 = VERTEX_POINT ( 'NONE', #530 ) ;
#86 = PLANE ( 'NONE',  #777 ) ;
#87 = EDGE_LOOP ( 'NONE', ( #780, #443, #49, #1487 ) ) ;
#88 = DIRECTION ( 'NONE',  ( -0.09176348221286334539, -0.01384481563648564707, -0.9956845807845782215 ) ) ;
#89 = PLANE ( 'NONE',  #1455 ) ;
#90 = APPLICATION_CONTEXT ( 'automotive_design' ) ;
#91 = CARTESIAN_POINT ( 'NONE',  ( 55.21237156822090952, -8.874700531490107736, 180.0763684347575122 ) ) ;
#92 = ORIENTED_EDGE ( 'NONE', *, *, #595, .F. ) ;
#93 = DIRECTION ( 'NONE',  ( -0.5811867187214516672, 0.8065368308217628623, 0.1082605122368239525 ) ) ;
#94 = CARTESIAN_POINT ( 'NONE',  ( 25.00000000000000000, 0.000000000000000000, 0.000000000000000000 ) ) ;
#95 = VERTEX_POINT ( 'NONE', #1635 ) ;
#96 = VECTOR ( 'NONE', #1014, 1000.000000000000114 ) ;
#97 = CARTESIAN_POINT ( 'NONE',  ( 84.98419347028458048, 83.15811347995679625, 307.6781719497365089 ) ) ;
#98 = DIRECTION ( 'NONE',  ( 0.5267064882711131046, -0.09119067469983829777, -0.8451417254288774439 ) ) ;
#99 = VECTOR ( 'NONE', #406, 1000.000000000000227 ) ;
#100 = ADVANCED_FACE ( 'NONE', ( #1642 ), #106, .T. ) ;
#101 = VECTOR ( 'NONE', #289, 1000.000000000000114 ) ;
#102 = CARTESIAN_POINT ( 'NONE',  ( -13.00000000000000000, 87.21286587777859722, 60.00000000000000000 ) ) ;
#103 = VERTEX_POINT ( 'NONE', #823 ) ;
#104 = VECTOR ( 'NONE', #98, 1000.000000000000000 ) ;
#105 = EDGE_CURVE ( 'NONE', #1501, #557, #1494, .T. ) ;
#106 = PLANE ( 'NONE',  #1419 ) ;
#107 = DIRECTION ( 'NONE',  ( 0.7042039956486013663, 0.7099976989487674084, 0.000000000000000000 ) ) ;
#108 = EDGE_LOOP ( 'NONE', ( #696, #76, #315, #92 ) ) ;
#109 = DIRECTION ( 'NONE',  ( -0.08285476006827892370, -0.08313375893701009656, 0.9930880458745996453 ) ) ;
#110 = DIRECTION ( 'NONE',  ( -0.6522914779139878938, 0.6036752785395984588, -0.4583579233753067306 ) ) ;
#111 = DIRECTION ( 'NONE',  ( -0.09917277348990925778, 0.9922556246453495543, 0.07478994824163458233 ) ) ;
#112 = ADVANCED_FACE ( 'NONE', ( #1358 ), #1650, .T. ) ;
#113 = EDGE_LOOP ( 'NONE', ( #1164, #1223, #1167, #1809 ) ) ;
#114 = ADVANCED_FACE ( 'NONE', ( #258 ), #1378, .T. ) ;
#115 = CARTESIAN_POINT ( 'NONE',  ( 132.9601476349478162, 132.9476153263995286, 140.9828371463724181 ) ) ;
#116 = CARTESIAN_POINT ( 'NONE',  ( 50.27467282933507420, -35.09041927220022927, 192.9045821101298941 ) ) ;
#117 = VERTEX_POINT ( 'NONE', #1661 ) ;
#118 = CARTESIAN_POINT ( 'NONE',  ( -4.311141763520694781, -2.513773197793089498, 6.801771476759896906 ) ) ;
#119 = CARTESIAN_POINT ( 'NONE',  ( 23.03123780591979752, 92.86483425875530884, 86.66666666666669983 ) ) ;
#120 = LINE ( 'NONE', #554, #486 ) ;
#121 = LINE ( 'NONE', #383, #540 ) ;
#122 = EDGE_CURVE ( 'NONE', #1314, #1411, #537, .T. ) ;
#123 = DIRECTION ( 'NONE',  ( 0.9922737978826059457, -0.09922376130103853498, 0.07448056947220500768 ) ) ;
#124 = ORIENTED_EDGE ( 'NONE', *, *, #689, .F. ) ;
#125 = FACE_BOUND ( 'NONE', #769, .T. ) ;
#126 = CARTESIAN_POINT ( 'NONE',  ( -15.26876440073730201, 89.48163027851599338, 86.66666666666669983 ) ) ;
#127 = FACE_OUTER_BOUND ( 'NONE', #2, .T. ) ;
#128 = VECTOR ( 'NONE', #331, 1000.000000000000114 ) ;
#129 = VECTOR ( 'NONE', #995, 1000.000000000000227 ) ;
#130 = CARTESIAN_POINT ( 'NONE',  ( 19.60621198855309899, -13.00984448023490003, 86.66666666666669983 ) ) ;
#131 = PRODUCT_DEFINITION_SHAPE ( 'NONE', 'NONE',  #1177 ) ;
#132 = LINE ( 'NONE', #311, #663 ) ;
#133 = EDGE_CURVE ( 'NONE', #295, #1295, #840, .T. ) ;
#134 = ORIENTED_EDGE ( 'NONE', *, *, #1754, .T. ) ;
#135 = CARTESIAN_POINT ( 'NONE',  ( 75.00000000000000000, 8.881784197001249168E-15, 0.000000000000000000 ) ) ;
#136 = CARTESIAN_POINT ( 'NONE',  ( 22.63124120098800063, 89.43981845284039878, 60.00000000000000000 ) ) ;
#137 = EDGE_CURVE ( 'NONE', #1456, #1388, #563, .T. ) ;
#138 = DIRECTION ( 'NONE',  ( 0.07222535570988977693, 0.9597757154168471416, 0.2713191369746323911 ) ) ;
#139 = CARTESIAN_POINT ( 'NONE',  ( 103.5476534728976645, -27.83127660758775335, 200.2138808453574654 ) ) ;
#140 = LINE ( 'NONE', #275, #1660 ) ;
#141 = ORIENTED_EDGE ( 'NONE', *, *, #1464, .T. ) ;
#142 = FACE_OUTER_BOUND ( 'NONE', #958, .T. ) ;
#143 = ORIENTED_EDGE ( 'NONE', *, *, #845, .T. ) ;
#144 = CARTESIAN_POINT ( 'NONE',  ( 102.5000015273689939, 102.5000015273689939, 100.0000000000000000 ) ) ;
#145 = DIRECTION ( 'NONE',  ( -0.4467780249167322415, 0.000000000000000000, -0.8946448437517001695 ) ) ;
#146 = DIRECTION ( 'NONE',  ( -0.08240792132037545736, 0.06671240417280532853, -0.9943633086720060632 ) ) ;
#147 = CARTESIAN_POINT ( 'NONE',  ( -8.079461605445551697, 21.65337742635169960, 33.21474836013609888 ) ) ;
#148 = ORIENTED_EDGE ( 'NONE', *, *, #105, .F. ) ;
#149 = CARTESIAN_POINT ( 'NONE',  ( 80.00000000000000000, 80.00000000000000000, 0.000000000000000000 ) ) ;
#150 = APPLICATION_PROTOCOL_DEFINITION ( 'draft international standard', 'automotive_design', 1998, #90 ) ;
#151 = ORIENTED_EDGE ( 'NONE', *, *, #398, .F. ) ;
#152 = B_SPLINE_CURVE_WITH_KNOTS ( 'NONE', 3,
 ( #921, #500, #655, #380, #362, #941 ),
 .UNSPECIFIED., .F., .F.,
 ( 4, 2, 4 ),
 ( 0.000000000000000000, 0.3363382268827050381, 1.000000000000000000 ),
 .UNSPECIFIED. ) ;
#153 = CARTESIAN_POINT ( 'NONE',  ( 77.43343715685220729, -1.037341702972889967, 300.0000000000000000 ) ) ;
#154 = CARTESIAN_POINT ( 'NONE',  ( 90.98404853840079909, -16.77118266062210239, 100.0000000000000000 ) ) ;
#155 = EDGE_CURVE ( 'NONE', #619, #711, #36, .T. ) ;
#156 = VECTOR ( 'NONE', #1427, 1000.000000000000114 ) ;
#157 = VECTOR ( 'NONE', #1029, 1000.000000000000114 ) ;
#158 = CARTESIAN_POINT ( 'NONE',  ( 1.200696320885230151, 26.59944653261349856, 300.0000000000000000 ) ) ;
#159 = VECTOR ( 'NONE', #1, 1000.000000000000114 ) ;
#160 = CARTESIAN_POINT ( 'NONE',  ( 0.000000000000000000, 25.00000000000000000, 0.000000000000000000 ) ) ;
#161 = ORIENTED_EDGE ( 'NONE', *, *, #1766, .T. ) ;
#162 = PLANE ( 'NONE',  #368 ) ;
#163 =( NAMED_UNIT ( * ) SI_UNIT ( $, .STERADIAN. ) SOLID_ANGLE_UNIT ( ) );
#164 = ORIENTED_EDGE ( 'NONE', *, *, #811, .F. ) ;
#165 = LINE ( 'NONE', #144, #1215 ) ;
#166 = CARTESIAN_POINT ( 'NONE',  ( 83.26262955224123630, -10.31355575130959146, 180.5724585030203571 ) ) ;
#167 = EDGE_CURVE ( 'NONE', #1645, #1195, #1694, .T. ) ;
#168 = DIRECTION ( 'NONE',  ( 0.9117271157134079207, 0.4099047620175105267, 0.02705092509098756468 ) ) ;
#169 = ADVANCED_FACE ( 'NONE', ( #321 ), #574, .T. ) ;
#170 = CARTESIAN_POINT ( 'NONE',  ( -39.40368896605229310, 52.74927012321141717, 146.5543705789582702 ) ) ;
#171 = VERTEX_POINT ( 'NONE', #997 ) ;
#172 = CARTESIAN_POINT ( 'NONE',  ( 79.95142616474909403, -5.270551628578700409, 19.73076218727290154 ) ) ;
#173 =( NAMED_UNIT ( * ) PLANE_ANGLE_UNIT ( ) SI_UNIT ( $, .RADIAN. ) );
#174 = ORIENTED_EDGE ( 'NONE', *, *, #1720, .F. ) ;
#175 = CARTESIAN_POINT ( 'NONE',  ( 26.66666666666669983, 76.66666666666669983, 0.000000000000000000 ) ) ;
#176 = CARTESIAN_POINT ( 'NONE',  ( 87.21286587777869670, -13.00000000000000000, 60.00000000000000000 ) ) ;
#177 = ORIENTED_EDGE ( 'NONE', *, *, #509, .F. ) ;
#178 = DIRECTION ( 'NONE',  ( -0.07351539049025018757, -0.03220844157277538700, -0.9967738477972419853 ) ) ;
#179 = ORIENTED_EDGE ( 'NONE', *, *, #1035, .T. ) ;
#180 = EDGE_CURVE ( 'NONE', #557, #585, #728, .T. ) ;
#181 = CARTESIAN_POINT ( 'NONE',  ( 60.22061615529289469, -14.99098174013175111, 103.9584688815182716 ) ) ;
#182 = ORIENTED_EDGE ( 'NONE', *, *, #1060, .F. ) ;
#183 = LINE ( 'NONE', #581, #1772 ) ;
#184 = CARTESIAN_POINT ( 'NONE',  ( 88.46992676465271188, -14.25706088687399919, 73.33333333333328596 ) ) ;
#185 = VERTEX_POINT ( 'NONE', #27 ) ;
#186 = DIRECTION ( 'NONE',  ( 0.000000000000000000, 0.000000000000000000, 1.000000000000000000 ) ) ;
#187 = VECTOR ( 'NONE', #1553, 1000.000000000000114 ) ;
#188 = VECTOR ( 'NONE', #291, 1000.000000000000114 ) ;
#189 = ORIENTED_EDGE ( 'NONE', *, *, #831, .F. ) ;
#190 = VECTOR ( 'NONE', #1324, 1000.000000000000114 ) ;
#191 = DIRECTION ( 'NONE',  ( 0.7100189339875645489, 0.7041825852569505440, 0.000000000000000000 ) ) ;
#192 = ADVANCED_FACE ( 'NONE', ( #417 ), #1117, .F. ) ;
#193 = ORIENTED_EDGE ( 'NONE', *, *, #1361, .F. ) ;
#194 = VECTOR ( 'NONE', #1234, 1000.000000000000000 ) ;
#195 = PLANE ( 'NONE',  #515 ) ;
#196 = CARTESIAN_POINT ( 'NONE',  ( 99.63124221923399659, 99.63124221923399659, 86.66666666666669983 ) ) ;
#197 = VERTEX_POINT ( 'NONE', #721 ) ;
#198 = SURFACE_SIDE_STYLE ('',( #1737 ) ) ;
#199 = ORIENTED_EDGE ( 'NONE', *, *, #970, .F. ) ;
#200 = PLANE ( 'NONE',  #1394 ) ;
#201 = VERTEX_POINT ( 'NONE', #1285 ) ;
#202 = PLANE ( 'NONE',  #1566 ) ;
#203 = DIRECTION ( 'NONE',  ( -0.9651509839400621571, -0.2616936724483989174, 0.000000000000000000 ) ) ;
#204 = EDGE_CURVE ( 'NONE', #313, #185, #591, .T. ) ;
#205 = CARTESIAN_POINT ( 'NONE',  ( 25.00000000000000000, 0.000000000000000000, 0.000000000000000000 ) ) ;
#206 = ORIENTED_EDGE ( 'NONE', *, *, #294, .F. ) ;
#207 = CARTESIAN_POINT ( 'NONE',  ( 53.33333333333330017, 78.33333333333330017, 0.000000000000000000 ) ) ;
#208 = ORIENTED_EDGE ( 'NONE', *, *, #1787, .F. ) ;
#209 = LINE ( 'NONE', #1742, #1629 ) ;
#210 = ORIENTED_EDGE ( 'NONE', *, *, #1180, .T. ) ;
#211 = LINE ( 'NONE', #932, #835 ) ;
#212 = LINE ( 'NONE', #773, #426 ) ;
#213 = DIRECTION ( 'NONE',  ( -0.07728867366718999987, 0.06442733706180632514, -0.9949249113183823434 ) ) ;
#214 = EDGE_CURVE ( 'NONE', #1030, #943, #1575, .T. ) ;
#215 = ORIENTED_EDGE ( 'NONE', *, *, #1050, .F. ) ;
#216 = DIRECTION ( 'NONE',  ( -0.1214058669953168024, -0.8130035866288264357, 0.5694609587915397952 ) ) ;
#217 = EDGE_CURVE ( 'NONE', #723, #257, #1302, .T. ) ;
#218 = ORIENTED_EDGE ( 'NONE', *, *, #531, .F. ) ;
#219 = DIRECTION ( 'NONE',  ( -0.4989989963313313237, -0.1146185276330034530, 0.8589892867687969336 ) ) ;
#220 = VECTOR ( 'NONE', #1471, 1000.000000000000227 ) ;
#221 = EDGE_LOOP ( 'NONE', ( #577, #846, #235, #1432 ) ) ;
#222 = AXIS2_PLACEMENT_3D ( 'NONE', #1108, #848, #708 ) ;
#223 = DIRECTION ( 'NONE',  ( -0.8933381174767176525, -0.1218883589525987382, 0.4325392881750703689 ) ) ;
#224 = CARTESIAN_POINT ( 'NONE',  ( 25.32505868955879080, 25.32505868955878725, -2.686128110000147728 ) ) ;
#225 = VECTOR ( 'NONE', #810, 1000.000000000000114 ) ;
#226 = CARTESIAN_POINT ( 'NONE',  ( 51.51501507668832858, -35.21444897382652783, 192.9976828219701588 ) ) ;
#227 = ORIENTED_EDGE ( 'NONE', *, *, #631, .F. ) ;
#228 = ORIENTED_EDGE ( 'NONE', *, *, #1364, .T. ) ;
#229 = EDGE_CURVE ( 'NONE', #1597, #1645, #1438, .T. ) ;
#230 = FACE_OUTER_BOUND ( 'NONE', #1158, .T. ) ;
#231 = ORIENTED_EDGE ( 'NONE', *, *, #1377, .F. ) ;
#232 = DIRECTION ( 'NONE',  ( 0.7070961374053307269, -0.7071173964014605406, -0.0002004317376556975306 ) ) ;
#233 = LINE ( 'NONE', #1062, #13 ) ;
#234 = DIRECTION ( 'NONE',  ( -0.9975587290178763444, 0.04873943552959458803, -0.05001049474356060454 ) ) ;
#235 = ORIENTED_EDGE ( 'NONE', *, *, #384, .F. ) ;
#236 = CARTESIAN_POINT ( 'NONE',  ( 0.2554355615163033111, 45.87785615418125928, 297.8041888347119084 ) ) ;
#237 = CARTESIAN_POINT ( 'NONE',  ( -13.00000000000000000, 19.61522368914979708, 60.00000000000000000 ) ) ;
#238 = EDGE_CURVE ( 'NONE', #906, #1616, #284, .T. ) ;
#239 = ORIENTED_EDGE ( 'NONE', *, *, #1340, .F. ) ;
#240 = CARTESIAN_POINT ( 'NONE',  ( -47.81911226678392524, 127.3005745603794026, 235.7114466865218674 ) ) ;
#241 = FACE_OUTER_BOUND ( 'NONE', #386, .T. ) ;
#242 = EDGE_CURVE ( 'NONE', #85, #1388, #437, .T. ) ;
#243 = LINE ( 'NONE', #922, #1279 ) ;
#244 = VERTEX_POINT ( 'NONE', #859 ) ;
#245 = CARTESIAN_POINT ( 'NONE',  ( 43.39582027163669409, -14.26690536710899870, 100.0000000000000000 ) ) ;
#246 = DIRECTION ( 'NONE',  ( -0.5487465468063323915, -0.8039787624481966599, -0.2291186960952587559 ) ) ;
#247 = AXIS2_PLACEMENT_3D ( 'NONE', #1718, #625, #223 ) ;
#248 = VERTEX_POINT ( 'NONE', #1263 ) ;
#249 = EDGE_CURVE ( 'NONE', #1267, #1306, #988, .T. ) ;
#250 = CARTESIAN_POINT ( 'NONE',  ( -36.26254353020271992, 52.78489154198779687, 191.1704209360983668 ) ) ;
#251 = LINE ( 'NONE', #1390, #225 ) ;
#252 = VECTOR ( 'NONE', #1317, 1000.000000000000227 ) ;
#253 = B_SPLINE_CURVE_WITH_KNOTS ( 'NONE', 3,
 ( #1522, #971, #815, #658, #1084, #273 ),
 .UNSPECIFIED., .F., .F.,
 ( 4, 2, 4 ),
 ( 0.000000000000000000, 0.3363382268827050381, 1.000000000000000000 ),
 .UNSPECIFIED. ) ;
#254 = EDGE_CURVE ( 'NONE', #292, #1314, #18, .T. ) ;
#255 = VECTOR ( 'NONE', #438, 1000.000000000000227 ) ;
#256 = DIRECTION ( 'NONE',  ( -0.03257715387297448195, -0.07314827196083409366, -0.9967888740122856639 ) ) ;
#257 = VERTEX_POINT ( 'NONE', #709 ) ;
#258 = FACE_OUTER_BOUND ( 'NONE', #1750, .T. ) ;
#259 = CARTESIAN_POINT ( 'NONE',  ( 0.000000000000000000, 25.00000000000000000, 0.000000000000000000 ) ) ;
#260 = VERTEX_POINT ( 'NONE', #8 ) ;
#261 = DIRECTION ( 'NONE',  ( -0.08481113641208555542, 0.5264980600881543626, -0.8459354962784696452 ) ) ;
#262 = DIRECTION ( 'NONE',  ( -0.8147406566626400615, -0.1241212115277924161, 0.5663846636604872309 ) ) ;
#263 = ORIENTED_EDGE ( 'NONE', *, *, #46, .F. ) ;
#264 = ADVANCED_FACE ( 'NONE', ( #1272 ), #583, .T. ) ;
#265 = CARTESIAN_POINT ( 'NONE',  ( 66.35339576386880367, -14.67936267591040078, 86.66666666666669983 ) ) ;
#266 = CARTESIAN_POINT ( 'NONE',  ( 4.091920925699260358, 13.45439347997719892, 19.73076218727290154 ) ) ;
#267 = EDGE_LOOP ( 'NONE', ( #1799, #488, #1460, #227, #1567 ) ) ;
#268 = LINE ( 'NONE', #118, #99 ) ;
#269 = CARTESIAN_POINT ( 'NONE',  ( 23.23123610838569775, 94.57734216171280650, 100.0000000000000000 ) ) ;
#270 = B_SPLINE_SURFACE_WITH_KNOTS ( 'NONE', 3, 3, ( 
 ( #64, #1604, #1476, #347 ),
 ( #207, #1191, #1751, #494 ),
 ( #175, #1571, #1435, #847 ),
 ( #305, #1581, #25, #716 ) ),
 .UNSPECIFIED., .F., .F., .F.,
 ( 4, 4 ),
 ( 4, 4 ),
 ( 0.000000000000000000, 1.000000000000000000 ),
 ( 0.000000000000000000, 1.000000000000000000 ),
 .UNSPECIFIED. ) ;
#271 = CARTESIAN_POINT ( 'NONE',  ( 80.00000000000000000, 80.00000000000000000, 0.000000000000000000 ) ) ;
#272 = ADVANCED_FACE ( 'NONE', ( #1563 ), #309, .T. ) ;
#273 = CARTESIAN_POINT ( 'NONE',  ( 19.61522368914979708, -13.00000000000000000, 60.00000000000000000 ) ) ;
#274 = EDGE_CURVE ( 'NONE', #1645, #1172, #630, .T. ) ;
#275 = CARTESIAN_POINT ( 'NONE',  ( -35.50395777596978775, 50.27638813325967249, 192.0302646910631381 ) ) ;
#276 = ORIENTED_EDGE ( 'NONE', *, *, #43, .F. ) ;
#277 = DIRECTION ( 'NONE',  ( 0.3019876054409297850, 0.7616328527150919570, 0.5733401118229252136 ) ) ;
#278 = LINE ( 'NONE', #1106, #104 ) ;
#279 = VECTOR ( 'NONE', #146, 1000.000000000000114 ) ;
#280 = DIRECTION ( 'NONE',  ( -0.9950424301400090377, -0.09945130577858300736, 0.000000000000000000 ) ) ;
#281 = AXIS2_PLACEMENT_3D ( 'NONE', #1525, #1242, #671 ) ;
#282 = VECTOR ( 'NONE', #299, 1000.000000000000114 ) ;
#283 = AXIS2_PLACEMENT_3D ( 'NONE', #881, #1579, #854 ) ;
#284 = LINE ( 'NONE', #1401, #7 ) ;
#285 = CARTESIAN_POINT ( 'NONE',  ( 140.3277226582136734, 142.1159800083317464, 23.60460939215030152 ) ) ;
#286 = ORIENTED_EDGE ( 'NONE', *, *, #155, .T. ) ;
#287 = CARTESIAN_POINT ( 'NONE',  ( 42.02208755065069568, -9.603884961912019236, 39.73076218727289444 ) ) ;
#288 = CARTESIAN_POINT ( 'NONE',  ( -13.00000000000000000, 87.21286587777859722, 60.00000000000000000 ) ) ;
#289 = DIRECTION ( 'NONE',  ( 0.08285476006827956208, 0.08313375893701073494, -0.9930880458745995343 ) ) ;
#290 = DIRECTION ( 'NONE',  ( 0.08285476006827932616, 0.08313375893700987451, -0.9930880458745996453 ) ) ;
#291 = DIRECTION ( 'NONE',  ( -0.08285476006827943718, -0.08313375893701061004, 0.9930880458745996453 ) ) ;
#292 = VERTEX_POINT ( 'NONE', #1613 ) ;
#293 = CARTESIAN_POINT ( 'NONE',  ( -35.20143850195334068, 29.20458346030688190, 165.8378245088954941 ) ) ;
#294 = EDGE_CURVE ( 'NONE', #910, #636, #641, .T. ) ;
#295 = VERTEX_POINT ( 'NONE', #1200 ) ;
#296 = CARTESIAN_POINT ( 'NONE',  ( -5.270551628578689751, 41.86171941108649719, 19.73076218727290154 ) ) ;
#297 = LINE ( 'NONE', #717, #1396 ) ;
#298 = CARTESIAN_POINT ( 'NONE',  ( 43.68532624637123263, 85.87781531401815016, 242.5411241111173410 ) ) ;
#299 = DIRECTION ( 'NONE',  ( 0.08285476006827850737, 0.08313375893700966635, -0.9930880458745997563 ) ) ;
#300 = ORIENTED_EDGE ( 'NONE', *, *, #217, .F. ) ;
#301 = MANIFOLD_SOLID_BREP ( '\X2\51f853f0\X0\-\X2\62c94f38\X0\4', #980 ) ;
#302 = CARTESIAN_POINT ( 'NONE',  ( 91.66677102790208664, 58.26248240197590178, 60.00000000000000000 ) ) ;
#303 = ORIENTED_EDGE ( 'NONE', *, *, #991, .F. ) ;
#304 = EDGE_CURVE ( 'NONE', #1171, #906, #1584, .T. ) ;
#305 = CARTESIAN_POINT ( 'NONE',  ( 0.000000000000000000, 75.00000000000000000, 0.000000000000000000 ) ) ;
#306 = CARTESIAN_POINT ( 'NONE',  ( 91.23411214680139381, 22.74945371245030046, 73.33333333333328596 ) ) ;
#307 = VECTOR ( 'NONE', #870, 1000.000000000000000 ) ;
#308 = VECTOR ( 'NONE', #1462, 1000.000000000000227 ) ;
#309 = PLANE ( 'NONE',  #394 ) ;
#310 = VECTOR ( 'NONE', #213, 1000.000000000000227 ) ;
#311 = CARTESIAN_POINT ( 'NONE',  ( 78.38859455964598055, 7.763283333854293033, 298.6007280735249765 ) ) ;
#312 = VECTOR ( 'NONE', #1363, 1000.000000000000227 ) ;
#313 = VERTEX_POINT ( 'NONE', #1179 ) ;
#314 = CARTESIAN_POINT ( 'NONE',  ( 0.000000000000000000, 75.00000000000000000, 0.000000000000000000 ) ) ;
#315 = ORIENTED_EDGE ( 'NONE', *, *, #1305, .T. ) ;
#316 = DIRECTION ( 'NONE',  ( -0.6389376907896539004, 0.03993360567435343816, 0.7682212795973760722 ) ) ;
#317 = DIRECTION ( 'NONE',  ( 0.000000000000000000, 0.07516047214410401245, -0.9971714513698611837 ) ) ;
#318 = EDGE_CURVE ( 'NONE', #1485, #557, #916, .T. ) ;
#319 = EDGE_CURVE ( 'NONE', #1707, #1605, #1027, .T. ) ;
#320 = ORIENTED_EDGE ( 'NONE', *, *, #1548, .T. ) ;
#321 = FACE_OUTER_BOUND ( 'NONE', #505, .T. ) ;
#322 = EDGE_LOOP ( 'NONE', ( #1510, #303, #1678, #795 ) ) ;
#323 = CARTESIAN_POINT ( 'NONE',  ( 90.26413255195900831, 90.26413255195900831, 39.73076218727289444 ) ) ;
#324 = ORIENTED_EDGE ( 'NONE', *, *, #888, .F. ) ;
#325 = CARTESIAN_POINT ( 'NONE',  ( -9.603884961912010354, 63.02223450399639404, 39.73076218727289444 ) ) ;
#326 = CARTESIAN_POINT ( 'NONE',  ( 93.89372360296391662, 93.89372360296391662, 60.00000000000000000 ) ) ;
#327 = VERTEX_POINT ( 'NONE', #886 ) ;
#328 = CARTESIAN_POINT ( 'NONE',  ( 168.4996615525530785, 98.23035610635146497, 244.1630763468347425 ) ) ;
#329 = EDGE_CURVE ( 'NONE', #1688, #470, #1447, .T. ) ;
#330 = VERTEX_POINT ( 'NONE', #620 ) ;
#331 = DIRECTION ( 'NONE',  ( 0.6815106586612725836, 0.6814145266044614457, 0.2668660058222027121 ) ) ;
#332 = ORIENTED_EDGE ( 'NONE', *, *, #753, .T. ) ;
#333 = DIRECTION ( 'NONE',  ( -0.4078259082835518079, 0.8170283738254017214, -0.4076060167575003002 ) ) ;
#334 = CARTESIAN_POINT ( 'NONE',  ( 89.72698765152669864, -15.51412177374810142, 86.66666666666669983 ) ) ;
#335 = ORIENTED_EDGE ( 'NONE', *, *, #675, .F. ) ;
#336 = FACE_OUTER_BOUND ( 'NONE', #597, .T. ) ;
#337 = PRESENTATION_LAYER_ASSIGNMENT (  '', '', ( #1392 ) ) ;
#338 = VECTOR ( 'NONE', #1148, 1000.000000000000114 ) ;
#339 = ORIENTED_EDGE ( 'NONE', *, *, #1025, .F. ) ;
#340 = AXIS2_PLACEMENT_3D ( 'NONE', #1677, #592, #1712 ) ;
#341 = CARTESIAN_POINT ( 'NONE',  ( 27.05644818197269075, 27.11930211307245031, -2.873094072527533793 ) ) ;
#342 = VERTEX_POINT ( 'NONE', #1467 ) ;
#343 = CARTESIAN_POINT ( 'NONE',  ( -0.8995834183205337897, 0.8996104644878036849, 0.0002549937104198053022 ) ) ;
#344 = DIRECTION ( 'NONE',  ( -0.2612399698908591250, 0.9634776860504771223, 0.05885938000218139676 ) ) ;
#345 = DIRECTION ( 'NONE',  ( -0.9980525784828885305, -0.06237828615518063724, 0.000000000000000000 ) ) ;
#346 = ORIENTED_EDGE ( 'NONE', *, *, #319, .T. ) ;
#347 = CARTESIAN_POINT ( 'NONE',  ( 93.89372360296391662, 93.89372360296391662, 60.00000000000000000 ) ) ;
#348 = CARTESIAN_POINT ( 'NONE',  ( 77.43343715685220729, -1.037341702972889967, 300.0000000000000000 ) ) ;
#349 = PLANE ( 'NONE',  #1598 ) ;
#350 = ORIENTED_EDGE ( 'NONE', *, *, #1270, .T. ) ;
#351 = ADVANCED_FACE ( 'NONE', ( #336 ), #270, .T. ) ;
#352 = PLANE ( 'NONE',  #1509 ) ;
#353 = CARTESIAN_POINT ( 'NONE',  ( -44.59044288159505243, 99.36027062345618788, 2.727921810053145268 ) ) ;
#354 = EDGE_CURVE ( 'NONE', #1477, #1768, #569, .T. ) ;
#355 = DIRECTION ( 'NONE',  ( 0.04803772390885277521, 0.8607642211617155814, 0.5067320126551332349 ) ) ;
#356 = VERTEX_POINT ( 'NONE', #5 ) ;
#357 =( NAMED_UNIT ( * ) SI_UNIT ( $, .STERADIAN. ) SOLID_ANGLE_UNIT ( ) );
#358 = ORIENTED_EDGE ( 'NONE', *, *, #1607, .T. ) ;
#359 = CARTESIAN_POINT ( 'NONE',  ( -14.21021120570105012, 59.81231072995606723, 105.9773811635643597 ) ) ;
#360 = ORIENTED_EDGE ( 'NONE', *, *, #1519, .T. ) ;
#361 = CARTESIAN_POINT ( 'NONE',  ( -16.40314660110600187, 90.61601247888459909, 100.0000000000000000 ) ) ;
#362 = CARTESIAN_POINT ( 'NONE',  ( 85.09546333020858810, -10.74612827211229948, 46.54808169346939906 ) ) ;
#363 = CARTESIAN_POINT ( 'NONE',  ( 57.93297994911623761, -12.16267243636139206, 138.2036011595909599 ) ) ;
#364 = ORIENTED_EDGE ( 'NONE', *, *, #1217, .F. ) ;
#365 = ORIENTED_EDGE ( 'NONE', *, *, #1229, .T. ) ;
#366 = VECTOR ( 'NONE', #1710, 1000.000000000000000 ) ;
#367 = LINE ( 'NONE', #1038, #1276 ) ;
#368 = AXIS2_PLACEMENT_3D ( 'NONE', #558, #1000, #1266 ) ;
#369 = ORIENTED_EDGE ( 'NONE', *, *, #1193, .T. ) ;
#370 = AXIS2_PLACEMENT_3D ( 'NONE', #987, #1803, #962 ) ;
#371 = FACE_OUTER_BOUND ( 'NONE', #1044, .T. ) ;
#372 = CARTESIAN_POINT ( 'NONE',  ( -15.45208762431930083, 67.12297801547249776, 100.0000000000000000 ) ) ;
#373 = FACE_OUTER_BOUND ( 'NONE', #1470, .T. ) ;
#374 = ORIENTED_EDGE ( 'NONE', *, *, #1528, .T. ) ;
#375 = ADVANCED_FACE ( 'NONE', ( #1142 ), #824, .T. ) ;
#376 = CARTESIAN_POINT ( 'NONE',  ( 42.56378748078519436, -13.42230178903629856, 73.33333333333328596 ) ) ;
#377 = CARTESIAN_POINT ( 'NONE',  ( 69.69564180512543317, -6.941025120798125947, 5.233757663272231575 ) ) ;
#378 = ORIENTED_EDGE ( 'NONE', *, *, #1441, .F. ) ;
#379 = DIRECTION ( 'NONE',  ( 0.7071174106049326058, 0.7070961516083758003, 0.000000000000000000 ) ) ;
#380 = CARTESIAN_POINT ( 'NONE',  ( 82.59026007322829344, -8.079461605445601435, 33.21474836013609888 ) ) ;
#381 = CARTESIAN_POINT ( 'NONE',  ( -13.54996967074590053, 20.13690908864820273, 100.0000000000000000 ) ) ;
#382 = ORIENTED_EDGE ( 'NONE', *, *, #814, .T. ) ;
#383 = CARTESIAN_POINT ( 'NONE',  ( 75.83041695721313147, -15.89515183764438078, 84.85508431122624984 ) ) ;
#384 = EDGE_CURVE ( 'NONE', #650, #1570, #183, .T. ) ;
#385 = LINE ( 'NONE', #1379, #690 ) ;
#386 = EDGE_LOOP ( 'NONE', ( #79, #1353, #813, #1141 ) ) ;
#387 = EDGE_CURVE ( 'NONE', #1762, #47, #1023, .T. ) ;
#388 = CARTESIAN_POINT ( 'NONE',  ( 0.8681569251927936381, -0.8681830265158473336, -0.0002460856337201767032 ) ) ;
#389 = CARTESIAN_POINT ( 'NONE',  ( -14.13438220036859860, 88.34724807814730241, 73.33333333333328596 ) ) ;
#390 = CARTESIAN_POINT ( 'NONE',  ( 0.000000000000000000, 75.00000000000000000, 0.000000000000000000 ) ) ;
#391 = ORIENTED_EDGE ( 'NONE', *, *, #1305, .F. ) ;
#392 = LINE ( 'NONE', #1502, #659 ) ;
#393 = CARTESIAN_POINT ( 'NONE',  ( -39.36840590845942245, 53.24243386630146802, 147.5547211310366436 ) ) ;
#394 = AXIS2_PLACEMENT_3D ( 'NONE', #768, #186, #748 ) ;
#395 = ORIENTED_EDGE ( 'NONE', *, *, #1309, .F. ) ;
#396 = AXIS2_PLACEMENT_3D ( 'NONE', #614, #1449, #191 ) ;
#397 = CARTESIAN_POINT ( 'NONE',  ( 132.9601476349478162, 132.9476153263995286, 140.9828371463724181 ) ) ;
#398 = EDGE_CURVE ( 'NONE', #711, #1327, #1003, .T. ) ;
#399 = CARTESIAN_POINT ( 'NONE',  ( 58.98027390793964031, -14.86695203850545255, 103.8653681696780211 ) ) ;
#400 = VECTOR ( 'NONE', #345, 1000.000000000000114 ) ;
#401 = LINE ( 'NONE', #546, #1016 ) ;
#402 = ORIENTED_EDGE ( 'NONE', *, *, #1092, .T. ) ;
#403 = CARTESIAN_POINT ( 'NONE',  ( 51.51501507668832858, -35.21444897382652783, 192.9976828219701588 ) ) ;
#404 = CARTESIAN_POINT ( 'NONE',  ( -0.1660892059757627104, 60.60805398614451889, 300.1328394906589097 ) ) ;
#405 = ORIENTED_EDGE ( 'NONE', *, *, #1539, .F. ) ;
#406 = DIRECTION ( 'NONE',  ( -0.5767781274876291331, -0.5765967625757206783, -0.5786736256639505305 ) ) ;
#407 = CARTESIAN_POINT ( 'NONE',  ( 59.79686120727640741, 93.95740463344840521, 73.33333333333328596 ) ) ;
#408 = EDGE_CURVE ( 'NONE', #512, #588, #1544, .T. ) ;
#409 = DIRECTION ( 'NONE',  ( -0.03257715387297448195, -0.07314827196083409366, -0.9967888740122856639 ) ) ;
#410 = ADVANCED_FACE ( 'NONE', ( #452 ), #866, .F. ) ;
#411 = CARTESIAN_POINT ( 'NONE',  ( 88.46992676465271188, -14.25706088687399919, 73.33333333333328596 ) ) ;
#412 = CARTESIAN_POINT ( 'NONE',  ( 99.06572828211913873, 97.28706538984657470, 138.8984436918086942 ) ) ;
#413 = ORIENTED_EDGE ( 'NONE', *, *, #950, .F. ) ;
#414 = DIRECTION ( 'NONE',  ( 0.1055686573425661801, 0.9906226007172524994, -0.08673016508156115856 ) ) ;
#415 = CARTESIAN_POINT ( 'NONE',  ( -13.00000000000000000, 42.14777108535940187, 60.00000000000000000 ) ) ;
#416 = DIRECTION ( 'NONE',  ( 0.09176348221286334539, 0.01384481563648564534, 0.9956845807845782215 ) ) ;
#417 = FACE_OUTER_BOUND ( 'NONE', #1097, .T. ) ;
#418 = FACE_OUTER_BOUND ( 'NONE', #1721, .T. ) ;
#419 = EDGE_LOOP ( 'NONE', ( #206, #670, #817, #4 ) ) ;
#420 = LINE ( 'NONE', #704, #1128 ) ;
#421 = CARTESIAN_POINT ( 'NONE',  ( 61.33124001257689883, 96.24803823899459587, 86.66666666666669983 ) ) ;
#422 = VECTOR ( 'NONE', #33, 1000.000000000000114 ) ;
#423 = DIRECTION ( 'NONE',  ( 0.9922737978826059457, -0.09922376130103842395, 0.07448056947220500768 ) ) ;
#424 = FACE_OUTER_BOUND ( 'NONE', #267, .T. ) ;
#425 = VECTOR ( 'NONE', #818, 1000.000000000000114 ) ;
#426 = VECTOR ( 'NONE', #626, 1000.000000000000227 ) ;
#427 =( GEOMETRIC_REPRESENTATION_CONTEXT ( 3 ) GLOBAL_UNCERTAINTY_ASSIGNED_CONTEXT ( ( #683 ) ) GLOBAL_UNIT_ASSIGNED_CONTEXT ( ( #1518, #173, #163 ) ) REPRESENTATION_CONTEXT ( 'NONE', 'WORKASPACE' ) );
#428 = CARTESIAN_POINT ( 'NONE',  ( 60.90989578272935034, -21.13680066674588431, 173.8549885574297207 ) ) ;
#429 = EDGE_CURVE ( 'NONE', #185, #244, #1299, .T. ) ;
#430 = DIRECTION ( 'NONE',  ( 0.000000000000000000, -0.1054743830901943569, -0.9944220203272566838 ) ) ;
#431 = EDGE_LOOP ( 'NONE', ( #925, #919, #947, #466 ) ) ;
#432 = EDGE_CURVE ( 'NONE', #1422, #244, #1280, .T. ) ;
#433 = CARTESIAN_POINT ( 'NONE',  ( 93.89372360296391662, 93.89372360296391662, 60.00000000000000000 ) ) ;
#434 = ORIENTED_EDGE ( 'NONE', *, *, #80, .T. ) ;
#435 = CARTESIAN_POINT ( 'NONE',  ( -5.270551628578670211, 60.90657278791780271, 19.73076218727290154 ) ) ;
#436 = LINE ( 'NONE', #1005, #129 ) ;
#437 = LINE ( 'NONE', #1684, #1071 ) ;
#438 = DIRECTION ( 'NONE',  ( 0.008040264347241074527, 0.07446968930840339174, 0.9971908641396270978 ) ) ;
#439 = EDGE_CURVE ( 'NONE', #790, #185, #165, .T. ) ;
#440 = ORIENTED_EDGE ( 'NONE', *, *, #180, .T. ) ;
#441 = CARTESIAN_POINT ( 'NONE',  ( 63.02223450399630167, -9.603884961912029894, 39.73076218727289444 ) ) ;
#442 = EDGE_CURVE ( 'NONE', #1663, #636, #1268, .T. ) ;
#443 = ORIENTED_EDGE ( 'NONE', *, *, #229, .F. ) ;
#444 = CARTESIAN_POINT ( 'NONE',  ( -5.270551628578680869, 22.81686603425509929, 19.73076218727290154 ) ) ;
#445 = CARTESIAN_POINT ( 'NONE',  ( -0.8435517563479780767, 77.09641013045990121, 300.0000000000000000 ) ) ;
#446 = DIRECTION ( 'NONE',  ( -0.9120443798336632657, 0.4100915132184873579, 0.000000000000000000 ) ) ;
#447 = DIRECTION ( 'NONE',  ( 0.3906840870681045352, 0.4497191528489712375, -0.8031927711779814905 ) ) ;
#448 = ORIENTED_EDGE ( 'NONE', *, *, #732, .T. ) ;
#449 = CARTESIAN_POINT ( 'NONE',  ( 81.84524789348981244, 25.03059603127119814, 19.73076218727290154 ) ) ;
#450 = EDGE_LOOP ( 'NONE', ( #434, #864, #1338, #1413, #1022 ) ) ;
#451 = ADVANCED_FACE ( 'NONE', ( #1151 ), #1708, .T. ) ;
#452 = FACE_OUTER_BOUND ( 'NONE', #1608, .T. ) ;
#453 = LINE ( 'NONE', #1491, #517 ) ;
#454 = AXIS2_PLACEMENT_3D ( 'NONE', #676, #954, #1513 ) ;
#455 = VECTOR ( 'NONE', #680, 1000.000000000000114 ) ;
#456 = DIRECTION ( 'NONE',  ( -0.000000000000000000, 0.5856145949191269295, 0.8105896287380607301 ) ) ;
#457 = VECTOR ( 'NONE', #416, 1000.000000000000114 ) ;
#458 = CARTESIAN_POINT ( 'NONE',  ( 60.22061615529289469, -14.99098174013175111, 103.9584688815182716 ) ) ;
#459 = VERTEX_POINT ( 'NONE', #920 ) ;
#460 = CARTESIAN_POINT ( 'NONE',  ( 0.000000000000000000, 75.00000000000000000, 0.000000000000000000 ) ) ;
#461 = ORIENTED_EDGE ( 'NONE', *, *, #1114, .F. ) ;
#462 = CARTESIAN_POINT ( 'NONE',  ( -13.00000000000000000, 64.68031848156900310, 60.00000000000000000 ) ) ;
#463 = CARTESIAN_POINT ( 'NONE',  ( 90.98404853840079909, -16.77118266062210239, 100.0000000000000000 ) ) ;
#464 = ADVANCED_FACE ( 'NONE', ( #1068 ), #1764, .F. ) ;
#465 = B_SPLINE_CURVE_WITH_KNOTS ( 'NONE', 3,
 ( #160, #1395, #1695, #147, #871, #28 ),
 .UNSPECIFIED., .F., .F.,
 ( 4, 2, 4 ),
 ( 0.000000000000000000, 0.3363382268827050381, 1.000000000000000000 ),
 .UNSPECIFIED. ) ;
#466 = ORIENTED_EDGE ( 'NONE', *, *, #1730, .F. ) ;
#467 = EDGE_CURVE ( 'NONE', #185, #1295, #1345, .T. ) ;
#468 = ORIENTED_EDGE ( 'NONE', *, *, #1146, .F. ) ;
#469 = FACE_OUTER_BOUND ( 'NONE', #541, .T. ) ;
#470 = VERTEX_POINT ( 'NONE', #646 ) ;
#471 = LINE ( 'NONE', #1453, #252 ) ;
#472 = DIRECTION ( 'NONE',  ( 0.7071067811865474617, -0.7071067811865474617, 0.000000000000000000 ) ) ;
#473 = EDGE_LOOP ( 'NONE', ( #1696, #1659, #1440, #642, #786, #151, #1612, #624, #141, #402, #15, #1475 ) ) ;
#474 = CARTESIAN_POINT ( 'NONE',  ( 131.8467734799894231, 131.8304920793014503, 154.3276173734077190 ) ) ;
#475 = ADVANCED_FACE ( 'NONE', ( #371, #762 ), #1589, .F. ) ;
#476 = FACE_OUTER_BOUND ( 'NONE', #1437, .T. ) ;
#477 = LINE ( 'NONE', #1202, #1511 ) ;
#478 = EDGE_LOOP ( 'NONE', ( #134, #1111, #1448, #1614 ) ) ;
#479 = LINE ( 'NONE', #1323, #1804 ) ;
#480 = DIRECTION ( 'NONE',  ( 0.06684016393735524308, -0.07822256861577837894, -0.9946927275515676792 ) ) ;
#481 = ORIENTED_EDGE ( 'NONE', *, *, #1083, .F. ) ;
#482 = VECTOR ( 'NONE', #967, 1000.000000000000114 ) ;
#483 = AXIS2_PLACEMENT_3D ( 'NONE', #341, #1166, #770 ) ;
#484 = ORIENTED_EDGE ( 'NONE', *, *, #1073, .F. ) ;
#485 = ADVANCED_FACE ( 'NONE', ( #772 ), #1185, .T. ) ;
#486 = VECTOR ( 'NONE', #262, 1000.000000000000114 ) ;
#487 = CARTESIAN_POINT ( 'NONE',  ( 133.1389075519086873, 131.3554383887969550, 152.2408223352394998 ) ) ;
#488 = ORIENTED_EDGE ( 'NONE', *, *, #685, .T. ) ;
#489 = AXIS2_PLACEMENT_3D ( 'NONE', #224, #1355, #1069 ) ;
#490 = LINE ( 'NONE', #1052, #38 ) ;
#491 = CARTESIAN_POINT ( 'NONE',  ( -16.40314660110600187, 90.61601247888459909, 100.0000000000000000 ) ) ;
#492 = CARTESIAN_POINT ( 'NONE',  ( -35.18961817720298768, 51.49279107334967875, 193.0222599047551171 ) ) ;
#493 = ORIENTED_EDGE ( 'NONE', *, *, #764, .T. ) ;
#494 = CARTESIAN_POINT ( 'NONE',  ( 58.26248240197590178, 91.66677102790208664, 60.00000000000000000 ) ) ;
#495 = DIRECTION ( 'NONE',  ( -0.07513579225296812547, 0.000000000000000000, 0.9971733112766902885 ) ) ;
#496 = CARTESIAN_POINT ( 'NONE',  ( -33.46397843358569446, 53.16673185572270910, 189.8154027955745846 ) ) ;
#497 = EDGE_CURVE ( 'NONE', #1172, #1011, #211, .T. ) ;
#498 = ORIENTED_EDGE ( 'NONE', *, *, #1340, .T. ) ;
#499 = FACE_OUTER_BOUND ( 'NONE', #1479, .T. ) ;
#500 = CARTESIAN_POINT ( 'NONE',  ( 76.66535389679239643, -1.772687989449919899, 6.636209569111689355 ) ) ;
#501 = DIRECTION ( 'NONE',  ( 0.8169005275381867603, -0.4077348836577509572, -0.4079531747105697437 ) ) ;
#502 = EDGE_LOOP ( 'NONE', ( #1791, #872, #1067, #1497 ) ) ;
#503 = DIRECTION ( 'NONE',  ( 0.2643281320517838484, 0.8932991295339137716, -0.3635207061227276881 ) ) ;
#504 = CARTESIAN_POINT ( 'NONE',  ( 78.25325320222459879, -5.183778918144547276, 175.2586439876531585 ) ) ;
#505 = EDGE_LOOP ( 'NONE', ( #177, #851, #1289, #1725, #890 ) ) ;
#506 = ADVANCED_FACE ( 'NONE', ( #1490 ), #202, .F. ) ;
#507 = CARTESIAN_POINT ( 'NONE',  ( 26.13812618111580122, 1.662016672382889970, 300.0000000000000000 ) ) ;
#508 = CARTESIAN_POINT ( 'NONE',  ( 0.000000000000000000, 25.00000000000000000, 0.000000000000000000 ) ) ;
#509 = EDGE_CURVE ( 'NONE', #1195, #1267, #754, .T. ) ;
#510 = DIRECTION ( 'NONE',  ( 0.8933381174767177635, 0.1218883589525987243, -0.4325392881750703133 ) ) ;
#511 = ORIENTED_EDGE ( 'NONE', *, *, #1060, .T. ) ;
#512 = VERTEX_POINT ( 'NONE', #1756 ) ;
#513 = AXIS2_PLACEMENT_3D ( 'NONE', #1135, #456, #878 ) ;
#514 = CARTESIAN_POINT ( 'NONE',  ( 8.333333333333330373, 16.66666666666669627, 0.000000000000000000 ) ) ;
#515 = AXIS2_PLACEMENT_3D ( 'NONE', #52, #1040, #1734 ) ;
#516 = VERTEX_POINT ( 'NONE', #1354 ) ;
#517 = VECTOR ( 'NONE', #1334, 1000.000000000000000 ) ;
#518 = CARTESIAN_POINT ( 'NONE',  ( -13.00000000000000000, 19.61522368914979708, 60.00000000000000000 ) ) ;
#519 = DIRECTION ( 'NONE',  ( 0.001419490662114701856, 0.9999005073567216462, -0.01403425929755343360 ) ) ;
#520 = DIRECTION ( 'NONE',  ( 0.6815106586612724726, 0.6814145266044614457, 0.2668660058222028231 ) ) ;
#521 = EDGE_CURVE ( 'NONE', #1691, #1468, #479, .T. ) ;
#522 = ORIENTED_EDGE ( 'NONE', *, *, #238, .F. ) ;
#523 = DIRECTION ( 'NONE',  ( 0.5372941107776915137, -0.6001457339553153414, -0.5925707860997244669 ) ) ;
#524 = CARTESIAN_POINT ( 'NONE',  ( 13.45439347997719892, 4.091920925699250589, 19.73076218727290154 ) ) ;
#525 = ORIENTED_EDGE ( 'NONE', *, *, #1035, .F. ) ;
#526 = CARTESIAN_POINT ( 'NONE',  ( -13.54996967074590053, 20.13690908864820273, 100.0000000000000000 ) ) ;
#527 = CARTESIAN_POINT ( 'NONE',  ( 90.98404853840079909, -16.77118266062210239, 100.0000000000000000 ) ) ;
#528 = LINE ( 'NONE', #1383, #1776 ) ;
#529 = ORIENTED_EDGE ( 'NONE', *, *, #1239, .T. ) ;
#530 = CARTESIAN_POINT ( 'NONE',  ( 75.00000000000000000, 8.881784197001249168E-15, 0.000000000000000000 ) ) ;
#531 = EDGE_CURVE ( 'NONE', #95, #1059, #654, .T. ) ;
#532 = CARTESIAN_POINT ( 'NONE',  ( -9.603884961912010354, 21.02194059730500086, 39.73076218727289444 ) ) ;
#533 = ORIENTED_EDGE ( 'NONE', *, *, #214, .F. ) ;
#534 = DIRECTION ( 'NONE',  ( 0.7070961374053307269, -0.7071173964014605406, -0.0002004317376556975306 ) ) ;
#535 = DIRECTION ( 'NONE',  ( 0.1714056706607446356, 0.7656407250010914822, -0.6200115936699437391 ) ) ;
#536 = ORIENTED_EDGE ( 'NONE', *, *, #1461, .T. ) ;
#537 = LINE ( 'NONE', #548, #568 ) ;
#538 = DIRECTION ( 'NONE',  ( 0.1217926450498185431, 0.8934570280586255908, -0.4323205877869072400 ) ) ;
#539 = EDGE_CURVE ( 'NONE', #1468, #103, #471, .T. ) ;
#540 = VECTOR ( 'NONE', #523, 1000.000000000000227 ) ;
#541 = EDGE_LOOP ( 'NONE', ( #1078, #993, #877, #1331 ) ) ;
#542 = VECTOR ( 'NONE', #1488, 1000.000000000000000 ) ;
#543 = FACE_OUTER_BOUND ( 'NONE', #1120, .T. ) ;
#544 = CARTESIAN_POINT ( 'NONE',  ( -13.36664644716389816, 19.96301395548200119, 86.66666666666669983 ) ) ;
#545 = AXIS2_PLACEMENT_3D ( 'NONE', #1054, #1198, #1777 ) ;
#546 = CARTESIAN_POINT ( 'NONE',  ( 97.87601497760924474, 97.87451469389952763, 105.7834055442567944 ) ) ;
#547 = PRODUCT ( '\X2\9c7c5934\X0\Gen1', '\X2\9c7c5934\X0\Gen1', '', ( #607 ) ) ;
#548 = CARTESIAN_POINT ( 'NONE',  ( -14.78446620572429460, 58.40013084642099273, 104.1652619982097292 ) ) ;
#549 = FACE_OUTER_BOUND ( 'NONE', #87, .T. ) ;
#550 = ORIENTED_EDGE ( 'NONE', *, *, #531, .T. ) ;
#551 = DIRECTION ( 'NONE',  ( 0.000000000000000000, -0.8801532349456687720, -0.4746896702211608754 ) ) ;
#552 = DIRECTION ( 'NONE',  ( 0.9922737978826059457, -0.09922376130103842395, 0.07448056947220500768 ) ) ;
#553 = ADVANCED_FACE ( 'NONE', ( #60 ), #195, .F. ) ;
#554 = CARTESIAN_POINT ( 'NONE',  ( 1.688904102369104265, 86.45912549934901392, 179.1407598480990941 ) ) ;
#555 = CARTESIAN_POINT ( 'NONE',  ( 42.14777108535940187, -13.00000000000000000, 60.00000000000000000 ) ) ;
#556 = CARTESIAN_POINT ( 'NONE',  ( -6.120082424118386655, 81.68114367392728070, 232.1765030463107564 ) ) ;
#557 = VERTEX_POINT ( 'NONE', #637 ) ;
#558 = CARTESIAN_POINT ( 'NONE',  ( -39.48998382671348395, 53.32691776207722256, 146.2726392152418669 ) ) ;
#559 = CARTESIAN_POINT ( 'NONE',  ( -16.40314660110600187, 90.61601247888459909, 100.0000000000000000 ) ) ;
#560 = DIRECTION ( 'NONE',  ( -0.008519298041529550433, 0.5588725758703834146, 0.8292097837705980634 ) ) ;
#561 = ADVANCED_FACE ( 'NONE', ( #499 ), #352, .F. ) ;
#562 = EDGE_CURVE ( 'NONE', #1316, #1768, #911, .T. ) ;
#563 = LINE ( 'NONE', #849, #307 ) ;
#564 = DIRECTION ( 'NONE',  ( 0.9218531674006611443, 0.000000000000000000, -0.3875393370399559667 ) ) ;
#565 = ORIENTED_EDGE ( 'NONE', *, *, #888, .T. ) ;
#566 = CARTESIAN_POINT ( 'NONE',  ( 41.66666666666669983, 0.000000000000000000, 0.000000000000000000 ) ) ;
#567 = EDGE_LOOP ( 'NONE', ( #1183, #522, #1026, #615 ) ) ;
#568 = VECTOR ( 'NONE', #1109, 1000.000000000000114 ) ;
#569 = LINE ( 'NONE', #153, #156 ) ;
#570 = CARTESIAN_POINT ( 'NONE',  ( 102.5000015273689939, 102.5000015273689939, 100.0000000000000000 ) ) ;
#571 = VECTOR ( 'NONE', #1412, 1000.000000000000114 ) ;
#572 = VECTOR ( 'NONE', #765, 1000.000000000000000 ) ;
#573 = EDGE_CURVE ( 'NONE', #342, #1086, #490, .T. ) ;
#574 = PLANE ( 'NONE',  #1802 ) ;
#575 = ADVANCED_FACE ( 'NONE', ( #71 ), #1196, .F. ) ;
#576 = LINE ( 'NONE', #584, #1713 ) ;
#577 = ORIENTED_EDGE ( 'NONE', *, *, #1539, .T. ) ;
#578 = CARTESIAN_POINT ( 'NONE',  ( 83.73906962223038875, 55.33174369112109048, 19.73076218727290154 ) ) ;
#579 = SHAPE_DEFINITION_REPRESENTATION ( #131, #1341 ) ;
#580 = ORIENTED_EDGE ( 'NONE', *, *, #611, .T. ) ;
#581 = CARTESIAN_POINT ( 'NONE',  ( -13.00000000000000000, 19.61522368914979708, 60.00000000000000000 ) ) ;
#582 = LINE ( 'NONE', #463, #1311 ) ;
#583 = PLANE ( 'NONE',  #1126 ) ;
#584 = CARTESIAN_POINT ( 'NONE',  ( -17.26208329416693843, 61.23649399361834611, 104.2359881203666276 ) ) ;
#585 = VERTEX_POINT ( 'NONE', #397 ) ;
#586 = EDGE_CURVE ( 'NONE', #197, #117, #948, .T. ) ;
#587 = CARTESIAN_POINT ( 'NONE',  ( 81.89455668920849973, 81.89455668920849973, 6.636209569111689355 ) ) ;
#588 = VERTEX_POINT ( 'NONE', #1810 ) ;
#589 = DIRECTION ( 'NONE',  ( 0.08446944016291649260, -0.08446944016291627055, -0.9928392756922577167 ) ) ;
#590 = DIRECTION ( 'NONE',  ( 0.04044946249477212458, -0.9991815855908695587, 0.000000000000000000 ) ) ;
#591 = LINE ( 'NONE', #1821, #1740 ) ;
#592 = DIRECTION ( 'NONE',  ( -0.7066477269745797818, 0.5179633695979692920, 0.4820403901296833604 ) ) ;
#593 = EDGE_LOOP ( 'NONE', ( #57, #365, #218, #1228 ) ) ;
#594 = CARTESIAN_POINT ( 'NONE',  ( 93.89372360296391662, 93.89372360296391662, 60.00000000000000000 ) ) ;
#595 = EDGE_CURVE ( 'NONE', #1295, #650, #1792, .T. ) ;
#596 = APPLICATION_PROTOCOL_DEFINITION ( 'draft international standard', 'automotive_design', 1998, #1784 ) ;
#597 = EDGE_LOOP ( 'NONE', ( #493, #1178, #395, #1588 ) ) ;
#598 = CARTESIAN_POINT ( 'NONE',  ( 50.27467282933507420, -35.09041927220022927, 192.9045821101298941 ) ) ;
#599 = CARTESIAN_POINT ( 'NONE',  ( -35.16635708727589105, 50.32245086485160357, 191.8668041169330252 ) ) ;
#600 = AXIS2_PLACEMENT_3D ( 'NONE', #348, #634, #495 ) ;
#601 = AXIS2_PLACEMENT_3D ( 'NONE', #1807, #1077, #107 ) ;
#602 = VERTEX_POINT ( 'NONE', #1252 ) ;
#603 = VECTOR ( 'NONE', #17, 1000.000000000000000 ) ;
#604 = VECTOR ( 'NONE', #837, 1000.000000000000114 ) ;
#605 = ORIENTED_EDGE ( 'NONE', *, *, #1808, .F. ) ;
#606 = DIRECTION ( 'NONE',  ( -0.07566615775816973311, 0.2322932742531484962, -0.9696981320528916815 ) ) ;
#607 = PRODUCT_CONTEXT ( 'NONE', #90, 'mechanical' ) ;
#608 = ORIENTED_EDGE ( 'NONE', *, *, #1585, .T. ) ;
#609 = CARTESIAN_POINT ( 'NONE',  ( -8.079461605445551697, 82.59026007322829344, 33.21474836013609888 ) ) ;
#610 = CARTESIAN_POINT ( 'NONE',  ( 96.76248291109889976, 96.76248291109889976, 73.33333333333328596 ) ) ;
#611 = EDGE_CURVE ( 'NONE', #516, #1086, #1646, .T. ) ;
#612 = ORIENTED_EDGE ( 'NONE', *, *, #814, .F. ) ;
#613 = ORIENTED_EDGE ( 'NONE', *, *, #329, .T. ) ;
#614 = CARTESIAN_POINT ( 'NONE',  ( -27.80283424759365118, 103.5231601933218428, 200.2511131325997553 ) ) ;
#615 = ORIENTED_EDGE ( 'NONE', *, *, #1808, .T. ) ;
#616 = DIRECTION ( 'NONE',  ( -0.8947284815543783409, -0.4466105062528157865, 0.000000000000000000 ) ) ;
#617 = CARTESIAN_POINT ( 'NONE',  ( 58.98027390793964031, -14.86695203850545255, 103.8653681696780211 ) ) ;
#618 = ADVANCED_FACE ( 'NONE', ( #1654, #125 ), #1638, .F. ) ;
#619 = VERTEX_POINT ( 'NONE', #1800 ) ;
#620 = CARTESIAN_POINT ( 'NONE',  ( -8.972944162268809976, 53.89631842332406109, 179.1843942210477110 ) ) ;
#621 = ADVANCED_FACE ( 'NONE', ( #1517 ), #1773, .F. ) ;
#622 = DIRECTION ( 'NONE',  ( 0.8475099597556745579, 0.1330954906077523592, 0.5138214266599016034 ) ) ;
#623 = DIRECTION ( 'NONE',  ( 0.08285476006827886819, 0.08313375893701056840, -0.9930880458745996453 ) ) ;
#624 = ORIENTED_EDGE ( 'NONE', *, *, #80, .F. ) ;
#625 = DIRECTION ( 'NONE',  ( 0.3800545783319521642, -0.7185422643358683192, 0.5824564634820401654 ) ) ;
#626 = DIRECTION ( 'NONE',  ( 0.8933381174767177635, 0.1218883589525987243, -0.4325392881750703133 ) ) ;
#627 = DIRECTION ( 'NONE',  ( 0.06237828615518053316, 0.9980525784828885305, 0.000000000000000000 ) ) ;
#628 = COLOUR_RGB ( '',0.7921568627450980005, 0.8196078431372548767, 0.9333333333333333481 ) ;
#629 = EDGE_LOOP ( 'NONE', ( #1008, #339, #231, #143, #63, #1130, #885, #1127, #335, #1103, #239, #1165 ) ) ;
#630 = LINE ( 'NONE', #907, #745 ) ;
#631 = EDGE_CURVE ( 'NONE', #802, #197, #1233, .T. ) ;
#632 = AXIS2_PLACEMENT_3D ( 'NONE', #956, #1351, #1790 ) ;
#633 = AXIS2_PLACEMENT_3D ( 'NONE', #979, #841, #564 ) ;
#634 = DIRECTION ( 'NONE',  ( -0.9925834026908343377, 0.09583659188795654038, -0.07478994824163427702 ) ) ;
#635 = CARTESIAN_POINT ( 'NONE',  ( 53.33576109474837779, -39.50161798519688006, 146.2463270571496139 ) ) ;
#636 = VERTEX_POINT ( 'NONE', #691 ) ;
#637 = CARTESIAN_POINT ( 'NONE',  ( 131.8467734799894231, 131.8304920793014503, 154.3276173734077190 ) ) ;
#638 = DIRECTION ( 'NONE',  ( -0.1047855984748097408, -0.9916701199265096633, 0.07490228032054779828 ) ) ;
#639 = CARTESIAN_POINT ( 'NONE',  ( 97.87601497760924474, 97.87451469389952763, 105.7834055442567944 ) ) ;
#640 = VERTEX_POINT ( 'NONE', #1211 ) ;
#641 = LINE ( 'NONE', #1056, #1536 ) ;
#642 = ORIENTED_EDGE ( 'NONE', *, *, #1352, .T. ) ;
#643 = FACE_OUTER_BOUND ( 'NONE', #593, .T. ) ;
#644 = EDGE_CURVE ( 'NONE', #640, #1342, #268, .T. ) ;
#645 = ORIENTED_EDGE ( 'NONE', *, *, #698, .T. ) ;
#646 = CARTESIAN_POINT ( 'NONE',  ( -24.41894728816686566, 102.5368530290513149, 256.2826640873636279 ) ) ;
#647 = CARTESIAN_POINT ( 'NONE',  ( 93.89372360296391662, 93.89372360296391662, 60.00000000000000000 ) ) ;
#648 = LINE ( 'NONE', #102, #897 ) ;
#649 = ORIENTED_EDGE ( 'NONE', *, *, #167, .T. ) ;
#650 = VERTEX_POINT ( 'NONE', #518 ) ;
#651 = CARTESIAN_POINT ( 'NONE',  ( 0.000000000000000000, 75.00000000000000000, 0.000000000000000000 ) ) ;
#652 = ORIENTED_EDGE ( 'NONE', *, *, #1706, .F. ) ;
#653 = ADVANCED_FACE ( 'NONE', ( #1671 ), #1104, .T. ) ;
#654 = LINE ( 'NONE', #1609, #1368 ) ;
#655 = CARTESIAN_POINT ( 'NONE',  ( 78.23110593240500066, -3.439354656116599962, 13.30287623577840073 ) ) ;
#656 = PLANE ( 'NONE',  #545 ) ;
#657 = ORIENTED_EDGE ( 'NONE', *, *, #318, .F. ) ;
#658 = CARTESIAN_POINT ( 'NONE',  ( 21.65337742635169960, -8.079461605445551697, 33.21474836013609888 ) ) ;
#659 = VECTOR ( 'NONE', #1530, 1000.000000000000114 ) ;
#660 = CARTESIAN_POINT ( 'NONE',  ( 19.61522368914979708, -13.00000000000000000, 60.00000000000000000 ) ) ;
#661 = VECTOR ( 'NONE', #1606, 1000.000000000000000 ) ;
#662 = ORIENTED_EDGE ( 'NONE', *, *, #133, .F. ) ;
#663 = VECTOR ( 'NONE', #989, 1000.000000000000114 ) ;
#664 = DIRECTION ( 'NONE',  ( 0.07351539049025011818, 0.03220844157277546332, 0.9967738477972418742 ) ) ;
#665 = CARTESIAN_POINT ( 'NONE',  ( 54.57610334210163217, -39.62564768682317151, 146.3394277689898786 ) ) ;
#666 = LINE ( 'NONE', #1070, #1075 ) ;
#667 = ORIENTED_EDGE ( 'NONE', *, *, #1730, .T. ) ;
#668 = CARTESIAN_POINT ( 'NONE',  ( 89.72698765152669864, -15.51412177374810142, 86.66666666666669983 ) ) ;
#669 = PLANE ( 'NONE',  #865 ) ;
#670 = ORIENTED_EDGE ( 'NONE', *, *, #1414, .F. ) ;
#671 = DIRECTION ( 'NONE',  ( -0.09948125742400598659, -0.9950394037321845797, -0.0002538535745413250081 ) ) ;
#672 = LINE ( 'NONE', #1818, #312 ) ;
#673 = FACE_OUTER_BOUND ( 'NONE', #999, .T. ) ;
#674 = ORIENTED_EDGE ( 'NONE', *, *, #831, .T. ) ;
#675 = EDGE_CURVE ( 'NONE', #1086, #257, #974, .T. ) ;
#676 = CARTESIAN_POINT ( 'NONE',  ( 27.08787467510047264, 27.08787467510046909, -2.873102980604233636 ) ) ;
#677 = ADVANCED_FACE ( 'NONE', ( #1087 ), #809, .T. ) ;
#678 = CARTESIAN_POINT ( 'NONE',  ( 0.6047235578270100387, 10.81333207756600068, 39.73076218727289444 ) ) ;
#679 = ORIENTED_EDGE ( 'NONE', *, *, #1193, .F. ) ;
#680 = DIRECTION ( 'NONE',  ( -0.09917277348990914676, 0.9922556246453494433, 0.07478994824163455457 ) ) ;
#681 = CARTESIAN_POINT ( 'NONE',  ( 22.83123950345390085, 91.15232635579779696, 73.33333333333339965 ) ) ;
#682 = DIRECTION ( 'NONE',  ( -0.08240792132037545736, 0.06671240417280532853, -0.9943633086720060632 ) ) ;
#683 = UNCERTAINTY_MEASURE_WITH_UNIT (LENGTH_MEASURE( 1.000000000000000082E-05 ), #1518, 'distance_accuracy_value', 'NONE');
#684 = CARTESIAN_POINT ( 'NONE',  ( 67.18993440501868974, -15.51904401386560117, 100.0000000000000000 ) ) ;
#685 = EDGE_CURVE ( 'NONE', #95, #117, #1373, .T. ) ;
#686 = CARTESIAN_POINT ( 'NONE',  ( 101.7848374873559862, -29.59409259312943519, 200.4008557159615691 ) ) ;
#687 =( GEOMETRIC_REPRESENTATION_CONTEXT ( 3 ) GLOBAL_UNCERTAINTY_ASSIGNED_CONTEXT ( ( #1256 ) ) GLOBAL_UNIT_ASSIGNED_CONTEXT ( ( #48, #896, #357 ) ) REPRESENTATION_CONTEXT ( 'NONE', 'WORKASPACE' ) );
#688 = ORIENTED_EDGE ( 'NONE', *, *, #1073, .T. ) ;
#689 = EDGE_CURVE ( 'NONE', #636, #990, #1362, .T. ) ;
#690 = VECTOR ( 'NONE', #246, 1000.000000000000114 ) ;
#691 = CARTESIAN_POINT ( 'NONE',  ( 101.3872087861613949, 99.61636307221237985, 111.0734335729523394 ) ) ;
#692 = VECTOR ( 'NONE', #1484, 1000.000000000000114 ) ;
#693 = PLANE ( 'NONE',  #222 ) ;
#694 = CARTESIAN_POINT ( 'NONE',  ( 90.98404853840079909, -16.77118266062210239, 100.0000000000000000 ) ) ;
#695 = DIRECTION ( 'NONE',  ( 0.7051263942166730025, 0.7051263942166730025, -0.07478994824163413824 ) ) ;
#696 = ORIENTED_EDGE ( 'NONE', *, *, #467, .F. ) ;
#697 = LINE ( 'NONE', #314, #806 ) ;
#698 = EDGE_CURVE ( 'NONE', #1542, #602, #1398, .T. ) ;
#699 = LINE ( 'NONE', #665, #604 ) ;
#700 = CARTESIAN_POINT ( 'NONE',  ( -29.10329717687721285, 102.1294719501960060, 201.5919737787422150 ) ) ;
#701 = DIRECTION ( 'NONE',  ( 0.9922737978826059457, -0.09922376130103842395, 0.07448056947220500768 ) ) ;
#702 = CARTESIAN_POINT ( 'NONE',  ( -13.08741896302664820, 58.68189742594356773, 126.9506161288698820 ) ) ;
#703 = ORIENTED_EDGE ( 'NONE', *, *, #54, .T. ) ;
#704 = CARTESIAN_POINT ( 'NONE',  ( -70.99763589249515405, 65.02778874837248679, 144.1938747541802854 ) ) ;
#705 = ORIENTED_EDGE ( 'NONE', *, *, #1607, .F. ) ;
#706 = ADVANCED_FACE ( 'NONE', ( #543 ), #1254, .T. ) ;
#707 = CARTESIAN_POINT ( 'NONE',  ( -13.00000000000000000, 87.21286587777859722, 60.00000000000000000 ) ) ;
#708 = DIRECTION ( 'NONE',  ( 0.5846528621550056704, 0.8112835698903065884, 0.000000000000000000 ) ) ;
#709 = CARTESIAN_POINT ( 'NONE',  ( 0.7767572848807126062, 79.21901968133194316, 273.9874037890259615 ) ) ;
#710 = CARTESIAN_POINT ( 'NONE',  ( -17.18453249607422251, 110.8644378971056454, 241.4097018730132902 ) ) ;
#711 = VERTEX_POINT ( 'NONE', #1297 ) ;
#712 = CARTESIAN_POINT ( 'NONE',  ( 88.63490818513990632, 88.63490818513990632, 33.21474836013609888 ) ) ;
#713 = AXIS2_PLACEMENT_3D ( 'NONE', #783, #1599, #1480 ) ;
#714 = ORIENTED_EDGE ( 'NONE', *, *, #1180, .F. ) ;
#715 = AXIS2_PLACEMENT_3D ( 'NONE', #240, #277, #836 ) ;
#716 = CARTESIAN_POINT ( 'NONE',  ( -13.00000000000000000, 87.21286587777859722, 60.00000000000000000 ) ) ;
#717 = CARTESIAN_POINT ( 'NONE',  ( -39.61394979357586976, 54.56723729288390956, 146.3661266505439187 ) ) ;
#718 = VECTOR ( 'NONE', #1063, 1000.000000000000000 ) ;
#719 = VECTOR ( 'NONE', #1291, 1000.000000000000114 ) ;
#720 = ADVANCED_FACE ( 'NONE', ( #142 ), #1543, .F. ) ;
#721 = CARTESIAN_POINT ( 'NONE',  ( -11.06834698929663219, 56.22242455599837285, 178.9718148039354730 ) ) ;
#722 = CARTESIAN_POINT ( 'NONE',  ( 103.5476534728976645, -27.83127660758775335, 200.2138808453574654 ) ) ;
#723 = VERTEX_POINT ( 'NONE', #733 ) ;
#724 = CARTESIAN_POINT ( 'NONE',  ( 41.86171941108649719, -5.270551628578680869, 19.73076218727290154 ) ) ;
#725 = ORIENTED_EDGE ( 'NONE', *, *, #685, .F. ) ;
#726 = CARTESIAN_POINT ( 'NONE',  ( 102.5855316864112012, -24.41014441478889552, 256.8246051564004233 ) ) ;
#727 = LINE ( 'NONE', #154, #928 ) ;
#728 = LINE ( 'NONE', #1292, #1507 ) ;
#729 = EDGE_CURVE ( 'NONE', #171, #1171, #1260, .T. ) ;
#730 = LINE ( 'NONE', #1410, #255 ) ;
#731 = ORIENTED_EDGE ( 'NONE', *, *, #1149, .F. ) ;
#732 = EDGE_CURVE ( 'NONE', #1468, #1688, #420, .T. ) ;
#733 = CARTESIAN_POINT ( 'NONE',  ( 3.652425986296217175, 79.66528229631738611, 271.8799207283142323 ) ) ;
#734 = ORIENTED_EDGE ( 'NONE', *, *, #675, .T. ) ;
#735 = CARTESIAN_POINT ( 'NONE',  ( -9.603884961912010354, 21.02194059730500086, 39.73076218727289444 ) ) ;
#736 = CARTESIAN_POINT ( 'NONE',  ( 98.66135053104629549, 62.74294013137200920, 100.0000000000000000 ) ) ;
#737 = ORIENTED_EDGE ( 'NONE', *, *, #398, .T. ) ;
#738 = DIRECTION ( 'NONE',  ( 0.9986182327452504115, -0.05255116772016382026, 0.000000000000000000 ) ) ;
#739 = ORIENTED_EDGE ( 'NONE', *, *, #442, .F. ) ;
#740 = LINE ( 'NONE', #181, #9 ) ;
#741 = ADVANCED_FACE ( 'NONE', ( #1009 ), #162, .T. ) ;
#742 = VERTEX_POINT ( 'NONE', #1442 ) ;
#743 = DIRECTION ( 'NONE',  ( 0.7071067811865474617, -0.7071067811865474617, 0.000000000000000000 ) ) ;
#744 = LINE ( 'NONE', #166, #1715 ) ;
#745 = VECTOR ( 'NONE', #1457, 1000.000000000000227 ) ;
#746 = VECTOR ( 'NONE', #1569, 1000.000000000000114 ) ;
#747 = EDGE_LOOP ( 'NONE', ( #1367, #1744, #1181, #1072, #1357, #662, #51, #1524 ) ) ;
#748 = DIRECTION ( 'NONE',  ( 1.000000000000000000, 0.000000000000000000, 0.000000000000000000 ) ) ;
#749 = AXIS2_PLACEMENT_3D ( 'NONE', #617, #638, #1774 ) ;
#750 = ORIENTED_EDGE ( 'NONE', *, *, #1634, .T. ) ;
#751 = PLANE ( 'NONE',  #396 ) ;
#752 = VERTEX_POINT ( 'NONE', #433 ) ;
#753 = EDGE_CURVE ( 'NONE', #1489, #1542, #1121, .T. ) ;
#754 = LINE ( 'NONE', #792, #308 ) ;
#755 = FACE_OUTER_BOUND ( 'NONE', #1376, .T. ) ;
#756 = EDGE_CURVE ( 'NONE', #1422, #1388, #1550, .T. ) ;
#757 = ORIENTED_EDGE ( 'NONE', *, *, #432, .F. ) ;
#758 = SURFACE_STYLE_USAGE ( .BOTH. , #198 ) ;
#759 = ORIENTED_EDGE ( 'NONE', *, *, #180, .F. ) ;
#760 = CARTESIAN_POINT ( 'NONE',  ( 60.22061615529289469, -14.99098174013175111, 103.9584688815182716 ) ) ;
#761 = ORIENTED_EDGE ( 'NONE', *, *, #1643, .F. ) ;
#762 = FACE_BOUND ( 'NONE', #1298, .T. ) ;
#763 = CARTESIAN_POINT ( 'NONE',  ( -19.15476572890844764, -17.38146827507672043, 93.29836487810592871 ) ) ;
#764 = EDGE_CURVE ( 'NONE', #1456, #1422, #697, .T. ) ;
#765 = DIRECTION ( 'NONE',  ( -0.06517644223580516816, 0.09392288401375668838, 0.9934437695390823109 ) ) ;
#766 = ORIENTED_EDGE ( 'NONE', *, *, #732, .F. ) ;
#767 = EDGE_CURVE ( 'NONE', #1456, #752, #1235, .T. ) ;
#768 = CARTESIAN_POINT ( 'NONE',  ( 44.84886732804289977, 44.69233339290379803, 300.0000000000000000 ) ) ;
#769 = EDGE_LOOP ( 'NONE', ( #276, #1580, #861, #725, #550, #161 ) ) ;
#770 = DIRECTION ( 'NONE',  ( 0.7070854650582404366, -0.7071279830496404184, -0.0004008634672147729471 ) ) ;
#771 = ORIENTED_EDGE ( 'NONE', *, *, #1741, .F. ) ;
#772 = FACE_OUTER_BOUND ( 'NONE', #113, .T. ) ;
#773 = CARTESIAN_POINT ( 'NONE',  ( -35.18961817720298768, 51.49279107334967875, 193.0222599047551171 ) ) ;
#774 = FACE_OUTER_BOUND ( 'NONE', #419, .T. ) ;
#775 = ORIENTED_EDGE ( 'NONE', *, *, #586, .T. ) ;
#776 = CARTESIAN_POINT ( 'NONE',  ( 58.98027390793964031, -14.86695203850545255, 103.8653681696780211 ) ) ;
#777 = AXIS2_PLACEMENT_3D ( 'NONE', #377, #123, #945 ) ;
#778 = EDGE_CURVE ( 'NONE', #516, #1493, #1277, .T. ) ;
#779 = AXIS2_PLACEMENT_3D ( 'NONE', #1527, #535, #838 ) ;
#780 = ORIENTED_EDGE ( 'NONE', *, *, #274, .F. ) ;
#781 = PLANE ( 'NONE',  #483 ) ;
#782 = EDGE_LOOP ( 'NONE', ( #1048, #346, #798, #148 ) ) ;
#783 = CARTESIAN_POINT ( 'NONE',  ( 80.00000000000000000, 80.00000000000000000, 0.000000000000000000 ) ) ;
#784 = CARTESIAN_POINT ( 'NONE',  ( -14.50102864753259979, 43.62994355206029695, 100.0000000000000000 ) ) ;
#785 = FACE_OUTER_BOUND ( 'NONE', #1232, .T. ) ;
#786 = ORIENTED_EDGE ( 'NONE', *, *, #1797, .F. ) ;
#787 = EDGE_LOOP ( 'NONE', ( #440, #1795, #461, #1319 ) ) ;
#788 = ADVANCED_FACE ( 'NONE', ( #844 ), #1529, .T. ) ;
#789 = FACE_OUTER_BOUND ( 'NONE', #450, .T. ) ;
#790 = VERTEX_POINT ( 'NONE', #1615 ) ;
#791 = EDGE_CURVE ( 'NONE', #1172, #1306, #740, .T. ) ;
#792 = CARTESIAN_POINT ( 'NONE',  ( 47.32597179178581115, 0.6563518160675522184, 301.4556102235683852 ) ) ;
#793 = LINE ( 'NONE', #1080, #985 ) ;
#794 = DIRECTION ( 'NONE',  ( 0.1217926450498185431, 0.8934570280586255908, -0.4323205877869072400 ) ) ;
#795 = ORIENTED_EDGE ( 'NONE', *, *, #822, .T. ) ;
#796 = DIRECTION ( 'NONE',  ( 0.6180226420633134765, 0.1201092050026699581, 0.7769310090160568283 ) ) ;
#797 = DIRECTION ( 'NONE',  ( 0.7070854650582404366, -0.7071279830496404184, -0.0004008634672147729471 ) ) ;
#798 = ORIENTED_EDGE ( 'NONE', *, *, #1227, .T. ) ;
#799 = CARTESIAN_POINT ( 'NONE',  ( -1.274150158633874375, 7.510277056158268572, 256.7337643427454168 ) ) ;
#800 = LINE ( 'NONE', #399, #1221 ) ;
#801 = FACE_OUTER_BOUND ( 'NONE', #567, .T. ) ;
#802 = VERTEX_POINT ( 'NONE', #496 ) ;
#803 = CARTESIAN_POINT ( 'NONE',  ( 65.51685712271890338, -13.83968133795520217, 73.33333333333339965 ) ) ;
#804 = VECTOR ( 'NONE', #1814, 1000.000000000000000 ) ;
#805 = CARTESIAN_POINT ( 'NONE',  ( 76.49043721668292051, -6.946594903686229117, 175.4456188582572338 ) ) ;
#806 = VECTOR ( 'NONE', #1578, 1000.000000000000114 ) ;
#807 = ORIENTED_EDGE ( 'NONE', *, *, #318, .T. ) ;
#808 = VECTOR ( 'NONE', #62, 1000.000000000000114 ) ;
#809 = PLANE ( 'NONE',  #715 ) ;
#810 = DIRECTION ( 'NONE',  ( -0.5372941107776917358, 0.6001457339553155634, 0.5925707860997241339 ) ) ;
#811 = EDGE_CURVE ( 'NONE', #1411, #1504, #1732, .T. ) ;
#812 = CARTESIAN_POINT ( 'NONE',  ( -14.70268508046273936, 59.98951791128654776, 107.4602402622589494 ) ) ;
#813 = ORIENTED_EDGE ( 'NONE', *, *, #1309, .T. ) ;
#814 = EDGE_CURVE ( 'NONE', #990, #1485, #1304, .T. ) ;
#815 = CARTESIAN_POINT ( 'NONE',  ( 23.57537265562550033, -3.439354656116569764, 13.30287623577840073 ) ) ;
#816 = CARTESIAN_POINT ( 'NONE',  ( 55.99979813874311674, -37.53976598539039600, 146.9338644854348956 ) ) ;
#817 = ORIENTED_EDGE ( 'NONE', *, *, #31, .F. ) ;
#818 = DIRECTION ( 'NONE',  ( 0.8239643574485655542, -0.3829444893340727685, 0.4176556664802222874 ) ) ;
#819 = CARTESIAN_POINT ( 'NONE',  ( -50.27705681965948514, 126.4677213639425162, 238.1124598327113233 ) ) ;
#820 = DIRECTION ( 'NONE',  ( 0.8932040112383866637, 0.2644043430599209987, -0.3636989657377479590 ) ) ;
#821 = EDGE_CURVE ( 'NONE', #1691, #248, #209, .T. ) ;
#822 = EDGE_CURVE ( 'NONE', #1597, #47, #1587, .T. ) ;
#823 = CARTESIAN_POINT ( 'NONE',  ( -26.18778014027036249, 102.1367724162178234, 202.4069999689608892 ) ) ;
#824 = B_SPLINE_SURFACE_WITH_KNOTS ( 'NONE', 3, 3, ( 
 ( #1132, #1692, #1281, #707 ),
 ( #1700, #435, #325, #462 ),
 ( #1161, #296, #994, #883 ),
 ( #1407, #444, #735, #1444 ) ),
 .UNSPECIFIED., .F., .F., .F.,
 ( 4, 4 ),
 ( 4, 4 ),
 ( 0.000000000000000000, 1.000000000000000000 ),
 ( 0.000000000000000000, 1.000000000000000000 ),
 .UNSPECIFIED. ) ;
#825 = CARTESIAN_POINT ( 'NONE',  ( 25.29363219643100535, 25.35648612753076847, -2.686119201923448330 ) ) ;
#826 = ORIENTED_EDGE ( 'NONE', *, *, #729, .F. ) ;
#827 = CARTESIAN_POINT ( 'NONE',  ( 84.02238145734200714, -9.603884961912068974, 39.73076218727289444 ) ) ;
#828 = DIRECTION ( 'NONE',  ( 0.08285476006827886819, 0.08313375893701056840, -0.9930880458745996453 ) ) ;
#829 = PLANE ( 'NONE',  #1805 ) ;
#830 = LINE ( 'NONE', #236, #804 ) ;
#831 = EDGE_CURVE ( 'NONE', #1504, #42, #41, .T. ) ;
#832 = DIRECTION ( 'NONE',  ( -0.8933381174767177635, -0.1218883589525987521, 0.4325392881750703689 ) ) ;
#833 = VECTOR ( 'NONE', #1220, 1000.000000000000114 ) ;
#834 = EDGE_LOOP ( 'NONE', ( #12, #1344, #391, #757 ) ) ;
#835 = VECTOR ( 'NONE', #891, 1000.000000000000114 ) ;
#836 = DIRECTION ( 'NONE',  ( -0.6522914779139880048, 0.6036752785395986809, -0.4583579233753062865 ) ) ;
#837 = DIRECTION ( 'NONE',  ( -0.06517644223580533469, 0.09392288401375646634, 0.9934437695390823109 ) ) ;
#838 = DIRECTION ( 'NONE',  ( 0.5372941107776917358, -0.6001457339553155634, -0.5925707860997241339 ) ) ;
#839 = B_SPLINE_SURFACE_WITH_KNOTS ( 'NONE', 3, 3, ( 
 ( #259, #1231, #532, #237 ),
 ( #514, #266, #678, #1651 ),
 ( #1359, #524, #1770, #1669 ),
 ( #94, #1387, #1248, #660 ) ),
 .UNSPECIFIED., .F., .F., .F.,
 ( 4, 4 ),
 ( 4, 4 ),
 ( 0.000000000000000000, 1.000000000000000000 ),
 ( 0.000000000000000000, 1.000000000000000000 ),
 .UNSPECIFIED. ) ;
#840 = LINE ( 'NONE', #158, #1564 ) ;
#841 = DIRECTION ( 'NONE',  ( 0.3722277565979027480, -0.2783136186718231375, 0.8854309836909297626 ) ) ;
#842 = ADVANCED_FACE ( 'NONE', ( #643 ), #349, .T. ) ;
#843 = ORIENTED_EDGE ( 'NONE', *, *, #1652, .T. ) ;
#844 = FACE_OUTER_BOUND ( 'NONE', #1208, .T. ) ;
#845 = EDGE_CURVE ( 'NONE', #910, #790, #367, .T. ) ;
#846 = ORIENTED_EDGE ( 'NONE', *, *, #65, .T. ) ;
#847 = CARTESIAN_POINT ( 'NONE',  ( 22.63124120098800063, 89.43981845284039878, 60.00000000000000000 ) ) ;
#848 = DIRECTION ( 'NONE',  ( 0.8065499878047203142, -0.5812415983043672796, 0.1078671477920418731 ) ) ;
#849 = CARTESIAN_POINT ( 'NONE',  ( 80.00000000000000000, 80.00000000000000000, 0.000000000000000000 ) ) ;
#850 = CARTESIAN_POINT ( 'NONE',  ( -8.926820508099511997, 54.82467886204166518, 180.2995620430965857 ) ) ;
#851 = ORIENTED_EDGE ( 'NONE', *, *, #167, .F. ) ;
#852 = ADVANCED_FACE ( 'NONE', ( #1478 ), #781, .T. ) ;
#853 = CARTESIAN_POINT ( 'NONE',  ( 85.63289135097100768, 85.63289135097100768, 19.73076218727290154 ) ) ;
#854 = DIRECTION ( 'NONE',  ( 1.000000000000000000, 0.000000000000000000, 0.000000000000000000 ) ) ;
#855 = ORIENTED_EDGE ( 'NONE', *, *, #1136, .T. ) ;
#856 = EDGE_CURVE ( 'NONE', #295, #619, #78, .T. ) ;
#857 = CARTESIAN_POINT ( 'NONE',  ( -16.40314660110600187, 90.61601247888459909, 100.0000000000000000 ) ) ;
#858 = CARTESIAN_POINT ( 'NONE',  ( 93.02840584076251673, 22.86766622391260029, 86.66666666666669983 ) ) ;
#859 = CARTESIAN_POINT ( 'NONE',  ( -13.00000000000000000, 87.21286587777859722, 60.00000000000000000 ) ) ;
#860 = CARTESIAN_POINT ( 'NONE',  ( -39.48998382671348395, 53.32691776207722256, 146.2726392152418669 ) ) ;
#861 = ORIENTED_EDGE ( 'NONE', *, *, #1239, .F. ) ;
#862 = CARTESIAN_POINT ( 'NONE',  ( 78.33333333333330017, 53.33333333333330017, 0.000000000000000000 ) ) ;
#863 = VECTOR ( 'NONE', #1339, 1000.000000000000227 ) ;
#864 = ORIENTED_EDGE ( 'NONE', *, *, #1361, .T. ) ;
#865 = AXIS2_PLACEMENT_3D ( 'NONE', #651, #1503, #1496 ) ;
#866 = PLANE ( 'NONE',  #1273 ) ;
#867 = PLANE ( 'NONE',  #11 ) ;
#868 = VECTOR ( 'NONE', #794, 1000.000000000000114 ) ;
#869 = EDGE_CURVE ( 'NONE', #313, #723, #477, .T. ) ;
#870 = DIRECTION ( 'NONE',  ( -0.6192245273669327865, -0.6192245273669327865, -0.4828270595300117596 ) ) ;
#871 = CARTESIAN_POINT ( 'NONE',  ( -10.74612827211220001, 20.54880792669019840, 46.54808169346939906 ) ) ;
#872 = ORIENTED_EDGE ( 'NONE', *, *, #791, .F. ) ;
#873 = CARTESIAN_POINT ( 'NONE',  ( 64.68031848156900310, -13.00000000000000000, 60.00000000000000000 ) ) ;
#874 = ORIENTED_EDGE ( 'NONE', *, *, #1092, .F. ) ;
#875 = DIRECTION ( 'NONE',  ( 0.06237828615518063724, 0.9980525784828885305, 0.000000000000000000 ) ) ;
#876 = CARTESIAN_POINT ( 'NONE',  ( -16.53711031480590066, 60.64960028681715443, 112.9837701163796879 ) ) ;
#877 = ORIENTED_EDGE ( 'NONE', *, *, #214, .T. ) ;
#878 = DIRECTION ( 'NONE',  ( 1.000000000000000000, 0.000000000000000000, 0.000000000000000000 ) ) ;
#879 = ORIENTED_EDGE ( 'NONE', *, *, #1270, .F. ) ;
#880 = CARTESIAN_POINT ( 'NONE',  ( 58.98027390793964031, -14.86695203850545255, 103.8653681696780211 ) ) ;
#881 = CARTESIAN_POINT ( 'NONE',  ( 0.000000000000000000, 0.000000000000000000, 0.000000000000000000 ) ) ;
#882 = ORIENTED_EDGE ( 'NONE', *, *, #1697, .T. ) ;
#883 = CARTESIAN_POINT ( 'NONE',  ( -13.00000000000000000, 42.14777108535940187, 60.00000000000000000 ) ) ;
#884 = CARTESIAN_POINT ( 'NONE',  ( 131.4192972657769758, 129.6360706662577797, 151.5674571826941133 ) ) ;
#885 = ORIENTED_EDGE ( 'NONE', *, *, #869, .T. ) ;
#886 = CARTESIAN_POINT ( 'NONE',  ( 55.10801183527355818, -8.856632338538474869, 180.2438217825564664 ) ) ;
#887 = ORIENTED_EDGE ( 'NONE', *, *, #1738, .F. ) ;
#888 = EDGE_CURVE ( 'NONE', #981, #1314, #1595, .T. ) ;
#889 = DIRECTION ( 'NONE',  ( 0.3774118202992132187, -0.4625061462223116204, -0.8022769986762802175 ) ) ;
#890 = ORIENTED_EDGE ( 'NONE', *, *, #249, .F. ) ;
#891 = DIRECTION ( 'NONE',  ( -0.1143900656407116634, -0.4992390216731263930, 0.8588802664641757012 ) ) ;
#892 = DIRECTION ( 'NONE',  ( 0.02364871344065756775, -0.4380515771069916076, -0.8986387228172838526 ) ) ;
#893 = VECTOR ( 'NONE', #589, 1000.000000000000114 ) ;
#894 = VECTOR ( 'NONE', #1112, 1000.000000000000114 ) ;
#895 = ORIENTED_EDGE ( 'NONE', *, *, #539, .F. ) ;
#896 =( NAMED_UNIT ( * ) PLANE_ANGLE_UNIT ( ) SI_UNIT ( $, .RADIAN. ) );
#897 = VECTOR ( 'NONE', #1226, 1000.000000000000000 ) ;
#898 = ORIENTED_EDGE ( 'NONE', *, *, #1697, .F. ) ;
#899 = CARTESIAN_POINT ( 'NONE',  ( 84.02238145734200714, -9.603884961912038776, 39.73076218727289444 ) ) ;
#900 = ADVANCED_FACE ( 'NONE', ( #469 ), #200, .T. ) ;
#901 = ORIENTED_EDGE ( 'NONE', *, *, #408, .F. ) ;
#902 = CARTESIAN_POINT ( 'NONE',  ( 0.000000000000000000, 25.00000000000000000, 0.000000000000000000 ) ) ;
#903 = ADVANCED_FACE ( 'NONE', ( #1058 ), #751, .F. ) ;
#904 = PLANE ( 'NONE',  #749 ) ;
#905 = LINE ( 'NONE', #205, #1687 ) ;
#906 = VERTEX_POINT ( 'NONE', #1049 ) ;
#907 = CARTESIAN_POINT ( 'NONE',  ( 61.23409092707129986, -17.26204023183385772, 104.2137377872559654 ) ) ;
#908 = ORIENTED_EDGE ( 'NONE', *, *, #242, .F. ) ;
#909 = DIRECTION ( 'NONE',  ( 0.8987648633975175994, 0.000000000000000000, -0.4384309755503613681 ) ) ;
#910 = VERTEX_POINT ( 'NONE', #1066 ) ;
#911 = LINE ( 'NONE', #1746, #220 ) ;
#912 = CARTESIAN_POINT ( 'NONE',  ( -24.11964647488130709, 102.8813802638509287, 255.6673427635730604 ) ) ;
#913 = ADVANCED_FACE ( 'NONE', ( #50 ), #1173, .T. ) ;
#914 = CARTESIAN_POINT ( 'NONE',  ( -14.75899578895869979, 58.89513933174690408, 105.1914702993366717 ) ) ;
#915 = ORIENTED_EDGE ( 'NONE', *, *, #56, .F. ) ;
#916 = LINE ( 'NONE', #474, #1711 ) ;
#917 = LINE ( 'NONE', #1201, #37 ) ;
#918 = DIRECTION ( 'NONE',  ( 0.8889220189274925632, -0.007690188194018432108, -0.4579940013487198702 ) ) ;
#919 = ORIENTED_EDGE ( 'NONE', *, *, #133, .T. ) ;
#920 = CARTESIAN_POINT ( 'NONE',  ( 79.77101853732555981, 3.911331895611962928, 275.3177998909877147 ) ) ;
#921 = CARTESIAN_POINT ( 'NONE',  ( 75.00000000000000000, 8.881784197001249168E-15, 0.000000000000000000 ) ) ;
#922 = CARTESIAN_POINT ( 'NONE',  ( -8.988841412163385058, 54.81621663920664389, 180.3295915214888510 ) ) ;
#923 = EDGE_CURVE ( 'NONE', #906, #1762, #67, .T. ) ;
#924 = VECTOR ( 'NONE', #1328, 1000.000000000000227 ) ;
#925 = ORIENTED_EDGE ( 'NONE', *, *, #856, .F. ) ;
#926 = VECTOR ( 'NONE', #664, 1000.000000000000114 ) ;
#927 = ADVANCED_FACE ( 'NONE', ( #789 ), #1636, .F. ) ;
#928 = VECTOR ( 'NONE', #1590, 1000.000000000000114 ) ;
#929 = ORIENTED_EDGE ( 'NONE', *, *, #1573, .T. ) ;
#930 = CARTESIAN_POINT ( 'NONE',  ( -14.22147984538194443, 59.01860508315118636, 104.2661769813251027 ) ) ;
#931 = EDGE_LOOP ( 'NONE', ( #1781, #1055, #843, #1731 ) ) ;
#932 = CARTESIAN_POINT ( 'NONE',  ( 61.56496312575877994, -13.25140223627110458, 105.1486765830339465 ) ) ;
#933 = CARTESIAN_POINT ( 'NONE',  ( -15.26876440073730201, 89.48163027851599338, 86.66666666666669983 ) ) ;
#934 = DIRECTION ( 'NONE',  ( 0.7071066927982164740, 0.7071066927982164740, 0.0004999999374999949476 ) ) ;
#935 = EDGE_LOOP ( 'NONE', ( #1653, #320, #1769, #364 ) ) ;
#936 = DIRECTION ( 'NONE',  ( -0.8113052297783936995, -0.5846228050069787185, 0.000000000000000000 ) ) ;
#937 = ADVANCED_FACE ( 'NONE', ( #230 ), #938, .T. ) ;
#938 = PLANE ( 'NONE',  #632 ) ;
#939 = ORIENTED_EDGE ( 'NONE', *, *, #521, .F. ) ;
#940 = CARTESIAN_POINT ( 'NONE',  ( 7.123228758367073254, 76.95337333568700444, 312.4617920654675913 ) ) ;
#941 = CARTESIAN_POINT ( 'NONE',  ( 87.21286587777869670, -13.00000000000000000, 60.00000000000000000 ) ) ;
#942 = CARTESIAN_POINT ( 'NONE',  ( 58.98027390793964031, -14.86695203850545255, 103.8653681696780211 ) ) ;
#943 = VERTEX_POINT ( 'NONE', #686 ) ;
#944 = CARTESIAN_POINT ( 'NONE',  ( 19.60170613825469843, -13.01476672035239979, 100.0000000000000000 ) ) ;
#945 = DIRECTION ( 'NONE',  ( -0.09948125742400598659, -0.9950394037321845797, -0.0002538535745413250081 ) ) ;
#946 = ADVANCED_FACE ( 'NONE', ( #549 ), #86, .T. ) ;
#947 = ORIENTED_EDGE ( 'NONE', *, *, #1763, .T. ) ;
#948 = LINE ( 'NONE', #1389, #425 ) ;
#949 = CARTESIAN_POINT ( 'NONE',  ( -13.18332322358189934, 19.78911882231589914, 73.33333333333328596 ) ) ;
#950 = EDGE_CURVE ( 'NONE', #292, #1051, #1085, .T. ) ;
#951 = LINE ( 'NONE', #1236, #1369 ) ;
#952 = ORIENTED_EDGE ( 'NONE', *, *, #562, .F. ) ;
#953 = VECTOR ( 'NONE', #81, 1000.000000000000114 ) ;
#954 = DIRECTION ( 'NONE',  ( 0.7051263942166730025, 0.7051263942166728915, -0.07478994824163422150 ) ) ;
#955 = VECTOR ( 'NONE', #219, 1000.000000000000114 ) ;
#956 = CARTESIAN_POINT ( 'NONE',  ( 131.8467734799894231, 131.8304920793014503, 154.3276173734077190 ) ) ;
#957 = VECTOR ( 'NONE', #234, 1000.000000000000114 ) ;
#958 = EDGE_LOOP ( 'NONE', ( #59, #1090, #1755, #565, #1380 ) ) ;
#959 = ADVANCED_FACE ( 'NONE', ( #1093 ), #669, .F. ) ;
#960 = DIRECTION ( 'NONE',  ( 0.9963831876044686453, 0.04033617608514559333, -0.07478994824163416599 ) ) ;
#961 = CARTESIAN_POINT ( 'NONE',  ( -13.00000000000000000, 87.21286587777859722, 60.00000000000000000 ) ) ;
#962 = DIRECTION ( 'NONE',  ( 0.000000000000000000, -0.5186501294344413315, 0.8549865748873705096 ) ) ;
#963 = ORIENTED_EDGE ( 'NONE', *, *, #521, .T. ) ;
#964 = DIRECTION ( 'NONE',  ( 0.0003379387300515780852, 0.0003691679625742041526, -0.9999998747562073298 ) ) ;
#965 = CARTESIAN_POINT ( 'NONE',  ( 0.000000000000000000, 25.00000000000000000, 0.000000000000000000 ) ) ;
#966 = ORIENTED_EDGE ( 'NONE', *, *, #254, .T. ) ;
#967 = DIRECTION ( 'NONE',  ( 0.8933381174767176525, 0.1218883589525987521, -0.4325392881750703689 ) ) ;
#968 = CARTESIAN_POINT ( 'NONE',  ( 85.81371466439308904, 85.75752652077569849, 300.0000000000000000 ) ) ;
#969 = CARTESIAN_POINT ( 'NONE',  ( 108.1212415765403989, 125.5948554237713068, 151.0968585007713614 ) ) ;
#970 = EDGE_CURVE ( 'NONE', #248, #723, #1780, .T. ) ;
#971 = CARTESIAN_POINT ( 'NONE',  ( 24.26572859291399809, -1.772687989449910129, 6.636209569111689355 ) ) ;
#972 = LINE ( 'NONE', #1547, #188 ) ;
#973 = ORIENTED_EDGE ( 'NONE', *, *, #970, .T. ) ;
#974 = LINE ( 'NONE', #940, #1335 ) ;
#975 = CARTESIAN_POINT ( 'NONE',  ( -13.54996967074590053, 20.13690908864820273, 100.0000000000000000 ) ) ;
#976 = CARTESIAN_POINT ( 'NONE',  ( 79.89945716487864047, 5.618104737854253905, 275.8002877546942386 ) ) ;
#977 = ADVANCED_FACE ( 'NONE', ( #1101 ), #839, .T. ) ;
#978 = CARTESIAN_POINT ( 'NONE',  ( 52.80655829055765338, -36.28688816030906139, 191.1451736268499815 ) ) ;
#979 = CARTESIAN_POINT ( 'NONE',  ( 104.3483476719528795, -22.64732842924721368, 256.6376302857963765 ) ) ;
#980 = CLOSED_SHELL ( 'NONE', ( #1495, #475, #618, #351, #706, #788, #977, #375, #959, #464, #410, #192, #561, #77, #1250, #1728, #1789, #1473, #22, #1037, #272, #1293, #842, #720, #264, #1439, #741, #100, #1405, #553, #1632, #1486, #621, #169, #19, #1296, #575, #1450, #913, #946, #112, #1682, #903, #1429, #1674, #677, #451, #900, #1160, #852, #927, #1001, #506, #1326, #937, #653, #1139, #485, #114, #1620 ) ) ;
#981 = VERTEX_POINT ( 'NONE', #393 ) ;
#982 = VECTOR ( 'NONE', #1371, 1000.000000000000000 ) ;
#983 = CARTESIAN_POINT ( 'NONE',  ( -6.923337179585868917, 137.7553690222664216, 251.7175019123059769 ) ) ;
#984 = LINE ( 'NONE', #1812, #1282 ) ;
#985 = VECTOR ( 'NONE', #480, 1000.000000000000227 ) ;
#986 = CARTESIAN_POINT ( 'NONE',  ( -3.439354656116569764, 78.23110593240500066, 13.30287623577840073 ) ) ;
#987 = CARTESIAN_POINT ( 'NONE',  ( -35.18961817720298768, 51.49279107334967875, 193.0222599047551171 ) ) ;
#988 = LINE ( 'NONE', #1418, #1184 ) ;
#989 = DIRECTION ( 'NONE',  ( 0.05847849756571832369, -0.1629430163549493438, -0.9849009283900623801 ) ) ;
#990 = VERTEX_POINT ( 'NONE', #412 ) ;
#991 = EDGE_CURVE ( 'NONE', #1011, #1616, #385, .T. ) ;
#992 = DIRECTION ( 'NONE',  ( -0.09917277348990925778, 0.9922556246453495543, 0.07478994824163458233 ) ) ;
#993 = ORIENTED_EDGE ( 'NONE', *, *, #1170, .T. ) ;
#994 = CARTESIAN_POINT ( 'NONE',  ( -9.603884961912010354, 42.02208755065069568, 39.73076218727289444 ) ) ;
#995 = DIRECTION ( 'NONE',  ( -0.1143900656407112748, -0.4992390216731257824, 0.8588802664641760343 ) ) ;
#996 = ORIENTED_EDGE ( 'NONE', *, *, #1585, .F. ) ;
#997 = CARTESIAN_POINT ( 'NONE',  ( 57.79872551594435492, -13.40614970423605357, 121.5527438404886311 ) ) ;
#998 = DIRECTION ( 'NONE',  ( -0.08240792132037547124, 0.06671240417280532853, -0.9943633086720060632 ) ) ;
#999 = EDGE_LOOP ( 'NONE', ( #766, #1583, #1559, #1552, #263 ) ) ;
#1000 = DIRECTION ( 'NONE',  ( -0.9906011550308645441, -0.1055634943382156160, 0.08698103422369025950 ) ) ;
#1001 = ADVANCED_FACE ( 'NONE', ( #1209 ), #1644, .T. ) ;
#1002 = EDGE_LOOP ( 'NONE', ( #1216, #1190, #525, #775, #529 ) ) ;
#1003 = LINE ( 'NONE', #1290, #96 ) ;
#1004 = EDGE_CURVE ( 'NONE', #1446, #943, #1515, .T. ) ;
#1005 = CARTESIAN_POINT ( 'NONE',  ( 60.22061615529289469, -14.99098174013175111, 103.9584688815182716 ) ) ;
#1006 = DIRECTION ( 'NONE',  ( -0.7051263942166731136, -0.7051263942166727805, 0.07478994824163420763 ) ) ;
#1007 = LINE ( 'NONE', #1258, #1046 ) ;
#1008 = ORIENTED_EDGE ( 'NONE', *, *, #319, .F. ) ;
#1009 = FACE_OUTER_BOUND ( 'NONE', #1633, .T. ) ;
#1010 = MECHANICAL_DESIGN_GEOMETRIC_PRESENTATION_REPRESENTATION (  '', ( #1392 ), #687 ) ;
#1011 = VERTEX_POINT ( 'NONE', #816 ) ;
#1012 = EDGE_CURVE ( 'NONE', #1762, #201, #1798, .T. ) ;
#1013 = AXIS2_PLACEMENT_3D ( 'NONE', #507, #1627, #1031 ) ;
#1014 = DIRECTION ( 'NONE',  ( 0.09610575432375352556, 0.9953711287684922082, 0.000000000000000000 ) ) ;
#1015 = FACE_OUTER_BOUND ( 'NONE', #1028, .T. ) ;
#1016 = VECTOR ( 'NONE', #1681, 1000.000000000000114 ) ;
#1017 = EDGE_CURVE ( 'NONE', #1723, #1388, #1662, .T. ) ;
#1018 = DIRECTION ( 'NONE',  ( -0.3828012842980266783, 0.8238574340788296091, 0.4179977333106342785 ) ) ;
#1019 = LINE ( 'NONE', #1576, #400 ) ;
#1020 = ORIENTED_EDGE ( 'NONE', *, *, #1811, .T. ) ;
#1021 = CARTESIAN_POINT ( 'NONE',  ( 60.90657278791780271, -5.270551628578689751, 19.73076218727290154 ) ) ;
#1022 = ORIENTED_EDGE ( 'NONE', *, *, #408, .T. ) ;
#1023 = LINE ( 'NONE', #598, #1366 ) ;
#1024 = CARTESIAN_POINT ( 'NONE',  ( -9.798397231170739019, 83.83019127610553767, 184.3314817019220868 ) ) ;
#1025 = EDGE_CURVE ( 'NONE', #1342, #1707, #972, .T. ) ;
#1026 = ORIENTED_EDGE ( 'NONE', *, *, #304, .F. ) ;
#1027 = LINE ( 'NONE', #328, #924 ) ;
#1028 = EDGE_LOOP ( 'NONE', ( #369, #1397, #1138, #55 ) ) ;
#1029 = DIRECTION ( 'NONE',  ( 0.4989989963313313237, 0.1146185276330034530, -0.8589892867687969336 ) ) ;
#1030 = VERTEX_POINT ( 'NONE', #1145 ) ;
#1031 = DIRECTION ( 'NONE',  ( -0.8189693438167148232, 0.000000000000000000, -0.5738372712611298221 ) ) ;
#1032 = CARTESIAN_POINT ( 'NONE',  ( 89.43981845284039878, 22.63124120098800063, 60.00000000000000000 ) ) ;
#1033 = ORIENTED_EDGE ( 'NONE', *, *, #1229, .F. ) ;
#1034 = DIRECTION ( 'NONE',  ( 0.1203480259826817250, 0.6177987837767409118, 0.7770720786426773552 ) ) ;
#1035 = EDGE_CURVE ( 'NONE', #197, #1504, #576, .T. ) ;
#1036 = PLANE ( 'NONE',  #1042 ) ;
#1037 = ADVANCED_FACE ( 'NONE', ( #1274 ), #1815, .F. ) ;
#1038 = CARTESIAN_POINT ( 'NONE',  ( 85.81371466439308904, 85.75752652077569849, 300.0000000000000000 ) ) ;
#1039 = ORIENTED_EDGE ( 'NONE', *, *, #65, .F. ) ;
#1040 = DIRECTION ( 'NONE',  ( 0.6788805199509614363, -0.6677827231425409460, 0.3052662351185352341 ) ) ;
#1041 = LINE ( 'NONE', #1472, #190 ) ;
#1042 = AXIS2_PLACEMENT_3D ( 'NONE', #66, #622, #1623 ) ;
#1043 = VECTOR ( 'NONE', #1761, 1000.000000000000227 ) ;
#1044 = EDGE_LOOP ( 'NONE', ( #1699, #228, #374, #193, #1237, #1649, #667, #1557 ) ) ;
#1045 = DIRECTION ( 'NONE',  ( 0.09176348221286334539, 0.01384481563648564013, 0.9956845807845782215 ) ) ;
#1046 = VECTOR ( 'NONE', #1264, 1000.000000000000000 ) ;
#1047 = VECTOR ( 'NONE', #110, 1000.000000000000000 ) ;
#1048 = ORIENTED_EDGE ( 'NONE', *, *, #1652, .F. ) ;
#1049 = CARTESIAN_POINT ( 'NONE',  ( 53.33576109474837779, -39.50161798519688006, 146.2463270571496139 ) ) ;
#1050 = EDGE_CURVE ( 'NONE', #260, #981, #10, .T. ) ;
#1051 = VERTEX_POINT ( 'NONE', #702 ) ;
#1052 = CARTESIAN_POINT ( 'NONE',  ( -0.8435517563479780767, 77.09641013045990121, 300.0000000000000000 ) ) ;
#1053 = CARTESIAN_POINT ( 'NONE',  ( -14.63472508287950014, 66.30875817083800428, 86.66666666666669983 ) ) ;
#1054 = CARTESIAN_POINT ( 'NONE',  ( -14.86716179417371464, 58.98270390250714001, 103.8863007827644509 ) ) ;
#1055 = ORIENTED_EDGE ( 'NONE', *, *, #1025, .T. ) ;
#1056 = CARTESIAN_POINT ( 'NONE',  ( 78.03767304452928499, -56.74557209519703349, 220.5957271807236850 ) ) ;
#1057 = EDGE_LOOP ( 'NONE', ( #1265, #874, #915, #468, #1451 ) ) ;
#1058 = FACE_OUTER_BOUND ( 'NONE', #1622, .T. ) ;
#1059 = VERTEX_POINT ( 'NONE', #850 ) ;
#1060 = EDGE_CURVE ( 'NONE', #470, #1691, #1556, .T. ) ;
#1061 = DIRECTION ( 'NONE',  ( 0.4172377220473960646, 0.4172377220473960646, 0.8073570254858750683 ) ) ;
#1062 = CARTESIAN_POINT ( 'NONE',  ( -1.289962036515718724, 87.55789286369537194, 299.6948856252752194 ) ) ;
#1063 = DIRECTION ( 'NONE',  ( 0.6002974979769842845, -0.5374800767336209706, 0.5922483271711230790 ) ) ;
#1064 = EDGE_LOOP ( 'NONE', ( #481, #69, #1174 ) ) ;
#1065 = CARTESIAN_POINT ( 'NONE',  ( -37.35198439753341404, 55.86848802453022955, 148.8150122109678364 ) ) ;
#1066 = CARTESIAN_POINT ( 'NONE',  ( 101.6975959076165026, 101.6948939474636404, 109.6175455491288346 ) ) ;
#1067 = ORIENTED_EDGE ( 'NONE', *, *, #497, .T. ) ;
#1068 = FACE_OUTER_BOUND ( 'NONE', #1752, .T. ) ;
#1069 = DIRECTION ( 'NONE',  ( -0.7071067811865474617, 0.7071067811865475727, 0.000000000000000000 ) ) ;
#1070 = CARTESIAN_POINT ( 'NONE',  ( 80.00000000000000000, 80.00000000000000000, 0.000000000000000000 ) ) ;
#1071 = VECTOR ( 'NONE', #1555, 1000.000000000000114 ) ;
#1072 = ORIENTED_EDGE ( 'NONE', *, *, #204, .T. ) ;
#1073 = EDGE_CURVE ( 'NONE', #171, #1267, #730, .T. ) ;
#1074 = VECTOR ( 'NONE', #1330, 1000.000000000000000 ) ;
#1075 = VECTOR ( 'NONE', #627, 1000.000000000000114 ) ;
#1076 = ORIENTED_EDGE ( 'NONE', *, *, #249, .T. ) ;
#1077 = DIRECTION ( 'NONE',  ( 0.7089408415617419745, -0.7031557623995696726, 0.05454224940364332114 ) ) ;
#1078 = ORIENTED_EDGE ( 'NONE', *, *, #1528, .F. ) ;
#1079 = CARTESIAN_POINT ( 'NONE',  ( 53.33576109474837779, -39.50161798519688006, 146.2463270571496139 ) ) ;
#1080 = CARTESIAN_POINT ( 'NONE',  ( 45.71435418133859940, 0.7361041475919513077, 301.3882734904593690 ) ) ;
#1081 = CARTESIAN_POINT ( 'NONE',  ( 0.2009044056605173434, 47.60483725607621608, 298.0091079085544266 ) ) ;
#1082 = VERTEX_POINT ( 'NONE', #1137 ) ;
#1083 = EDGE_CURVE ( 'NONE', #1422, #1723, #1007, .T. ) ;
#1084 = CARTESIAN_POINT ( 'NONE',  ( 20.54880792669019840, -10.74612827211220001, 46.54808169346939906 ) ) ;
#1085 = LINE ( 'NONE', #404, #1658 ) ;
#1086 = VERTEX_POINT ( 'NONE', #556 ) ;
#1087 = FACE_OUTER_BOUND ( 'NONE', #1733, .T. ) ;
#1088 = CARTESIAN_POINT ( 'NONE',  ( 62.86561881787729078, 98.53867184454090022, 100.0000000000000000 ) ) ;
#1089 = CARTESIAN_POINT ( 'NONE',  ( 84.09109235041658792, -1.512446001943147600, 298.3389298572356552 ) ) ;
#1090 = ORIENTED_EDGE ( 'NONE', *, *, #1149, .T. ) ;
#1091 = CARTESIAN_POINT ( 'NONE',  ( 64.68031848156900310, -13.00000000000000000, 60.00000000000000000 ) ) ;
#1092 = EDGE_CURVE ( 'NONE', #459, #1477, #132, .T. ) ;
#1093 = FACE_OUTER_BOUND ( 'NONE', #1064, .T. ) ;
#1094 = ORIENTED_EDGE ( 'NONE', *, *, #756, .F. ) ;
#1095 = DIRECTION ( 'NONE',  ( -0.9943695445421165680, 0.1059679616068162772, 0.000000000000000000 ) ) ;
#1096 = CARTESIAN_POINT ( 'NONE',  ( 99.61256002430319256, 101.3772503171877304, 111.0670035304304690 ) ) ;
#1097 = EDGE_LOOP ( 'NONE', ( #879, #608, #908 ) ) ;
#1098 = AXIS2_PLACEMENT_3D ( 'NONE', #115, #1238, #1796 ) ;
#1099 = CARTESIAN_POINT ( 'NONE',  ( 19.61071783885139652, -13.00492224011749975, 73.33333333333328596 ) ) ;
#1100 = VECTOR ( 'NONE', #538, 1000.000000000000114 ) ;
#1101 = FACE_OUTER_BOUND ( 'NONE', #221, .T. ) ;
#1102 = VECTOR ( 'NONE', #682, 1000.000000000000114 ) ;
#1103 = ORIENTED_EDGE ( 'NONE', *, *, #573, .F. ) ;
#1104 = PLANE ( 'NONE',  #1187 ) ;
#1105 = EDGE_CURVE ( 'NONE', #711, #1372, #1294, .T. ) ;
#1106 = CARTESIAN_POINT ( 'NONE',  ( -6.742484565048438405, 1.851776657483030109, 279.4877772120448753 ) ) ;
#1107 = B_SPLINE_SURFACE_WITH_KNOTS ( 'NONE', 3, 3, ( 
 ( #1253, #1666, #1647, #1506 ),
 ( #1088, #421, #407, #1382 ),
 ( #269, #119, #681, #136 ),
 ( #559, #126, #389, #961 ) ),
 .UNSPECIFIED., .F., .F., .F.,
 ( 4, 4 ),
 ( 4, 4 ),
 ( 0.000000000000000000, 1.000000000000000000 ),
 ( 0.000000000000000000, 1.000000000000000000 ),
 .UNSPECIFIED. ) ;
#1108 = CARTESIAN_POINT ( 'NONE',  ( 54.57610334210163217, -39.62564768682317151, 146.3394277689898786 ) ) ;
#1109 = DIRECTION ( 'NONE',  ( 0.02234947447035596710, 0.4343540825113219039, 0.9004648977037620350 ) ) ;
#1110 = DIRECTION ( 'NONE',  ( 0.07439979154635702197, 0.01109062683621026696, 0.9971668210556539069 ) ) ;
#1111 = ORIENTED_EDGE ( 'NONE', *, *, #387, .F. ) ;
#1112 = DIRECTION ( 'NONE',  ( 0.01374677348945040761, -0.01303979364886080280, -0.9998204788861972947 ) ) ;
#1113 = CARTESIAN_POINT ( 'NONE',  ( -9.001137638917818151, 78.20292916478287282, 134.6231915454688988 ) ) ;
#1114 = EDGE_CURVE ( 'NONE', #1501, #640, #1565, .T. ) ;
#1115 = LINE ( 'NONE', #969, #1131 ) ;
#1116 = EDGE_CURVE ( 'NONE', #1723, #650, #465, .T. ) ;
#1117 = PLANE ( 'NONE',  #513 ) ;
#1118 = B_SPLINE_SURFACE_WITH_KNOTS ( 'NONE', 3, 3, ( 
 ( #1393, #130, #1099, #1668 ),
 ( #245, #1386, #376, #555 ),
 ( #684, #265, #803, #1091 ),
 ( #694, #668, #411, #1788 ) ),
 .UNSPECIFIED., .F., .F., .F.,
 ( 4, 4 ),
 ( 4, 4 ),
 ( 0.000000000000000000, 1.000000000000000000 ),
 ( 0.000000000000000000, 1.000000000000000000 ),
 .UNSPECIFIED. ) ;
#1119 = FACE_OUTER_BOUND ( 'NONE', #782, .T. ) ;
#1120 = EDGE_LOOP ( 'NONE', ( #210, #1816, #174, #898 ) ) ;
#1121 = LINE ( 'NONE', #293, #746 ) ;
#1122 = DIRECTION ( 'NONE',  ( -0.03257715387297439175, -0.07314827196083419081, -0.9967888740122856639 ) ) ;
#1123 = CARTESIAN_POINT ( 'NONE',  ( 41.52507309948460090, 41.52507309948460090, -30.00000000000000000 ) ) ;
#1124 = DIRECTION ( 'NONE',  ( -0.07738805134105163075, 0.06724183316398972543, -0.9947309311479064498 ) ) ;
#1125 = LINE ( 'NONE', #20, #718 ) ;
#1126 = AXIS2_PLACEMENT_3D ( 'NONE', #1144, #1702, #446 ) ;
#1127 = ORIENTED_EDGE ( 'NONE', *, *, #217, .T. ) ;
#1128 = VECTOR ( 'NONE', #1156, 1000.000000000000000 ) ;
#1129 = CARTESIAN_POINT ( 'NONE',  ( 22.81686603425509929, -5.270551628578680869, 19.73076218727290154 ) ) ;
#1130 = ORIENTED_EDGE ( 'NONE', *, *, #204, .F. ) ;
#1131 = VECTOR ( 'NONE', #820, 1000.000000000000114 ) ;
#1132 = CARTESIAN_POINT ( 'NONE',  ( 0.000000000000000000, 75.00000000000000000, 0.000000000000000000 ) ) ;
#1133 = PRODUCT_DEFINITION_FORMATION_WITH_SPECIFIED_SOURCE ( '‰ª', '', #547, .NOT_KNOWN. ) ;
#1134 = CARTESIAN_POINT ( 'NONE',  ( 0.000000000000000000, 25.00000000000000000, 0.000000000000000000 ) ) ;
#1135 = CARTESIAN_POINT ( 'NONE',  ( 25.00000000000000000, 0.000000000000000000, 0.000000000000000000 ) ) ;
#1136 = EDGE_CURVE ( 'NONE', #981, #1489, #1531, .T. ) ;
#1137 = CARTESIAN_POINT ( 'NONE',  ( 87.21286587777869670, -13.00000000000000000, 60.00000000000000000 ) ) ;
#1138 = ORIENTED_EDGE ( 'NONE', *, *, #1012, .F. ) ;
#1139 = ADVANCED_FACE ( 'NONE', ( #1119 ), #1154, .T. ) ;
#1140 = CARTESIAN_POINT ( 'NONE',  ( 21.02194059730500086, -9.603884961912010354, 39.73076218727289444 ) ) ;
#1141 = ORIENTED_EDGE ( 'NONE', *, *, #429, .F. ) ;
#1142 = FACE_OUTER_BOUND ( 'NONE', #834, .T. ) ;
#1143 = CARTESIAN_POINT ( 'NONE',  ( 91.66677102790208664, 58.26248240197590178, 60.00000000000000000 ) ) ;
#1144 = CARTESIAN_POINT ( 'NONE',  ( -14.99112776103610223, 60.22302343331382701, 103.9797882180665027 ) ) ;
#1145 = CARTESIAN_POINT ( 'NONE',  ( 103.5476534728976645, -27.83127660758775335, 200.2138808453574654 ) ) ;
#1146 = EDGE_CURVE ( 'NONE', #1030, #1759, #1420, .T. ) ;
#1147 = ORIENTED_EDGE ( 'NONE', *, *, #304, .T. ) ;
#1148 = DIRECTION ( 'NONE',  ( 0.03329376522159509244, 0.6244642460333179601, 0.7803434696487240307 ) ) ;
#1149 = EDGE_CURVE ( 'NONE', #330, #1489, #140, .T. ) ;
#1150 = ORIENTED_EDGE ( 'NONE', *, *, #1146, .T. ) ;
#1151 = FACE_OUTER_BOUND ( 'NONE', #1406, .T. ) ;
#1152 = DIRECTION ( 'NONE',  ( 0.09420250872368751693, -0.06546085870787778094, 0.9933985923723622768 ) ) ;
#1153 = DIRECTION ( 'NONE',  ( -0.8003389485804386361, -0.1242011473339749705, 0.5865421062345670400 ) ) ;
#1154 = PLANE ( 'NONE',  #340 ) ;
#1155 = ORIENTED_EDGE ( 'NONE', *, *, #137, .F. ) ;
#1156 = DIRECTION ( 'NONE',  ( -0.5226101083960209559, -0.4628242209860077838, -0.7160114629466446390 ) ) ;
#1157 = VECTOR ( 'NONE', #1045, 1000.000000000000114 ) ;
#1158 = EDGE_LOOP ( 'NONE', ( #1251, #382, #807, #1241 ) ) ;
#1159 = AXIS2_PLACEMENT_3D ( 'NONE', #1686, #695, #430 ) ;
#1160 = ADVANCED_FACE ( 'NONE', ( #418 ), #1286, .T. ) ;
#1161 = CARTESIAN_POINT ( 'NONE',  ( 0.000000000000000000, 41.66666666666669983, 0.000000000000000000 ) ) ;
#1162 = FACE_OUTER_BOUND ( 'NONE', #629, .T. ) ;
#1163 = VECTOR ( 'NONE', #1431, 1000.000000000000114 ) ;
#1164 = ORIENTED_EDGE ( 'NONE', *, *, #1414, .T. ) ;
#1165 = ORIENTED_EDGE ( 'NONE', *, *, #1797, .T. ) ;
#1166 = DIRECTION ( 'NONE',  ( 0.7051263942166731136, 0.7051263942166728915, -0.07478994824163423538 ) ) ;
#1167 = ORIENTED_EDGE ( 'NONE', *, *, #644, .F. ) ;
#1168 = CARTESIAN_POINT ( 'NONE',  ( -10.74612827211220001, 85.09546333020858810, 46.54808169346939906 ) ) ;
#1169 = DIRECTION ( 'NONE',  ( 0.000000000000000000, 0.8988901153541221101, -0.4381741212333895019 ) ) ;
#1170 = EDGE_CURVE ( 'NONE', #742, #1030, #1125, .T. ) ;
#1171 = VERTEX_POINT ( 'NONE', #942 ) ;
#1172 = VERTEX_POINT ( 'NONE', #1749 ) ;
#1173 = PLANE ( 'NONE',  #1307 ) ;
#1174 = ORIENTED_EDGE ( 'NONE', *, *, #1017, .F. ) ;
#1175 = DIRECTION ( 'NONE',  ( 0.7071174106049326058, 0.7070961516083758003, 0.000000000000000000 ) ) ;
#1176 = DIRECTION ( 'NONE',  ( 0.07351539049025011818, 0.03220844157277546332, 0.9967738477972418742 ) ) ;
#1177 = PRODUCT_DEFINITION ( 'Êú', '', #1133, #1349 ) ;
#1178 = ORIENTED_EDGE ( 'NONE', *, *, #432, .T. ) ;
#1179 = CARTESIAN_POINT ( 'NONE',  ( -8.997324953807245507, 84.18115574040302818, 195.1929882646495287 ) ) ;
#1180 = EDGE_CURVE ( 'NONE', #85, #1456, #666, .T. ) ;
#1181 = ORIENTED_EDGE ( 'NONE', *, *, #1706, .T. ) ;
#1182 = DIRECTION ( 'NONE',  ( 0.000000000000000000, 0.8663472533134654041, -0.4994421254522030673 ) ) ;
#1183 = ORIENTED_EDGE ( 'NONE', *, *, #1560, .T. ) ;
#1184 = VECTOR ( 'NONE', #1546, 1000.000000000000227 ) ;
#1185 = PLANE ( 'NONE',  #1218 ) ;
#1186 = CARTESIAN_POINT ( 'NONE',  ( -29.51075530356047594, 101.7686264804338663, 201.0337283780334019 ) ) ;
#1187 = AXIS2_PLACEMENT_3D ( 'NONE', #388, #534, #379 ) ;
#1188 = VECTOR ( 'NONE', #1402, 1000.000000000000114 ) ;
#1189 = DIRECTION ( 'NONE',  ( 1.000000000000000000, 0.000000000000000000, 0.000000000000000000 ) ) ;
#1190 = ORIENTED_EDGE ( 'NONE', *, *, #811, .T. ) ;
#1191 = CARTESIAN_POINT ( 'NONE',  ( 55.33174369112109048, 83.73906962223038875, 19.73076218727290154 ) ) ;
#1192 = FACE_OUTER_BOUND ( 'NONE', #473, .T. ) ;
#1193 = EDGE_CURVE ( 'NONE', #47, #327, #1767, .T. ) ;
#1194 = DIRECTION ( 'NONE',  ( -0.06517644223580533469, 0.09392288401375646634, 0.9934437695390823109 ) ) ;
#1195 = VERTEX_POINT ( 'NONE', #91 ) ;
#1196 = PLANE ( 'NONE',  #1247 ) ;
#1197 = CARTESIAN_POINT ( 'NONE',  ( 132.2171337614346385, 130.4365937363444345, 142.0046766526781425 ) ) ;
#1198 = DIRECTION ( 'NONE',  ( 0.9916520032259169559, 0.1047770513478570309, -0.07515366929747709090 ) ) ;
#1199 = ORIENTED_EDGE ( 'NONE', *, *, #122, .F. ) ;
#1200 = CARTESIAN_POINT ( 'NONE',  ( 1.200696320885230151, 26.59944653261349856, 300.0000000000000000 ) ) ;
#1201 = CARTESIAN_POINT ( 'NONE',  ( 132.9601476349478162, 132.9476153263995286, 140.9828371463724181 ) ) ;
#1202 = CARTESIAN_POINT ( 'NONE',  ( 10.26447542640733523, 77.30482645659672869, 311.9643296041198255 ) ) ;
#1203 = ORIENTED_EDGE ( 'NONE', *, *, #1012, .T. ) ;
#1204 = CARTESIAN_POINT ( 'NONE',  ( 97.87601497760924474, 97.87451469389952763, 105.7834055442567944 ) ) ;
#1205 = LINE ( 'NONE', #763, #1219 ) ;
#1206 = CARTESIAN_POINT ( 'NONE',  ( -13.54996967074590053, 20.13690908864820273, 100.0000000000000000 ) ) ;
#1207 = ORIENTED_EDGE ( 'NONE', *, *, #821, .T. ) ;
#1208 = EDGE_LOOP ( 'NONE', ( #350, #882, #208, #1039 ) ) ;
#1209 = FACE_OUTER_BOUND ( 'NONE', #1717, .T. ) ;
#1210 = ORIENTED_EDGE ( 'NONE', *, *, #384, .T. ) ;
#1211 = CARTESIAN_POINT ( 'NONE',  ( 130.4493934179212999, 132.2043872273481213, 142.0051777320222186 ) ) ;
#1212 = CARTESIAN_POINT ( 'NONE',  ( -14.13438220036869986, 88.34724807814730241, 73.33333333333328596 ) ) ;
#1213 = EDGE_CURVE ( 'NONE', #1011, #1597, #1621, .T. ) ;
#1214 = PLANE ( 'NONE',  #1745 ) ;
#1215 = VECTOR ( 'NONE', #1561, 1000.000000000000114 ) ;
#1216 = ORIENTED_EDGE ( 'NONE', *, *, #1417, .T. ) ;
#1217 = EDGE_CURVE ( 'NONE', #790, #752, #1500, .T. ) ;
#1218 = AXIS2_PLACEMENT_3D ( 'NONE', #1204, #333, #616 ) ;
#1219 = VECTOR ( 'NONE', #61, 1000.000000000000227 ) ;
#1220 = DIRECTION ( 'NONE',  ( 0.05847849756571832369, -0.1629430163549493438, -0.9849009283900623801 ) ) ;
#1221 = VECTOR ( 'NONE', #552, 1000.000000000000000 ) ;
#1222 = DIRECTION ( 'NONE',  ( 0.6522914779139880048, -0.6036752785395986809, 0.4583579233753062310 ) ) ;
#1223 = ORIENTED_EDGE ( 'NONE', *, *, #1377, .T. ) ;
#1224 = CARTESIAN_POINT ( 'NONE',  ( 79.95142616474920771, -5.270551628578729719, 19.73076218727290154 ) ) ;
#1225 = CARTESIAN_POINT ( 'NONE',  ( -13.00000000000000000, 19.61522368914979708, 60.00000000000000000 ) ) ;
#1226 = DIRECTION ( 'NONE',  ( 9.854394224524439644E-17, -1.000000000000000000, 0.000000000000000000 ) ) ;
#1227 = EDGE_CURVE ( 'NONE', #1605, #557, #1347, .T. ) ;
#1228 = ORIENTED_EDGE ( 'NONE', *, *, #1664, .F. ) ;
#1229 = EDGE_CURVE ( 'NONE', #1542, #1059, #243, .T. ) ;
#1230 = CARTESIAN_POINT ( 'NONE',  ( -39.61394979357586976, 54.56723729288390956, 146.3661266505439187 ) ) ;
#1231 = CARTESIAN_POINT ( 'NONE',  ( -5.270551628578680869, 22.81686603425509929, 19.73076218727290154 ) ) ;
#1232 = EDGE_LOOP ( 'NONE', ( #966, #1443, #84, #413 ) ) ;
#1233 = LINE ( 'NONE', #250, #482 ) ;
#1234 = DIRECTION ( 'NONE',  ( 1.000000000000000000, -9.854394224524439644E-17, 0.000000000000000000 ) ) ;
#1235 = B_SPLINE_CURVE_WITH_KNOTS ( 'NONE', 3,
 ( #149, #587, #1288, #712, #3, #1424 ),
 .UNSPECIFIED., .F., .F.,
 ( 4, 2, 4 ),
 ( 0.000000000000000000, 0.3363382268827050381, 1.000000000000000000 ),
 .UNSPECIFIED. ) ;
#1236 = CARTESIAN_POINT ( 'NONE',  ( 98.39423325800902376, 141.3376611054990519, 204.2571435554673656 ) ) ;
#1237 = ORIENTED_EDGE ( 'NONE', *, *, #1105, .F. ) ;
#1238 = DIRECTION ( 'NONE',  ( 0.9634864659308792767, -0.2612855714326758894, 0.05851222204911318142 ) ) ;
#1239 = EDGE_CURVE ( 'NONE', #117, #1051, #1631, .T. ) ;
#1240 = CARTESIAN_POINT ( 'NONE',  ( 5.091657777853527911, 78.33331847022252248, 272.8912528054150926 ) ) ;
#1241 = ORIENTED_EDGE ( 'NONE', *, *, #1227, .F. ) ;
#1242 = DIRECTION ( 'NONE',  ( 0.9922737978826059457, -0.09922376130103853498, 0.07448056947220500768 ) ) ;
#1243 = LINE ( 'NONE', #819, #1047 ) ;
#1244 = PLANE ( 'NONE',  #370 ) ;
#1245 = VECTOR ( 'NONE', #1006, 1000.000000000000000 ) ;
#1246 = CARTESIAN_POINT ( 'NONE',  ( 125.9473108243310833, 130.6839648790221418, 146.9112621110650707 ) ) ;
#1247 = AXIS2_PLACEMENT_3D ( 'NONE', #1079, #414, #1095 ) ;
#1248 = CARTESIAN_POINT ( 'NONE',  ( 21.02194059730500086, -9.603884961912019236, 39.73076218727289444 ) ) ;
#1249 = AXIS2_PLACEMENT_3D ( 'NONE', #1572, #26, #317 ) ;
#1250 = ADVANCED_FACE ( 'NONE', ( #373 ), #1214, .F. ) ;
#1251 = ORIENTED_EDGE ( 'NONE', *, *, #1352, .F. ) ;
#1252 = CARTESIAN_POINT ( 'NONE',  ( -35.18961817720298768, 51.49279107334967875, 193.0222599047551171 ) ) ;
#1253 = CARTESIAN_POINT ( 'NONE',  ( 102.5000015273689939, 102.5000015273689939, 100.0000000000000000 ) ) ;
#1254 = B_SPLINE_SURFACE_WITH_KNOTS ( 'NONE', 3, 3, ( 
 ( #135, #1224, #827, #1782 ),
 ( #1505, #449, #23, #1705 ),
 ( #862, #578, #30, #302 ),
 ( #1404, #853, #323, #594 ) ),
 .UNSPECIFIED., .F., .F., .F.,
 ( 4, 4 ),
 ( 4, 4 ),
 ( 0.000000000000000000, 1.000000000000000000 ),
 ( 0.000000000000000000, 1.000000000000000000 ),
 .UNSPECIFIED. ) ;
#1255 = LINE ( 'NONE', #1673, #457 ) ;
#1256 = UNCERTAINTY_MEASURE_WITH_UNIT (LENGTH_MEASURE( 1.000000000000000082E-05 ), #48, 'distance_accuracy_value', 'NONE');
#1257 = CARTESIAN_POINT ( 'NONE',  ( 78.04667126856574555, 4.612872032687176826, 299.1016336424051474 ) ) ;
#1258 = CARTESIAN_POINT ( 'NONE',  ( 0.000000000000000000, 75.00000000000000000, 0.000000000000000000 ) ) ;
#1259 = ORIENTED_EDGE ( 'NONE', *, *, #1271, .F. ) ;
#1260 = LINE ( 'NONE', #880, #1482 ) ;
#1261 = CARTESIAN_POINT ( 'NONE',  ( 19.61522368914979708, -13.00000000000000000, 60.00000000000000000 ) ) ;
#1262 = FACE_OUTER_BOUND ( 'NONE', #935, .T. ) ;
#1263 = CARTESIAN_POINT ( 'NONE',  ( -21.40800204216703406, 102.8579214501880728, 254.2702383409914262 ) ) ;
#1264 = DIRECTION ( 'NONE',  ( 0.000000000000000000, -1.000000000000000000, 0.000000000000000000 ) ) ;
#1265 = ORIENTED_EDGE ( 'NONE', *, *, #1364, .F. ) ;
#1266 = DIRECTION ( 'NONE',  ( 0.1059651055139485820, -0.9943698489060384116, 0.000000000000000000 ) ) ;
#1267 = VERTEX_POINT ( 'NONE', #363 ) ;
#1268 = LINE ( 'NONE', #1415, #422 ) ;
#1269 = LINE ( 'NONE', #1554, #719 ) ;
#1270 = EDGE_CURVE ( 'NONE', #356, #85, #905, .T. ) ;
#1271 = EDGE_CURVE ( 'NONE', #327, #201, #1758, .T. ) ;
#1272 = FACE_OUTER_BOUND ( 'NONE', #1002, .T. ) ;
#1273 = AXIS2_PLACEMENT_3D ( 'NONE', #1308, #316, #875 ) ;
#1274 = FACE_OUTER_BOUND ( 'NONE', #431, .T. ) ;
#1275 = EDGE_LOOP ( 'NONE', ( #1278, #286, #737, #498, #360 ) ) ;
#1276 = VECTOR ( 'NONE', #623, 1000.000000000000114 ) ;
#1277 = LINE ( 'NONE', #983, #338 ) ;
#1278 = ORIENTED_EDGE ( 'NONE', *, *, #856, .T. ) ;
#1279 = VECTOR ( 'NONE', #510, 1000.000000000000227 ) ;
#1280 = B_SPLINE_CURVE_WITH_KNOTS ( 'NONE', 3,
 ( #44, #16, #986, #609, #1168, #288 ),
 .UNSPECIFIED., .F., .F.,
 ( 4, 2, 4 ),
 ( 0.000000000000000000, 0.3363382268827050381, 1.000000000000000000 ),
 .UNSPECIFIED. ) ;
#1281 = CARTESIAN_POINT ( 'NONE',  ( -9.603884961912010354, 84.02238145734200714, 39.73076218727289444 ) ) ;
#1282 = VECTOR ( 'NONE', #1122, 1000.000000000000114 ) ;
#1283 = CARTESIAN_POINT ( 'NONE',  ( 25.00000000000000000, 0.000000000000000000, 0.000000000000000000 ) ) ;
#1284 = EDGE_CURVE ( 'NONE', #802, #602, #1325, .T. ) ;
#1285 = CARTESIAN_POINT ( 'NONE',  ( 53.85908050684474091, -8.795611161346448270, 180.1812092547737905 ) ) ;
#1286 = PLANE ( 'NONE',  #633 ) ;
#1287 = ORIENTED_EDGE ( 'NONE', *, *, #54, .F. ) ;
#1288 = CARTESIAN_POINT ( 'NONE',  ( 83.67580330497311536, 83.67580330497311536, 13.30287623577840073 ) ) ;
#1289 = ORIENTED_EDGE ( 'NONE', *, *, #274, .T. ) ;
#1290 = CARTESIAN_POINT ( 'NONE',  ( 77.43343715685220729, -1.037341702972889967, 300.0000000000000000 ) ) ;
#1291 = DIRECTION ( 'NONE',  ( 0.09420250872368764183, -0.06546085870787768379, 0.9933985923723622768 ) ) ;
#1292 = CARTESIAN_POINT ( 'NONE',  ( 132.9601476349478162, 132.9476153263995286, 140.9828371463724181 ) ) ;
#1293 = ADVANCED_FACE ( 'NONE', ( #785 ), #656, .T. ) ;
#1294 = LINE ( 'NONE', #1540, #159 ) ;
#1295 = VERTEX_POINT ( 'NONE', #381 ) ;
#1296 = ADVANCED_FACE ( 'NONE', ( #801 ), #1365, .F. ) ;
#1297 = CARTESIAN_POINT ( 'NONE',  ( 77.43343715685220729, -1.037341702972889967, 300.0000000000000000 ) ) ;
#1298 = EDGE_LOOP ( 'NONE', ( #1303, #1259, #1714, #1360, #484 ) ) ;
#1299 = LINE ( 'NONE', #857, #893 ) ;
#1300 = CARTESIAN_POINT ( 'NONE',  ( 53.18809876083761878, -33.48795055187638781, 189.7908406102014283 ) ) ;
#1301 = ORIENTED_EDGE ( 'NONE', *, *, #1787, .T. ) ;
#1302 = LINE ( 'NONE', #298, #1332 ) ;
#1303 = ORIENTED_EDGE ( 'NONE', *, *, #1634, .F. ) ;
#1304 = LINE ( 'NONE', #487, #128 ) ;
#1305 = EDGE_CURVE ( 'NONE', #244, #650, #648, .T. ) ;
#1306 = VERTEX_POINT ( 'NONE', #458 ) ;
#1307 = AXIS2_PLACEMENT_3D ( 'NONE', #760, #1321, #1469 ) ;
#1308 = CARTESIAN_POINT ( 'NONE',  ( 75.00000000000000000, 8.881784197001249168E-15, 0.000000000000000000 ) ) ;
#1309 = EDGE_CURVE ( 'NONE', #752, #244, #1019, .T. ) ;
#1310 = CARTESIAN_POINT ( 'NONE',  ( 96.32982402999819271, 61.24945422157329489, 86.66666666666669983 ) ) ;
#1311 = VECTOR ( 'NONE', #1562, 1000.000000000000114 ) ;
#1312 = EDGE_LOOP ( 'NONE', ( #1203, #750, #1532, #1147, #1729 ) ) ;
#1313 = PRESENTATION_STYLE_ASSIGNMENT (( #758 ) ) ;
#1314 = VERTEX_POINT ( 'NONE', #914 ) ;
#1315 = CARTESIAN_POINT ( 'NONE',  ( 1.200696320885230151, 26.59944653261349856, 300.0000000000000000 ) ) ;
#1316 = VERTEX_POINT ( 'NONE', #1474 ) ;
#1317 = DIRECTION ( 'NONE',  ( 0.9630742261347235988, 0.002411541615458458621, 0.2692252206277117033 ) ) ;
#1318 = FACE_OUTER_BOUND ( 'NONE', #787, .T. ) ;
#1319 = ORIENTED_EDGE ( 'NONE', *, *, #105, .T. ) ;
#1320 = ORIENTED_EDGE ( 'NONE', *, *, #821, .F. ) ;
#1321 = DIRECTION ( 'NONE',  ( 0.8353154545215769611, -0.5163124085265988761, -0.1888639410763044701 ) ) ;
#1322 = ORIENTED_EDGE ( 'NONE', *, *, #242, .T. ) ;
#1323 = CARTESIAN_POINT ( 'NONE',  ( -28.88371745857783779, 102.1626010408108982, 203.9745352780599319 ) ) ;
#1324 = DIRECTION ( 'NONE',  ( 0.01412980342121314924, 0.09148082850124075738, 0.9957065866368487450 ) ) ;
#1325 = LINE ( 'NONE', #492, #808 ) ;
#1326 = ADVANCED_FACE ( 'NONE', ( #774 ), #73, .T. ) ;
#1327 = VERTEX_POINT ( 'NONE', #1535 ) ;
#1328 = DIRECTION ( 'NONE',  ( 0.5602919210202665923, -0.006430384957660126473, 0.8282702538354952404 ) ) ;
#1329 = ORIENTED_EDGE ( 'NONE', *, *, #764, .F. ) ;
#1330 = DIRECTION ( 'NONE',  ( 0.7071067811865480168, -0.7071067811865470176, 0.000000000000000000 ) ) ;
#1331 = ORIENTED_EDGE ( 'NONE', *, *, #1004, .F. ) ;
#1332 = VECTOR ( 'NONE', #1153, 1000.000000000000000 ) ;
#1333 = DIRECTION ( 'NONE',  ( -0.07738805134105163075, 0.06724183316398972543, -0.9947309311479064498 ) ) ;
#1334 = DIRECTION ( 'NONE',  ( -0.7051263942166731136, -0.7051263942166727805, 0.07478994824163420763 ) ) ;
#1335 = VECTOR ( 'NONE', #1498, 1000.000000000000114 ) ;
#1336 = AXIS2_PLACEMENT_3D ( 'NONE', #1611, #355, #83 ) ;
#1337 = CARTESIAN_POINT ( 'NONE',  ( 31.74242355600747345, -7.715019769352153389, 179.0724374862445245 ) ) ;
#1338 = ORIENTED_EDGE ( 'NONE', *, *, #1004, .T. ) ;
#1339 = DIRECTION ( 'NONE',  ( -0.1143900656407112748, -0.4992390216731257824, 0.8588802664641760343 ) ) ;
#1340 = EDGE_CURVE ( 'NONE', #1327, #342, #528, .T. ) ;
#1341 = ADVANCED_BREP_SHAPE_REPRESENTATION ( '\X2\9c7c5934\X0\Gen1', ( #301, #283 ), #427 ) ;
#1342 = VERTEX_POINT ( 'NONE', #1096 ) ;
#1343 = DIRECTION ( 'NONE',  ( 0.4383055656291319213, -0.02391659071669019823, 0.8985077783898239856 ) ) ;
#1344 = ORIENTED_EDGE ( 'NONE', *, *, #1116, .T. ) ;
#1345 = LINE ( 'NONE', #361, #953 ) ;
#1346 = CARTESIAN_POINT ( 'NONE',  ( -13.81736254143979892, 65.49453832620349658, 73.33333333333328596 ) ) ;
#1347 = LINE ( 'NONE', #1465, #70 ) ;
#1348 = ORIENTED_EDGE ( 'NONE', *, *, #56, .T. ) ;
#1349 = PRODUCT_DEFINITION_CONTEXT ( 'detailed design', #1784, 'design' ) ;
#1350 = ORIENTED_EDGE ( 'NONE', *, *, #46, .T. ) ;
#1351 = DIRECTION ( 'NONE',  ( 0.5180787088471587865, -0.7067998878851833311, 0.4816932321766138614 ) ) ;
#1352 = EDGE_CURVE ( 'NONE', #990, #1605, #951, .T. ) ;
#1353 = ORIENTED_EDGE ( 'NONE', *, *, #1217, .T. ) ;
#1354 = CARTESIAN_POINT ( 'NONE',  ( -10.00369091706634173, 79.97966352939569390, 179.5197823917810069 ) ) ;
#1355 = DIRECTION ( 'NONE',  ( 0.7051263942166730025, 0.7051263942166728915, -0.07478994824163422150 ) ) ;
#1356 = CARTESIAN_POINT ( 'NONE',  ( 56.04500843721007186, -37.60491654398910555, 146.2447521652424882 ) ) ;
#1357 = ORIENTED_EDGE ( 'NONE', *, *, #467, .T. ) ;
#1358 = FACE_OUTER_BOUND ( 'NONE', #1771, .T. ) ;
#1359 = CARTESIAN_POINT ( 'NONE',  ( 16.66666666666669627, 8.333333333333330373, 0.000000000000000000 ) ) ;
#1360 = ORIENTED_EDGE ( 'NONE', *, *, #509, .T. ) ;
#1361 = EDGE_CURVE ( 'NONE', #1372, #1446, #1508, .T. ) ;
#1362 = LINE ( 'NONE', #97, #1743 ) ;
#1363 = DIRECTION ( 'NONE',  ( -0.03177105942365100744, -0.6394765375006978836, -0.7681538633432870578 ) ) ;
#1364 = EDGE_CURVE ( 'NONE', #1477, #742, #1813, .T. ) ;
#1365 = PLANE ( 'NONE',  #1336 ) ;
#1366 = VECTOR ( 'NONE', #423, 1000.000000000000000 ) ;
#1367 = ORIENTED_EDGE ( 'NONE', *, *, #611, .F. ) ;
#1368 = VECTOR ( 'NONE', #1726, 1000.000000000000114 ) ;
#1369 = VECTOR ( 'NONE', #560, 1000.000000000000227 ) ;
#1370 = LINE ( 'NONE', #1257, #833 ) ;
#1371 = DIRECTION ( 'NONE',  ( 0.6002974979769842845, -0.5374800767336209706, 0.5922483271711230790 ) ) ;
#1372 = VERTEX_POINT ( 'NONE', #1657 ) ;
#1373 = LINE ( 'NONE', #799, #1538 ) ;
#1374 = LINE ( 'NONE', #1113, #1514 ) ;
#1375 = CARTESIAN_POINT ( 'NONE',  ( -14.99112776103610223, 60.22302343331382701, 103.9797882180665027 ) ) ;
#1376 = EDGE_LOOP ( 'NONE', ( #734, #1760, #1521, #1350, #580 ) ) ;
#1377 = EDGE_CURVE ( 'NONE', #910, #1342, #120, .T. ) ;
#1378 = PLANE ( 'NONE',  #1098 ) ;
#1379 = CARTESIAN_POINT ( 'NONE',  ( 61.81565349204235105, -29.01884823795997193, 149.3621644045536812 ) ) ;
#1380 = ORIENTED_EDGE ( 'NONE', *, *, #254, .F. ) ;
#1381 = CARTESIAN_POINT ( 'NONE',  ( -0.8435517563479780767, 77.09641013045990121, 300.0000000000000000 ) ) ;
#1382 = CARTESIAN_POINT ( 'NONE',  ( 58.26248240197590178, 91.66677102790208664, 60.00000000000000000 ) ) ;
#1383 = CARTESIAN_POINT ( 'NONE',  ( 85.81371466439308904, 85.75752652077569849, 300.0000000000000000 ) ) ;
#1384 = B_SPLINE_SURFACE_WITH_KNOTS ( 'NONE', 3, 3, ( 
 ( #491, #933, #1212, #1735 ),
 ( #372, #1053, #1346, #1610 ),
 ( #784, #82, #1672, #415 ),
 ( #1801, #544, #949, #1225 ) ),
 .UNSPECIFIED., .F., .F., .F.,
 ( 4, 4 ),
 ( 4, 4 ),
 ( 0.000000000000000000, 1.000000000000000000 ),
 ( 0.000000000000000000, 1.000000000000000000 ),
 .UNSPECIFIED. ) ;
#1385 = EDGE_CURVE ( 'NONE', #640, #585, #1115, .T. ) ;
#1386 = CARTESIAN_POINT ( 'NONE',  ( 42.97980387621090159, -13.84460357807270192, 86.66666666666669983 ) ) ;
#1387 = CARTESIAN_POINT ( 'NONE',  ( 22.81686603425509929, -5.270551628578689751, 19.73076218727290154 ) ) ;
#1388 = VERTEX_POINT ( 'NONE', #1123 ) ;
#1389 = CARTESIAN_POINT ( 'NONE',  ( -40.80116977430276393, 70.04100849708275689, 163.9006751310215861 ) ) ;
#1390 = CARTESIAN_POINT ( 'NONE',  ( -26.41466773729178996, 102.3902008843666636, 202.6572297016647610 ) ) ;
#1391 = CARTESIAN_POINT ( 'NONE',  ( 132.3236095434812967, 130.5434280569073735, 140.7284696340520895 ) ) ;
#1392 = STYLED_ITEM ( 'NONE', ( #1313 ), #301 ) ;
#1393 = CARTESIAN_POINT ( 'NONE',  ( 19.60170613825469843, -13.01476672035239979, 100.0000000000000000 ) ) ;
#1394 = AXIS2_PLACEMENT_3D ( 'NONE', #504, #889, #1182 ) ;
#1395 = CARTESIAN_POINT ( 'NONE',  ( -1.772687989449910129, 24.26572859291399809, 6.636209569111689355 ) ) ;
#1396 = VECTOR ( 'NONE', #1152, 1000.000000000000114 ) ;
#1397 = ORIENTED_EDGE ( 'NONE', *, *, #1271, .T. ) ;
#1398 = LINE ( 'NONE', #1665, #455 ) ;
#1399 = LINE ( 'NONE', #1261, #194 ) ;
#1400 = FACE_OUTER_BOUND ( 'NONE', #322, .T. ) ;
#1401 = CARTESIAN_POINT ( 'NONE',  ( 53.33576109474837779, -39.50161798519688006, 146.2463270571496139 ) ) ;
#1402 = DIRECTION ( 'NONE',  ( 0.09420250872368751693, -0.06546085870787778094, 0.9933985923723622768 ) ) ;
#1403 = ORIENTED_EDGE ( 'NONE', *, *, #1819, .F. ) ;
#1404 = CARTESIAN_POINT ( 'NONE',  ( 80.00000000000000000, 80.00000000000000000, 0.000000000000000000 ) ) ;
#1405 = ADVANCED_FACE ( 'NONE', ( #127 ), #829, .T. ) ;
#1406 = EDGE_LOOP ( 'NONE', ( #1625, #731, #21, #1033 ) ) ;
#1407 = CARTESIAN_POINT ( 'NONE',  ( 0.000000000000000000, 25.00000000000000000, 0.000000000000000000 ) ) ;
#1408 = DIRECTION ( 'NONE',  ( -0.9950424301400090377, -0.09945130577858343757, 0.000000000000000000 ) ) ;
#1409 = CARTESIAN_POINT ( 'NONE',  ( -14.86716179417371464, 58.98270390250714001, 103.8863007827644509 ) ) ;
#1410 = CARTESIAN_POINT ( 'NONE',  ( 59.23643361139561847, -0.08996125997604151325, 299.8639679786829788 ) ) ;
#1411 = VERTEX_POINT ( 'NONE', #812 ) ;
#1412 = DIRECTION ( 'NONE',  ( 0.6785629642518056226, -0.5470151869764706687, -0.4902312604913107164 ) ) ;
#1413 = ORIENTED_EDGE ( 'NONE', *, *, #1643, .T. ) ;
#1414 = EDGE_CURVE ( 'NONE', #585, #910, #401, .T. ) ;
#1415 = CARTESIAN_POINT ( 'NONE',  ( 97.87421261857100774, 96.10447154817572368, 107.5488924498378651 ) ) ;
#1416 = LINE ( 'NONE', #1134, #1630 ) ;
#1417 = EDGE_CURVE ( 'NONE', #1051, #1411, #1648, .T. ) ;
#1418 = CARTESIAN_POINT ( 'NONE',  ( 60.22061615529289469, -14.99098174013175111, 103.9584688815182716 ) ) ;
#1419 = AXIS2_PLACEMENT_3D ( 'NONE', #1230, #93, #936 ) ;
#1420 = LINE ( 'NONE', #722, #1163 ) ;
#1421 = VECTOR ( 'NONE', #1194, 1000.000000000000114 ) ;
#1422 = VERTEX_POINT ( 'NONE', #390 ) ;
#1423 = AXIS2_PLACEMENT_3D ( 'NONE', #639, #501, #145 ) ;
#1424 = CARTESIAN_POINT ( 'NONE',  ( 93.89372360296391662, 93.89372360296391662, 60.00000000000000000 ) ) ;
#1425 = ORIENTED_EDGE ( 'NONE', *, *, #1548, .F. ) ;
#1426 = VECTOR ( 'NONE', #1747, 1000.000000000000114 ) ;
#1427 = DIRECTION ( 'NONE',  ( 0.06739081685967036883, -0.07824860182470597114, -0.9946535246584434775 ) ) ;
#1428 = CARTESIAN_POINT ( 'NONE',  ( 129.6515569222636941, 131.4038641572614665, 151.5679582620383030 ) ) ;
#1429 = ADVANCED_FACE ( 'NONE', ( #673 ), #1794, .T. ) ;
#1430 = CARTESIAN_POINT ( 'NONE',  ( 26.13812618111580122, 1.662016672382889970, 300.0000000000000000 ) ) ;
#1431 = DIRECTION ( 'NONE',  ( 0.01412980342121314924, 0.09148082850124075738, 0.9957065866368487450 ) ) ;
#1432 = ORIENTED_EDGE ( 'NONE', *, *, #1116, .F. ) ;
#1433 = CARTESIAN_POINT ( 'NONE',  ( 75.00000000000000000, 0.000000000000000000, 0.000000000000000000 ) ) ;
#1434 = ORIENTED_EDGE ( 'NONE', *, *, #1284, .F. ) ;
#1435 = CARTESIAN_POINT ( 'NONE',  ( 23.68545420937829959, 86.10296515554770735, 39.73076218727289444 ) ) ;
#1436 = CARTESIAN_POINT ( 'NONE',  ( 19.61522368914979708, -13.00000000000000000, 60.00000000000000000 ) ) ;
#1437 = EDGE_LOOP ( 'NONE', ( #887, #679, #1574, #1736, #649 ) ) ;
#1438 = LINE ( 'NONE', #978, #366 ) ;
#1439 = ADVANCED_FACE ( 'NONE', ( #424 ), #1244, .T. ) ;
#1440 = ORIENTED_EDGE ( 'NONE', *, *, #689, .T. ) ;
#1441 = EDGE_CURVE ( 'NONE', #1485, #1663, #1667, .T. ) ;
#1442 = CARTESIAN_POINT ( 'NONE',  ( 83.99614671715738723, -10.32571413773368185, 180.9245331322906338 ) ) ;
#1443 = ORIENTED_EDGE ( 'NONE', *, *, #122, .T. ) ;
#1444 = CARTESIAN_POINT ( 'NONE',  ( -13.00000000000000000, 19.61522368914979708, 60.00000000000000000 ) ) ;
#1445 = LINE ( 'NONE', #1283, #603 ) ;
#1446 = VERTEX_POINT ( 'NONE', #1520 ) ;
#1447 = LINE ( 'NONE', #1592, #1157 ) ;
#1448 = ORIENTED_EDGE ( 'NONE', *, *, #923, .F. ) ;
#1449 = DIRECTION ( 'NONE',  ( 0.7031189312706368488, -0.7089464643109415487, -0.05494250840517238971 ) ) ;
#1450 = ADVANCED_FACE ( 'NONE', ( #1400 ), #693, .T. ) ;
#1451 = ORIENTED_EDGE ( 'NONE', *, *, #1170, .F. ) ;
#1452 = AXIS2_PLACEMENT_3D ( 'NONE', #1716, #992, #1679 ) ;
#1453 = CARTESIAN_POINT ( 'NONE',  ( 40.86316915627811852, 102.3046682545620456, 221.1509411188671095 ) ) ;
#1454 = PLANE ( 'NONE',  #1249 ) ;
#1455 = AXIS2_PLACEMENT_3D ( 'NONE', #353, #519, #1600 ) ;
#1456 = VERTEX_POINT ( 'NONE', #271 ) ;
#1457 = DIRECTION ( 'NONE',  ( 0.06642806927726672972, -0.08212806121062710130, -0.9944054973570278788 ) ) ;
#1458 = ORIENTED_EDGE ( 'NONE', *, *, #1464, .F. ) ;
#1459 = DIRECTION ( 'NONE',  ( 0.1624797592457765394, -0.05800414833886290145, 0.9850055058784786821 ) ) ;
#1460 = ORIENTED_EDGE ( 'NONE', *, *, #586, .F. ) ;
#1461 = EDGE_CURVE ( 'NONE', #103, #248, #1255, .T. ) ;
#1462 = DIRECTION ( 'NONE',  ( 0.06463837269306145494, -0.07811824549388916850, -0.9948464306095434750 ) ) ;
#1463 = CARTESIAN_POINT ( 'NONE',  ( 56.24139195162319993, -11.08933806657368315, 178.9527353503457050 ) ) ;
#1464 = EDGE_CURVE ( 'NONE', #588, #459, #1785, .T. ) ;
#1465 = CARTESIAN_POINT ( 'NONE',  ( 131.8467734799894231, 131.8304920793014503, 154.3276173734077190 ) ) ;
#1466 = ORIENTED_EDGE ( 'NONE', *, *, #1573, .F. ) ;
#1467 = CARTESIAN_POINT ( 'NONE',  ( -0.8435517563479780767, 77.09641013045990121, 300.0000000000000000 ) ) ;
#1468 = VERTEX_POINT ( 'NONE', #700 ) ;
#1469 = DIRECTION ( 'NONE',  ( 0.5257746355013848127, 0.8506239078837285472, 0.000000000000000000 ) ) ;
#1470 = EDGE_LOOP ( 'NONE', ( #1591, #74, #1210, #1287 ) ) ;
#1471 = DIRECTION ( 'NONE',  ( 0.9986182327452504115, -0.05255116772016382026, 0.000000000000000000 ) ) ;
#1472 = CARTESIAN_POINT ( 'NONE',  ( 101.7848374873559862, -29.59409259312943519, 200.4008557159615691 ) ) ;
#1473 = ADVANCED_FACE ( 'NONE', ( #1262 ), #1675, .F. ) ;
#1474 = CARTESIAN_POINT ( 'NONE',  ( 19.60170613825469843, -13.01476672035239979, 100.0000000000000000 ) ) ;
#1475 = ORIENTED_EDGE ( 'NONE', *, *, #1594, .T. ) ;
#1476 = CARTESIAN_POINT ( 'NONE',  ( 90.26413255195900831, 90.26413255195900831, 39.73076218727289444 ) ) ;
#1477 = VERTEX_POINT ( 'NONE', #45 ) ;
#1478 = FACE_OUTER_BOUND ( 'NONE', #1057, .T. ) ;
#1479 = EDGE_LOOP ( 'NONE', ( #405, #35, #996 ) ) ;
#1480 = DIRECTION ( 'NONE',  ( -0.9980525784828885305, -0.06237828615518063724, 0.000000000000000000 ) ) ;
#1481 = CARTESIAN_POINT ( 'NONE',  ( 97.29073809970192599, 99.04761006458907957, 138.8961058785743035 ) ) ;
#1482 = VECTOR ( 'NONE', #1817, 1000.000000000000227 ) ;
#1483 = VECTOR ( 'NONE', #1703, 999.9999999999998863 ) ;
#1484 = DIRECTION ( 'NONE',  ( -0.2058390427827530567, -0.2058390427827530567, -0.9566925195341290378 ) ) ;
#1485 = VERTEX_POINT ( 'NONE', #884 ) ;
#1486 = ADVANCED_FACE ( 'NONE', ( #1015 ), #867, .F. ) ;
#1487 = ORIENTED_EDGE ( 'NONE', *, *, #497, .F. ) ;
#1488 = DIRECTION ( 'NONE',  ( 0.7714458516446919267, 0.3070000397153049843, -0.5573349743152650193 ) ) ;
#1489 = VERTEX_POINT ( 'NONE', #599 ) ;
#1490 = FACE_OUTER_BOUND ( 'NONE', #931, .T. ) ;
#1491 = CARTESIAN_POINT ( 'NONE',  ( 104.3483476719528795, -22.64732842924721368, 256.6376302857963765 ) ) ;
#1492 = DIRECTION ( 'NONE',  ( 0.000000000000000000, 0.0007071066044098947350, -0.9999997500000937789 ) ) ;
#1493 = VERTEX_POINT ( 'NONE', #1024 ) ;
#1494 = LINE ( 'NONE', #1246, #1656 ) ;
#1495 = ADVANCED_FACE ( 'NONE', ( #1162 ), #1454, .F. ) ;
#1496 = DIRECTION ( 'NONE',  ( 0.000000000000000000, -1.000000000000000000, 0.000000000000000000 ) ) ;
#1497 = ORIENTED_EDGE ( 'NONE', *, *, #991, .T. ) ;
#1498 = DIRECTION ( 'NONE',  ( 0.1624797592457765394, -0.05800414833886290145, 0.9850055058784786821 ) ) ;
#1499 = CARTESIAN_POINT ( 'NONE',  ( 54.57610334210163217, -39.62564768682317151, 146.3394277689898786 ) ) ;
#1500 = LINE ( 'NONE', #1640, #692 ) ;
#1501 = VERTEX_POINT ( 'NONE', #1428 ) ;
#1502 = CARTESIAN_POINT ( 'NONE',  ( 104.3483476719528795, -22.64732842924721368, 256.6376302857963765 ) ) ;
#1503 = DIRECTION ( 'NONE',  ( 0.5856145949191269295, 0.000000000000000000, 0.8105896287380607301 ) ) ;
#1504 = VERTEX_POINT ( 'NONE', #876 ) ;
#1505 = CARTESIAN_POINT ( 'NONE',  ( 76.66666666666669983, 26.66666666666669983, 0.000000000000000000 ) ) ;
#1506 = CARTESIAN_POINT ( 'NONE',  ( 93.89372360296391662, 93.89372360296391662, 60.00000000000000000 ) ) ;
#1507 = VECTOR ( 'NONE', #290, 1000.000000000000114 ) ;
#1508 = LINE ( 'NONE', #1089, #1748 ) ;
#1509 = AXIS2_PLACEMENT_3D ( 'NONE', #902, #1061, #1618 ) ;
#1510 = ORIENTED_EDGE ( 'NONE', *, *, #1754, .F. ) ;
#1511 = VECTOR ( 'NONE', #1459, 1000.000000000000114 ) ;
#1512 = VECTOR ( 'NONE', #590, 999.9999999999998863 ) ;
#1513 = DIRECTION ( 'NONE',  ( -0.7071067811865474617, 0.7071067811865475727, 0.000000000000000000 ) ) ;
#1514 = VECTOR ( 'NONE', #1793, 1000.000000000000114 ) ;
#1515 = LINE ( 'NONE', #805, #982 ) ;
#1516 = ORIENTED_EDGE ( 'NONE', *, *, #869, .F. ) ;
#1517 = FACE_OUTER_BOUND ( 'NONE', #1312, .T. ) ;
#1518 =( LENGTH_UNIT ( ) NAMED_UNIT ( * ) SI_UNIT ( .MILLI., .METRE. ) );
#1519 = EDGE_CURVE ( 'NONE', #342, #295, #1701, .T. ) ;
#1520 = CARTESIAN_POINT ( 'NONE',  ( 80.19410133809695651, -10.26269347628014117, 179.0996218945905412 ) ) ;
#1521 = ORIENTED_EDGE ( 'NONE', *, *, #329, .F. ) ;
#1522 = CARTESIAN_POINT ( 'NONE',  ( 25.00000000000000000, 0.000000000000000000, 0.000000000000000000 ) ) ;
#1523 = DIRECTION ( 'NONE',  ( 0.7051263942166731136, 0.7051263942166728915, -0.07478994824163423538 ) ) ;
#1524 = ORIENTED_EDGE ( 'NONE', *, *, #573, .T. ) ;
#1525 = CARTESIAN_POINT ( 'NONE',  ( 67.21495731041892441, -6.692965717545529714, 5.047556239591719063 ) ) ;
#1526 = LINE ( 'NONE', #968, #1602 ) ;
#1527 = CARTESIAN_POINT ( 'NONE',  ( 78.75003836800630097, -15.07646860956529977, 86.67320658150956092 ) ) ;
#1528 = EDGE_CURVE ( 'NONE', #742, #1446, #744, .T. ) ;
#1529 = B_SPLINE_SURFACE_WITH_KNOTS ( 'NONE', 3, 3, ( 
 ( #14, #1129, #1140, #1690 ),
 ( #566, #724, #287, #1558 ),
 ( #1698, #1021, #441, #873 ),
 ( #1433, #172, #899, #1724 ) ),
 .UNSPECIFIED., .F., .F., .F.,
 ( 4, 4 ),
 ( 4, 4 ),
 ( 0.000000000000000000, 1.000000000000000000 ),
 ( 0.000000000000000000, 1.000000000000000000 ),
 .UNSPECIFIED. ) ;
#1530 = DIRECTION ( 'NONE',  ( -0.6035256957222993046, 0.6521796515077639134, 0.4587138942326973168 ) ) ;
#1531 = LINE ( 'NONE', #860, #1188 ) ;
#1532 = ORIENTED_EDGE ( 'NONE', *, *, #729, .T. ) ;
#1533 = CARTESIAN_POINT ( 'NONE',  ( -1.132436114137947314, 83.86632304506838409, 299.8025521048446080 ) ) ;
#1534 = CARTESIAN_POINT ( 'NONE',  ( 104.3483476719528795, -22.64732842924721368, 256.6376302857963765 ) ) ;
#1535 = CARTESIAN_POINT ( 'NONE',  ( 85.81371466439308904, 85.75752652077569849, 300.0000000000000000 ) ) ;
#1536 = VECTOR ( 'NONE', #216, 1000.000000000000114 ) ;
#1537 = DIRECTION ( 'NONE',  ( -0.4100548188029393692, 0.9120608782183832197, 0.000000000000000000 ) ) ;
#1538 = VECTOR ( 'NONE', #261, 1000.000000000000227 ) ;
#1539 = EDGE_CURVE ( 'NONE', #1723, #356, #1416, .T. ) ;
#1540 = CARTESIAN_POINT ( 'NONE',  ( 77.43343715685220729, -1.037341702972889967, 300.0000000000000000 ) ) ;
#1541 = AXIS2_PLACEMENT_3D ( 'NONE', #1619, #344, #203 ) ;
#1542 = VERTEX_POINT ( 'NONE', #1693 ) ;
#1543 = PLANE ( 'NONE',  #1452 ) ;
#1544 = LINE ( 'NONE', #726, #187 ) ;
#1545 = CARTESIAN_POINT ( 'NONE',  ( -6.968869645871876628, 69.72579126508144043, 5.255488797744350293 ) ) ;
#1546 = DIRECTION ( 'NONE',  ( 0.06642806927726674360, -0.08212806121062715681, -0.9944054973570278788 ) ) ;
#1547 = CARTESIAN_POINT ( 'NONE',  ( 83.86444471115484589, 85.57610598852602379, 299.8221824683000705 ) ) ;
#1548 = EDGE_CURVE ( 'NONE', #1768, #1082, #727, .T. ) ;
#1549 = EDGE_LOOP ( 'NONE', ( #939, #1207, #39, #895 ) ) ;
#1550 = LINE ( 'NONE', #460, #571 ) ;
#1551 = EDGE_CURVE ( 'NONE', #42, #802, #1269, .T. ) ;
#1552 = ORIENTED_EDGE ( 'NONE', *, *, #778, .F. ) ;
#1553 = DIRECTION ( 'NONE',  ( -0.6035256957222993046, 0.6521796515077639134, 0.4587138942326973168 ) ) ;
#1554 = CARTESIAN_POINT ( 'NONE',  ( -37.59320134725090412, 56.03610849321346876, 146.2712946226330644 ) ) ;
#1555 = DIRECTION ( 'NONE',  ( -0.5470151869764706687, 0.6785629642518056226, -0.4902312604913107164 ) ) ;
#1556 = LINE ( 'NONE', #710, #40 ) ;
#1557 = ORIENTED_EDGE ( 'NONE', *, *, #562, .T. ) ;
#1558 = CARTESIAN_POINT ( 'NONE',  ( 42.14777108535940187, -13.00000000000000000, 60.00000000000000000 ) ) ;
#1559 = ORIENTED_EDGE ( 'NONE', *, *, #1811, .F. ) ;
#1560 = EDGE_CURVE ( 'NONE', #1306, #1616, #436, .T. ) ;
#1561 = DIRECTION ( 'NONE',  ( -0.9950424301400089266, -0.09945130577858339593, 0.000000000000000000 ) ) ;
#1562 = DIRECTION ( 'NONE',  ( 0.09610575432375352556, 0.9953711287684922082, 0.000000000000000000 ) ) ;
#1563 = FACE_OUTER_BOUND ( 'NONE', #1275, .T. ) ;
#1564 = VECTOR ( 'NONE', #178, 999.9999999999998863 ) ;
#1565 = LINE ( 'NONE', #285, #282 ) ;
#1566 = AXIS2_PLACEMENT_3D ( 'NONE', #343, #232, #1175 ) ;
#1567 = ORIENTED_EDGE ( 'NONE', *, *, #1284, .T. ) ;
#1568 = VECTOR ( 'NONE', #409, 1000.000000000000227 ) ;
#1569 = DIRECTION ( 'NONE',  ( 0.001046636109039491723, 0.6300408000852431023, 0.7765613271215622282 ) ) ;
#1570 = VERTEX_POINT ( 'NONE', #1436 ) ;
#1571 = CARTESIAN_POINT ( 'NONE',  ( 25.03059603127119814, 81.84524789348981244, 19.73076218727290154 ) ) ;
#1572 = CARTESIAN_POINT ( 'NONE',  ( 85.81371466439308904, 85.75752652077569849, 300.0000000000000000 ) ) ;
#1573 = EDGE_CURVE ( 'NONE', #260, #602, #297, .T. ) ;
#1574 = ORIENTED_EDGE ( 'NONE', *, *, #822, .F. ) ;
#1575 = LINE ( 'NONE', #139, #1245 ) ;
#1576 = CARTESIAN_POINT ( 'NONE',  ( -13.00000000000000000, 87.21286587777859722, 60.00000000000000000 ) ) ;
#1577 = EDGE_LOOP ( 'NONE', ( #952, #703, #1301, #1425 ) ) ;
#1578 = DIRECTION ( 'NONE',  ( -0.9980525784828885305, -0.06237828615518053316, 0.000000000000000000 ) ) ;
#1579 = DIRECTION ( 'NONE',  ( 0.000000000000000000, 0.000000000000000000, 1.000000000000000000 ) ) ;
#1580 = ORIENTED_EDGE ( 'NONE', *, *, #950, .T. ) ;
#1581 = CARTESIAN_POINT ( 'NONE',  ( -5.270551628578680869, 79.95142616474920771, 19.73076218727290154 ) ) ;
#1582 = CARTESIAN_POINT ( 'NONE',  ( 93.99829752895020363, 59.75596831177460189, 73.33333333333339965 ) ) ;
#1583 = ORIENTED_EDGE ( 'NONE', *, *, #539, .T. ) ;
#1584 = LINE ( 'NONE', #776, #863 ) ;
#1585 = EDGE_CURVE ( 'NONE', #356, #1388, #1445, .T. ) ;
#1586 = EDGE_LOOP ( 'NONE', ( #826, #688, #1076, #605 ) ) ;
#1587 = LINE ( 'NONE', #1624, #1043 ) ;
#1588 = ORIENTED_EDGE ( 'NONE', *, *, #767, .F. ) ;
#1589 = PLANE ( 'NONE',  #1013 ) ;
#1590 = DIRECTION ( 'NONE',  ( -0.09345255995397368232, 0.09345255995397387661, -0.9912281463296418460 ) ) ;
#1591 = ORIENTED_EDGE ( 'NONE', *, *, #1763, .F. ) ;
#1592 = CARTESIAN_POINT ( 'NONE',  ( -29.56565023313533658, 101.7603442077801645, 200.4380880032038306 ) ) ;
#1593 = PLANE ( 'NONE',  #600 ) ;
#1594 = EDGE_CURVE ( 'NONE', #1768, #790, #582, .T. ) ;
#1595 = LINE ( 'NONE', #930, #157 ) ;
#1596 = VECTOR ( 'NONE', #738, 1000.000000000000227 ) ;
#1597 = VERTEX_POINT ( 'NONE', #1300 ) ;
#1598 = AXIS2_PLACEMENT_3D ( 'NONE', #58, #1343, #909 ) ;
#1599 = DIRECTION ( 'NONE',  ( 0.03993360567435343816, -0.6389376907896539004, 0.7682212795973760722 ) ) ;
#1600 = DIRECTION ( 'NONE',  ( -0.09176348221286333151, -0.01384481563648564881, -0.9956845807845782215 ) ) ;
#1601 = VECTOR ( 'NONE', #138, 999.9999999999998863 ) ;
#1602 = VECTOR ( 'NONE', #828, 1000.000000000000114 ) ;
#1603 = ORIENTED_EDGE ( 'NONE', *, *, #631, .T. ) ;
#1604 = CARTESIAN_POINT ( 'NONE',  ( 85.63289135097100768, 85.63289135097100768, 19.73076218727290154 ) ) ;
#1605 = VERTEX_POINT ( 'NONE', #1709 ) ;
#1606 = DIRECTION ( 'NONE',  ( -0.3131759103274763256, 0.1126902830258646737, 0.9429855509508653366 ) ) ;
#1607 = EDGE_CURVE ( 'NONE', #1759, #512, #453, .T. ) ;
#1608 = EDGE_LOOP ( 'NONE', ( #714, #1322, #1155 ) ) ;
#1609 = CARTESIAN_POINT ( 'NONE',  ( -9.937874720583408816, 82.05830157963593763, 181.5176773706180882 ) ) ;
#1610 = CARTESIAN_POINT ( 'NONE',  ( -13.00000000000000000, 64.68031848156900310, 60.00000000000000000 ) ) ;
#1611 = CARTESIAN_POINT ( 'NONE',  ( 58.98027390793964031, -14.86695203850545255, 103.8653681696780211 ) ) ;
#1612 = ORIENTED_EDGE ( 'NONE', *, *, #1105, .T. ) ;
#1613 = CARTESIAN_POINT ( 'NONE',  ( -14.27660766901380285, 58.50462746455901453, 111.0121370426187752 ) ) ;
#1614 = ORIENTED_EDGE ( 'NONE', *, *, #238, .T. ) ;
#1615 = CARTESIAN_POINT ( 'NONE',  ( 102.5000015273689939, 102.5000015273689939, 100.0000000000000000 ) ) ;
#1616 = VERTEX_POINT ( 'NONE', #1499 ) ;
#1617 = PRODUCT_RELATED_PRODUCT_CATEGORY ( 'part', '', ( #547 ) ) ;
#1618 = DIRECTION ( 'NONE',  ( 0.7071067811865475727, -0.7071067811865475727, 0.000000000000000000 ) ) ;
#1619 = CARTESIAN_POINT ( 'NONE',  ( 132.9601476349478162, 132.9476153263995286, 140.9828371463724181 ) ) ;
#1620 = ADVANCED_FACE ( 'NONE', ( #1318 ), #1765, .T. ) ;
#1621 = LINE ( 'NONE', #1356, #572 ) ;
#1622 = EDGE_LOOP ( 'NONE', ( #613, #511, #963, #448 ) ) ;
#1623 = DIRECTION ( 'NONE',  ( 0.5184338188965235128, 0.000000000000000000, -0.8551177552971092055 ) ) ;
#1624 = CARTESIAN_POINT ( 'NONE',  ( 66.83904422988503313, -19.40118607397067763, 163.6257249166888812 ) ) ;
#1625 = ORIENTED_EDGE ( 'NONE', *, *, #753, .F. ) ;
#1626 = VECTOR ( 'NONE', #964, 999.9999999999998863 ) ;
#1627 = DIRECTION ( 'NONE',  ( 0.05240398818437989881, 0.9958214125355937529, -0.07478994824163416599 ) ) ;
#1628 = FACE_OUTER_BOUND ( 'NONE', #108, .T. ) ;
#1629 = VECTOR ( 'NONE', #918, 1000.000000000000000 ) ;
#1630 = VECTOR ( 'NONE', #472, 1000.000000000000114 ) ;
#1631 = LINE ( 'NONE', #1081, #310 ) ;
#1632 = ADVANCED_FACE ( 'NONE', ( #72 ), #904, .F. ) ;
#1633 = EDGE_LOOP ( 'NONE', ( #855, #332, #645, #1466, #1704 ) ) ;
#1634 = EDGE_CURVE ( 'NONE', #201, #171, #793, .T. ) ;
#1635 = CARTESIAN_POINT ( 'NONE',  ( -8.936108475456025602, 55.07485832391167691, 180.3107521605589056 ) ) ;
#1636 = PLANE ( 'NONE',  #1775 ) ;
#1637 = ORIENTED_EDGE ( 'NONE', *, *, #1819, .T. ) ;
#1638 = PLANE ( 'NONE',  #1685 ) ;
#1639 = PLANE ( 'NONE',  #489 ) ;
#1640 = CARTESIAN_POINT ( 'NONE',  ( 102.5000015273689939, 102.5000015273689939, 100.0000000000000000 ) ) ;
#1641 = ORIENTED_EDGE ( 'NONE', *, *, #137, .T. ) ;
#1642 = FACE_OUTER_BOUND ( 'NONE', #32, .T. ) ;
#1643 = EDGE_CURVE ( 'NONE', #943, #512, #1041, .T. ) ;
#1644 = PLANE ( 'NONE',  #601 ) ;
#1645 = VERTEX_POINT ( 'NONE', #1463 ) ;
#1646 = LINE ( 'NONE', #1533, #926 ) ;
#1647 = CARTESIAN_POINT ( 'NONE',  ( 96.76248291109889976, 96.76248291109889976, 73.33333333333328596 ) ) ;
#1648 = LINE ( 'NONE', #1375, #1102 ) ;
#1649 = ORIENTED_EDGE ( 'NONE', *, *, #155, .F. ) ;
#1650 = PLANE ( 'NONE',  #454 ) ;
#1651 = CARTESIAN_POINT ( 'NONE',  ( -2.128258770283410151, 8.743482459433169041, 60.00000000000000000 ) ) ;
#1652 = EDGE_CURVE ( 'NONE', #1707, #1501, #1205, .T. ) ;
#1653 = ORIENTED_EDGE ( 'NONE', *, *, #1594, .F. ) ;
#1654 = FACE_OUTER_BOUND ( 'NONE', #747, .T. ) ;
#1655 = LINE ( 'NONE', #975, #1689 ) ;
#1656 = VECTOR ( 'NONE', #796, 1000.000000000000000 ) ;
#1657 = CARTESIAN_POINT ( 'NONE',  ( 81.96128011650516498, -6.294695707338862078, 233.1713849336956059 ) ) ;
#1658 = VECTOR ( 'NONE', #1110, 1000.000000000000114 ) ;
#1659 = ORIENTED_EDGE ( 'NONE', *, *, #294, .T. ) ;
#1660 = VECTOR ( 'NONE', #832, 999.9999999999998863 ) ;
#1661 = CARTESIAN_POINT ( 'NONE',  ( -8.963374119032936349, 55.24412039322938028, 180.0387952371366111 ) ) ;
#1662 = LINE ( 'NONE', #965, #542 ) ;
#1663 = VERTEX_POINT ( 'NONE', #1197 ) ;
#1664 = EDGE_CURVE ( 'NONE', #602, #95, #212, .T. ) ;
#1665 = CARTESIAN_POINT ( 'NONE',  ( -35.06565221034060187, 50.25247154254299176, 192.9287724694530652 ) ) ;
#1666 = CARTESIAN_POINT ( 'NONE',  ( 99.63124221923399659, 99.63124221923399659, 86.66666666666669983 ) ) ;
#1667 = LINE ( 'NONE', #1391, #101 ) ;
#1668 = CARTESIAN_POINT ( 'NONE',  ( 19.61522368914979708, -13.00000000000000000, 60.00000000000000000 ) ) ;
#1669 = CARTESIAN_POINT ( 'NONE',  ( 8.743482459433169041, -2.128258770283410151, 60.00000000000000000 ) ) ;
#1670 = ORIENTED_EDGE ( 'NONE', *, *, #1551, .T. ) ;
#1671 = FACE_OUTER_BOUND ( 'NONE', #24, .T. ) ;
#1672 = CARTESIAN_POINT ( 'NONE',  ( -13.50034288251089976, 42.64182857425970496, 73.33333333333339965 ) ) ;
#1673 = CARTESIAN_POINT ( 'NONE',  ( -21.19663105626115751, 102.8898120482800351, 256.5637305496188105 ) ) ;
#1674 = ADVANCED_FACE ( 'NONE', ( #1757 ), #89, .T. ) ;
#1675 = B_SPLINE_SURFACE_WITH_KNOTS ( 'NONE', 3, 3, ( 
 ( #6, #334, #184, #176 ),
 ( #1719, #858, #306, #1032 ),
 ( #736, #1310, #1582, #1143 ),
 ( #570, #196, #610, #326 ) ),
 .UNSPECIFIED., .F., .F., .F.,
 ( 4, 4 ),
 ( 4, 4 ),
 ( 0.000000000000000000, 1.000000000000000000 ),
 ( 0.000000000000000000, 1.000000000000000000 ),
 .UNSPECIFIED. ) ;
#1676 = CARTESIAN_POINT ( 'NONE',  ( 60.22061615529289469, -14.99098174013175111, 103.9584688815182716 ) ) ;
#1677 = CARTESIAN_POINT ( 'NONE',  ( 131.8467734799894231, 131.8304920793014503, 154.3276173734077190 ) ) ;
#1678 = ORIENTED_EDGE ( 'NONE', *, *, #1213, .T. ) ;
#1679 = DIRECTION ( 'NONE',  ( -0.9950424301400090377, -0.09945130577858343757, 0.000000000000000000 ) ) ;
#1680 = DIRECTION ( 'NONE',  ( 0.7071067811865474617, -0.7071067811865474617, 0.000000000000000000 ) ) ;
#1681 = DIRECTION ( 'NONE',  ( -0.5767781274876292441, -0.5765967625757206783, -0.5786736256639506415 ) ) ;
#1682 = ADVANCED_FACE ( 'NONE', ( #755 ), #1639, .F. ) ;
#1683 = VECTOR ( 'NONE', #1018, 1000.000000000000114 ) ;
#1684 = CARTESIAN_POINT ( 'NONE',  ( 75.00000000000000000, 8.881784197001249168E-15, 0.000000000000000000 ) ) ;
#1685 = AXIS2_PLACEMENT_3D ( 'NONE', #1381, #960, #551 ) ;
#1686 = CARTESIAN_POINT ( 'NONE',  ( 1.200696320885230151, 26.59944653261349856, 300.0000000000000000 ) ) ;
#1687 = VECTOR ( 'NONE', #1189, 1000.000000000000000 ) ;
#1688 = VERTEX_POINT ( 'NONE', #1186 ) ;
#1689 = VECTOR ( 'NONE', #1680, 1000.000000000000114 ) ;
#1690 = CARTESIAN_POINT ( 'NONE',  ( 19.61522368914979708, -13.00000000000000000, 60.00000000000000000 ) ) ;
#1691 = VERTEX_POINT ( 'NONE', #912 ) ;
#1692 = CARTESIAN_POINT ( 'NONE',  ( -5.270551628578680869, 79.95142616474920771, 19.73076218727290154 ) ) ;
#1693 = CARTESIAN_POINT ( 'NONE',  ( -35.16482498383051336, 51.24472716718840815, 193.0035624176946953 ) ) ;
#1694 = LINE ( 'NONE', #428, #1683 ) ;
#1695 = CARTESIAN_POINT ( 'NONE',  ( -3.439354656116569764, 23.57537265562550033, 13.30287623577840073 ) ) ;
#1696 = ORIENTED_EDGE ( 'NONE', *, *, #845, .F. ) ;
#1697 = EDGE_CURVE ( 'NONE', #85, #1082, #152, .T. ) ;
#1698 = CARTESIAN_POINT ( 'NONE',  ( 58.33333333333330017, 0.000000000000000000, 0.000000000000000000 ) ) ;
#1699 = ORIENTED_EDGE ( 'NONE', *, *, #354, .F. ) ;
#1700 = CARTESIAN_POINT ( 'NONE',  ( 0.000000000000000000, 58.33333333333330017, 0.000000000000000000 ) ) ;
#1701 = LINE ( 'NONE', #445, #1512 ) ;
#1702 = DIRECTION ( 'NONE',  ( 0.4099398604069351415, 0.9117071036647987903, 0.02719316047624054447 ) ) ;
#1703 = DIRECTION ( 'NONE',  ( -0.03161944380975442032, -0.4419561207981356765, -0.8964792234414724614 ) ) ;
#1704 = ORIENTED_EDGE ( 'NONE', *, *, #1050, .T. ) ;
#1705 = CARTESIAN_POINT ( 'NONE',  ( 89.43981845284039878, 22.63124120098800063, 60.00000000000000000 ) ) ;
#1706 = EDGE_CURVE ( 'NONE', #1493, #313, #233, .T. ) ;
#1707 = VERTEX_POINT ( 'NONE', #1481 ) ;
#1708 = PLANE ( 'NONE',  #247 ) ;
#1709 = CARTESIAN_POINT ( 'NONE',  ( 99.03919692160950206, 99.02754326925305861, 141.4808235550406152 ) ) ;
#1710 = DIRECTION ( 'NONE',  ( 0.1217926450498190566, 0.8934570280586252577, -0.4323205877869080727 ) ) ;
#1711 = VECTOR ( 'NONE', #1034, 1000.000000000000227 ) ;
#1712 = DIRECTION ( 'NONE',  ( -0.5911818335341315622, -0.8065383064053576190, 0.000000000000000000 ) ) ;
#1713 = VECTOR ( 'NONE', #998, 999.9999999999998863 ) ;
#1714 = ORIENTED_EDGE ( 'NONE', *, *, #1738, .T. ) ;
#1715 = VECTOR ( 'NONE', #1727, 1000.000000000000000 ) ;
#1716 = CARTESIAN_POINT ( 'NONE',  ( -6.720937712147104115, 67.24515220346805222, 5.068513927140264386 ) ) ;
#1717 = EDGE_LOOP ( 'NONE', ( #358, #761, #533, #1150 ) ) ;
#1718 = CARTESIAN_POINT ( 'NONE',  ( -35.16482498383052047, 51.24472716718841525, 193.0035624176946953 ) ) ;
#1719 = CARTESIAN_POINT ( 'NONE',  ( 94.82269953472349755, 22.98587873537490012, 100.0000000000000000 ) ) ;
#1720 = EDGE_CURVE ( 'NONE', #1082, #752, #53, .T. ) ;
#1721 = EDGE_LOOP ( 'NONE', ( #1458, #901, #705, #1348 ) ) ;
#1722 = FILL_AREA_STYLE ('',( #75 ) ) ;
#1723 = VERTEX_POINT ( 'NONE', #508 ) ;
#1724 = CARTESIAN_POINT ( 'NONE',  ( 87.21286587777859722, -13.00000000000000000, 60.00000000000000000 ) ) ;
#1725 = ORIENTED_EDGE ( 'NONE', *, *, #791, .T. ) ;
#1726 = DIRECTION ( 'NONE',  ( 0.03706265632755201961, -0.9983148152428936717, -0.04465298615426285811 ) ) ;
#1727 = DIRECTION ( 'NONE',  ( -0.9014289434294835424, 0.01494160184966793203, -0.4326691674729908899 ) ) ;
#1728 = ADVANCED_FACE ( 'NONE', ( #1628 ), #1384, .F. ) ;
#1729 = ORIENTED_EDGE ( 'NONE', *, *, #923, .T. ) ;
#1730 = EDGE_CURVE ( 'NONE', #619, #1316, #984, .T. ) ;
#1731 = ORIENTED_EDGE ( 'NONE', *, *, #1114, .T. ) ;
#1732 = LINE ( 'NONE', #359, #661 ) ;
#1733 = EDGE_LOOP ( 'NONE', ( #182, #771, #300, #199, #1320 ) ) ;
#1734 = DIRECTION ( 'NONE',  ( -0.4989989963313312682, -0.1146185276330034808, 0.8589892867687969336 ) ) ;
#1735 = CARTESIAN_POINT ( 'NONE',  ( -13.00000000000000000, 87.21286587777859722, 60.00000000000000000 ) ) ;
#1736 = ORIENTED_EDGE ( 'NONE', *, *, #229, .T. ) ;
#1737 = SURFACE_STYLE_FILL_AREA ( #1722 ) ;
#1738 = EDGE_CURVE ( 'NONE', #327, #1195, #278, .T. ) ;
#1739 = EDGE_LOOP ( 'NONE', ( #1199, #324, #215, #1403, #189, #164 ) ) ;
#1740 = VECTOR ( 'NONE', #1124, 1000.000000000000000 ) ;
#1741 = EDGE_CURVE ( 'NONE', #257, #470, #1243, .T. ) ;
#1742 = CARTESIAN_POINT ( 'NONE',  ( 62.70569956519922528, 102.1302421023003859, 210.9328364686768964 ) ) ;
#1743 = VECTOR ( 'NONE', #109, 1000.000000000000227 ) ;
#1744 = ORIENTED_EDGE ( 'NONE', *, *, #778, .T. ) ;
#1745 = AXIS2_PLACEMENT_3D ( 'NONE', #1206, #934, #1492 ) ;
#1746 = CARTESIAN_POINT ( 'NONE',  ( 90.98404853840079909, -16.77118266062210239, 100.0000000000000000 ) ) ;
#1747 = DIRECTION ( 'NONE',  ( 0.06237828615518053316, 0.9980525784828885305, 0.000000000000000000 ) ) ;
#1748 = VECTOR ( 'NONE', #256, 1000.000000000000227 ) ;
#1749 = CARTESIAN_POINT ( 'NONE',  ( 60.77582807308623813, -16.69546889938174772, 111.0737761143554678 ) ) ;
#1750 = EDGE_LOOP ( 'NONE', ( #759, #657, #1778, #1786 ) ) ;
#1751 = CARTESIAN_POINT ( 'NONE',  ( 56.97479338066859356, 88.18354885375329388, 39.73076218727289444 ) ) ;
#1752 = EDGE_LOOP ( 'NONE', ( #1329, #1641, #1094 ) ) ;
#1753 = CARTESIAN_POINT ( 'NONE',  ( 32.54057952622995487, 71.92259400136491365, 28.50021383118912865 ) ) ;
#1754 = EDGE_CURVE ( 'NONE', #1616, #47, #699, .T. ) ;
#1755 = ORIENTED_EDGE ( 'NONE', *, *, #1136, .F. ) ;
#1756 = CARTESIAN_POINT ( 'NONE',  ( 102.5855316864112012, -24.41014441478889552, 256.8246051564004233 ) ) ;
#1757 = FACE_OUTER_BOUND ( 'NONE', #1549, .T. ) ;
#1758 = LINE ( 'NONE', #1337, #957 ) ;
#1759 = VERTEX_POINT ( 'NONE', #1534 ) ;
#1760 = ORIENTED_EDGE ( 'NONE', *, *, #1741, .T. ) ;
#1761 = DIRECTION ( 'NONE',  ( -0.4174389231656659982, -0.4307660453174206872, 0.8001158413804084768 ) ) ;
#1762 = VERTEX_POINT ( 'NONE', #1783 ) ;
#1763 = EDGE_CURVE ( 'NONE', #1295, #1316, #1655, .T. ) ;
#1764 = PLANE ( 'NONE',  #713 ) ;
#1765 = PLANE ( 'NONE',  #1541 ) ;
#1766 = EDGE_CURVE ( 'NONE', #1059, #330, #672, .T. ) ;
#1767 = LINE ( 'NONE', #226, #868 ) ;
#1768 = VERTEX_POINT ( 'NONE', #527 ) ;
#1769 = ORIENTED_EDGE ( 'NONE', *, *, #1720, .T. ) ;
#1770 = CARTESIAN_POINT ( 'NONE',  ( 10.81333207756600068, 0.6047235578270140355, 39.73076218727289444 ) ) ;
#1771 = EDGE_LOOP ( 'NONE', ( #536, #973, #1516, #652, #1020 ) ) ;
#1772 = VECTOR ( 'NONE', #743, 1000.000000000000114 ) ;
#1773 = PLANE ( 'NONE',  #281 ) ;
#1774 = DIRECTION ( 'NONE',  ( 0.9944636891373715981, -0.1050807831493894839, 0.000000000000000000 ) ) ;
#1775 = AXIS2_PLACEMENT_3D ( 'NONE', #825, #1523, #797 ) ;
#1776 = VECTOR ( 'NONE', #280, 1000.000000000000000 ) ;
#1777 = DIRECTION ( 'NONE',  ( -0.1050742049714656762, 0.9944643842036851034, 0.000000000000000000 ) ) ;
#1778 = ORIENTED_EDGE ( 'NONE', *, *, #1441, .T. ) ;
#1779 = FACE_OUTER_BOUND ( 'NONE', #1577, .T. ) ;
#1780 = LINE ( 'NONE', #1240, #68 ) ;
#1781 = ORIENTED_EDGE ( 'NONE', *, *, #644, .T. ) ;
#1782 = CARTESIAN_POINT ( 'NONE',  ( 87.21286587777869670, -13.00000000000000000, 60.00000000000000000 ) ) ;
#1783 = CARTESIAN_POINT ( 'NONE',  ( 50.27467282933507420, -35.09041927220022927, 192.9045821101298941 ) ) ;
#1784 = APPLICATION_CONTEXT ( 'automotive_design' ) ;
#1785 = LINE ( 'NONE', #976, #1601 ) ;
#1786 = ORIENTED_EDGE ( 'NONE', *, *, #31, .T. ) ;
#1787 = EDGE_CURVE ( 'NONE', #1570, #1082, #1399, .T. ) ;
#1788 = CARTESIAN_POINT ( 'NONE',  ( 87.21286587777869670, -13.00000000000000000, 60.00000000000000000 ) ) ;
#1789 = ADVANCED_FACE ( 'NONE', ( #241 ), #1107, .F. ) ;
#1790 = DIRECTION ( 'NONE',  ( 0.8065362348577385099, 0.5911846596973764356, 0.000000000000000000 ) ) ;
#1791 = ORIENTED_EDGE ( 'NONE', *, *, #1560, .F. ) ;
#1792 = LINE ( 'NONE', #526, #894 ) ;
#1793 = DIRECTION ( 'NONE',  ( -0.7310402943628174777, -0.5759043659123709302, 0.3659429591357035161 ) ) ;
#1794 = PLANE ( 'NONE',  #779 ) ;
#1795 = ORIENTED_EDGE ( 'NONE', *, *, #1385, .F. ) ;
#1796 = DIRECTION ( 'NONE',  ( 0.2617340023342051292, 0.9651400478801602789, 0.000000000000000000 ) ) ;
#1797 = EDGE_CURVE ( 'NONE', #1327, #1605, #1526, .T. ) ;
#1798 = LINE ( 'NONE', #116, #1100 ) ;
#1799 = ORIENTED_EDGE ( 'NONE', *, *, #1664, .T. ) ;
#1800 = CARTESIAN_POINT ( 'NONE',  ( 26.13812618111580122, 1.662016672382889970, 300.0000000000000000 ) ) ;
#1801 = CARTESIAN_POINT ( 'NONE',  ( -13.54996967074590053, 20.13690908864820273, 100.0000000000000000 ) ) ;
#1802 = AXIS2_PLACEMENT_3D ( 'NONE', #1676, #168, #1537 ) ;
#1803 = DIRECTION ( 'NONE',  ( 0.1332666416085436234, 0.8473602826325252746, 0.5140238843198892127 ) ) ;
#1804 = VECTOR ( 'NONE', #88, 1000.000000000000000 ) ;
#1805 = AXIS2_PLACEMENT_3D ( 'NONE', #1545, #111, #1408 ) ;
#1806 = LINE ( 'NONE', #944, #1626 ) ;
#1807 = CARTESIAN_POINT ( 'NONE',  ( 103.5476534728976645, -27.83127660758775335, 200.2138808453574654 ) ) ;
#1808 = EDGE_CURVE ( 'NONE', #1171, #1306, #800, .T. ) ;
#1809 = ORIENTED_EDGE ( 'NONE', *, *, #1385, .T. ) ;
#1810 = CARTESIAN_POINT ( 'NONE',  ( 79.51576891796246116, 0.5194152532333289329, 274.3589384806419957 ) ) ;
#1811 = EDGE_CURVE ( 'NONE', #1493, #103, #251, .T. ) ;
#1812 = CARTESIAN_POINT ( 'NONE',  ( 26.13812618111580122, 1.662016672382889970, 300.0000000000000000 ) ) ;
#1813 = LINE ( 'NONE', #1820, #1568 ) ;
#1814 = DIRECTION ( 'NONE',  ( 0.07738805134105149197, -0.06724183316399004462, 0.9947309311479064498 ) ) ;
#1815 = PLANE ( 'NONE',  #1159 ) ;
#1816 = ORIENTED_EDGE ( 'NONE', *, *, #767, .T. ) ;
#1817 = DIRECTION ( 'NONE',  ( 0.06642806927726674360, -0.08212806121062715681, -0.9944054973570278788 ) ) ;
#1818 = CARTESIAN_POINT ( 'NONE',  ( -5.544873282229427325, 122.8953048103709875, 262.0675570140581385 ) ) ;
#1819 = EDGE_CURVE ( 'NONE', #42, #260, #1374, .T. ) ;
#1820 = CARTESIAN_POINT ( 'NONE',  ( 87.82999339359727742, -1.717250045448053264, 298.2317640415733990 ) ) ;
#1821 = CARTESIAN_POINT ( 'NONE',  ( -0.8435517563479780767, 77.09641013045990121, 300.0000000000000000 ) ) ;
ENDSEC;
END-ISO-10303-21;
